Source,Target,Weight
0,12898,1.0
0,10356,1.0
0,15091,1.0
0,17930,1.0
1,7591,1.0
1,6558,1.0
1,18355,1.0
2,14405,1.0
2,30339,1.0
2,35930,1.0
3,19902,1.0
3,1603,1.0
3,10917,1.0
4,28467,1.0
4,36001,1.0
4,12763,1.0
4,3706,1.0
5,6,1.0
5,14514,1.0
5,7002,1.0
5,6881,1.0
7,3537,1.0
7,15664,1.0
7,21780,1.0
8,18270,1.0
8,5180,1.0
8,33618,1.0
9,5781,1.0
9,964,1.0
9,16116,1.0
9,23195,1.0
10,6415,1.0
10,13605,1.0
10,11546,1.0
11,17,1.0
11,14291,1.0
11,14427,1.0
12,11677,1.0
13,8994,1.0
13,12589,1.0
13,8823,1.0
14,8818,1.0
14,9358,1.0
14,2439,1.0
15,19561,1.0
16,20455,1.0
16,539,1.0
16,2303,1.0
17,11092,1.0
17,2548,1.0
18,19824,1.0
19,6469,1.0
20,2008,1.0
20,3470,1.0
20,10431,1.0
21,6475,1.0
21,5327,1.0
21,770,1.0
22,23,1.0
23,759,1.0
23,3720,1.0
24,25,1.0
24,34630,1.0
24,36447,1.0
25,7806,1.0
25,37446,1.0
25,17255,1.0
26,6331,1.0
27,545,1.0
27,1810,1.0
27,948,1.0
28,5514,1.0
28,9191,1.0
28,13658,1.0
28,8128,1.0
29,13138,1.0
30,31,1.0
30,848,1.0
30,11027,1.0
32,4643,1.0
32,26698,1.0
32,27989,1.0
33,9321,1.0
33,6561,1.0
33,4181,1.0
33,13651,1.0
34,35,1.0
35,13555,1.0
35,11879,1.0
36,1581,1.0
36,15014,1.0
36,8427,1.0
36,21634,1.0
37,3001,1.0
38,17055,1.0
38,12796,1.0
38,27178,1.0
39,16658,1.0
39,9252,1.0
39,10059,1.0
39,25537,1.0
40,15528,1.0
40,16454,1.0
40,25711,1.0
41,444,1.0
41,1778,1.0
41,36074,1.0
42,4019,1.0
43,19017,1.0
44,9927,1.0
44,2253,1.0
44,2540,1.0
44,10510,1.0
45,10072,1.0
46,30799,1.0
47,15437,1.0
47,17137,1.0
47,17790,1.0
47,37334,1.0
48,3071,1.0
48,4283,1.0
48,3258,1.0
49,1541,1.0
49,3150,1.0
49,7763,1.0
50,7838,1.0
51,4003,1.0
51,13126,1.0
51,16093,1.0
52,12065,1.0
53,6210,1.0
53,24377,1.0
53,9818,1.0
54,4895,1.0
54,11139,1.0
54,22286,1.0
55,2538,1.0
56,57,1.0
56,6773,1.0
56,16473,1.0
57,11465,1.0
57,29790,1.0
58,24541,1.0
59,8164,1.0
59,28207,1.0
59,4303,1.0
60,9514,1.0
61,8892,1.0
62,63,1.0
62,7512,1.0
62,37225,1.0
63,552,1.0
63,5019,1.0
63,6055,1.0
63,30963,1.0
64,21157,1.0
64,17347,1.0
64,14108,1.0
64,18558,1.0
65,25747,1.0
66,8717,1.0
66,15963,1.0
66,13034,1.0
67,68,1.0
68,69,1.0
68,14833,1.0
68,25476,1.0
68,23668,1.0
68,20732,1.0
69,20735,1.0
69,32811,1.0
69,20734,1.0
69,23924,1.0
70,2483,1.0
70,29029,1.0
70,3467,1.0
71,650,1.0
71,11805,1.0
71,26327,1.0
72,3724,1.0
73,3362,1.0
73,3671,1.0
73,3991,1.0
74,16506,1.0
74,6339,1.0
74,479,1.0
75,1269,1.0
75,7350,1.0
75,33212,1.0
75,26132,1.0
76,12536,1.0
76,4255,1.0
76,31362,1.0
77,78,1.0
77,1862,1.0
77,1751,1.0
78,347,1.0
78,13262,1.0
79,13849,1.0
79,17985,1.0
79,31714,1.0
80,81,1.0
80,7431,1.0
80,19154,1.0
81,1999,1.0
81,9121,1.0
82,83,1.0
83,1955,1.0
83,34628,1.0
84,1255,1.0
85,2831,1.0
85,16642,1.0
85,10195,1.0
86,1515,1.0
86,12194,1.0
86,18114,1.0
87,10143,1.0
87,3852,1.0
87,2700,1.0
88,3494,1.0
89,7578,1.0
90,3181,1.0
90,9712,1.0
90,29140,1.0
91,3075,1.0
91,10266,1.0
91,12543,1.0
92,3090,1.0
93,94,1.0
93,1085,1.0
93,2732,1.0
95,8930,1.0
95,2448,1.0
95,12561,1.0
96,10353,1.0
96,6857,1.0
96,3635,1.0
96,30149,1.0
97,21603,1.0
98,99,1.0
98,3376,1.0
98,5535,1.0
99,13125,1.0
99,34962,1.0
99,24863,1.0
100,4440,1.0
100,4186,1.0
100,12999,1.0
101,10435,1.0
101,8573,1.0
101,3140,1.0
102,4503,1.0
102,14254,1.0
102,6731,1.0
103,1441,1.0
104,11136,1.0
105,5467,1.0
105,6705,1.0
105,23468,1.0
106,14464,1.0
107,2121,1.0
108,13159,1.0
108,2062,1.0
108,13962,1.0
108,14433,1.0
109,12522,1.0
109,4381,1.0
109,14785,1.0
110,4869,1.0
110,590,1.0
110,10628,1.0
111,5240,1.0
111,14048,1.0
111,10245,1.0
112,10085,1.0
112,3774,1.0
112,35086,1.0
113,114,1.0
114,2108,1.0
114,36537,1.0
115,116,1.0
116,12726,1.0
116,5816,1.0
116,14357,1.0
117,10423,1.0
117,640,1.0
117,33634,1.0
118,2571,1.0
118,11653,1.0
118,31751,1.0
119,4860,1.0
119,599,1.0
119,741,1.0
119,5964,1.0
120,121,1.0
122,11749,1.0
123,15694,1.0
124,13444,1.0
124,15307,1.0
124,26436,1.0
125,7097,1.0
125,11206,1.0
125,4282,1.0
126,188,1.0
127,2409,1.0
128,5471,1.0
129,9257,1.0
130,4170,1.0
130,1205,1.0
130,27628,1.0
131,6952,1.0
131,25995,1.0
131,34778,1.0
132,133,1.0
133,13360,1.0
133,15832,1.0
134,15592,1.0
134,19204,1.0
134,14155,1.0
135,136,1.0
135,7623,1.0
135,15188,1.0
136,5573,1.0
136,25139,1.0
137,13065,1.0
138,2325,1.0
139,8435,1.0
139,33462,1.0
139,34421,1.0
139,8348,1.0
139,37142,1.0
140,13602,1.0
140,2289,1.0
140,594,1.0
141,4120,1.0
141,9254,1.0
141,23534,1.0
141,1780,1.0
142,2282,1.0
142,9189,1.0
142,7671,1.0
143,35140,1.0
144,10064,1.0
144,2491,1.0
144,17942,1.0
145,9253,1.0
145,5276,1.0
145,11371,1.0
146,776,1.0
146,3977,1.0
146,21578,1.0
147,11795,1.0
148,9731,1.0
148,5842,1.0
148,3827,1.0
149,7652,1.0
149,8518,1.0
149,14437,1.0
149,18798,1.0
150,2876,1.0
150,228,1.0
150,14585,1.0
151,7885,1.0
151,13129,1.0
151,15511,1.0
152,5640,1.0
152,7307,1.0
152,13691,1.0
153,154,1.0
155,2130,1.0
155,15224,1.0
155,22146,1.0
156,1211,1.0
156,3126,1.0
156,14295,1.0
156,15495,1.0
157,543,1.0
158,1653,1.0
158,11804,1.0
158,35544,1.0
159,5987,1.0
159,2821,1.0
159,31515,1.0
160,8565,1.0
160,9120,1.0
160,2468,1.0
161,2259,1.0
161,30499,1.0
161,6576,1.0
162,12672,1.0
162,6100,1.0
162,13652,1.0
163,16181,1.0
163,30987,1.0
163,32676,1.0
164,1283,1.0
164,5259,1.0
164,2381,1.0
165,13840,1.0
165,6124,1.0
165,31179,1.0
166,3982,1.0
167,487,1.0
167,1544,1.0
167,9898,1.0
168,15024,1.0
168,612,1.0
168,26495,1.0
169,3571,1.0
170,1826,1.0
171,8673,1.0
172,4180,1.0
172,9282,1.0
172,15332,1.0
173,2704,1.0
173,11411,1.0
173,3485,1.0
173,7211,1.0
174,16100,1.0
175,6090,1.0
175,7469,1.0
175,17887,1.0
176,177,1.0
176,1744,1.0
176,34318,1.0
177,732,1.0
177,35330,1.0
178,23842,1.0
178,15120,1.0
178,936,1.0
179,9214,1.0
179,8494,1.0
179,12765,1.0
180,544,1.0
180,8972,1.0
180,11057,1.0
181,8271,1.0
181,24043,1.0
181,19969,1.0
182,4578,1.0
182,15174,1.0
182,10289,1.0
182,1439,1.0
183,12064,1.0
183,655,1.0
183,28616,1.0
184,11081,1.0
184,10525,1.0
184,5031,1.0
184,4395,1.0
185,930,1.0
185,5487,1.0
185,21331,1.0
186,3789,1.0
187,18269,1.0
188,1198,1.0
188,3979,1.0
188,1119,1.0
189,3648,1.0
189,8020,1.0
189,1306,1.0
189,35537,1.0
190,7622,1.0
191,17953,1.0
191,4926,1.0
191,17216,1.0
191,10277,1.0
192,193,1.0
192,8439,1.0
192,7440,1.0
194,7462,1.0
195,1682,1.0
196,197,1.0
196,4340,1.0
196,1957,1.0
196,212,1.0
198,20270,1.0
198,923,1.0
198,18219,1.0
199,2893,1.0
199,4370,1.0
199,7450,1.0
200,201,1.0
201,8948,1.0
201,1465,1.0
202,32489,1.0
202,31981,1.0
202,11328,1.0
203,204,1.0
203,15920,1.0
203,27782,1.0
203,32628,1.0
204,205,1.0
204,17875,1.0
204,17876,1.0
204,15920,1.0
205,206,1.0
205,14065,1.0
205,24611,1.0
207,1566,1.0
207,3481,1.0
207,21888,1.0
208,7049,1.0
208,13778,1.0
208,29774,1.0
208,7347,1.0
209,3870,1.0
209,12252,1.0
209,8947,1.0
210,17377,1.0
210,5690,1.0
210,18980,1.0
211,4576,1.0
211,17531,1.0
211,22691,1.0
211,510,1.0
212,2787,1.0
212,10932,1.0
212,2220,1.0
212,1441,1.0
213,4117,1.0
214,697,1.0
215,3870,1.0
216,2961,1.0
217,23308,1.0
217,844,1.0
217,18404,1.0
218,3447,1.0
218,3421,1.0
218,3184,1.0
218,3628,1.0
219,1751,1.0
220,3811,1.0
220,776,1.0
220,25572,1.0
221,13030,1.0
221,7096,1.0
221,34424,1.0
222,223,1.0
222,11570,1.0
222,27893,1.0
224,9195,1.0
224,8317,1.0
224,17834,1.0
224,9733,1.0
225,2910,1.0
225,10556,1.0
225,37172,1.0
226,3347,1.0
226,2309,1.0
226,24967,1.0
227,361,1.0
227,7119,1.0
227,34353,1.0
228,11775,1.0
228,17041,1.0
229,6877,1.0
230,24752,1.0
230,28503,1.0
230,10698,1.0
231,22789,1.0
231,25033,1.0
231,21283,1.0
231,33978,1.0
232,13101,1.0
232,13290,1.0
232,746,1.0
233,7612,1.0
234,4226,1.0
235,1771,1.0
235,414,1.0
235,3021,1.0
236,237,1.0
236,14477,1.0
236,8315,1.0
238,19857,1.0
238,32220,1.0
238,24764,1.0
239,667,1.0
240,914,1.0
240,16347,1.0
240,18299,1.0
240,15743,1.0
241,2751,1.0
242,243,1.0
242,5483,1.0
242,9437,1.0
244,31067,1.0
245,3761,1.0
245,6379,1.0
245,28124,1.0
246,2092,1.0
246,2884,1.0
246,8458,1.0
246,15047,1.0
247,248,1.0
247,2265,1.0
247,12137,1.0
248,1264,1.0
248,10360,1.0
249,16487,1.0
249,6394,1.0
249,10776,1.0
250,15562,1.0
251,589,1.0
251,1358,1.0
251,16072,1.0
252,253,1.0
253,2503,1.0
253,3228,1.0
254,1643,1.0
254,6844,1.0
254,18548,1.0
255,5221,1.0
255,3011,1.0
255,26176,1.0
256,10190,1.0
256,3696,1.0
256,18339,1.0
257,14704,1.0
257,9176,1.0
257,29990,1.0
258,17499,1.0
259,9856,1.0
260,261,1.0
260,9270,1.0
260,28524,1.0
261,8988,1.0
261,36070,1.0
262,14892,1.0
262,10871,1.0
262,37654,1.0
263,2799,1.0
264,17064,1.0
265,306,1.0
265,25461,1.0
265,29824,1.0
266,3973,1.0
266,1223,1.0
266,6922,1.0
266,7856,1.0
267,15299,1.0
267,11308,1.0
267,806,1.0
268,3414,1.0
268,6011,1.0
268,13008,1.0
269,16321,1.0
269,13625,1.0
269,8073,1.0
270,1036,1.0
270,3391,1.0
270,4649,1.0
270,5510,1.0
271,272,1.0
271,763,1.0
271,34506,1.0
272,19541,1.0
272,33740,1.0
273,1913,1.0
273,11776,1.0
273,2134,1.0
273,35290,1.0
273,3388,1.0
273,8558,1.0
274,1299,1.0
274,1889,1.0
274,24050,1.0
275,1715,1.0
276,5046,1.0
276,5507,1.0
276,16191,1.0
276,16921,1.0
277,12011,1.0
278,6610,1.0
279,1394,1.0
280,4140,1.0
280,8893,1.0
280,7138,1.0
280,5089,1.0
281,36640,1.0
282,15388,1.0
282,8507,1.0
282,4824,1.0
282,11125,1.0
283,6104,1.0
284,13098,1.0
284,7294,1.0
284,1542,1.0
284,15761,1.0
285,11432,1.0
285,7652,1.0
285,29929,1.0
286,542,1.0
286,11550,1.0
286,12583,1.0
287,6941,1.0
287,19816,1.0
287,13974,1.0
288,4933,1.0
288,12226,1.0
288,16354,1.0
289,12280,1.0
289,5571,1.0
289,5908,1.0
290,291,1.0
290,9926,1.0
290,22272,1.0
292,1752,1.0
293,294,1.0
293,2100,1.0
293,18340,1.0
294,10094,1.0
294,12464,1.0
295,3108,1.0
296,3151,1.0
297,298,1.0
297,11151,1.0
297,3725,1.0
298,10922,1.0
298,9002,1.0
299,300,1.0
299,2622,1.0
299,5851,1.0
300,6721,1.0
300,7534,1.0
301,606,1.0
301,2476,1.0
301,30501,1.0
302,6491,1.0
302,5007,1.0
302,21898,1.0
302,15573,1.0
303,35509,1.0
303,35147,1.0
303,14513,1.0
304,3562,1.0
305,4330,1.0
305,5488,1.0
305,3808,1.0
306,10126,1.0
306,11106,1.0
307,15766,1.0
307,19811,1.0
307,12843,1.0
308,11436,1.0
309,9926,1.0
310,35005,1.0
311,8781,1.0
311,35644,1.0
311,1596,1.0
312,12116,1.0
312,9410,1.0
312,3299,1.0
313,34101,1.0
314,5381,1.0
314,18935,1.0
314,16044,1.0
315,4748,1.0
315,12878,1.0
315,1889,1.0
316,6160,1.0
317,318,1.0
318,14115,1.0
318,14047,1.0
319,4210,1.0
319,16437,1.0
319,12044,1.0
320,2922,1.0
320,3283,1.0
320,12457,1.0
321,11758,1.0
322,10208,1.0
322,17471,1.0
322,11159,1.0
323,7156,1.0
323,383,1.0
323,5119,1.0
323,10823,1.0
323,5344,1.0
324,325,1.0
325,11211,1.0
325,32918,1.0
325,35596,1.0
325,19445,1.0
326,7919,1.0
327,2870,1.0
327,11331,1.0
327,25863,1.0
328,329,1.0
330,11815,1.0
330,6471,1.0
330,26703,1.0
330,34097,1.0
331,3422,1.0
331,8632,1.0
331,6654,1.0
332,4690,1.0
333,334,1.0
334,32100,1.0
334,3478,1.0
335,2871,1.0
335,3580,1.0
335,28754,1.0
336,7686,1.0
336,14627,1.0
336,22028,1.0
337,3092,1.0
338,339,1.0
339,23928,1.0
339,18415,1.0
339,30625,1.0
339,16950,1.0
339,23927,1.0
340,2338,1.0
340,3574,1.0
340,8155,1.0
340,13221,1.0
341,678,1.0
341,3065,1.0
341,11412,1.0
342,625,1.0
343,7938,1.0
343,1114,1.0
343,7628,1.0
344,345,1.0
344,10940,1.0
344,5086,1.0
346,5629,1.0
346,2769,1.0
346,32346,1.0
348,5041,1.0
348,15359,1.0
348,30713,1.0
349,10426,1.0
350,5467,1.0
350,11380,1.0
350,27956,1.0
351,3356,1.0
352,5817,1.0
352,11904,1.0
352,2055,1.0
353,10825,1.0
354,1942,1.0
354,9971,1.0
354,6547,1.0
354,24085,1.0
355,1498,1.0
355,6993,1.0
355,33508,1.0
356,357,1.0
356,3650,1.0
356,4421,1.0
358,13498,1.0
358,31139,1.0
358,33862,1.0
359,360,1.0
359,3357,1.0
359,763,1.0
359,557,1.0
361,2245,1.0
361,37121,1.0
361,9563,1.0
362,905,1.0
362,9213,1.0
362,8208,1.0
363,15544,1.0
363,10845,1.0
363,19810,1.0
364,2302,1.0
365,9024,1.0
365,7523,1.0
365,7910,1.0
366,9799,1.0
367,368,1.0
369,4985,1.0
369,3037,1.0
369,1073,1.0
369,4070,1.0
370,31243,1.0
370,19644,1.0
370,9991,1.0
371,372,1.0
371,5358,1.0
371,30844,1.0
372,32305,1.0
372,6784,1.0
373,30430,1.0
374,17157,1.0
374,17998,1.0
374,17269,1.0
375,10422,1.0
375,7192,1.0
375,5363,1.0
376,15267,1.0
376,14446,1.0
376,32083,1.0
376,27723,1.0
377,5237,1.0
378,379,1.0
380,4171,1.0
380,2144,1.0
380,16730,1.0
381,382,1.0
384,13180,1.0
384,3905,1.0
384,17026,1.0
385,8720,1.0
385,20441,1.0
385,12542,1.0
386,15228,1.0
387,3414,1.0
387,3894,1.0
387,24849,1.0
388,15510,1.0
388,26004,1.0
388,32396,1.0
389,21164,1.0
390,5839,1.0
391,9463,1.0
391,5162,1.0
391,10949,1.0
392,1971,1.0
393,6182,1.0
393,2613,1.0
393,36197,1.0
394,395,1.0
394,6391,1.0
394,33667,1.0
395,9412,1.0
395,36834,1.0
396,2403,1.0
396,12869,1.0
396,5469,1.0
396,12434,1.0
397,1963,1.0
397,2633,1.0
397,31404,1.0
398,1797,1.0
398,10707,1.0
398,10342,1.0
398,9606,1.0
399,16021,1.0
400,5521,1.0
401,11432,1.0
401,9403,1.0
401,21491,1.0
402,10353,1.0
402,929,1.0
402,3215,1.0
403,404,1.0
403,21664,1.0
403,10068,1.0
403,3703,1.0
405,1252,1.0
405,4478,1.0
405,11766,1.0
405,20034,1.0
406,5999,1.0
406,8649,1.0
406,14646,1.0
407,10674,1.0
407,12599,1.0
407,5746,1.0
408,27594,1.0
408,13305,1.0
408,28791,1.0
409,36556,1.0
410,456,1.0
411,2929,1.0
411,12468,1.0
411,21394,1.0
412,3630,1.0
412,11266,1.0
412,5798,1.0
412,11564,1.0
413,8890,1.0
413,14133,1.0
413,7512,1.0
413,18101,1.0
414,1139,1.0
414,8980,1.0
415,7845,1.0
415,35372,1.0
415,1869,1.0
416,6977,1.0
416,10577,1.0
416,14211,1.0
417,3368,1.0
418,8044,1.0
418,808,1.0
418,9967,1.0
418,3520,1.0
419,4286,1.0
420,3067,1.0
420,7917,1.0
420,24587,1.0
421,12337,1.0
421,19743,1.0
421,1513,1.0
421,984,1.0
422,5014,1.0
422,14700,1.0
422,4997,1.0
423,588,1.0
424,20250,1.0
424,23055,1.0
424,23381,1.0
425,11330,1.0
425,11965,1.0
425,6571,1.0
426,427,1.0
426,4357,1.0
426,3453,1.0
426,768,1.0
428,1380,1.0
428,7962,1.0
428,6769,1.0
428,29453,1.0
429,2308,1.0
429,14180,1.0
429,35123,1.0
430,4192,1.0
431,12356,1.0
432,13165,1.0
433,868,1.0
433,11363,1.0
433,717,1.0
434,12365,1.0
434,15923,1.0
434,31549,1.0
435,436,1.0
435,11456,1.0
435,17811,1.0
437,5850,1.0
437,8036,1.0
437,13522,1.0
437,15892,1.0
438,2435,1.0
439,5732,1.0
440,2455,1.0
440,5244,1.0
440,6128,1.0
441,15557,1.0
441,22582,1.0
441,2471,1.0
442,29510,1.0
443,11751,1.0
443,33762,1.0
443,3351,1.0
443,14375,1.0
444,13740,1.0
444,674,1.0
445,19812,1.0
445,13495,1.0
445,14867,1.0
445,33022,1.0
446,15836,1.0
446,1105,1.0
446,31530,1.0
447,10424,1.0
447,5979,1.0
447,9865,1.0
448,5481,1.0
448,5591,1.0
448,682,1.0
448,21219,1.0
449,8017,1.0
449,4247,1.0
449,9411,1.0
450,15469,1.0
450,3159,1.0
450,12239,1.0
451,7153,1.0
451,12519,1.0
451,7306,1.0
452,13164,1.0
453,10282,1.0
453,13154,1.0
453,15114,1.0
453,8070,1.0
454,3138,1.0
454,14654,1.0
454,3118,1.0
455,13108,1.0
456,7206,1.0
456,6354,1.0
457,6452,1.0
457,6122,1.0
457,14992,1.0
458,2111,1.0
458,10231,1.0
458,16128,1.0
459,15862,1.0
459,9916,1.0
459,14095,1.0
460,9244,1.0
461,5219,1.0
461,27301,1.0
461,35704,1.0
462,3379,1.0
462,6898,1.0
462,5849,1.0
463,22101,1.0
464,10330,1.0
464,3331,1.0
464,35878,1.0
465,3578,1.0
465,11700,1.0
465,682,1.0
466,2026,1.0
467,7336,1.0
468,10567,1.0
468,9735,1.0
468,7859,1.0
468,35557,1.0
469,3619,1.0
469,5300,1.0
469,4220,1.0
469,7731,1.0
470,6729,1.0
470,6773,1.0
470,33220,1.0
471,15457,1.0
472,5852,1.0
473,3180,1.0
474,475,1.0
474,2446,1.0
474,9231,1.0
475,7613,1.0
475,11982,1.0
476,9083,1.0
476,3088,1.0
476,3237,1.0
477,16069,1.0
478,10859,1.0
478,2702,1.0
478,26171,1.0
478,26825,1.0
479,1091,1.0
479,6864,1.0
479,17830,1.0
480,5017,1.0
481,10518,1.0
481,13022,1.0
481,18203,1.0
482,11697,1.0
483,2948,1.0
483,34873,1.0
483,10837,1.0
484,485,1.0
485,8698,1.0
485,5735,1.0
486,1845,1.0
486,7638,1.0
486,25899,1.0
487,5686,1.0
487,11129,1.0
488,7009,1.0
488,10853,1.0
488,17302,1.0
489,1755,1.0
490,586,1.0
491,492,1.0
492,5287,1.0
492,4565,1.0
492,16054,1.0
493,9569,1.0
494,495,1.0
494,18837,1.0
494,6064,1.0
495,7953,1.0
495,9248,1.0
496,8077,1.0
497,5410,1.0
497,3065,1.0
497,24790,1.0
498,21223,1.0
498,18264,1.0
498,10752,1.0
498,9988,1.0
499,16895,1.0
499,2173,1.0
499,22800,1.0
499,35997,1.0
500,26945,1.0
500,10890,1.0
500,2826,1.0
501,3921,1.0
501,31029,1.0
501,4625,1.0
502,34233,1.0
502,25312,1.0
502,23543,1.0
503,504,1.0
503,2026,1.0
503,864,1.0
505,8849,1.0
506,4529,1.0
506,11249,1.0
506,5562,1.0
507,3778,1.0
507,12294,1.0
507,35133,1.0
508,9200,1.0
508,7988,1.0
508,17980,1.0
509,5616,1.0
510,12570,1.0
510,3922,1.0
510,14107,1.0
511,5588,1.0
511,7094,1.0
511,28680,1.0
512,25250,1.0
512,26031,1.0
512,19629,1.0
513,514,1.0
513,29760,1.0
513,9528,1.0
513,34432,1.0
515,2493,1.0
515,1918,1.0
515,15873,1.0
516,625,1.0
516,5680,1.0
516,16732,1.0
516,37455,1.0
517,13320,1.0
518,7667,1.0
519,12046,1.0
519,2637,1.0
519,6760,1.0
519,34804,1.0
520,26121,1.0
520,37025,1.0
520,35729,1.0
521,9649,1.0
521,10764,1.0
521,5909,1.0
522,523,1.0
522,17672,1.0
522,34910,1.0
522,36800,1.0
524,525,1.0
525,20386,1.0
525,34911,1.0
526,527,1.0
526,4610,1.0
526,921,1.0
527,5241,1.0
527,34894,1.0
528,10430,1.0
529,21601,1.0
530,9613,1.0
530,9590,1.0
530,4588,1.0
530,8050,1.0
531,3472,1.0
532,15244,1.0
533,5794,1.0
534,535,1.0
536,20398,1.0
537,3180,1.0
537,2500,1.0
537,4423,1.0
537,3724,1.0
537,1920,1.0
538,10935,1.0
538,7065,1.0
538,5688,1.0
539,16366,1.0
539,17288,1.0
540,16220,1.0
540,24386,1.0
540,1836,1.0
541,2252,1.0
541,2960,1.0
541,18959,1.0
542,6133,1.0
542,4430,1.0
542,15591,1.0
543,1447,1.0
543,10624,1.0
543,1920,1.0
545,1518,1.0
545,2115,1.0
546,12254,1.0
547,548,1.0
549,9044,1.0
549,1932,1.0
549,7999,1.0
550,8829,1.0
551,18203,1.0
551,15994,1.0
551,32627,1.0
553,9098,1.0
554,10988,1.0
554,5415,1.0
554,26929,1.0
555,7995,1.0
555,24562,1.0
555,35267,1.0
555,644,1.0
556,2475,1.0
557,9347,1.0
557,13896,1.0
558,6201,1.0
558,15912,1.0
558,23634,1.0
559,5479,1.0
559,11623,1.0
559,8389,1.0
560,9047,1.0
560,3678,1.0
560,24780,1.0
560,21317,1.0
561,562,1.0
561,14469,1.0
561,1767,1.0
563,564,1.0
563,18504,1.0
563,32421,1.0
565,6326,1.0
566,12351,1.0
566,23866,1.0
566,36080,1.0
567,10972,1.0
567,9049,1.0
567,2201,1.0
567,10392,1.0
568,2411,1.0
568,17569,1.0
568,7843,1.0
569,7864,1.0
569,5636,1.0
569,594,1.0
569,9677,1.0
570,571,1.0
570,9092,1.0
570,5760,1.0
570,28144,1.0
570,14296,1.0
572,903,1.0
572,1474,1.0
572,21228,1.0
573,574,1.0
574,2584,1.0
574,22574,1.0
575,7689,1.0
576,577,1.0
576,1266,1.0
576,6071,1.0
578,1575,1.0
579,580,1.0
579,16628,1.0
579,28472,1.0
580,16762,1.0
580,12640,1.0
581,5957,1.0
582,3185,1.0
582,32569,1.0
582,16607,1.0
583,3639,1.0
584,33960,1.0
584,7202,1.0
584,4434,1.0
585,4271,1.0
585,4455,1.0
585,1815,1.0
585,8364,1.0
586,587,1.0
586,7213,1.0
589,9274,1.0
589,13733,1.0
590,7997,1.0
590,31134,1.0
591,12990,1.0
591,3678,1.0
591,2861,1.0
592,32135,1.0
592,13953,1.0
592,30767,1.0
593,9280,1.0
594,4508,1.0
594,12052,1.0
595,1651,1.0
596,5441,1.0
596,2080,1.0
596,15891,1.0
596,15798,1.0
597,9218,1.0
597,6940,1.0
597,32179,1.0
598,9016,1.0
600,7603,1.0
600,855,1.0
600,14399,1.0
601,602,1.0
601,2683,1.0
601,3319,1.0
603,604,1.0
603,24049,1.0
603,1545,1.0
605,10985,1.0
605,3978,1.0
605,5813,1.0
606,2641,1.0
606,16773,1.0
607,608,1.0
607,12005,1.0
607,1593,1.0
609,13371,1.0
609,7167,1.0
609,6763,1.0
610,611,1.0
610,632,1.0
610,5278,1.0
611,9795,1.0
611,6798,1.0
613,1445,1.0
614,5284,1.0
614,7046,1.0
614,5170,1.0
615,15230,1.0
615,10247,1.0
615,15543,1.0
615,9122,1.0
616,617,1.0
616,16446,1.0
616,1910,1.0
618,8350,1.0
618,13881,1.0
618,14635,1.0
618,22105,1.0
619,4456,1.0
619,13075,1.0
619,6800,1.0
620,18885,1.0
621,2564,1.0
622,3048,1.0
622,33656,1.0
622,4192,1.0
623,19558,1.0
624,4209,1.0
625,7522,1.0
625,7581,1.0
626,5068,1.0
626,28092,1.0
626,15262,1.0
627,628,1.0
627,9172,1.0
627,15361,1.0
629,842,1.0
630,8588,1.0
630,2502,1.0
630,28655,1.0
631,6357,1.0
632,5812,1.0
632,2502,1.0
632,36550,1.0
633,13410,1.0
633,8370,1.0
633,718,1.0
634,635,1.0
634,4297,1.0
634,2448,1.0
636,4393,1.0
636,9712,1.0
636,10288,1.0
637,10569,1.0
637,10124,1.0
637,22966,1.0
638,11582,1.0
638,1750,1.0
638,35460,1.0
639,5800,1.0
639,8395,1.0
639,2129,1.0
640,3818,1.0
640,15478,1.0
641,1035,1.0
641,5480,1.0
641,33274,1.0
641,37607,1.0
641,5135,1.0
642,3873,1.0
642,7445,1.0
642,3071,1.0
643,1053,1.0
644,645,1.0
644,1583,1.0
644,5169,1.0
646,3553,1.0
646,29984,1.0
646,7390,1.0
647,1712,1.0
647,3750,1.0
647,10590,1.0
647,2303,1.0
648,649,1.0
648,1141,1.0
648,3715,1.0
649,10134,1.0
649,9760,1.0
650,2760,1.0
650,7729,1.0
651,5614,1.0
652,30375,1.0
652,8946,1.0
652,3136,1.0
653,8813,1.0
654,655,1.0
655,8188,1.0
656,10764,1.0
657,8350,1.0
658,3266,1.0
659,4824,1.0
659,11572,1.0
659,14035,1.0
660,10102,1.0
661,6290,1.0
661,7094,1.0
661,2720,1.0
661,1550,1.0
662,32725,1.0
663,4899,1.0
664,15792,1.0
665,9678,1.0
665,10908,1.0
665,1708,1.0
666,31367,1.0
666,17583,1.0
666,29422,1.0
667,6142,1.0
667,3922,1.0
667,10154,1.0
668,669,1.0
668,3314,1.0
668,7201,1.0
670,22672,1.0
670,33260,1.0
670,22462,1.0
671,5058,1.0
671,2750,1.0
671,13528,1.0
672,1028,1.0
673,4272,1.0
675,676,1.0
675,4785,1.0
675,13407,1.0
676,698,1.0
676,22864,1.0
677,17305,1.0
677,6010,1.0
677,4732,1.0
677,17739,1.0
678,18066,1.0
678,5051,1.0
678,10502,1.0
679,4668,1.0
679,2949,1.0
679,13027,1.0
680,11889,1.0
681,682,1.0
683,7608,1.0
683,4123,1.0
683,16646,1.0
684,685,1.0
684,10116,1.0
684,3849,1.0
685,5048,1.0
685,10374,1.0
686,15580,1.0
686,6767,1.0
686,19708,1.0
687,688,1.0
687,1867,1.0
687,7964,1.0
688,2905,1.0
688,21102,1.0
689,10897,1.0
690,10703,1.0
690,2878,1.0
690,1134,1.0
691,6553,1.0
691,13975,1.0
691,13371,1.0
692,6969,1.0
693,3844,1.0
693,12447,1.0
693,796,1.0
694,695,1.0
694,14594,1.0
694,8476,1.0
695,10369,1.0
695,17566,1.0
696,8504,1.0
697,8000,1.0
697,24984,1.0
698,15203,1.0
698,19870,1.0
698,19878,1.0
699,16149,1.0
699,8536,1.0
699,1584,1.0
700,983,1.0
701,18109,1.0
701,20605,1.0
701,23783,1.0
702,20620,1.0
702,15904,1.0
702,21793,1.0
703,704,1.0
703,6051,1.0
703,2842,1.0
703,16820,1.0
704,18096,1.0
704,6766,1.0
704,13998,1.0
705,3823,1.0
705,3370,1.0
705,11418,1.0
705,17986,1.0
706,1781,1.0
706,10744,1.0
706,2082,1.0
706,21831,1.0
707,17945,1.0
707,10095,1.0
707,14125,1.0
708,9415,1.0
709,2886,1.0
709,2889,1.0
709,8823,1.0
710,15911,1.0
710,21969,1.0
710,27276,1.0
711,4749,1.0
712,13366,1.0
713,12300,1.0
714,1945,1.0
715,4765,1.0
715,8765,1.0
715,30666,1.0
716,4534,1.0
716,1753,1.0
716,24502,1.0
716,10818,1.0
718,9188,1.0
718,3586,1.0
718,8795,1.0
719,720,1.0
719,10882,1.0
719,12871,1.0
719,3120,1.0
721,12670,1.0
721,34795,1.0
721,1471,1.0
722,18364,1.0
723,17614,1.0
723,24106,1.0
723,9663,1.0
724,725,1.0
725,1188,1.0
725,2322,1.0
725,9093,1.0
725,3124,1.0
726,727,1.0
726,3907,1.0
726,4657,1.0
726,2546,1.0
726,9226,1.0
726,6319,1.0
728,8205,1.0
729,5735,1.0
730,10785,1.0
731,8692,1.0
731,14050,1.0
731,1348,1.0
732,23262,1.0
732,14405,1.0
732,31001,1.0
733,22529,1.0
734,2467,1.0
735,6619,1.0
735,1357,1.0
735,15813,1.0
735,2416,1.0
736,11527,1.0
737,16061,1.0
737,9195,1.0
737,29028,1.0
738,24150,1.0
738,5386,1.0
738,2302,1.0
739,15174,1.0
740,9638,1.0
741,31134,1.0
741,5756,1.0
741,10669,1.0
742,743,1.0
742,15254,1.0
742,17102,1.0
744,745,1.0
745,2797,1.0
745,8475,1.0
746,747,1.0
746,1560,1.0
748,28958,1.0
748,30475,1.0
748,25530,1.0
749,31031,1.0
750,5989,1.0
750,13343,1.0
750,1990,1.0
750,4735,1.0
751,1982,1.0
752,12606,1.0
753,9085,1.0
753,14470,1.0
753,20727,1.0
754,3969,1.0
755,3705,1.0
755,14810,1.0
755,1160,1.0
756,3939,1.0
756,14992,1.0
756,27191,1.0
757,14731,1.0
757,9996,1.0
757,12875,1.0
758,1426,1.0
758,9862,1.0
758,1713,1.0
759,7612,1.0
759,15975,1.0
759,7264,1.0
760,3183,1.0
760,6360,1.0
760,1546,1.0
761,15810,1.0
762,13242,1.0
762,24018,1.0
762,23383,1.0
763,8063,1.0
764,18794,1.0
764,8430,1.0
764,13228,1.0
765,7978,1.0
766,767,1.0
766,2172,1.0
766,15617,1.0
768,9281,1.0
768,15807,1.0
768,10378,1.0
769,16380,1.0
770,833,1.0
770,1326,1.0
770,5530,1.0
771,2653,1.0
771,9864,1.0
771,16489,1.0
772,9520,1.0
772,10751,1.0
772,19884,1.0
773,11828,1.0
774,17734,1.0
774,9212,1.0
774,4939,1.0
775,14913,1.0
776,21717,1.0
777,4022,1.0
777,7217,1.0
777,20558,1.0
778,2119,1.0
778,2507,1.0
778,15458,1.0
779,780,1.0
779,3259,1.0
779,4212,1.0
781,6326,1.0
781,6775,1.0
781,37141,1.0
782,2381,1.0
783,784,1.0
785,7177,1.0
785,1133,1.0
785,35092,1.0
786,787,1.0
786,36177,1.0
786,19661,1.0
787,2309,1.0
787,19169,1.0
788,789,1.0
788,5421,1.0
788,4805,1.0
789,14878,1.0
789,27806,1.0
789,28305,1.0
790,14932,1.0
790,2829,1.0
790,8756,1.0
790,36380,1.0
791,4026,1.0
791,25529,1.0
791,3392,1.0
792,18517,1.0
792,17730,1.0
792,20799,1.0
793,12507,1.0
793,12649,1.0
793,31841,1.0
793,11323,1.0
794,14666,1.0
795,14175,1.0
795,9229,1.0
795,6997,1.0
797,36633,1.0
797,1885,1.0
797,9288,1.0
797,10876,1.0
798,10056,1.0
798,19949,1.0
798,6785,1.0
799,4686,1.0
800,22985,1.0
800,15454,1.0
800,22478,1.0
800,16050,1.0
801,1394,1.0
802,4777,1.0
802,3282,1.0
802,2406,1.0
803,6265,1.0
804,805,1.0
805,14306,1.0
805,11475,1.0
806,11741,1.0
806,18270,1.0
807,6292,1.0
807,16524,1.0
807,11608,1.0
809,14857,1.0
810,811,1.0
810,2244,1.0
810,1274,1.0
811,3347,1.0
811,20893,1.0
812,6240,1.0
812,7691,1.0
812,35028,1.0
813,11123,1.0
813,11406,1.0
813,4149,1.0
814,815,1.0
816,22757,1.0
816,9121,1.0
816,5094,1.0
817,8770,1.0
817,7800,1.0
817,1374,1.0
818,17729,1.0
818,9987,1.0
818,1236,1.0
818,34360,1.0
819,13945,1.0
819,6330,1.0
819,24678,1.0
820,5601,1.0
821,822,1.0
821,13976,1.0
821,31358,1.0
822,7743,1.0
822,1865,1.0
823,824,1.0
823,849,1.0
823,24648,1.0
824,1766,1.0
824,14305,1.0
825,8276,1.0
826,9482,1.0
826,9822,1.0
826,21142,1.0
827,828,1.0
827,10098,1.0
827,10632,1.0
828,21183,1.0
828,30057,1.0
829,33795,1.0
829,17150,1.0
829,11431,1.0
830,27015,1.0
830,14881,1.0
830,4585,1.0
830,7460,1.0
831,5995,1.0
831,10601,1.0
831,1824,1.0
832,3386,1.0
832,4076,1.0
832,1439,1.0
834,9110,1.0
835,11295,1.0
835,6965,1.0
835,35779,1.0
836,12242,1.0
837,11950,1.0
837,10663,1.0
837,8742,1.0
838,27158,1.0
838,11136,1.0
838,20763,1.0
838,17366,1.0
839,3351,1.0
840,863,1.0
841,25647,1.0
841,30326,1.0
841,16286,1.0
842,8134,1.0
842,10806,1.0
843,980,1.0
843,6100,1.0
843,1244,1.0
843,4154,1.0
845,846,1.0
847,14579,1.0
847,2717,1.0
847,11783,1.0
847,4275,1.0
849,17705,1.0
849,10409,1.0
850,18506,1.0
851,8707,1.0
851,16862,1.0
851,12621,1.0
852,1172,1.0
852,5809,1.0
852,11350,1.0
853,16456,1.0
853,14474,1.0
853,15128,1.0
853,17163,1.0
854,10594,1.0
854,5312,1.0
854,1639,1.0
854,13719,1.0
855,12152,1.0
855,16521,1.0
855,15116,1.0
856,24379,1.0
856,8316,1.0
856,23056,1.0
857,8787,1.0
857,2360,1.0
857,2163,1.0
857,5350,1.0
858,11251,1.0
858,5903,1.0
858,10668,1.0
859,5404,1.0
859,35768,1.0
859,13571,1.0
860,861,1.0
861,34466,1.0
861,25295,1.0
861,27742,1.0
862,21500,1.0
862,17241,1.0
862,33099,1.0
863,5147,1.0
863,2321,1.0
864,865,1.0
864,2477,1.0
865,4013,1.0
865,4129,1.0
865,2026,1.0
866,875,1.0
867,4744,1.0
867,9214,1.0
867,6297,1.0
868,2615,1.0
868,8602,1.0
869,37069,1.0
869,32833,1.0
869,5475,1.0
870,16695,1.0
871,6922,1.0
871,13735,1.0
871,26911,1.0
872,12837,1.0
873,10865,1.0
873,14534,1.0
873,6104,1.0
874,2912,1.0
875,5657,1.0
875,4901,1.0
876,6267,1.0
877,35666,1.0
877,1137,1.0
877,3975,1.0
878,1619,1.0
879,25508,1.0
880,6785,1.0
880,19909,1.0
880,9160,1.0
881,21770,1.0
881,32767,1.0
881,13734,1.0
881,31552,1.0
882,3960,1.0
882,10415,1.0
882,4461,1.0
883,6791,1.0
883,16578,1.0
883,7560,1.0
884,16569,1.0
884,13547,1.0
884,16119,1.0
885,12492,1.0
885,6194,1.0
885,11380,1.0
886,7403,1.0
887,3471,1.0
887,7623,1.0
887,18059,1.0
888,19740,1.0
889,890,1.0
889,5171,1.0
889,3371,1.0
891,16250,1.0
891,2549,1.0
891,1560,1.0
892,11495,1.0
893,894,1.0
893,1687,1.0
893,32772,1.0
895,17596,1.0
896,3929,1.0
897,3224,1.0
897,6442,1.0
897,5493,1.0
898,20598,1.0
898,32860,1.0
898,4431,1.0
899,9472,1.0
899,2156,1.0
899,7287,1.0
900,8350,1.0
901,6184,1.0
902,4194,1.0
903,11017,1.0
903,29495,1.0
904,6649,1.0
906,998,1.0
907,9520,1.0
907,10859,1.0
907,14894,1.0
908,30847,1.0
908,5531,1.0
908,11117,1.0
909,10654,1.0
909,3549,1.0
909,10909,1.0
910,981,1.0
910,4197,1.0
910,5199,1.0
911,12491,1.0
911,9463,1.0
911,10929,1.0
912,12216,1.0
912,6483,1.0
912,11589,1.0
913,6909,1.0
913,1109,1.0
913,3501,1.0
914,19666,1.0
914,25800,1.0
915,916,1.0
917,14166,1.0
918,25226,1.0
919,34799,1.0
919,1991,1.0
919,35083,1.0
919,17919,1.0
920,2220,1.0
922,29451,1.0
924,5038,1.0
924,6150,1.0
924,30682,1.0
925,2623,1.0
926,927,1.0
926,7669,1.0
926,36745,1.0
927,14562,1.0
927,14207,1.0
928,3931,1.0
929,19876,1.0
929,27443,1.0
930,11160,1.0
930,9196,1.0
930,3229,1.0
931,8009,1.0
931,18958,1.0
931,12713,1.0
932,25812,1.0
932,19013,1.0
932,1811,1.0
933,6980,1.0
934,10645,1.0
934,4024,1.0
934,10107,1.0
934,4615,1.0
935,14182,1.0
936,7773,1.0
936,3423,1.0
937,938,1.0
937,19319,1.0
937,26944,1.0
938,3856,1.0
938,34619,1.0
939,31547,1.0
939,12236,1.0
939,19514,1.0
939,30589,1.0
940,6295,1.0
940,1499,1.0
940,37574,1.0
941,4622,1.0
941,7234,1.0
941,4027,1.0
942,7995,1.0
943,2493,1.0
943,3716,1.0
943,36429,1.0
944,13860,1.0
944,16657,1.0
944,7005,1.0
945,9982,1.0
945,8899,1.0
945,29534,1.0
946,1773,1.0
947,1640,1.0
947,3425,1.0
947,9066,1.0
948,5471,1.0
948,3834,1.0
949,13827,1.0
949,5602,1.0
949,22280,1.0
950,7145,1.0
950,4554,1.0
950,7722,1.0
951,4191,1.0
951,12440,1.0
951,4673,1.0
951,3900,1.0
952,6466,1.0
952,2659,1.0
952,1088,1.0
952,11325,1.0
953,13976,1.0
953,13446,1.0
953,33271,1.0
954,955,1.0
954,2099,1.0
954,1940,1.0
955,35423,1.0
955,7723,1.0
956,7282,1.0
956,18684,1.0
956,12229,1.0
957,23007,1.0
957,2181,1.0
957,26154,1.0
958,9809,1.0
958,1030,1.0
958,2372,1.0
958,25873,1.0
959,12042,1.0
960,21776,1.0
960,23870,1.0
960,23787,1.0
961,19425,1.0
962,5138,1.0
963,3053,1.0
963,11869,1.0
963,3313,1.0
964,11963,1.0
964,30081,1.0
965,966,1.0
965,12223,1.0
965,6346,1.0
966,4390,1.0
966,4247,1.0
967,968,1.0
967,14295,1.0
967,4054,1.0
969,17527,1.0
970,7075,1.0
970,14816,1.0
970,33595,1.0
971,1534,1.0
971,6479,1.0
971,24074,1.0
972,6940,1.0
972,3694,1.0
972,17855,1.0
973,3808,1.0
974,4451,1.0
974,5884,1.0
974,18729,1.0
975,8962,1.0
976,9149,1.0
976,15155,1.0
976,6359,1.0
977,978,1.0
979,9637,1.0
979,1749,1.0
979,25251,1.0
980,2673,1.0
980,36792,1.0
981,6831,1.0
981,11486,1.0
982,35273,1.0
983,4542,1.0
983,29059,1.0
983,1485,1.0
984,6397,1.0
984,34431,1.0
985,986,1.0
985,9004,1.0
985,9175,1.0
987,988,1.0
988,7331,1.0
988,17252,1.0
988,22501,1.0
989,16419,1.0
989,2387,1.0
989,12587,1.0
989,21643,1.0
990,991,1.0
990,3440,1.0
990,32910,1.0
992,993,1.0
993,9015,1.0
993,14650,1.0
994,18336,1.0
994,2166,1.0
994,12738,1.0
995,17827,1.0
995,17544,1.0
995,25417,1.0
996,14661,1.0
997,21218,1.0
998,30088,1.0
998,11942,1.0
999,7658,1.0
999,4609,1.0
999,21392,1.0
1000,6223,1.0
1000,5247,1.0
1000,29812,1.0
1001,4521,1.0
1001,4886,1.0
1001,31795,1.0
1002,18916,1.0
1002,5028,1.0
1002,20881,1.0
1003,6562,1.0
1003,3702,1.0
1003,36869,1.0
1004,1005,1.0
1004,26838,1.0
1004,2690,1.0
1005,12393,1.0
1005,26252,1.0
1006,1007,1.0
1007,35855,1.0
1007,15449,1.0
1007,32623,1.0
1008,19830,1.0
1008,12276,1.0
1008,7715,1.0
1009,2417,1.0
1009,14619,1.0
1009,16838,1.0
1010,1011,1.0
1010,10683,1.0
1010,16063,1.0
1011,5772,1.0
1011,18421,1.0
1012,2925,1.0
1012,29299,1.0
1012,34099,1.0
1013,5173,1.0
1014,4822,1.0
1015,11933,1.0
1015,20859,1.0
1015,6385,1.0
1015,6435,1.0
1016,4140,1.0
1016,9732,1.0
1016,20596,1.0
1016,20003,1.0
1017,11768,1.0
1017,2549,1.0
1017,12532,1.0
1018,1019,1.0
1018,8108,1.0
1018,33177,1.0
1019,10240,1.0
1019,12468,1.0
1019,19604,1.0
1020,10113,1.0
1021,1022,1.0
1022,10877,1.0
1022,24807,1.0
1023,16782,1.0
1024,35246,1.0
1025,9666,1.0
1026,12627,1.0
1026,3242,1.0
1026,11007,1.0
1027,6756,1.0
1028,2173,1.0
1028,2837,1.0
1029,8396,1.0
1030,8879,1.0
1030,32377,1.0
1031,17816,1.0
1031,3654,1.0
1031,18361,1.0
1032,1033,1.0
1033,4774,1.0
1033,8939,1.0
1034,4598,1.0
1034,5821,1.0
1034,33525,1.0
1036,1829,1.0
1036,9278,1.0
1036,6425,1.0
1036,10087,1.0
1036,4529,1.0
1036,2488,1.0
1037,5584,1.0
1037,10762,1.0
1037,31057,1.0
1038,11528,1.0
1038,1434,1.0
1038,1671,1.0
1039,3085,1.0
1039,7249,1.0
1039,12387,1.0
1039,26027,1.0
1040,7626,1.0
1041,26314,1.0
1042,16910,1.0
1042,13534,1.0
1042,25509,1.0
1043,6500,1.0
1043,4739,1.0
1043,10393,1.0
1044,2716,1.0
1045,1954,1.0
1045,2989,1.0
1045,15387,1.0
1045,11140,1.0
1046,27476,1.0
1047,7537,1.0
1047,7197,1.0
1047,23795,1.0
1047,8298,1.0
1048,33676,1.0
1048,20760,1.0
1048,14169,1.0
1049,8347,1.0
1050,15508,1.0
1050,13380,1.0
1050,4076,1.0
1051,1667,1.0
1051,1174,1.0
1051,4155,1.0
1052,11794,1.0
1054,1055,1.0
1054,10793,1.0
1054,8070,1.0
1056,6656,1.0
1056,13012,1.0
1056,17010,1.0
1057,8270,1.0
1058,8517,1.0
1058,7262,1.0
1058,8596,1.0
1059,29607,1.0
1060,16626,1.0
1061,7281,1.0
1062,1063,1.0
1062,23892,1.0
1062,34031,1.0
1063,12179,1.0
1063,19021,1.0
1064,1065,1.0
1064,8785,1.0
1064,32457,1.0
1066,1424,1.0
1066,7386,1.0
1066,12702,1.0
1067,10685,1.0
1067,5872,1.0
1067,12328,1.0
1068,5525,1.0
1069,19577,1.0
1069,18990,1.0
1069,23655,1.0
1070,4000,1.0
1070,13420,1.0
1070,26823,1.0
1071,7639,1.0
1071,11666,1.0
1071,23547,1.0
1072,16133,1.0
1072,12791,1.0
1072,24636,1.0
1074,11880,1.0
1074,15741,1.0
1074,30310,1.0
1075,1076,1.0
1075,22303,1.0
1075,8459,1.0
1077,22397,1.0
1077,18930,1.0
1077,26702,1.0
1078,13741,1.0
1079,18590,1.0
1080,1081,1.0
1080,8195,1.0
1080,8911,1.0
1082,8602,1.0
1082,1547,1.0
1082,30321,1.0
1083,11621,1.0
1084,1431,1.0
1084,12624,1.0
1084,12833,1.0
1084,3962,1.0
1085,1331,1.0
1085,2273,1.0
1086,4670,1.0
1086,2351,1.0
1086,11662,1.0
1087,6112,1.0
1087,9059,1.0
1087,16324,1.0
1088,4831,1.0
1088,36979,1.0
1088,4460,1.0
1089,5025,1.0
1090,7201,1.0
1090,30667,1.0
1090,11573,1.0
1092,20697,1.0
1092,24504,1.0
1092,33143,1.0
1093,1094,1.0
1093,10798,1.0
1093,36122,1.0
1095,1096,1.0
1095,19855,1.0
1095,36771,1.0
1096,14556,1.0
1096,18601,1.0
1097,2862,1.0
1097,8702,1.0
1097,20435,1.0
1098,6365,1.0
1099,6247,1.0
1099,4429,1.0
1099,25576,1.0
1100,15291,1.0
1100,33261,1.0
1100,10519,1.0
1100,13200,1.0
1101,10547,1.0
1101,4872,1.0
1101,9999,1.0
1102,9719,1.0
1103,33395,1.0
1104,1105,1.0
1105,2598,1.0
1106,18734,1.0
1106,32386,1.0
1106,12184,1.0
1107,3757,1.0
1107,7269,1.0
1107,19573,1.0
1108,4447,1.0
1108,9498,1.0
1108,14647,1.0
1110,1856,1.0
1110,13720,1.0
1110,3301,1.0
1110,14273,1.0
1111,1112,1.0
1112,6223,1.0
1112,21305,1.0
1113,1390,1.0
1113,5883,1.0
1113,26304,1.0
1114,14472,1.0
1114,10429,1.0
1114,14143,1.0
1115,8524,1.0
1115,15791,1.0
1115,16046,1.0
1115,12320,1.0
1116,2548,1.0
1117,6200,1.0
1117,15165,1.0
1117,4760,1.0
1118,14271,1.0
1118,11114,1.0
1118,10886,1.0
1119,6513,1.0
1119,2623,1.0
1120,5983,1.0
1120,2699,1.0
1120,12680,1.0
1121,3679,1.0
1121,3612,1.0
1121,30276,1.0
1121,32548,1.0
1122,4775,1.0
1123,25504,1.0
1123,14139,1.0
1123,14012,1.0
1123,37292,1.0
1124,5367,1.0
1125,1126,1.0
1125,4766,1.0
1125,12523,1.0
1125,15611,1.0
1127,2598,1.0
1128,9899,1.0
1128,15596,1.0
1128,5731,1.0
1129,8338,1.0
1130,3260,1.0
1131,5816,1.0
1131,4673,1.0
1131,11802,1.0
1132,2473,1.0
1132,13896,1.0
1132,9782,1.0
1132,36585,1.0
1133,6340,1.0
1133,7842,1.0
1135,11819,1.0
1135,16138,1.0
1135,31060,1.0
1136,15026,1.0
1136,7752,1.0
1136,33255,1.0
1138,1139,1.0
1138,1747,1.0
1138,8182,1.0
1138,7194,1.0
1139,4196,1.0
1140,9604,1.0
1141,6976,1.0
1141,4806,1.0
1142,1143,1.0
1142,13183,1.0
1142,9521,1.0
1144,1145,1.0
1144,10863,1.0
1144,22369,1.0
1146,1935,1.0
1146,9409,1.0
1146,10578,1.0
1148,1149,1.0
1149,1150,1.0
1149,17006,1.0
1149,22216,1.0
1149,4877,1.0
1151,25243,1.0
1151,15488,1.0
1151,14595,1.0
1152,2128,1.0
1152,7233,1.0
1152,9566,1.0
1153,14151,1.0
1153,13910,1.0
1153,15416,1.0
1154,1793,1.0
1155,3363,1.0
1155,7599,1.0
1155,9507,1.0
1156,12818,1.0
1156,4315,1.0
1156,18642,1.0
1157,37186,1.0
1157,13786,1.0
1157,30364,1.0
1158,1159,1.0
1158,16807,1.0
1158,11673,1.0
1159,11101,1.0
1159,13123,1.0
1159,26553,1.0
1160,3244,1.0
1160,4524,1.0
1160,14868,1.0
1161,13460,1.0
1161,16340,1.0
1161,1495,1.0
1161,23623,1.0
1162,7235,1.0
1162,6728,1.0
1162,10887,1.0
1162,30581,1.0
1163,4090,1.0
1164,20316,1.0
1165,1166,1.0
1165,9186,1.0
1165,22313,1.0
1166,2485,1.0
1166,29840,1.0
1167,8558,1.0
1168,15888,1.0
1168,26122,1.0
1168,24368,1.0
1169,12724,1.0
1170,3766,1.0
1170,10562,1.0
1170,4002,1.0
1171,12985,1.0
1171,31946,1.0
1171,1477,1.0
1172,3178,1.0
1172,7698,1.0
1172,7653,1.0
1173,24121,1.0
1174,2338,1.0
1174,14585,1.0
1175,5453,1.0
1176,10303,1.0
1176,4337,1.0
1176,14541,1.0
1177,8000,1.0
1177,11624,1.0
1177,14446,1.0
1178,2109,1.0
1178,2373,1.0
1178,21684,1.0
1179,5902,1.0
1180,24833,1.0
1180,13673,1.0
1180,14157,1.0
1181,1182,1.0
1181,4614,1.0
1181,35370,1.0
1183,3918,1.0
1183,11748,1.0
1183,4472,1.0
1183,20076,1.0
1184,12152,1.0
1184,4345,1.0
1184,14118,1.0
1184,14917,1.0
1185,1186,1.0
1185,3932,1.0
1185,5350,1.0
1186,1997,1.0
1186,10576,1.0
1187,12173,1.0
1187,6580,1.0
1187,11213,1.0
1189,5926,1.0
1189,6526,1.0
1189,35929,1.0
1190,2865,1.0
1190,7446,1.0
1190,4291,1.0
1191,11171,1.0
1192,2904,1.0
1193,22259,1.0
1194,1825,1.0
1194,9668,1.0
1194,2928,1.0
1195,33803,1.0
1195,30905,1.0
1195,33986,1.0
1196,12550,1.0
1196,3192,1.0
1196,11374,1.0
1196,12599,1.0
1197,9404,1.0
1197,5360,1.0
1197,20822,1.0
1199,1200,1.0
1199,11991,1.0
1199,30952,1.0
1200,19261,1.0
1200,32322,1.0
1201,1749,1.0
1201,2341,1.0
1201,2772,1.0
1202,1203,1.0
1204,5077,1.0
1205,7616,1.0
1205,4339,1.0
1206,18403,1.0
1206,12238,1.0
1206,12900,1.0
1207,2601,1.0
1207,7289,1.0
1207,34188,1.0
1208,24338,1.0
1209,18083,1.0
1210,3192,1.0
1210,11206,1.0
1210,22908,1.0
1212,5052,1.0
1213,8023,1.0
1213,15203,1.0
1213,10038,1.0
1214,1215,1.0
1215,1381,1.0
1215,9705,1.0
1216,9969,1.0
1216,5007,1.0
1216,25515,1.0
1217,7729,1.0
1217,9183,1.0
1217,29714,1.0
1218,1422,1.0
1219,18341,1.0
1220,1221,1.0
1220,16592,1.0
1220,2206,1.0
1222,14601,1.0
1222,15307,1.0
1222,11460,1.0
1222,4456,1.0
1223,9796,1.0
1223,33750,1.0
1224,8645,1.0
1224,3380,1.0
1224,3612,1.0
1225,1226,1.0
1225,11915,1.0
1225,16830,1.0
1226,9485,1.0
1226,26817,1.0
1226,20084,1.0
1227,18483,1.0
1228,1861,1.0
1228,2444,1.0
1228,25978,1.0
1229,18639,1.0
1230,5923,1.0
1230,5507,1.0
1230,8796,1.0
1231,6474,1.0
1231,13334,1.0
1231,1747,1.0
1231,3940,1.0
1232,32704,1.0
1233,1234,1.0
1234,13442,1.0
1234,22448,1.0
1235,15124,1.0
1235,2267,1.0
1235,10221,1.0
1236,11626,1.0
1236,9135,1.0
1237,6263,1.0
1238,7627,1.0
1239,15459,1.0
1239,14010,1.0
1239,11818,1.0
1240,7232,1.0
1240,20880,1.0
1240,15117,1.0
1241,1242,1.0
1243,1244,1.0
1243,6883,1.0
1243,10477,1.0
1244,7721,1.0
1245,1246,1.0
1246,26755,1.0
1246,15257,1.0
1247,9882,1.0
1247,13092,1.0
1247,17021,1.0
1248,3445,1.0
1248,13403,1.0
1248,12843,1.0
1249,20013,1.0
1249,18173,1.0
1249,18819,1.0
1250,14765,1.0
1251,10494,1.0
1251,13731,1.0
1251,5159,1.0
1252,13166,1.0
1252,12277,1.0
1253,14867,1.0
1253,2955,1.0
1253,34753,1.0
1254,4994,1.0
1255,2636,1.0
1255,4217,1.0
1255,7278,1.0
1256,13111,1.0
1256,19323,1.0
1256,11648,1.0
1257,9196,1.0
1257,10377,1.0
1257,18685,1.0
1258,1259,1.0
1258,5980,1.0
1258,35695,1.0
1259,7707,1.0
1259,12822,1.0
1260,8307,1.0
1260,2414,1.0
1260,30508,1.0
1261,12242,1.0
1261,15425,1.0
1261,5097,1.0
1261,13349,1.0
1262,2022,1.0
1263,14857,1.0
1264,9186,1.0
1264,10591,1.0
1265,8294,1.0
1265,14493,1.0
1265,8859,1.0
1265,9487,1.0
1266,1267,1.0
1266,2219,1.0
1267,2727,1.0
1267,8381,1.0
1268,10880,1.0
1268,27942,1.0
1268,10417,1.0
1269,7037,1.0
1269,33149,1.0
1269,30672,1.0
1270,15490,1.0
1270,25318,1.0
1270,29335,1.0
1270,37289,1.0
1271,1272,1.0
1273,1274,1.0
1273,10926,1.0
1273,37198,1.0
1274,10141,1.0
1275,8533,1.0
1275,16863,1.0
1275,9838,1.0
1276,3061,1.0
1277,4541,1.0
1277,13346,1.0
1277,12511,1.0
1278,4684,1.0
1278,5316,1.0
1278,5098,1.0
1278,18931,1.0
1279,13316,1.0
1280,2463,1.0
1280,5405,1.0
1280,21799,1.0
1281,29013,1.0
1282,10658,1.0
1282,21463,1.0
1282,32239,1.0
1284,7801,1.0
1285,9227,1.0
1285,30291,1.0
1285,32698,1.0
1286,13376,1.0
1287,1858,1.0
1288,9044,1.0
1288,8998,1.0
1288,18923,1.0
1288,10652,1.0
1289,7069,1.0
1290,12430,1.0
1290,33968,1.0
1290,37346,1.0
1291,1292,1.0
1291,5573,1.0
1291,8380,1.0
1291,37228,1.0
1292,10873,1.0
1292,22320,1.0
1293,9242,1.0
1294,5023,1.0
1294,2181,1.0
1294,33899,1.0
1294,37538,1.0
1295,4374,1.0
1296,36508,1.0
1297,27194,1.0
1298,2508,1.0
1298,2592,1.0
1298,37058,1.0
1299,1381,1.0
1299,24050,1.0
1299,2075,1.0
1300,9416,1.0
1300,19309,1.0
1300,14981,1.0
1300,12777,1.0
1301,9001,1.0
1301,10708,1.0
1301,25158,1.0
1302,6125,1.0
1302,3906,1.0
1302,10649,1.0
1303,13594,1.0
1303,15601,1.0
1303,26158,1.0
1304,7927,1.0
1305,2471,1.0
1306,6823,1.0
1306,33290,1.0
1307,24697,1.0
1307,4646,1.0
1307,8359,1.0
1307,4302,1.0
1308,5434,1.0
1308,1890,1.0
1308,34492,1.0
1309,7672,1.0
1310,12654,1.0
1310,7197,1.0
1310,3508,1.0
1310,10364,1.0
1311,5341,1.0
1311,9488,1.0
1311,5473,1.0
1311,8618,1.0
1312,1915,1.0
1313,3687,1.0
1313,35996,1.0
1313,2546,1.0
1314,10366,1.0
1314,1344,1.0
1314,7688,1.0
1314,5285,1.0
1315,20099,1.0
1315,16565,1.0
1315,7071,1.0
1316,1820,1.0
1316,7154,1.0
1316,6391,1.0
1317,18067,1.0
1318,3072,1.0
1319,1366,1.0
1320,25634,1.0
1320,3460,1.0
1320,17910,1.0
1321,13548,1.0
1322,10908,1.0
1323,1324,1.0
1325,1326,1.0
1326,1332,1.0
1326,12786,1.0
1326,10399,1.0
1327,5899,1.0
1328,33474,1.0
1328,35336,1.0
1328,31357,1.0
1328,28751,1.0
1329,9594,1.0
1329,1882,1.0
1329,11076,1.0
1330,6855,1.0
1330,12240,1.0
1330,32892,1.0
1332,1333,1.0
1332,4756,1.0
1334,7811,1.0
1334,2869,1.0
1334,15598,1.0
1335,10167,1.0
1336,3688,1.0
1337,25529,1.0
1338,14082,1.0
1338,15308,1.0
1338,31355,1.0
1339,4013,1.0
1340,1341,1.0
1341,13937,1.0
1341,23770,1.0
1341,7236,1.0
1342,1343,1.0
1342,13007,1.0
1342,32956,1.0
1343,19920,1.0
1343,8343,1.0
1344,11090,1.0
1344,21017,1.0
1345,15396,1.0
1346,1347,1.0
1349,2735,1.0
1350,16327,1.0
1350,7238,1.0
1350,16701,1.0
1351,14147,1.0
1351,3110,1.0
1351,2618,1.0
1351,12497,1.0
1352,21435,1.0
1353,1354,1.0
1353,34316,1.0
1353,36843,1.0
1353,21690,1.0
1355,12981,1.0
1355,6254,1.0
1355,32541,1.0
1356,14176,1.0
1356,21347,1.0
1356,32358,1.0
1357,14167,1.0
1357,21067,1.0
1358,12549,1.0
1358,2458,1.0
1359,3558,1.0
1360,4137,1.0
1361,20431,1.0
1361,14146,1.0
1361,17590,1.0
1362,1363,1.0
1364,11751,1.0
1364,4435,1.0
1364,3277,1.0
1365,2311,1.0
1366,34114,1.0
1366,7830,1.0
1367,11332,1.0
1368,11598,1.0
1368,4466,1.0
1368,11707,1.0
1368,16503,1.0
1369,1370,1.0
1369,3263,1.0
1369,13339,1.0
1370,32019,1.0
1370,3635,1.0
1370,30925,1.0
1371,1372,1.0
1371,4596,1.0
1371,3331,1.0
1371,20895,1.0
1373,4306,1.0
1373,11322,1.0
1373,3467,1.0
1374,10034,1.0
1374,33597,1.0
1375,1376,1.0
1375,29171,1.0
1375,3835,1.0
1376,14499,1.0
1376,35231,1.0
1376,12231,1.0
1377,6821,1.0
1377,10402,1.0
1377,35667,1.0
1378,18758,1.0
1379,3515,1.0
1379,2307,1.0
1379,8124,1.0
1380,29698,1.0
1380,33825,1.0
1380,11681,1.0
1381,12493,1.0
1382,4359,1.0
1382,9920,1.0
1382,4081,1.0
1383,2910,1.0
1383,16071,1.0
1383,15878,1.0
1384,4265,1.0
1385,25199,1.0
1385,20502,1.0
1385,12704,1.0
1386,13526,1.0
1386,8699,1.0
1386,20725,1.0
1387,7803,1.0
1387,31958,1.0
1387,37083,1.0
1388,9429,1.0
1388,2688,1.0
1388,34016,1.0
1389,9573,1.0
1390,14731,1.0
1390,31603,1.0
1391,1392,1.0
1393,3045,1.0
1394,2311,1.0
1394,2912,1.0
1395,1617,1.0
1395,4635,1.0
1395,2207,1.0
1396,2013,1.0
1397,1398,1.0
1397,33915,1.0
1397,12765,1.0
1398,5757,1.0
1398,6366,1.0
1399,1400,1.0
1400,1401,1.0
1400,3475,1.0
1400,27773,1.0
1400,29627,1.0
1400,31490,1.0
1400,24211,1.0
1400,32785,1.0
1401,22772,1.0
1401,27623,1.0
1401,16104,1.0
1401,35444,1.0
1401,20814,1.0
1401,4548,1.0
1401,20813,1.0
1402,3382,1.0
1403,1404,1.0
1403,7525,1.0
1403,37311,1.0
1405,1406,1.0
1407,3273,1.0
1407,13580,1.0
1407,18887,1.0
1407,36668,1.0
1408,7228,1.0
1409,1410,1.0
1411,1674,1.0
1411,5184,1.0
1411,2319,1.0
1411,9940,1.0
1412,8358,1.0
1412,1702,1.0
1412,24553,1.0
1413,6858,1.0
1413,8212,1.0
1413,6269,1.0
1414,20013,1.0
1414,26026,1.0
1414,22278,1.0
1415,10122,1.0
1416,29824,1.0
1416,11086,1.0
1416,2035,1.0
1417,7028,1.0
1418,1419,1.0
1418,9439,1.0
1418,8479,1.0
1420,2863,1.0
1421,15469,1.0
1421,10362,1.0
1421,16662,1.0
1422,11379,1.0
1422,9829,1.0
1423,14653,1.0
1425,17903,1.0
1425,17490,1.0
1425,13410,1.0
1426,26414,1.0
1426,36726,1.0
1427,1845,1.0
1427,29034,1.0
1427,31855,1.0
1428,1429,1.0
1428,10634,1.0
1428,22512,1.0
1428,27306,1.0
1429,4925,1.0
1429,18142,1.0
1429,18951,1.0
1430,10936,1.0
1432,1433,1.0
1432,1974,1.0
1432,11677,1.0
1432,14900,1.0
1435,15056,1.0
1435,9990,1.0
1435,34615,1.0
1436,1437,1.0
1436,4432,1.0
1436,11823,1.0
1436,12865,1.0
1438,3523,1.0
1438,9942,1.0
1438,8260,1.0
1439,2908,1.0
1440,2705,1.0
1441,10389,1.0
1442,9954,1.0
1442,10483,1.0
1442,31313,1.0
1443,15986,1.0
1443,3945,1.0
1443,2922,1.0
1444,8407,1.0
1445,1894,1.0
1445,36137,1.0
1445,12596,1.0
1446,3759,1.0
1446,7466,1.0
1446,1754,1.0
1448,9649,1.0
1449,5304,1.0
1449,2780,1.0
1449,7801,1.0
1450,8726,1.0
1450,13179,1.0
1450,10029,1.0
1451,15974,1.0
1452,15287,1.0
1453,4940,1.0
1453,6866,1.0
1453,16240,1.0
1453,6092,1.0
1454,14188,1.0
1454,18533,1.0
1454,4011,1.0
1455,16138,1.0
1455,5260,1.0
1455,14798,1.0
1456,16817,1.0
1457,2548,1.0
1457,2254,1.0
1457,24450,1.0
1458,9858,1.0
1458,9855,1.0
1458,8693,1.0
1459,7288,1.0
1459,25351,1.0
1459,15997,1.0
1460,1461,1.0
1460,2646,1.0
1460,23954,1.0
1461,2188,1.0
1461,16821,1.0
1462,1463,1.0
1463,33905,1.0
1463,3482,1.0
1464,1465,1.0
1465,14431,1.0
1466,13219,1.0
1467,12970,1.0
1468,4163,1.0
1468,4452,1.0
1468,4177,1.0
1468,5981,1.0
1469,2971,1.0
1469,12182,1.0
1469,19381,1.0
1470,4129,1.0
1471,4998,1.0
1471,9898,1.0
1472,3461,1.0
1473,15192,1.0
1473,7435,1.0
1473,10712,1.0
1475,12358,1.0
1475,9233,1.0
1475,14993,1.0
1476,2618,1.0
1476,12126,1.0
1476,18551,1.0
1477,17309,1.0
1477,32064,1.0
1478,3379,1.0
1479,14158,1.0
1479,6902,1.0
1479,10081,1.0
1480,18126,1.0
1481,4176,1.0
1481,4452,1.0
1481,36117,1.0
1482,2423,1.0
1482,2826,1.0
1482,21343,1.0
1483,29802,1.0
1483,25530,1.0
1483,32674,1.0
1484,11103,1.0
1484,11083,1.0
1484,28903,1.0
1484,10057,1.0
1485,9396,1.0
1485,14767,1.0
1486,2752,1.0
1486,9533,1.0
1486,6945,1.0
1487,1488,1.0
1487,6159,1.0
1487,8604,1.0
1489,7748,1.0
1490,12250,1.0
1490,3422,1.0
1490,8438,1.0
1491,8293,1.0
1491,9815,1.0
1491,20613,1.0
1492,5378,1.0
1492,8209,1.0
1492,37160,1.0
1493,2994,1.0
1493,17300,1.0
1493,6086,1.0
1493,36388,1.0
1494,12168,1.0
1494,5135,1.0
1494,4165,1.0
1495,6943,1.0
1495,3089,1.0
1496,22068,1.0
1496,11058,1.0
1496,3366,1.0
1497,7636,1.0
1497,3224,1.0
1497,9251,1.0
1497,19317,1.0
1498,2907,1.0
1498,8898,1.0
1499,4782,1.0
1499,18349,1.0
1500,16019,1.0
1500,4384,1.0
1500,11958,1.0
1501,33176,1.0
1501,2756,1.0
1501,7102,1.0
1501,32903,1.0
1501,33275,1.0
1501,28851,1.0
1502,1503,1.0
1502,7659,1.0
1502,9114,1.0
1503,5859,1.0
1503,11247,1.0
1504,8458,1.0
1504,21716,1.0
1504,6312,1.0
1505,2556,1.0
1505,2877,1.0
1505,35091,1.0
1506,5874,1.0
1507,1508,1.0
1508,7546,1.0
1508,5364,1.0
1508,11724,1.0
1509,7463,1.0
1509,16852,1.0
1509,37585,1.0
1509,12430,1.0
1510,1511,1.0
1510,14234,1.0
1510,13671,1.0
1510,14101,1.0
1512,28558,1.0
1512,12092,1.0
1512,27508,1.0
1513,10557,1.0
1513,13669,1.0
1513,20337,1.0
1514,20777,1.0
1515,8701,1.0
1515,10743,1.0
1515,6497,1.0
1515,10474,1.0
1516,5271,1.0
1516,7272,1.0
1516,21854,1.0
1517,11073,1.0
1517,1817,1.0
1517,6053,1.0
1518,1731,1.0
1518,9676,1.0
1519,20455,1.0
1520,10768,1.0
1520,10303,1.0
1520,13174,1.0
1521,5621,1.0
1521,5413,1.0
1521,4034,1.0
1522,22474,1.0
1522,26895,1.0
1522,17702,1.0
1523,26503,1.0
1523,6364,1.0
1523,13623,1.0
1524,23790,1.0
1524,13377,1.0
1524,24169,1.0
1524,8401,1.0
1525,16837,1.0
1525,27904,1.0
1525,12820,1.0
1526,7545,1.0
1526,11840,1.0
1526,12066,1.0
1526,2000,1.0
1527,34563,1.0
1527,7039,1.0
1527,5728,1.0
1527,15391,1.0
1528,14152,1.0
1528,17984,1.0
1528,2563,1.0
1528,3815,1.0
1529,18484,1.0
1530,3650,1.0
1531,5975,1.0
1531,4449,1.0
1531,12877,1.0
1532,11517,1.0
1533,3580,1.0
1534,3019,1.0
1534,7332,1.0
1535,4947,1.0
1535,2094,1.0
1535,6505,1.0
1535,15861,1.0
1536,7202,1.0
1536,6912,1.0
1536,22140,1.0
1537,1538,1.0
1537,1539,1.0
1537,32225,1.0
1537,20936,1.0
1538,25722,1.0
1538,34610,1.0
1538,33575,1.0
1540,4489,1.0
1541,37387,1.0
1541,6759,1.0
1541,34757,1.0
1542,1543,1.0
1542,11590,1.0
1543,2938,1.0
1543,3534,1.0
1544,10836,1.0
1544,4830,1.0
1545,34396,1.0
1545,5346,1.0
1545,36535,1.0
1547,37322,1.0
1547,36872,1.0
1548,13916,1.0
1548,7362,1.0
1548,9491,1.0
1548,10417,1.0
1549,4089,1.0
1549,24268,1.0
1549,35998,1.0
1550,7464,1.0
1550,20593,1.0
1551,4974,1.0
1551,13550,1.0
1551,35621,1.0
1552,5310,1.0
1553,15469,1.0
1553,17403,1.0
1553,12801,1.0
1554,2779,1.0
1554,4724,1.0
1554,5291,1.0
1555,11333,1.0
1556,5325,1.0
1556,1631,1.0
1556,7301,1.0
1557,17707,1.0
1557,6989,1.0
1557,8937,1.0
1557,17093,1.0
1558,4690,1.0
1558,17865,1.0
1558,3275,1.0
1559,17402,1.0
1560,3881,1.0
1561,24787,1.0
1562,8353,1.0
1563,30445,1.0
1564,5067,1.0
1565,8967,1.0
1566,2974,1.0
1566,2976,1.0
1567,2415,1.0
1568,2464,1.0
1569,10558,1.0
1569,2677,1.0
1569,16605,1.0
1569,4260,1.0
1570,1571,1.0
1570,2847,1.0
1570,12136,1.0
1570,11009,1.0
1572,3663,1.0
1573,8374,1.0
1573,5025,1.0
1573,11391,1.0
1574,1575,1.0
1574,22521,1.0
1574,34201,1.0
1575,28301,1.0
1576,1577,1.0
1577,10059,1.0
1577,22008,1.0
1578,1664,1.0
1578,4070,1.0
1578,3724,1.0
1579,30933,1.0
1580,2778,1.0
1580,2197,1.0
1580,5155,1.0
1582,10862,1.0
1584,12979,1.0
1584,17676,1.0
1584,1925,1.0
1585,1586,1.0
1586,1587,1.0
1586,31046,1.0
1586,28622,1.0
1587,1588,1.0
1587,31047,1.0
1587,24818,1.0
1587,4270,1.0
1587,21314,1.0
1587,22557,1.0
1589,7528,1.0
1589,11454,1.0
1589,12880,1.0
1590,17521,1.0
1591,6135,1.0
1591,6420,1.0
1591,13059,1.0
1591,2736,1.0
1592,5664,1.0
1593,7057,1.0
1593,8714,1.0
1594,15250,1.0
1595,5202,1.0
1595,7477,1.0
1595,3884,1.0
1596,7193,1.0
1596,4178,1.0
1597,16201,1.0
1597,15614,1.0
1597,6717,1.0
1598,8995,1.0
1599,10250,1.0
1600,15178,1.0
1600,2141,1.0
1600,3314,1.0
1600,2687,1.0
1601,2299,1.0
1601,4662,1.0
1601,7851,1.0
1601,18546,1.0
1602,17283,1.0
1602,13474,1.0
1602,4949,1.0
1603,7214,1.0
1603,14740,1.0
1603,12851,1.0
1604,1605,1.0
1604,6051,1.0
1604,8942,1.0
1605,17468,1.0
1605,7085,1.0
1606,1607,1.0
1606,3362,1.0
1606,2859,1.0
1606,4344,1.0
1608,19312,1.0
1608,27013,1.0
1608,31976,1.0
1609,1826,1.0
1609,30787,1.0
1609,10894,1.0
1609,12874,1.0
1610,5730,1.0
1610,7813,1.0
1610,11916,1.0
1611,17187,1.0
1612,9364,1.0
1612,18327,1.0
1612,34049,1.0
1613,15628,1.0
1614,2348,1.0
1614,6888,1.0
1614,12378,1.0
1615,7713,1.0
1615,18061,1.0
1615,25840,1.0
1616,10551,1.0
1618,3931,1.0
1619,2784,1.0
1619,3821,1.0
1620,6585,1.0
1621,13208,1.0
1621,12622,1.0
1621,8227,1.0
1622,24802,1.0
1622,22412,1.0
1622,6177,1.0
1622,20165,1.0
1622,35069,1.0
1622,1646,1.0
1622,25919,1.0
1623,1624,1.0
1624,22981,1.0
1624,29250,1.0
1624,5269,1.0
1625,2074,1.0
1625,3255,1.0
1625,2757,1.0
1626,9740,1.0
1627,7675,1.0
1627,20741,1.0
1627,20052,1.0
1628,19476,1.0
1628,16736,1.0
1628,24788,1.0
1629,10584,1.0
1630,10560,1.0
1631,15173,1.0
1631,2383,1.0
1632,19520,1.0
1632,4083,1.0
1632,14000,1.0
1633,14264,1.0
1633,8071,1.0
1633,3426,1.0
1634,14448,1.0
1634,13848,1.0
1634,36734,1.0
1635,12980,1.0
1635,2366,1.0
1635,3373,1.0
1636,1695,1.0
1636,5357,1.0
1636,21098,1.0
1637,6742,1.0
1638,5219,1.0
1641,2271,1.0
1642,6743,1.0
1643,27434,1.0
1643,23564,1.0
1644,11212,1.0
1644,35743,1.0
1644,21398,1.0
1645,1646,1.0
1645,18809,1.0
1645,31608,1.0
1645,32887,1.0
1645,14299,1.0
1645,22592,1.0
1646,1647,1.0
1646,25622,1.0
1646,19803,1.0
1646,23668,1.0
1646,34574,1.0
1646,32887,1.0
1647,1648,1.0
1647,23924,1.0
1647,23925,1.0
1647,19803,1.0
1647,5269,1.0
1649,4532,1.0
1649,3383,1.0
1649,2832,1.0
1649,3401,1.0
1650,13324,1.0
1650,9576,1.0
1650,7298,1.0
1650,3295,1.0
1651,1823,1.0
1651,13173,1.0
1652,5450,1.0
1652,6374,1.0
1652,14981,1.0
1652,5697,1.0
1653,11209,1.0
1653,35138,1.0
1654,14426,1.0
1654,3576,1.0
1654,6907,1.0
1654,2038,1.0
1655,13362,1.0
1656,3939,1.0
1656,9792,1.0
1656,33769,1.0
1657,11243,1.0
1657,7954,1.0
1657,37296,1.0
1658,16367,1.0
1659,5017,1.0
1660,1661,1.0
1660,7633,1.0
1660,19967,1.0
1660,37153,1.0
1661,5490,1.0
1661,19967,1.0
1662,1663,1.0
1663,2357,1.0
1663,30362,1.0
1664,5722,1.0
1664,1936,1.0
1664,6159,1.0
1665,2818,1.0
1666,10593,1.0
1667,3671,1.0
1667,2822,1.0
1668,3448,1.0
1668,4712,1.0
1668,10946,1.0
1669,1670,1.0
1671,1672,1.0
1671,9511,1.0
1673,12017,1.0
1675,10905,1.0
1675,10832,1.0
1675,2126,1.0
1676,9307,1.0
1677,2461,1.0
1677,6471,1.0
1677,31450,1.0
1678,2833,1.0
1678,10621,1.0
1678,14718,1.0
1679,14661,1.0
1679,2759,1.0
1679,10117,1.0
1680,1681,1.0
1680,5225,1.0
1680,5008,1.0
1682,5664,1.0
1682,35153,1.0
1683,9573,1.0
1684,1685,1.0
1684,6695,1.0
1684,9408,1.0
1686,12014,1.0
1686,12023,1.0
1686,5791,1.0
1686,10856,1.0
1687,15041,1.0
1687,4871,1.0
1688,3655,1.0
1689,1690,1.0
1691,6285,1.0
1691,2237,1.0
1691,37274,1.0
1691,13952,1.0
1692,6206,1.0
1693,2337,1.0
1693,3430,1.0
1693,1925,1.0
1694,10223,1.0
1694,1733,1.0
1694,4101,1.0
1696,3811,1.0
1696,10524,1.0
1696,6054,1.0
1697,6409,1.0
1697,3080,1.0
1697,8185,1.0
1698,1699,1.0
1698,10110,1.0
1698,18396,1.0
1700,14986,1.0
1700,16411,1.0
1700,8849,1.0
1701,24372,1.0
1701,3218,1.0
1701,9346,1.0
1702,1703,1.0
1702,3736,1.0
1704,10232,1.0
1705,1706,1.0
1705,8045,1.0
1705,35158,1.0
1707,23872,1.0
1707,8618,1.0
1707,32118,1.0
1709,1710,1.0
1711,1712,1.0
1712,3413,1.0
1712,11691,1.0
1713,1714,1.0
1713,19388,1.0
1713,3919,1.0
1715,1716,1.0
1715,7626,1.0
1715,3094,1.0
1717,8622,1.0
1717,4237,1.0
1717,32302,1.0
1718,3445,1.0
1718,10209,1.0
1718,5315,1.0
1719,12563,1.0
1719,3787,1.0
1719,8124,1.0
1720,7933,1.0
1720,4140,1.0
1720,33898,1.0
1721,6728,1.0
1721,12120,1.0
1721,13864,1.0
1722,5426,1.0
1723,3549,1.0
1723,1892,1.0
1723,11607,1.0
1724,5067,1.0
1725,9789,1.0
1726,34058,1.0
1727,4411,1.0
1728,2087,1.0
1729,1730,1.0
1729,2016,1.0
1729,3988,1.0
1730,5742,1.0
1730,7434,1.0
1731,1922,1.0
1731,3641,1.0
1732,2144,1.0
1733,2645,1.0
1733,6494,1.0
1733,7263,1.0
1733,24138,1.0
1733,20382,1.0
1734,20905,1.0
1734,19984,1.0
1734,4988,1.0
1735,7365,1.0
1735,1929,1.0
1735,31655,1.0
1736,1737,1.0
1738,1739,1.0
1739,5560,1.0
1739,17498,1.0
1740,22110,1.0
1740,15195,1.0
1740,25243,1.0
1741,1742,1.0
1741,7970,1.0
1741,27061,1.0
1741,3783,1.0
1743,1744,1.0
1743,8320,1.0
1743,29077,1.0
1744,8502,1.0
1745,11244,1.0
1745,2715,1.0
1745,22389,1.0
1746,29527,1.0
1747,28067,1.0
1748,5111,1.0
1748,24479,1.0
1748,33446,1.0
1749,3508,1.0
1749,25037,1.0
1750,36596,1.0
1750,1891,1.0
1750,34008,1.0
1751,3182,1.0
1752,11150,1.0
1752,18287,1.0
1753,15213,1.0
1753,17056,1.0
1755,6524,1.0
1755,10866,1.0
1756,18984,1.0
1757,19846,1.0
1758,11018,1.0
1759,7738,1.0
1759,7990,1.0
1759,4854,1.0
1760,5457,1.0
1760,5042,1.0
1760,23792,1.0
1760,37168,1.0
1761,27325,1.0
1762,24033,1.0
1763,1789,1.0
1764,3547,1.0
1765,1766,1.0
1765,5634,1.0
1765,30676,1.0
1766,5216,1.0
1766,10910,1.0
1768,17436,1.0
1768,2955,1.0
1768,26520,1.0
1769,11273,1.0
1769,4007,1.0
1769,20031,1.0
1770,20854,1.0
1770,14632,1.0
1770,7091,1.0
1771,10535,1.0
1771,1962,1.0
1772,6947,1.0
1773,18799,1.0
1773,4104,1.0
1773,2942,1.0
1774,5003,1.0
1774,6102,1.0
1774,21659,1.0
1774,25951,1.0
1775,1776,1.0
1775,8380,1.0
1775,10620,1.0
1776,7237,1.0
1776,18625,1.0
1777,3195,1.0
1777,9717,1.0
1777,17514,1.0
1777,32463,1.0
1778,9522,1.0
1778,34792,1.0
1779,1780,1.0
1779,15448,1.0
1779,9177,1.0
1780,35304,1.0
1781,3014,1.0
1781,3784,1.0
1781,28813,1.0
1782,9919,1.0
1783,5902,1.0
1784,7302,1.0
1784,5976,1.0
1784,31434,1.0
1785,8588,1.0
1785,31340,1.0
1785,5747,1.0
1786,18382,1.0
1786,15513,1.0
1786,17479,1.0
1787,28266,1.0
1787,18637,1.0
1787,33325,1.0
1788,15889,1.0
1789,4097,1.0
1789,4263,1.0
1789,3180,1.0
1790,11067,1.0
1790,12264,1.0
1790,19560,1.0
1791,5709,1.0
1791,6024,1.0
1791,6053,1.0
1792,1793,1.0
1792,13457,1.0
1792,35889,1.0
1793,7981,1.0
1794,6514,1.0
1795,1796,1.0
1795,11265,1.0
1795,2977,1.0
1798,2638,1.0
1798,10937,1.0
1798,11810,1.0
1798,15107,1.0
1799,4665,1.0
1800,32058,1.0
1801,2521,1.0
1802,23153,1.0
1803,20336,1.0
1803,3108,1.0
1803,23840,1.0
1804,1805,1.0
1804,18806,1.0
1804,18267,1.0
1804,17017,1.0
1805,19203,1.0
1805,32052,1.0
1806,22647,1.0
1806,6372,1.0
1806,11279,1.0
1807,10010,1.0
1808,1809,1.0
1808,12697,1.0
1808,5590,1.0
1809,3415,1.0
1809,37211,1.0
1811,9315,1.0
1811,27635,1.0
1812,1813,1.0
1814,10051,1.0
1814,8314,1.0
1814,25635,1.0
1815,5605,1.0
1815,9119,1.0
1816,2921,1.0
1817,11235,1.0
1817,4862,1.0
1818,20246,1.0
1818,9126,1.0
1818,33205,1.0
1819,8498,1.0
1820,3158,1.0
1820,6019,1.0
1821,4385,1.0
1821,9404,1.0
1821,34088,1.0
1822,1823,1.0
1822,13961,1.0
1822,6836,1.0
1823,2959,1.0
1824,10846,1.0
1824,6025,1.0
1826,2706,1.0
1827,1828,1.0
1827,6854,1.0
1827,4109,1.0
1828,12739,1.0
1828,2986,1.0
1829,7330,1.0
1829,2788,1.0
1830,1831,1.0
1830,10260,1.0
1830,2354,1.0
1830,11839,1.0
1831,3776,1.0
1831,24889,1.0
1832,11676,1.0
1832,15532,1.0
1832,15159,1.0
1833,14639,1.0
1833,3484,1.0
1833,19957,1.0
1834,22978,1.0
1834,13498,1.0
1834,11263,1.0
1835,2140,1.0
1835,7747,1.0
1835,31120,1.0
1837,17542,1.0
1837,5875,1.0
1837,9081,1.0
1837,21594,1.0
1838,6149,1.0
1839,13664,1.0
1840,2936,1.0
1840,2428,1.0
1840,9576,1.0
1841,1842,1.0
1841,22878,1.0
1841,24955,1.0
1843,25726,1.0
1843,4232,1.0
1843,18228,1.0
1844,18304,1.0
1844,10950,1.0
1844,21255,1.0
1845,9232,1.0
1845,7735,1.0
1846,20362,1.0
1847,15610,1.0
1847,5631,1.0
1847,33282,1.0
1848,1849,1.0
1849,10146,1.0
1849,11896,1.0
1850,5372,1.0
1850,3514,1.0
1850,26514,1.0
1851,3853,1.0
1852,6839,1.0
1852,11742,1.0
1852,11624,1.0
1852,15747,1.0
1853,1854,1.0
1853,5953,1.0
1853,4796,1.0
1854,4626,1.0
1854,8337,1.0
1855,11455,1.0
1857,16763,1.0
1858,1859,1.0
1858,16469,1.0
1859,4136,1.0
1859,23873,1.0
1860,15545,1.0
1860,3126,1.0
1860,32078,1.0
1861,32974,1.0
1861,11760,1.0
1862,11948,1.0
1862,8290,1.0
1863,4132,1.0
1864,1865,1.0
1864,16116,1.0
1864,16152,1.0
1865,3435,1.0
1866,6582,1.0
1866,4032,1.0
1866,7511,1.0
1867,7773,1.0
1867,21412,1.0
1868,23937,1.0
1868,7692,1.0
1868,35010,1.0
1869,3484,1.0
1869,5517,1.0
1870,1871,1.0
1870,37309,1.0
1870,18715,1.0
1871,30977,1.0
1871,30247,1.0
1872,1873,1.0
1872,3736,1.0
1872,12166,1.0
1874,10719,1.0
1875,2973,1.0
1876,5899,1.0
1877,4667,1.0
1878,15174,1.0
1878,25791,1.0
1878,12319,1.0
1878,4654,1.0
1879,5372,1.0
1879,5365,1.0
1879,3693,1.0
1880,6241,1.0
1880,9821,1.0
1880,6732,1.0
1880,3912,1.0
1881,27497,1.0
1881,19795,1.0
1881,30761,1.0
1881,17739,1.0
1882,1883,1.0
1882,33328,1.0
1883,2056,1.0
1883,36261,1.0
1884,4996,1.0
1886,1887,1.0
1886,8092,1.0
1886,19932,1.0
1888,17825,1.0
1889,5056,1.0
1890,3023,1.0
1890,3900,1.0
1893,9202,1.0
1895,7285,1.0
1896,9228,1.0
1896,18820,1.0
1896,32497,1.0
1897,10505,1.0
1897,8749,1.0
1897,5940,1.0
1898,8068,1.0
1898,6657,1.0
1898,28856,1.0
1899,10302,1.0
1900,1901,1.0
1901,8908,1.0
1901,8909,1.0
1901,23896,1.0
1902,7551,1.0
1902,10172,1.0
1902,14915,1.0
1903,6774,1.0
1904,5312,1.0
1904,3289,1.0
1904,8273,1.0
1905,8244,1.0
1905,2420,1.0
1905,9011,1.0
1906,7232,1.0
1906,8761,1.0
1906,7040,1.0
1907,7390,1.0
1908,8182,1.0
1908,6250,1.0
1908,12358,1.0
1909,9404,1.0
1909,11944,1.0
1909,27518,1.0
1910,12339,1.0
1910,7622,1.0
1911,12804,1.0
1911,9180,1.0
1911,16296,1.0
1912,10493,1.0
1912,9171,1.0
1912,3668,1.0
1914,13427,1.0
1914,14808,1.0
1914,20968,1.0
1914,15256,1.0
1915,6718,1.0
1915,2198,1.0
1916,30666,1.0
1917,2223,1.0
1917,10313,1.0
1917,28319,1.0
1917,30122,1.0
1918,1919,1.0
1918,10907,1.0
1918,10935,1.0
1920,1921,1.0
1920,4512,1.0
1920,10066,1.0
1921,3767,1.0
1921,5275,1.0
1921,3264,1.0
1923,12846,1.0
1923,10262,1.0
1923,9179,1.0
1924,5741,1.0
1925,20515,1.0
1926,9067,1.0
1926,5487,1.0
1926,22458,1.0
1927,27395,1.0
1928,1929,1.0
1928,10987,1.0
1928,24237,1.0
1929,21905,1.0
1930,6187,1.0
1931,14077,1.0
1931,5443,1.0
1931,10152,1.0
1931,20060,1.0
1932,8437,1.0
1932,4750,1.0
1933,7183,1.0
1933,11282,1.0
1933,19006,1.0
1933,5953,1.0
1933,37243,1.0
1934,3469,1.0
1934,15365,1.0
1934,11889,1.0
1934,14249,1.0
1936,1937,1.0
1936,6953,1.0
1936,5353,1.0
1938,2721,1.0
1939,2527,1.0
1939,19473,1.0
1939,29842,1.0
1941,5431,1.0
1942,30477,1.0
1942,37229,1.0
1943,9485,1.0
1944,7552,1.0
1944,13338,1.0
1944,14358,1.0
1945,2031,1.0
1945,16507,1.0
1946,8670,1.0
1946,4131,1.0
1946,13729,1.0
1947,2824,1.0
1947,12791,1.0
1947,21760,1.0
1948,3541,1.0
1949,1950,1.0
1950,6039,1.0
1950,6203,1.0
1950,6688,1.0
1951,2260,1.0
1952,1953,1.0
1953,4810,1.0
1953,10293,1.0
1953,3583,1.0
1954,7851,1.0
1954,3096,1.0
1954,10596,1.0
1955,10299,1.0
1955,4294,1.0
1956,19851,1.0
1958,1959,1.0
1960,12031,1.0
1960,13640,1.0
1960,6201,1.0
1960,7625,1.0
1961,11264,1.0
1964,14413,1.0
1964,9155,1.0
1964,16817,1.0
1965,2563,1.0
1965,9681,1.0
1965,21702,1.0
1965,16819,1.0
1966,1967,1.0
1967,3869,1.0
1967,34605,1.0
1967,36755,1.0
1968,30953,1.0
1968,18172,1.0
1968,26912,1.0
1969,5712,1.0
1969,10102,1.0
1969,5527,1.0
1970,15200,1.0
1970,15552,1.0
1970,2072,1.0
1971,4619,1.0
1971,2494,1.0
1972,17141,1.0
1972,16858,1.0
1972,26743,1.0
1973,8512,1.0
1973,4832,1.0
1973,4318,1.0
1973,3845,1.0
1974,1975,1.0
1974,10378,1.0
1974,4883,1.0
1976,9885,1.0
1977,1978,1.0
1977,8624,1.0
1977,11582,1.0
1978,12394,1.0
1978,34903,1.0
1979,4504,1.0
1979,9465,1.0
1979,13154,1.0
1980,36444,1.0
1981,1982,1.0
1981,3311,1.0
1981,6475,1.0
1982,5052,1.0
1983,8964,1.0
1983,3407,1.0
1983,9065,1.0
1984,5936,1.0
1985,1986,1.0
1985,32813,1.0
1985,36949,1.0
1986,12510,1.0
1986,35428,1.0
1987,2763,1.0
1987,4373,1.0
1987,5625,1.0
1988,1989,1.0
1988,3250,1.0
1988,3457,1.0
1988,5766,1.0
1988,37586,1.0
1989,8414,1.0
1989,32657,1.0
1990,19722,1.0
1990,14387,1.0
1990,12936,1.0
1991,3884,1.0
1991,3832,1.0
1991,3147,1.0
1992,2649,1.0
1993,1994,1.0
1994,1995,1.0
1994,34953,1.0
1994,5083,1.0
1994,16685,1.0
1994,36066,1.0
1994,36582,1.0
1995,1996,1.0
1995,25255,1.0
1995,25256,1.0
1998,2312,1.0
2000,12664,1.0
2000,20424,1.0
2000,24621,1.0
2001,5643,1.0
2001,13827,1.0
2001,27491,1.0
2002,10849,1.0
2003,16819,1.0
2004,2005,1.0
2004,6870,1.0
2004,35669,1.0
2005,9076,1.0
2005,9377,1.0
2005,34042,1.0
2006,2007,1.0
2006,21535,1.0
2006,28137,1.0
2007,3222,1.0
2007,8525,1.0
2008,3334,1.0
2008,7805,1.0
2009,4286,1.0
2010,12846,1.0
2011,17573,1.0
2011,35903,1.0
2011,33521,1.0
2011,20653,1.0
2012,5490,1.0
2013,2014,1.0
2013,7617,1.0
2014,35823,1.0
2014,7846,1.0
2015,5386,1.0
2015,3646,1.0
2015,7470,1.0
2016,6664,1.0
2016,36660,1.0
2017,11371,1.0
2018,18107,1.0
2018,21459,1.0
2018,19576,1.0
2019,12009,1.0
2019,4171,1.0
2019,17400,1.0
2020,5810,1.0
2021,15097,1.0
2022,6872,1.0
2022,8859,1.0
2022,13321,1.0
2023,2024,1.0
2024,19936,1.0
2024,9206,1.0
2025,11053,1.0
2025,4518,1.0
2025,5162,1.0
2027,3257,1.0
2028,10304,1.0
2028,4917,1.0
2028,36136,1.0
2028,22432,1.0
2028,33092,1.0
2029,3945,1.0
2029,9686,1.0
2029,36765,1.0
2030,5053,1.0
2032,8560,1.0
2033,34305,1.0
2033,14609,1.0
2033,4200,1.0
2033,6715,1.0
2034,12555,1.0
2035,19565,1.0
2035,9341,1.0
2036,3800,1.0
2036,15491,1.0
2036,37530,1.0
2037,2038,1.0
2038,17643,1.0
2039,11888,1.0
2040,37312,1.0
2041,3198,1.0
2041,20852,1.0
2041,4331,1.0
2042,14043,1.0
2042,7129,1.0
2042,10284,1.0
2043,34606,1.0
2043,3112,1.0
2043,35001,1.0
2044,6472,1.0
2045,10015,1.0
2046,16461,1.0
2046,23200,1.0
2046,25633,1.0
2047,2048,1.0
2047,18472,1.0
2047,14164,1.0
2049,2972,1.0
2050,30182,1.0
2050,26780,1.0
2050,35749,1.0
2051,14119,1.0
2051,10283,1.0
2051,2293,1.0
2052,2053,1.0
2052,13629,1.0
2052,34663,1.0
2054,7895,1.0
2055,10816,1.0
2055,3233,1.0
2055,3567,1.0
2056,35424,1.0
2056,35674,1.0
2056,37513,1.0
2057,2058,1.0
2059,2122,1.0
2059,23596,1.0
2059,3974,1.0
2060,2061,1.0
2061,32057,1.0
2061,24265,1.0
2061,26988,1.0
2062,3526,1.0
2062,29087,1.0
2063,2064,1.0
2064,15116,1.0
2064,22887,1.0
2065,2066,1.0
2067,11639,1.0
2067,2968,1.0
2067,19313,1.0
2068,2693,1.0
2068,3888,1.0
2068,8464,1.0
2068,34837,1.0
2069,10505,1.0
2069,10220,1.0
2069,2886,1.0
2070,10380,1.0
2071,10131,1.0
2071,3685,1.0
2071,10470,1.0
2072,10971,1.0
2072,34270,1.0
2073,35584,1.0
2074,5371,1.0
2074,24251,1.0
2075,9451,1.0
2075,3390,1.0
2076,9631,1.0
2077,7830,1.0
2077,10380,1.0
2077,9777,1.0
2077,9858,1.0
2078,2079,1.0
2080,7178,1.0
2080,12266,1.0
2080,17396,1.0
2081,7501,1.0
2081,5852,1.0
2081,7996,1.0
2082,13996,1.0
2082,29568,1.0
2083,11598,1.0
2084,2634,1.0
2084,7670,1.0
2084,26202,1.0
2084,34757,1.0
2084,20402,1.0
2085,13730,1.0
2085,37219,1.0
2085,13122,1.0
2086,2189,1.0
2086,8519,1.0
2086,17408,1.0
2086,24931,1.0
2087,17276,1.0
2087,11048,1.0
2088,2581,1.0
2088,15122,1.0
2088,24895,1.0
2089,8322,1.0
2089,11230,1.0
2089,5547,1.0
2089,3895,1.0
2090,13182,1.0
2090,15062,1.0
2090,20650,1.0
2091,27258,1.0
2091,35576,1.0
2091,13035,1.0
2091,34407,1.0
2093,30912,1.0
2093,33034,1.0
2093,3355,1.0
2095,10633,1.0
2096,2097,1.0
2096,7703,1.0
2096,35264,1.0
2097,10418,1.0
2097,4297,1.0
2098,14453,1.0
2099,12315,1.0
2099,4225,1.0
2100,2101,1.0
2100,8016,1.0
2101,3114,1.0
2101,4427,1.0
2102,26910,1.0
2102,30518,1.0
2102,33252,1.0
2102,2953,1.0
2104,14195,1.0
2105,12568,1.0
2105,18548,1.0
2105,4951,1.0
2106,10927,1.0
2106,7091,1.0
2106,2630,1.0
2106,16379,1.0
2107,8780,1.0
2107,6976,1.0
2107,10119,1.0
2107,22551,1.0
2108,3137,1.0
2108,15378,1.0
2109,3776,1.0
2109,34936,1.0
2110,21232,1.0
2110,2119,1.0
2110,24234,1.0
2112,2113,1.0
2112,2441,1.0
2112,20330,1.0
2112,6371,1.0
2114,11013,1.0
2114,7362,1.0
2114,20775,1.0
2115,6008,1.0
2115,5852,1.0
2116,6334,1.0
2116,22267,1.0
2116,27193,1.0
2117,11771,1.0
2117,15690,1.0
2117,21041,1.0
2118,21877,1.0
2119,2988,1.0
2120,7337,1.0
2120,24680,1.0
2120,18563,1.0
2121,3355,1.0
2121,10198,1.0
2122,17986,1.0
2122,6709,1.0
2123,32650,1.0
2123,10315,1.0
2123,32702,1.0
2124,2125,1.0
2125,7373,1.0
2125,9663,1.0
2126,26679,1.0
2126,29821,1.0
2126,7962,1.0
2126,32528,1.0
2127,8588,1.0
2127,9274,1.0
2127,13131,1.0
2128,2256,1.0
2128,7796,1.0
2129,4407,1.0
2129,6190,1.0
2130,11769,1.0
2130,8167,1.0
2131,2132,1.0
2131,13543,1.0
2131,19109,1.0
2132,11189,1.0
2132,12814,1.0
2133,8337,1.0
2134,31225,1.0
2134,36240,1.0
2135,5482,1.0
2135,4396,1.0
2135,11837,1.0
2135,12841,1.0
2136,4759,1.0
2137,30048,1.0
2138,10829,1.0
2138,13004,1.0
2138,19128,1.0
2139,16673,1.0
2139,9818,1.0
2139,4179,1.0
2140,13092,1.0
2140,20588,1.0
2141,9782,1.0
2141,12130,1.0
2142,2498,1.0
2143,24552,1.0
2144,9587,1.0
2145,4331,1.0
2146,7966,1.0
2146,12612,1.0
2146,4209,1.0
2147,7048,1.0
2147,7903,1.0
2147,11639,1.0
2148,13181,1.0
2148,4018,1.0
2148,23126,1.0
2149,2150,1.0
2149,6907,1.0
2149,15956,1.0
2150,13591,1.0
2150,34343,1.0
2151,5603,1.0
2151,12171,1.0
2151,28811,1.0
2152,2153,1.0
2152,30142,1.0
2152,5963,1.0
2153,5797,1.0
2153,14371,1.0
2153,35720,1.0
2154,3177,1.0
2155,7143,1.0
2156,14704,1.0
2156,19262,1.0
2157,2158,1.0
2158,2159,1.0
2158,12036,1.0
2158,13604,1.0
2158,21826,1.0
2158,24175,1.0
2158,28327,1.0
2158,23265,1.0
2158,31021,1.0
2158,23064,1.0
2159,2160,1.0
2159,33901,1.0
2159,34081,1.0
2159,23265,1.0
2160,2161,1.0
2160,14834,1.0
2160,25545,1.0
2160,31732,1.0
2161,2162,1.0
2161,25545,1.0
2163,2829,1.0
2163,14483,1.0
2164,4819,1.0
2164,9096,1.0
2164,14870,1.0
2165,7187,1.0
2166,9103,1.0
2166,20378,1.0
2167,3501,1.0
2168,27093,1.0
2168,13523,1.0
2168,19477,1.0
2169,2751,1.0
2170,2171,1.0
2171,4426,1.0
2171,4928,1.0
2171,10162,1.0
2172,6262,1.0
2172,14487,1.0
2173,16193,1.0
2174,12227,1.0
2174,8484,1.0
2174,36048,1.0
2175,19004,1.0
2175,7872,1.0
2175,18193,1.0
2176,2177,1.0
2176,13108,1.0
2176,30379,1.0
2177,5577,1.0
2177,37421,1.0
2178,6853,1.0
2178,6503,1.0
2178,3612,1.0
2178,19906,1.0
2179,26828,1.0
2179,13339,1.0
2179,27841,1.0
2180,8260,1.0
2181,4018,1.0
2182,7697,1.0
2182,31396,1.0
2182,8688,1.0
2183,4595,1.0
2184,11040,1.0
2185,8303,1.0
2186,32428,1.0
2186,3463,1.0
2186,3441,1.0
2187,15647,1.0
2187,6907,1.0
2187,10765,1.0
2188,2206,1.0
2188,8390,1.0
2188,22547,1.0
2189,12184,1.0
2189,16112,1.0
2190,3996,1.0
2190,4302,1.0
2190,10095,1.0
2191,9612,1.0
2192,2193,1.0
2192,12008,1.0
2192,9939,1.0
2194,3188,1.0
2194,10497,1.0
2194,29379,1.0
2195,11423,1.0
2195,2840,1.0
2195,24966,1.0
2196,6695,1.0
2196,13038,1.0
2196,13457,1.0
2197,2198,1.0
2197,13634,1.0
2198,29594,1.0
2199,2358,1.0
2200,11710,1.0
2200,36417,1.0
2200,14350,1.0
2201,16668,1.0
2201,18545,1.0
2202,9555,1.0
2202,7912,1.0
2202,23813,1.0
2203,2204,1.0
2203,29273,1.0
2203,7471,1.0
2204,5488,1.0
2204,34249,1.0
2205,8982,1.0
2206,14190,1.0
2208,28938,1.0
2208,3415,1.0
2208,24054,1.0
2209,2779,1.0
2209,9333,1.0
2209,32729,1.0
2210,2211,1.0
2210,4179,1.0
2210,31287,1.0
2211,9552,1.0
2211,20351,1.0
2212,9343,1.0
2212,20309,1.0
2212,36013,1.0
2213,9673,1.0
2213,5828,1.0
2213,6262,1.0
2213,5241,1.0
2214,10500,1.0
2215,5307,1.0
2216,5808,1.0
2217,13529,1.0
2217,14372,1.0
2217,6506,1.0
2218,18577,1.0
2219,2220,1.0
2219,7647,1.0
2220,9936,1.0
2221,26802,1.0
2221,4163,1.0
2221,27642,1.0
2222,6291,1.0
2223,2934,1.0
2223,30156,1.0
2224,5018,1.0
2224,6090,1.0
2224,14566,1.0
2225,2226,1.0
2226,4982,1.0
2226,12742,1.0
2227,2381,1.0
2228,4295,1.0
2229,4282,1.0
2230,3456,1.0
2231,3218,1.0
2231,8390,1.0
2231,15613,1.0
2232,2233,1.0
2232,20941,1.0
2232,7520,1.0
2233,11668,1.0
2233,33872,1.0
2234,7437,1.0
2234,8915,1.0
2234,17070,1.0
2234,4151,1.0
2235,27083,1.0
2235,4550,1.0
2235,10035,1.0
2235,16624,1.0
2236,16230,1.0
2237,15045,1.0
2237,7129,1.0
2237,6703,1.0
2238,6811,1.0
2238,6847,1.0
2238,16848,1.0
2239,3632,1.0
2239,8724,1.0
2239,9388,1.0
2240,3396,1.0
2240,13526,1.0
2240,17859,1.0
2241,8213,1.0
2242,17063,1.0
2243,18269,1.0
2244,6591,1.0
2244,10249,1.0
2244,13286,1.0
2246,6108,1.0
2246,15699,1.0
2246,3971,1.0
2246,33172,1.0
2247,7845,1.0
2247,4198,1.0
2247,12098,1.0
2248,4126,1.0
2248,5473,1.0
2248,22744,1.0
2249,2250,1.0
2251,3401,1.0
2252,11555,1.0
2252,4575,1.0
2252,16726,1.0
2253,3763,1.0
2253,3910,1.0
2254,3870,1.0
2254,26266,1.0
2255,3046,1.0
2256,6773,1.0
2256,8803,1.0
2257,2258,1.0
2258,33755,1.0
2258,6316,1.0
2258,32138,1.0
2259,3745,1.0
2259,2678,1.0
2260,20892,1.0
2260,15564,1.0
2261,2262,1.0
2261,17696,1.0
2261,30795,1.0
2261,21080,1.0
2261,22239,1.0
2262,2263,1.0
2262,4029,1.0
2264,2265,1.0
2265,10923,1.0
2265,12264,1.0
2266,11493,1.0
2267,2268,1.0
2267,33296,1.0
2268,2345,1.0
2268,34065,1.0
2269,5278,1.0
2270,10439,1.0
2271,2272,1.0
2271,16989,1.0
2271,17752,1.0
2272,8326,1.0
2272,15036,1.0
2274,5314,1.0
2275,4313,1.0
2276,2277,1.0
2277,2278,1.0
2277,22479,1.0
2277,13250,1.0
2277,32517,1.0
2277,18239,1.0
2278,12409,1.0
2278,12410,1.0
2278,22480,1.0
2278,22516,1.0
2278,9715,1.0
2278,31787,1.0
2278,32491,1.0
2278,26003,1.0
2279,2280,1.0
2279,8544,1.0
2279,12178,1.0
2281,2324,1.0
2281,4078,1.0
2281,25628,1.0
2282,14136,1.0
2282,33873,1.0
2283,12504,1.0
2284,16202,1.0
2284,12575,1.0
2284,5165,1.0
2285,2286,1.0
2285,35299,1.0
2285,28887,1.0
2286,31381,1.0
2286,26168,1.0
2287,6292,1.0
2287,12555,1.0
2287,2560,1.0
2288,5512,1.0
2290,16199,1.0
2290,11877,1.0
2290,12508,1.0
2290,23095,1.0
2291,13502,1.0
2292,11156,1.0
2293,6644,1.0
2293,31623,1.0
2294,9097,1.0
2295,4446,1.0
2296,17093,1.0
2297,2298,1.0
2297,6285,1.0
2297,33603,1.0
2297,11087,1.0
2298,21846,1.0
2298,36239,1.0
2300,4447,1.0
2301,3592,1.0
2301,4189,1.0
2301,3769,1.0
2302,5431,1.0
2303,12469,1.0
2304,2305,1.0
2305,34388,1.0
2305,5124,1.0
2305,30366,1.0
2305,9194,1.0
2306,23592,1.0
2306,21018,1.0
2306,15274,1.0
2306,26410,1.0
2307,6061,1.0
2307,14402,1.0
2307,29430,1.0
2308,8212,1.0
2308,32570,1.0
2309,26086,1.0
2310,8127,1.0
2310,4986,1.0
2310,29936,1.0
2311,2312,1.0
2311,5574,1.0
2312,4374,1.0
2313,2661,1.0
2314,19287,1.0
2315,7445,1.0
2316,2317,1.0
2317,5306,1.0
2317,11637,1.0
2317,19033,1.0
2318,5161,1.0
2318,5840,1.0
2318,13762,1.0
2319,2320,1.0
2319,2751,1.0
2321,16354,1.0
2321,2496,1.0
2322,2323,1.0
2322,3094,1.0
2323,10667,1.0
2323,2432,1.0
2324,11838,1.0
2324,7942,1.0
2325,10631,1.0
2325,10275,1.0
2326,2327,1.0
2328,7987,1.0
2329,2330,1.0
2329,8566,1.0
2329,12257,1.0
2331,20257,1.0
2332,2333,1.0
2332,2572,1.0
2332,37596,1.0
2334,37060,1.0
2335,4359,1.0
2336,9383,1.0
2336,8117,1.0
2336,36572,1.0
2338,2387,1.0
2339,6701,1.0
2340,5771,1.0
2340,9574,1.0
2340,9019,1.0
2342,8144,1.0
2343,3546,1.0
2343,8153,1.0
2343,9863,1.0
2344,12175,1.0
2344,12310,1.0
2344,33767,1.0
2345,9082,1.0
2345,30405,1.0
2346,14935,1.0
2347,3913,1.0
2348,11244,1.0
2348,2352,1.0
2349,13424,1.0
2350,12316,1.0
2350,11814,1.0
2350,4908,1.0
2351,12159,1.0
2351,7779,1.0
2352,14212,1.0
2352,23465,1.0
2353,17721,1.0
2354,6472,1.0
2354,7266,1.0
2355,6871,1.0
2356,14976,1.0
2356,3880,1.0
2356,9447,1.0
2357,2358,1.0
2357,2428,1.0
2358,8884,1.0
2359,6980,1.0
2359,15847,1.0
2359,35265,1.0
2360,16568,1.0
2360,37337,1.0
2361,21215,1.0
2361,11839,1.0
2361,32818,1.0
2362,4158,1.0
2362,4318,1.0
2362,32404,1.0
2363,2364,1.0
2363,25258,1.0
2363,27532,1.0
2365,9509,1.0
2365,8925,1.0
2365,7576,1.0
2366,2367,1.0
2366,7242,1.0
2368,13749,1.0
2368,6828,1.0
2368,6483,1.0
2369,14473,1.0
2370,2371,1.0
2370,25856,1.0
2370,2776,1.0
2373,10496,1.0
2373,32324,1.0
2374,2375,1.0
2375,2376,1.0
2375,20813,1.0
2375,22637,1.0
2375,22869,1.0
2375,23983,1.0
2375,20814,1.0
2375,27092,1.0
2375,36129,1.0
2375,29564,1.0
2376,2377,1.0
2376,23961,1.0
2378,3309,1.0
2379,26018,1.0
2380,13845,1.0
2380,11416,1.0
2380,34435,1.0
2381,6948,1.0
2381,7788,1.0
2382,13523,1.0
2383,5369,1.0
2383,13624,1.0
2384,2385,1.0
2384,19815,1.0
2384,9846,1.0
2385,13210,1.0
2385,8736,1.0
2386,6765,1.0
2387,13696,1.0
2388,14452,1.0
2388,13257,1.0
2388,6066,1.0
2389,4712,1.0
2390,11724,1.0
2390,14749,1.0
2390,8300,1.0
2391,31533,1.0
2392,12287,1.0
2393,19327,1.0
2393,4433,1.0
2393,27323,1.0
2394,9489,1.0
2394,5906,1.0
2394,31285,1.0
2395,16239,1.0
2395,9295,1.0
2395,13357,1.0
2396,6233,1.0
2397,10977,1.0
2398,3514,1.0
2398,19311,1.0
2398,15745,1.0
2399,8026,1.0
2400,2401,1.0
2401,11359,1.0
2401,12135,1.0
2402,12050,1.0
2402,9140,1.0
2402,19100,1.0
2403,15548,1.0
2403,14647,1.0
2403,20982,1.0
2404,11695,1.0
2404,2647,1.0
2404,13341,1.0
2404,15478,1.0
2405,30315,1.0
2405,13331,1.0
2405,37321,1.0
2406,18287,1.0
2406,19436,1.0
2407,2408,1.0
2409,11861,1.0
2409,10352,1.0
2410,8854,1.0
2410,3916,1.0
2410,20178,1.0
2412,15960,1.0
2412,15498,1.0
2412,30176,1.0
2412,30874,1.0
2412,28780,1.0
2412,2413,1.0
2414,11697,1.0
2414,27813,1.0
2415,10786,1.0
2415,32245,1.0
2416,6499,1.0
2416,8086,1.0
2417,3933,1.0
2417,12988,1.0
2418,6151,1.0
2418,37112,1.0
2418,10699,1.0
2419,15422,1.0
2420,9647,1.0
2420,20930,1.0
2421,14150,1.0
2422,3344,1.0
2422,6800,1.0
2422,35575,1.0
2423,14803,1.0
2423,6426,1.0
2424,7796,1.0
2424,17756,1.0
2424,33539,1.0
2425,8801,1.0
2425,6655,1.0
2425,6451,1.0
2426,10409,1.0
2427,13658,1.0
2427,9067,1.0
2427,19869,1.0
2428,10589,1.0
2429,2430,1.0
2429,16341,1.0
2429,21950,1.0
2431,15757,1.0
2432,2515,1.0
2432,7588,1.0
2432,8391,1.0
2433,13546,1.0
2433,5599,1.0
2433,27982,1.0
2434,8150,1.0
2434,2825,1.0
2434,6005,1.0
2434,9737,1.0
2434,10494,1.0
2435,8161,1.0
2435,6186,1.0
2435,2975,1.0
2435,8759,1.0
2435,28822,1.0
2436,14744,1.0
2436,9784,1.0
2436,35429,1.0
2437,10585,1.0
2437,7432,1.0
2437,14776,1.0
2438,5699,1.0
2438,18438,1.0
2438,9206,1.0
2440,3168,1.0
2440,31882,1.0
2440,19947,1.0
2442,18518,1.0
2442,10394,1.0
2442,28152,1.0
2443,4766,1.0
2444,4870,1.0
2444,5999,1.0
2445,13460,1.0
2445,2686,1.0
2445,18224,1.0
2446,9680,1.0
2446,28135,1.0
2447,10483,1.0
2447,37012,1.0
2447,2675,1.0
2447,11926,1.0
2447,30070,1.0
2447,35776,1.0
2448,2884,1.0
2448,5841,1.0
2449,10326,1.0
2450,15447,1.0
2450,2739,1.0
2450,14992,1.0
2450,33293,1.0
2451,4008,1.0
2452,2453,1.0
2452,7650,1.0
2452,32986,1.0
2454,2519,1.0
2454,15368,1.0
2454,32397,1.0
2455,11708,1.0
2455,7275,1.0
2456,2457,1.0
2458,6756,1.0
2458,37557,1.0
2459,12032,1.0
2459,21192,1.0
2459,35486,1.0
2460,6517,1.0
2460,11799,1.0
2460,33337,1.0
2461,17850,1.0
2461,26505,1.0
2462,3673,1.0
2463,9368,1.0
2463,10092,1.0
2463,16114,1.0
2464,18547,1.0
2464,18087,1.0
2465,15186,1.0
2465,7068,1.0
2465,27452,1.0
2466,24886,1.0
2466,16861,1.0
2466,25066,1.0
2467,9935,1.0
2467,14595,1.0
2468,6167,1.0
2468,11447,1.0
2469,2470,1.0
2471,35361,1.0
2471,7604,1.0
2472,9486,1.0
2473,10431,1.0
2473,28545,1.0
2474,10853,1.0
2474,2703,1.0
2474,19623,1.0
2475,5420,1.0
2475,11392,1.0
2476,3171,1.0
2476,5609,1.0
2478,17436,1.0
2479,2480,1.0
2479,6162,1.0
2479,26311,1.0
2480,13702,1.0
2480,9323,1.0
2480,6220,1.0
2481,13261,1.0
2482,8111,1.0
2482,4428,1.0
2482,6083,1.0
2483,21458,1.0
2483,9415,1.0
2483,8373,1.0
2484,29099,1.0
2484,15161,1.0
2484,17583,1.0
2485,6538,1.0
2485,19506,1.0
2486,16156,1.0
2486,35690,1.0
2486,4917,1.0
2486,33705,1.0
2487,12198,1.0
2488,2489,1.0
2488,6830,1.0
2489,4455,1.0
2489,3310,1.0
2490,3850,1.0
2490,5650,1.0
2490,15866,1.0
2491,12451,1.0
2491,7643,1.0
2492,6520,1.0
2493,12294,1.0
2494,14042,1.0
2494,15653,1.0
2495,6561,1.0
2495,9674,1.0
2495,28641,1.0
2496,9869,1.0
2496,31558,1.0
2497,12546,1.0
2497,11547,1.0
2497,19652,1.0
2499,13813,1.0
2499,4991,1.0
2499,32880,1.0
2501,3859,1.0
2501,14356,1.0
2501,16433,1.0
2502,9407,1.0
2504,7248,1.0
2504,7375,1.0
2504,4338,1.0
2505,8546,1.0
2505,10278,1.0
2505,14290,1.0
2506,19868,1.0
2507,18941,1.0
2507,11657,1.0
2507,18242,1.0
2508,17487,1.0
2508,2949,1.0
2509,4996,1.0
2509,7111,1.0
2509,6521,1.0
2510,17467,1.0
2510,21816,1.0
2510,7309,1.0
2510,20376,1.0
2511,4196,1.0
2512,20597,1.0
2513,2936,1.0
2513,10551,1.0
2513,25278,1.0
2514,12494,1.0
2515,7088,1.0
2515,5784,1.0
2516,7236,1.0
2516,7481,1.0
2516,8814,1.0
2517,8851,1.0
2517,23013,1.0
2517,10832,1.0
2518,11945,1.0
2519,16648,1.0
2519,11584,1.0
2520,8022,1.0
2520,23400,1.0
2520,21683,1.0
2521,3774,1.0
2521,11399,1.0
2522,11467,1.0
2522,20008,1.0
2522,27177,1.0
2523,16668,1.0
2524,21778,1.0
2525,26336,1.0
2526,7114,1.0
2526,33210,1.0
2526,13673,1.0
2527,12458,1.0
2527,4429,1.0
2528,2529,1.0
2528,29783,1.0
2528,7627,1.0
2529,13163,1.0
2529,30968,1.0
2530,15945,1.0
2530,21371,1.0
2530,24338,1.0
2530,24157,1.0
2531,28507,1.0
2531,18607,1.0
2531,27353,1.0
2532,2533,1.0
2532,6323,1.0
2532,10281,1.0
2533,12576,1.0
2533,23192,1.0
2534,2535,1.0
2534,13488,1.0
2534,12642,1.0
2536,27030,1.0
2536,10325,1.0
2536,6809,1.0
2537,9359,1.0
2537,14616,1.0
2537,13006,1.0
2538,2539,1.0
2538,3902,1.0
2539,6377,1.0
2539,2874,1.0
2540,12125,1.0
2540,16015,1.0
2541,3640,1.0
2541,7752,1.0
2541,15226,1.0
2542,3892,1.0
2542,9483,1.0
2542,5704,1.0
2542,30918,1.0
2543,14824,1.0
2543,17143,1.0
2543,24572,1.0
2544,2639,1.0
2544,7746,1.0
2544,3546,1.0
2545,2546,1.0
2546,3257,1.0
2547,12060,1.0
2547,9819,1.0
2547,14322,1.0
2547,6327,1.0
2549,16385,1.0
2550,2551,1.0
2550,10434,1.0
2550,11275,1.0
2552,8587,1.0
2552,11823,1.0
2552,4254,1.0
2553,7661,1.0
2553,3523,1.0
2553,7262,1.0
2553,5638,1.0
2554,6466,1.0
2554,3454,1.0
2554,2748,1.0
2555,4752,1.0
2555,14790,1.0
2555,28235,1.0
2556,2741,1.0
2556,4609,1.0
2557,8980,1.0
2558,11072,1.0
2559,3488,1.0
2559,6741,1.0
2559,21822,1.0
2559,7250,1.0
2560,15227,1.0
2560,5596,1.0
2561,14391,1.0
2561,15509,1.0
2561,17271,1.0
2562,16948,1.0
2562,8264,1.0
2562,17654,1.0
2563,11396,1.0
2564,5575,1.0
2564,5573,1.0
2565,2566,1.0
2567,11759,1.0
2567,15513,1.0
2567,35843,1.0
2568,20393,1.0
2569,2570,1.0
2570,12014,1.0
2570,23682,1.0
2571,5903,1.0
2571,20376,1.0
2571,15742,1.0
2572,11191,1.0
2572,6585,1.0
2573,5230,1.0
2574,11878,1.0
2574,12031,1.0
2574,36617,1.0
2574,31709,1.0
2575,6677,1.0
2575,12944,1.0
2575,34867,1.0
2576,2577,1.0
2576,13065,1.0
2576,9690,1.0
2576,6568,1.0
2578,13618,1.0
2578,14750,1.0
2578,15219,1.0
2578,21037,1.0
2579,13763,1.0
2579,12020,1.0
2579,15680,1.0
2580,7765,1.0
2582,10515,1.0
2582,3286,1.0
2582,16267,1.0
2583,11055,1.0
2583,12082,1.0
2583,33608,1.0
2584,8491,1.0
2584,19798,1.0
2584,21604,1.0
2585,7979,1.0
2586,7384,1.0
2587,2588,1.0
2588,2968,1.0
2588,9751,1.0
2589,5018,1.0
2589,15917,1.0
2589,22070,1.0
2590,11798,1.0
2590,6786,1.0
2590,13722,1.0
2590,5470,1.0
2591,7160,1.0
2591,3439,1.0
2591,7673,1.0
2592,3004,1.0
2592,8491,1.0
2593,26744,1.0
2594,10968,1.0
2595,2596,1.0
2595,30375,1.0
2595,36251,1.0
2596,11248,1.0
2596,33507,1.0
2597,9685,1.0
2598,13903,1.0
2598,9913,1.0
2599,7420,1.0
2599,10521,1.0
2599,13322,1.0
2600,27612,1.0
2601,5761,1.0
2601,5098,1.0
2602,8278,1.0
2603,10392,1.0
2604,13094,1.0
2604,10222,1.0
2604,9671,1.0
2605,32745,1.0
2606,16047,1.0
2606,24938,1.0
2606,27821,1.0
2607,20201,1.0
2607,21431,1.0
2607,18796,1.0
2608,27530,1.0
2609,2610,1.0
2611,2612,1.0
2611,4199,1.0
2611,37329,1.0
2611,18507,1.0
2613,4445,1.0
2613,4859,1.0
2614,3184,1.0
2614,10287,1.0
2614,5885,1.0
2615,10635,1.0
2615,17109,1.0
2616,20668,1.0
2616,5379,1.0
2616,4327,1.0
2616,35942,1.0
2617,5180,1.0
2618,17082,1.0
2619,2620,1.0
2621,6599,1.0
2622,9803,1.0
2622,36108,1.0
2623,13733,1.0
2624,5272,1.0
2625,24035,1.0
2626,3562,1.0
2627,7010,1.0
2627,8843,1.0
2627,8043,1.0
2628,5305,1.0
2629,9683,1.0
2630,17480,1.0
2630,6168,1.0
2630,15252,1.0
2631,8358,1.0
2631,16159,1.0
2631,11981,1.0
2632,2633,1.0
2632,6528,1.0
2632,32776,1.0
2633,12226,1.0
2634,6651,1.0
2634,12882,1.0
2635,37610,1.0
2635,3080,1.0
2635,35971,1.0
2637,11234,1.0
2637,4381,1.0
2638,10080,1.0
2638,25106,1.0
2638,35698,1.0
2640,5009,1.0
2641,13112,1.0
2641,3026,1.0
2642,2643,1.0
2643,16209,1.0
2643,5896,1.0
2644,15187,1.0
2645,20181,1.0
2645,4166,1.0
2646,8852,1.0
2646,3940,1.0
2647,12601,1.0
2647,9550,1.0
2648,7607,1.0
2648,3387,1.0
2648,6889,1.0
2650,14337,1.0
2650,10273,1.0
2650,34297,1.0
2651,3300,1.0
2652,4917,1.0
2652,10773,1.0
2652,18701,1.0
2652,17550,1.0
2653,2654,1.0
2653,31505,1.0
2654,4755,1.0
2654,36933,1.0
2655,3096,1.0
2655,20800,1.0
2655,17211,1.0
2656,5475,1.0
2656,5053,1.0
2656,25599,1.0
2657,3232,1.0
2657,5638,1.0
2657,26918,1.0
2658,13207,1.0
2658,8231,1.0
2658,12009,1.0
2659,5122,1.0
2659,3162,1.0
2660,19745,1.0
2660,5368,1.0
2660,32717,1.0
2661,17978,1.0
2661,16695,1.0
2662,2663,1.0
2663,14588,1.0
2663,13623,1.0
2663,28657,1.0
2664,11596,1.0
2665,16778,1.0
2665,12842,1.0
2665,17925,1.0
2665,17355,1.0
2665,34722,1.0
2666,18336,1.0
2667,4973,1.0
2668,11920,1.0
2669,12972,1.0
2669,4380,1.0
2669,6222,1.0
2670,18289,1.0
2670,15317,1.0
2670,20429,1.0
2671,8165,1.0
2671,23590,1.0
2671,8418,1.0
2672,12472,1.0
2672,9321,1.0
2672,5384,1.0
2672,32825,1.0
2673,6112,1.0
2673,18502,1.0
2674,4759,1.0
2675,7979,1.0
2675,9750,1.0
2676,3882,1.0
2676,11905,1.0
2676,7082,1.0
2677,11912,1.0
2677,19867,1.0
2677,30242,1.0
2678,5992,1.0
2678,11556,1.0
2678,24428,1.0
2679,14320,1.0
2679,17583,1.0
2679,28474,1.0
2680,8656,1.0
2680,11015,1.0
2680,3095,1.0
2681,16201,1.0
2681,12481,1.0
2681,14103,1.0
2682,2808,1.0
2682,11996,1.0
2682,23133,1.0
2684,15373,1.0
2684,9877,1.0
2684,20906,1.0
2685,11180,1.0
2685,14368,1.0
2685,30042,1.0
2686,12886,1.0
2686,4084,1.0
2687,2688,1.0
2687,30552,1.0
2688,32469,1.0
2689,20619,1.0
2689,25852,1.0
2689,22141,1.0
2690,9495,1.0
2690,24023,1.0
2691,2696,1.0
2691,9578,1.0
2691,10556,1.0
2692,7833,1.0
2692,3123,1.0
2692,25136,1.0
2693,2694,1.0
2693,4212,1.0
2694,4979,1.0
2694,32985,1.0
2695,16458,1.0
2696,6841,1.0
2696,13147,1.0
2697,4014,1.0
2697,7400,1.0
2697,36428,1.0
2698,5417,1.0
2698,3968,1.0
2698,27192,1.0
2699,7166,1.0
2699,10890,1.0
2699,21842,1.0
2700,6631,1.0
2700,36166,1.0
2701,2702,1.0
2701,9610,1.0
2701,26292,1.0
2702,23945,1.0
2703,5981,1.0
2703,11500,1.0
2705,4856,1.0
2705,11867,1.0
2705,6669,1.0
2706,17687,1.0
2706,23314,1.0
2707,2742,1.0
2708,4853,1.0
2709,9940,1.0
2710,7817,1.0
2710,8598,1.0
2710,29739,1.0
2711,2712,1.0
2711,8467,1.0
2711,31681,1.0
2712,5261,1.0
2712,30957,1.0
2713,14221,1.0
2713,13134,1.0
2713,34454,1.0
2714,8450,1.0
2714,8231,1.0
2714,9365,1.0
2715,16906,1.0
2715,17394,1.0
2718,16626,1.0
2718,8543,1.0
2718,4464,1.0
2719,2720,1.0
2720,12799,1.0
2720,5597,1.0
2721,5894,1.0
2721,4253,1.0
2722,8337,1.0
2723,9381,1.0
2723,22497,1.0
2723,34402,1.0
2724,3425,1.0
2725,21855,1.0
2726,13231,1.0
2728,27676,1.0
2728,4698,1.0
2728,37249,1.0
2729,8557,1.0
2729,12975,1.0
2729,7378,1.0
2730,16153,1.0
2730,13807,1.0
2730,16410,1.0
2731,7971,1.0
2731,9375,1.0
2731,29274,1.0
2732,7969,1.0
2732,7521,1.0
2733,20771,1.0
2734,6171,1.0
2734,6170,1.0
2734,17196,1.0
2735,14402,1.0
2735,13045,1.0
2736,27420,1.0
2736,8401,1.0
2737,7598,1.0
2738,6887,1.0
2738,11123,1.0
2738,19274,1.0
2739,14501,1.0
2739,32307,1.0
2740,13549,1.0
2741,5541,1.0
2741,17527,1.0
2741,13811,1.0
2742,17798,1.0
2742,7673,1.0
2743,2744,1.0
2744,5509,1.0
2744,8404,1.0
2744,4985,1.0
2744,12907,1.0
2745,4580,1.0
2746,8403,1.0
2747,12571,1.0
2747,5975,1.0
2747,8935,1.0
2749,9118,1.0
2749,35366,1.0
2749,27706,1.0
2752,34872,1.0
2752,3730,1.0
2753,10964,1.0
2754,10431,1.0
2754,20300,1.0
2754,11725,1.0
2755,37129,1.0
2755,30538,1.0
2755,17296,1.0
2756,4943,1.0
2756,17187,1.0
2756,6604,1.0
2758,10066,1.0
2759,13951,1.0
2759,12612,1.0
2759,7976,1.0
2760,6691,1.0
2760,14717,1.0
2761,4075,1.0
2761,8532,1.0
2761,6492,1.0
2762,11252,1.0
2762,11659,1.0
2762,15600,1.0
2763,2764,1.0
2763,11936,1.0
2763,18410,1.0
2765,8949,1.0
2765,19826,1.0
2765,24503,1.0
2766,5845,1.0
2767,7285,1.0
2767,8198,1.0
2767,10379,1.0
2768,19023,1.0
2768,17699,1.0
2768,6196,1.0
2770,2771,1.0
2771,4413,1.0
2771,11182,1.0
2772,12564,1.0
2772,16589,1.0
2773,10321,1.0
2773,3698,1.0
2773,4659,1.0
2774,2775,1.0
2775,19684,1.0
2775,6963,1.0
2776,6917,1.0
2776,27068,1.0
2777,8833,1.0
2779,10269,1.0
2780,14482,1.0
2780,2783,1.0
2781,2782,1.0
2781,6955,1.0
2781,28151,1.0
2784,5731,1.0
2784,13533,1.0
2785,2786,1.0
2789,2790,1.0
2791,16012,1.0
2791,21529,1.0
2791,10852,1.0
2792,9438,1.0
2792,17310,1.0
2792,31659,1.0
2793,12062,1.0
2794,7294,1.0
2795,4527,1.0
2796,22470,1.0
2796,21825,1.0
2796,4644,1.0
2797,12711,1.0
2797,21818,1.0
2798,12537,1.0
2798,13356,1.0
2798,2927,1.0
2798,23738,1.0
2799,3497,1.0
2799,11971,1.0
2799,12950,1.0
2800,18547,1.0
2801,3442,1.0
2802,2803,1.0
2802,2895,1.0
2802,11834,1.0
2804,2805,1.0
2805,14059,1.0
2805,34263,1.0
2805,2806,1.0
2805,14060,1.0
2805,32399,1.0
2806,2807,1.0
2806,31985,1.0
2806,33708,1.0
2808,3856,1.0
2808,22223,1.0
2809,2810,1.0
2809,16254,1.0
2809,11169,1.0
2811,2812,1.0
2813,2814,1.0
2814,14153,1.0
2814,6516,1.0
2814,7912,1.0
2815,2816,1.0
2817,6409,1.0
2818,11223,1.0
2818,37540,1.0
2818,35186,1.0
2819,4893,1.0
2819,11850,1.0
2819,28052,1.0
2820,6232,1.0
2820,5520,1.0
2820,36972,1.0
2821,5440,1.0
2821,11696,1.0
2821,31461,1.0
2822,17804,1.0
2822,31553,1.0
2823,2824,1.0
2823,8608,1.0
2823,19917,1.0
2824,8602,1.0
2824,16199,1.0
2826,24566,1.0
2827,24203,1.0
2827,22047,1.0
2827,21812,1.0
2828,23825,1.0
2829,19853,1.0
2830,2879,1.0
2830,6740,1.0
2830,21730,1.0
2831,31033,1.0
2831,22881,1.0
2834,9411,1.0
2834,25688,1.0
2834,24446,1.0
2835,12760,1.0
2835,4229,1.0
2835,29295,1.0
2836,7070,1.0
2836,3235,1.0
2836,32762,1.0
2837,25100,1.0
2837,15315,1.0
2837,20884,1.0
2838,5017,1.0
2839,2840,1.0
2839,3514,1.0
2839,25154,1.0
2840,24314,1.0
2841,3851,1.0
2843,2845,1.0
2843,2971,1.0
2843,32976,1.0
2844,4992,1.0
2845,8449,1.0
2845,10167,1.0
2846,4904,1.0
2846,9059,1.0
2846,33892,1.0
2847,2848,1.0
2847,9664,1.0
2847,7447,1.0
2849,16114,1.0
2850,2851,1.0
2850,3169,1.0
2850,20102,1.0
2851,9762,1.0
2851,24345,1.0
2852,5173,1.0
2852,28434,1.0
2852,13050,1.0
2853,17170,1.0
2854,12483,1.0
2854,33943,1.0
2854,9919,1.0
2855,4079,1.0
2856,8606,1.0
2857,2858,1.0
2857,19934,1.0
2857,16404,1.0
2858,11890,1.0
2858,30084,1.0
2858,33874,1.0
2859,6379,1.0
2859,7628,1.0
2859,27910,1.0
2860,8777,1.0
2860,7980,1.0
2860,10073,1.0
2861,11993,1.0
2861,4420,1.0
2863,14734,1.0
2863,9870,1.0
2864,13844,1.0
2864,13028,1.0
2864,21168,1.0
2865,8985,1.0
2865,13400,1.0
2866,4500,1.0
2866,20564,1.0
2866,6672,1.0
2867,2868,1.0
2867,17384,1.0
2867,17596,1.0
2869,15980,1.0
2869,7236,1.0
2869,19496,1.0
2870,3683,1.0
2870,25627,1.0
2872,3078,1.0
2873,7840,1.0
2873,5918,1.0
2873,21173,1.0
2875,17106,1.0
2875,10660,1.0
2875,3389,1.0
2876,12052,1.0
2876,13787,1.0
2877,21908,1.0
2877,19202,1.0
2879,8662,1.0
2879,8123,1.0
2880,20030,1.0
2880,30034,1.0
2880,27734,1.0
2880,16556,1.0
2881,6198,1.0
2881,3735,1.0
2881,10334,1.0
2882,5714,1.0
2882,5479,1.0
2882,7542,1.0
2883,8239,1.0
2884,26063,1.0
2884,24311,1.0
2885,9731,1.0
2885,10500,1.0
2885,26206,1.0
2886,4927,1.0
2887,3180,1.0
2888,6909,1.0
2889,2890,1.0
2889,4492,1.0
2891,3906,1.0
2892,13607,1.0
2892,8299,1.0
2892,15308,1.0
2893,2894,1.0
2893,15905,1.0
2894,8979,1.0
2894,13273,1.0
2896,9018,1.0
2896,10417,1.0
2896,36517,1.0
2897,3701,1.0
2897,12031,1.0
2897,23040,1.0
2898,5431,1.0
2898,16128,1.0
2898,37451,1.0
2899,7101,1.0
2899,6050,1.0
2899,19205,1.0
2899,27808,1.0
2900,11341,1.0
2900,4994,1.0
2900,14957,1.0
2901,7030,1.0
2902,15241,1.0
2902,10789,1.0
2902,24749,1.0
2903,9385,1.0
2903,4009,1.0
2903,5443,1.0
2903,15474,1.0
2904,6816,1.0
2904,10380,1.0
2905,20188,1.0
2905,7887,1.0
2906,3733,1.0
2907,19233,1.0
2907,28832,1.0
2907,31918,1.0
2908,16920,1.0
2908,16467,1.0
2909,8057,1.0
2910,6581,1.0
2911,19619,1.0
2911,21003,1.0
2911,28686,1.0
2912,6425,1.0
2913,2914,1.0
2915,2916,1.0
2916,30954,1.0
2916,11282,1.0
2917,12431,1.0
2917,3524,1.0
2917,28828,1.0
2918,18656,1.0
2918,35452,1.0
2918,19144,1.0
2919,6451,1.0
2919,8098,1.0
2919,5627,1.0
2920,13630,1.0
2921,5955,1.0
2921,7819,1.0
2921,4603,1.0
2921,11713,1.0
2922,33385,1.0
2923,2924,1.0
2923,28468,1.0
2923,14398,1.0
2926,12108,1.0
2926,6232,1.0
2926,17526,1.0
2927,24838,1.0
2927,11704,1.0
2928,3081,1.0
2928,4352,1.0
2929,2930,1.0
2929,5451,1.0
2931,18252,1.0
2932,9524,1.0
2932,6864,1.0
2932,36084,1.0
2933,14071,1.0
2933,5152,1.0
2933,36569,1.0
2934,7403,1.0
2934,14738,1.0
2935,3667,1.0
2936,8027,1.0
2937,14533,1.0
2937,8694,1.0
2937,12083,1.0
2937,3580,1.0
2938,15906,1.0
2938,13700,1.0
2939,7762,1.0
2940,5000,1.0
2941,10400,1.0
2941,16606,1.0
2941,19487,1.0
2942,5555,1.0
2942,4272,1.0
2942,7182,1.0
2943,16317,1.0
2943,20767,1.0
2943,37354,1.0
2944,14124,1.0
2944,3983,1.0
2944,35805,1.0
2945,7750,1.0
2945,13591,1.0
2945,17557,1.0
2946,7549,1.0
2947,2948,1.0
2947,16802,1.0
2947,15954,1.0
2948,22262,1.0
2949,11371,1.0
2950,16572,1.0
2950,32420,1.0
2950,30449,1.0
2951,37068,1.0
2952,12299,1.0
2952,3208,1.0
2952,8369,1.0
2953,2954,1.0
2953,29769,1.0
2955,13613,1.0
2955,9699,1.0
2956,10705,1.0
2956,13704,1.0
2956,10673,1.0
2957,4152,1.0
2958,15707,1.0
2958,5227,1.0
2958,10775,1.0
2958,7895,1.0
2959,13279,1.0
2959,17105,1.0
2960,9702,1.0
2960,3137,1.0
2961,6891,1.0
2961,4080,1.0
2962,10658,1.0
2963,2964,1.0
2963,6119,1.0
2963,10153,1.0
2965,3138,1.0
2965,6518,1.0
2965,17719,1.0
2965,32369,1.0
2966,2967,1.0
2966,28220,1.0
2966,29234,1.0
2967,18913,1.0
2967,24291,1.0
2967,16722,1.0
2968,8372,1.0
2969,6754,1.0
2970,3974,1.0
2971,6096,1.0
2972,7186,1.0
2972,9609,1.0
2973,6133,1.0
2973,26497,1.0
2974,9637,1.0
2974,3323,1.0
2977,24978,1.0
2977,12111,1.0
2978,13773,1.0
2978,5598,1.0
2978,17424,1.0
2979,19085,1.0
2979,16134,1.0
2979,17947,1.0
2980,13735,1.0
2980,7802,1.0
2980,19709,1.0
2981,6668,1.0
2982,19516,1.0
2983,9205,1.0
2983,10269,1.0
2983,21563,1.0
2984,3517,1.0
2985,28790,1.0
2985,12462,1.0
2985,6489,1.0
2985,7455,1.0
2987,9866,1.0
2988,9189,1.0
2988,10451,1.0
2989,11009,1.0
2989,12533,1.0
2989,10596,1.0
2990,6081,1.0
2990,4329,1.0
2990,21550,1.0
2990,11335,1.0
2991,14489,1.0
2991,12034,1.0
2991,16881,1.0
2992,2993,1.0
2992,17009,1.0
2992,20399,1.0
2993,4885,1.0
2993,15101,1.0
2994,21603,1.0
2994,23777,1.0
2995,36498,1.0
2995,10128,1.0
2995,25813,1.0
2995,32841,1.0
2996,11755,1.0
2997,8335,1.0
2998,36164,1.0
2999,7261,1.0
3000,13252,1.0
3001,3002,1.0
3001,9937,1.0
3001,6588,1.0
3003,7762,1.0
3003,5043,1.0
3003,4812,1.0
3005,4163,1.0
3005,11180,1.0
3005,14955,1.0
3006,5073,1.0
3007,20160,1.0
3008,32538,1.0
3008,34426,1.0
3008,27252,1.0
3009,3010,1.0
3009,25806,1.0
3009,27055,1.0
3010,9403,1.0
3010,29011,1.0
3011,5587,1.0
3011,7739,1.0
3012,10796,1.0
3013,3014,1.0
3014,9508,1.0
3014,21158,1.0
3015,3016,1.0
3015,15607,1.0
3015,18218,1.0
3015,5008,1.0
3017,11415,1.0
3018,12783,1.0
3018,3937,1.0
3018,23201,1.0
3019,26596,1.0
3019,28806,1.0
3020,4797,1.0
3020,6257,1.0
3020,6085,1.0
3021,6018,1.0
3021,6624,1.0
3022,8365,1.0
3022,13935,1.0
3022,13350,1.0
3023,8295,1.0
3023,10271,1.0
3024,4011,1.0
3024,12766,1.0
3024,36997,1.0
3025,12662,1.0
3025,7091,1.0
3025,3760,1.0
3026,25801,1.0
3026,6658,1.0
3026,34250,1.0
3027,11194,1.0
3028,4620,1.0
3029,15457,1.0
3029,7918,1.0
3029,33011,1.0
3030,5993,1.0
3030,6691,1.0
3030,9324,1.0
3030,22455,1.0
3031,11778,1.0
3031,22284,1.0
3031,9168,1.0
3031,5493,1.0
3032,16183,1.0
3032,11732,1.0
3032,15073,1.0
3033,16707,1.0
3033,11312,1.0
3033,16714,1.0
3034,13956,1.0
3035,4164,1.0
3035,8900,1.0
3035,3931,1.0
3035,6037,1.0
3036,11102,1.0
3038,3039,1.0
3038,3567,1.0
3038,5344,1.0
3039,4043,1.0
3039,9551,1.0
3040,3041,1.0
3040,9894,1.0
3040,9809,1.0
3040,5566,1.0
3042,3043,1.0
3044,13208,1.0
3044,10627,1.0
3044,7861,1.0
3047,13455,1.0
3048,23438,1.0
3048,9243,1.0
3049,3050,1.0
3051,3052,1.0
3053,3880,1.0
3053,12774,1.0
3054,13074,1.0
3055,3056,1.0
3056,3057,1.0
3056,6390,1.0
3056,25706,1.0
3056,6332,1.0
3057,4720,1.0
3057,25480,1.0
3057,20644,1.0
3057,36901,1.0
3057,32202,1.0
3057,33327,1.0
3058,3999,1.0
3058,9346,1.0
3058,5448,1.0
3058,20020,1.0
3059,22608,1.0
3060,10354,1.0
3061,5437,1.0
3061,6449,1.0
3062,9086,1.0
3062,5559,1.0
3062,5123,1.0
3062,15132,1.0
3063,3657,1.0
3064,12025,1.0
3065,5577,1.0
3066,18561,1.0
3067,3068,1.0
3067,10267,1.0
3068,5650,1.0
3068,5881,1.0
3069,11523,1.0
3069,24132,1.0
3069,5046,1.0
3070,22526,1.0
3070,14114,1.0
3070,11586,1.0
3070,22208,1.0
3071,4123,1.0
3071,7194,1.0
3073,3074,1.0
3075,25008,1.0
3075,23568,1.0
3076,8525,1.0
3077,3078,1.0
3078,17728,1.0
3079,7071,1.0
3080,4715,1.0
3080,17354,1.0
3081,4927,1.0
3081,4273,1.0
3082,3083,1.0
3082,17257,1.0
3082,27418,1.0
3083,14020,1.0
3083,20398,1.0
3084,13501,1.0
3086,3087,1.0
3086,16738,1.0
3086,15015,1.0
3089,6269,1.0
3089,5795,1.0
3090,8763,1.0
3090,3425,1.0
3091,15103,1.0
3091,11252,1.0
3091,8498,1.0
3092,19902,1.0
3092,17820,1.0
3093,37465,1.0
3093,9595,1.0
3093,17324,1.0
3094,3298,1.0
3094,3849,1.0
3095,5903,1.0
3095,7298,1.0
3095,18874,1.0
3096,11898,1.0
3097,11481,1.0
3098,3099,1.0
3098,37097,1.0
3098,22611,1.0
3098,33501,1.0
3100,3101,1.0
3102,16265,1.0
3103,3104,1.0
3103,5400,1.0
3103,3284,1.0
3103,25903,1.0
3105,23140,1.0
3105,6710,1.0
3105,21749,1.0
3105,19831,1.0
3106,23760,1.0
3106,16429,1.0
3106,14944,1.0
3107,33047,1.0
3107,7774,1.0
3107,14724,1.0
3108,5013,1.0
3108,7984,1.0
3109,5236,1.0
3109,4987,1.0
3109,18639,1.0
3110,11507,1.0
3110,4354,1.0
3110,33555,1.0
3111,13316,1.0
3112,30503,1.0
3112,9616,1.0
3113,10383,1.0
3113,18056,1.0
3113,12978,1.0
3113,3585,1.0
3114,3132,1.0
3114,6230,1.0
3114,17206,1.0
3115,10554,1.0
3115,6597,1.0
3115,14662,1.0
3116,4699,1.0
3116,7431,1.0
3116,36273,1.0
3117,29253,1.0
3117,6096,1.0
3117,29608,1.0
3118,22322,1.0
3118,12232,1.0
3118,16716,1.0
3119,34293,1.0
3121,3546,1.0
3121,3788,1.0
3121,12698,1.0
3122,13223,1.0
3122,20148,1.0
3122,11138,1.0
3123,11203,1.0
3123,30993,1.0
3125,14783,1.0
3126,9286,1.0
3127,4087,1.0
3128,24151,1.0
3128,17918,1.0
3128,13287,1.0
3129,5388,1.0
3129,8582,1.0
3129,3537,1.0
3130,3131,1.0
3130,35420,1.0
3130,32443,1.0
3130,7772,1.0
3131,29536,1.0
3131,32689,1.0
3133,3134,1.0
3133,27506,1.0
3133,9482,1.0
3133,15254,1.0
3135,16559,1.0
3136,6245,1.0
3136,10958,1.0
3137,10256,1.0
3138,8054,1.0
3139,21490,1.0
3140,16490,1.0
3140,8060,1.0
3141,3747,1.0
3141,10822,1.0
3141,16486,1.0
3142,4613,1.0
3142,10268,1.0
3142,13398,1.0
3142,14716,1.0
3143,10656,1.0
3143,7237,1.0
3143,19146,1.0
3144,16970,1.0
3144,8021,1.0
3144,6261,1.0
3144,11714,1.0
3145,15748,1.0
3145,8501,1.0
3145,20715,1.0
3146,7608,1.0
3146,8778,1.0
3146,13544,1.0
3146,13691,1.0
3147,9698,1.0
3147,3870,1.0
3148,9628,1.0
3149,11161,1.0
3149,9728,1.0
3149,35862,1.0
3151,3582,1.0
3151,5905,1.0
3152,5527,1.0
3153,30407,1.0
3154,14635,1.0
3155,9075,1.0
3156,3157,1.0
3156,12893,1.0
3156,7764,1.0
3158,9030,1.0
3158,8398,1.0
3159,7223,1.0
3159,4902,1.0
3160,3161,1.0
3160,5005,1.0
3160,9319,1.0
3160,34378,1.0
3161,7246,1.0
3161,20905,1.0
3163,3164,1.0
3165,3166,1.0
3165,7789,1.0
3165,29559,1.0
3166,4496,1.0
3166,32313,1.0
3167,8347,1.0
3168,10875,1.0
3168,10225,1.0
3169,8965,1.0
3169,36331,1.0
3170,16797,1.0
3170,7670,1.0
3170,22096,1.0
3171,11846,1.0
3171,22390,1.0
3172,32024,1.0
3173,8225,1.0
3173,15387,1.0
3173,8162,1.0
3174,18484,1.0
3174,13068,1.0
3174,32096,1.0
3174,24825,1.0
3175,3176,1.0
3175,4175,1.0
3175,31348,1.0
3175,29125,1.0
3177,13482,1.0
3177,3822,1.0
3177,3606,1.0
3178,5561,1.0
3178,8222,1.0
3179,3220,1.0
3179,24286,1.0
3179,19471,1.0
3180,5311,1.0
3180,4119,1.0
3180,6373,1.0
3181,4857,1.0
3181,19998,1.0
3184,13784,1.0
3185,3186,1.0
3185,35263,1.0
3186,6287,1.0
3186,9547,1.0
3186,31354,1.0
3187,32101,1.0
3189,16858,1.0
3189,4793,1.0
3189,14344,1.0
3190,17573,1.0
3190,37080,1.0
3190,37295,1.0
3191,12065,1.0
3192,16242,1.0
3192,5559,1.0
3193,34637,1.0
3194,16850,1.0
3194,16110,1.0
3194,11655,1.0
3195,5518,1.0
3195,30386,1.0
3196,24224,1.0
3197,16334,1.0
3198,4446,1.0
3198,15827,1.0
3199,25963,1.0
3200,3201,1.0
3202,3203,1.0
3204,6098,1.0
3205,13707,1.0
3206,12606,1.0
3206,9957,1.0
3206,11439,1.0
3207,12943,1.0
3207,3669,1.0
3207,12017,1.0
3207,12917,1.0
3208,9610,1.0
3208,5247,1.0
3209,11930,1.0
3210,5190,1.0
3210,5644,1.0
3210,3691,1.0
3211,14537,1.0
3211,10980,1.0
3211,8371,1.0
3212,3682,1.0
3213,37342,1.0
3214,3834,1.0
3215,15918,1.0
3215,7068,1.0
3216,4599,1.0
3216,9145,1.0
3216,16563,1.0
3217,10303,1.0
3217,12023,1.0
3217,24692,1.0
3218,6622,1.0
3219,9752,1.0
3219,18773,1.0
3219,28039,1.0
3220,12796,1.0
3220,10408,1.0
3221,10135,1.0
3221,10055,1.0
3221,17273,1.0
3221,12795,1.0
3222,13606,1.0
3222,21450,1.0
3223,4978,1.0
3223,27823,1.0
3223,35943,1.0
3224,8644,1.0
3225,17128,1.0
3225,16954,1.0
3225,7674,1.0
3225,24566,1.0
3226,3227,1.0
3226,6319,1.0
3226,9474,1.0
3227,4713,1.0
3227,7651,1.0
3227,11669,1.0
3228,9954,1.0
3228,32398,1.0
3229,3230,1.0
3229,6574,1.0
3229,11285,1.0
3231,5519,1.0
3231,6846,1.0
3231,4069,1.0
3232,4236,1.0
3232,32476,1.0
3234,12274,1.0
3234,4148,1.0
3234,33996,1.0
3235,8062,1.0
3235,5908,1.0
3236,9280,1.0
3236,9241,1.0
3236,29570,1.0
3237,16959,1.0
3237,14276,1.0
3238,11657,1.0
3238,17894,1.0
3238,16038,1.0
3238,8405,1.0
3239,3240,1.0
3239,25518,1.0
3239,20169,1.0
3239,30489,1.0
3241,13373,1.0
3241,6066,1.0
3241,13146,1.0
3242,12453,1.0
3242,8067,1.0
3242,29013,1.0
3243,5643,1.0
3244,10475,1.0
3244,17589,1.0
3244,18420,1.0
3245,8878,1.0
3246,7187,1.0
3247,15753,1.0
3247,18815,1.0
3247,22620,1.0
3247,9707,1.0
3248,9593,1.0
3248,12659,1.0
3248,33675,1.0
3249,22882,1.0
3249,20222,1.0
3249,4571,1.0
3251,3252,1.0
3253,3254,1.0
3255,8242,1.0
3255,4728,1.0
3256,3257,1.0
3257,3598,1.0
3257,7967,1.0
3257,10036,1.0
3257,9147,1.0
3258,12641,1.0
3258,23423,1.0
3260,3261,1.0
3260,8159,1.0
3261,15321,1.0
3261,3518,1.0
3262,7742,1.0
3263,32219,1.0
3263,28272,1.0
3263,35329,1.0
3264,5318,1.0
3264,3374,1.0
3265,25618,1.0
3266,12598,1.0
3266,6681,1.0
3267,4220,1.0
3268,13668,1.0
3268,6857,1.0
3268,37646,1.0
3269,3270,1.0
3271,3272,1.0
3273,11173,1.0
3273,34085,1.0
3274,18877,1.0
3274,16539,1.0
3274,19331,1.0
3275,32730,1.0
3275,36672,1.0
3276,18702,1.0
3276,23266,1.0
3276,7450,1.0
3276,24961,1.0
3276,24746,1.0
3277,11600,1.0
3277,7314,1.0
3278,14752,1.0
3279,3280,1.0
3281,6093,1.0
3281,7236,1.0
3281,24598,1.0
3282,5222,1.0
3282,34507,1.0
3283,12241,1.0
3283,32317,1.0
3284,3285,1.0
3284,7367,1.0
3285,10499,1.0
3285,7226,1.0
3286,4646,1.0
3286,17836,1.0
3287,7585,1.0
3287,13491,1.0
3287,27130,1.0
3288,5527,1.0
3289,15985,1.0
3289,15442,1.0
3289,16179,1.0
3290,9670,1.0
3291,3292,1.0
3293,20736,1.0
3294,3295,1.0
3294,4980,1.0
3294,21877,1.0
3295,6684,1.0
3295,7317,1.0
3296,11857,1.0
3297,5525,1.0
3298,3733,1.0
3298,9147,1.0
3298,8109,1.0
3300,24722,1.0
3300,4453,1.0
3301,3302,1.0
3301,12938,1.0
3301,29475,1.0
3303,5646,1.0
3303,3665,1.0
3303,21385,1.0
3304,3305,1.0
3306,8636,1.0
3306,13276,1.0
3306,31387,1.0
3307,4926,1.0
3308,7995,1.0
3309,7890,1.0
3309,8182,1.0
3309,4493,1.0
3312,3906,1.0
3312,4467,1.0
3312,34192,1.0
3313,22045,1.0
3313,18251,1.0
3314,3315,1.0
3316,4615,1.0
3316,9129,1.0
3316,8388,1.0
3317,4801,1.0
3317,26670,1.0
3317,33770,1.0
3318,20312,1.0
3320,9834,1.0
3320,15140,1.0
3320,26212,1.0
3321,16819,1.0
3322,17791,1.0
3322,6185,1.0
3322,21880,1.0
3323,20029,1.0
3323,35191,1.0
3324,3826,1.0
3324,7661,1.0
3324,13629,1.0
3325,7389,1.0
3326,7499,1.0
3327,4507,1.0
3327,17627,1.0
3327,15256,1.0
3328,4093,1.0
3328,3551,1.0
3328,20050,1.0
3329,12741,1.0
3329,16425,1.0
3329,4565,1.0
3329,33393,1.0
3330,3539,1.0
3330,3880,1.0
3330,16455,1.0
3331,4596,1.0
3332,16598,1.0
3332,19478,1.0
3332,5319,1.0
3333,3334,1.0
3333,12444,1.0
3333,7865,1.0
3334,35393,1.0
3335,6043,1.0
3335,12161,1.0
3335,10202,1.0
3336,26232,1.0
3336,13104,1.0
3336,33848,1.0
3337,3338,1.0
3337,27981,1.0
3337,35492,1.0
3338,6383,1.0
3338,6518,1.0
3339,3340,1.0
3341,11715,1.0
3342,3343,1.0
3342,6615,1.0
3342,37102,1.0
3345,3346,1.0
3346,21440,1.0
3346,5753,1.0
3346,12458,1.0
3347,16497,1.0
3347,3556,1.0
3348,9139,1.0
3348,18390,1.0
3348,5465,1.0
3349,26185,1.0
3350,4686,1.0
3350,12327,1.0
3350,29109,1.0
3351,4462,1.0
3351,4419,1.0
3352,3353,1.0
3352,13899,1.0
3352,3382,1.0
3353,4471,1.0
3353,33430,1.0
3354,5223,1.0
3355,11988,1.0
3355,9175,1.0
3355,5480,1.0
3356,3909,1.0
3356,11523,1.0
3356,12895,1.0
3357,16161,1.0
3357,36489,1.0
3358,3359,1.0
3360,13022,1.0
3361,4755,1.0
3361,10843,1.0
3361,31708,1.0
3362,11312,1.0
3363,7903,1.0
3363,16245,1.0
3364,20230,1.0
3365,15691,1.0
3365,13776,1.0
3365,12447,1.0
3366,6696,1.0
3366,15048,1.0
3367,37449,1.0
3368,7272,1.0
3368,7456,1.0
3369,5292,1.0
3372,4437,1.0
3373,8096,1.0
3373,17003,1.0
3375,3967,1.0
3375,9127,1.0
3375,20091,1.0
3376,6769,1.0
3376,32059,1.0
3377,3378,1.0
3377,5002,1.0
3377,5452,1.0
3377,22638,1.0
3379,10472,1.0
3379,8469,1.0
3381,17345,1.0
3381,3395,1.0
3381,3513,1.0
3381,3388,1.0
3382,8754,1.0
3383,8078,1.0
3383,11025,1.0
3384,3385,1.0
3385,16006,1.0
3385,5920,1.0
3386,14233,1.0
3386,11222,1.0
3387,12731,1.0
3387,34697,1.0
3388,4489,1.0
3393,8465,1.0
3393,4331,1.0
3393,36651,1.0
3394,5749,1.0
3394,21650,1.0
3394,8529,1.0
3395,10021,1.0
3395,9674,1.0
3396,6136,1.0
3396,7464,1.0
3396,6230,1.0
3397,7308,1.0
3398,9044,1.0
3399,14682,1.0
3399,19667,1.0
3399,5324,1.0
3400,5948,1.0
3401,7364,1.0
3402,7326,1.0
3402,28078,1.0
3402,12545,1.0
3403,3404,1.0
3404,3406,1.0
3404,22990,1.0
3404,22991,1.0
3404,18285,1.0
3405,8377,1.0
3407,6642,1.0
3407,16247,1.0
3408,5109,1.0
3408,5040,1.0
3408,16494,1.0
3409,9924,1.0
3410,3970,1.0
3410,5219,1.0
3410,12145,1.0
3411,7814,1.0
3412,31231,1.0
3412,37137,1.0
3412,22088,1.0
3414,18464,1.0
3415,11558,1.0
3416,8336,1.0
3416,9193,1.0
3416,16623,1.0
3416,19475,1.0
3417,20976,1.0
3417,16346,1.0
3417,14790,1.0
3417,18041,1.0
3418,3419,1.0
3418,4239,1.0
3418,4476,1.0
3420,10666,1.0
3421,5690,1.0
3421,5565,1.0
3422,3423,1.0
3423,21949,1.0
3424,7552,1.0
3425,8408,1.0
3425,17940,1.0
3426,14113,1.0
3426,5015,1.0
3427,4877,1.0
3428,3859,1.0
3428,10751,1.0
3428,26360,1.0
3429,4020,1.0
3429,8201,1.0
3429,9831,1.0
3431,18095,1.0
3432,8553,1.0
3432,14369,1.0
3432,37563,1.0
3433,11326,1.0
3433,16297,1.0
3433,18869,1.0
3434,18864,1.0
3435,13810,1.0
3435,28231,1.0
3436,3437,1.0
3436,36319,1.0
3436,15038,1.0
3438,25715,1.0
3438,14985,1.0
3438,4506,1.0
3439,6389,1.0
3439,33794,1.0
3440,35268,1.0
3440,36673,1.0
3441,8098,1.0
3441,11934,1.0
3442,15426,1.0
3442,37547,1.0
3443,13492,1.0
3444,10736,1.0
3444,8433,1.0
3444,30848,1.0
3444,12507,1.0
3445,6957,1.0
3446,3543,1.0
3446,17070,1.0
3446,18027,1.0
3448,3449,1.0
3448,18940,1.0
3450,15598,1.0
3450,13724,1.0
3450,20352,1.0
3450,23692,1.0
3451,13493,1.0
3451,35712,1.0
3451,12739,1.0
3452,12089,1.0
3452,12343,1.0
3452,12195,1.0
3452,32720,1.0
3453,10592,1.0
3453,6322,1.0
3455,5580,1.0
3456,10301,1.0
3456,8695,1.0
3458,3459,1.0
3461,8790,1.0
3461,3491,1.0
3462,12538,1.0
3464,35466,1.0
3464,12320,1.0
3464,9081,1.0
3465,3466,1.0
3465,8670,1.0
3465,16096,1.0
3467,6239,1.0
3468,11276,1.0
3469,10741,1.0
3469,8418,1.0
3470,10748,1.0
3470,10918,1.0
3470,10836,1.0
3471,6929,1.0
3471,30294,1.0
3472,8460,1.0
3472,13426,1.0
3472,31269,1.0
3473,12959,1.0
3473,20247,1.0
3473,29940,1.0
3474,3475,1.0
3474,3477,1.0
3474,26355,1.0
3474,24560,1.0
3474,31832,1.0
3474,35369,1.0
3475,3476,1.0
3475,26355,1.0
3475,33993,1.0
3475,34203,1.0
3475,35369,1.0
3475,33994,1.0
3475,21884,1.0
3478,6495,1.0
3478,12551,1.0
3479,3480,1.0
3479,13082,1.0
3479,9932,1.0
3481,14913,1.0
3481,19768,1.0
3482,16883,1.0
3482,14275,1.0
3483,5644,1.0
3483,4452,1.0
3483,16526,1.0
3484,29560,1.0
3486,3487,1.0
3488,3885,1.0
3488,6021,1.0
3488,7220,1.0
3489,13432,1.0
3490,8149,1.0
3490,13370,1.0
3490,13908,1.0
3491,11493,1.0
3491,34956,1.0
3492,37048,1.0
3493,10478,1.0
3494,5899,1.0
3494,21482,1.0
3495,12709,1.0
3495,7683,1.0
3495,7263,1.0
3496,13330,1.0
3498,8076,1.0
3499,3500,1.0
3500,7131,1.0
3500,4691,1.0
3501,5472,1.0
3501,4596,1.0
3502,18647,1.0
3502,21803,1.0
3502,13977,1.0
3502,19738,1.0
3503,11313,1.0
3503,8259,1.0
3503,9383,1.0
3504,3505,1.0
3506,37207,1.0
3507,3508,1.0
3507,18180,1.0
3507,30404,1.0
3509,8791,1.0
3509,11236,1.0
3509,12080,1.0
3510,3511,1.0
3510,16945,1.0
3510,4695,1.0
3511,14232,1.0
3511,13755,1.0
3512,28185,1.0
3512,8039,1.0
3512,8363,1.0
3513,11831,1.0
3513,9352,1.0
3515,3516,1.0
3515,28008,1.0
3517,5557,1.0
3517,5234,1.0
3518,11102,1.0
3518,4113,1.0
3519,11538,1.0
3519,8417,1.0
3519,28509,1.0
3520,6646,1.0
3520,8917,1.0
3521,3522,1.0
3522,9065,1.0
3522,8876,1.0
3522,4479,1.0
3523,4123,1.0
3524,30316,1.0
3524,10831,1.0
3525,15423,1.0
3526,5897,1.0
3526,8014,1.0
3527,12043,1.0
3528,27013,1.0
3528,31764,1.0
3528,16324,1.0
3528,30415,1.0
3529,16024,1.0
3529,3629,1.0
3529,18522,1.0
3530,11783,1.0
3531,13728,1.0
3531,11985,1.0
3531,18411,1.0
3532,7746,1.0
3532,13050,1.0
3532,4161,1.0
3533,5411,1.0
3534,15477,1.0
3534,18840,1.0
3535,6188,1.0
3536,13512,1.0
3536,37196,1.0
3536,36056,1.0
3537,8458,1.0
3538,4403,1.0
3540,4443,1.0
3540,11410,1.0
3540,26208,1.0
3542,5800,1.0
3543,18018,1.0
3543,23897,1.0
3544,4070,1.0
3545,7825,1.0
3545,5307,1.0
3545,36216,1.0
3546,13674,1.0
3547,6494,1.0
3547,11076,1.0
3548,4291,1.0
3548,10805,1.0
3548,23739,1.0
3549,7098,1.0
3549,15206,1.0
3550,3551,1.0
3550,5271,1.0
3550,10830,1.0
3551,9631,1.0
3552,4364,1.0
3554,10612,1.0
3554,6979,1.0
3554,4203,1.0
3554,13567,1.0
3555,4825,1.0
3555,11143,1.0
3555,4521,1.0
3556,6549,1.0
3556,22597,1.0
3556,27823,1.0
3557,3734,1.0
3558,3559,1.0
3558,10851,1.0
3558,7613,1.0
3558,15993,1.0
3560,3700,1.0
3560,14464,1.0
3560,10445,1.0
3561,14040,1.0
3561,9641,1.0
3561,8126,1.0
3561,4375,1.0
3562,4174,1.0
3563,3564,1.0
3564,9089,1.0
3564,16935,1.0
3564,7528,1.0
3565,6850,1.0
3566,9178,1.0
3567,9322,1.0
3568,7581,1.0
3568,12197,1.0
3568,11462,1.0
3568,23044,1.0
3569,3570,1.0
3569,16373,1.0
3569,25056,1.0
3570,14572,1.0
3570,6990,1.0
3571,31568,1.0
3571,10986,1.0
3572,11068,1.0
3572,18754,1.0
3572,8951,1.0
3572,8053,1.0
3573,10358,1.0
3573,18700,1.0
3573,18360,1.0
3574,4274,1.0
3574,5751,1.0
3574,8432,1.0
3575,12706,1.0
3575,15168,1.0
3575,34440,1.0
3576,15262,1.0
3576,10602,1.0
3577,3578,1.0
3577,7089,1.0
3577,23913,1.0
3578,30264,1.0
3579,12067,1.0
3581,3955,1.0
3582,14289,1.0
3582,11880,1.0
3583,16185,1.0
3583,7992,1.0
3584,4174,1.0
3586,16384,1.0
3586,17343,1.0
3586,3804,1.0
3587,3588,1.0
3588,3589,1.0
3588,17672,1.0
3590,13137,1.0
3591,8429,1.0
3592,13652,1.0
3592,37299,1.0
3593,3594,1.0
3593,9628,1.0
3593,15721,1.0
3594,7842,1.0
3594,9706,1.0
3595,5182,1.0
3596,12812,1.0
3596,5354,1.0
3596,12933,1.0
3597,15332,1.0
3597,4111,1.0
3597,15453,1.0
3599,26739,1.0
3599,5501,1.0
3599,5289,1.0
3599,14105,1.0
3600,14733,1.0
3600,28054,1.0
3600,32210,1.0
3600,29784,1.0
3600,33038,1.0
3601,16702,1.0
3601,25467,1.0
3601,8868,1.0
3602,3603,1.0
3602,3821,1.0
3602,4560,1.0
3604,3605,1.0
3604,14169,1.0
3604,30615,1.0
3606,10264,1.0
3606,27587,1.0
3607,5186,1.0
3608,3609,1.0
3610,3611,1.0
3612,6484,1.0
3613,5874,1.0
3613,4888,1.0
3613,7316,1.0
3613,34158,1.0
3614,11344,1.0
3614,18288,1.0
3614,3857,1.0
3615,5533,1.0
3616,29127,1.0
3616,10654,1.0
3616,11770,1.0
3617,3618,1.0
3620,10102,1.0
3621,3622,1.0
3623,16127,1.0
3623,12482,1.0
3623,34550,1.0
3624,10761,1.0
3625,15030,1.0
3625,11243,1.0
3625,36163,1.0
3626,12404,1.0
3626,9466,1.0
3626,31439,1.0
3627,18901,1.0
3627,9140,1.0
3627,14838,1.0
3628,8001,1.0
3628,16863,1.0
3629,17941,1.0
3629,25432,1.0
3630,32258,1.0
3630,33559,1.0
3630,36961,1.0
3631,13456,1.0
3633,8383,1.0
3634,27021,1.0
3634,27645,1.0
3634,13930,1.0
3634,28328,1.0
3635,11141,1.0
3635,22724,1.0
3636,6498,1.0
3637,4060,1.0
3638,12018,1.0
3638,9638,1.0
3638,35886,1.0
3639,4743,1.0
3639,9940,1.0
3641,6704,1.0
3641,5182,1.0
3642,3643,1.0
3642,21920,1.0
3642,21921,1.0
3642,35793,1.0
3643,17603,1.0
3643,17604,1.0
3643,19205,1.0
3643,6049,1.0
3643,35119,1.0
3643,35549,1.0
3644,14448,1.0
3645,14774,1.0
3645,4986,1.0
3645,4086,1.0
3647,24457,1.0
3649,24435,1.0
3650,6246,1.0
3651,3652,1.0
3651,13609,1.0
3651,10379,1.0
3653,14717,1.0
3653,21965,1.0
3653,4436,1.0
3653,34479,1.0
3654,4854,1.0
3654,30032,1.0
3655,10694,1.0
3655,6649,1.0
3656,10390,1.0
3656,9678,1.0
3656,18124,1.0
3658,5987,1.0
3658,7758,1.0
3658,11162,1.0
3659,7072,1.0
3659,6331,1.0
3659,5999,1.0
3659,7196,1.0
3660,3661,1.0
3660,13363,1.0
3660,12051,1.0
3662,25750,1.0
3662,6526,1.0
3662,7292,1.0
3663,9454,1.0
3663,12545,1.0
3663,10727,1.0
3664,6673,1.0
3664,10682,1.0
3664,18097,1.0
3665,18050,1.0
3665,6630,1.0
3665,9224,1.0
3666,7178,1.0
3666,12691,1.0
3666,12364,1.0
3667,3668,1.0
3667,5968,1.0
3668,12317,1.0
3669,8667,1.0
3669,33842,1.0
3669,30099,1.0
3670,24424,1.0
3671,9198,1.0
3672,25265,1.0
3673,33388,1.0
3673,9454,1.0
3674,3675,1.0
3675,12490,1.0
3675,26010,1.0
3676,6358,1.0
3677,4359,1.0
3678,14378,1.0
3678,10670,1.0
3679,11864,1.0
3679,13982,1.0
3679,13595,1.0
3680,16164,1.0
3680,11412,1.0
3680,8122,1.0
3681,3682,1.0
3681,5564,1.0
3681,23852,1.0
3682,7011,1.0
3683,10824,1.0
3683,4990,1.0
3684,14732,1.0
3685,3686,1.0
3685,17989,1.0
3688,8142,1.0
3688,5752,1.0
3689,19153,1.0
3690,11690,1.0
3691,19217,1.0
3691,19602,1.0
3692,13727,1.0
3692,25309,1.0
3692,7687,1.0
3692,20832,1.0
3692,18960,1.0
3692,35165,1.0
3693,32845,1.0
3693,19897,1.0
3694,13754,1.0
3694,21583,1.0
3695,3696,1.0
3696,13796,1.0
3697,13437,1.0
3698,8873,1.0
3698,7303,1.0
3698,8607,1.0
3699,20909,1.0
3700,17085,1.0
3700,14320,1.0
3702,5210,1.0
3702,12237,1.0
3703,10490,1.0
3703,15899,1.0
3704,15314,1.0
3706,14861,1.0
3706,34478,1.0
3707,35355,1.0
3707,32697,1.0
3707,24183,1.0
3707,24082,1.0
3708,5154,1.0
3708,14003,1.0
3708,33253,1.0
3709,11415,1.0
3709,8886,1.0
3709,8497,1.0
3710,4288,1.0
3710,5797,1.0
3710,26885,1.0
3711,10963,1.0
3711,7055,1.0
3711,7255,1.0
3712,3713,1.0
3712,18612,1.0
3712,17893,1.0
3714,29008,1.0
3715,24999,1.0
3715,18882,1.0
3716,10814,1.0
3716,24260,1.0
3717,8613,1.0
3717,12328,1.0
3717,15346,1.0
3718,14141,1.0
3718,14485,1.0
3718,34474,1.0
3719,15085,1.0
3721,3722,1.0
3723,9886,1.0
3724,10030,1.0
3724,8156,1.0
3726,3727,1.0
3728,3729,1.0
3730,5522,1.0
3730,14342,1.0
3731,21587,1.0
3731,16186,1.0
3731,20529,1.0
3732,9761,1.0
3733,4968,1.0
3734,8446,1.0
3734,34327,1.0
3735,5856,1.0
3735,11625,1.0
3736,32854,1.0
3736,27763,1.0
3737,10694,1.0
3738,13010,1.0
3738,10425,1.0
3738,4133,1.0
3739,25005,1.0
3739,8562,1.0
3739,35627,1.0
3740,3741,1.0
3741,3742,1.0
3741,19959,1.0
3741,16926,1.0
3741,28690,1.0
3741,31932,1.0
3742,3743,1.0
3742,16439,1.0
3742,19960,1.0
3742,27168,1.0
3742,20585,1.0
3744,13405,1.0
3744,7218,1.0
3744,20777,1.0
3745,9805,1.0
3745,14780,1.0
3746,15422,1.0
3748,3749,1.0
3751,19037,1.0
3751,14469,1.0
3751,7838,1.0
3751,14558,1.0
3752,3753,1.0
3752,4264,1.0
3752,6655,1.0
3754,13715,1.0
3755,11832,1.0
3755,14974,1.0
3755,16413,1.0
3756,30278,1.0
3756,7150,1.0
3756,12369,1.0
3757,3758,1.0
3757,13056,1.0
3759,11620,1.0
3759,17890,1.0
3762,19652,1.0
3763,3820,1.0
3763,33694,1.0
3764,17345,1.0
3764,9961,1.0
3764,17650,1.0
3765,7577,1.0
3766,17443,1.0
3766,28968,1.0
3766,32157,1.0
3768,9203,1.0
3769,4594,1.0
3769,4772,1.0
3769,36947,1.0
3770,8831,1.0
3771,12821,1.0
3771,6247,1.0
3771,12811,1.0
3772,15246,1.0
3772,7196,1.0
3772,37158,1.0
3773,11122,1.0
3774,8194,1.0
3775,8054,1.0
3776,26404,1.0
3777,5247,1.0
3777,14812,1.0
3777,13560,1.0
3778,10882,1.0
3778,14244,1.0
3779,4015,1.0
3779,4703,1.0
3779,15876,1.0
3780,10079,1.0
3780,10856,1.0
3780,12076,1.0
3781,15628,1.0
3781,4457,1.0
3781,30245,1.0
3782,5655,1.0
3783,13561,1.0
3783,32988,1.0
3784,19511,1.0
3784,9295,1.0
3785,10747,1.0
3785,14185,1.0
3785,12937,1.0
3786,35570,1.0
3788,23473,1.0
3788,30073,1.0
3789,15692,1.0
3789,6251,1.0
3790,6324,1.0
3790,29473,1.0
3790,6594,1.0
3791,8357,1.0
3792,4984,1.0
3793,26556,1.0
3793,27373,1.0
3793,25606,1.0
3794,20399,1.0
3794,18306,1.0
3794,16547,1.0
3795,8197,1.0
3795,26720,1.0
3795,37555,1.0
3796,13432,1.0
3797,9219,1.0
3797,18615,1.0
3797,16212,1.0
3797,21277,1.0
3798,6895,1.0
3799,8028,1.0
3799,12535,1.0
3799,21867,1.0
3800,6790,1.0
3800,15138,1.0
3801,9891,1.0
3801,12211,1.0
3801,9174,1.0
3801,19782,1.0
3802,34303,1.0
3802,16731,1.0
3802,18450,1.0
3802,31156,1.0
3803,12700,1.0
3803,26839,1.0
3803,14117,1.0
3805,3806,1.0
3805,11943,1.0
3805,29843,1.0
3807,5554,1.0
3807,37271,1.0
3807,26007,1.0
3808,10550,1.0
3808,14652,1.0
3809,3810,1.0
3809,5074,1.0
3809,27197,1.0
3810,6251,1.0
3810,11684,1.0
3811,7680,1.0
3812,20051,1.0
3812,20941,1.0
3812,16887,1.0
3813,11753,1.0
3813,17217,1.0
3813,25499,1.0
3814,18648,1.0
3814,20967,1.0
3814,35702,1.0
3815,13243,1.0
3815,16805,1.0
3816,21954,1.0
3817,14364,1.0
3818,23098,1.0
3818,26387,1.0
3819,26217,1.0
3819,21166,1.0
3819,24338,1.0
3821,28770,1.0
3822,9787,1.0
3822,6153,1.0
3823,12088,1.0
3823,11742,1.0
3824,3825,1.0
3824,14044,1.0
3824,26989,1.0
3825,17589,1.0
3825,6519,1.0
3826,6684,1.0
3826,4146,1.0
3828,3829,1.0
3828,12997,1.0
3828,22421,1.0
3828,13173,1.0
3830,4205,1.0
3830,10234,1.0
3830,18918,1.0
3831,7041,1.0
3831,33175,1.0
3831,23039,1.0
3832,16655,1.0
3832,8130,1.0
3832,14154,1.0
3833,28557,1.0
3833,20097,1.0
3833,25536,1.0
3834,7849,1.0
3836,16325,1.0
3837,5127,1.0
3838,5620,1.0
3839,9789,1.0
3840,4535,1.0
3841,8457,1.0
3841,13706,1.0
3841,30358,1.0
3842,19212,1.0
3842,24444,1.0
3842,12997,1.0
3843,11165,1.0
3843,11833,1.0
3843,4393,1.0
3844,5541,1.0
3844,6383,1.0
3845,9695,1.0
3845,28237,1.0
3846,3847,1.0
3846,9275,1.0
3846,24616,1.0
3847,3848,1.0
3847,8976,1.0
3847,13418,1.0
3847,19983,1.0
3847,22144,1.0
3847,24616,1.0
3847,29215,1.0
3849,30735,1.0
3849,33751,1.0
3850,7998,1.0
3850,8530,1.0
3851,12965,1.0
3851,17733,1.0
3852,34583,1.0
3852,30578,1.0
3853,11210,1.0
3853,21676,1.0
3854,14598,1.0
3854,8009,1.0
3854,7884,1.0
3855,7446,1.0
3855,13782,1.0
3855,13406,1.0
3856,18210,1.0
3857,6705,1.0
3857,12496,1.0
3858,4272,1.0
3859,12956,1.0
3859,24356,1.0
3860,5974,1.0
3860,14398,1.0
3860,10553,1.0
3861,20980,1.0
3861,6067,1.0
3861,6118,1.0
3862,3863,1.0
3864,4142,1.0
3864,10753,1.0
3864,5190,1.0
3864,11629,1.0
3865,6443,1.0
3866,3867,1.0
3868,11983,1.0
3869,36119,1.0
3869,36221,1.0
3869,5663,1.0
3871,13116,1.0
3872,6038,1.0
3872,13052,1.0
3872,11221,1.0
3873,4822,1.0
3873,28653,1.0
3874,3875,1.0
3874,7123,1.0
3874,6365,1.0
3876,3877,1.0
3876,13250,1.0
3876,20146,1.0
3876,18436,1.0
3876,32904,1.0
3876,14779,1.0
3878,3879,1.0
3881,5720,1.0
3881,6627,1.0
3882,10390,1.0
3882,7699,1.0
3883,11418,1.0
3883,13276,1.0
3883,29294,1.0
3883,20923,1.0
3884,10625,1.0
3885,10874,1.0
3885,15503,1.0
3886,11757,1.0
3887,5198,1.0
3888,37276,1.0
3888,11918,1.0
3889,18835,1.0
3890,3891,1.0
3890,15389,1.0
3890,12676,1.0
3890,12051,1.0
3891,9684,1.0
3891,9230,1.0
3892,28716,1.0
3892,11611,1.0
3893,8694,1.0
3893,5565,1.0
3893,13572,1.0
3894,11259,1.0
3894,19256,1.0
3896,7328,1.0
3896,17271,1.0
3896,36195,1.0
3897,13877,1.0
3897,12767,1.0
3897,18008,1.0
3898,16941,1.0
3899,21973,1.0
3899,20521,1.0
3899,11126,1.0
3900,16657,1.0
3900,9274,1.0
3901,31569,1.0
3902,11656,1.0
3902,24169,1.0
3903,12104,1.0
3903,23181,1.0
3903,4143,1.0
3904,4861,1.0
3904,12047,1.0
3904,4781,1.0
3904,21741,1.0
3905,12463,1.0
3905,4082,1.0
3908,22468,1.0
3908,19820,1.0
3908,10848,1.0
3909,17068,1.0
3909,18026,1.0
3909,14476,1.0
3911,4772,1.0
3911,17726,1.0
3911,15820,1.0
3911,15175,1.0
3912,17119,1.0
3912,20589,1.0
3913,7518,1.0
3913,35419,1.0
3914,5170,1.0
3914,32957,1.0
3914,15362,1.0
3915,3916,1.0
3915,12583,1.0
3915,13376,1.0
3916,8447,1.0
3917,4729,1.0
3917,4316,1.0
3917,18126,1.0
3917,30785,1.0
3919,14171,1.0
3919,23972,1.0
3920,12438,1.0
3920,18341,1.0
3920,6750,1.0
3921,11179,1.0
3921,33450,1.0
3922,7541,1.0
3922,10870,1.0
3923,9738,1.0
3924,18791,1.0
3924,5422,1.0
3924,10605,1.0
3925,5027,1.0
3925,6998,1.0
3925,6430,1.0
3926,3982,1.0
3926,8671,1.0
3926,12204,1.0
3927,14010,1.0
3928,21030,1.0
3930,6521,1.0
3930,7689,1.0
3930,35901,1.0
3931,6961,1.0
3933,10029,1.0
3933,12105,1.0
3934,9525,1.0
3935,5550,1.0
3935,9073,1.0
3935,27716,1.0
3936,9136,1.0
3937,10372,1.0
3937,7281,1.0
3938,10865,1.0
3938,12092,1.0
3938,36438,1.0
3939,22331,1.0
3940,7590,1.0
3941,3942,1.0
3942,3943,1.0
3942,17207,1.0
3944,10143,1.0
3944,9146,1.0
3944,9176,1.0
3944,11967,1.0
3945,36516,1.0
3946,3947,1.0
3946,21892,1.0
3946,30307,1.0
3946,6977,1.0
3948,3949,1.0
3950,5248,1.0
3950,13736,1.0
3950,10906,1.0
3950,9858,1.0
3951,5592,1.0
3951,19807,1.0
3951,8999,1.0
3951,5356,1.0
3952,3953,1.0
3952,5607,1.0
3952,35363,1.0
3954,4538,1.0
3955,6204,1.0
3955,7775,1.0
3955,25841,1.0
3956,13441,1.0
3957,3958,1.0
3957,17115,1.0
3957,6842,1.0
3959,6942,1.0
3959,15913,1.0
3959,8923,1.0
3961,6482,1.0
3961,6518,1.0
3961,24206,1.0
3962,7889,1.0
3962,15379,1.0
3963,26567,1.0
3964,19308,1.0
3964,7348,1.0
3964,11280,1.0
3964,37258,1.0
3965,18386,1.0
3965,10939,1.0
3965,25094,1.0
3966,18551,1.0
3967,7892,1.0
3967,27090,1.0
3968,8064,1.0
3968,8289,1.0
3969,17683,1.0
3969,18560,1.0
3969,9759,1.0
3970,5828,1.0
3970,35756,1.0
3971,3972,1.0
3971,35260,1.0
3972,8383,1.0
3972,6326,1.0
3972,15182,1.0
3973,4038,1.0
3973,21441,1.0
3974,7120,1.0
3974,33544,1.0
3975,15317,1.0
3975,17263,1.0
3976,13855,1.0
3976,12212,1.0
3976,35967,1.0
3977,15997,1.0
3977,9326,1.0
3978,19143,1.0
3978,7782,1.0
3980,10100,1.0
3980,9892,1.0
3980,25682,1.0
3981,31671,1.0
3982,4577,1.0
3983,6029,1.0
3983,6682,1.0
3983,8055,1.0
3984,6848,1.0
3985,9867,1.0
3986,5654,1.0
3986,17508,1.0
3986,16786,1.0
3987,9558,1.0
3987,5059,1.0
3987,12006,1.0
3989,10309,1.0
3989,7349,1.0
3989,23437,1.0
3990,13453,1.0
3991,14292,1.0
3991,17011,1.0
3992,9717,1.0
3993,10385,1.0
3993,5402,1.0
3993,29149,1.0
3993,22979,1.0
3994,4287,1.0
3994,21227,1.0
3994,17773,1.0
3995,10401,1.0
3995,37651,1.0
3995,36910,1.0
3996,13913,1.0
3996,6923,1.0
3996,7368,1.0
3997,7513,1.0
3998,6811,1.0
4000,6333,1.0
4000,9617,1.0
4001,12249,1.0
4001,24923,1.0
4001,32339,1.0
4003,9610,1.0
4003,12119,1.0
4004,7955,1.0
4004,35579,1.0
4004,4866,1.0
4005,13879,1.0
4006,6144,1.0
4006,7257,1.0
4006,7419,1.0
4006,37035,1.0
4007,8885,1.0
4007,33310,1.0
4008,5595,1.0
4008,4713,1.0
4009,5850,1.0
4009,16481,1.0
4009,4500,1.0
4010,18297,1.0
4011,36728,1.0
4012,13219,1.0
4012,18763,1.0
4012,4576,1.0
4013,5136,1.0
4014,4916,1.0
4014,33746,1.0
4014,27404,1.0
4016,22169,1.0
4017,8206,1.0
4017,9636,1.0
4017,13379,1.0
4018,10615,1.0
4018,7777,1.0
4019,6030,1.0
4019,5985,1.0
4019,4439,1.0
4021,4747,1.0
4021,8993,1.0
4021,23442,1.0
4022,4023,1.0
4022,30751,1.0
4023,23693,1.0
4023,35483,1.0
4025,4585,1.0
4025,5067,1.0
4025,17807,1.0
4027,6779,1.0
4027,36434,1.0
4027,9954,1.0
4028,4029,1.0
4029,4030,1.0
4029,27946,1.0
4029,30795,1.0
4029,35207,1.0
4029,17045,1.0
4029,27502,1.0
4030,4031,1.0
4030,15850,1.0
4030,27502,1.0
4030,36267,1.0
4032,8884,1.0
4032,10286,1.0
4033,5508,1.0
4034,4035,1.0
4034,5744,1.0
4036,4037,1.0
4036,36815,1.0
4036,32097,1.0
4037,11174,1.0
4037,11924,1.0
4038,4467,1.0
4038,27487,1.0
4039,14789,1.0
4039,10908,1.0
4039,18741,1.0
4040,33570,1.0
4041,4568,1.0
4041,20784,1.0
4041,37294,1.0
4042,9444,1.0
4044,27671,1.0
4044,19078,1.0
4044,22826,1.0
4044,20105,1.0
4045,9436,1.0
4045,9308,1.0
4045,25050,1.0
4045,18582,1.0
4046,11404,1.0
4047,5158,1.0
4047,7468,1.0
4047,10486,1.0
4048,13921,1.0
4048,12763,1.0
4048,31723,1.0
4049,6173,1.0
4049,11802,1.0
4049,28046,1.0
4050,8747,1.0
4050,10292,1.0
4050,22446,1.0
4050,8402,1.0
4051,4752,1.0
4052,8706,1.0
4052,36746,1.0
4052,27114,1.0
4053,9550,1.0
4053,9117,1.0
4053,12039,1.0
4055,14373,1.0
4055,11274,1.0
4055,11413,1.0
4056,4057,1.0
4056,4995,1.0
4056,9599,1.0
4056,9890,1.0
4058,4924,1.0
4059,6812,1.0
4060,19278,1.0
4060,24020,1.0
4061,6971,1.0
4062,20287,1.0
4062,5799,1.0
4062,16547,1.0
4063,15290,1.0
4064,14132,1.0
4065,10246,1.0
4065,7963,1.0
4065,19587,1.0
4066,5406,1.0
4067,14831,1.0
4067,8264,1.0
4067,18592,1.0
4068,13054,1.0
4068,21425,1.0
4068,20253,1.0
4068,18159,1.0
4069,8950,1.0
4069,6892,1.0
4070,8539,1.0
4071,10160,1.0
4071,13788,1.0
4071,13606,1.0
4071,10760,1.0
4072,17841,1.0
4072,7205,1.0
4072,20185,1.0
4073,9246,1.0
4074,19407,1.0
4074,10807,1.0
4074,13437,1.0
4075,10099,1.0
4075,5273,1.0
4076,7563,1.0
4077,10969,1.0
4077,10681,1.0
4077,15223,1.0
4077,18055,1.0
4078,5890,1.0
4078,12153,1.0
4079,20437,1.0
4079,13836,1.0
4080,9490,1.0
4080,13220,1.0
4081,12346,1.0
4081,30857,1.0
4082,24002,1.0
4082,6168,1.0
4084,15386,1.0
4084,15867,1.0
4084,22572,1.0
4085,12675,1.0
4085,16652,1.0
4085,13871,1.0
4087,25602,1.0
4087,15898,1.0
4088,8260,1.0
4089,13903,1.0
4089,20006,1.0
4091,10837,1.0
4092,4556,1.0
4093,4094,1.0
4093,13160,1.0
4094,13695,1.0
4094,5559,1.0
4095,7595,1.0
4096,12387,1.0
4096,14873,1.0
4096,30903,1.0
4098,6310,1.0
4098,4889,1.0
4098,32571,1.0
4099,4100,1.0
4099,6982,1.0
4099,7611,1.0
4099,15336,1.0
4101,6550,1.0
4101,7993,1.0
4102,23277,1.0
4103,14900,1.0
4105,9912,1.0
4105,6890,1.0
4105,23312,1.0
4106,11397,1.0
4106,24287,1.0
4106,5548,1.0
4107,7895,1.0
4107,9379,1.0
4107,8354,1.0
4108,12207,1.0
4108,7411,1.0
4108,31083,1.0
4108,32519,1.0
4109,11179,1.0
4109,15989,1.0
4110,17437,1.0
4110,8424,1.0
4110,16669,1.0
4112,19860,1.0
4113,4114,1.0
4113,11284,1.0
4114,7487,1.0
4114,8329,1.0
4115,4620,1.0
4116,7906,1.0
4118,8752,1.0
4121,4122,1.0
4123,33365,1.0
4124,7082,1.0
4124,5088,1.0
4124,25173,1.0
4125,8810,1.0
4127,18885,1.0
4128,30256,1.0
4128,4363,1.0
4128,12868,1.0
4128,16149,1.0
4129,28853,1.0
4129,32416,1.0
4129,13425,1.0
4130,21300,1.0
4130,28066,1.0
4130,23680,1.0
4130,18030,1.0
4131,11484,1.0
4131,14012,1.0
4131,20810,1.0
4132,17561,1.0
4132,7972,1.0
4132,22037,1.0
4133,10951,1.0
4133,6935,1.0
4134,5488,1.0
4134,35297,1.0
4134,26163,1.0
4135,5205,1.0
4135,22694,1.0
4135,7107,1.0
4136,17555,1.0
4136,13920,1.0
4137,4308,1.0
4137,7075,1.0
4137,29088,1.0
4138,12898,1.0
4139,19314,1.0
4139,9906,1.0
4139,24166,1.0
4140,17026,1.0
4141,6978,1.0
4141,21272,1.0
4141,28510,1.0
4142,5927,1.0
4142,6685,1.0
4144,7689,1.0
4144,32005,1.0
4144,29925,1.0
4145,12124,1.0
4145,14475,1.0
4145,16203,1.0
4145,22890,1.0
4146,8219,1.0
4146,35498,1.0
4147,12563,1.0
4147,9734,1.0
4147,5941,1.0
4147,4623,1.0
4148,7203,1.0
4148,8081,1.0
4148,30736,1.0
4149,17111,1.0
4149,17653,1.0
4150,7604,1.0
4151,7882,1.0
4151,10438,1.0
4151,14829,1.0
4152,7182,1.0
4152,23991,1.0
4152,12898,1.0
4153,17547,1.0
4153,14607,1.0
4153,8613,1.0
4154,8523,1.0
4154,13151,1.0
4155,4156,1.0
4155,6960,1.0
4157,32290,1.0
4158,4159,1.0
4158,9239,1.0
4158,5233,1.0
4160,17023,1.0
4160,8181,1.0
4160,5105,1.0
4161,35347,1.0
4161,22013,1.0
4162,10465,1.0
4165,8338,1.0
4165,32415,1.0
4166,4167,1.0
4166,5034,1.0
4167,20318,1.0
4167,22025,1.0
4168,10810,1.0
4168,6408,1.0
4168,5138,1.0
4169,13825,1.0
4170,13475,1.0
4170,19483,1.0
4171,6325,1.0
4172,16292,1.0
4173,15890,1.0
4174,33845,1.0
4176,4177,1.0
4176,13144,1.0
4177,5274,1.0
4177,10177,1.0
4179,13861,1.0
4180,8425,1.0
4180,16612,1.0
4182,13783,1.0
4182,35274,1.0
4182,29801,1.0
4183,8274,1.0
4183,5855,1.0
4183,32977,1.0
4184,29403,1.0
4184,27206,1.0
4184,13901,1.0
4184,29903,1.0
4185,4407,1.0
4186,4187,1.0
4186,9133,1.0
4188,11611,1.0
4189,4190,1.0
4189,7843,1.0
4190,17333,1.0
4190,33792,1.0
4191,4345,1.0
4191,8591,1.0
4192,20493,1.0
4193,30531,1.0
4194,9446,1.0
4194,7185,1.0
4194,16572,1.0
4195,4196,1.0
4199,14470,1.0
4199,13232,1.0
4200,34073,1.0
4200,8105,1.0
4200,28476,1.0
4201,31530,1.0
4202,6481,1.0
4202,10057,1.0
4202,21043,1.0
4202,5345,1.0
4203,12799,1.0
4203,21126,1.0
4204,11398,1.0
4204,16436,1.0
4204,5516,1.0
4204,15291,1.0
4205,8803,1.0
4205,5051,1.0
4206,13160,1.0
4207,6258,1.0
4208,14153,1.0
4209,14019,1.0
4210,15817,1.0
4210,15249,1.0
4211,7828,1.0
4212,4213,1.0
4213,8542,1.0
4213,5226,1.0
4214,33638,1.0
4215,8213,1.0
4216,14623,1.0
4218,10352,1.0
4219,37348,1.0
4220,5862,1.0
4220,7199,1.0
4221,6865,1.0
4222,4223,1.0
4222,15136,1.0
4222,19037,1.0
4222,6835,1.0
4223,18120,1.0
4223,33288,1.0
4224,30709,1.0
4225,8710,1.0
4225,13615,1.0
4226,12022,1.0
4226,4718,1.0
4227,18139,1.0
4228,4229,1.0
4229,25783,1.0
4230,15550,1.0
4230,21797,1.0
4230,18226,1.0
4231,6932,1.0
4231,6931,1.0
4231,18533,1.0
4233,29619,1.0
4233,6399,1.0
4233,8586,1.0
4234,17589,1.0
4235,31179,1.0
4236,8883,1.0
4236,25329,1.0
4237,12141,1.0
4237,7120,1.0
4238,13487,1.0
4239,4746,1.0
4239,4295,1.0
4239,37474,1.0
4240,7061,1.0
4240,8823,1.0
4240,36446,1.0
4241,19288,1.0
4241,10345,1.0
4241,11517,1.0
4242,4243,1.0
4244,4245,1.0
4244,16711,1.0
4244,24078,1.0
4246,6473,1.0
4246,7048,1.0
4246,27475,1.0
4247,25870,1.0
4248,5464,1.0
4248,13556,1.0
4248,30590,1.0
4250,12136,1.0
4251,6294,1.0
4251,7191,1.0
4251,5149,1.0
4252,4253,1.0
4252,5145,1.0
4252,17508,1.0
4253,27461,1.0
4255,6400,1.0
4255,9601,1.0
4255,19397,1.0
4256,24024,1.0
4257,13499,1.0
4257,23579,1.0
4257,12303,1.0
4257,21283,1.0
4258,4259,1.0
4260,11770,1.0
4260,30471,1.0
4261,12327,1.0
4261,5882,1.0
4261,5166,1.0
4262,6238,1.0
4265,4286,1.0
4265,8679,1.0
4266,11172,1.0
4266,6032,1.0
4266,9976,1.0
4266,6442,1.0
4267,4818,1.0
4268,11852,1.0
4269,4270,1.0
4269,15785,1.0
4269,24042,1.0
4269,35956,1.0
4270,18427,1.0
4270,18428,1.0
4270,15786,1.0
4270,24818,1.0
4270,17358,1.0
4270,27859,1.0
4273,10304,1.0
4273,25144,1.0
4274,4275,1.0
4274,19501,1.0
4275,7264,1.0
4275,19592,1.0
4276,4277,1.0
4278,33046,1.0
4278,7359,1.0
4278,33106,1.0
4278,35939,1.0
4279,16453,1.0
4280,4702,1.0
4281,7029,1.0
4282,11070,1.0
4283,7451,1.0
4283,21311,1.0
4284,4285,1.0
4287,13276,1.0
4287,28670,1.0
4288,8506,1.0
4288,12027,1.0
4289,8265,1.0
4289,18390,1.0
4289,19742,1.0
4290,14447,1.0
4290,8228,1.0
4290,19976,1.0
4291,13405,1.0
4292,24225,1.0
4293,6724,1.0
4294,10563,1.0
4294,29984,1.0
4295,8725,1.0
4296,8676,1.0
4296,19086,1.0
4296,13335,1.0
4296,21462,1.0
4297,30397,1.0
4298,13973,1.0
4299,18677,1.0
4299,17626,1.0
4299,20243,1.0
4300,6594,1.0
4300,12849,1.0
4300,31129,1.0
4301,8559,1.0
4301,6628,1.0
4301,12205,1.0
4302,18678,1.0
4302,10294,1.0
4303,5034,1.0
4303,19525,1.0
4304,14069,1.0
4304,31212,1.0
4304,24322,1.0
4305,6669,1.0
4306,9879,1.0
4306,15727,1.0
4307,13540,1.0
4309,11249,1.0
4310,6570,1.0
4310,15181,1.0
4310,23953,1.0
4311,23680,1.0
4311,7267,1.0
4311,36561,1.0
4312,21894,1.0
4312,32604,1.0
4312,23777,1.0
4313,7630,1.0
4313,8826,1.0
4314,16087,1.0
4315,17916,1.0
4315,16752,1.0
4315,21779,1.0
4316,16011,1.0
4316,7389,1.0
4317,32925,1.0
4318,14140,1.0
4318,31823,1.0
4319,4320,1.0
4320,13889,1.0
4320,17660,1.0
4320,14436,1.0
4321,4322,1.0
4321,34471,1.0
4321,34294,1.0
4323,14155,1.0
4324,28376,1.0
4325,7663,1.0
4326,8162,1.0
4328,11158,1.0
4329,4478,1.0
4329,16338,1.0
4329,9627,1.0
4330,5178,1.0
4330,7061,1.0
4332,10768,1.0
4333,26706,1.0
4334,17181,1.0
4335,7227,1.0
4335,32770,1.0
4335,35966,1.0
4336,20081,1.0
4341,18983,1.0
4342,6725,1.0
4343,11975,1.0
4343,23313,1.0
4343,8503,1.0
4344,15651,1.0
4344,15893,1.0
4345,11316,1.0
4345,10443,1.0
4346,10072,1.0
4346,9239,1.0
4346,26922,1.0
4347,7791,1.0
4348,4349,1.0
4348,14825,1.0
4348,9806,1.0
4350,20360,1.0
4350,10165,1.0
4350,6093,1.0
4351,4352,1.0
4351,30468,1.0
4351,27761,1.0
4352,14208,1.0
4353,15380,1.0
4353,13222,1.0
4353,21347,1.0
4354,6038,1.0
4354,24457,1.0
4355,17989,1.0
4356,4357,1.0
4356,23517,1.0
4356,28250,1.0
4357,14900,1.0
4357,33163,1.0
4358,12396,1.0
4359,35792,1.0
4359,36703,1.0
4359,35103,1.0
4360,13630,1.0
4360,7456,1.0
4360,13995,1.0
4361,5815,1.0
4361,10225,1.0
4361,34833,1.0
4362,5588,1.0
4364,32724,1.0
4364,10524,1.0
4365,12638,1.0
4365,14431,1.0
4365,14109,1.0
4366,4367,1.0
4366,29801,1.0
4366,23075,1.0
4368,13477,1.0
4369,9374,1.0
4369,17071,1.0
4369,17445,1.0
4371,10761,1.0
4372,7428,1.0
4372,11383,1.0
4372,13478,1.0
4374,5471,1.0
4376,16267,1.0
4377,4622,1.0
4378,11542,1.0
4378,16874,1.0
4378,15962,1.0
4378,18847,1.0
4379,10970,1.0
4380,11063,1.0
4380,14623,1.0
4380,8616,1.0
4381,11614,1.0
4381,19944,1.0
4382,14406,1.0
4382,14255,1.0
4382,33166,1.0
4383,6769,1.0
4384,10283,1.0
4384,5288,1.0
4384,18233,1.0
4385,10883,1.0
4385,6913,1.0
4385,21215,1.0
4386,5743,1.0
4386,8733,1.0
4386,18585,1.0
4387,4388,1.0
4389,10170,1.0
4391,4392,1.0
4391,6650,1.0
4391,19254,1.0
4393,9797,1.0
4394,22321,1.0
4395,4406,1.0
4395,6450,1.0
4395,10614,1.0
4395,12772,1.0
4397,12206,1.0
4397,23931,1.0
4397,32538,1.0
4398,5907,1.0
4398,5864,1.0
4398,4920,1.0
4399,16021,1.0
4399,14974,1.0
4399,19547,1.0
4400,10229,1.0
4400,34567,1.0
4400,4653,1.0
4401,30926,1.0
4402,14430,1.0
4402,16831,1.0
4402,15474,1.0
4402,16031,1.0
4403,7440,1.0
4403,25555,1.0
4404,32540,1.0
4404,5732,1.0
4404,13594,1.0
4405,5466,1.0
4407,4527,1.0
4408,20542,1.0
4408,19745,1.0
4408,24482,1.0
4409,6343,1.0
4410,15935,1.0
4410,23040,1.0
4410,32644,1.0
4411,26403,1.0
4411,17238,1.0
4412,15671,1.0
4412,12832,1.0
4412,14724,1.0
4413,26890,1.0
4413,28679,1.0
4414,17493,1.0
4415,4416,1.0
4417,4418,1.0
4417,8187,1.0
4417,33781,1.0
4418,9001,1.0
4418,26207,1.0
4419,11842,1.0
4419,16982,1.0
4422,8398,1.0
4422,8075,1.0
4422,14713,1.0
4424,17401,1.0
4424,12610,1.0
4424,13013,1.0
4425,6709,1.0
4428,6331,1.0
4428,34283,1.0
4429,17461,1.0
4430,11705,1.0
4430,4804,1.0
4430,31727,1.0
4431,10151,1.0
4431,25795,1.0
4433,22879,1.0
4433,18398,1.0
4433,26338,1.0
4434,11703,1.0
4434,15002,1.0
4434,9388,1.0
4437,4438,1.0
4437,4562,1.0
4440,5249,1.0
4440,10990,1.0
4441,5471,1.0
4442,9360,1.0
4444,11031,1.0
4446,4995,1.0
4446,8793,1.0
4447,8166,1.0
4448,8614,1.0
4448,16541,1.0
4448,28908,1.0
4449,13293,1.0
4449,26919,1.0
4450,30839,1.0
4450,20553,1.0
4450,35154,1.0
4451,4891,1.0
4451,19362,1.0
4452,11981,1.0
4453,30741,1.0
4453,16632,1.0
4454,28596,1.0
4455,5831,1.0
4456,36474,1.0
4457,8505,1.0
4457,26092,1.0
4458,10450,1.0
4458,10044,1.0
4458,7262,1.0
4459,7644,1.0
4460,11342,1.0
4460,35912,1.0
4462,12959,1.0
4462,5735,1.0
4463,7044,1.0
4463,12155,1.0
4463,36744,1.0
4465,8991,1.0
4465,15991,1.0
4465,26284,1.0
4466,9575,1.0
4466,7742,1.0
4467,27557,1.0
4468,23631,1.0
4468,15802,1.0
4468,31141,1.0
4469,4470,1.0
4469,25490,1.0
4469,31227,1.0
4470,19595,1.0
4470,6234,1.0
4471,13313,1.0
4471,14689,1.0
4472,6778,1.0
4472,31025,1.0
4473,6936,1.0
4474,4475,1.0
4475,16175,1.0
4475,14413,1.0
4477,25466,1.0
4478,18825,1.0
4478,35055,1.0
4479,10197,1.0
4479,21075,1.0
4480,13115,1.0
4481,4482,1.0
4483,24764,1.0
4483,28730,1.0
4483,30856,1.0
4484,4485,1.0
4484,11306,1.0
4484,21034,1.0
4486,6814,1.0
4486,10257,1.0
4486,9949,1.0
4487,11609,1.0
4487,16330,1.0
4487,24473,1.0
4488,6873,1.0
4488,7929,1.0
4488,13318,1.0
4489,11457,1.0
4490,5853,1.0
4490,5470,1.0
4490,6708,1.0
4491,5416,1.0
4491,20686,1.0
4491,12216,1.0
4494,19518,1.0
4494,19623,1.0
4494,17240,1.0
4495,9680,1.0
4495,8586,1.0
4495,7729,1.0
4496,13489,1.0
4496,24080,1.0
4497,11691,1.0
4497,9821,1.0
4497,16994,1.0
4498,13630,1.0
4498,12927,1.0
4498,11676,1.0
4499,5972,1.0
4499,5836,1.0
4499,29023,1.0
4500,8619,1.0
4500,9016,1.0
4501,6184,1.0
4502,9423,1.0
4503,7762,1.0
4503,11296,1.0
4504,14512,1.0
4504,25570,1.0
4505,7735,1.0
4505,4732,1.0
4505,5703,1.0
4509,5506,1.0
4510,4511,1.0
4511,5128,1.0
4511,35839,1.0
4511,7835,1.0
4513,8168,1.0
4513,9847,1.0
4513,9124,1.0
4513,29977,1.0
4514,13114,1.0
4514,22135,1.0
4514,20581,1.0
4515,6645,1.0
4515,12487,1.0
4515,13317,1.0
4516,6994,1.0
4516,19264,1.0
4516,17932,1.0
4516,15017,1.0
4517,13128,1.0
4517,21020,1.0
4517,28651,1.0
4519,4520,1.0
4521,8676,1.0
4522,25494,1.0
4522,31597,1.0
4522,13727,1.0
4523,24485,1.0
4523,31430,1.0
4523,29428,1.0
4523,31278,1.0
4523,20139,1.0
4523,36804,1.0
4524,8745,1.0
4524,15108,1.0
4525,28349,1.0
4525,28869,1.0
4525,27760,1.0
4525,33350,1.0
4526,5512,1.0
4527,4528,1.0
4529,7931,1.0
4529,6895,1.0
4530,34965,1.0
4531,14561,1.0
4531,17983,1.0
4531,19079,1.0
4533,10053,1.0
4534,10754,1.0
4534,24891,1.0
4534,19287,1.0
4535,19459,1.0
4535,12628,1.0
4535,18837,1.0
4536,4537,1.0
4537,4609,1.0
4537,5524,1.0
4538,10259,1.0
4538,11388,1.0
4538,11210,1.0
4539,7804,1.0
4540,31984,1.0
4541,7594,1.0
4541,13981,1.0
4543,9033,1.0
4543,8282,1.0
4543,18827,1.0
4544,24986,1.0
4544,19290,1.0
4544,23022,1.0
4544,14790,1.0
4545,4546,1.0
4545,4894,1.0
4545,7645,1.0
4546,19480,1.0
4546,34853,1.0
4547,4548,1.0
4548,14160,1.0
4548,14161,1.0
4548,29195,1.0
4548,20695,1.0
4548,34868,1.0
4549,21486,1.0
4549,8423,1.0
4549,18287,1.0
4550,5712,1.0
4550,20551,1.0
4551,25587,1.0
4552,25007,1.0
4553,25519,1.0
4554,7433,1.0
4554,21576,1.0
4555,4556,1.0
4555,20098,1.0
4555,4574,1.0
4556,13423,1.0
4557,4734,1.0
4558,6107,1.0
4558,12004,1.0
4558,27427,1.0
4559,10773,1.0
4559,22435,1.0
4559,35463,1.0
4561,14667,1.0
4561,7327,1.0
4561,34483,1.0
4563,9674,1.0
4564,24079,1.0
4564,27916,1.0
4564,19307,1.0
4565,7396,1.0
4565,11085,1.0
4566,20839,1.0
4567,10868,1.0
4568,5384,1.0
4568,36382,1.0
4569,4570,1.0
4569,7767,1.0
4569,33183,1.0
4570,6573,1.0
4570,8189,1.0
4571,28683,1.0
4571,21495,1.0
4571,17391,1.0
4572,4573,1.0
4574,11825,1.0
4574,19587,1.0
4575,25343,1.0
4575,10839,1.0
4576,20535,1.0
4577,13203,1.0
4577,36278,1.0
4579,11012,1.0
4579,13178,1.0
4579,32079,1.0
4580,7863,1.0
4580,9314,1.0
4581,23027,1.0
4581,6388,1.0
4581,19650,1.0
4581,14980,1.0
4582,16599,1.0
4582,15372,1.0
4582,10069,1.0
4583,4584,1.0
4584,23958,1.0
4584,20541,1.0
4584,23864,1.0
4585,8157,1.0
4586,4587,1.0
4586,9860,1.0
4586,36783,1.0
4588,4808,1.0
4588,9742,1.0
4589,35312,1.0
4590,14764,1.0
4591,12790,1.0
4592,16591,1.0
4592,13790,1.0
4592,31070,1.0
4593,21585,1.0
4593,4666,1.0
4593,20473,1.0
4596,35411,1.0
4596,28897,1.0
4597,11826,1.0
4600,19607,1.0
4600,10338,1.0
4600,18090,1.0
4601,7371,1.0
4602,4603,1.0
4602,12483,1.0
4602,31258,1.0
4603,7260,1.0
4604,4605,1.0
4604,13681,1.0
4604,19682,1.0
4604,10845,1.0
4605,7128,1.0
4605,4679,1.0
4605,14425,1.0
4606,27676,1.0
4606,26521,1.0
4606,9128,1.0
4607,7115,1.0
4607,9479,1.0
4607,11674,1.0
4608,19508,1.0
4608,20402,1.0
4608,10518,1.0
4609,22011,1.0
4610,6828,1.0
4610,25676,1.0
4611,15384,1.0
4611,14719,1.0
4611,7563,1.0
4612,10350,1.0
4613,6237,1.0
4613,9667,1.0
4614,16153,1.0
4614,30139,1.0
4615,28767,1.0
4615,14382,1.0
4615,35808,1.0
4616,5378,1.0
4616,18151,1.0
4616,8641,1.0
4617,12840,1.0
4618,16034,1.0
4618,7878,1.0
4618,7991,1.0
4619,8704,1.0
4619,15211,1.0
4620,7734,1.0
4620,13116,1.0
4621,23490,1.0
4621,13090,1.0
4621,9740,1.0
4621,25588,1.0
4622,20002,1.0
4622,16314,1.0
4623,4624,1.0
4623,30043,1.0
4625,8114,1.0
4625,36737,1.0
4627,6370,1.0
4627,12738,1.0
4627,9589,1.0
4627,18601,1.0
4628,18764,1.0
4628,9987,1.0
4628,35389,1.0
4629,4630,1.0
4630,34650,1.0
4630,22448,1.0
4630,35480,1.0
4631,4632,1.0
4631,4633,1.0
4631,17519,1.0
4631,26374,1.0
4631,23413,1.0
4634,9523,1.0
4636,4637,1.0
4637,4638,1.0
4637,7480,1.0
4637,19788,1.0
4637,19789,1.0
4637,20944,1.0
4637,24211,1.0
4638,4639,1.0
4638,19532,1.0
4638,20944,1.0
4638,20945,1.0
4640,23069,1.0
4641,4642,1.0
4642,12798,1.0
4642,13702,1.0
4643,9064,1.0
4643,11454,1.0
4644,4645,1.0
4644,21862,1.0
4644,13581,1.0
4646,20088,1.0
4647,27616,1.0
4648,6476,1.0
4648,18155,1.0
4648,12125,1.0
4650,17565,1.0
4650,12188,1.0
4650,14563,1.0
4651,8962,1.0
4652,4653,1.0
4652,5343,1.0
4652,7498,1.0
4653,31533,1.0
4654,9010,1.0
4654,5438,1.0
4655,30326,1.0
4656,6524,1.0
4658,6295,1.0
4658,35539,1.0
4658,34644,1.0
4660,14097,1.0
4661,5229,1.0
4663,7186,1.0
4664,5715,1.0
4664,34172,1.0
4664,7898,1.0
4665,7100,1.0
4665,7008,1.0
4666,17863,1.0
4666,16846,1.0
4669,25466,1.0
4669,13945,1.0
4669,26098,1.0
4671,13340,1.0
4671,8311,1.0
4671,26576,1.0
4672,14703,1.0
4672,11542,1.0
4672,15486,1.0
4672,21637,1.0
4673,6180,1.0
4674,9363,1.0
4674,11234,1.0
4674,4879,1.0
4674,26014,1.0
4675,22895,1.0
4675,22652,1.0
4675,25975,1.0
4675,22714,1.0
4675,28070,1.0
4675,11900,1.0
4675,23673,1.0
4675,8136,1.0
4675,15102,1.0
4675,4676,1.0
4676,4677,1.0
4676,9092,1.0
4676,34100,1.0
4678,10484,1.0
4678,9401,1.0
4678,21700,1.0
4679,6090,1.0
4679,19600,1.0
4680,5316,1.0
4681,6802,1.0
4681,17555,1.0
4681,10481,1.0
4682,4683,1.0
4682,9306,1.0
4682,16155,1.0
4682,12439,1.0
4685,4817,1.0
4685,16063,1.0
4685,11075,1.0
4686,14492,1.0
4686,10799,1.0
4687,12602,1.0
4688,11047,1.0
4689,25298,1.0
4690,36653,1.0
4691,15796,1.0
4691,14449,1.0
4692,22013,1.0
4693,4694,1.0
4693,8814,1.0
4693,6413,1.0
4696,29555,1.0
4696,10173,1.0
4696,11219,1.0
4697,6879,1.0
4697,8279,1.0
4697,7526,1.0
4698,15979,1.0
4698,9878,1.0
4698,7107,1.0
4699,5088,1.0
4699,37452,1.0
4700,11703,1.0
4701,10203,1.0
4701,15585,1.0
4701,36714,1.0
4702,10342,1.0
4702,18682,1.0
4704,17464,1.0
4705,36904,1.0
4705,5496,1.0
4705,6449,1.0
4705,24702,1.0
4706,11483,1.0
4707,11203,1.0
4707,8716,1.0
4707,33370,1.0
4708,33867,1.0
4709,34069,1.0
4710,4711,1.0
4712,10253,1.0
4713,8741,1.0
4714,28292,1.0
4714,21396,1.0
4714,23565,1.0
4716,5211,1.0
4716,10350,1.0
4716,27843,1.0
4717,6395,1.0
4717,34386,1.0
4717,17216,1.0
4718,7635,1.0
4718,9996,1.0
4719,4720,1.0
4720,8630,1.0
4720,12553,1.0
4721,5688,1.0
4721,5681,1.0
4721,5093,1.0
4722,9989,1.0
4722,14597,1.0
4722,32754,1.0
4723,9141,1.0
4724,33734,1.0
4724,26988,1.0
4725,9797,1.0
4726,25460,1.0
4727,24328,1.0
4728,4729,1.0
4728,10183,1.0
4729,26237,1.0
4730,5874,1.0
4730,9730,1.0
4730,11992,1.0
4730,15579,1.0
4731,7260,1.0
4732,17177,1.0
4733,4734,1.0
4733,5185,1.0
4733,7866,1.0
4734,11576,1.0
4735,14015,1.0
4735,4766,1.0
4736,15368,1.0
4737,12324,1.0
4738,5364,1.0
4738,16657,1.0
4738,26786,1.0
4739,4740,1.0
4739,10363,1.0
4741,14068,1.0
4742,7165,1.0
4743,5091,1.0
4743,6187,1.0
4744,9825,1.0
4744,32634,1.0
4745,5600,1.0
4747,9995,1.0
4747,20899,1.0
4749,10629,1.0
4749,24218,1.0
4751,5597,1.0
4751,5782,1.0
4751,14621,1.0
4752,10572,1.0
4753,27536,1.0
4753,35473,1.0
4753,34206,1.0
4754,8924,1.0
4754,8243,1.0
4754,15891,1.0
4755,9210,1.0
4755,23221,1.0
4756,8934,1.0
4756,11845,1.0
4757,8025,1.0
4758,10132,1.0
4758,6426,1.0
4758,10124,1.0
4759,10891,1.0
4760,4761,1.0
4760,8792,1.0
4762,17530,1.0
4763,9296,1.0
4763,10216,1.0
4763,28539,1.0
4764,12859,1.0
4764,15904,1.0
4764,19016,1.0
4765,15244,1.0
4765,8382,1.0
4765,15092,1.0
4766,12010,1.0
4767,13014,1.0
4767,25848,1.0
4767,11112,1.0
4768,18862,1.0
4769,9184,1.0
4770,4771,1.0
4770,11874,1.0
4770,14830,1.0
4772,4913,1.0
4773,11547,1.0
4775,7494,1.0
4775,21430,1.0
4776,14866,1.0
4776,14651,1.0
4776,12770,1.0
4778,7027,1.0
4779,4780,1.0
4779,7877,1.0
4779,9608,1.0
4781,7053,1.0
4781,8361,1.0
4782,17730,1.0
4782,22263,1.0
4783,15093,1.0
4783,36706,1.0
4783,8966,1.0
4784,8570,1.0
4784,13515,1.0
4784,36161,1.0
4785,13844,1.0
4785,17101,1.0
4786,10146,1.0
4787,21680,1.0
4787,14326,1.0
4787,17005,1.0
4788,4789,1.0
4790,9471,1.0
4790,12757,1.0
4790,31761,1.0
4791,15450,1.0
4791,7873,1.0
4791,18452,1.0
4791,34141,1.0
4792,6887,1.0
4792,6266,1.0
4792,20486,1.0
4793,12663,1.0
4793,12756,1.0
4793,14884,1.0
4794,9207,1.0
4794,8174,1.0
4794,9773,1.0
4795,16785,1.0
4798,9708,1.0
4799,12712,1.0
4799,6538,1.0
4799,28097,1.0
4800,13892,1.0
4800,14316,1.0
4800,7641,1.0
4800,15190,1.0
4801,15383,1.0
4801,25477,1.0
4802,5171,1.0
4803,13691,1.0
4803,36035,1.0
4803,25007,1.0
4804,13338,1.0
4804,26072,1.0
4805,31928,1.0
4805,17136,1.0
4807,4817,1.0
4807,13355,1.0
4807,17073,1.0
4809,4991,1.0
4809,13305,1.0
4809,24484,1.0
4811,13970,1.0
4811,14394,1.0
4811,7269,1.0
4813,28863,1.0
4813,14191,1.0
4813,26515,1.0
4814,11502,1.0
4815,4816,1.0
4815,17122,1.0
4815,9358,1.0
4815,12017,1.0
4817,4818,1.0
4817,16740,1.0
4818,33497,1.0
4819,9646,1.0
4819,9661,1.0
4820,5177,1.0
4821,6340,1.0
4821,9753,1.0
4821,23660,1.0
4822,6033,1.0
4823,5844,1.0
4824,11601,1.0
4825,16835,1.0
4825,17633,1.0
4826,4827,1.0
4828,4829,1.0
4828,9584,1.0
4828,15777,1.0
4829,5234,1.0
4829,4904,1.0
4830,14461,1.0
4830,28533,1.0
4832,16971,1.0
4832,15553,1.0
4833,8501,1.0
4833,17666,1.0
4833,32385,1.0
4834,5608,1.0
4834,5932,1.0
4834,21499,1.0
4835,4836,1.0
4835,5191,1.0
4835,26220,1.0
4835,10769,1.0
4837,4838,1.0
4838,17335,1.0
4838,30763,1.0
4839,5858,1.0
4840,11715,1.0
4841,11625,1.0
4841,7124,1.0
4841,30232,1.0
4842,15937,1.0
4842,11244,1.0
4842,22438,1.0
4843,14871,1.0
4843,5941,1.0
4843,35114,1.0
4844,7796,1.0
4845,5563,1.0
4845,11769,1.0
4845,7714,1.0
4846,4847,1.0
4847,4848,1.0
4847,11940,1.0
4847,16150,1.0
4847,6114,1.0
4848,4849,1.0
4848,21461,1.0
4848,36433,1.0
4848,7157,1.0
4850,22236,1.0
4851,4852,1.0
4854,13211,1.0
4854,8492,1.0
4855,13551,1.0
4855,26564,1.0
4855,30790,1.0
4856,8612,1.0
4856,8440,1.0
4857,11155,1.0
4857,33727,1.0
4858,4859,1.0
4859,23710,1.0
4863,9762,1.0
4863,7624,1.0
4863,12632,1.0
4863,8526,1.0
4864,13164,1.0
4865,4866,1.0
4866,5905,1.0
4867,13359,1.0
4867,26435,1.0
4867,26319,1.0
4867,26429,1.0
4868,17158,1.0
4868,19846,1.0
4868,10704,1.0
4869,11782,1.0
4869,9640,1.0
4870,5358,1.0
4870,6149,1.0
4871,20837,1.0
4871,11810,1.0
4872,7136,1.0
4872,22686,1.0
4873,8878,1.0
4873,27820,1.0
4873,11324,1.0
4874,4875,1.0
4874,13323,1.0
4874,22773,1.0
4875,12289,1.0
4875,11124,1.0
4876,5839,1.0
4876,8046,1.0
4876,23164,1.0
4877,4878,1.0
4877,17913,1.0
4877,28168,1.0
4877,31410,1.0
4877,31633,1.0
4877,28353,1.0
4879,8704,1.0
4879,22183,1.0
4880,6966,1.0
4880,13664,1.0
4880,7111,1.0
4880,6691,1.0
4881,13916,1.0
4881,17656,1.0
4881,9917,1.0
4881,11077,1.0
4882,13201,1.0
4883,6254,1.0
4883,8241,1.0
4883,34035,1.0
4884,11789,1.0
4886,11105,1.0
4886,27762,1.0
4887,12021,1.0
4887,11027,1.0
4887,11532,1.0
4888,4889,1.0
4888,12494,1.0
4889,10811,1.0
4890,10272,1.0
4891,8484,1.0
4891,5806,1.0
4892,15427,1.0
4892,7937,1.0
4892,15269,1.0
4892,7197,1.0
4893,10222,1.0
4893,9130,1.0
4894,11344,1.0
4894,11536,1.0
4895,5732,1.0
4895,34282,1.0
4895,24759,1.0
4896,15787,1.0
4896,11305,1.0
4896,17509,1.0
4897,8867,1.0
4897,7196,1.0
4897,35255,1.0
4898,18805,1.0
4898,10410,1.0
4898,14822,1.0
4898,21866,1.0
4899,4900,1.0
4899,11852,1.0
4901,36356,1.0
4901,7441,1.0
4902,4903,1.0
4902,18878,1.0
4904,31341,1.0
4905,4906,1.0
4907,21999,1.0
4907,6866,1.0
4907,13399,1.0
4907,9341,1.0
4909,23900,1.0
4910,5238,1.0
4910,6786,1.0
4910,22623,1.0
4911,4912,1.0
4914,4915,1.0
4914,10577,1.0
4914,37347,1.0
4915,14316,1.0
4915,25239,1.0
4916,9945,1.0
4916,7691,1.0
4916,19179,1.0
4917,35325,1.0
4917,36822,1.0
4918,21118,1.0
4918,8619,1.0
4918,7579,1.0
4919,4920,1.0
4919,11803,1.0
4919,8661,1.0
4919,16709,1.0
4920,7646,1.0
4921,4942,1.0
4921,14307,1.0
4921,24250,1.0
4922,11607,1.0
4923,37579,1.0
4923,9563,1.0
4923,12999,1.0
4924,23208,1.0
4924,19064,1.0
4926,17577,1.0
4926,17427,1.0
4927,13079,1.0
4928,30220,1.0
4928,30632,1.0
4928,8059,1.0
4929,9925,1.0
4929,5529,1.0
4929,8466,1.0
4930,6489,1.0
4930,8992,1.0
4930,19088,1.0
4931,9606,1.0
4932,16760,1.0
4934,16407,1.0
4935,4936,1.0
4935,13747,1.0
4935,24312,1.0
4936,16180,1.0
4936,5979,1.0
4936,34262,1.0
4937,22636,1.0
4937,13213,1.0
4937,23329,1.0
4938,9966,1.0
4939,6477,1.0
4939,16990,1.0
4940,21845,1.0
4940,5039,1.0
4941,4942,1.0
4941,11552,1.0
4941,8046,1.0
4942,20987,1.0
4942,25623,1.0
4943,5542,1.0
4943,5090,1.0
4943,22831,1.0
4944,24247,1.0
4944,27241,1.0
4944,20632,1.0
4945,6087,1.0
4945,13586,1.0
4945,32274,1.0
4946,19557,1.0
4946,29605,1.0
4946,25720,1.0
4947,15678,1.0
4947,9782,1.0
4947,11725,1.0
4948,14231,1.0
4948,15666,1.0
4948,36681,1.0
4950,5909,1.0
4951,9399,1.0
4951,11645,1.0
4952,11496,1.0
4952,33082,1.0
4952,17741,1.0
4953,9679,1.0
4953,15620,1.0
4953,14232,1.0
4954,6648,1.0
4954,14748,1.0
4954,19502,1.0
4955,4956,1.0
4956,15815,1.0
4956,7881,1.0
4957,4958,1.0
4959,4960,1.0
4960,10370,1.0
4960,25882,1.0
4961,24478,1.0
4962,4963,1.0
4963,7284,1.0
4963,36729,1.0
4964,4965,1.0
4964,11251,1.0
4964,32788,1.0
4965,30923,1.0
4965,36009,1.0
4966,4967,1.0
4967,13886,1.0
4967,18171,1.0
4967,16111,1.0
4968,5946,1.0
4968,9481,1.0
4969,4970,1.0
4971,13160,1.0
4971,21897,1.0
4971,25495,1.0
4972,5129,1.0
4972,30586,1.0
4972,23849,1.0
4972,27678,1.0
4973,12535,1.0
4973,11898,1.0
4974,19905,1.0
4974,8217,1.0
4975,8409,1.0
4975,13389,1.0
4975,29811,1.0
4976,16063,1.0
4977,18699,1.0
4978,26066,1.0
4978,9918,1.0
4980,11982,1.0
4980,6961,1.0
4981,13588,1.0
4983,7124,1.0
4984,11301,1.0
4984,33193,1.0
4985,5246,1.0
4986,16787,1.0
4987,8084,1.0
4987,5476,1.0
4989,7291,1.0
4990,6977,1.0
4990,9743,1.0
4991,7596,1.0
4993,10627,1.0
4994,13839,1.0
4995,9441,1.0
4995,5910,1.0
4996,31032,1.0
4997,12382,1.0
4997,11747,1.0
4997,15661,1.0
4998,4999,1.0
4998,9012,1.0
5000,5009,1.0
5000,13578,1.0
5000,9381,1.0
5001,6684,1.0
5001,10157,1.0
5001,19268,1.0
5002,31342,1.0
5002,14646,1.0
5003,5004,1.0
5003,18277,1.0
5006,7097,1.0
5007,13123,1.0
5007,24259,1.0
5008,9489,1.0
5009,14262,1.0
5009,6815,1.0
5010,23909,1.0
5011,14246,1.0
5012,5013,1.0
5013,26040,1.0
5015,7696,1.0
5015,20381,1.0
5016,12650,1.0
5017,6702,1.0
5018,16890,1.0
5020,23295,1.0
5021,6067,1.0
5021,7408,1.0
5021,12825,1.0
5022,9906,1.0
5022,21437,1.0
5022,19870,1.0
5024,5025,1.0
5026,18597,1.0
5027,14798,1.0
5027,31696,1.0
5028,7218,1.0
5028,37561,1.0
5028,5620,1.0
5029,5030,1.0
5030,11767,1.0
5030,21974,1.0
5032,9570,1.0
5033,10598,1.0
5034,21714,1.0
5035,5036,1.0
5036,18027,1.0
5036,12605,1.0
5036,15568,1.0
5037,31152,1.0
5037,6525,1.0
5037,5064,1.0
5037,18731,1.0
5038,6713,1.0
5038,25338,1.0
5038,20811,1.0
5039,11614,1.0
5039,18113,1.0
5040,5041,1.0
5040,6468,1.0
5041,28331,1.0
5042,21734,1.0
5042,31311,1.0
5043,5044,1.0
5043,8966,1.0
5044,9893,1.0
5044,14791,1.0
5044,19765,1.0
5045,28166,1.0
5045,8883,1.0
5045,25827,1.0
5045,24447,1.0
5046,10594,1.0
5046,22210,1.0
5047,6655,1.0
5049,22035,1.0
5050,37216,1.0
5050,6585,1.0
5050,25515,1.0
5051,20708,1.0
5052,10361,1.0
5053,9251,1.0
5054,5055,1.0
5057,14102,1.0
5058,15358,1.0
5058,29759,1.0
5059,7208,1.0
5059,9107,1.0
5059,32939,1.0
5060,9971,1.0
5060,12025,1.0
5060,11808,1.0
5061,8762,1.0
5061,5680,1.0
5061,23914,1.0
5062,24356,1.0
5063,15336,1.0
5064,29756,1.0
5064,36769,1.0
5065,5629,1.0
5066,22111,1.0
5066,12084,1.0
5066,15173,1.0
5068,13121,1.0
5068,14970,1.0
5069,15666,1.0
5070,7746,1.0
5070,11236,1.0
5070,5330,1.0
5070,14901,1.0
5071,22037,1.0
5071,7313,1.0
5071,7748,1.0
5072,26335,1.0
5072,22671,1.0
5072,30265,1.0
5073,15329,1.0
5073,8088,1.0
5073,16894,1.0
5074,7745,1.0
5074,30177,1.0
5075,5090,1.0
5076,16450,1.0
5077,30411,1.0
5077,33355,1.0
5077,36283,1.0
5077,5788,1.0
5077,30410,1.0
5077,17477,1.0
5077,36342,1.0
5078,6563,1.0
5079,15901,1.0
5079,15942,1.0
5079,14321,1.0
5080,23143,1.0
5081,5082,1.0
5082,5083,1.0
5082,35390,1.0
5082,31119,1.0
5083,5084,1.0
5083,25423,1.0
5083,27472,1.0
5083,34151,1.0
5083,34660,1.0
5083,36201,1.0
5083,35856,1.0
5085,5086,1.0
5086,32248,1.0
5087,5088,1.0
5089,11853,1.0
5089,20203,1.0
5090,35122,1.0
5092,7745,1.0
5092,13551,1.0
5092,27742,1.0
5094,6046,1.0
5094,17071,1.0
5095,5096,1.0
5097,9395,1.0
5097,11834,1.0
5098,30087,1.0
5098,15098,1.0
5099,6816,1.0
5099,6719,1.0
5099,18912,1.0
5100,5101,1.0
5100,8318,1.0
5100,11043,1.0
5102,5103,1.0
5104,17333,1.0
5106,18602,1.0
5107,5108,1.0
5107,13656,1.0
5107,9025,1.0
5110,6785,1.0
5110,16816,1.0
5110,5583,1.0
5112,5326,1.0
5112,26208,1.0
5112,17960,1.0
5113,5897,1.0
5114,13177,1.0
5115,15867,1.0
5116,7214,1.0
5116,24889,1.0
5116,36558,1.0
5117,5118,1.0
5120,8204,1.0
5120,14975,1.0
5120,10916,1.0
5121,8568,1.0
5123,25212,1.0
5123,5883,1.0
5124,6291,1.0
5124,35548,1.0
5125,7592,1.0
5125,7717,1.0
5125,21595,1.0
5126,9669,1.0
5126,11656,1.0
5126,27302,1.0
5127,6623,1.0
5127,6143,1.0
5128,13718,1.0
5128,34312,1.0
5130,5131,1.0
5130,5132,1.0
5130,18301,1.0
5130,21081,1.0
5130,30966,1.0
5130,30967,1.0
5130,21376,1.0
5130,25227,1.0
5133,10001,1.0
5134,12314,1.0
5135,22760,1.0
5137,21153,1.0
5138,6610,1.0
5139,29309,1.0
5139,16552,1.0
5139,25819,1.0
5139,33570,1.0
5140,7581,1.0
5140,23408,1.0
5140,36526,1.0
5141,16915,1.0
5142,19920,1.0
5142,15177,1.0
5142,16832,1.0
5143,5144,1.0
5143,26927,1.0
5143,13085,1.0
5144,33164,1.0
5144,31812,1.0
5144,22352,1.0
5145,8103,1.0
5145,31651,1.0
5146,9901,1.0
5146,12545,1.0
5146,14244,1.0
5148,27499,1.0
5150,11267,1.0
5151,8120,1.0
5152,8840,1.0
5152,6286,1.0
5153,6415,1.0
5153,26147,1.0
5153,12310,1.0
5154,17853,1.0
5154,9509,1.0
5156,5157,1.0
5158,5159,1.0
5158,22710,1.0
5159,5209,1.0
5160,5161,1.0
5160,6891,1.0
5160,36743,1.0
5161,28769,1.0
5162,19830,1.0
5163,9256,1.0
5163,6992,1.0
5163,7968,1.0
5164,8143,1.0
5164,12448,1.0
5164,13408,1.0
5165,7314,1.0
5165,17052,1.0
5166,13653,1.0
5166,10275,1.0
5166,5420,1.0
5167,19764,1.0
5167,6320,1.0
5167,24483,1.0
5167,16633,1.0
5168,8141,1.0
5168,14407,1.0
5168,7872,1.0
5169,5926,1.0
5169,8553,1.0
5170,12106,1.0
5170,10089,1.0
5171,9279,1.0
5172,13734,1.0
5172,9637,1.0
5172,19149,1.0
5173,33377,1.0
5174,11998,1.0
5174,16444,1.0
5174,9036,1.0
5175,28063,1.0
5176,6807,1.0
5176,35053,1.0
5176,25404,1.0
5177,13173,1.0
5177,12619,1.0
5178,6884,1.0
5178,18118,1.0
5179,26708,1.0
5179,26321,1.0
5179,19444,1.0
5180,14164,1.0
5181,16192,1.0
5181,6221,1.0
5181,15108,1.0
5182,9829,1.0
5183,18447,1.0
5183,27572,1.0
5183,15137,1.0
5183,18643,1.0
5185,17131,1.0
5185,20251,1.0
5186,18377,1.0
5186,15641,1.0
5187,13501,1.0
5188,9041,1.0
5189,5190,1.0
5189,10003,1.0
5189,16785,1.0
5192,30750,1.0
5193,10506,1.0
5193,5291,1.0
5193,6529,1.0
5193,10707,1.0
5194,5195,1.0
5195,5197,1.0
5195,18884,1.0
5195,20681,1.0
5195,28521,1.0
5195,20644,1.0
5195,8630,1.0
5195,23903,1.0
5195,13832,1.0
5196,5197,1.0
5197,15702,1.0
5197,15703,1.0
5197,6332,1.0
5197,22456,1.0
5197,16510,1.0
5198,5700,1.0
5198,23812,1.0
5199,5200,1.0
5199,6525,1.0
5199,13595,1.0
5200,6451,1.0
5200,22974,1.0
5201,6436,1.0
5201,7571,1.0
5201,34896,1.0
5203,16864,1.0
5204,19556,1.0
5206,8964,1.0
5206,7852,1.0
5206,8815,1.0
5207,5208,1.0
5207,30532,1.0
5207,25663,1.0
5207,28370,1.0
5208,30048,1.0
5208,35728,1.0
5209,14892,1.0
5209,18424,1.0
5210,6548,1.0
5210,15237,1.0
5210,5936,1.0
5211,10125,1.0
5211,12068,1.0
5211,14442,1.0
5212,15742,1.0
5213,22360,1.0
5214,5215,1.0
5214,17978,1.0
5214,11812,1.0
5217,11305,1.0
5217,11145,1.0
5217,21150,1.0
5218,33542,1.0
5220,7224,1.0
5220,13816,1.0
5220,10371,1.0
5221,8187,1.0
5221,8834,1.0
5221,32348,1.0
5223,22655,1.0
5223,10181,1.0
5224,5489,1.0
5225,34553,1.0
5225,28672,1.0
5227,11373,1.0
5227,16479,1.0
5228,9758,1.0
5228,9742,1.0
5228,15174,1.0
5229,7134,1.0
5229,21084,1.0
5230,6187,1.0
5230,7789,1.0
5231,19091,1.0
5231,29234,1.0
5231,17855,1.0
5232,37603,1.0
5232,11303,1.0
5232,19590,1.0
5233,5435,1.0
5233,16476,1.0
5234,11494,1.0
5235,11627,1.0
5235,10937,1.0
5235,10350,1.0
5235,26689,1.0
5237,12372,1.0
5237,8384,1.0
5237,11170,1.0
5238,5239,1.0
5238,13445,1.0
5239,11603,1.0
5239,28911,1.0
5241,11797,1.0
5242,18343,1.0
5243,11167,1.0
5243,5532,1.0
5243,20997,1.0
5244,8690,1.0
5244,34205,1.0
5245,6466,1.0
5247,13659,1.0
5249,5250,1.0
5249,11210,1.0
5251,6371,1.0
5252,12320,1.0
5252,12770,1.0
5252,11448,1.0
5252,10889,1.0
5253,5254,1.0
5255,9271,1.0
5256,33038,1.0
5256,7029,1.0
5256,25766,1.0
5257,13252,1.0
5258,9640,1.0
5260,23137,1.0
5260,30474,1.0
5261,13634,1.0
5261,30956,1.0
5262,5263,1.0
5264,31805,1.0
5264,34733,1.0
5264,34913,1.0
5265,8993,1.0
5265,6038,1.0
5265,22829,1.0
5266,18799,1.0
5267,14610,1.0
5268,5269,1.0
5268,5270,1.0
5268,23806,1.0
5268,23807,1.0
5268,21112,1.0
5268,13310,1.0
5268,36276,1.0
5269,14611,1.0
5269,22984,1.0
5271,37485,1.0
5272,14238,1.0
5272,8131,1.0
5277,12870,1.0
5277,12063,1.0
5277,36873,1.0
5278,5830,1.0
5279,11400,1.0
5280,17027,1.0
5281,7840,1.0
5282,9611,1.0
5282,20689,1.0
5282,31584,1.0
5283,5744,1.0
5283,10795,1.0
5283,10608,1.0
5283,18391,1.0
5286,8547,1.0
5286,6702,1.0
5286,23292,1.0
5288,7287,1.0
5288,14697,1.0
5289,7920,1.0
5289,5928,1.0
5289,7043,1.0
5290,9155,1.0
5290,5988,1.0
5290,13340,1.0
5291,28249,1.0
5293,5294,1.0
5295,9488,1.0
5296,6611,1.0
5296,8929,1.0
5296,10606,1.0
5297,29200,1.0
5297,28321,1.0
5297,33897,1.0
5297,8558,1.0
5298,5299,1.0
5298,11583,1.0
5298,7428,1.0
5299,20842,1.0
5299,18812,1.0
5301,8446,1.0
5301,13866,1.0
5301,33976,1.0
5302,20223,1.0
5302,20803,1.0
5302,15825,1.0
5303,12676,1.0
5304,9163,1.0
5304,11457,1.0
5304,13640,1.0
5305,8422,1.0
5305,23244,1.0
5305,36704,1.0
5305,18892,1.0
5306,9990,1.0
5306,19711,1.0
5307,10176,1.0
5308,16293,1.0
5308,8655,1.0
5308,33981,1.0
5309,13791,1.0
5310,8877,1.0
5310,10515,1.0
5312,17640,1.0
5313,8356,1.0
5314,10435,1.0
5314,16626,1.0
5315,9804,1.0
5315,10682,1.0
5316,5924,1.0
5317,9304,1.0
5317,6856,1.0
5317,12107,1.0
5319,22467,1.0
5319,13912,1.0
5320,5321,1.0
5322,6476,1.0
5322,6001,1.0
5322,8707,1.0
5323,8844,1.0
5324,11338,1.0
5324,12508,1.0
5327,12265,1.0
5327,8440,1.0
5328,10571,1.0
5329,5330,1.0
5330,5495,1.0
5331,6742,1.0
5331,6104,1.0
5331,34183,1.0
5332,16394,1.0
5332,10402,1.0
5332,13633,1.0
5332,23479,1.0
5333,6370,1.0
5334,20630,1.0
5334,23763,1.0
5334,9251,1.0
5335,6528,1.0
5335,13754,1.0
5335,17467,1.0
5336,5905,1.0
5336,13732,1.0
5336,34385,1.0
5337,28753,1.0
5337,32092,1.0
5337,15163,1.0
5338,15149,1.0
5339,9102,1.0
5340,17531,1.0
5342,19188,1.0
5343,9376,1.0
5343,21865,1.0
5344,7054,1.0
5344,10520,1.0
5345,9413,1.0
5345,14956,1.0
5346,6759,1.0
5346,26299,1.0
5347,5348,1.0
5347,17080,1.0
5347,17222,1.0
5347,25916,1.0
5347,32449,1.0
5347,20408,1.0
5347,17696,1.0
5349,6425,1.0
5350,8287,1.0
5351,5352,1.0
5352,8056,1.0
5352,11302,1.0
5355,10936,1.0
5356,7510,1.0
5356,13026,1.0
5357,13226,1.0
5357,6981,1.0
5358,11610,1.0
5359,14844,1.0
5359,15455,1.0
5359,25306,1.0
5360,6875,1.0
5360,5383,1.0
5360,10313,1.0
5361,10787,1.0
5361,9074,1.0
5361,5464,1.0
5361,36142,1.0
5362,6044,1.0
5362,30521,1.0
5362,16035,1.0
5363,6879,1.0
5363,11596,1.0
5363,11943,1.0
5364,5365,1.0
5364,8295,1.0
5365,25776,1.0
5366,5954,1.0
5369,13227,1.0
5369,18941,1.0
5370,14714,1.0
5371,6079,1.0
5371,24645,1.0
5372,16761,1.0
5372,8255,1.0
5373,17125,1.0
5373,6945,1.0
5373,14049,1.0
5374,5375,1.0
5375,17421,1.0
5375,25913,1.0
5375,14495,1.0
5375,26197,1.0
5376,8561,1.0
5376,7742,1.0
5376,14749,1.0
5376,12142,1.0
5377,10220,1.0
5377,8812,1.0
5377,27065,1.0
5378,20485,1.0
5379,5380,1.0
5379,10028,1.0
5381,20608,1.0
5381,10961,1.0
5381,12969,1.0
5382,21270,1.0
5383,10162,1.0
5383,24423,1.0
5384,10411,1.0
5384,7801,1.0
5385,17415,1.0
5385,13545,1.0
5385,6477,1.0
5385,6067,1.0
5386,37463,1.0
5387,21850,1.0
5388,5389,1.0
5388,10097,1.0
5388,12218,1.0
5390,5391,1.0
5392,16385,1.0
5393,14321,1.0
5394,5395,1.0
5396,5397,1.0
5396,15533,1.0
5396,12155,1.0
5398,5399,1.0
5401,12927,1.0
5402,5403,1.0
5402,9589,1.0
5402,15360,1.0
5403,30637,1.0
5403,27729,1.0
5404,5857,1.0
5404,8620,1.0
5405,11889,1.0
5405,13126,1.0
5406,5407,1.0
5406,23833,1.0
5407,22875,1.0
5407,19537,1.0
5408,5409,1.0
5408,10843,1.0
5408,21129,1.0
5409,7982,1.0
5409,28284,1.0
5410,16924,1.0
5410,34200,1.0
5411,34024,1.0
5411,7913,1.0
5412,11151,1.0
5414,19005,1.0
5415,33194,1.0
5415,5424,1.0
5416,22804,1.0
5416,29105,1.0
5418,22529,1.0
5418,28228,1.0
5418,32798,1.0
5419,12339,1.0
5419,11599,1.0
5419,9094,1.0
5419,20599,1.0
5420,14511,1.0
5420,15957,1.0
5423,13151,1.0
5423,17054,1.0
5423,31560,1.0
5425,13717,1.0
5426,18189,1.0
5426,18589,1.0
5427,5428,1.0
5427,9539,1.0
5427,8585,1.0
5428,11377,1.0
5428,24146,1.0
5429,5430,1.0
5429,8779,1.0
5429,23011,1.0
5430,8210,1.0
5430,16345,1.0
5432,5433,1.0
5435,8650,1.0
5435,12393,1.0
5435,30458,1.0
5436,9912,1.0
5436,6426,1.0
5436,23253,1.0
5439,6531,1.0
5439,8369,1.0
5439,36741,1.0
5441,26703,1.0
5441,23740,1.0
5442,19503,1.0
5443,5716,1.0
5444,5445,1.0
5444,9222,1.0
5444,29722,1.0
5445,7609,1.0
5445,10118,1.0
5446,5447,1.0
5448,5449,1.0
5448,15214,1.0
5449,6284,1.0
5449,23363,1.0
5451,14136,1.0
5451,17139,1.0
5454,5455,1.0
5456,11924,1.0
5457,32134,1.0
5457,36593,1.0
5457,34128,1.0
5458,13589,1.0
5458,17698,1.0
5458,11717,1.0
5459,7803,1.0
5460,8456,1.0
5460,20525,1.0
5460,29835,1.0
5461,8607,1.0
5462,30285,1.0
5462,10349,1.0
5462,23437,1.0
5463,25455,1.0
5464,12925,1.0
5465,5466,1.0
5465,12382,1.0
5466,13212,1.0
5467,24506,1.0
5468,24432,1.0
5468,11362,1.0
5468,9244,1.0
5469,21381,1.0
5469,16826,1.0
5470,15033,1.0
5473,36864,1.0
5474,5655,1.0
5475,8559,1.0
5477,5478,1.0
5479,6320,1.0
5480,21482,1.0
5481,12621,1.0
5481,29168,1.0
5484,20515,1.0
5485,11745,1.0
5485,15235,1.0
5485,14904,1.0
5485,11575,1.0
5486,9580,1.0
5487,7808,1.0
5487,14904,1.0
5490,35696,1.0
5490,10832,1.0
5490,29224,1.0
5491,5492,1.0
5493,7660,1.0
5493,9691,1.0
5494,13474,1.0
5495,12697,1.0
5495,32007,1.0
5497,5723,1.0
5497,8844,1.0
5497,11716,1.0
5498,8436,1.0
5498,13372,1.0
5498,7755,1.0
5499,17701,1.0
5499,6968,1.0
5499,25784,1.0
5500,15376,1.0
5502,7381,1.0
5502,16306,1.0
5502,9415,1.0
5503,5504,1.0
5503,5878,1.0
5503,6077,1.0
5505,5879,1.0
5507,10584,1.0
5507,20158,1.0
5508,19430,1.0
5508,10398,1.0
5511,5512,1.0
5513,24209,1.0
5513,25068,1.0
5513,25376,1.0
5514,5515,1.0
5514,36635,1.0
5515,18060,1.0
5515,15771,1.0
5518,14763,1.0
5518,11476,1.0
5520,17883,1.0
5520,13352,1.0
5521,5984,1.0
5521,12300,1.0
5523,5936,1.0
5524,20685,1.0
5524,17312,1.0
5525,7354,1.0
5526,13984,1.0
5527,9425,1.0
5528,11397,1.0
5530,5698,1.0
5530,5595,1.0
5531,5634,1.0
5531,25013,1.0
5532,7936,1.0
5532,15368,1.0
5533,7354,1.0
5533,36966,1.0
5534,5535,1.0
5535,7908,1.0
5536,7730,1.0
5537,14203,1.0
5538,13559,1.0
5539,11733,1.0
5540,12595,1.0
5541,36559,1.0
5543,5544,1.0
5543,6696,1.0
5543,20805,1.0
5545,5546,1.0
5549,10229,1.0
5550,8619,1.0
5550,17692,1.0
5550,17239,1.0
5551,26178,1.0
5552,21164,1.0
5553,16607,1.0
5554,7349,1.0
5554,7136,1.0
5554,14688,1.0
5556,14773,1.0
5556,14866,1.0
5556,15441,1.0
5557,16886,1.0
5557,20487,1.0
5558,9628,1.0
5559,17148,1.0
5560,20831,1.0
5560,16851,1.0
5564,6922,1.0
5564,12151,1.0
5565,31679,1.0
5566,7169,1.0
5566,14328,1.0
5566,30356,1.0
5567,16135,1.0
5567,22780,1.0
5567,22625,1.0
5568,37040,1.0
5568,26883,1.0
5568,16512,1.0
5568,31688,1.0
5569,8480,1.0
5570,19304,1.0
5572,29720,1.0
5572,5849,1.0
5572,10921,1.0
5573,19591,1.0
5576,18536,1.0
5576,21077,1.0
5576,20513,1.0
5577,9974,1.0
5578,6368,1.0
5578,9060,1.0
5578,20850,1.0
5579,6868,1.0
5580,7672,1.0
5580,19121,1.0
5580,6385,1.0
5581,5582,1.0
5583,25321,1.0
5583,11785,1.0
5584,11672,1.0
5584,26300,1.0
5585,5586,1.0
5586,12787,1.0
5586,37344,1.0
5587,6541,1.0
5587,30668,1.0
5588,10847,1.0
5588,16262,1.0
5589,35249,1.0
5589,13121,1.0
5589,12767,1.0
5590,10492,1.0
5590,22037,1.0
5592,24659,1.0
5592,31598,1.0
5593,19759,1.0
5594,8434,1.0
5595,9097,1.0
5596,17999,1.0
5596,13654,1.0
5597,6719,1.0
5597,10856,1.0
5598,13154,1.0
5598,17295,1.0
5599,7894,1.0
5599,19358,1.0
5600,16791,1.0
5600,34579,1.0
5600,18178,1.0
5600,28091,1.0
5601,15816,1.0
5601,14201,1.0
5601,29478,1.0
5602,9064,1.0
5602,31211,1.0
5603,14271,1.0
5603,11004,1.0
5604,7797,1.0
5604,36712,1.0
5604,13559,1.0
5604,9516,1.0
5606,8422,1.0
5607,9571,1.0
5607,21653,1.0
5608,17634,1.0
5608,12861,1.0
5609,8669,1.0
5609,32981,1.0
5610,5611,1.0
5611,5612,1.0
5611,10925,1.0
5611,22649,1.0
5611,24905,1.0
5611,6972,1.0
5611,26083,1.0
5611,27936,1.0
5611,33568,1.0
5612,5613,1.0
5612,17022,1.0
5612,5669,1.0
5612,22904,1.0
5612,24706,1.0
5612,24707,1.0
5612,26536,1.0
5612,27936,1.0
5615,15726,1.0
5615,7362,1.0
5615,20534,1.0
5616,11809,1.0
5616,14735,1.0
5617,12093,1.0
5618,10782,1.0
5619,12635,1.0
5619,14750,1.0
5619,15344,1.0
5620,5675,1.0
5620,20085,1.0
5621,12093,1.0
5621,12488,1.0
5622,17337,1.0
5622,19537,1.0
5622,28612,1.0
5623,5624,1.0
5623,11628,1.0
5623,7265,1.0
5626,29354,1.0
5628,9984,1.0
5629,27877,1.0
5630,12209,1.0
5631,7401,1.0
5631,21474,1.0
5631,23837,1.0
5632,5633,1.0
5632,10216,1.0
5632,17094,1.0
5633,8174,1.0
5633,15175,1.0
5634,23111,1.0
5635,7195,1.0
5635,9210,1.0
5635,32235,1.0
5637,7667,1.0
5638,30803,1.0
5639,5640,1.0
5640,29424,1.0
5641,7915,1.0
5642,16014,1.0
5642,12899,1.0
5642,10622,1.0
5643,8352,1.0
5644,9755,1.0
5645,11133,1.0
5645,17408,1.0
5645,25226,1.0
5647,10837,1.0
5648,18957,1.0
5649,35581,1.0
5650,5651,1.0
5650,6328,1.0
5652,5653,1.0
5654,15007,1.0
5654,17780,1.0
5654,6231,1.0
5655,14752,1.0
5656,5657,1.0
5656,8901,1.0
5656,18294,1.0
5657,18104,1.0
5658,5659,1.0
5659,5660,1.0
5659,14743,1.0
5659,31914,1.0
5659,32503,1.0
5660,5661,1.0
5660,22325,1.0
5660,18744,1.0
5661,18744,1.0
5661,30996,1.0
5662,11038,1.0
5664,8449,1.0
5665,14435,1.0
5665,11750,1.0
5665,9369,1.0
5665,7492,1.0
5666,12306,1.0
5666,11832,1.0
5666,6438,1.0
5667,5668,1.0
5669,12397,1.0
5669,31871,1.0
5670,31872,1.0
5671,10787,1.0
5671,9885,1.0
5671,14464,1.0
5672,6886,1.0
5672,8234,1.0
5672,10440,1.0
5673,5674,1.0
5673,18571,1.0
5673,7363,1.0
5673,15677,1.0
5676,8220,1.0
5676,8986,1.0
5676,18865,1.0
5677,24701,1.0
5677,13527,1.0
5677,19639,1.0
5677,13053,1.0
5678,8668,1.0
5678,25626,1.0
5678,11919,1.0
5679,18501,1.0
5679,8506,1.0
5679,7947,1.0
5680,17974,1.0
5681,16431,1.0
5681,10508,1.0
5682,6400,1.0
5683,13005,1.0
5684,6821,1.0
5685,10225,1.0
5685,7001,1.0
5685,25639,1.0
5686,11565,1.0
5686,15217,1.0
5687,5704,1.0
5688,8119,1.0
5689,5866,1.0
5689,20529,1.0
5689,10078,1.0
5690,37484,1.0
5691,5692,1.0
5692,19149,1.0
5692,27469,1.0
5693,5694,1.0
5693,22865,1.0
5693,7446,1.0
5695,14038,1.0
5695,19717,1.0
5695,6536,1.0
5695,37414,1.0
5696,9837,1.0
5696,12843,1.0
5696,15194,1.0
5699,8778,1.0
5699,31196,1.0
5701,25431,1.0
5702,15750,1.0
5703,22588,1.0
5703,26693,1.0
5704,8411,1.0
5705,8300,1.0
5706,5707,1.0
5706,6328,1.0
5706,8872,1.0
5706,10809,1.0
5708,8954,1.0
5710,5711,1.0
5710,29035,1.0
5710,18495,1.0
5712,26599,1.0
5712,37437,1.0
5713,15242,1.0
5713,7502,1.0
5713,32846,1.0
5715,9091,1.0
5715,17967,1.0
5716,5717,1.0
5716,14571,1.0
5716,11352,1.0
5718,16565,1.0
5718,19676,1.0
5718,35871,1.0
5719,12734,1.0
5719,22090,1.0
5719,28038,1.0
5720,6078,1.0
5720,6137,1.0
5721,9846,1.0
5724,22392,1.0
5724,11184,1.0
5724,13477,1.0
5725,6402,1.0
5725,7076,1.0
5725,7558,1.0
5725,9261,1.0
5725,9034,1.0
5726,11503,1.0
5726,6011,1.0
5726,17805,1.0
5727,11575,1.0
5728,7693,1.0
5728,25127,1.0
5729,10716,1.0
5729,6040,1.0
5729,22502,1.0
5731,34885,1.0
5733,5734,1.0
5733,5748,1.0
5733,36722,1.0
5736,5737,1.0
5737,19390,1.0
5737,21711,1.0
5738,33194,1.0
5739,12516,1.0
5739,11553,1.0
5739,7963,1.0
5740,19492,1.0
5742,8343,1.0
5742,10093,1.0
5743,18051,1.0
5743,13020,1.0
5744,37109,1.0
5745,12634,1.0
5745,12506,1.0
5745,11866,1.0
5746,5883,1.0
5746,34007,1.0
5750,19049,1.0
5752,12604,1.0
5752,6525,1.0
5753,5754,1.0
5753,6492,1.0
5755,12686,1.0
5758,8960,1.0
5758,7007,1.0
5758,31862,1.0
5759,10043,1.0
5761,19648,1.0
5761,13745,1.0
5762,5976,1.0
5763,12694,1.0
5764,6931,1.0
5765,13267,1.0
5767,9197,1.0
5768,6314,1.0
5768,13443,1.0
5768,25310,1.0
5769,16007,1.0
5769,16018,1.0
5769,18601,1.0
5769,10742,1.0
5770,9910,1.0
5770,28369,1.0
5770,34849,1.0
5773,15748,1.0
5773,6310,1.0
5773,27154,1.0
5774,8402,1.0
5775,9048,1.0
5775,28189,1.0
5775,23584,1.0
5776,10390,1.0
5777,12710,1.0
5778,22503,1.0
5779,36797,1.0
5779,7025,1.0
5779,12242,1.0
5780,11772,1.0
5780,24091,1.0
5780,19862,1.0
5780,33514,1.0
5783,14664,1.0
5783,10587,1.0
5783,14321,1.0
5785,6791,1.0
5785,19918,1.0
5785,27423,1.0
5786,5787,1.0
5789,11718,1.0
5789,9406,1.0
5789,7148,1.0
5790,5791,1.0
5791,11346,1.0
5791,6890,1.0
5792,5793,1.0
5795,13163,1.0
5795,24044,1.0
5795,26550,1.0
5796,6479,1.0
5796,9282,1.0
5796,8889,1.0
5796,8965,1.0
5797,33596,1.0
5798,6387,1.0
5798,22028,1.0
5800,7142,1.0
5801,5802,1.0
5802,5803,1.0
5802,29288,1.0
5802,17838,1.0
5803,5804,1.0
5803,19500,1.0
5803,20556,1.0
5803,27768,1.0
5803,24303,1.0
5805,7056,1.0
5807,7537,1.0
5807,14921,1.0
5807,16042,1.0
5808,22918,1.0
5808,15275,1.0
5810,15457,1.0
5810,16321,1.0
5811,18960,1.0
5811,11112,1.0
5811,17257,1.0
5811,25372,1.0
5813,9433,1.0
5813,8979,1.0
5814,5815,1.0
5814,13914,1.0
5814,9407,1.0
5815,8335,1.0
5816,12540,1.0
5816,11433,1.0
5818,5819,1.0
5819,14235,1.0
5819,31317,1.0
5820,6302,1.0
5820,8932,1.0
5820,35227,1.0
5821,18276,1.0
5821,12259,1.0
5822,5823,1.0
5824,5825,1.0
5826,7161,1.0
5827,6681,1.0
5828,9900,1.0
5829,9429,1.0
5832,5833,1.0
5833,5834,1.0
5833,12479,1.0
5833,18751,1.0
5833,23983,1.0
5833,24545,1.0
5833,29228,1.0
5833,17737,1.0
5833,35845,1.0
5833,9946,1.0
5833,9419,1.0
5835,11964,1.0
5835,6821,1.0
5835,36079,1.0
5837,21534,1.0
5838,12838,1.0
5838,21058,1.0
5838,27900,1.0
5839,12252,1.0
5839,33937,1.0
5841,9068,1.0
5841,20591,1.0
5841,7976,1.0
5842,7003,1.0
5842,29830,1.0
5843,7622,1.0
5843,36605,1.0
5843,31893,1.0
5844,6562,1.0
5844,22674,1.0
5845,11435,1.0
5845,7959,1.0
5845,29868,1.0
5846,12461,1.0
5847,17297,1.0
5848,11227,1.0
5849,6138,1.0
5850,8827,1.0
5853,13481,1.0
5853,31522,1.0
5854,17415,1.0
5858,14064,1.0
5858,15171,1.0
5860,10813,1.0
5860,10183,1.0
5860,7694,1.0
5861,10444,1.0
5861,20402,1.0
5861,32984,1.0
5863,11638,1.0
5865,22211,1.0
5866,16460,1.0
5866,22298,1.0
5867,24994,1.0
5867,25459,1.0
5867,19230,1.0
5868,5869,1.0
5869,5870,1.0
5869,20408,1.0
5869,16675,1.0
5869,30497,1.0
5869,31824,1.0
5869,24433,1.0
5869,29460,1.0
5870,12112,1.0
5870,12113,1.0
5870,12754,1.0
5870,19246,1.0
5870,27970,1.0
5871,27577,1.0
5871,17541,1.0
5871,32700,1.0
5873,16645,1.0
5873,6048,1.0
5873,6908,1.0
5873,35500,1.0
5875,5876,1.0
5875,34137,1.0
5877,10563,1.0
5877,15726,1.0
5877,16273,1.0
5878,6493,1.0
5878,9346,1.0
5879,12467,1.0
5879,11966,1.0
5880,7812,1.0
5880,13871,1.0
5880,16853,1.0
5882,25058,1.0
5882,7284,1.0
5883,8142,1.0
5884,8410,1.0
5884,17803,1.0
5885,17584,1.0
5885,12068,1.0
5885,16389,1.0
5886,12872,1.0
5886,18370,1.0
5886,19773,1.0
5886,12190,1.0
5887,30124,1.0
5887,10733,1.0
5887,12436,1.0
5888,14170,1.0
5888,24124,1.0
5888,9359,1.0
5888,27585,1.0
5889,5890,1.0
5889,9576,1.0
5889,31593,1.0
5890,25830,1.0
5891,19025,1.0
5892,5893,1.0
5892,8313,1.0
5892,9379,1.0
5894,6664,1.0
5894,30125,1.0
5895,13580,1.0
5895,20126,1.0
5895,12812,1.0
5897,5898,1.0
5900,19557,1.0
5901,33018,1.0
5902,9724,1.0
5903,11272,1.0
5904,6930,1.0
5904,17114,1.0
5904,16670,1.0
5908,9788,1.0
5909,17645,1.0
5909,21023,1.0
5911,5912,1.0
5911,15158,1.0
5911,34010,1.0
5912,20192,1.0
5912,25891,1.0
5913,5914,1.0
5915,5916,1.0
5917,37204,1.0
5918,19258,1.0
5918,12435,1.0
5919,8702,1.0
5921,5922,1.0
5923,5924,1.0
5923,8282,1.0
5924,22254,1.0
5925,19738,1.0
5925,12809,1.0
5925,31023,1.0
5926,26833,1.0
5927,9479,1.0
5927,25129,1.0
5929,23737,1.0
5929,16484,1.0
5929,22561,1.0
5930,6642,1.0
5930,10779,1.0
5930,11421,1.0
5931,18579,1.0
5931,16351,1.0
5931,9814,1.0
5932,17407,1.0
5932,11339,1.0
5933,5934,1.0
5933,16173,1.0
5933,33773,1.0
5935,13972,1.0
5937,10506,1.0
5937,11186,1.0
5937,6022,1.0
5938,5939,1.0
5938,12085,1.0
5938,13753,1.0
5938,25605,1.0
5941,28896,1.0
5942,6998,1.0
5943,5944,1.0
5945,7889,1.0
5945,7910,1.0
5945,9553,1.0
5947,11332,1.0
5947,6323,1.0
5947,16779,1.0
5948,19517,1.0
5948,8256,1.0
5949,20955,1.0
5950,5951,1.0
5950,8454,1.0
5950,35376,1.0
5952,14319,1.0
5952,10151,1.0
5952,11925,1.0
5952,14623,1.0
5953,10989,1.0
5954,10198,1.0
5954,6797,1.0
5956,7677,1.0
5957,9903,1.0
5957,7402,1.0
5958,5959,1.0
5958,15479,1.0
5958,19905,1.0
5959,31993,1.0
5959,34477,1.0
5960,13202,1.0
5961,10937,1.0
5962,20076,1.0
5965,6750,1.0
5966,5967,1.0
5969,7783,1.0
5969,7581,1.0
5969,33349,1.0
5970,12736,1.0
5970,20267,1.0
5970,20340,1.0
5970,12301,1.0
5971,12976,1.0
5973,20948,1.0
5973,20750,1.0
5973,27921,1.0
5975,10980,1.0
5976,21240,1.0
5977,5978,1.0
5977,30505,1.0
5977,12918,1.0
5979,12201,1.0
5981,5982,1.0
5983,18790,1.0
5983,6890,1.0
5986,14577,1.0
5987,12491,1.0
5988,11491,1.0
5988,22135,1.0
5990,9136,1.0
5990,21482,1.0
5990,26718,1.0
5991,5992,1.0
5992,6068,1.0
5993,7111,1.0
5993,15316,1.0
5994,18838,1.0
5994,6341,1.0
5994,22233,1.0
5996,10420,1.0
5996,17217,1.0
5996,14662,1.0
5997,7402,1.0
5997,8922,1.0
5997,10910,1.0
5998,28242,1.0
6000,6001,1.0
6001,12167,1.0
6002,9971,1.0
6002,12220,1.0
6002,8281,1.0
6002,23706,1.0
6003,6159,1.0
6004,17983,1.0
6004,13361,1.0
6004,26871,1.0
6006,15970,1.0
6006,15050,1.0
6006,7339,1.0
6007,12710,1.0
6007,9309,1.0
6007,36515,1.0
6009,26662,1.0
6010,6011,1.0
6010,23709,1.0
6011,10157,1.0
6012,10801,1.0
6012,12040,1.0
6012,35394,1.0
6013,37492,1.0
6014,6015,1.0
6014,17001,1.0
6014,18380,1.0
6016,14688,1.0
6017,11897,1.0
6017,8131,1.0
6017,29041,1.0
6018,11781,1.0
6018,12955,1.0
6020,14574,1.0
6023,20458,1.0
6023,26366,1.0
6023,22205,1.0
6024,6025,1.0
6024,6690,1.0
6025,36452,1.0
6026,6027,1.0
6026,11597,1.0
6026,16201,1.0
6027,15345,1.0
6027,17433,1.0
6028,17798,1.0
6028,7577,1.0
6028,33435,1.0
6030,8534,1.0
6030,7249,1.0
6031,16291,1.0
6031,13746,1.0
6031,14585,1.0
6033,11503,1.0
6033,34416,1.0
6034,9150,1.0
6034,20166,1.0
6034,23536,1.0
6035,6036,1.0
6035,15889,1.0
6035,22948,1.0
6036,9540,1.0
6036,22781,1.0
6038,16025,1.0
6040,29340,1.0
6040,17408,1.0
6041,6042,1.0
6043,12682,1.0
6043,35963,1.0
6044,18394,1.0
6044,20358,1.0
6045,8412,1.0
6045,18140,1.0
6045,11001,1.0
6045,18116,1.0
6046,8438,1.0
6046,20483,1.0
6047,19629,1.0
6047,8442,1.0
6047,22354,1.0
6048,7807,1.0
6048,10766,1.0
6049,11664,1.0
6049,6919,1.0
6051,12345,1.0
6052,12387,1.0
6052,14429,1.0
6052,16361,1.0
6053,9559,1.0
6056,9664,1.0
6057,6058,1.0
6059,25686,1.0
6060,6061,1.0
6061,13202,1.0
6061,25583,1.0
6062,6063,1.0
6065,11089,1.0
6065,13087,1.0
6065,7933,1.0
6066,28241,1.0
6068,6069,1.0
6068,12610,1.0
6068,32318,1.0
6070,15375,1.0
6070,7185,1.0
6070,17533,1.0
6071,6373,1.0
6071,24337,1.0
6072,11667,1.0
6073,6074,1.0
6074,6075,1.0
6074,10573,1.0
6074,10574,1.0
6074,20611,1.0
6074,26326,1.0
6074,27362,1.0
6075,6076,1.0
6075,26897,1.0
6075,35139,1.0
6078,15484,1.0
6078,7119,1.0
6079,13170,1.0
6079,11351,1.0
6080,7861,1.0
6081,8660,1.0
6081,33844,1.0
6082,11704,1.0
6082,24387,1.0
6082,21629,1.0
6083,14335,1.0
6083,8114,1.0
6083,10622,1.0
6084,7252,1.0
6084,6707,1.0
6084,36102,1.0
6086,12273,1.0
6086,17244,1.0
6087,8791,1.0
6087,8570,1.0
6088,6800,1.0
6089,8072,1.0
6091,17832,1.0
6091,11432,1.0
6091,28227,1.0
6093,22225,1.0
6093,20205,1.0
6094,15944,1.0
6095,29888,1.0
6096,24973,1.0
6097,29526,1.0
6097,22946,1.0
6097,7185,1.0
6098,12126,1.0
6098,28815,1.0
6099,19828,1.0
6100,12904,1.0
6101,6102,1.0
6102,32228,1.0
6102,32987,1.0
6104,13100,1.0
6105,36111,1.0
6106,9688,1.0
6107,34677,1.0
6107,10101,1.0
6109,13119,1.0
6110,14979,1.0
6111,19859,1.0
6112,21609,1.0
6113,6114,1.0
6114,6115,1.0
6114,17379,1.0
6114,26582,1.0
6114,31222,1.0
6115,6116,1.0
6115,22970,1.0
6115,22971,1.0
6115,28772,1.0
6115,17006,1.0
6117,7111,1.0
6118,6846,1.0
6118,17990,1.0
6120,18803,1.0
6120,12424,1.0
6120,15817,1.0
6121,13684,1.0
6123,6124,1.0
6124,8651,1.0
6125,15527,1.0
6125,6303,1.0
6126,18102,1.0
6126,6671,1.0
6126,25891,1.0
6127,7545,1.0
6127,13556,1.0
6127,24380,1.0
6129,8751,1.0
6130,9829,1.0
6131,25093,1.0
6132,11667,1.0
6133,24482,1.0
6134,10081,1.0
6134,13212,1.0
6134,20112,1.0
6137,6590,1.0
6137,19675,1.0
6139,30766,1.0
6140,6141,1.0
6140,7387,1.0
6140,24712,1.0
6144,6145,1.0
6144,8894,1.0
6146,25540,1.0
6146,33093,1.0
6146,10654,1.0
6147,8429,1.0
6148,24987,1.0
6148,9710,1.0
6148,19420,1.0
6149,28961,1.0
6150,6919,1.0
6150,17123,1.0
6151,7040,1.0
6151,15385,1.0
6152,12109,1.0
6154,7845,1.0
6155,6156,1.0
6155,35691,1.0
6155,36960,1.0
6156,33095,1.0
6156,25342,1.0
6157,9859,1.0
6157,6531,1.0
6157,14036,1.0
6158,7031,1.0
6158,26911,1.0
6158,29188,1.0
6160,13788,1.0
6160,23809,1.0
6161,6162,1.0
6161,8603,1.0
6161,31153,1.0
6162,25236,1.0
6163,7375,1.0
6164,15860,1.0
6164,20119,1.0
6164,19757,1.0
6164,16011,1.0
6165,10750,1.0
6166,12593,1.0
6168,11575,1.0
6169,9645,1.0
6169,14497,1.0
6169,18475,1.0
6170,33783,1.0
6170,8419,1.0
6171,9611,1.0
6171,25606,1.0
6172,7872,1.0
6174,21716,1.0
6175,12414,1.0
6176,6177,1.0
6177,18687,1.0
6177,25590,1.0
6177,14300,1.0
6177,17421,1.0
6177,29351,1.0
6177,6178,1.0
6177,14385,1.0
6178,6179,1.0
6178,18688,1.0
6178,18735,1.0
6178,18736,1.0
6180,13153,1.0
6180,6780,1.0
6181,13775,1.0
6181,23470,1.0
6181,11578,1.0
6182,22899,1.0
6182,22871,1.0
6183,6666,1.0
6184,36403,1.0
6185,9608,1.0
6185,14079,1.0
6188,8774,1.0
6188,7043,1.0
6189,17454,1.0
6191,7883,1.0
6191,14502,1.0
6191,14415,1.0
6192,8569,1.0
6193,8621,1.0
6194,11449,1.0
6194,24282,1.0
6195,6196,1.0
6195,13955,1.0
6195,20312,1.0
6196,18316,1.0
6197,28693,1.0
6199,13398,1.0
6200,10059,1.0
6200,30150,1.0
6201,7870,1.0
6202,6732,1.0
6202,8472,1.0
6202,10142,1.0
6204,6707,1.0
6204,31318,1.0
6205,20209,1.0
6206,26039,1.0
6206,14543,1.0
6207,6208,1.0
6209,7511,1.0
6209,17516,1.0
6209,23128,1.0
6210,28821,1.0
6210,33109,1.0
6211,23636,1.0
6211,15250,1.0
6211,17580,1.0
6211,6329,1.0
6212,11369,1.0
6213,6214,1.0
6215,6216,1.0
6215,6217,1.0
6215,6825,1.0
6215,6826,1.0
6215,21189,1.0
6218,6219,1.0
6218,12970,1.0
6218,31846,1.0
6220,14099,1.0
6220,22795,1.0
6223,27864,1.0
6224,18545,1.0
6224,7971,1.0
6224,24541,1.0
6225,6226,1.0
6227,6228,1.0
6229,15315,1.0
6230,14634,1.0
6230,12300,1.0
6231,17173,1.0
6231,21998,1.0
6231,21501,1.0
6232,6492,1.0
6233,7954,1.0
6233,6900,1.0
6234,15179,1.0
6234,23014,1.0
6235,9866,1.0
6236,8840,1.0
6237,9436,1.0
6237,21066,1.0
6237,34980,1.0
6238,10247,1.0
6238,12986,1.0
6239,16893,1.0
6239,19999,1.0
6240,28991,1.0
6240,27537,1.0
6242,23912,1.0
6242,11973,1.0
6242,8597,1.0
6243,6922,1.0
6244,18144,1.0
6244,12778,1.0
6244,19827,1.0
6247,13905,1.0
6247,20497,1.0
6248,10866,1.0
6249,7377,1.0
6249,7137,1.0
6249,7694,1.0
6250,20459,1.0
6250,18243,1.0
6251,12181,1.0
6251,11840,1.0
6252,7787,1.0
6252,9662,1.0
6252,28278,1.0
6253,14453,1.0
6254,7398,1.0
6255,6256,1.0
6255,10369,1.0
6255,16002,1.0
6256,15658,1.0
6256,15890,1.0
6258,15953,1.0
6258,11865,1.0
6258,16624,1.0
6258,14467,1.0
6259,11157,1.0
6259,23956,1.0
6259,20614,1.0
6259,20841,1.0
6260,11917,1.0
6261,7535,1.0
6261,33522,1.0
6262,8881,1.0
6263,12277,1.0
6263,14389,1.0
6264,11810,1.0
6264,8119,1.0
6264,14544,1.0
6265,19278,1.0
6265,12432,1.0
6266,20228,1.0
6266,13627,1.0
6267,10950,1.0
6267,30611,1.0
6268,7245,1.0
6269,31226,1.0
6270,7351,1.0
6271,15744,1.0
6271,10014,1.0
6271,14649,1.0
6272,6273,1.0
6272,22709,1.0
6272,9283,1.0
6273,24674,1.0
6273,20910,1.0
6274,14775,1.0
6274,13489,1.0
6274,20256,1.0
6275,18213,1.0
6276,6277,1.0
6276,22112,1.0
6276,28489,1.0
6277,23921,1.0
6277,13141,1.0
6277,31701,1.0
6277,35512,1.0
6277,16079,1.0
6277,26270,1.0
6278,6279,1.0
6279,21661,1.0
6279,30907,1.0
6279,31702,1.0
6280,6281,1.0
6282,6283,1.0
6285,35386,1.0
6285,37501,1.0
6286,11789,1.0
6286,13680,1.0
6288,34559,1.0
6289,11221,1.0
6289,7166,1.0
6289,10433,1.0
6290,8148,1.0
6290,30408,1.0
6290,31388,1.0
6291,10168,1.0
6291,9546,1.0
6292,34356,1.0
6293,12111,1.0
6294,16302,1.0
6294,36652,1.0
6295,21870,1.0
6296,12623,1.0
6297,13802,1.0
6297,8764,1.0
6298,6299,1.0
6299,10344,1.0
6299,33236,1.0
6300,6301,1.0
6302,9017,1.0
6302,22435,1.0
6303,6304,1.0
6303,21265,1.0
6303,20610,1.0
6305,10879,1.0
6305,11263,1.0
6305,27669,1.0
6306,14410,1.0
6307,8502,1.0
6308,25313,1.0
6309,6652,1.0
6309,8954,1.0
6309,7060,1.0
6310,35814,1.0
6311,23690,1.0
6311,33923,1.0
6311,18545,1.0
6312,10372,1.0
6312,15687,1.0
6313,13021,1.0
6313,8249,1.0
6313,22573,1.0
6315,6552,1.0
6316,13546,1.0
6316,16174,1.0
6317,6877,1.0
6318,12498,1.0
6318,12164,1.0
6318,26619,1.0
6318,30230,1.0
6319,7827,1.0
6320,7764,1.0
6321,10586,1.0
6323,10424,1.0
6323,10373,1.0
6324,13089,1.0
6324,21976,1.0
6325,12702,1.0
6325,19892,1.0
6328,37627,1.0
6329,22411,1.0
6329,21217,1.0
6330,13783,1.0
6330,30432,1.0
6332,21432,1.0
6332,23391,1.0
6332,23610,1.0
6332,29491,1.0
6332,8129,1.0
6332,32202,1.0
6333,8191,1.0
6333,25567,1.0
6334,9989,1.0
6334,36629,1.0
6335,13826,1.0
6335,36658,1.0
6335,7145,1.0
6336,14210,1.0
6337,11378,1.0
6337,13328,1.0
6337,12437,1.0
6337,19160,1.0
6338,13817,1.0
6338,15611,1.0
6338,18062,1.0
6338,10406,1.0
6339,8942,1.0
6339,18265,1.0
6340,24605,1.0
6342,14352,1.0
6343,10153,1.0
6343,32906,1.0
6344,8608,1.0
6344,7576,1.0
6344,10938,1.0
6345,6504,1.0
6345,15326,1.0
6345,25529,1.0
6347,6348,1.0
6347,22934,1.0
6347,19334,1.0
6347,6461,1.0
6348,21873,1.0
6348,33311,1.0
6349,6350,1.0
6350,6351,1.0
6350,26324,1.0
6350,23431,1.0
6351,6352,1.0
6351,26979,1.0
6351,17078,1.0
6351,16685,1.0
6351,7188,1.0
6353,32156,1.0
6355,6356,1.0
6355,6885,1.0
6355,30279,1.0
6355,34900,1.0
6357,14851,1.0
6357,33484,1.0
6358,8292,1.0
6358,19979,1.0
6359,17680,1.0
6359,27766,1.0
6359,8209,1.0
6361,31259,1.0
6362,6363,1.0
6362,13095,1.0
6362,9785,1.0
6364,12030,1.0
6364,13040,1.0
6365,12361,1.0
6367,30144,1.0
6368,24220,1.0
6368,14751,1.0
6369,9324,1.0
6369,7543,1.0
6369,24542,1.0
6370,6461,1.0
6371,7249,1.0
6373,18443,1.0
6374,11984,1.0
6374,29788,1.0
6375,10506,1.0
6375,11451,1.0
6375,9146,1.0
6376,11010,1.0
6376,11633,1.0
6376,30493,1.0
6377,12332,1.0
6377,12213,1.0
6378,27035,1.0
6378,8971,1.0
6378,8097,1.0
6379,36908,1.0
6380,6381,1.0
6380,6382,1.0
6380,16397,1.0
6380,21112,1.0
6380,30938,1.0
6380,31666,1.0
6380,14084,1.0
6380,29460,1.0
6380,21358,1.0
6380,24413,1.0
6381,16396,1.0
6381,32368,1.0
6381,24412,1.0
6381,30561,1.0
6381,36445,1.0
6381,28082,1.0
6381,19804,1.0
6383,11146,1.0
6383,19300,1.0
6384,32696,1.0
6384,11113,1.0
6384,34313,1.0
6385,16261,1.0
6385,9526,1.0
6386,8443,1.0
6387,22835,1.0
6387,25006,1.0
6388,16339,1.0
6388,32462,1.0
6389,10518,1.0
6389,9421,1.0
6391,8591,1.0
6392,12966,1.0
6393,11949,1.0
6394,26637,1.0
6394,14465,1.0
6394,11607,1.0
6395,6396,1.0
6395,11911,1.0
6397,7793,1.0
6397,22004,1.0
6398,11422,1.0
6399,13102,1.0
6399,31447,1.0
6400,11546,1.0
6400,18012,1.0
6401,14681,1.0
6403,6404,1.0
6405,10388,1.0
6405,6552,1.0
6405,18612,1.0
6406,16468,1.0
6406,20890,1.0
6406,13221,1.0
6407,13508,1.0
6409,8401,1.0
6410,16499,1.0
6410,11992,1.0
6410,15221,1.0
6411,9950,1.0
6411,21344,1.0
6411,12508,1.0
6412,15292,1.0
6412,12107,1.0
6412,6755,1.0
6413,14270,1.0
6413,30102,1.0
6414,22596,1.0
6415,12052,1.0
6416,8782,1.0
6417,6667,1.0
6417,12322,1.0
6417,19674,1.0
6417,36116,1.0
6418,15281,1.0
6418,24276,1.0
6418,37130,1.0
6419,17929,1.0
6421,6422,1.0
6422,6423,1.0
6422,9947,1.0
6422,13036,1.0
6422,24585,1.0
6422,26771,1.0
6422,29457,1.0
6422,24777,1.0
6422,33491,1.0
6422,28123,1.0
6423,13461,1.0
6423,26772,1.0
6423,29139,1.0
6423,29457,1.0
6423,31741,1.0
6423,33631,1.0
6424,12041,1.0
6425,8520,1.0
6425,21169,1.0
6426,8091,1.0
6427,10311,1.0
6428,14506,1.0
6428,29060,1.0
6428,37316,1.0
6429,12617,1.0
6430,11069,1.0
6430,26719,1.0
6431,6432,1.0
6432,6433,1.0
6432,23156,1.0
6436,12647,1.0
6436,34594,1.0
6437,6438,1.0
6438,7989,1.0
6439,6440,1.0
6441,8591,1.0
6442,35884,1.0
6443,10841,1.0
6443,11117,1.0
6444,24330,1.0
6444,18328,1.0
6444,32932,1.0
6445,26439,1.0
6446,6447,1.0
6447,12054,1.0
6447,7394,1.0
6448,18767,1.0
6448,10157,1.0
6448,25102,1.0
6449,7772,1.0
6453,13030,1.0
6453,18953,1.0
6453,14582,1.0
6454,6455,1.0
6454,8664,1.0
6454,11001,1.0
6454,8983,1.0
6455,27347,1.0
6455,14558,1.0
6456,8215,1.0
6457,6458,1.0
6457,19747,1.0
6457,34420,1.0
6457,20311,1.0
6458,6459,1.0
6458,22297,1.0
6458,14743,1.0
6458,34695,1.0
6460,10226,1.0
6460,11714,1.0
6460,19513,1.0
6461,7950,1.0
6462,6463,1.0
6464,31468,1.0
6464,6540,1.0
6464,31181,1.0
6465,17717,1.0
6466,6869,1.0
6467,18532,1.0
6467,11746,1.0
6467,30097,1.0
6468,12791,1.0
6468,16704,1.0
6469,6539,1.0
6469,7537,1.0
6469,16102,1.0
6470,11122,1.0
6470,17615,1.0
6470,13888,1.0
6471,14991,1.0
6471,34287,1.0
6472,33155,1.0
6473,15026,1.0
6473,6834,1.0
6475,16967,1.0
6476,15790,1.0
6477,13046,1.0
6477,17499,1.0
6478,14764,1.0
6479,25355,1.0
6480,12007,1.0
6480,6490,1.0
6480,14486,1.0
6483,17629,1.0
6485,6486,1.0
6485,12007,1.0
6485,11516,1.0
6485,14694,1.0
6487,8140,1.0
6487,22446,1.0
6487,20825,1.0
6488,21438,1.0
6489,14258,1.0
6491,10531,1.0
6491,19801,1.0
6493,12233,1.0
6493,24779,1.0
6494,8743,1.0
6496,19458,1.0
6496,20805,1.0
6496,12914,1.0
6496,11497,1.0
6498,6499,1.0
6498,7793,1.0
6499,11093,1.0
6500,6612,1.0
6500,30308,1.0
6501,12377,1.0
6502,8103,1.0
6502,35106,1.0
6502,30539,1.0
6505,12671,1.0
6505,20301,1.0
6505,12439,1.0
6506,30296,1.0
6506,7113,1.0
6507,21246,1.0
6507,15619,1.0
6507,33330,1.0
6508,6509,1.0
6510,12339,1.0
6511,16603,1.0
6511,15357,1.0
6511,15089,1.0
6512,12874,1.0
6512,33173,1.0
6512,23840,1.0
6512,20336,1.0
6514,6515,1.0
6514,22533,1.0
6515,17224,1.0
6515,11196,1.0
6515,14095,1.0
6518,23310,1.0
6520,29081,1.0
6520,25745,1.0
6521,13841,1.0
6522,19032,1.0
6523,12127,1.0
6523,10218,1.0
6523,6732,1.0
6524,16956,1.0
6524,18324,1.0
6526,7973,1.0
6527,16924,1.0
6528,14279,1.0
6530,8836,1.0
6531,14389,1.0
6532,8035,1.0
6533,12950,1.0
6534,6535,1.0
6536,12085,1.0
6536,22544,1.0
6536,34193,1.0
6537,10277,1.0
6538,23911,1.0
6538,35451,1.0
6539,8005,1.0
6539,17413,1.0
6539,11972,1.0
6540,15380,1.0
6540,7422,1.0
6540,16472,1.0
6541,9231,1.0
6541,31132,1.0
6542,10133,1.0
6542,13473,1.0
6542,14503,1.0
6542,21589,1.0
6543,6544,1.0
6543,10127,1.0
6543,8886,1.0
6543,13787,1.0
6545,10916,1.0
6546,6547,1.0
6546,12050,1.0
6546,22530,1.0
6547,17176,1.0
6548,16226,1.0
6548,14108,1.0
6551,19349,1.0
6551,10180,1.0
6551,21252,1.0
6552,13353,1.0
6553,10610,1.0
6553,15072,1.0
6554,20152,1.0
6554,25354,1.0
6554,26928,1.0
6554,27311,1.0
6555,28443,1.0
6556,6557,1.0
6559,22199,1.0
6560,19713,1.0
6561,9352,1.0
6562,16457,1.0
6563,27190,1.0
6563,26203,1.0
6564,9158,1.0
6565,9665,1.0
6566,13181,1.0
6567,8947,1.0
6569,6570,1.0
6569,7423,1.0
6569,10568,1.0
6569,11242,1.0
6570,33445,1.0
6571,8498,1.0
6571,23426,1.0
6572,30867,1.0
6572,22771,1.0
6572,35895,1.0
6572,32382,1.0
6573,9199,1.0
6573,14134,1.0
6575,6576,1.0
6575,9925,1.0
6575,6748,1.0
6576,7457,1.0
6577,6578,1.0
6577,15725,1.0
6577,21243,1.0
6578,28273,1.0
6578,19305,1.0
6579,36115,1.0
6579,36227,1.0
6579,34686,1.0
6580,10963,1.0
6580,21208,1.0
6582,7541,1.0
6582,26608,1.0
6583,18857,1.0
6583,25288,1.0
6583,12678,1.0
6583,26865,1.0
6584,17577,1.0
6586,6587,1.0
6586,8289,1.0
6586,34814,1.0
6587,16697,1.0
6587,19357,1.0
6588,8639,1.0
6588,10866,1.0
6589,22380,1.0
6589,18715,1.0
6589,29454,1.0
6591,13065,1.0
6591,14401,1.0
6592,10454,1.0
6592,14283,1.0
6592,18939,1.0
6593,19338,1.0
6593,25793,1.0
6593,28939,1.0
6594,32965,1.0
6595,10220,1.0
6595,6645,1.0
6595,19723,1.0
6596,36118,1.0
6596,12903,1.0
6596,19299,1.0
6597,9437,1.0
6597,21610,1.0
6598,8330,1.0
6598,14453,1.0
6598,29392,1.0
6600,11643,1.0
6601,12103,1.0
6601,7368,1.0
6601,32554,1.0
6602,8266,1.0
6602,8267,1.0
6602,9965,1.0
6602,23893,1.0
6602,30917,1.0
6602,6603,1.0
6603,20755,1.0
6603,20756,1.0
6604,6896,1.0
6604,13908,1.0
6604,35703,1.0
6604,36918,1.0
6605,7115,1.0
6605,17251,1.0
6605,30280,1.0
6606,10005,1.0
6606,18668,1.0
6606,7953,1.0
6607,14886,1.0
6607,16718,1.0
6607,18108,1.0
6608,17336,1.0
6609,8785,1.0
6610,33351,1.0
6610,29453,1.0
6611,19570,1.0
6611,12729,1.0
6613,8306,1.0
6613,7039,1.0
6613,9065,1.0
6614,11798,1.0
6615,6616,1.0
6615,11148,1.0
6617,12951,1.0
6617,24143,1.0
6617,26330,1.0
6618,10764,1.0
6618,7424,1.0
6618,20284,1.0
6620,8158,1.0
6621,9071,1.0
6622,14280,1.0
6622,10471,1.0
6623,12454,1.0
6623,17271,1.0
6624,19664,1.0
6624,13078,1.0
6625,13033,1.0
6626,13378,1.0
6627,11630,1.0
6627,20154,1.0
6628,7212,1.0
6628,23436,1.0
6629,10441,1.0
6629,18424,1.0
6629,35763,1.0
6630,11395,1.0
6630,11100,1.0
6631,12193,1.0
6631,32751,1.0
6632,26068,1.0
6632,14334,1.0
6632,26202,1.0
6633,19780,1.0
6633,27714,1.0
6633,33048,1.0
6634,12820,1.0
6634,9508,1.0
6634,18375,1.0
6635,14374,1.0
6636,29069,1.0
6636,35706,1.0
6636,30375,1.0
6636,33016,1.0
6637,7083,1.0
6637,8186,1.0
6637,27050,1.0
6638,9883,1.0
6638,13446,1.0
6638,16871,1.0
6639,6640,1.0
6639,8989,1.0
6639,24753,1.0
6640,9951,1.0
6640,29753,1.0
6641,26956,1.0
6642,36292,1.0
6643,23611,1.0
6644,8051,1.0
6644,7012,1.0
6645,14249,1.0
6647,10288,1.0
6649,9412,1.0
6650,9689,1.0
6650,25832,1.0
6651,6652,1.0
6651,33914,1.0
6652,31809,1.0
6653,10854,1.0
6656,9442,1.0
6656,7093,1.0
6657,6658,1.0
6657,30788,1.0
6658,13761,1.0
6659,14423,1.0
6660,19573,1.0
6660,14238,1.0
6660,30396,1.0
6661,19829,1.0
6661,13570,1.0
6661,17400,1.0
6662,33204,1.0
6663,11655,1.0
6663,17008,1.0
6663,17245,1.0
6664,6665,1.0
6664,7017,1.0
6666,6949,1.0
6666,13379,1.0
6666,14172,1.0
6667,6893,1.0
6667,12070,1.0
6668,11079,1.0
6668,18003,1.0
6669,8151,1.0
6670,12935,1.0
6670,20977,1.0
6670,22136,1.0
6671,9230,1.0
6671,33885,1.0
6672,19361,1.0
6672,6803,1.0
6673,9837,1.0
6673,15449,1.0
6673,16458,1.0
6674,6675,1.0
6674,7308,1.0
6674,26726,1.0
6676,26458,1.0
6676,28844,1.0
6676,17518,1.0
6676,14377,1.0
6677,14414,1.0
6677,13058,1.0
6678,21577,1.0
6679,27581,1.0
6680,14428,1.0
6680,23112,1.0
6680,10428,1.0
6681,14264,1.0
6683,9421,1.0
6685,21363,1.0
6685,16631,1.0
6686,19610,1.0
6686,20879,1.0
6686,18054,1.0
6687,14097,1.0
6687,9816,1.0
6687,28789,1.0
6688,22484,1.0
6688,18127,1.0
6689,22011,1.0
6689,11149,1.0
6689,15842,1.0
6691,6770,1.0
6692,13897,1.0
6692,13431,1.0
6692,28219,1.0
6693,6694,1.0
6693,26873,1.0
6693,22042,1.0
6693,22882,1.0
6695,7904,1.0
6696,37662,1.0
6697,23545,1.0
6698,6699,1.0
6700,17507,1.0
6700,22271,1.0
6700,19879,1.0
6701,17040,1.0
6701,21108,1.0
6702,9830,1.0
6703,9392,1.0
6703,11733,1.0
6705,6706,1.0
6705,11636,1.0
6705,13222,1.0
6707,9903,1.0
6708,35052,1.0
6708,11414,1.0
6709,33697,1.0
6710,22184,1.0
6710,23968,1.0
6711,7866,1.0
6711,14600,1.0
6711,36376,1.0
6712,8216,1.0
6712,8505,1.0
6712,7387,1.0
6712,19139,1.0
6713,6714,1.0
6713,6810,1.0
6715,11601,1.0
6715,34730,1.0
6716,10676,1.0
6717,32926,1.0
6717,14448,1.0
6718,17515,1.0
6718,27983,1.0
6719,16640,1.0
6720,32470,1.0
6720,20371,1.0
6720,24283,1.0
6722,7547,1.0
6723,6911,1.0
6723,35349,1.0
6723,24717,1.0
6724,10002,1.0
6724,14373,1.0
6725,30523,1.0
6725,25565,1.0
6725,31235,1.0
6726,8913,1.0
6727,9921,1.0
6728,12888,1.0
6729,7707,1.0
6729,15530,1.0
6730,13430,1.0
6732,8610,1.0
6733,12815,1.0
6734,9711,1.0
6734,10214,1.0
6734,29582,1.0
6735,14877,1.0
6736,27984,1.0
6737,6738,1.0
6739,8303,1.0
6739,15039,1.0
6739,22448,1.0
6740,10458,1.0
6740,35040,1.0
6741,16026,1.0
6741,14633,1.0
6742,12346,1.0
6743,18119,1.0
6743,21691,1.0
6743,17295,1.0
6744,37100,1.0
6745,12262,1.0
6746,26304,1.0
6747,12787,1.0
6749,9530,1.0
6750,7293,1.0
6750,6857,1.0
6751,13086,1.0
6752,6753,1.0
6752,8448,1.0
6752,8517,1.0
6755,13217,1.0
6755,16071,1.0
6756,15976,1.0
6757,9374,1.0
6758,10680,1.0
6759,36570,1.0
6760,12161,1.0
6760,23805,1.0
6761,26135,1.0
6762,9299,1.0
6764,8159,1.0
6765,7545,1.0
6765,26353,1.0
6766,22236,1.0
6766,32952,1.0
6768,27660,1.0
6770,9926,1.0
6770,7087,1.0
6771,14174,1.0
6771,8080,1.0
6771,33566,1.0
6772,7553,1.0
6772,8035,1.0
6772,13677,1.0
6774,22107,1.0
6774,26101,1.0
6775,11659,1.0
6775,32838,1.0
6776,6777,1.0
6776,12338,1.0
6776,16198,1.0
6777,9407,1.0
6777,11569,1.0
6778,14946,1.0
6778,10000,1.0
6778,21522,1.0
6780,6964,1.0
6780,8186,1.0
6781,6782,1.0
6783,30960,1.0
6784,8110,1.0
6784,30304,1.0
6785,7062,1.0
6786,31019,1.0
6787,9284,1.0
6788,6789,1.0
6790,9566,1.0
6790,28424,1.0
6791,19669,1.0
6791,10091,1.0
6792,6793,1.0
6792,18170,1.0
6792,24856,1.0
6793,19015,1.0
6793,20840,1.0
6794,9802,1.0
6795,23812,1.0
6795,14670,1.0
6795,12969,1.0
6796,11557,1.0
6799,12209,1.0
6799,8344,1.0
6799,13514,1.0
6800,13533,1.0
6801,8539,1.0
6802,7825,1.0
6802,17127,1.0
6804,7198,1.0
6805,21821,1.0
6805,8789,1.0
6805,8159,1.0
6806,12209,1.0
6806,11969,1.0
6806,32407,1.0
6807,10307,1.0
6807,15778,1.0
6808,13315,1.0
6808,16984,1.0
6808,17554,1.0
6808,11049,1.0
6809,7383,1.0
6809,7240,1.0
6811,8279,1.0
6812,7753,1.0
6812,19612,1.0
6813,31424,1.0
6813,13487,1.0
6813,7307,1.0
6814,14474,1.0
6814,10560,1.0
6815,10900,1.0
6815,10821,1.0
6816,23163,1.0
6817,11243,1.0
6818,6979,1.0
6819,12147,1.0
6819,15700,1.0
6819,36311,1.0
6820,25790,1.0
6820,22653,1.0
6820,17632,1.0
6822,35928,1.0
6822,20085,1.0
6822,22081,1.0
6823,9821,1.0
6823,36175,1.0
6824,8007,1.0
6826,6827,1.0
6826,13857,1.0
6826,26705,1.0
6826,21284,1.0
6826,14779,1.0
6828,21644,1.0
6829,20382,1.0
6832,6833,1.0
6835,10153,1.0
6835,37259,1.0
6837,13267,1.0
6838,15045,1.0
6838,16744,1.0
6838,15319,1.0
6839,16622,1.0
6839,33916,1.0
6839,27222,1.0
6840,15968,1.0
6840,7163,1.0
6840,27282,1.0
6841,24632,1.0
6841,33917,1.0
6842,7638,1.0
6842,16442,1.0
6843,14318,1.0
6845,7858,1.0
6845,22752,1.0
6845,35898,1.0
6846,13522,1.0
6848,20364,1.0
6848,26736,1.0
6849,6850,1.0
6849,8162,1.0
6849,7570,1.0
6850,14100,1.0
6850,15864,1.0
6851,10907,1.0
6852,9619,1.0
6852,17918,1.0
6852,7222,1.0
6852,14553,1.0
6854,6855,1.0
6854,13500,1.0
6854,10031,1.0
6855,34029,1.0
6856,26716,1.0
6856,12717,1.0
6858,8809,1.0
6858,12758,1.0
6859,15770,1.0
6859,24174,1.0
6859,8472,1.0
6860,8442,1.0
6860,7041,1.0
6860,16711,1.0
6861,16735,1.0
6862,8130,1.0
6863,24783,1.0
6864,25885,1.0
6865,12091,1.0
6865,18864,1.0
6866,12178,1.0
6866,16026,1.0
6867,6868,1.0
6867,8627,1.0
6867,17900,1.0
6868,18345,1.0
6868,11531,1.0
6870,24503,1.0
6870,29108,1.0
6874,9398,1.0
6874,11837,1.0
6874,13262,1.0
6876,14187,1.0
6876,11378,1.0
6876,34001,1.0
6877,8436,1.0
6878,36459,1.0
6879,35210,1.0
6880,20100,1.0
6880,15076,1.0
6880,12077,1.0
6881,14036,1.0
6881,36140,1.0
6882,24367,1.0
6882,9373,1.0
6882,18767,1.0
6884,14131,1.0
6884,11849,1.0
6885,27968,1.0
6885,33088,1.0
6887,7057,1.0
6888,10563,1.0
6888,10192,1.0
6889,13337,1.0
6889,12659,1.0
6889,32465,1.0
6890,11275,1.0
6891,21538,1.0
6894,19123,1.0
6894,9918,1.0
6894,21702,1.0
6894,21600,1.0
6895,9676,1.0
6896,32821,1.0
6896,10677,1.0
6897,10307,1.0
6899,13568,1.0
6899,9240,1.0
6899,7544,1.0
6899,11698,1.0
6900,9980,1.0
6900,8829,1.0
6901,7617,1.0
6902,11677,1.0
6902,13020,1.0
6902,9319,1.0
6903,15872,1.0
6903,23799,1.0
6903,19239,1.0
6904,21772,1.0
6905,16367,1.0
6906,9148,1.0
6906,10113,1.0
6906,7605,1.0
6906,13896,1.0
6909,8718,1.0
6910,12232,1.0
6912,26519,1.0
6912,36126,1.0
6913,11026,1.0
6913,17552,1.0
6914,9307,1.0
6915,6916,1.0
6917,6918,1.0
6917,34906,1.0
6918,8719,1.0
6918,12828,1.0
6919,7566,1.0
6920,9917,1.0
6921,8700,1.0
6923,9649,1.0
6923,11268,1.0
6924,13619,1.0
6924,26420,1.0
6924,14973,1.0
6925,7961,1.0
6926,8805,1.0
6926,30461,1.0
6926,18013,1.0
6927,19635,1.0
6927,20024,1.0
6927,9101,1.0
6927,30199,1.0
6928,13025,1.0
6928,11637,1.0
6928,21761,1.0
6929,20988,1.0
6929,37059,1.0
6931,22010,1.0
6932,31010,1.0
6932,37644,1.0
6933,9965,1.0
6934,7150,1.0
6935,14932,1.0
6935,18226,1.0
6936,18520,1.0
6936,9384,1.0
6937,20571,1.0
6937,13316,1.0
6937,13188,1.0
6938,10713,1.0
6938,21593,1.0
6938,26421,1.0
6939,10276,1.0
6940,14144,1.0
6941,17906,1.0
6941,10515,1.0
6943,7482,1.0
6943,31384,1.0
6944,9787,1.0
6945,17508,1.0
6946,28645,1.0
6950,15034,1.0
6951,7045,1.0
6951,10589,1.0
6951,11554,1.0
6954,10099,1.0
6954,17121,1.0
6954,22172,1.0
6955,17647,1.0
6955,28691,1.0
6955,9969,1.0
6956,20654,1.0
6956,26980,1.0
6956,12350,1.0
6957,29988,1.0
6957,15078,1.0
6958,6959,1.0
6958,16432,1.0
6958,17937,1.0
6961,14242,1.0
6962,12570,1.0
6963,16804,1.0
6963,22534,1.0
6964,11676,1.0
6964,16248,1.0
6965,17297,1.0
6965,11260,1.0
6967,9066,1.0
6969,6970,1.0
6969,9193,1.0
6969,15720,1.0
6971,36643,1.0
6971,12535,1.0
6972,6973,1.0
6972,6974,1.0
6972,19873,1.0
6975,15242,1.0
6975,25837,1.0
6975,30906,1.0
6976,11152,1.0
6978,10693,1.0
6978,24673,1.0
6979,12779,1.0
6979,25277,1.0
6980,12730,1.0
6981,10174,1.0
6981,9351,1.0
6982,10092,1.0
6982,11869,1.0
6983,6984,1.0
6984,6986,1.0
6984,17330,1.0
6985,6986,1.0
6986,25209,1.0
6987,13319,1.0
6988,8156,1.0
6990,7092,1.0
6990,28432,1.0
6991,19158,1.0
6991,20243,1.0
6991,18904,1.0
6992,9789,1.0
6992,9615,1.0
6993,28523,1.0
6993,25577,1.0
6994,16864,1.0
6994,14706,1.0
6995,6996,1.0
6997,15724,1.0
6997,13372,1.0
6997,14732,1.0
6998,33500,1.0
6999,13316,1.0
7000,10163,1.0
7000,11888,1.0
7000,29185,1.0
7001,7002,1.0
7001,37046,1.0
7002,35681,1.0
7003,9460,1.0
7003,23530,1.0
7004,24615,1.0
7005,15586,1.0
7005,21446,1.0
7006,7007,1.0
7007,10737,1.0
7009,7010,1.0
7009,32283,1.0
7010,28274,1.0
7011,13810,1.0
7011,22606,1.0
7011,17917,1.0
7013,18604,1.0
7014,7015,1.0
7016,23719,1.0
7018,9090,1.0
7019,32665,1.0
7019,12499,1.0
7019,19229,1.0
7020,18011,1.0
7020,30354,1.0
7020,13707,1.0
7021,7022,1.0
7022,7023,1.0
7022,19915,1.0
7022,19916,1.0
7022,25328,1.0
7022,31208,1.0
7022,36713,1.0
7022,30671,1.0
7022,22652,1.0
7023,18651,1.0
7023,18652,1.0
7023,30866,1.0
7023,33448,1.0
7023,32445,1.0
7023,25976,1.0
7024,8084,1.0
7025,8099,1.0
7025,9395,1.0
7026,11698,1.0
7027,20116,1.0
7027,12010,1.0
7027,15096,1.0
7028,16801,1.0
7028,10043,1.0
7029,29795,1.0
7029,33201,1.0
7032,15805,1.0
7032,8658,1.0
7032,15742,1.0
7033,19977,1.0
7034,14201,1.0
7035,7036,1.0
7035,8519,1.0
7035,19425,1.0
7036,7894,1.0
7036,10705,1.0
7038,36928,1.0
7038,21327,1.0
7038,22091,1.0
7039,25341,1.0
7039,36453,1.0
7040,13088,1.0
7041,25705,1.0
7042,9796,1.0
7042,13482,1.0
7042,28665,1.0
7043,13304,1.0
7045,23769,1.0
7045,19227,1.0
7047,9040,1.0
7047,10090,1.0
7047,11578,1.0
7048,13715,1.0
7050,12937,1.0
7051,7052,1.0
7051,7483,1.0
7051,34154,1.0
7053,10678,1.0
7053,9848,1.0
7055,19859,1.0
7055,12927,1.0
7055,23111,1.0
7056,13698,1.0
7056,13545,1.0
7057,10845,1.0
7058,24749,1.0
7059,24440,1.0
7060,13897,1.0
7060,25519,1.0
7061,15028,1.0
7061,7899,1.0
7062,9993,1.0
7062,17256,1.0
7063,7064,1.0
7064,12229,1.0
7064,36636,1.0
7065,23142,1.0
7065,18851,1.0
7066,11811,1.0
7067,7851,1.0
7068,20212,1.0
7069,9588,1.0
7069,30612,1.0
7071,13190,1.0
7073,7074,1.0
7074,8406,1.0
7074,19977,1.0
7075,8380,1.0
7077,12996,1.0
7078,7079,1.0
7079,11671,1.0
7079,10408,1.0
7080,13545,1.0
7081,11323,1.0
7082,21626,1.0
7083,7402,1.0
7083,13048,1.0
7084,19702,1.0
7086,7087,1.0
7087,31165,1.0
7089,8707,1.0
7089,26939,1.0
7090,8301,1.0
7091,12848,1.0
7092,14615,1.0
7092,12122,1.0
7093,19284,1.0
7093,26314,1.0
7094,33373,1.0
7095,14466,1.0
7095,15859,1.0
7095,11409,1.0
7096,14362,1.0
7096,17663,1.0
7096,9734,1.0
7097,7678,1.0
7098,11217,1.0
7098,37495,1.0
7099,16823,1.0
7100,7258,1.0
7100,13513,1.0
7102,11726,1.0
7102,33262,1.0
7103,7104,1.0
7105,7938,1.0
7106,21817,1.0
7107,7108,1.0
7108,10999,1.0
7108,26047,1.0
7109,9318,1.0
7110,8121,1.0
7110,7998,1.0
7110,9632,1.0
7112,14569,1.0
7112,14078,1.0
7112,26493,1.0
7115,7547,1.0
7116,26889,1.0
7117,28083,1.0
7118,7175,1.0
7118,17890,1.0
7118,25601,1.0
7119,8397,1.0
7120,34311,1.0
7121,7122,1.0
7124,11970,1.0
7125,7126,1.0
7125,9160,1.0
7125,14748,1.0
7127,7187,1.0
7129,15509,1.0
7130,8286,1.0
7131,7391,1.0
7131,18838,1.0
7132,8207,1.0
7133,14263,1.0
7133,33403,1.0
7133,33625,1.0
7135,15712,1.0
7136,11709,1.0
7138,7139,1.0
7138,29723,1.0
7139,11032,1.0
7139,28921,1.0
7140,15247,1.0
7141,15529,1.0
7143,11314,1.0
7143,18484,1.0
7144,26072,1.0
7145,9588,1.0
7146,20155,1.0
7146,12675,1.0
7146,11679,1.0
7146,15097,1.0
7147,17237,1.0
7147,11386,1.0
7147,33323,1.0
7149,20222,1.0
7150,12428,1.0
7151,7152,1.0
7153,15867,1.0
7153,19167,1.0
7154,7155,1.0
7154,11493,1.0
7157,7158,1.0
7157,17006,1.0
7157,32582,1.0
7157,35019,1.0
7157,20036,1.0
7158,27849,1.0
7158,29300,1.0
7158,17250,1.0
7158,33251,1.0
7158,17248,1.0
7158,35775,1.0
7159,15598,1.0
7160,27003,1.0
7160,17277,1.0
7161,7162,1.0
7161,14095,1.0
7162,7557,1.0
7162,23141,1.0
7163,8526,1.0
7163,27737,1.0
7164,7263,1.0
7165,14406,1.0
7165,14486,1.0
7166,18991,1.0
7167,8353,1.0
7167,36594,1.0
7168,7169,1.0
7169,7858,1.0
7169,28634,1.0
7170,10184,1.0
7171,7172,1.0
7171,30031,1.0
7171,16488,1.0
7173,25400,1.0
7174,36628,1.0
7174,10976,1.0
7174,36927,1.0
7176,27011,1.0
7176,11133,1.0
7176,19190,1.0
7177,13031,1.0
7177,32990,1.0
7178,28823,1.0
7179,8082,1.0
7180,7181,1.0
7181,9095,1.0
7181,28940,1.0
7182,10741,1.0
7184,15998,1.0
7186,8793,1.0
7187,24375,1.0
7188,7189,1.0
7188,26816,1.0
7188,36316,1.0
7189,7190,1.0
7189,8393,1.0
7189,13583,1.0
7189,18047,1.0
7194,34489,1.0
7195,8969,1.0
7195,28763,1.0
7197,23232,1.0
7198,7311,1.0
7198,23069,1.0
7199,7200,1.0
7199,36923,1.0
7201,33244,1.0
7202,11980,1.0
7203,11091,1.0
7203,33467,1.0
7204,10122,1.0
7206,7725,1.0
7206,35968,1.0
7207,11950,1.0
7207,9037,1.0
7207,16663,1.0
7209,9489,1.0
7209,13009,1.0
7209,10930,1.0
7209,22202,1.0
7210,12275,1.0
7210,12525,1.0
7210,11941,1.0
7211,13871,1.0
7211,22307,1.0
7213,15350,1.0
7213,13260,1.0
7214,8963,1.0
7215,14915,1.0
7216,10608,1.0
7217,17869,1.0
7217,9787,1.0
7218,22828,1.0
7219,7220,1.0
7220,10403,1.0
7221,20636,1.0
7222,17796,1.0
7222,21453,1.0
7225,18263,1.0
7225,12934,1.0
7225,17374,1.0
7226,13408,1.0
7226,19787,1.0
7228,10771,1.0
7228,22070,1.0
7229,16122,1.0
7230,18878,1.0
7231,7232,1.0
7231,16623,1.0
7231,37440,1.0
7233,10747,1.0
7233,9068,1.0
7237,13208,1.0
7238,15610,1.0
7238,32560,1.0
7239,8991,1.0
7241,27706,1.0
7241,32588,1.0
7241,37150,1.0
7243,7838,1.0
7244,15412,1.0
7245,17053,1.0
7245,10274,1.0
7246,7247,1.0
7246,13255,1.0
7247,32447,1.0
7247,31982,1.0
7251,7252,1.0
7251,17894,1.0
7251,28637,1.0
7252,8360,1.0
7253,8794,1.0
7253,36689,1.0
7253,27778,1.0
7254,10198,1.0
7255,32753,1.0
7255,30627,1.0
7256,14746,1.0
7258,18319,1.0
7258,14705,1.0
7259,7755,1.0
7260,15636,1.0
7264,19534,1.0
7264,19092,1.0
7265,10138,1.0
7265,26467,1.0
7266,8487,1.0
7266,11117,1.0
7268,13472,1.0
7269,7929,1.0
7270,7271,1.0
7270,26833,1.0
7270,28404,1.0
7270,8274,1.0
7272,16065,1.0
7273,15870,1.0
7273,19850,1.0
7273,9204,1.0
7274,7335,1.0
7276,14393,1.0
7277,7502,1.0
7277,17149,1.0
7277,26081,1.0
7279,7280,1.0
7280,8340,1.0
7280,19779,1.0
7281,8513,1.0
7283,10378,1.0
7284,12186,1.0
7285,9414,1.0
7286,16119,1.0
7287,21269,1.0
7288,13135,1.0
7288,25362,1.0
7289,18110,1.0
7289,9436,1.0
7290,7291,1.0
7290,17368,1.0
7290,27490,1.0
7291,23255,1.0
7291,26065,1.0
7292,13492,1.0
7292,18100,1.0
7294,14600,1.0
7295,7296,1.0
7295,9556,1.0
7295,11226,1.0
7297,14867,1.0
7297,17017,1.0
7297,24122,1.0
7298,7299,1.0
7298,7307,1.0
7300,19852,1.0
7301,7754,1.0
7301,17387,1.0
7301,12013,1.0
7302,7303,1.0
7302,27069,1.0
7303,23658,1.0
7304,7305,1.0
7307,12874,1.0
7308,11080,1.0
7308,23680,1.0
7309,7310,1.0
7309,23936,1.0
7311,20501,1.0
7311,9237,1.0
7312,8346,1.0
7314,7315,1.0
7315,15992,1.0
7315,21833,1.0
7317,8154,1.0
7317,17624,1.0
7318,11934,1.0
7319,8973,1.0
7320,20205,1.0
7321,11549,1.0
7322,14189,1.0
7322,27647,1.0
7322,23103,1.0
7322,14336,1.0
7323,12500,1.0
7323,10079,1.0
7323,24184,1.0
7324,23631,1.0
7324,9712,1.0
7324,8835,1.0
7325,7994,1.0
7328,17812,1.0
7328,36766,1.0
7329,9080,1.0
7329,8031,1.0
7329,19693,1.0
7332,10402,1.0
7332,13994,1.0
7333,7334,1.0
7335,11794,1.0
7335,8139,1.0
7336,16992,1.0
7336,28577,1.0
7337,13992,1.0
7337,23965,1.0
7337,34884,1.0
7338,17639,1.0
7339,7340,1.0
7339,16695,1.0
7341,18108,1.0
7342,11756,1.0
7342,12578,1.0
7342,25862,1.0
7343,7344,1.0
7343,8640,1.0
7343,32896,1.0
7344,10026,1.0
7344,36026,1.0
7345,7346,1.0
7348,8258,1.0
7348,22802,1.0
7349,35828,1.0
7352,12441,1.0
7353,13124,1.0
7354,8235,1.0
7355,20470,1.0
7355,21679,1.0
7355,15518,1.0
7355,13458,1.0
7356,20397,1.0
7357,7358,1.0
7357,28525,1.0
7357,34960,1.0
7359,11365,1.0
7359,13117,1.0
7360,7361,1.0
7363,26352,1.0
7363,35199,1.0
7365,8473,1.0
7365,27449,1.0
7366,15638,1.0
7368,34909,1.0
7369,7370,1.0
7371,12813,1.0
7371,17404,1.0
7372,14474,1.0
7373,10749,1.0
7373,33735,1.0
7374,11226,1.0
7375,7407,1.0
7376,30556,1.0
7378,9624,1.0
7378,32556,1.0
7378,7491,1.0
7379,7380,1.0
7382,8479,1.0
7383,11334,1.0
7383,10618,1.0
7383,14051,1.0
7385,15031,1.0
7387,23416,1.0
7388,12203,1.0
7389,10245,1.0
7390,8678,1.0
7392,10213,1.0
7393,7394,1.0
7393,11562,1.0
7393,8748,1.0
7394,9693,1.0
7395,7790,1.0
7395,24201,1.0
7395,30464,1.0
7396,10625,1.0
7396,8703,1.0
7396,12584,1.0
7397,10616,1.0
7398,12147,1.0
7398,8607,1.0
7399,11361,1.0
7400,15180,1.0
7400,11649,1.0
7400,13908,1.0
7401,13551,1.0
7401,32605,1.0
7403,14037,1.0
7404,32923,1.0
7405,9085,1.0
7406,7424,1.0
7407,13336,1.0
7407,29595,1.0
7409,9709,1.0
7409,24444,1.0
7409,13912,1.0
7410,22110,1.0
7412,10110,1.0
7413,7414,1.0
7413,7416,1.0
7413,17799,1.0
7413,23125,1.0
7413,31898,1.0
7413,17800,1.0
7414,7415,1.0
7414,18537,1.0
7414,18538,1.0
7414,13804,1.0
7414,37018,1.0
7417,20339,1.0
7417,24117,1.0
7417,22719,1.0
7418,11246,1.0
7418,26129,1.0
7418,31124,1.0
7420,7421,1.0
7420,32127,1.0
7421,13532,1.0
7421,20942,1.0
7422,23460,1.0
7422,21765,1.0
7424,8638,1.0
7425,7426,1.0
7427,11137,1.0
7427,15926,1.0
7427,12586,1.0
7428,11755,1.0
7428,9845,1.0
7429,31711,1.0
7430,16181,1.0
7431,9693,1.0
7432,7589,1.0
7432,35116,1.0
7433,13940,1.0
7433,13781,1.0
7436,12564,1.0
7436,7658,1.0
7436,16313,1.0
7437,16807,1.0
7437,28735,1.0
7438,17941,1.0
7438,10646,1.0
7438,19927,1.0
7439,8351,1.0
7439,11197,1.0
7439,33398,1.0
7440,14432,1.0
7441,7442,1.0
7441,22173,1.0
7442,9272,1.0
7442,21722,1.0
7443,7444,1.0
7444,36956,1.0
7444,37511,1.0
7445,13566,1.0
7448,7449,1.0
7448,29755,1.0
7448,23080,1.0
7448,7927,1.0
7448,34034,1.0
7450,19082,1.0
7452,8273,1.0
7453,17705,1.0
7453,15716,1.0
7453,28694,1.0
7454,13501,1.0
7454,17163,1.0
7454,11393,1.0
7455,12305,1.0
7455,27934,1.0
7456,16306,1.0
7457,8038,1.0
7457,12831,1.0
7457,10480,1.0
7458,12954,1.0
7459,16426,1.0
7459,16267,1.0
7459,27394,1.0
7461,8478,1.0
7461,7997,1.0
7461,10206,1.0
7462,7880,1.0
7462,12981,1.0
7464,8705,1.0
7465,17893,1.0
7467,8642,1.0
7467,15283,1.0
7467,11623,1.0
7467,31276,1.0
7468,24575,1.0
7468,13807,1.0
7468,33089,1.0
7470,15034,1.0
7470,19204,1.0
7471,13923,1.0
7471,10543,1.0
7472,14947,1.0
7472,14650,1.0
7472,22761,1.0
7473,7474,1.0
7474,7475,1.0
7474,29001,1.0
7474,29805,1.0
7474,35245,1.0
7475,7476,1.0
7475,18725,1.0
7475,22060,1.0
7475,22061,1.0
7475,29001,1.0
7478,10555,1.0
7478,17360,1.0
7478,9198,1.0
7479,7480,1.0
7480,12347,1.0
7480,30128,1.0
7480,31319,1.0
7480,37116,1.0
7480,12348,1.0
7481,12848,1.0
7481,37378,1.0
7482,29808,1.0
7482,7982,1.0
7482,30960,1.0
7483,14749,1.0
7483,14872,1.0
7484,12877,1.0
7485,7486,1.0
7488,19036,1.0
7489,35615,1.0
7490,7798,1.0
7491,11556,1.0
7491,26887,1.0
7492,24394,1.0
7492,10524,1.0
7493,10981,1.0
7494,14438,1.0
7494,24638,1.0
7495,7496,1.0
7496,34208,1.0
7496,28607,1.0
7497,14660,1.0
7497,17500,1.0
7497,25348,1.0
7497,19733,1.0
7499,7500,1.0
7499,37079,1.0
7500,9421,1.0
7500,27125,1.0
7502,11779,1.0
7503,7504,1.0
7504,16818,1.0
7504,16567,1.0
7504,25174,1.0
7505,8196,1.0
7506,24192,1.0
7506,10146,1.0
7506,20076,1.0
7507,7508,1.0
7508,7509,1.0
7508,21804,1.0
7508,17783,1.0
7508,14941,1.0
7508,31253,1.0
7508,36082,1.0
7508,36083,1.0
7508,24029,1.0
7510,9798,1.0
7510,14707,1.0
7510,10964,1.0
7511,20196,1.0
7512,7705,1.0
7514,7515,1.0
7516,13031,1.0
7517,21539,1.0
7519,16053,1.0
7520,24396,1.0
7520,32680,1.0
7524,9574,1.0
7525,16238,1.0
7525,31175,1.0
7527,13511,1.0
7527,14428,1.0
7527,32557,1.0
7528,8667,1.0
7529,25596,1.0
7529,9906,1.0
7529,15376,1.0
7530,7531,1.0
7532,7533,1.0
7534,8617,1.0
7534,37549,1.0
7535,16428,1.0
7535,12777,1.0
7536,20444,1.0
7537,20605,1.0
7538,12768,1.0
7539,7540,1.0
7541,12543,1.0
7542,9867,1.0
7542,17395,1.0
7546,9700,1.0
7546,34977,1.0
7547,19759,1.0
7548,9774,1.0
7548,13622,1.0
7548,29129,1.0
7550,18435,1.0
7551,20745,1.0
7551,19147,1.0
7552,36821,1.0
7552,15284,1.0
7553,19542,1.0
7553,12304,1.0
7554,21270,1.0
7555,26417,1.0
7556,12582,1.0
7556,13164,1.0
7556,14407,1.0
7557,26743,1.0
7557,14477,1.0
7557,9110,1.0
7559,25068,1.0
7560,15288,1.0
7560,20592,1.0
7561,7562,1.0
7563,9013,1.0
7564,10115,1.0
7564,17521,1.0
7564,15070,1.0
7565,18907,1.0
7567,13944,1.0
7567,22340,1.0
7567,25226,1.0
7567,19485,1.0
7568,22271,1.0
7568,30209,1.0
7568,17617,1.0
7569,25338,1.0
7569,26144,1.0
7569,17702,1.0
7569,28199,1.0
7571,15360,1.0
7571,29768,1.0
7572,10369,1.0
7573,7574,1.0
7574,7575,1.0
7574,23480,1.0
7574,23481,1.0
7574,18393,1.0
7574,30226,1.0
7574,30810,1.0
7574,28103,1.0
7574,32979,1.0
7574,31713,1.0
7574,29969,1.0
7576,30731,1.0
7577,14810,1.0
7577,21469,1.0
7578,26832,1.0
7578,25418,1.0
7579,7580,1.0
7579,19578,1.0
7580,9591,1.0
7580,22912,1.0
7582,7583,1.0
7583,13842,1.0
7583,10008,1.0
7584,12909,1.0
7585,7586,1.0
7585,30830,1.0
7586,10675,1.0
7586,21237,1.0
7587,16433,1.0
7589,14230,1.0
7589,26318,1.0
7590,8340,1.0
7590,19911,1.0
7592,8643,1.0
7592,35442,1.0
7593,10005,1.0
7594,12627,1.0
7594,8559,1.0
7596,7597,1.0
7596,20142,1.0
7597,14009,1.0
7597,34999,1.0
7598,27972,1.0
7598,30067,1.0
7598,16398,1.0
7600,10952,1.0
7601,10881,1.0
7601,19552,1.0
7601,12821,1.0
7602,8195,1.0
7602,16843,1.0
7602,9048,1.0
7604,32757,1.0
7606,34863,1.0
7607,13809,1.0
7607,17599,1.0
7608,23977,1.0
7609,37164,1.0
7609,30629,1.0
7610,17175,1.0
7610,9934,1.0
7610,13424,1.0
7612,10468,1.0
7613,28787,1.0
7613,32642,1.0
7614,7615,1.0
7617,12288,1.0
7618,11643,1.0
7618,15333,1.0
7618,9770,1.0
7619,7620,1.0
7620,7621,1.0
7620,26243,1.0
7620,30298,1.0
7620,35760,1.0
7622,13682,1.0
7623,9756,1.0
7623,24730,1.0
7624,10040,1.0
7624,31743,1.0
7625,11357,1.0
7625,21425,1.0
7625,11871,1.0
7626,8280,1.0
7627,25088,1.0
7628,13326,1.0
7629,13283,1.0
7629,14808,1.0
7629,20132,1.0
7630,9745,1.0
7630,15408,1.0
7631,7632,1.0
7634,14276,1.0
7634,23536,1.0
7634,7879,1.0
7635,9982,1.0
7635,26872,1.0
7636,14337,1.0
7636,8095,1.0
7637,7683,1.0
7638,31867,1.0
7639,9014,1.0
7639,10855,1.0
7640,13435,1.0
7642,35829,1.0
7642,10610,1.0
7642,14726,1.0
7642,33043,1.0
7643,11705,1.0
7643,11908,1.0
7644,22335,1.0
7644,15203,1.0
7645,10763,1.0
7645,18961,1.0
7648,13452,1.0
7649,8933,1.0
7649,21494,1.0
7649,25543,1.0
7650,15890,1.0
7650,15287,1.0
7652,8493,1.0
7654,23014,1.0
7654,9357,1.0
7654,26442,1.0
7655,8088,1.0
7656,13451,1.0
7657,21932,1.0
7657,14829,1.0
7657,25298,1.0
7658,10788,1.0
7658,9342,1.0
7659,34696,1.0
7659,18915,1.0
7661,7662,1.0
7664,7665,1.0
7664,7666,1.0
7664,36842,1.0
7667,14509,1.0
7668,32630,1.0
7669,23826,1.0
7669,27892,1.0
7670,11203,1.0
7671,14374,1.0
7671,17571,1.0
7672,12055,1.0
7672,14472,1.0
7673,9477,1.0
7676,19492,1.0
7679,36708,1.0
7679,24317,1.0
7679,30241,1.0
7681,8214,1.0
7682,23820,1.0
7682,20390,1.0
7682,30394,1.0
7683,12651,1.0
7684,7685,1.0
7684,9592,1.0
7684,16147,1.0
7685,17499,1.0
7685,9443,1.0
7687,15348,1.0
7687,37191,1.0
7688,9909,1.0
7688,16144,1.0
7690,11179,1.0
7691,35087,1.0
7692,14131,1.0
7692,19728,1.0
7693,37475,1.0
7693,33122,1.0
7694,10077,1.0
7695,23326,1.0
7696,12667,1.0
7696,32338,1.0
7697,10690,1.0
7697,24210,1.0
7697,19685,1.0
7698,10920,1.0
7698,23505,1.0
7699,25293,1.0
7699,36545,1.0
7700,7701,1.0
7700,27829,1.0
7700,26991,1.0
7702,20661,1.0
7704,12831,1.0
7704,11811,1.0
7704,31797,1.0
7706,12683,1.0
7707,25648,1.0
7708,20163,1.0
7708,13665,1.0
7708,17582,1.0
7709,7710,1.0
7711,7712,1.0
7711,8727,1.0
7711,12370,1.0
7713,15969,1.0
7713,14120,1.0
7715,24484,1.0
7715,30799,1.0
7716,18094,1.0
7716,19764,1.0
7716,17376,1.0
7718,16265,1.0
7719,8186,1.0
7720,15916,1.0
7720,8614,1.0
7720,11907,1.0
7722,20063,1.0
7722,17728,1.0
7724,8980,1.0
7725,7904,1.0
7725,36290,1.0
7726,30057,1.0
7727,7728,1.0
7729,14998,1.0
7730,10514,1.0
7730,14800,1.0
7731,28522,1.0
7731,22855,1.0
7731,16429,1.0
7732,26676,1.0
7733,29412,1.0
7735,9183,1.0
7736,7737,1.0
7737,19515,1.0
7737,19093,1.0
7738,35085,1.0
7738,22276,1.0
7740,7741,1.0
7742,9544,1.0
7743,7744,1.0
7743,36839,1.0
7745,9453,1.0
7746,19927,1.0
7747,17570,1.0
7747,12773,1.0
7748,24096,1.0
7749,18193,1.0
7751,7752,1.0
7751,8482,1.0
7751,35617,1.0
7755,36399,1.0
7756,31315,1.0
7756,7823,1.0
7756,36396,1.0
7757,10760,1.0
7757,15301,1.0
7757,36275,1.0
7759,15424,1.0
7759,15522,1.0
7759,7783,1.0
7760,8952,1.0
7761,13484,1.0
7763,11587,1.0
7763,20848,1.0
7763,37443,1.0
7764,14333,1.0
7766,16958,1.0
7767,14783,1.0
7767,13271,1.0
7768,13437,1.0
7768,11807,1.0
7768,13548,1.0
7769,18557,1.0
7770,7771,1.0
7772,35648,1.0
7773,17338,1.0
7774,14859,1.0
7774,35124,1.0
7775,7776,1.0
7775,16376,1.0
7775,11423,1.0
7777,7975,1.0
7777,35546,1.0
7778,10181,1.0
7779,8836,1.0
7779,37664,1.0
7780,34259,1.0
7780,17170,1.0
7780,36018,1.0
7781,10322,1.0
7781,33627,1.0
7781,22181,1.0
7782,14388,1.0
7782,11925,1.0
7782,17221,1.0
7783,11304,1.0
7784,10864,1.0
7784,7892,1.0
7784,14978,1.0
7785,7786,1.0
7786,9600,1.0
7786,29523,1.0
7786,37436,1.0
7786,36678,1.0
7789,24686,1.0
7791,19502,1.0
7791,18383,1.0
7792,15379,1.0
7793,7794,1.0
7795,11728,1.0
7797,11372,1.0
7797,10037,1.0
7799,23165,1.0
7799,16531,1.0
7799,11216,1.0
7802,10432,1.0
7802,15705,1.0
7802,19965,1.0
7803,15026,1.0
7807,12225,1.0
7807,13213,1.0
7809,22069,1.0
7810,8898,1.0
7810,20150,1.0
7810,36020,1.0
7813,24633,1.0
7813,10150,1.0
7814,9334,1.0
7814,16498,1.0
7815,12518,1.0
7815,17703,1.0
7815,28145,1.0
7816,18476,1.0
7816,14574,1.0
7816,12653,1.0
7818,30610,1.0
7818,11368,1.0
7818,10530,1.0
7820,24203,1.0
7821,11439,1.0
7821,17815,1.0
7821,13590,1.0
7822,18263,1.0
7822,30908,1.0
7822,12176,1.0
7824,14272,1.0
7824,10820,1.0
7824,26966,1.0
7825,13889,1.0
7826,20479,1.0
7826,21498,1.0
7826,24995,1.0
7828,16293,1.0
7828,11913,1.0
7829,16109,1.0
7830,12262,1.0
7830,11446,1.0
7831,25593,1.0
7831,12595,1.0
7831,22735,1.0
7832,8443,1.0
7833,16817,1.0
7833,13646,1.0
7834,9116,1.0
7834,24698,1.0
7834,29872,1.0
7834,33394,1.0
7836,13319,1.0
7837,12019,1.0
7839,19453,1.0
7840,17232,1.0
7841,21595,1.0
7841,9742,1.0
7841,19003,1.0
7842,25430,1.0
7843,13721,1.0
7844,37152,1.0
7846,14182,1.0
7846,30622,1.0
7847,8530,1.0
7847,37637,1.0
7847,31052,1.0
7848,9328,1.0
7848,12984,1.0
7848,14936,1.0
7850,8886,1.0
7853,7854,1.0
7855,11531,1.0
7856,7857,1.0
7856,34186,1.0
7856,37539,1.0
7857,33321,1.0
7857,37236,1.0
7858,30623,1.0
7860,15165,1.0
7860,13154,1.0
7860,15621,1.0
7861,21436,1.0
7862,10590,1.0
7863,11618,1.0
7863,35888,1.0
7864,18188,1.0
7864,29980,1.0
7865,11646,1.0
7865,34676,1.0
7866,15599,1.0
7867,16263,1.0
7868,7869,1.0
7870,7871,1.0
7870,15142,1.0
7870,34880,1.0
7873,7874,1.0
7873,13081,1.0
7875,10377,1.0
7875,13252,1.0
7875,18808,1.0
7876,13643,1.0
7876,10847,1.0
7876,19566,1.0
7877,7878,1.0
7877,11710,1.0
7878,22673,1.0
7880,9868,1.0
7880,29705,1.0
7883,7884,1.0
7883,25193,1.0
7884,36750,1.0
7885,7886,1.0
7885,12490,1.0
7886,12129,1.0
7886,25333,1.0
7886,31706,1.0
7887,24929,1.0
7887,10839,1.0
7888,8279,1.0
7889,20512,1.0
7890,22585,1.0
7890,21147,1.0
7891,13100,1.0
7891,9337,1.0
7891,8046,1.0
7891,15765,1.0
7892,26499,1.0
7893,35854,1.0
7893,12618,1.0
7893,22701,1.0
7894,19477,1.0
7896,8626,1.0
7896,8230,1.0
7896,34933,1.0
7897,34298,1.0
7898,16128,1.0
7898,37464,1.0
7899,7900,1.0
7899,9562,1.0
7899,16335,1.0
7901,14764,1.0
7902,26100,1.0
7903,19924,1.0
7904,13486,1.0
7905,8855,1.0
7905,17977,1.0
7905,22386,1.0
7906,20636,1.0
7906,21251,1.0
7907,9486,1.0
7907,13441,1.0
7907,26347,1.0
7909,10959,1.0
7910,11609,1.0
7910,15876,1.0
7911,13572,1.0
7911,14075,1.0
7911,37073,1.0
7912,8618,1.0
7913,17995,1.0
7913,8483,1.0
7914,9874,1.0
7915,13631,1.0
7915,13701,1.0
7916,17220,1.0
7918,10596,1.0
7918,19264,1.0
7919,28048,1.0
7919,30105,1.0
7921,7922,1.0
7923,29754,1.0
7924,10695,1.0
7925,7926,1.0
7925,17618,1.0
7925,26587,1.0
7926,18767,1.0
7926,13814,1.0
7927,28069,1.0
7928,30096,1.0
7929,10942,1.0
7930,13618,1.0
7930,16042,1.0
7930,24050,1.0
7932,25915,1.0
7932,16543,1.0
7932,16033,1.0
7933,15074,1.0
7934,7935,1.0
7935,8022,1.0
7935,23222,1.0
7938,22003,1.0
7939,7940,1.0
7939,23624,1.0
7939,26341,1.0
7940,15294,1.0
7940,35441,1.0
7941,13179,1.0
7943,7944,1.0
7943,13364,1.0
7943,14410,1.0
7945,16244,1.0
7946,7947,1.0
7946,12704,1.0
7946,22310,1.0
7947,20911,1.0
7948,8310,1.0
7948,22402,1.0
7948,30135,1.0
7949,17903,1.0
7951,7952,1.0
7953,37491,1.0
7954,10532,1.0
7954,11297,1.0
7956,11060,1.0
7957,8086,1.0
7958,8250,1.0
7959,18205,1.0
7959,28511,1.0
7960,31571,1.0
7961,13772,1.0
7961,8886,1.0
7962,35652,1.0
7963,13015,1.0
7965,9769,1.0
7968,9379,1.0
7968,12611,1.0
7971,34185,1.0
7972,9222,1.0
7972,19980,1.0
7974,20693,1.0
7976,16416,1.0
7977,20511,1.0
7977,23150,1.0
7977,11647,1.0
7978,13737,1.0
7978,19639,1.0
7979,29024,1.0
7980,14129,1.0
7980,35657,1.0
7982,27774,1.0
7983,28516,1.0
7985,12493,1.0
7986,23221,1.0
7987,16823,1.0
7987,14498,1.0
7988,10527,1.0
7988,37512,1.0
7992,14129,1.0
7992,13015,1.0
7994,16162,1.0
7994,34351,1.0
7995,14648,1.0
7997,37533,1.0
7998,35035,1.0
8000,8020,1.0
8002,19209,1.0
8003,13145,1.0
8004,20966,1.0
8004,22968,1.0
8004,10254,1.0
8005,13458,1.0
8005,20856,1.0
8005,23373,1.0
8006,27441,1.0
8007,8008,1.0
8007,9038,1.0
8008,12643,1.0
8008,18344,1.0
8009,8695,1.0
8009,11633,1.0
8010,17481,1.0
8010,11157,1.0
8010,14647,1.0
8011,36431,1.0
8012,18258,1.0
8012,18293,1.0
8012,22134,1.0
8013,18640,1.0
8013,19823,1.0
8013,20515,1.0
8015,18967,1.0
8018,14891,1.0
8019,31847,1.0
8019,17664,1.0
8019,16217,1.0
8020,12085,1.0
8022,8803,1.0
8024,9636,1.0
8024,11592,1.0
8024,9123,1.0
8025,8026,1.0
8025,12613,1.0
8025,35894,1.0
8025,26614,1.0
8025,35405,1.0
8025,37384,1.0
8026,35195,1.0
8027,11272,1.0
8027,8056,1.0
8029,19398,1.0
8029,14615,1.0
8029,9557,1.0
8030,9004,1.0
8030,9816,1.0
8030,20851,1.0
8031,18486,1.0
8031,17164,1.0
8032,14812,1.0
8032,13783,1.0
8032,25717,1.0
8033,16446,1.0
8034,8470,1.0
8035,15409,1.0
8036,11116,1.0
8036,19611,1.0
8036,11671,1.0
8037,9202,1.0
8039,13645,1.0
8039,36705,1.0
8040,8250,1.0
8041,8042,1.0
8042,18140,1.0
8042,18782,1.0
8047,13943,1.0
8047,15902,1.0
8047,13946,1.0
8048,24202,1.0
8048,30341,1.0
8048,10265,1.0
8048,23390,1.0
8049,12817,1.0
8049,13536,1.0
8049,12900,1.0
8049,15232,1.0
8051,12193,1.0
8051,17775,1.0
8052,13504,1.0
8052,18938,1.0
8052,31957,1.0
8054,18670,1.0
8055,27438,1.0
8055,15382,1.0
8056,25988,1.0
8057,16992,1.0
8057,9530,1.0
8058,14484,1.0
8059,10600,1.0
8059,10841,1.0
8060,12886,1.0
8060,9835,1.0
8061,30591,1.0
8064,9312,1.0
8064,15546,1.0
8064,37238,1.0
8065,11681,1.0
8065,34560,1.0
8065,26064,1.0
8066,25976,1.0
8068,8069,1.0
8068,13413,1.0
8069,24980,1.0
8069,11220,1.0
8070,24264,1.0
8071,11990,1.0
8071,16466,1.0
8073,16906,1.0
8073,27017,1.0
8074,14039,1.0
8077,9274,1.0
8077,14282,1.0
8079,8118,1.0
8081,21439,1.0
8081,33688,1.0
8082,8083,1.0
8082,16422,1.0
8084,8085,1.0
8086,8087,1.0
8088,13631,1.0
8088,21061,1.0
8089,8090,1.0
8089,10958,1.0
8089,14948,1.0
8091,17190,1.0
8091,23346,1.0
8092,29766,1.0
8092,16012,1.0
8093,20359,1.0
8094,11840,1.0
8094,33867,1.0
8094,26729,1.0
8096,10806,1.0
8096,25569,1.0
8097,9152,1.0
8097,37406,1.0
8098,10269,1.0
8100,13511,1.0
8100,26419,1.0
8100,17171,1.0
8101,8102,1.0
8102,12144,1.0
8102,19046,1.0
8103,15334,1.0
8104,8105,1.0
8104,33736,1.0
8104,14007,1.0
8105,19732,1.0
8106,15798,1.0
8106,19617,1.0
8106,21545,1.0
8107,17567,1.0
8111,8112,1.0
8111,12070,1.0
8113,19314,1.0
8114,12765,1.0
8115,13671,1.0
8116,28184,1.0
8116,26164,1.0
8116,29329,1.0
8119,12177,1.0
8121,12407,1.0
8121,10083,1.0
8123,11761,1.0
8123,28920,1.0
8124,30550,1.0
8125,13288,1.0
8125,12799,1.0
8125,27307,1.0
8126,16627,1.0
8126,11312,1.0
8129,19659,1.0
8129,34162,1.0
8130,14085,1.0
8131,8834,1.0
8131,18883,1.0
8132,36371,1.0
8133,11178,1.0
8135,8136,1.0
8136,15011,1.0
8136,22714,1.0
8136,13857,1.0
8136,30092,1.0
8136,32282,1.0
8136,13289,1.0
8136,8137,1.0
8136,27308,1.0
8137,8138,1.0
8137,16310,1.0
8137,15011,1.0
8137,30002,1.0
8137,32662,1.0
8137,27267,1.0
8137,34253,1.0
8137,34776,1.0
8137,36638,1.0
8139,9545,1.0
8139,18404,1.0
8140,19549,1.0
8140,18596,1.0
8142,22481,1.0
8145,10296,1.0
8145,10693,1.0
8145,33496,1.0
8146,19422,1.0
8146,12495,1.0
8146,26882,1.0
8147,17159,1.0
8150,28700,1.0
8150,14340,1.0
8152,8153,1.0
8153,33315,1.0
8154,17891,1.0
8154,10182,1.0
8155,14504,1.0
8155,11164,1.0
8156,12391,1.0
8158,11144,1.0
8158,9066,1.0
8160,13993,1.0
8160,8584,1.0
8160,28697,1.0
8163,8164,1.0
8164,20171,1.0
8166,14843,1.0
8166,12673,1.0
8167,17790,1.0
8167,19686,1.0
8167,28345,1.0
8169,31104,1.0
8170,8171,1.0
8170,15705,1.0
8170,31718,1.0
8171,29449,1.0
8171,8417,1.0
8171,21402,1.0
8172,8173,1.0
8172,8176,1.0
8172,23275,1.0
8173,9727,1.0
8173,16812,1.0
8174,13337,1.0
8175,28447,1.0
8175,36049,1.0
8175,10078,1.0
8176,8177,1.0
8176,31693,1.0
8176,15965,1.0
8178,8179,1.0
8180,8181,1.0
8181,12992,1.0
8181,14526,1.0
8182,17855,1.0
8183,16190,1.0
8183,32013,1.0
8183,35224,1.0
8184,12190,1.0
8184,8880,1.0
8184,18819,1.0
8185,35111,1.0
8185,28320,1.0
8187,35398,1.0
8188,11229,1.0
8188,15686,1.0
8189,15642,1.0
8189,31240,1.0
8190,8558,1.0
8192,16708,1.0
8192,8525,1.0
8192,14220,1.0
8192,31806,1.0
8193,21790,1.0
8194,32417,1.0
8194,25406,1.0
8195,20763,1.0
8197,11155,1.0
8197,37383,1.0
8199,18063,1.0
8199,11369,1.0
8199,22650,1.0
8199,13895,1.0
8200,9838,1.0
8202,29148,1.0
8202,25768,1.0
8202,13816,1.0
8202,27398,1.0
8203,16824,1.0
8203,15853,1.0
8203,20348,1.0
8204,15801,1.0
8204,37162,1.0
8205,32196,1.0
8205,28359,1.0
8207,15516,1.0
8207,14808,1.0
8209,8210,1.0
8210,8931,1.0
8211,14698,1.0
8212,26206,1.0
8213,9205,1.0
8214,19939,1.0
8214,23011,1.0
8215,26862,1.0
8215,14887,1.0
8217,14822,1.0
8217,8474,1.0
8218,11731,1.0
8218,10635,1.0
8218,26761,1.0
8220,9352,1.0
8220,15733,1.0
8221,10279,1.0
8223,8224,1.0
8223,26192,1.0
8223,8859,1.0
8224,28810,1.0
8224,12133,1.0
8225,8719,1.0
8225,19196,1.0
8226,17017,1.0
8226,30041,1.0
8226,36000,1.0
8227,10254,1.0
8227,12395,1.0
8228,10005,1.0
8228,12801,1.0
8229,24301,1.0
8229,16712,1.0
8229,21693,1.0
8230,13468,1.0
8230,16249,1.0
8231,9397,1.0
8232,16798,1.0
8233,10530,1.0
8236,10962,1.0
8237,9871,1.0
8238,17070,1.0
8239,16322,1.0
8239,19403,1.0
8240,19603,1.0
8240,26839,1.0
8240,9496,1.0
8241,15392,1.0
8241,10858,1.0
8241,25034,1.0
8243,13898,1.0
8243,13678,1.0
8245,8713,1.0
8246,13852,1.0
8247,9234,1.0
8248,9861,1.0
8249,11111,1.0
8249,36544,1.0
8250,8699,1.0
8251,18389,1.0
8252,8253,1.0
8254,17784,1.0
8254,17674,1.0
8254,37070,1.0
8255,10569,1.0
8255,22734,1.0
8256,28298,1.0
8256,17146,1.0
8256,22768,1.0
8257,15488,1.0
8259,16010,1.0
8259,23886,1.0
8261,12973,1.0
8262,12439,1.0
8262,22433,1.0
8262,17017,1.0
8262,23146,1.0
8263,19652,1.0
8264,28624,1.0
8265,8864,1.0
8265,14346,1.0
8267,8268,1.0
8267,8451,1.0
8267,8452,1.0
8269,21120,1.0
8270,8271,1.0
8270,10041,1.0
8270,15338,1.0
8271,26946,1.0
8271,25047,1.0
8272,10103,1.0
8272,37024,1.0
8272,17238,1.0
8273,31564,1.0
8274,8275,1.0
8276,15848,1.0
8276,26361,1.0
8277,9311,1.0
8281,25825,1.0
8281,25535,1.0
8282,20276,1.0
8283,15143,1.0
8284,8285,1.0
8284,8621,1.0
8284,30113,1.0
8286,26349,1.0
8286,30959,1.0
8288,13166,1.0
8289,10970,1.0
8291,23787,1.0
8291,19215,1.0
8291,26044,1.0
8292,12229,1.0
8292,16746,1.0
8293,18083,1.0
8293,20579,1.0
8295,11724,1.0
8296,8297,1.0
8299,8751,1.0
8299,25559,1.0
8300,11598,1.0
8301,13949,1.0
8301,11743,1.0
8302,12217,1.0
8302,14263,1.0
8302,20770,1.0
8303,13003,1.0
8304,12042,1.0
8304,21602,1.0
8304,32531,1.0
8304,10042,1.0
8305,21901,1.0
8305,16377,1.0
8305,22879,1.0
8307,8899,1.0
8307,33444,1.0
8308,13791,1.0
8308,9919,1.0
8308,8984,1.0
8309,8310,1.0
8310,37514,1.0
8311,17145,1.0
8311,9475,1.0
8312,8313,1.0
8312,18560,1.0
8312,12850,1.0
8313,9534,1.0
8314,13868,1.0
8314,9272,1.0
8316,8317,1.0
8316,9137,1.0
8317,15818,1.0
8319,8919,1.0
8320,9960,1.0
8320,13894,1.0
8321,10123,1.0
8323,8363,1.0
8324,10478,1.0
8324,9306,1.0
8324,35217,1.0
8325,32699,1.0
8326,21660,1.0
8326,11680,1.0
8326,9554,1.0
8327,19657,1.0
8328,17915,1.0
8330,15827,1.0
8330,16870,1.0
8331,8332,1.0
8332,8333,1.0
8332,26035,1.0
8332,26036,1.0
8332,27336,1.0
8332,33060,1.0
8333,27582,1.0
8333,26035,1.0
8333,35397,1.0
8333,18084,1.0
8334,13115,1.0
8335,36946,1.0
8336,8375,1.0
8336,8842,1.0
8337,33821,1.0
8338,12998,1.0
8339,8340,1.0
8339,14995,1.0
8339,20640,1.0
8341,8342,1.0
8341,26376,1.0
8341,22447,1.0
8343,11769,1.0
8344,27341,1.0
8344,11372,1.0
8345,27237,1.0
8345,22273,1.0
8345,14213,1.0
8345,23166,1.0
8346,9367,1.0
8346,10857,1.0
8347,34994,1.0
8349,8912,1.0
8349,14500,1.0
8349,9180,1.0
8350,19852,1.0
8351,18185,1.0
8351,19719,1.0
8352,13876,1.0
8352,28081,1.0
8353,14051,1.0
8354,8357,1.0
8354,13540,1.0
8355,15576,1.0
8355,15670,1.0
8355,32234,1.0
8356,18352,1.0
8356,23900,1.0
8357,10207,1.0
8358,12789,1.0
8359,15682,1.0
8359,14951,1.0
8361,10619,1.0
8361,24076,1.0
8362,10020,1.0
8363,12968,1.0
8365,9914,1.0
8365,37394,1.0
8366,34182,1.0
8367,8368,1.0
8368,22732,1.0
8368,31649,1.0
8368,28180,1.0
8369,12264,1.0
8369,12708,1.0
8370,20353,1.0
8370,22226,1.0
8373,8405,1.0
8373,14454,1.0
8374,32485,1.0
8374,14595,1.0
8376,8377,1.0
8377,8378,1.0
8377,33066,1.0
8378,8379,1.0
8378,21791,1.0
8378,34123,1.0
8383,10714,1.0
8383,33417,1.0
8385,8386,1.0
8387,18008,1.0
8388,32806,1.0
8388,22435,1.0
8388,35922,1.0
8390,23478,1.0
8392,8871,1.0
8393,8394,1.0
8393,18048,1.0
8393,14779,1.0
8393,23374,1.0
8393,21284,1.0
8394,22452,1.0
8394,23875,1.0
8394,29849,1.0
8396,22170,1.0
8396,16172,1.0
8397,13055,1.0
8397,14680,1.0
8398,12259,1.0
8399,11879,1.0
8399,14046,1.0
8399,13401,1.0
8400,14376,1.0
8402,20189,1.0
8402,12607,1.0
8403,23851,1.0
8403,30030,1.0
8405,19263,1.0
8405,29029,1.0
8406,13186,1.0
8406,16232,1.0
8407,11264,1.0
8407,11604,1.0
8409,25344,1.0
8409,12793,1.0
8410,14622,1.0
8410,27846,1.0
8412,15676,1.0
8412,10617,1.0
8413,11307,1.0
8415,8416,1.0
8417,27772,1.0
8418,11339,1.0
8419,12968,1.0
8419,33632,1.0
8420,19650,1.0
8421,15574,1.0
8421,16123,1.0
8421,10803,1.0
8421,18611,1.0
8422,32138,1.0
8422,34757,1.0
8423,10979,1.0
8423,11951,1.0
8425,11964,1.0
8425,30995,1.0
8426,28384,1.0
8427,11851,1.0
8427,10860,1.0
8428,9259,1.0
8429,12899,1.0
8430,8431,1.0
8430,37418,1.0
8431,16184,1.0
8431,10973,1.0
8433,34147,1.0
8433,10697,1.0
8436,36229,1.0
8438,21830,1.0
8439,11250,1.0
8439,34045,1.0
8440,8441,1.0
8442,16702,1.0
8443,27758,1.0
8444,8772,1.0
8445,16026,1.0
8446,11478,1.0
8446,37305,1.0
8447,10640,1.0
8447,19170,1.0
8449,35006,1.0
8453,15985,1.0
8454,13070,1.0
8454,17098,1.0
8454,10697,1.0
8455,15287,1.0
8455,11115,1.0
8455,11425,1.0
8456,15133,1.0
8456,9389,1.0
8456,9473,1.0
8457,10945,1.0
8457,24057,1.0
8458,8699,1.0
8459,10662,1.0
8459,16411,1.0
8461,8462,1.0
8461,8856,1.0
8461,31323,1.0
8462,16015,1.0
8462,24390,1.0
8463,28134,1.0
8463,30014,1.0
8463,25925,1.0
8463,18144,1.0
8467,28615,1.0
8467,12727,1.0
8467,22702,1.0
8468,13367,1.0
8470,11821,1.0
8470,35885,1.0
8471,10608,1.0
8471,26538,1.0
8471,10252,1.0
8472,28281,1.0
8472,14481,1.0
8476,10175,1.0
8476,13597,1.0
8477,11187,1.0
8477,9022,1.0
8477,18633,1.0
8478,11293,1.0
8478,14945,1.0
8478,31704,1.0
8479,15665,1.0
8479,18522,1.0
8480,16746,1.0
8480,14746,1.0
8481,8482,1.0
8481,17790,1.0
8481,36219,1.0
8482,13432,1.0
8484,21893,1.0
8485,8486,1.0
8485,30640,1.0
8485,29606,1.0
8486,16078,1.0
8486,32406,1.0
8486,36656,1.0
8486,25574,1.0
8487,31239,1.0
8487,18179,1.0
8487,33822,1.0
8488,11277,1.0
8488,11291,1.0
8488,15798,1.0
8489,8490,1.0
8491,8562,1.0
8492,12991,1.0
8492,24041,1.0
8493,12288,1.0
8493,12217,1.0
8493,8771,1.0
8495,8496,1.0
8495,22758,1.0
8495,33370,1.0
8496,27121,1.0
8496,33126,1.0
8498,16184,1.0
8499,8500,1.0
8501,13532,1.0
8501,34484,1.0
8502,11074,1.0
8504,10867,1.0
8504,11516,1.0
8505,20445,1.0
8506,22067,1.0
8507,11745,1.0
8507,8522,1.0
8508,8509,1.0
8508,17218,1.0
8508,23821,1.0
8509,17301,1.0
8509,22139,1.0
8509,15859,1.0
8510,8511,1.0
8510,20197,1.0
8510,17661,1.0
8513,10094,1.0
8513,21164,1.0
8514,8822,1.0
8514,18226,1.0
8514,15258,1.0
8515,15144,1.0
8516,37370,1.0
8516,15126,1.0
8516,12677,1.0
8517,11088,1.0
8517,26899,1.0
8518,14028,1.0
8518,30440,1.0
8519,17352,1.0
8521,14678,1.0
8521,8820,1.0
8521,24875,1.0
8522,16671,1.0
8522,11257,1.0
8522,16625,1.0
8523,24092,1.0
8523,37490,1.0
8526,28643,1.0
8527,14815,1.0
8528,23393,1.0
8528,19306,1.0
8528,17827,1.0
8529,18261,1.0
8529,10603,1.0
8530,15293,1.0
8531,27478,1.0
8532,10457,1.0
8532,14243,1.0
8532,36146,1.0
8535,10557,1.0
8535,21078,1.0
8535,33958,1.0
8536,8537,1.0
8536,19339,1.0
8538,19287,1.0
8539,8540,1.0
8541,10619,1.0
8541,16590,1.0
8541,30842,1.0
8541,21781,1.0
8543,17966,1.0
8543,14509,1.0
8545,9067,1.0
8546,29482,1.0
8546,23892,1.0
8547,8548,1.0
8547,17336,1.0
8547,22459,1.0
8549,13876,1.0
8549,8570,1.0
8549,34490,1.0
8550,12310,1.0
8550,8887,1.0
8550,34659,1.0
8551,8552,1.0
8551,10781,1.0
8551,23407,1.0
8553,25950,1.0
8554,10305,1.0
8555,8556,1.0
8558,35117,1.0
8558,34344,1.0
8559,9448,1.0
8560,12491,1.0
8560,37138,1.0
8561,13954,1.0
8561,19951,1.0
8562,10536,1.0
8562,25999,1.0
8563,8564,1.0
8566,13079,1.0
8566,32058,1.0
8567,12413,1.0
8567,28127,1.0
8567,37364,1.0
8569,9526,1.0
8569,15950,1.0
8569,22361,1.0
8571,13472,1.0
8571,9214,1.0
8571,27598,1.0
8572,12189,1.0
8574,16053,1.0
8575,8576,1.0
8577,8579,1.0
8578,8579,1.0
8578,8580,1.0
8578,17382,1.0
8578,17383,1.0
8578,21678,1.0
8578,28959,1.0
8578,33071,1.0
8579,17383,1.0
8579,19101,1.0
8579,19103,1.0
8581,13861,1.0
8581,8825,1.0
8581,30843,1.0
8582,17921,1.0
8582,23268,1.0
8583,9473,1.0
8584,15059,1.0
8584,25056,1.0
8584,20489,1.0
8586,10273,1.0
8586,12585,1.0
8589,10586,1.0
8589,34475,1.0
8589,14902,1.0
8590,27746,1.0
8592,8593,1.0
8593,8594,1.0
8593,8737,1.0
8593,26452,1.0
8593,31098,1.0
8594,8595,1.0
8594,15560,1.0
8594,27100,1.0
8594,16725,1.0
8594,32822,1.0
8594,34975,1.0
8597,12171,1.0
8597,34434,1.0
8598,8599,1.0
8598,35844,1.0
8599,13426,1.0
8599,22868,1.0
8600,25683,1.0
8601,16321,1.0
8605,8606,1.0
8606,12329,1.0
8606,8758,1.0
8608,9161,1.0
8609,8610,1.0
8609,10321,1.0
8609,25486,1.0
8610,11632,1.0
8611,13967,1.0
8613,11788,1.0
8614,18252,1.0
8615,9075,1.0
8615,16600,1.0
8615,20635,1.0
8615,27675,1.0
8618,18218,1.0
8621,21127,1.0
8623,10527,1.0
8625,20148,1.0
8627,25834,1.0
8627,24296,1.0
8628,8629,1.0
8629,8630,1.0
8629,17483,1.0
8629,27833,1.0
8629,13834,1.0
8629,22019,1.0
8630,8631,1.0
8630,17483,1.0
8630,26592,1.0
8630,20681,1.0
8633,29604,1.0
8633,9801,1.0
8633,34642,1.0
8634,15243,1.0
8634,10365,1.0
8634,31894,1.0
8635,11268,1.0
8636,8765,1.0
8636,22599,1.0
8637,15046,1.0
8637,12451,1.0
8637,18231,1.0
8638,16850,1.0
8638,19935,1.0
8641,12670,1.0
8641,9895,1.0
8642,11396,1.0
8642,16898,1.0
8644,24959,1.0
8644,18695,1.0
8646,8647,1.0
8648,24391,1.0
8648,25781,1.0
8648,26482,1.0
8650,8651,1.0
8650,15561,1.0
8650,30695,1.0
8651,13491,1.0
8652,23310,1.0
8653,13879,1.0
8654,22066,1.0
8654,15762,1.0
8654,23702,1.0
8655,11463,1.0
8655,18977,1.0
8656,17389,1.0
8656,9966,1.0
8657,11145,1.0
8659,17272,1.0
8659,9818,1.0
8659,36089,1.0
8661,16485,1.0
8661,14692,1.0
8661,17733,1.0
8663,9675,1.0
8664,8710,1.0
8664,32728,1.0
8665,11372,1.0
8665,10251,1.0
8665,36849,1.0
8666,16181,1.0
8666,14186,1.0
8666,24126,1.0
8667,10255,1.0
8668,20548,1.0
8668,12941,1.0
8669,10262,1.0
8669,18690,1.0
8670,13205,1.0
8671,15433,1.0
8671,37382,1.0
8672,20992,1.0
8673,17710,1.0
8673,11732,1.0
8674,8675,1.0
8676,13655,1.0
8676,20047,1.0
8677,23292,1.0
8680,20822,1.0
8680,23626,1.0
8680,15112,1.0
8681,35747,1.0
8682,32670,1.0
8682,11451,1.0
8682,24320,1.0
8683,8684,1.0
8684,8685,1.0
8684,23406,1.0
8684,30306,1.0
8684,31254,1.0
8685,8686,1.0
8685,28705,1.0
8685,33054,1.0
8685,22072,1.0
8685,32450,1.0
8687,14999,1.0
8688,24932,1.0
8688,23215,1.0
8689,14884,1.0
8689,15024,1.0
8689,25308,1.0
8691,23175,1.0
8691,14272,1.0
8691,23035,1.0
8691,18949,1.0
8694,36241,1.0
8695,13726,1.0
8696,11079,1.0
8697,21440,1.0
8699,11857,1.0
8702,13191,1.0
8702,18492,1.0
8703,16733,1.0
8703,16691,1.0
8703,12012,1.0
8704,11431,1.0
8706,12338,1.0
8706,16101,1.0
8707,11390,1.0
8708,11538,1.0
8709,17211,1.0
8710,15205,1.0
8711,19967,1.0
8712,13537,1.0
8713,19511,1.0
8713,18121,1.0
8715,14185,1.0
8715,28644,1.0
8715,10502,1.0
8716,9857,1.0
8716,12274,1.0
8716,32379,1.0
8717,11494,1.0
8717,11055,1.0
8719,16638,1.0
8720,16151,1.0
8720,26483,1.0
8721,17591,1.0
8722,12881,1.0
8722,10805,1.0
8722,25754,1.0
8723,10233,1.0
8723,12565,1.0
8723,24519,1.0
8727,14721,1.0
8727,11987,1.0
8728,9342,1.0
8729,15566,1.0
8729,9037,1.0
8729,20986,1.0
8730,8731,1.0
8731,8732,1.0
8731,17061,1.0
8731,31479,1.0
8731,22062,1.0
8731,34054,1.0
8731,23961,1.0
8731,33221,1.0
8731,21199,1.0
8731,20282,1.0
8731,23018,1.0
8731,32330,1.0
8731,18776,1.0
8732,20282,1.0
8732,18278,1.0
8732,23018,1.0
8732,18776,1.0
8732,33221,1.0
8732,23017,1.0
8733,8734,1.0
8733,28454,1.0
8735,8736,1.0
8736,25502,1.0
8737,8738,1.0
8737,15560,1.0
8737,19680,1.0
8737,19784,1.0
8737,35277,1.0
8737,31188,1.0
8739,9255,1.0
8740,16015,1.0
8740,18368,1.0
8740,31569,1.0
8742,16834,1.0
8742,23908,1.0
8744,21489,1.0
8744,20539,1.0
8744,9125,1.0
8745,11790,1.0
8745,34321,1.0
8746,15230,1.0
8747,8748,1.0
8747,20634,1.0
8748,36482,1.0
8750,10384,1.0
8751,15898,1.0
8751,24695,1.0
8753,19272,1.0
8755,8756,1.0
8755,9484,1.0
8755,17609,1.0
8756,15422,1.0
8756,10320,1.0
8757,10145,1.0
8757,22261,1.0
8757,13908,1.0
8758,13922,1.0
8758,16533,1.0
8760,24628,1.0
8761,13063,1.0
8761,23167,1.0
8762,11274,1.0
8762,15571,1.0
8765,30536,1.0
8766,8767,1.0
8767,27727,1.0
8767,8768,1.0
8768,8769,1.0
8768,12593,1.0
8768,16880,1.0
8768,13289,1.0
8768,26735,1.0
8770,17510,1.0
8770,17537,1.0
8771,13708,1.0
8771,30928,1.0
8772,15168,1.0
8772,21817,1.0
8773,13153,1.0
8773,14055,1.0
8773,16069,1.0
8774,8775,1.0
8774,11300,1.0
8776,13022,1.0
8776,10570,1.0
8776,30300,1.0
8777,8966,1.0
8777,9012,1.0
8778,14802,1.0
8780,17037,1.0
8780,11535,1.0
8783,8784,1.0
8785,21179,1.0
8786,15693,1.0
8786,11336,1.0
8786,15909,1.0
8787,12090,1.0
8787,25218,1.0
8788,14352,1.0
8789,9747,1.0
8789,19693,1.0
8790,15038,1.0
8790,25513,1.0
8791,12609,1.0
8793,12172,1.0
8795,27032,1.0
8795,24439,1.0
8796,12406,1.0
8796,11118,1.0
8797,31856,1.0
8798,12730,1.0
8799,8800,1.0
8799,19624,1.0
8799,22785,1.0
8801,27832,1.0
8801,36907,1.0
8802,13409,1.0
8803,10283,1.0
8804,10839,1.0
8805,14486,1.0
8805,10611,1.0
8806,19491,1.0
8807,8808,1.0
8808,23586,1.0
8808,13782,1.0
8808,14035,1.0
8810,10408,1.0
8810,14000,1.0
8811,15024,1.0
8813,11838,1.0
8813,25998,1.0
8814,13333,1.0
8815,11193,1.0
8815,26727,1.0
8816,12938,1.0
8816,21215,1.0
8816,26969,1.0
8817,22295,1.0
8817,33260,1.0
8817,36415,1.0
8819,9364,1.0
8820,15672,1.0
8820,15809,1.0
8821,15447,1.0
8821,10100,1.0
8821,13240,1.0
8822,12680,1.0
8822,17286,1.0
8823,12318,1.0
8824,13574,1.0
8824,20187,1.0
8824,33464,1.0
8825,34445,1.0
8825,17766,1.0
8826,18135,1.0
8826,12307,1.0
8826,13227,1.0
8827,19341,1.0
8827,16769,1.0
8828,12031,1.0
8829,15915,1.0
8830,13001,1.0
8830,12635,1.0
8830,12305,1.0
8830,13867,1.0
8831,12606,1.0
8831,28491,1.0
8832,12587,1.0
8833,15891,1.0
8833,10323,1.0
8834,22799,1.0
8835,34130,1.0
8835,36669,1.0
8836,13444,1.0
8837,21910,1.0
8837,9319,1.0
8837,8962,1.0
8838,10322,1.0
8838,31690,1.0
8838,22181,1.0
8839,22462,1.0
8840,16841,1.0
8841,15439,1.0
8842,18091,1.0
8842,17422,1.0
8843,13645,1.0
8843,28602,1.0
8844,13321,1.0
8845,13694,1.0
8845,26126,1.0
8845,22416,1.0
8846,19990,1.0
8846,12515,1.0
8846,16018,1.0
8847,8848,1.0
8849,13710,1.0
8850,20405,1.0
8850,26858,1.0
8850,21492,1.0
8853,21529,1.0
8853,10469,1.0
8853,14883,1.0
8856,10680,1.0
8856,35534,1.0
8857,8858,1.0
8857,21057,1.0
8857,10549,1.0
8857,9000,1.0
8860,8861,1.0
8861,8862,1.0
8861,12214,1.0
8861,18499,1.0
8862,8863,1.0
8862,34700,1.0
8865,10880,1.0
8865,14493,1.0
8865,20534,1.0
8866,9295,1.0
8869,21422,1.0
8869,29174,1.0
8869,12026,1.0
8869,10213,1.0
8870,18543,1.0
8870,13181,1.0
8870,17208,1.0
8871,10827,1.0
8871,35907,1.0
8873,26747,1.0
8873,34621,1.0
8874,9531,1.0
8875,32378,1.0
8876,22925,1.0
8876,14935,1.0
8876,20528,1.0
8878,11295,1.0
8882,25291,1.0
8882,23319,1.0
8882,21888,1.0
8883,14363,1.0
8884,36461,1.0
8887,8888,1.0
8887,34886,1.0
8889,27509,1.0
8889,28025,1.0
8891,11464,1.0
8892,18986,1.0
8892,20250,1.0
8893,10165,1.0
8893,13591,1.0
8893,17199,1.0
8895,14478,1.0
8895,23309,1.0
8895,33099,1.0
8896,14210,1.0
8897,8898,1.0
8899,22960,1.0
8901,17565,1.0
8901,22891,1.0
8902,9283,1.0
8903,8904,1.0
8905,30952,1.0
8905,13672,1.0
8905,23395,1.0
8906,8907,1.0
8907,23633,1.0
8907,31408,1.0
8907,31664,1.0
8907,32905,1.0
8907,33857,1.0
8907,35024,1.0
8907,36436,1.0
8907,37206,1.0
8910,27604,1.0
8911,14701,1.0
8911,12140,1.0
8914,12296,1.0
8915,10978,1.0
8915,14510,1.0
8916,27373,1.0
8918,20037,1.0
8918,32964,1.0
8918,29254,1.0
8920,8921,1.0
8920,19758,1.0
8920,22454,1.0
8921,16995,1.0
8921,16435,1.0
8922,11262,1.0
8922,14674,1.0
8923,13293,1.0
8923,13268,1.0
8924,18858,1.0
8924,29031,1.0
8926,19177,1.0
8927,18535,1.0
8927,10022,1.0
8927,19436,1.0
8928,17706,1.0
8928,12051,1.0
8928,15257,1.0
8929,11258,1.0
8929,11190,1.0
8931,15804,1.0
8931,26280,1.0
8933,11376,1.0
8933,9423,1.0
8936,11043,1.0
8936,18254,1.0
8936,16012,1.0
8937,10295,1.0
8937,13265,1.0
8937,22667,1.0
8938,18320,1.0
8940,8941,1.0
8942,8982,1.0
8943,8944,1.0
8943,11298,1.0
8943,36896,1.0
8944,26248,1.0
8944,29942,1.0
8945,11608,1.0
8947,30153,1.0
8948,13704,1.0
8948,13769,1.0
8951,31958,1.0
8951,18859,1.0
8952,19690,1.0
8952,13033,1.0
8952,18305,1.0
8953,12253,1.0
8954,25314,1.0
8955,11280,1.0
8955,13700,1.0
8955,19171,1.0
8955,19508,1.0
8956,37640,1.0
8957,10382,1.0
8957,24825,1.0
8957,9405,1.0
8958,8959,1.0
8961,21799,1.0
8962,27063,1.0
8964,33341,1.0
8965,26159,1.0
8967,37284,1.0
8967,32519,1.0
8967,28508,1.0
8968,19756,1.0
8968,14035,1.0
8968,10000,1.0
8968,23332,1.0
8969,12222,1.0
8969,21466,1.0
8970,11173,1.0
8971,12333,1.0
8971,14175,1.0
8972,11870,1.0
8972,17960,1.0
8972,19187,1.0
8973,34456,1.0
8973,28696,1.0
8974,8975,1.0
8975,8976,1.0
8975,16439,1.0
8975,16933,1.0
8975,21510,1.0
8975,14637,1.0
8975,26418,1.0
8975,30863,1.0
8976,8977,1.0
8976,29884,1.0
8976,36634,1.0
8976,34959,1.0
8978,14387,1.0
8979,15685,1.0
8981,13320,1.0
8982,9264,1.0
8983,14256,1.0
8983,15513,1.0
8987,14545,1.0
8987,26090,1.0
8987,29078,1.0
8990,11237,1.0
8991,21601,1.0
8991,10510,1.0
8993,21410,1.0
8993,26584,1.0
8995,16731,1.0
8995,37067,1.0
8996,11937,1.0
8997,10293,1.0
8999,14806,1.0
8999,22838,1.0
9000,19850,1.0
9000,18935,1.0
9001,33506,1.0
9002,9003,1.0
9002,23917,1.0
9004,15300,1.0
9004,14974,1.0
9005,12139,1.0
9006,9007,1.0
9008,9009,1.0
9009,11214,1.0
9009,35476,1.0
9011,21329,1.0
9011,12373,1.0
9011,14634,1.0
9012,11033,1.0
9013,10798,1.0
9013,31577,1.0
9015,16835,1.0
9015,10180,1.0
9016,22647,1.0
9018,10032,1.0
9018,10299,1.0
9020,18314,1.0
9021,24876,1.0
9021,13773,1.0
9021,25235,1.0
9023,13536,1.0
9024,16669,1.0
9024,12599,1.0
9025,30679,1.0
9025,22025,1.0
9026,9027,1.0
9028,13086,1.0
9029,11145,1.0
9030,11245,1.0
9030,10140,1.0
9031,15710,1.0
9032,32553,1.0
9033,24273,1.0
9033,20010,1.0
9034,19635,1.0
9034,28189,1.0
9035,13176,1.0
9036,13582,1.0
9036,22109,1.0
9037,17482,1.0
9038,30873,1.0
9038,37473,1.0
9039,20492,1.0
9039,21952,1.0
9039,10387,1.0
9041,9042,1.0
9041,11573,1.0
9043,17091,1.0
9043,12323,1.0
9043,17732,1.0
9045,11132,1.0
9045,30999,1.0
9045,10427,1.0
9046,11010,1.0
9047,17917,1.0
9047,31595,1.0
9048,22538,1.0
9050,12501,1.0
9051,22395,1.0
9051,31446,1.0
9051,37589,1.0
9051,36349,1.0
9052,13737,1.0
9053,29021,1.0
9054,9055,1.0
9056,9057,1.0
9058,12542,1.0
9059,16591,1.0
9059,31686,1.0
9061,37306,1.0
9062,9063,1.0
9062,23551,1.0
9062,13199,1.0
9064,20833,1.0
9066,31686,1.0
9067,16418,1.0
9068,9986,1.0
9069,12078,1.0
9070,9071,1.0
9070,9465,1.0
9070,37036,1.0
9071,11016,1.0
9071,12404,1.0
9072,20086,1.0
9073,10708,1.0
9073,21073,1.0
9074,9882,1.0
9074,18890,1.0
9075,23577,1.0
9077,9078,1.0
9079,13673,1.0
9079,15514,1.0
9079,33170,1.0
9081,22537,1.0
9082,14455,1.0
9082,15471,1.0
9084,10588,1.0
9085,10709,1.0
9086,18682,1.0
9086,36297,1.0
9087,11771,1.0
9088,12162,1.0
9089,16394,1.0
9089,21739,1.0
9091,10995,1.0
9091,9152,1.0
9092,22387,1.0
9092,16815,1.0
9092,30544,1.0
9092,16814,1.0
9092,30636,1.0
9094,14275,1.0
9094,24449,1.0
9096,12959,1.0
9096,14295,1.0
9097,29531,1.0
9099,13336,1.0
9100,24563,1.0
9102,10616,1.0
9102,13647,1.0
9103,19024,1.0
9103,13582,1.0
9103,22826,1.0
9104,13788,1.0
9105,18824,1.0
9105,26421,1.0
9105,37213,1.0
9106,18350,1.0
9108,9109,1.0
9110,10502,1.0
9111,12827,1.0
9111,19775,1.0
9111,27780,1.0
9111,24572,1.0
9112,10166,1.0
9113,10855,1.0
9113,22204,1.0
9113,16628,1.0
9115,9155,1.0
9116,14081,1.0
9116,9513,1.0
9118,20206,1.0
9118,14996,1.0
9120,19799,1.0
9120,29321,1.0
9121,33356,1.0
9125,22059,1.0
9125,22079,1.0
9126,18649,1.0
9126,19683,1.0
9126,11079,1.0
9127,9644,1.0
9127,10890,1.0
9129,22500,1.0
9129,33679,1.0
9130,15037,1.0
9130,23347,1.0
9131,9132,1.0
9133,13272,1.0
9133,12976,1.0
9134,9135,1.0
9135,34651,1.0
9136,29387,1.0
9137,9273,1.0
9137,10892,1.0
9138,9281,1.0
9140,11273,1.0
9141,9142,1.0
9141,11424,1.0
9142,13124,1.0
9142,35738,1.0
9143,14208,1.0
9144,22705,1.0
9146,15306,1.0
9147,25460,1.0
9151,24242,1.0
9151,21454,1.0
9151,24887,1.0
9152,36943,1.0
9153,9154,1.0
9153,17397,1.0
9153,23392,1.0
9154,29649,1.0
9154,29946,1.0
9154,34394,1.0
9154,20176,1.0
9156,33847,1.0
9157,14504,1.0
9158,9159,1.0
9158,20426,1.0
9158,11311,1.0
9160,21359,1.0
9161,13519,1.0
9161,10639,1.0
9162,10345,1.0
9162,11333,1.0
9162,10955,1.0
9164,21511,1.0
9165,9166,1.0
9165,21450,1.0
9165,23916,1.0
9167,18988,1.0
9169,9170,1.0
9169,13485,1.0
9169,13796,1.0
9171,11304,1.0
9171,20979,1.0
9173,16167,1.0
9173,25505,1.0
9173,16779,1.0
9175,11879,1.0
9176,18672,1.0
9177,11408,1.0
9177,11826,1.0
9180,16707,1.0
9181,16427,1.0
9181,22929,1.0
9181,15601,1.0
9182,19304,1.0
9183,32536,1.0
9185,14189,1.0
9185,20316,1.0
9185,21268,1.0
9186,25920,1.0
9187,17700,1.0
9187,21528,1.0
9187,22696,1.0
9187,19571,1.0
9188,11327,1.0
9188,14123,1.0
9188,36220,1.0
9189,24333,1.0
9190,20552,1.0
9190,21586,1.0
9190,20014,1.0
9191,18317,1.0
9191,16241,1.0
9192,13130,1.0
9192,9369,1.0
9192,27674,1.0
9193,19177,1.0
9194,30571,1.0
9194,9268,1.0
9195,33178,1.0
9196,13071,1.0
9197,11844,1.0
9197,19947,1.0
9198,17186,1.0
9199,19110,1.0
9199,11090,1.0
9200,13651,1.0
9200,15326,1.0
9201,21309,1.0
9202,10498,1.0
9203,14449,1.0
9203,34041,1.0
9205,25366,1.0
9206,35643,1.0
9206,35893,1.0
9208,10665,1.0
9209,23106,1.0
9209,27805,1.0
9209,19042,1.0
9210,9460,1.0
9211,12247,1.0
9215,9216,1.0
9217,9218,1.0
9218,13569,1.0
9218,17104,1.0
9220,9221,1.0
9222,29388,1.0
9223,15596,1.0
9224,26626,1.0
9224,26573,1.0
9225,17990,1.0
9227,11693,1.0
9227,18108,1.0
9228,10812,1.0
9228,16903,1.0
9229,14142,1.0
9229,18514,1.0
9230,32518,1.0
9231,32666,1.0
9233,17516,1.0
9233,21935,1.0
9235,9236,1.0
9235,15713,1.0
9235,23299,1.0
9238,23056,1.0
9239,23198,1.0
9240,18130,1.0
9240,15088,1.0
9241,13472,1.0
9241,30076,1.0
9242,9243,1.0
9242,15602,1.0
9242,16938,1.0
9243,17455,1.0
9243,16562,1.0
9244,19745,1.0
9245,13419,1.0
9245,20909,1.0
9245,13116,1.0
9247,15906,1.0
9249,25264,1.0
9250,25011,1.0
9253,9435,1.0
9253,35970,1.0
9256,12446,1.0
9256,21451,1.0
9256,10276,1.0
9257,14443,1.0
9257,26671,1.0
9258,14520,1.0
9258,10943,1.0
9258,20344,1.0
9258,12454,1.0
9259,17630,1.0
9259,24207,1.0
9260,14513,1.0
9262,16536,1.0
9263,32664,1.0
9264,11531,1.0
9264,16427,1.0
9265,20994,1.0
9266,9743,1.0
9267,9857,1.0
9269,23571,1.0
9269,12669,1.0
9269,10412,1.0
9271,25107,1.0
9271,14064,1.0
9272,9273,1.0
9273,33681,1.0
9275,9277,1.0
9275,24616,1.0
9275,17202,1.0
9275,30187,1.0
9275,31017,1.0
9275,29767,1.0
9275,30485,1.0
9276,9277,1.0
9277,24616,1.0
9280,15383,1.0
9281,10058,1.0
9281,18017,1.0
9282,12880,1.0
9283,17134,1.0
9284,9285,1.0
9284,13342,1.0
9287,20660,1.0
9287,26105,1.0
9287,29741,1.0
9289,9290,1.0
9289,9432,1.0
9289,19695,1.0
9291,9292,1.0
9293,18489,1.0
9294,29323,1.0
9294,22950,1.0
9294,29140,1.0
9296,9469,1.0
9296,34797,1.0
9297,9298,1.0
9300,30585,1.0
9300,9567,1.0
9300,29413,1.0
9301,14665,1.0
9301,25431,1.0
9301,15052,1.0
9302,15039,1.0
9303,9304,1.0
9304,35358,1.0
9305,34578,1.0
9306,25523,1.0
9307,20523,1.0
9308,12095,1.0
9308,13165,1.0
9309,11198,1.0
9309,30824,1.0
9310,20800,1.0
9311,9756,1.0
9311,14798,1.0
9312,13204,1.0
9312,16561,1.0
9313,17308,1.0
9313,28402,1.0
9313,15605,1.0
9313,19691,1.0
9316,15163,1.0
9316,35834,1.0
9316,33036,1.0
9316,34578,1.0
9316,13320,1.0
9317,14921,1.0
9318,9728,1.0
9318,24024,1.0
9320,12816,1.0
9321,28340,1.0
9323,14207,1.0
9323,30168,1.0
9323,26101,1.0
9324,14341,1.0
9325,15741,1.0
9326,14108,1.0
9326,10559,1.0
9327,29692,1.0
9329,9330,1.0
9329,32937,1.0
9329,32709,1.0
9329,23615,1.0
9330,27441,1.0
9330,22027,1.0
9331,9332,1.0
9335,9336,1.0
9335,20285,1.0
9335,13588,1.0
9336,12446,1.0
9336,30244,1.0
9337,31668,1.0
9337,10653,1.0
9338,10075,1.0
9338,14249,1.0
9338,13033,1.0
9339,28940,1.0
9340,16730,1.0
9341,15680,1.0
9342,13411,1.0
9344,12616,1.0
9344,24298,1.0
9344,34541,1.0
9345,13878,1.0
9345,35607,1.0
9345,19213,1.0
9346,12987,1.0
9347,13893,1.0
9347,27312,1.0
9348,9349,1.0
9348,19691,1.0
9348,23966,1.0
9348,18813,1.0
9350,9470,1.0
9350,17619,1.0
9350,14593,1.0
9351,33007,1.0
9351,17303,1.0
9352,9800,1.0
9353,9408,1.0
9353,19324,1.0
9353,24270,1.0
9354,10227,1.0
9355,9356,1.0
9355,15672,1.0
9355,36345,1.0
9357,24235,1.0
9357,21478,1.0
9358,26005,1.0
9359,16257,1.0
9361,9406,1.0
9362,10896,1.0
9362,19289,1.0
9362,13453,1.0
9364,21200,1.0
9366,15319,1.0
9366,12702,1.0
9366,37239,1.0
9367,9974,1.0
9367,11667,1.0
9368,11218,1.0
9368,30428,1.0
9369,36339,1.0
9370,18378,1.0
9370,17030,1.0
9370,20454,1.0
9371,14462,1.0
9372,12292,1.0
9374,25149,1.0
9374,34945,1.0
9375,13074,1.0
9375,12066,1.0
9375,10689,1.0
9377,30172,1.0
9377,12151,1.0
9377,12885,1.0
9378,13354,1.0
9380,12010,1.0
9380,19223,1.0
9380,22656,1.0
9381,27415,1.0
9382,13509,1.0
9382,15240,1.0
9382,13957,1.0
9383,34893,1.0
9385,17896,1.0
9385,32869,1.0
9386,23719,1.0
9386,18073,1.0
9386,16344,1.0
9387,10328,1.0
9388,19086,1.0
9389,19234,1.0
9389,9542,1.0
9390,9514,1.0
9390,12503,1.0
9390,17282,1.0
9391,22444,1.0
9393,11313,1.0
9394,14044,1.0
9394,15998,1.0
9394,34436,1.0
9395,12620,1.0
9395,9708,1.0
9398,12230,1.0
9398,19830,1.0
9400,9476,1.0
9402,10987,1.0
9402,32347,1.0
9402,17513,1.0
9403,25110,1.0
9406,32244,1.0
9406,24690,1.0
9408,14052,1.0
9411,12289,1.0
9412,32425,1.0
9413,15578,1.0
9413,35977,1.0
9413,30641,1.0
9414,15659,1.0
9414,16723,1.0
9414,13479,1.0
9417,9418,1.0
9418,12348,1.0
9418,26594,1.0
9418,33713,1.0
9418,9419,1.0
9418,22319,1.0
9419,18750,1.0
9419,32355,1.0
9419,32840,1.0
9419,26355,1.0
9419,33713,1.0
9419,34726,1.0
9420,27023,1.0
9422,25490,1.0
9423,15727,1.0
9424,11544,1.0
9424,15242,1.0
9424,33449,1.0
9425,10761,1.0
9425,35250,1.0
9426,9427,1.0
9427,20254,1.0
9427,10970,1.0
9428,9429,1.0
9430,9431,1.0
9434,27982,1.0
9437,10586,1.0
9440,10639,1.0
9444,11301,1.0
9444,16387,1.0
9445,34835,1.0
9446,23459,1.0
9446,19769,1.0
9447,23702,1.0
9447,24053,1.0
9448,9449,1.0
9448,33990,1.0
9452,11203,1.0
9454,10397,1.0
9454,22407,1.0
9455,9456,1.0
9456,9457,1.0
9456,21920,1.0
9458,9459,1.0
9460,31629,1.0
9461,9462,1.0
9461,10052,1.0
9461,32214,1.0
9462,13080,1.0
9462,24344,1.0
9463,9464,1.0
9464,12072,1.0
9464,35611,1.0
9465,18477,1.0
9467,9468,1.0
9471,31335,1.0
9471,21596,1.0
9472,24456,1.0
9472,25983,1.0
9473,14649,1.0
9475,13774,1.0
9475,34711,1.0
9477,9478,1.0
9477,35683,1.0
9479,20626,1.0
9480,9944,1.0
9480,21648,1.0
9480,14544,1.0
9482,16724,1.0
9485,18952,1.0
9485,18318,1.0
9486,12080,1.0
9487,9997,1.0
9487,14328,1.0
9488,14622,1.0
9488,10152,1.0
9491,12848,1.0
9491,11701,1.0
9492,9493,1.0
9492,9648,1.0
9492,26715,1.0
9494,9495,1.0
9494,14565,1.0
9494,31024,1.0
9495,10476,1.0
9496,9497,1.0
9496,24820,1.0
9499,9500,1.0
9500,9501,1.0
9500,17754,1.0
9500,17755,1.0
9500,21351,1.0
9500,18580,1.0
9500,26640,1.0
9500,26641,1.0
9501,9502,1.0
9501,29187,1.0
9501,25300,1.0
9501,31085,1.0
9501,20755,1.0
9501,10913,1.0
9503,9504,1.0
9504,9505,1.0
9504,12383,1.0
9504,12974,1.0
9505,9506,1.0
9505,24211,1.0
9505,12383,1.0
9505,29627,1.0
9505,28775,1.0
9505,33810,1.0
9508,26659,1.0
9509,35485,1.0
9510,26630,1.0
9510,13512,1.0
9510,14999,1.0
9510,30037,1.0
9511,16470,1.0
9511,37641,1.0
9512,12018,1.0
9514,17276,1.0
9515,22502,1.0
9518,30820,1.0
9519,31986,1.0
9519,36386,1.0
9519,34901,1.0
9520,27379,1.0
9524,11660,1.0
9524,13156,1.0
9525,20163,1.0
9525,15657,1.0
9525,16745,1.0
9526,26038,1.0
9527,9528,1.0
9528,11829,1.0
9528,31951,1.0
9528,36188,1.0
9528,27968,1.0
9529,12376,1.0
9530,15817,1.0
9531,17015,1.0
9531,14851,1.0
9532,9533,1.0
9532,18299,1.0
9532,28639,1.0
9533,23358,1.0
9534,9535,1.0
9534,13576,1.0
9536,15191,1.0
9537,9538,1.0
9539,23832,1.0
9539,27828,1.0
9540,22007,1.0
9540,9680,1.0
9541,15000,1.0
9541,16653,1.0
9541,34856,1.0
9543,15969,1.0
9543,16648,1.0
9543,33961,1.0
9547,15442,1.0
9547,13653,1.0
9548,9549,1.0
9550,35741,1.0
9552,10673,1.0
9552,28540,1.0
9553,12016,1.0
9553,11374,1.0
9554,13852,1.0
9554,11819,1.0
9554,11219,1.0
9555,13211,1.0
9555,36639,1.0
9556,9887,1.0
9556,36176,1.0
9557,30284,1.0
9557,32587,1.0
9560,9561,1.0
9561,11056,1.0
9561,15500,1.0
9563,15197,1.0
9564,33194,1.0
9564,16272,1.0
9564,9888,1.0
9564,35112,1.0
9565,11039,1.0
9565,19596,1.0
9565,16684,1.0
9566,14119,1.0
9567,11486,1.0
9567,19620,1.0
9568,19814,1.0
9568,24486,1.0
9568,26203,1.0
9570,18992,1.0
9570,18485,1.0
9572,26039,1.0
9573,10115,1.0
9574,15481,1.0
9575,12780,1.0
9575,24897,1.0
9576,9760,1.0
9577,19068,1.0
9579,17507,1.0
9581,18099,1.0
9582,9583,1.0
9584,11734,1.0
9584,15034,1.0
9585,11870,1.0
9586,10688,1.0
9588,26967,1.0
9589,37453,1.0
9591,9592,1.0
9591,10060,1.0
9592,17902,1.0
9595,13195,1.0
9595,14987,1.0
9596,11969,1.0
9597,9598,1.0
9602,9603,1.0
9605,17591,1.0
9605,22011,1.0
9605,16539,1.0
9606,9607,1.0
9607,12847,1.0
9607,12899,1.0
9608,14977,1.0
9610,11704,1.0
9611,11966,1.0
9611,27079,1.0
9612,13905,1.0
9612,14505,1.0
9614,14462,1.0
9614,13374,1.0
9614,12064,1.0
9616,29879,1.0
9616,33774,1.0
9616,32685,1.0
9618,13269,1.0
9620,14899,1.0
9620,29181,1.0
9620,29896,1.0
9621,15897,1.0
9621,12739,1.0
9621,36711,1.0
9622,9623,1.0
9625,23884,1.0
9625,23270,1.0
9625,15467,1.0
9625,19075,1.0
9626,13253,1.0
9626,11485,1.0
9626,15811,1.0
9629,14738,1.0
9630,12730,1.0
9631,11398,1.0
9632,9633,1.0
9632,34300,1.0
9632,15095,1.0
9634,9635,1.0
9634,13612,1.0
9634,23549,1.0
9634,14002,1.0
9636,22531,1.0
9636,22576,1.0
9637,21958,1.0
9638,36805,1.0
9639,21650,1.0
9640,15099,1.0
9640,16772,1.0
9642,19274,1.0
9643,16242,1.0
9647,11472,1.0
9647,10570,1.0
9650,9651,1.0
9650,34447,1.0
9650,26968,1.0
9650,28444,1.0
9652,11825,1.0
9652,9738,1.0
9652,37519,1.0
9653,9654,1.0
9655,9656,1.0
9656,9657,1.0
9656,20945,1.0
9657,9658,1.0
9657,26594,1.0
9657,17737,1.0
9659,9660,1.0
9659,18657,1.0
9659,20820,1.0
9659,28515,1.0
9659,36478,1.0
9660,18658,1.0
9660,23942,1.0
9660,34078,1.0
9660,36740,1.0
9661,19524,1.0
9661,14068,1.0
9663,12609,1.0
9664,34338,1.0
9671,24634,1.0
9671,23155,1.0
9672,14439,1.0
9676,11606,1.0
9676,11249,1.0
9678,28287,1.0
9679,14424,1.0
9679,26175,1.0
9681,9682,1.0
9681,22491,1.0
9686,9687,1.0
9686,11158,1.0
9686,17728,1.0
9692,17199,1.0
9693,14460,1.0
9694,12515,1.0
9695,14243,1.0
9695,18929,1.0
9696,11897,1.0
9696,10152,1.0
9696,27025,1.0
9697,33453,1.0
9697,16629,1.0
9697,31552,1.0
9698,15290,1.0
9698,19919,1.0
9700,10365,1.0
9700,16121,1.0
9701,14656,1.0
9702,12704,1.0
9702,18804,1.0
9703,25018,1.0
9703,10028,1.0
9703,11486,1.0
9704,18100,1.0
9707,25714,1.0
9707,10531,1.0
9708,32155,1.0
9711,10549,1.0
9711,18547,1.0
9711,14070,1.0
9713,9714,1.0
9714,9715,1.0
9714,19347,1.0
9714,32490,1.0
9714,33142,1.0
9715,9716,1.0
9715,24738,1.0
9715,20949,1.0
9715,22516,1.0
9715,20827,1.0
9715,19347,1.0
9717,11226,1.0
9718,26116,1.0
9718,15308,1.0
9718,28538,1.0
9720,11563,1.0
9720,17576,1.0
9720,11311,1.0
9721,21372,1.0
9721,21768,1.0
9721,14730,1.0
9722,15473,1.0
9723,11682,1.0
9725,14012,1.0
9726,23388,1.0
9726,16206,1.0
9726,24336,1.0
9727,9728,1.0
9727,19457,1.0
9729,9730,1.0
9730,13218,1.0
9730,9857,1.0
9731,24596,1.0
9733,13062,1.0
9733,28192,1.0
9734,14775,1.0
9736,16221,1.0
9738,15216,1.0
9739,12826,1.0
9740,31969,1.0
9741,19580,1.0
9743,33879,1.0
9744,9745,1.0
9745,31567,1.0
9746,10121,1.0
9748,10597,1.0
9748,12234,1.0
9748,33834,1.0
9749,29401,1.0
9750,32909,1.0
9750,17265,1.0
9752,23861,1.0
9752,12193,1.0
9752,18137,1.0
9753,16242,1.0
9753,31810,1.0
9754,9959,1.0
9754,13644,1.0
9754,21719,1.0
9755,20104,1.0
9755,24870,1.0
9756,36733,1.0
9757,9758,1.0
9758,23276,1.0
9760,37422,1.0
9760,25007,1.0
9761,17339,1.0
9761,27456,1.0
9762,31803,1.0
9762,18800,1.0
9763,18584,1.0
9764,9765,1.0
9766,9767,1.0
9767,9768,1.0
9767,20055,1.0
9769,32357,1.0
9769,14279,1.0
9770,13329,1.0
9770,18377,1.0
9771,31044,1.0
9772,18129,1.0
9772,22285,1.0
9772,10710,1.0
9773,17205,1.0
9773,29510,1.0
9774,20413,1.0
9774,18756,1.0
9775,11016,1.0
9776,15097,1.0
9778,9779,1.0
9779,9780,1.0
9779,15498,1.0
9779,15499,1.0
9779,13793,1.0
9779,25680,1.0
9779,35155,1.0
9779,23773,1.0
9780,9781,1.0
9780,33786,1.0
9780,12422,1.0
9783,9784,1.0
9784,22507,1.0
9785,22429,1.0
9785,22644,1.0
9786,27099,1.0
9786,23303,1.0
9786,29179,1.0
9789,13111,1.0
9790,11164,1.0
9791,9792,1.0
9791,12249,1.0
9791,25416,1.0
9792,27987,1.0
9793,35647,1.0
9794,10302,1.0
9796,36242,1.0
9797,11682,1.0
9798,10547,1.0
9798,26789,1.0
9798,28002,1.0
9799,11257,1.0
9799,11425,1.0
9803,13287,1.0
9803,19517,1.0
9807,11523,1.0
9807,17242,1.0
9807,21882,1.0
9808,11691,1.0
9809,33426,1.0
9810,27040,1.0
9811,22852,1.0
9811,23552,1.0
9811,10640,1.0
9812,21786,1.0
9813,13443,1.0
9813,31041,1.0
9813,36924,1.0
9816,29851,1.0
9817,22070,1.0
9817,16050,1.0
9817,16220,1.0
9819,11835,1.0
9819,28393,1.0
9820,36715,1.0
9821,15962,1.0
9823,9824,1.0
9825,10465,1.0
9825,18932,1.0
9826,9966,1.0
9826,29468,1.0
9826,37665,1.0
9827,28411,1.0
9828,18221,1.0
9832,9833,1.0
9835,13353,1.0
9835,16351,1.0
9836,12147,1.0
9837,14848,1.0
9837,14163,1.0
9838,9839,1.0
9840,9841,1.0
9842,11460,1.0
9843,16597,1.0
9843,18942,1.0
9843,15613,1.0
9844,14475,1.0
9846,12884,1.0
9846,10532,1.0
9848,26779,1.0
9848,11591,1.0
9849,11545,1.0
9849,16081,1.0
9849,23300,1.0
9850,9851,1.0
9850,36533,1.0
9850,9854,1.0
9850,22765,1.0
9852,9853,1.0
9854,17696,1.0
9854,31713,1.0
9854,24710,1.0
9854,18928,1.0
9854,22721,1.0
9854,36139,1.0
9856,13295,1.0
9856,22712,1.0
9860,13664,1.0
9860,21557,1.0
9861,11945,1.0
9861,10660,1.0
9863,17561,1.0
9863,19618,1.0
9864,13493,1.0
9864,27962,1.0
9865,12095,1.0
9865,19886,1.0
9866,31895,1.0
9867,13325,1.0
9868,9932,1.0
9868,37163,1.0
9869,9981,1.0
9869,25525,1.0
9871,11386,1.0
9871,12430,1.0
9872,11055,1.0
9872,12695,1.0
9872,33685,1.0
9873,31745,1.0
9874,10735,1.0
9874,22994,1.0
9875,9876,1.0
9878,11111,1.0
9878,21913,1.0
9878,34688,1.0
9879,13031,1.0
9879,14986,1.0
9879,34592,1.0
9880,9881,1.0
9880,25388,1.0
9880,14493,1.0
9882,25080,1.0
9883,11155,1.0
9883,13785,1.0
9883,29434,1.0
9884,17806,1.0
9884,21370,1.0
9884,23529,1.0
9885,15375,1.0
9886,36328,1.0
9886,28596,1.0
9887,22716,1.0
9887,13296,1.0
9889,12667,1.0
9890,14008,1.0
9890,10804,1.0
9892,15671,1.0
9892,35501,1.0
9895,9896,1.0
9895,19575,1.0
9897,18720,1.0
9898,10809,1.0
9901,12818,1.0
9901,14533,1.0
9902,10967,1.0
9902,11182,1.0
9902,11654,1.0
9903,13153,1.0
9903,17601,1.0
9904,10590,1.0
9904,13929,1.0
9904,13594,1.0
9905,27064,1.0
9906,37007,1.0
9907,23721,1.0
9907,10145,1.0
9907,10247,1.0
9908,16352,1.0
9908,12548,1.0
9908,10898,1.0
9910,9911,1.0
9910,32171,1.0
9911,19340,1.0
9911,14671,1.0
9912,24357,1.0
9915,17960,1.0
9917,17294,1.0
9918,31999,1.0
9920,15731,1.0
9920,29027,1.0
9922,18956,1.0
9922,13149,1.0
9922,15362,1.0
9923,12641,1.0
9923,20698,1.0
9923,25222,1.0
9924,13142,1.0
9924,26766,1.0
9925,11656,1.0
9927,11178,1.0
9927,20639,1.0
9927,16742,1.0
9928,12650,1.0
9928,19787,1.0
9928,36095,1.0
9929,9930,1.0
9931,12399,1.0
9932,11158,1.0
9933,20907,1.0
9933,21651,1.0
9933,29135,1.0
9933,19055,1.0
9938,27590,1.0
9938,29567,1.0
9938,24696,1.0
9938,37247,1.0
9941,23886,1.0
9943,29709,1.0
9943,34648,1.0
9943,15681,1.0
9943,15660,1.0
9946,9947,1.0
9946,31380,1.0
9946,36213,1.0
9946,26594,1.0
9947,9948,1.0
9947,13037,1.0
9947,17737,1.0
9947,23938,1.0
9947,23939,1.0
9947,32612,1.0
9947,28123,1.0
9947,20944,1.0
9947,19532,1.0
9947,33931,1.0
9949,18381,1.0
9949,21333,1.0
9950,11473,1.0
9950,13773,1.0
9952,11730,1.0
9953,25646,1.0
9955,9956,1.0
9958,16375,1.0
9958,15808,1.0
9958,13252,1.0
9959,12497,1.0
9959,16332,1.0
9962,15955,1.0
9963,9964,1.0
9964,13141,1.0
9964,16791,1.0
9964,30255,1.0
9964,9965,1.0
9965,17460,1.0
9965,16791,1.0
9965,33954,1.0
9968,17455,1.0
9969,10249,1.0
9970,9971,1.0
9973,24910,1.0
9974,37352,1.0
9975,14853,1.0
9975,15770,1.0
9975,32851,1.0
9977,25028,1.0
9977,12564,1.0
9977,23147,1.0
9978,9979,1.0
9981,12781,1.0
9981,33486,1.0
9982,33169,1.0
9983,23914,1.0
9984,15476,1.0
9984,11405,1.0
9985,15547,1.0
9985,23664,1.0
9985,19168,1.0
9985,26231,1.0
9987,33243,1.0
9989,14141,1.0
9989,25101,1.0
9990,12845,1.0
9991,16935,1.0
9991,28544,1.0
9991,31778,1.0
9992,9993,1.0
9992,12940,1.0
9992,35205,1.0
9993,37602,1.0
9994,12538,1.0
9994,26484,1.0
9994,31967,1.0
9995,12124,1.0
9995,27227,1.0
9996,30675,1.0
9998,14162,1.0
9999,18441,1.0
9999,34341,1.0
10000,21201,1.0
10001,15327,1.0
10001,25634,1.0
10004,10118,1.0
10006,10007,1.0
10009,18100,1.0
10010,20016,1.0
10010,19998,1.0
10011,18098,1.0
10012,10013,1.0
10013,10404,1.0
10013,15831,1.0
10015,11805,1.0
10015,34225,1.0
10016,10017,1.0
10017,10018,1.0
10017,17483,1.0
10017,25679,1.0
10017,25680,1.0
10017,12422,1.0
10018,10019,1.0
10018,12422,1.0
10018,31213,1.0
10018,13793,1.0
10018,34768,1.0
10020,11159,1.0
10020,15808,1.0
10021,15481,1.0
10021,33012,1.0
10023,37510,1.0
10024,17194,1.0
10025,17230,1.0
10025,11018,1.0
10025,19149,1.0
10025,14370,1.0
10026,13492,1.0
10026,31802,1.0
10027,17082,1.0
10028,15438,1.0
10029,11234,1.0
10029,14719,1.0
10032,13384,1.0
10032,28000,1.0
10033,10034,1.0
10034,10362,1.0
10038,17469,1.0
10038,13110,1.0
10038,28260,1.0
10039,30067,1.0
10041,10356,1.0
10041,26891,1.0
10041,27317,1.0
10043,13177,1.0
10045,21876,1.0
10045,25318,1.0
10045,11439,1.0
10046,28458,1.0
10047,10048,1.0
10049,10324,1.0
10050,29274,1.0
10054,16623,1.0
10055,16218,1.0
10055,10341,1.0
10057,14028,1.0
10058,19184,1.0
10058,21062,1.0
10061,10062,1.0
10063,21408,1.0
10065,20498,1.0
10065,19300,1.0
10065,19914,1.0
10066,10067,1.0
10069,10070,1.0
10069,15460,1.0
10069,17019,1.0
10071,19239,1.0
10072,14365,1.0
10073,10998,1.0
10073,13972,1.0
10074,13413,1.0
10074,13198,1.0
10074,31909,1.0
10076,10077,1.0
10076,13628,1.0
10076,15940,1.0
10077,32442,1.0
10078,35910,1.0
10079,36631,1.0
10080,10967,1.0
10080,14849,1.0
10081,10740,1.0
10082,14666,1.0
10084,32180,1.0
10085,15889,1.0
10085,34947,1.0
10086,10122,1.0
10088,10089,1.0
10089,11215,1.0
10090,10091,1.0
10090,15826,1.0
10091,32506,1.0
10092,11544,1.0
10093,20460,1.0
10093,21555,1.0
10094,13663,1.0
10095,15682,1.0
10096,11438,1.0
10098,27595,1.0
10098,23553,1.0
10099,29894,1.0
10100,37531,1.0
10101,30725,1.0
10101,29987,1.0
10102,37438,1.0
10102,32599,1.0
10105,10106,1.0
10107,14192,1.0
10107,21225,1.0
10108,10109,1.0
10109,17772,1.0
10109,23414,1.0
10109,18894,1.0
10110,13789,1.0
10111,10112,1.0
10113,37372,1.0
10114,27079,1.0
10115,18974,1.0
10118,12069,1.0
10119,12256,1.0
10119,17568,1.0
10120,34485,1.0
10121,17663,1.0
10121,20876,1.0
10123,10796,1.0
10123,30937,1.0
10124,11012,1.0
10128,10129,1.0
10128,14982,1.0
10129,17463,1.0
10129,13766,1.0
10130,16046,1.0
10130,14270,1.0
10130,33069,1.0
10131,13886,1.0
10131,21204,1.0
10132,14911,1.0
10132,21802,1.0
10136,10137,1.0
10139,20320,1.0
10142,11754,1.0
10142,12985,1.0
10142,17864,1.0
10143,12964,1.0
10144,35070,1.0
10144,12019,1.0
10144,14911,1.0
10144,32747,1.0
10145,13752,1.0
10146,18576,1.0
10147,11633,1.0
10148,15393,1.0
10149,23649,1.0
10151,17319,1.0
10154,10155,1.0
10154,20590,1.0
10156,21816,1.0
10158,30666,1.0
10159,17150,1.0
10160,10161,1.0
10160,19610,1.0
10162,11850,1.0
10162,19517,1.0
10163,21702,1.0
10163,24771,1.0
10164,12534,1.0
10164,14350,1.0
10164,17429,1.0
10164,15983,1.0
10165,21323,1.0
10166,26193,1.0
10166,25707,1.0
10166,14776,1.0
10167,18207,1.0
10168,34626,1.0
10168,33534,1.0
10169,36971,1.0
10169,36172,1.0
10169,21207,1.0
10169,29995,1.0
10170,15389,1.0
10170,15835,1.0
10171,35744,1.0
10173,10174,1.0
10173,35285,1.0
10174,19260,1.0
10178,32291,1.0
10179,29383,1.0
10180,13004,1.0
10181,17640,1.0
10183,31779,1.0
10184,10185,1.0
10184,11332,1.0
10185,11315,1.0
10185,18478,1.0
10185,11202,1.0
10186,10187,1.0
10188,16359,1.0
10189,12481,1.0
10190,15526,1.0
10190,14797,1.0
10190,33160,1.0
10191,21103,1.0
10191,28904,1.0
10191,15636,1.0
10193,10194,1.0
10196,14247,1.0
10199,10200,1.0
10201,13698,1.0
10201,30253,1.0
10201,36293,1.0
10203,10204,1.0
10203,34719,1.0
10205,16268,1.0
10207,10641,1.0
10207,17346,1.0
10207,23117,1.0
10210,11717,1.0
10210,14739,1.0
10210,12429,1.0
10211,10212,1.0
10213,25488,1.0
10214,10215,1.0
10214,18677,1.0
10216,28296,1.0
10217,12262,1.0
10218,27098,1.0
10218,23080,1.0
10219,12938,1.0
10219,10599,1.0
10219,26690,1.0
10221,11643,1.0
10221,10827,1.0
10222,19067,1.0
10224,20906,1.0
10228,14375,1.0
10229,10230,1.0
10235,10236,1.0
10237,10238,1.0
10241,13742,1.0
10241,11968,1.0
10241,35182,1.0
10242,12886,1.0
10243,12585,1.0
10243,14717,1.0
10243,36260,1.0
10244,11020,1.0
10244,13228,1.0
10244,32603,1.0
10245,13568,1.0
10248,15074,1.0
10249,27845,1.0
10250,19510,1.0
10250,12673,1.0
10251,21075,1.0
10251,15677,1.0
10254,12120,1.0
10255,29436,1.0
10255,33162,1.0
10255,15539,1.0
10256,16244,1.0
10256,37140,1.0
10257,12072,1.0
10257,20913,1.0
10258,15027,1.0
10261,15317,1.0
10262,33045,1.0
10263,18411,1.0
10264,10670,1.0
10264,26549,1.0
10265,11584,1.0
10265,14416,1.0
10267,22393,1.0
10267,16270,1.0
10268,11269,1.0
10268,19848,1.0
10268,22299,1.0
10270,29801,1.0
10273,36393,1.0
10274,12574,1.0
10274,15724,1.0
10274,18482,1.0
10275,16236,1.0
10276,31413,1.0
10277,14822,1.0
10277,10484,1.0
10279,10280,1.0
10279,34272,1.0
10281,10282,1.0
10281,18666,1.0
10282,24305,1.0
10282,32267,1.0
10285,12492,1.0
10286,12308,1.0
10286,17344,1.0
10288,20297,1.0
10289,14240,1.0
10289,21718,1.0
10290,11806,1.0
10290,36424,1.0
10290,36922,1.0
10291,20830,1.0
10292,12656,1.0
10292,24034,1.0
10293,12887,1.0
10294,14365,1.0
10294,17182,1.0
10295,19297,1.0
10295,13002,1.0
10297,10968,1.0
10298,12166,1.0
10299,12685,1.0
10300,12946,1.0
10301,11718,1.0
10301,21622,1.0
10302,24240,1.0
10302,17652,1.0
10304,20040,1.0
10304,24583,1.0
10305,19828,1.0
10305,20300,1.0
10306,10307,1.0
10308,15050,1.0
10310,11401,1.0
10310,25010,1.0
10310,17513,1.0
10311,19248,1.0
10311,23546,1.0
10312,10383,1.0
10313,13327,1.0
10313,13288,1.0
10314,15750,1.0
10314,15229,1.0
10314,25459,1.0
10315,20590,1.0
10315,28240,1.0
10316,10317,1.0
10316,29140,1.0
10316,32667,1.0
10318,14061,1.0
10319,15467,1.0
10319,13936,1.0
10319,14932,1.0
10321,31861,1.0
10322,36372,1.0
10327,10328,1.0
10328,13411,1.0
10329,10451,1.0
10331,33678,1.0
10331,26087,1.0
10331,25828,1.0
10332,10333,1.0
10334,11499,1.0
10334,36506,1.0
10335,10336,1.0
10336,10337,1.0
10336,17452,1.0
10336,26897,1.0
10336,31214,1.0
10336,35047,1.0
10336,37270,1.0
10337,23640,1.0
10337,22130,1.0
10337,35902,1.0
10337,24700,1.0
10337,20820,1.0
10339,10340,1.0
10341,14454,1.0
10341,10962,1.0
10342,32891,1.0
10343,11052,1.0
10343,13281,1.0
10343,27940,1.0
10344,12394,1.0
10344,13007,1.0
10345,24685,1.0
10346,10347,1.0
10348,23682,1.0
10350,30498,1.0
10351,29403,1.0
10351,18479,1.0
10351,22136,1.0
10352,28033,1.0
10353,23688,1.0
10354,13971,1.0
10354,10836,1.0
10355,13206,1.0
10356,25839,1.0
10356,16083,1.0
10357,13272,1.0
10358,13518,1.0
10358,21621,1.0
10359,10360,1.0
10360,18362,1.0
10360,22924,1.0
10362,30895,1.0
10365,31814,1.0
10367,10368,1.0
10367,16876,1.0
10367,16844,1.0
10371,14465,1.0
10371,23181,1.0
10371,20314,1.0
10371,21270,1.0
10372,23081,1.0
10375,12405,1.0
10376,10377,1.0
10378,15139,1.0
10379,15317,1.0
10381,16470,1.0
10382,30631,1.0
10382,37576,1.0
10383,22148,1.0
10384,22995,1.0
10384,26000,1.0
10385,15836,1.0
10385,28041,1.0
10386,17244,1.0
10386,12867,1.0
10386,20886,1.0
10388,10616,1.0
10388,35023,1.0
10391,10392,1.0
10392,34927,1.0
10394,21133,1.0
10394,34875,1.0
10395,20912,1.0
10396,11085,1.0
10400,15160,1.0
10400,21530,1.0
10401,13457,1.0
10401,32140,1.0
10403,16902,1.0
10403,36248,1.0
10404,10405,1.0
10404,23316,1.0
10406,10407,1.0
10406,20342,1.0
10408,30706,1.0
10409,19001,1.0
10412,10413,1.0
10412,13294,1.0
10413,15363,1.0
10413,11591,1.0
10414,18650,1.0
10416,14508,1.0
10417,12770,1.0
10419,33215,1.0
10419,37015,1.0
10419,37397,1.0
10421,16740,1.0
10421,15128,1.0
10421,30548,1.0
10422,12087,1.0
10422,19814,1.0
10424,21798,1.0
10425,10426,1.0
10425,13247,1.0
10425,13319,1.0
10426,24557,1.0
10429,10430,1.0
10429,11914,1.0
10430,12984,1.0
10431,19719,1.0
10435,18175,1.0
10436,11371,1.0
10437,10438,1.0
10438,20175,1.0
10439,22978,1.0
10439,13348,1.0
10439,17472,1.0
10441,11631,1.0
10441,20028,1.0
10442,37003,1.0
10445,32998,1.0
10445,29014,1.0
10446,10447,1.0
10446,10448,1.0
10446,30418,1.0
10446,29190,1.0
10447,10449,1.0
10447,15167,1.0
10447,25869,1.0
10451,23786,1.0
10452,10453,1.0
10455,10456,1.0
10459,34850,1.0
10460,10461,1.0
10462,10463,1.0
10464,25960,1.0
10465,29092,1.0
10466,19444,1.0
10466,11594,1.0
10466,24484,1.0
10467,13957,1.0
10468,15746,1.0
10468,35737,1.0
10469,15185,1.0
10469,19516,1.0
10471,21464,1.0
10471,24693,1.0
10473,14986,1.0
10478,15025,1.0
10479,11603,1.0
10480,17354,1.0
10480,37434,1.0
10481,35614,1.0
10481,32643,1.0
10481,31117,1.0
10481,23873,1.0
10481,30039,1.0
10482,29404,1.0
10482,21337,1.0
10482,13633,1.0
10483,12676,1.0
10484,18154,1.0
10485,20031,1.0
10487,14956,1.0
10487,19769,1.0
10487,21796,1.0
10488,10489,1.0
10488,20771,1.0
10488,20379,1.0
10488,17475,1.0
10490,17665,1.0
10490,25689,1.0
10491,15237,1.0
10491,13723,1.0
10491,13358,1.0
10491,33998,1.0
10494,23217,1.0
10495,21120,1.0
10495,25308,1.0
10495,30781,1.0
10496,16008,1.0
10496,32439,1.0
10498,19429,1.0
10498,29631,1.0
10500,16208,1.0
10500,12759,1.0
10501,16640,1.0
10503,19315,1.0
10504,29393,1.0
10504,29320,1.0
10504,26647,1.0
10504,13982,1.0
10505,32035,1.0
10507,14989,1.0
10509,20700,1.0
10509,23005,1.0
10509,37430,1.0
10510,37401,1.0
10511,11176,1.0
10511,22463,1.0
10511,23303,1.0
10512,10513,1.0
10516,31114,1.0
10516,15896,1.0
10516,35803,1.0
10516,20012,1.0
10517,30869,1.0
10518,14545,1.0
10521,11652,1.0
10521,20032,1.0
10522,31099,1.0
10523,13700,1.0
10523,19638,1.0
10523,15215,1.0
10526,13643,1.0
10526,19519,1.0
10526,21092,1.0
10527,34133,1.0
10528,27096,1.0
10529,24011,1.0
10529,24659,1.0
10529,11699,1.0
10529,19963,1.0
10530,30584,1.0
10531,12220,1.0
10532,18939,1.0
10532,19094,1.0
10533,10534,1.0
10536,11733,1.0
10536,12015,1.0
10537,24790,1.0
10538,10539,1.0
10540,18030,1.0
10540,15767,1.0
10540,23139,1.0
10541,10709,1.0
10542,12152,1.0
10544,15329,1.0
10545,21751,1.0
10546,16260,1.0
10546,28559,1.0
10546,29855,1.0
10547,32513,1.0
10548,15156,1.0
10548,22520,1.0
10548,24606,1.0
10549,15110,1.0
10551,10552,1.0
10556,36148,1.0
10557,12864,1.0
10560,13621,1.0
10561,12904,1.0
10562,12911,1.0
10562,25692,1.0
10563,14410,1.0
10564,34871,1.0
10565,12151,1.0
10566,30264,1.0
10569,31398,1.0
10570,19138,1.0
10570,24146,1.0
10574,10575,1.0
10574,14494,1.0
10574,15679,1.0
10577,25524,1.0
10579,33878,1.0
10579,35770,1.0
10579,27986,1.0
10580,14715,1.0
10581,10582,1.0
10582,16125,1.0
10582,15415,1.0
10583,29678,1.0
10584,18550,1.0
10585,14362,1.0
10585,33520,1.0
10588,21539,1.0
10588,19126,1.0
10589,25002,1.0
10594,19503,1.0
10595,17303,1.0
10595,16088,1.0
10595,22187,1.0
10597,10598,1.0
10597,18468,1.0
10598,17730,1.0
10599,10600,1.0
10599,19296,1.0
10600,30015,1.0
10603,19115,1.0
10603,22006,1.0
10604,15576,1.0
10604,15962,1.0
10604,15755,1.0
10606,22215,1.0
10606,24382,1.0
10607,10778,1.0
10609,15335,1.0
10610,25758,1.0
10613,12652,1.0
10619,30183,1.0
10620,19574,1.0
10620,11961,1.0
10622,35169,1.0
10623,15000,1.0
10625,16941,1.0
10626,15134,1.0
10626,12603,1.0
10626,17494,1.0
10627,32242,1.0
10629,11868,1.0
10629,14770,1.0
10630,21819,1.0
10630,23099,1.0
10630,14475,1.0
10633,17264,1.0
10633,23036,1.0
10634,14990,1.0
10634,21976,1.0
10635,14405,1.0
10636,11612,1.0
10637,10638,1.0
10639,10879,1.0
10640,16366,1.0
10641,14046,1.0
10641,15620,1.0
10642,25596,1.0
10643,10644,1.0
10643,16299,1.0
10643,14245,1.0
10646,10647,1.0
10646,13050,1.0
10646,11113,1.0
10648,24215,1.0
10650,10651,1.0
10653,21114,1.0
10653,13579,1.0
10653,21615,1.0
10655,17944,1.0
10655,17773,1.0
10655,25447,1.0
10656,35735,1.0
10656,11543,1.0
10657,17223,1.0
10658,11389,1.0
10659,14783,1.0
10660,18121,1.0
10661,12680,1.0
10661,22031,1.0
10661,15806,1.0
10663,10664,1.0
10663,21325,1.0
10665,18696,1.0
10665,18734,1.0
10665,25637,1.0
10670,30853,1.0
10671,27817,1.0
10671,18648,1.0
10671,26895,1.0
10672,12305,1.0
10672,15720,1.0
10672,24676,1.0
10673,34806,1.0
10675,17836,1.0
10675,30134,1.0
10676,13593,1.0
10676,18886,1.0
10679,26061,1.0
10679,11624,1.0
10679,25691,1.0
10680,15323,1.0
10680,31815,1.0
10682,11655,1.0
10682,14451,1.0
10684,16809,1.0
10684,22326,1.0
10684,20884,1.0
10686,10687,1.0
10687,32815,1.0
10687,28413,1.0
10688,20216,1.0
10688,16024,1.0
10689,10784,1.0
10689,34168,1.0
10690,18583,1.0
10690,34117,1.0
10691,10692,1.0
10693,10793,1.0
10694,35594,1.0
10696,10697,1.0
10697,33843,1.0
10698,13356,1.0
10698,22079,1.0
10700,10701,1.0
10702,17946,1.0
10704,15757,1.0
10704,20035,1.0
10705,27698,1.0
10706,24829,1.0
10707,24441,1.0
10707,25188,1.0
10708,31283,1.0
10709,33663,1.0
10711,18838,1.0
10712,23150,1.0
10712,10753,1.0
10713,28229,1.0
10713,14260,1.0
10715,12808,1.0
10715,13770,1.0
10715,12468,1.0
10715,14879,1.0
10716,18364,1.0
10716,34821,1.0
10717,22450,1.0
10718,15442,1.0
10719,12080,1.0
10719,29538,1.0
10720,13000,1.0
10721,10722,1.0
10723,10724,1.0
10725,10726,1.0
10728,28950,1.0
10728,35950,1.0
10728,31136,1.0
10729,10730,1.0
10729,11802,1.0
10729,34142,1.0
10731,10732,1.0
10731,16884,1.0
10731,11105,1.0
10733,22049,1.0
10733,23206,1.0
10734,16972,1.0
10737,11658,1.0
10737,17123,1.0
10738,10739,1.0
10741,15210,1.0
10745,21790,1.0
10746,15049,1.0
10747,19266,1.0
10749,13901,1.0
10749,16157,1.0
10750,12661,1.0
10750,12470,1.0
10751,11585,1.0
10752,23194,1.0
10752,26733,1.0
10753,21459,1.0
10753,22454,1.0
10755,10756,1.0
10757,10758,1.0
10757,10759,1.0
10757,13635,1.0
10757,13637,1.0
10757,26712,1.0
10757,28935,1.0
10757,32873,1.0
10757,33620,1.0
10760,17772,1.0
10762,27403,1.0
10762,12636,1.0
10763,15357,1.0
10763,16827,1.0
10767,10819,1.0
10767,16318,1.0
10767,16213,1.0
10768,15638,1.0
10769,28567,1.0
10769,14644,1.0
10770,14381,1.0
10772,16378,1.0
10773,11109,1.0
10773,32254,1.0
10773,35136,1.0
10774,18203,1.0
10777,16696,1.0
10777,11082,1.0
10777,36041,1.0
10778,23502,1.0
10778,20505,1.0
10780,17372,1.0
10781,11931,1.0
10781,11237,1.0
10782,23011,1.0
10782,18758,1.0
10783,10784,1.0
10783,16532,1.0
10783,13620,1.0
10784,16523,1.0
10784,33151,1.0
10785,14414,1.0
10785,14769,1.0
10786,12102,1.0
10786,22243,1.0
10787,35995,1.0
10790,27939,1.0
10791,14157,1.0
10791,29012,1.0
10791,19955,1.0
10792,21732,1.0
10793,12863,1.0
10794,11626,1.0
10795,11811,1.0
10795,30082,1.0
10796,35978,1.0
10797,22643,1.0
10798,12524,1.0
10798,24205,1.0
10799,14979,1.0
10799,32647,1.0
10800,19096,1.0
10800,24572,1.0
10800,22235,1.0
10800,19907,1.0
10802,12011,1.0
10802,11751,1.0
10802,32688,1.0
10803,11501,1.0
10803,24661,1.0
10804,17600,1.0
10804,14445,1.0
10805,27309,1.0
10806,14978,1.0
10808,15145,1.0
10809,35580,1.0
10812,10813,1.0
10812,11560,1.0
10813,12928,1.0
10815,13490,1.0
10817,14797,1.0
10820,27740,1.0
10820,11650,1.0
10821,15900,1.0
10821,20343,1.0
10824,13304,1.0
10824,19868,1.0
10826,16656,1.0
10827,10828,1.0
10827,16749,1.0
10828,12492,1.0
10828,17794,1.0
10829,15992,1.0
10829,11809,1.0
10831,11849,1.0
10831,31301,1.0
10832,31746,1.0
10833,10987,1.0
10833,13328,1.0
10833,34124,1.0
10834,13407,1.0
10834,14169,1.0
10834,25826,1.0
10835,29404,1.0
10838,36592,1.0
10838,26601,1.0
10838,32246,1.0
10840,23393,1.0
10841,11434,1.0
10841,27831,1.0
10842,37476,1.0
10843,31277,1.0
10844,11072,1.0
10844,18123,1.0
10844,18847,1.0
10847,14116,1.0
10848,26152,1.0
10848,11585,1.0
10850,17211,1.0
10852,14315,1.0
10852,18616,1.0
10853,34197,1.0
10854,26623,1.0
10854,24855,1.0
10855,22270,1.0
10859,20184,1.0
10859,27835,1.0
10860,10861,1.0
10860,11563,1.0
10861,11232,1.0
10861,36863,1.0
10864,28658,1.0
10864,31195,1.0
10865,37524,1.0
10869,17530,1.0
10871,15512,1.0
10871,22886,1.0
10872,11187,1.0
10877,10878,1.0
10877,26917,1.0
10879,30186,1.0
10880,11343,1.0
10881,20107,1.0
10881,15931,1.0
10882,14197,1.0
10883,20822,1.0
10883,29210,1.0
10884,25464,1.0
10884,23927,1.0
10884,28981,1.0
10884,10885,1.0
10888,11386,1.0
10893,25550,1.0
10894,10895,1.0
10894,30286,1.0
10897,26991,1.0
10897,14051,1.0
10898,14538,1.0
10898,11054,1.0
10899,17606,1.0
10901,10902,1.0
10902,10903,1.0
10902,18778,1.0
10902,19124,1.0
10902,19461,1.0
10902,30190,1.0
10902,19106,1.0
10902,32590,1.0
10902,34229,1.0
10902,15151,1.0
10903,10904,1.0
10903,22528,1.0
10903,28096,1.0
10903,29267,1.0
10903,15492,1.0
10907,19267,1.0
10908,17652,1.0
10909,14903,1.0
10909,22818,1.0
10910,10911,1.0
10912,10913,1.0
10913,10914,1.0
10913,22486,1.0
10913,13804,1.0
10913,36087,1.0
10914,10915,1.0
10914,22487,1.0
10914,13804,1.0
10914,25469,1.0
10916,17160,1.0
10919,25655,1.0
10921,36520,1.0
10921,36666,1.0
10921,36996,1.0
10923,12725,1.0
10923,12164,1.0
10924,10925,1.0
10924,20159,1.0
10924,24410,1.0
10924,35748,1.0
10925,26083,1.0
10925,32996,1.0
10925,35487,1.0
10928,37318,1.0
10930,12433,1.0
10930,27759,1.0
10931,13045,1.0
10933,10934,1.0
10933,14236,1.0
10933,24179,1.0
10935,13188,1.0
10936,13321,1.0
10939,13716,1.0
10939,17047,1.0
10940,12078,1.0
10940,27606,1.0
10941,15840,1.0
10941,13748,1.0
10941,14624,1.0
10942,10943,1.0
10942,19567,1.0
10943,18740,1.0
10944,17864,1.0
10945,14951,1.0
10945,14604,1.0
10946,16601,1.0
10946,17907,1.0
10946,12197,1.0
10947,10948,1.0
10947,25069,1.0
10947,17239,1.0
10947,34276,1.0
10950,17732,1.0
10952,11225,1.0
10952,20694,1.0
10953,10954,1.0
10956,10957,1.0
10958,25745,1.0
10959,25105,1.0
10959,22792,1.0
10960,28066,1.0
10960,32166,1.0
10960,32795,1.0
10961,11364,1.0
10961,23500,1.0
10962,16508,1.0
10962,17811,1.0
10963,30357,1.0
10964,28766,1.0
10965,10966,1.0
10965,15247,1.0
10965,11821,1.0
10967,29196,1.0
10968,10969,1.0
10969,19378,1.0
10970,16295,1.0
10974,15863,1.0
10975,10976,1.0
10976,35818,1.0
10978,15924,1.0
10978,23043,1.0
10980,14689,1.0
10982,22427,1.0
10983,10984,1.0
10986,31416,1.0
10986,35497,1.0
10987,14239,1.0
10990,13655,1.0
10990,22519,1.0
10991,13755,1.0
10992,11742,1.0
10993,15450,1.0
10994,17734,1.0
10994,12511,1.0
10994,12461,1.0
10996,14561,1.0
10997,25499,1.0
10998,11553,1.0
10998,14254,1.0
10999,14207,1.0
10999,31034,1.0
11000,24206,1.0
11000,25305,1.0
11000,17981,1.0
11001,18544,1.0
11002,16359,1.0
11003,14366,1.0
11003,29991,1.0
11003,32182,1.0
11005,11147,1.0
11006,12556,1.0
11008,15944,1.0
11009,14061,1.0
11010,12131,1.0
11011,12056,1.0
11012,27139,1.0
11014,11177,1.0
11016,16204,1.0
11018,14897,1.0
11019,18169,1.0
11019,14320,1.0
11019,27616,1.0
11021,11022,1.0
11023,11024,1.0
11026,12344,1.0
11026,19558,1.0
11027,11035,1.0
11028,11029,1.0
11028,25246,1.0
11028,32403,1.0
11029,25247,1.0
11029,34104,1.0
11030,14718,1.0
11032,14609,1.0
11032,27078,1.0
11033,36378,1.0
11033,37505,1.0
11034,36507,1.0
11036,11774,1.0
11037,13108,1.0
11039,15262,1.0
11039,31267,1.0
11041,11042,1.0
11043,12839,1.0
11044,20222,1.0
11044,20479,1.0
11044,15810,1.0
11045,11091,1.0
11046,24215,1.0
11049,14415,1.0
11049,12608,1.0
11050,18780,1.0
11051,15343,1.0
11052,17688,1.0
11052,31049,1.0
11054,17833,1.0
11054,18677,1.0
11056,16613,1.0
11056,21222,1.0
11059,11060,1.0
11060,16383,1.0
11061,18391,1.0
11062,30614,1.0
11063,11700,1.0
11063,36664,1.0
11064,11102,1.0
11065,17763,1.0
11066,22579,1.0
11067,13945,1.0
11067,20995,1.0
11068,36889,1.0
11068,32626,1.0
11071,37593,1.0
11072,17034,1.0
11076,26574,1.0
11078,22226,1.0
11083,33543,1.0
11083,27354,1.0
11083,13011,1.0
11084,11368,1.0
11085,25009,1.0
11089,11547,1.0
11089,11175,1.0
11090,12034,1.0
11091,12390,1.0
11091,30789,1.0
11093,35143,1.0
11093,30023,1.0
11094,11095,1.0
11095,11096,1.0
11095,27481,1.0
11095,13599,1.0
11095,28264,1.0
11097,18473,1.0
11097,17037,1.0
11097,16412,1.0
11098,11874,1.0
11099,17652,1.0
11101,19139,1.0
11101,15556,1.0
11104,21364,1.0
11105,35766,1.0
11106,30171,1.0
11106,32814,1.0
11107,11108,1.0
11109,36990,1.0
11109,33753,1.0
11110,17286,1.0
11111,24290,1.0
11112,17323,1.0
11113,11404,1.0
11117,26155,1.0
11120,11121,1.0
11122,18326,1.0
11123,13343,1.0
11125,15795,1.0
11125,20516,1.0
11126,27548,1.0
11126,14831,1.0
11127,16410,1.0
11128,20328,1.0
11128,24339,1.0
11128,18933,1.0
11130,11131,1.0
11130,15105,1.0
11130,23516,1.0
11130,18435,1.0
11133,26857,1.0
11134,11135,1.0
11136,15021,1.0
11136,24733,1.0
11138,13818,1.0
11138,11348,1.0
11142,26240,1.0
11143,12763,1.0
11143,11431,1.0
11146,16665,1.0
11146,35561,1.0
11148,15347,1.0
11148,17779,1.0
11149,15964,1.0
11149,19538,1.0
11150,26518,1.0
11150,28268,1.0
11151,11392,1.0
11152,11706,1.0
11152,26138,1.0
11153,11154,1.0
11153,21154,1.0
11153,13670,1.0
11153,35218,1.0
11156,20086,1.0
11156,14887,1.0
11157,22901,1.0
11159,15445,1.0
11162,12128,1.0
11162,36676,1.0
11163,11164,1.0
11165,11166,1.0
11165,15337,1.0
11168,37643,1.0
11168,25361,1.0
11168,35583,1.0
11171,24855,1.0
11171,29712,1.0
11173,11696,1.0
11173,11526,1.0
11178,19432,1.0
11180,25662,1.0
11181,34160,1.0
11181,28226,1.0
11181,13547,1.0
11182,27046,1.0
11183,11308,1.0
11183,19389,1.0
11183,12154,1.0
11185,28202,1.0
11185,13751,1.0
11185,32426,1.0
11187,13148,1.0
11187,13451,1.0
11188,23756,1.0
11192,16505,1.0
11193,13118,1.0
11193,36321,1.0
11195,18492,1.0
11196,25562,1.0
11196,28014,1.0
11198,11498,1.0
11198,17534,1.0
11199,11200,1.0
11201,26531,1.0
11204,12123,1.0
11205,11206,1.0
11207,18991,1.0
11208,25688,1.0
11209,14290,1.0
11209,36318,1.0
11213,15239,1.0
11213,11522,1.0
11214,15296,1.0
11214,11856,1.0
11216,16022,1.0
11216,15566,1.0
11216,13702,1.0
11216,12852,1.0
11217,16032,1.0
11217,19621,1.0
11218,12299,1.0
11218,23325,1.0
11219,25617,1.0
11221,23980,1.0
11223,11224,1.0
11223,36720,1.0
11225,12689,1.0
11225,14194,1.0
11227,24519,1.0
11227,37183,1.0
11228,28248,1.0
11231,13541,1.0
11232,18106,1.0
11232,14590,1.0
11233,25939,1.0
11234,15263,1.0
11236,31403,1.0
11237,24874,1.0
11238,22256,1.0
11239,11240,1.0
11239,21791,1.0
11239,25119,1.0
11240,11241,1.0
11240,13263,1.0
11240,25119,1.0
11240,25120,1.0
11240,26763,1.0
11240,26764,1.0
11240,21791,1.0
11240,33270,1.0
11240,26029,1.0
11242,11324,1.0
11242,37120,1.0
11245,11246,1.0
11245,33039,1.0
11246,12338,1.0
11248,21272,1.0
11248,14067,1.0
11251,24180,1.0
11252,14896,1.0
11252,16534,1.0
11253,16730,1.0
11254,11255,1.0
11256,11257,1.0
11257,13521,1.0
11259,14403,1.0
11259,21633,1.0
11261,17687,1.0
11262,13375,1.0
11262,16326,1.0
11263,32746,1.0
11264,14269,1.0
11264,15864,1.0
11268,22618,1.0
11269,11270,1.0
11269,16402,1.0
11269,25352,1.0
11271,15237,1.0
11272,20461,1.0
11273,19166,1.0
11274,29954,1.0
11275,33291,1.0
11276,24657,1.0
11276,27789,1.0
11277,11397,1.0
11277,12079,1.0
11278,13751,1.0
11280,11281,1.0
11280,13073,1.0
11281,15660,1.0
11281,29873,1.0
11282,12297,1.0
11283,13971,1.0
11286,11287,1.0
11288,14503,1.0
11289,20323,1.0
11289,23542,1.0
11289,22182,1.0
11290,15828,1.0
11290,20858,1.0
11290,19777,1.0
11291,14842,1.0
11291,14969,1.0
11292,26769,1.0
11293,31646,1.0
11293,33475,1.0
11294,31456,1.0
11295,13471,1.0
11297,21581,1.0
11297,12775,1.0
11299,23298,1.0
11301,25471,1.0
11303,17328,1.0
11303,13893,1.0
11304,20771,1.0
11305,15366,1.0
11305,20453,1.0
11306,17935,1.0
11306,20629,1.0
11308,13388,1.0
11309,29996,1.0
11310,28166,1.0
11311,14459,1.0
11313,23683,1.0
11313,13592,1.0
11314,14780,1.0
11314,12626,1.0
11316,11317,1.0
11316,30602,1.0
11318,11319,1.0
11319,11320,1.0
11319,19995,1.0
11321,19516,1.0
11323,33989,1.0
11324,13554,1.0
11329,13014,1.0
11329,21939,1.0
11329,13616,1.0
11333,18196,1.0
11336,16040,1.0
11336,17958,1.0
11337,19115,1.0
11337,16542,1.0
11337,34277,1.0
11339,19928,1.0
11340,21360,1.0
11341,13791,1.0
11341,32296,1.0
11344,26785,1.0
11345,16779,1.0
11346,11944,1.0
11346,19076,1.0
11347,14326,1.0
11347,15756,1.0
11347,14360,1.0
11348,11349,1.0
11348,20897,1.0
11349,14096,1.0
11349,16554,1.0
11351,23555,1.0
11351,24366,1.0
11353,11354,1.0
11355,31367,1.0
11356,12392,1.0
11356,26370,1.0
11356,25767,1.0
11358,26325,1.0
11360,17176,1.0
11361,22385,1.0
11361,12177,1.0
11366,23219,1.0
11367,13126,1.0
11367,16849,1.0
11367,25015,1.0
11368,13226,1.0
11369,29516,1.0
11370,25084,1.0
11370,17191,1.0
11370,21795,1.0
11370,32332,1.0
11374,11375,1.0
11374,23695,1.0
11376,15379,1.0
11376,21860,1.0
11378,11665,1.0
11380,29221,1.0
11381,16344,1.0
11381,19151,1.0
11381,22437,1.0
11382,11568,1.0
11382,18287,1.0
11382,17517,1.0
11384,23182,1.0
11385,16549,1.0
11387,15790,1.0
11389,18355,1.0
11389,30885,1.0
11390,37145,1.0
11390,14125,1.0
11392,14968,1.0
11394,29026,1.0
11394,22314,1.0
11394,34459,1.0
11396,15019,1.0
11397,12747,1.0
11398,15202,1.0
11400,18147,1.0
11400,12940,1.0
11401,17676,1.0
11401,32856,1.0
11402,11403,1.0
11404,18306,1.0
11407,15722,1.0
11408,12914,1.0
11408,13738,1.0
11409,15113,1.0
11409,15604,1.0
11412,31532,1.0
11415,21159,1.0
11416,12800,1.0
11416,18899,1.0
11417,22070,1.0
11417,24652,1.0
11417,20105,1.0
11418,25736,1.0
11419,24143,1.0
11419,30277,1.0
11419,24350,1.0
11420,19981,1.0
11420,18234,1.0
11420,20800,1.0
11421,11422,1.0
11421,30821,1.0
11422,36958,1.0
11423,29981,1.0
11424,13969,1.0
11424,37091,1.0
11425,17002,1.0
11426,26872,1.0
11427,14374,1.0
11428,11429,1.0
11430,17498,1.0
11432,25440,1.0
11437,16259,1.0
11437,20298,1.0
11437,17713,1.0
11437,19068,1.0
11438,11480,1.0
11438,11963,1.0
11440,15537,1.0
11441,11442,1.0
11441,11443,1.0
11441,35208,1.0
11441,36616,1.0
11442,13932,1.0
11442,13933,1.0
11442,13250,1.0
11442,13506,1.0
11442,28364,1.0
11444,11445,1.0
11447,23225,1.0
11447,22056,1.0
11448,14933,1.0
11448,30223,1.0
11450,14344,1.0
11451,18145,1.0
11452,11453,1.0
11453,24904,1.0
11453,16000,1.0
11454,21584,1.0
11455,11922,1.0
11455,14445,1.0
11455,12723,1.0
11457,30072,1.0
11458,23552,1.0
11459,11460,1.0
11461,11462,1.0
11461,13958,1.0
11461,23591,1.0
11462,26642,1.0
11466,27199,1.0
11466,32817,1.0
11466,23612,1.0
11466,29325,1.0
11468,11469,1.0
11470,11471,1.0
11472,17996,1.0
11472,22977,1.0
11474,19901,1.0
11475,19495,1.0
11475,13083,1.0
11475,17807,1.0
11477,14764,1.0
11477,19553,1.0
11477,15440,1.0
11479,21569,1.0
11480,11942,1.0
11480,11661,1.0
11481,15081,1.0
11481,22555,1.0
11481,34724,1.0
11482,13296,1.0
11483,17003,1.0
11483,17649,1.0
11485,13029,1.0
11485,19896,1.0
11486,12967,1.0
11487,11488,1.0
11488,29664,1.0
11488,19086,1.0
11489,11490,1.0
11491,11591,1.0
11491,16940,1.0
11492,15514,1.0
11492,12547,1.0
11492,15814,1.0
11494,16075,1.0
11495,14240,1.0
11495,23722,1.0
11497,11498,1.0
11497,14343,1.0
11498,34716,1.0
11500,29272,1.0
11500,31183,1.0
11502,20339,1.0
11502,21106,1.0
11503,17628,1.0
11504,11884,1.0
11505,11506,1.0
11508,16707,1.0
11509,11510,1.0
11511,11512,1.0
11513,11514,1.0
11515,25925,1.0
11516,18274,1.0
11517,15871,1.0
11518,11519,1.0
11520,11521,1.0
11524,28010,1.0
11524,16507,1.0
11524,26506,1.0
11525,15945,1.0
11529,35754,1.0
11530,25971,1.0
11530,19438,1.0
11530,17868,1.0
11533,11534,1.0
11534,17365,1.0
11534,20924,1.0
11534,23356,1.0
11535,17419,1.0
11535,26444,1.0
11537,11546,1.0
11538,25387,1.0
11539,11540,1.0
11541,33598,1.0
11541,32859,1.0
11541,29369,1.0
11541,31216,1.0
11542,13929,1.0
11544,16836,1.0
11546,16559,1.0
11548,16093,1.0
11549,16392,1.0
11549,18691,1.0
11550,12065,1.0
11550,19072,1.0
11551,13920,1.0
11553,14286,1.0
11556,24675,1.0
11557,21210,1.0
11557,19284,1.0
11559,11560,1.0
11560,31244,1.0
11561,12665,1.0
11563,16309,1.0
11566,11567,1.0
11568,17915,1.0
11568,18555,1.0
11569,11570,1.0
11569,26597,1.0
11570,25759,1.0
11571,27714,1.0
11573,23907,1.0
11574,11575,1.0
11576,16889,1.0
11576,21750,1.0
11576,20957,1.0
11577,11919,1.0
11578,19115,1.0
11579,11580,1.0
11579,12099,1.0
11579,12974,1.0
11579,33102,1.0
11579,15204,1.0
11579,14421,1.0
11581,12313,1.0
11582,36097,1.0
11584,16979,1.0
11584,12071,1.0
11585,25660,1.0
11586,26649,1.0
11586,28051,1.0
11586,14260,1.0
11588,11589,1.0
11589,36646,1.0
11590,16882,1.0
11590,34759,1.0
11591,23683,1.0
11592,11593,1.0
11592,15938,1.0
11595,17288,1.0
11596,22591,1.0
11596,35521,1.0
11597,26080,1.0
11597,36968,1.0
11598,11849,1.0
11599,17212,1.0
11599,17442,1.0
11601,16997,1.0
11601,15616,1.0
11602,21426,1.0
11602,18411,1.0
11602,37660,1.0
11603,13393,1.0
11604,32321,1.0
11604,14442,1.0
11605,12790,1.0
11607,13186,1.0
11608,14681,1.0
11609,20046,1.0
11610,13938,1.0
11610,19153,1.0
11611,15553,1.0
11612,21708,1.0
11612,20132,1.0
11612,13558,1.0
11613,15558,1.0
11614,20954,1.0
11614,16784,1.0
11615,11616,1.0
11617,20248,1.0
11617,15416,1.0
11617,16428,1.0
11618,32871,1.0
11618,18860,1.0
11619,13856,1.0
11619,12452,1.0
11619,18409,1.0
11619,15233,1.0
11621,11622,1.0
11621,25202,1.0
11621,12150,1.0
11623,13895,1.0
11625,30126,1.0
11626,18122,1.0
11628,15859,1.0
11628,24982,1.0
11629,24381,1.0
11629,19624,1.0
11633,15057,1.0
11634,11635,1.0
11637,12821,1.0
11638,31648,1.0
11638,28753,1.0
11639,14627,1.0
11640,20156,1.0
11641,23200,1.0
11642,13939,1.0
11644,14839,1.0
11645,16841,1.0
11645,13024,1.0
11649,14367,1.0
11649,36773,1.0
11649,36677,1.0
11650,11651,1.0
11650,26440,1.0
11651,19336,1.0
11651,37159,1.0
11652,33935,1.0
11652,18938,1.0
11653,21099,1.0
11653,20368,1.0
11654,29773,1.0
11654,14029,1.0
11654,31887,1.0
11657,18845,1.0
11659,15821,1.0
11660,13543,1.0
11660,27213,1.0
11662,11853,1.0
11662,32000,1.0
11663,11714,1.0
11668,25146,1.0
11668,35762,1.0
11670,17667,1.0
11671,31765,1.0
11672,18064,1.0
11672,32213,1.0
11673,31711,1.0
11673,29292,1.0
11675,18602,1.0
11678,21403,1.0
11678,15161,1.0
11678,24004,1.0
11681,18115,1.0
11682,11830,1.0
11683,16410,1.0
11685,17159,1.0
11686,21526,1.0
11686,14362,1.0
11686,16729,1.0
11687,37522,1.0
11687,32933,1.0
11687,16091,1.0
11688,27498,1.0
11689,24564,1.0
11689,12818,1.0
11689,17551,1.0
11690,17890,1.0
11690,18610,1.0
11692,11693,1.0
11693,17717,1.0
11694,15238,1.0
11694,14439,1.0
11694,35090,1.0
11696,20404,1.0
11697,15669,1.0
11698,14469,1.0
11699,12885,1.0
11699,28310,1.0
11700,13820,1.0
11700,26254,1.0
11701,11702,1.0
11701,14758,1.0
11703,18866,1.0
11703,23794,1.0
11705,36575,1.0
11706,15569,1.0
11706,25184,1.0
11707,11779,1.0
11707,17126,1.0
11710,16705,1.0
11711,11712,1.0
11715,16341,1.0
11717,18493,1.0
11718,11843,1.0
11719,11720,1.0
11721,11722,1.0
11722,24560,1.0
11722,21944,1.0
11723,16099,1.0
11723,12486,1.0
11723,12960,1.0
11725,18563,1.0
11725,24083,1.0
11726,11727,1.0
11726,31987,1.0
11728,22463,1.0
11728,33186,1.0
11729,29038,1.0
11730,12154,1.0
11730,18615,1.0
11731,28470,1.0
11731,36088,1.0
11732,37518,1.0
11733,12205,1.0
11735,11736,1.0
11737,11738,1.0
11739,14023,1.0
11739,15374,1.0
11739,19992,1.0
11740,20631,1.0
11740,21751,1.0
11740,29302,1.0
11740,29798,1.0
11741,22523,1.0
11741,17768,1.0
11743,11744,1.0
11743,12241,1.0
11745,25429,1.0
11746,37468,1.0
11746,26213,1.0
11747,24489,1.0
11747,31049,1.0
11748,11855,1.0
11748,14429,1.0
11752,14604,1.0
11752,15561,1.0
11752,28309,1.0
11754,13276,1.0
11754,36350,1.0
11755,21110,1.0
11755,14631,1.0
11757,11758,1.0
11757,15063,1.0
11758,14681,1.0
11759,16087,1.0
11759,14137,1.0
11761,11815,1.0
11761,31272,1.0
11762,11763,1.0
11763,11764,1.0
11763,20603,1.0
11763,22476,1.0
11764,11765,1.0
11764,22477,1.0
11764,26428,1.0
11764,15588,1.0
11767,16829,1.0
11767,17714,1.0
11770,11888,1.0
11771,19182,1.0
11771,19655,1.0
11773,27147,1.0
11773,27292,1.0
11773,31783,1.0
11774,19138,1.0
11774,18371,1.0
11777,22167,1.0
11779,21256,1.0
11780,32575,1.0
11780,27202,1.0
11780,24783,1.0
11782,18272,1.0
11782,14763,1.0
11783,16391,1.0
11784,25289,1.0
11785,13443,1.0
11785,22562,1.0
11786,20190,1.0
11787,12814,1.0
11787,12596,1.0
11787,25275,1.0
11789,12870,1.0
11790,13504,1.0
11790,21104,1.0
11791,19992,1.0
11791,20363,1.0
11791,26707,1.0
11792,11793,1.0
11792,32141,1.0
11792,32306,1.0
11792,27383,1.0
11792,17398,1.0
11794,19536,1.0
11795,16516,1.0
11795,12440,1.0
11796,28190,1.0
11796,17143,1.0
11796,26382,1.0
11797,15056,1.0
11797,15364,1.0
11797,12532,1.0
11798,25259,1.0
11800,11801,1.0
11800,14554,1.0
11800,19264,1.0
11804,14720,1.0
11804,33334,1.0
11805,35202,1.0
11806,13892,1.0
11806,12198,1.0
11807,17082,1.0
11807,20174,1.0
11808,14174,1.0
11808,16618,1.0
11808,19550,1.0
11809,18591,1.0
11812,11813,1.0
11812,19622,1.0
11814,21063,1.0
11814,25530,1.0
11815,24479,1.0
11816,17293,1.0
11816,16798,1.0
11816,22221,1.0
11817,13721,1.0
11818,17939,1.0
11818,13927,1.0
11819,11820,1.0
11819,13053,1.0
11821,20120,1.0
11822,13750,1.0
11823,28079,1.0
11824,12511,1.0
11825,18189,1.0
11826,13277,1.0
11826,12073,1.0
11827,13216,1.0
11832,18152,1.0
11833,16613,1.0
11833,24012,1.0
11834,35616,1.0
11835,14564,1.0
11835,31542,1.0
11836,12880,1.0
11837,12637,1.0
11838,12641,1.0
11839,21121,1.0
11841,12834,1.0
11843,12708,1.0
11843,15004,1.0
11846,34004,1.0
11846,32907,1.0
11847,16587,1.0
11848,24064,1.0
11849,26575,1.0
11850,30574,1.0
11850,13835,1.0
11851,12509,1.0
11851,37002,1.0
11852,14718,1.0
11853,11854,1.0
11857,22048,1.0
11858,16325,1.0
11859,12266,1.0
11859,19054,1.0
11859,19727,1.0
11860,16211,1.0
11861,14793,1.0
11861,16253,1.0
11861,20423,1.0
11862,18146,1.0
11862,15021,1.0
11862,20744,1.0
11862,26547,1.0
11863,18252,1.0
11865,14627,1.0
11865,34260,1.0
11869,19322,1.0
11870,28288,1.0
11871,17336,1.0
11871,23199,1.0
11872,11873,1.0
11874,36799,1.0
11875,16830,1.0
11876,13375,1.0
11876,20900,1.0
11876,15515,1.0
11877,18493,1.0
11877,11983,1.0
11880,13134,1.0
11881,37609,1.0
11882,11883,1.0
11885,23767,1.0
11885,12640,1.0
11885,23950,1.0
11886,16850,1.0
11887,14113,1.0
11887,12701,1.0
11887,18854,1.0
11891,20144,1.0
11892,11893,1.0
11892,14969,1.0
11892,13685,1.0
11894,11895,1.0
11897,31671,1.0
11898,14847,1.0
11899,12225,1.0
11900,11901,1.0
11900,23672,1.0
11900,25216,1.0
11900,28463,1.0
11900,12594,1.0
11900,20079,1.0
11900,11902,1.0
11900,23673,1.0
11903,14772,1.0
11903,23154,1.0
11903,27912,1.0
11906,23999,1.0
11906,23314,1.0
11906,19176,1.0
11907,22138,1.0
11907,23716,1.0
11907,31586,1.0
11909,11910,1.0
11912,12963,1.0
11912,34870,1.0
11914,36906,1.0
11914,24893,1.0
11916,13874,1.0
11916,17966,1.0
11919,29090,1.0
11921,14526,1.0
11923,31775,1.0
11924,17470,1.0
11924,20166,1.0
11925,34687,1.0
11927,13902,1.0
11928,11929,1.0
11928,17648,1.0
11928,12402,1.0
11928,31660,1.0
11930,20490,1.0
11930,32086,1.0
11932,13678,1.0
11934,23593,1.0
11934,26343,1.0
11935,25868,1.0
11935,12749,1.0
11935,20590,1.0
11938,11939,1.0
11941,21748,1.0
11941,17658,1.0
11942,11943,1.0
11942,22630,1.0
11943,27042,1.0
11944,27705,1.0
11945,17427,1.0
11946,11947,1.0
11946,31441,1.0
11946,31756,1.0
11947,33350,1.0
11947,36012,1.0
11950,21297,1.0
11952,11953,1.0
11952,24993,1.0
11952,16589,1.0
11954,17748,1.0
11955,34649,1.0
11955,18944,1.0
11955,34358,1.0
11956,12433,1.0
11957,24275,1.0
11957,14216,1.0
11957,17517,1.0
11957,16567,1.0
11958,23865,1.0
11958,25556,1.0
11959,20190,1.0
11959,29033,1.0
11959,32847,1.0
11960,12903,1.0
11960,12499,1.0
11960,14339,1.0
11962,15620,1.0
11963,18593,1.0
11963,32429,1.0
11964,32224,1.0
11966,19411,1.0
11966,32430,1.0
11969,29651,1.0
11974,18297,1.0
11974,14155,1.0
11974,20625,1.0
11975,22888,1.0
11975,15096,1.0
11976,11977,1.0
11978,13765,1.0
11978,13066,1.0
11978,12161,1.0
11979,29039,1.0
11981,27361,1.0
11982,31911,1.0
11983,20007,1.0
11984,14181,1.0
11984,12642,1.0
11984,26992,1.0
11985,19556,1.0
11985,20742,1.0
11986,17822,1.0
11986,19958,1.0
11986,14308,1.0
11987,16989,1.0
11987,15933,1.0
11988,15337,1.0
11988,37235,1.0
11989,11990,1.0
11990,26589,1.0
11992,17726,1.0
11994,15038,1.0
11995,11996,1.0
11995,23647,1.0
11995,28280,1.0
11996,26734,1.0
11997,15504,1.0
11997,23550,1.0
11997,37298,1.0
11999,12000,1.0
12001,25211,1.0
12002,14006,1.0
12003,12689,1.0
12003,19200,1.0
12003,17076,1.0
12007,13284,1.0
12009,13545,1.0
12011,35113,1.0
12013,22207,1.0
12013,17685,1.0
12014,18683,1.0
12015,18697,1.0
12015,17108,1.0
12018,37622,1.0
12019,16619,1.0
12020,15869,1.0
12020,15728,1.0
12023,16998,1.0
12024,24721,1.0
12025,21608,1.0
12026,12376,1.0
12026,17269,1.0
12026,24128,1.0
12027,12028,1.0
12027,34267,1.0
12029,24930,1.0
12030,14639,1.0
12030,35446,1.0
12033,17140,1.0
12033,33469,1.0
12033,30648,1.0
12034,15962,1.0
12035,12036,1.0
12036,12037,1.0
12036,23844,1.0
12036,23845,1.0
12036,26512,1.0
12036,23961,1.0
12036,28007,1.0
12036,28326,1.0
12037,12038,1.0
12037,18278,1.0
12037,22527,1.0
12037,25072,1.0
12040,15801,1.0
12040,37178,1.0
12041,25645,1.0
12041,12256,1.0
12042,12945,1.0
12042,23417,1.0
12042,30519,1.0
12043,24970,1.0
12043,30745,1.0
12045,23813,1.0
12046,12645,1.0
12046,15634,1.0
12048,12049,1.0
12050,25407,1.0
12052,17243,1.0
12053,19079,1.0
12056,17936,1.0
12056,17087,1.0
12057,12058,1.0
12058,12059,1.0
12058,28430,1.0
12058,34586,1.0
12059,21195,1.0
12059,22920,1.0
12059,34587,1.0
12059,36154,1.0
12061,15566,1.0
12063,21202,1.0
12063,13072,1.0
12063,24728,1.0
12064,14959,1.0
12066,12526,1.0
12067,18391,1.0
12067,28270,1.0
12068,24163,1.0
12070,19253,1.0
12070,30250,1.0
12072,12073,1.0
12072,14780,1.0
12073,19822,1.0
12074,12075,1.0
12077,13035,1.0
12077,20534,1.0
12078,18719,1.0
12081,26465,1.0
12082,14354,1.0
12082,13997,1.0
12084,19817,1.0
12084,14818,1.0
12086,25822,1.0
12087,34288,1.0
12087,36626,1.0
12088,16689,1.0
12088,34543,1.0
12089,21324,1.0
12089,28120,1.0
12091,25592,1.0
12091,25751,1.0
12092,12240,1.0
12093,19830,1.0
12094,13076,1.0
12095,14030,1.0
12096,12097,1.0
12096,35590,1.0
12096,28203,1.0
12096,29806,1.0
12096,26133,1.0
12098,12934,1.0
12098,29549,1.0
12099,12100,1.0
12099,12974,1.0
12099,25896,1.0
12099,30128,1.0
12099,15851,1.0
12101,12102,1.0
12102,12175,1.0
12102,23320,1.0
12105,20133,1.0
12105,17444,1.0
12105,22188,1.0
12107,21991,1.0
12108,13403,1.0
12108,27618,1.0
12109,16875,1.0
12109,26405,1.0
12110,23522,1.0
12110,25299,1.0
12110,33613,1.0
12110,22731,1.0
12111,23154,1.0
12113,19246,1.0
12113,31998,1.0
12114,12115,1.0
12117,30780,1.0
12118,24836,1.0
12118,16224,1.0
12118,22035,1.0
12119,19454,1.0
12119,20901,1.0
12120,14383,1.0
12121,12122,1.0
12122,29305,1.0
12123,13732,1.0
12123,24102,1.0
12124,23756,1.0
12125,33374,1.0
12126,28462,1.0
12129,15196,1.0
12129,14895,1.0
12131,14514,1.0
12131,36209,1.0
12132,27224,1.0
12133,12134,1.0
12133,35558,1.0
12136,13878,1.0
12137,33161,1.0
12137,32893,1.0
12137,33909,1.0
12138,18667,1.0
12139,19569,1.0
12139,23482,1.0
12140,26465,1.0
12140,33639,1.0
12142,14249,1.0
12142,19111,1.0
12143,23407,1.0
12144,18237,1.0
12144,14330,1.0
12145,13330,1.0
12145,15987,1.0
12146,15405,1.0
12148,12149,1.0
12150,24974,1.0
12150,12448,1.0
12154,20785,1.0
12155,12156,1.0
12157,15030,1.0
12158,19056,1.0
12160,20825,1.0
12163,16314,1.0
12163,19175,1.0
12163,28333,1.0
12164,30319,1.0
12164,27411,1.0
12165,31217,1.0
12166,20198,1.0
12169,16162,1.0
12169,15054,1.0
12169,31203,1.0
12169,30170,1.0
12170,21994,1.0
12171,12278,1.0
12173,12797,1.0
12173,30412,1.0
12174,14820,1.0
12174,12316,1.0
12174,35048,1.0
12175,36479,1.0
12177,14206,1.0
12178,13179,1.0
12179,12180,1.0
12179,13428,1.0
12182,12781,1.0
12182,25516,1.0
12182,21393,1.0
12183,18061,1.0
12184,14121,1.0
12184,27238,1.0
12185,20247,1.0
12187,19559,1.0
12188,16386,1.0
12188,22731,1.0
12189,16566,1.0
12189,22783,1.0
12190,15723,1.0
12190,14841,1.0
12191,12192,1.0
12195,13704,1.0
12195,28242,1.0
12196,12197,1.0
12198,28087,1.0
12199,12200,1.0
12202,16432,1.0
12202,26629,1.0
12202,16694,1.0
12202,18153,1.0
12205,12314,1.0
12206,21421,1.0
12206,18315,1.0
12208,16062,1.0
12209,15162,1.0
12210,22456,1.0
12211,17806,1.0
12211,16082,1.0
12211,19295,1.0
12213,12214,1.0
12213,28706,1.0
12213,22729,1.0
12213,32678,1.0
12214,12215,1.0
12214,18291,1.0
12214,27302,1.0
12216,17356,1.0
12217,32799,1.0
12218,14018,1.0
12218,18348,1.0
12219,32124,1.0
12219,34379,1.0
12219,31603,1.0
12220,12605,1.0
12221,17423,1.0
12224,22229,1.0
12225,18680,1.0
12225,17307,1.0
12226,15650,1.0
12227,12228,1.0
12227,19611,1.0
12229,21181,1.0
12232,20346,1.0
12234,14164,1.0
12234,13539,1.0
12235,15670,1.0
12238,18351,1.0
12238,15433,1.0
12239,12441,1.0
12239,32801,1.0
12240,23211,1.0
12241,12913,1.0
12241,17878,1.0
12243,12244,1.0
12243,12246,1.0
12243,26723,1.0
12243,20448,1.0
12243,19242,1.0
12243,29731,1.0
12244,12245,1.0
12244,30431,1.0
12244,24794,1.0
12245,24794,1.0
12245,34801,1.0
12248,14617,1.0
12249,31947,1.0
12251,16664,1.0
12252,21307,1.0
12255,22314,1.0
12255,17632,1.0
12255,25669,1.0
12256,26837,1.0
12257,33785,1.0
12257,15626,1.0
12258,13413,1.0
12259,25738,1.0
12260,12261,1.0
12261,14137,1.0
12261,22369,1.0
12262,26269,1.0
12263,16056,1.0
12266,15763,1.0
12267,24246,1.0
12268,16901,1.0
12269,26587,1.0
12270,16289,1.0
12270,16806,1.0
12270,26474,1.0
12271,19278,1.0
12272,24071,1.0
12274,14899,1.0
12275,16327,1.0
12275,24607,1.0
12277,14872,1.0
12279,19455,1.0
12281,29983,1.0
12282,31237,1.0
12282,19497,1.0
12282,31661,1.0
12283,12284,1.0
12285,12286,1.0
12287,17633,1.0
12287,16113,1.0
12288,19178,1.0
12289,21823,1.0
12290,24239,1.0
12291,13497,1.0
12293,19907,1.0
12294,17377,1.0
12295,14763,1.0
12298,15527,1.0
12299,12629,1.0
12301,14546,1.0
12301,18432,1.0
12302,25326,1.0
12305,26012,1.0
12306,15460,1.0
12306,33209,1.0
12307,15502,1.0
12307,21050,1.0
12307,35582,1.0
12308,19793,1.0
12308,35551,1.0
12309,27039,1.0
12309,31868,1.0
12309,35408,1.0
12311,16278,1.0
12311,21869,1.0
12311,27433,1.0
12312,16228,1.0
12313,18584,1.0
12313,14347,1.0
12314,14552,1.0
12316,16797,1.0
12317,26478,1.0
12317,21922,1.0
12317,20478,1.0
12319,21448,1.0
12319,19415,1.0
12321,24067,1.0
12321,18671,1.0
12321,17676,1.0
12323,19175,1.0
12323,23853,1.0
12324,12325,1.0
12324,14090,1.0
12326,19794,1.0
12326,13850,1.0
12326,26481,1.0
12326,24392,1.0
12327,17236,1.0
12328,12415,1.0
12330,12331,1.0
12333,32861,1.0
12333,30211,1.0
12334,12335,1.0
12334,20687,1.0
12334,18326,1.0
12336,16109,1.0
12340,12341,1.0
12341,12342,1.0
12341,19706,1.0
12341,31716,1.0
12341,31724,1.0
12341,31725,1.0
12341,36430,1.0
12341,37028,1.0
12342,13900,1.0
12342,30601,1.0
12342,24944,1.0
12342,31523,1.0
12342,31588,1.0
12342,34736,1.0
12342,37030,1.0
12342,35913,1.0
12343,13047,1.0
12343,27236,1.0
12343,24536,1.0
12344,12431,1.0
12344,32451,1.0
12346,16145,1.0
12348,33713,1.0
12349,15933,1.0
12350,21561,1.0
12350,25581,1.0
12350,20663,1.0
12350,32158,1.0
12351,26390,1.0
12351,23622,1.0
12352,12494,1.0
12353,16334,1.0
12354,12355,1.0
12357,13937,1.0
12358,21754,1.0
12359,30800,1.0
12360,26249,1.0
12362,12363,1.0
12362,16210,1.0
12362,30522,1.0
12366,13075,1.0
12366,23378,1.0
12366,23949,1.0
12367,12818,1.0
12368,19217,1.0
12368,13224,1.0
12368,18481,1.0
12370,15683,1.0
12370,15732,1.0
12371,31224,1.0
12371,23484,1.0
12371,24066,1.0
12374,14598,1.0
12375,16567,1.0
12376,20742,1.0
12377,34505,1.0
12377,31526,1.0
12377,18559,1.0
12378,22366,1.0
12378,21353,1.0
12379,15875,1.0
12379,14653,1.0
12379,13779,1.0
12380,12381,1.0
12382,19708,1.0
12383,12384,1.0
12383,28420,1.0
12383,18587,1.0
12385,12386,1.0
12388,12389,1.0
12392,14342,1.0
12392,18935,1.0
12393,22453,1.0
12394,30224,1.0
12395,24159,1.0
12395,17501,1.0
12397,12398,1.0
12397,19873,1.0
12397,32131,1.0
12397,24766,1.0
12397,19161,1.0
12400,28032,1.0
12401,16818,1.0
12402,13278,1.0
12402,13049,1.0
12403,16661,1.0
12404,28889,1.0
12405,14609,1.0
12405,24499,1.0
12406,25629,1.0
12406,12807,1.0
12408,12759,1.0
12410,12411,1.0
12410,23687,1.0
12410,23846,1.0
12410,19784,1.0
12410,30714,1.0
12410,31188,1.0
12410,17992,1.0
12412,30867,1.0
12413,37428,1.0
12413,36450,1.0
12413,28059,1.0
12413,17396,1.0
12416,37552,1.0
12416,37119,1.0
12416,20496,1.0
12417,13088,1.0
12418,30669,1.0
12419,14260,1.0
12419,21373,1.0
12419,22989,1.0
12420,12421,1.0
12421,12422,1.0
12421,25414,1.0
12422,14608,1.0
12422,13793,1.0
12422,20448,1.0
12422,13830,1.0
12422,32921,1.0
12422,31444,1.0
12422,34342,1.0
12422,29918,1.0
12423,13523,1.0
12423,14485,1.0
12423,28347,1.0
12425,12426,1.0
12427,15328,1.0
12431,29888,1.0
12432,23120,1.0
12432,16563,1.0
12433,14312,1.0
12436,14563,1.0
12436,23511,1.0
12437,14875,1.0
12437,20075,1.0
12439,19719,1.0
12440,35247,1.0
12441,12442,1.0
12443,29867,1.0
12443,20016,1.0
12443,37190,1.0
12444,12445,1.0
12444,36665,1.0
12446,27014,1.0
12447,20527,1.0
12448,25894,1.0
12449,15159,1.0
12450,24176,1.0
12450,18559,1.0
12450,37267,1.0
12451,37010,1.0
12452,13433,1.0
12452,36937,1.0
12454,12455,1.0
12456,17663,1.0
12457,14499,1.0
12457,17385,1.0
12458,13330,1.0
12459,16785,1.0
12460,12608,1.0
12461,23512,1.0
12462,15823,1.0
12462,35506,1.0
12463,22958,1.0
12463,18839,1.0
12465,15267,1.0
12466,19946,1.0
12466,19214,1.0
12466,33375,1.0
12467,15414,1.0
12467,19185,1.0
12469,14326,1.0
12469,19064,1.0
12470,13626,1.0
12470,12963,1.0
12470,22171,1.0
12471,12472,1.0
12472,13194,1.0
12472,13986,1.0
12473,19445,1.0
12473,17027,1.0
12473,20738,1.0
12474,14860,1.0
12475,12476,1.0
12476,12477,1.0
12476,25654,1.0
12476,26162,1.0
12476,17383,1.0
12476,32381,1.0
12477,15644,1.0
12477,15645,1.0
12477,27470,1.0
12477,17358,1.0
12477,16647,1.0
12477,23498,1.0
12478,12479,1.0
12479,12480,1.0
12479,18385,1.0
12479,17737,1.0
12481,12617,1.0
12482,33498,1.0
12482,13378,1.0
12483,14889,1.0
12483,16604,1.0
12484,28261,1.0
12485,12486,1.0
12486,17870,1.0
12487,15977,1.0
12487,33967,1.0
12489,35328,1.0
12490,19238,1.0
12493,32917,1.0
12495,16829,1.0
12495,13134,1.0
12497,27798,1.0
12498,19557,1.0
12498,24724,1.0
12499,19093,1.0
12501,12502,1.0
12501,15874,1.0
12502,13513,1.0
12502,31672,1.0
12504,32793,1.0
12504,15692,1.0
12505,13129,1.0
12507,31811,1.0
12508,15223,1.0
12510,26490,1.0
12510,37442,1.0
12512,15681,1.0
12513,12514,1.0
12515,12614,1.0
12517,21924,1.0
12520,12521,1.0
12524,23829,1.0
12524,13390,1.0
12525,17570,1.0
12525,30941,1.0
12526,29989,1.0
12526,22546,1.0
12527,12528,1.0
12528,12529,1.0
12528,28590,1.0
12528,34518,1.0
12529,12530,1.0
12529,18395,1.0
12529,20813,1.0
12529,28449,1.0
12529,28591,1.0
12529,16104,1.0
12531,14424,1.0
12532,15657,1.0
12532,16243,1.0
12538,21422,1.0
12539,15226,1.0
12539,15259,1.0
12539,24951,1.0
12541,24282,1.0
12542,13838,1.0
12543,14668,1.0
12544,13898,1.0
12550,15132,1.0
12550,37402,1.0
12551,16127,1.0
12551,15966,1.0
12551,14140,1.0
12552,12553,1.0
12552,20681,1.0
12552,27795,1.0
12552,33511,1.0
12553,12554,1.0
12553,31284,1.0
12555,15466,1.0
12556,13802,1.0
12556,34995,1.0
12557,12558,1.0
12558,12559,1.0
12558,29042,1.0
12558,34991,1.0
12559,12560,1.0
12559,18428,1.0
12559,29043,1.0
12562,14413,1.0
12563,13372,1.0
12564,18183,1.0
12566,12567,1.0
12569,18931,1.0
12570,23341,1.0
12572,18912,1.0
12573,37500,1.0
12574,17086,1.0
12574,20045,1.0
12574,16148,1.0
12577,13385,1.0
12579,12580,1.0
12579,14761,1.0
12579,17219,1.0
12581,19379,1.0
12581,17882,1.0
12581,15297,1.0
12583,15929,1.0
12585,17684,1.0
12586,31511,1.0
12586,22821,1.0
12587,34925,1.0
12588,15577,1.0
12588,16832,1.0
12588,33196,1.0
12589,17190,1.0
12589,21554,1.0
12590,12591,1.0
12592,12593,1.0
12593,12594,1.0
12593,23922,1.0
12593,27377,1.0
12593,27378,1.0
12594,31561,1.0
12594,33851,1.0
12594,31399,1.0
12595,24487,1.0
12596,29097,1.0
12596,14663,1.0
12597,27997,1.0
12597,25273,1.0
12597,25411,1.0
12600,37156,1.0
12602,12603,1.0
12602,14527,1.0
12603,17435,1.0
12605,13137,1.0
12608,30746,1.0
12609,14752,1.0
12610,25835,1.0
12612,29448,1.0
12613,32002,1.0
12613,33979,1.0
12615,35049,1.0
12617,14414,1.0
12618,27016,1.0
12618,13726,1.0
12619,18762,1.0
12619,17120,1.0
12621,29692,1.0
12622,13267,1.0
12622,18873,1.0
12623,33451,1.0
12623,24790,1.0
12625,18572,1.0
12627,16555,1.0
12629,29889,1.0
12629,32021,1.0
12630,12631,1.0
12632,13901,1.0
12632,33576,1.0
12633,12964,1.0
12635,29754,1.0
12636,24840,1.0
12636,30225,1.0
12639,18183,1.0
12640,16334,1.0
12642,18279,1.0
12643,12644,1.0
12643,17084,1.0
12644,17278,1.0
12644,21841,1.0
12646,12647,1.0
12647,26501,1.0
12647,21479,1.0
12648,14289,1.0
12649,12666,1.0
12649,31896,1.0
12650,26064,1.0
12652,33721,1.0
12652,32438,1.0
12652,14199,1.0
12653,22187,1.0
12653,25798,1.0
12653,17760,1.0
12655,17139,1.0
12656,12657,1.0
12656,18910,1.0
12658,15130,1.0
12659,13184,1.0
12660,21554,1.0
12664,26229,1.0
12664,22169,1.0
12666,12667,1.0
12666,19034,1.0
12668,12669,1.0
12669,15236,1.0
12670,23149,1.0
12672,32495,1.0
12672,36337,1.0
12673,12674,1.0
12675,18451,1.0
12677,12678,1.0
12677,37617,1.0
12678,19022,1.0
12679,24922,1.0
12681,15509,1.0
12684,23235,1.0
12687,12688,1.0
12689,17511,1.0
12689,22618,1.0
12690,19740,1.0
12692,12693,1.0
12692,13956,1.0
12692,20342,1.0
12694,17399,1.0
12694,34721,1.0
12694,31135,1.0
12695,13731,1.0
12695,16628,1.0
12696,30587,1.0
12696,25946,1.0
12696,24378,1.0
12697,12698,1.0
12698,14662,1.0
12699,16485,1.0
12701,14458,1.0
12701,25221,1.0
12703,21640,1.0
12703,23500,1.0
12703,14342,1.0
12703,20399,1.0
12705,13447,1.0
12705,22539,1.0
12705,20210,1.0
12707,21727,1.0
12708,25128,1.0
12710,14954,1.0
12711,24489,1.0
12711,29211,1.0
12712,12713,1.0
12712,14782,1.0
12713,25777,1.0
12714,12715,1.0
12715,12716,1.0
12715,14625,1.0
12715,25554,1.0
12715,35026,1.0
12717,12718,1.0
12717,14905,1.0
12719,13614,1.0
12720,35029,1.0
12720,24330,1.0
12720,22633,1.0
12721,19867,1.0
12722,23733,1.0
12722,14373,1.0
12722,28603,1.0
12724,13490,1.0
12724,20582,1.0
12728,34292,1.0
12731,13104,1.0
12731,26561,1.0
12732,12733,1.0
12732,28333,1.0
12732,23853,1.0
12735,26453,1.0
12737,15053,1.0
12738,14828,1.0
12739,14878,1.0
12740,16107,1.0
12740,12873,1.0
12740,19792,1.0
12743,22166,1.0
12743,13780,1.0
12743,33928,1.0
12744,25833,1.0
12745,12746,1.0
12748,15613,1.0
12750,29890,1.0
12751,29175,1.0
12751,37266,1.0
12751,35171,1.0
12751,17522,1.0
12752,12753,1.0
12753,12754,1.0
12753,27754,1.0
12753,34525,1.0
12753,35853,1.0
12754,24433,1.0
12754,25227,1.0
12754,26877,1.0
12754,22439,1.0
12754,32352,1.0
12754,21081,1.0
12754,33174,1.0
12755,12756,1.0
12756,32289,1.0
12759,19326,1.0
12761,16651,1.0
12761,20059,1.0
12761,36679,1.0
12762,28432,1.0
12764,16068,1.0
12766,32484,1.0
12766,30947,1.0
12766,15483,1.0
12767,24745,1.0
12769,16126,1.0
12770,12771,1.0
12774,18440,1.0
12774,15456,1.0
12776,13434,1.0
12776,14439,1.0
12776,12868,1.0
12776,18207,1.0
12777,16969,1.0
12778,19985,1.0
12778,20401,1.0
12781,29807,1.0
12782,22668,1.0
12784,12785,1.0
12787,13528,1.0
12787,36731,1.0
12788,13496,1.0
12790,18493,1.0
12792,15127,1.0
12794,24321,1.0
12795,16595,1.0
12795,14274,1.0
12796,17253,1.0
12797,14578,1.0
12797,21848,1.0
12801,22740,1.0
12802,12803,1.0
12803,16030,1.0
12803,21234,1.0
12805,12806,1.0
12805,29676,1.0
12805,18270,1.0
12810,34278,1.0
12810,13938,1.0
12810,26773,1.0
12812,31853,1.0
12814,37245,1.0
12817,17049,1.0
12817,19337,1.0
12819,12885,1.0
12820,22515,1.0
12822,12823,1.0
12822,36602,1.0
12823,16930,1.0
12823,32659,1.0
12824,31255,1.0
12826,16399,1.0
12826,37526,1.0
12828,23810,1.0
12828,13510,1.0
12829,12830,1.0
12829,21419,1.0
12829,31697,1.0
12830,15977,1.0
12830,17447,1.0
12831,33057,1.0
12832,15053,1.0
12832,29022,1.0
12835,12836,1.0
12835,16141,1.0
12835,25237,1.0
12837,15430,1.0
12837,34019,1.0
12838,27900,1.0
12838,26227,1.0
12838,26803,1.0
12843,17627,1.0
12844,24291,1.0
12846,13515,1.0
12849,21257,1.0
12849,34800,1.0
12851,13435,1.0
12851,13409,1.0
12851,32325,1.0
12852,12853,1.0
12852,15123,1.0
12854,12855,1.0
12856,12857,1.0
12858,12859,1.0
12859,15227,1.0
12860,36655,1.0
12862,24800,1.0
12862,18074,1.0
12862,14867,1.0
12864,19156,1.0
12864,15254,1.0
12866,14163,1.0
12866,16195,1.0
12866,18945,1.0
12868,23439,1.0
12870,17714,1.0
12870,19284,1.0
12872,12873,1.0
12872,17224,1.0
12873,13898,1.0
12874,30202,1.0
12875,12876,1.0
12875,26864,1.0
12875,17441,1.0
12877,14617,1.0
12879,34462,1.0
12879,35876,1.0
12879,30522,1.0
12881,15771,1.0
12881,28080,1.0
12881,34974,1.0
12882,14839,1.0
12882,31514,1.0
12882,36591,1.0
12883,25283,1.0
12883,27977,1.0
12883,16183,1.0
12888,16610,1.0
12888,13880,1.0
12889,13667,1.0
12890,12971,1.0
12891,12892,1.0
12892,16787,1.0
12892,14046,1.0
12894,17787,1.0
12894,23042,1.0
12894,25203,1.0
12896,18210,1.0
12897,15610,1.0
12897,17411,1.0
12897,32852,1.0
12898,16692,1.0
12900,16178,1.0
12900,17489,1.0
12901,14048,1.0
12902,12903,1.0
12904,14261,1.0
12905,28330,1.0
12906,16475,1.0
12906,14379,1.0
12906,24448,1.0
12908,22846,1.0
12908,17657,1.0
12908,18081,1.0
12910,16764,1.0
12912,16206,1.0
12913,14110,1.0
12913,35700,1.0
12914,35465,1.0
12915,19646,1.0
12915,21852,1.0
12915,14077,1.0
12916,14293,1.0
12918,13431,1.0
12918,27545,1.0
12919,12920,1.0
12919,12923,1.0
12919,22964,1.0
12919,19106,1.0
12920,12921,1.0
12920,19105,1.0
12920,19106,1.0
12920,23816,1.0
12920,26598,1.0
12920,29457,1.0
12920,31372,1.0
12920,32437,1.0
12922,12923,1.0
12923,31989,1.0
12923,15340,1.0
12924,21397,1.0
12926,22228,1.0
12926,18008,1.0
12926,22230,1.0
12929,22641,1.0
12929,21279,1.0
12929,19988,1.0
12930,14516,1.0
12931,17905,1.0
12932,15289,1.0
12932,30202,1.0
12932,29558,1.0
12934,19177,1.0
12934,20004,1.0
12937,21558,1.0
12939,14402,1.0
12940,23227,1.0
12940,13081,1.0
12940,19419,1.0
12942,28537,1.0
12942,24335,1.0
12942,24787,1.0
12944,16069,1.0
12944,28131,1.0
12947,12948,1.0
12949,12958,1.0
12950,13921,1.0
12951,13115,1.0
12951,13287,1.0
12952,12953,1.0
12952,32721,1.0
12952,12985,1.0
12952,16808,1.0
12954,14271,1.0
12954,15246,1.0
12956,14912,1.0
12956,30146,1.0
12957,14877,1.0
12957,22924,1.0
12957,30401,1.0
12958,20792,1.0
12958,27931,1.0
12961,21327,1.0
12962,19625,1.0
12962,20322,1.0
12962,15380,1.0
12963,31555,1.0
12964,32389,1.0
12965,20668,1.0
12965,31003,1.0
12966,35832,1.0
12966,36495,1.0
12967,14863,1.0
12967,17789,1.0
12967,17997,1.0
12968,29855,1.0
12969,19094,1.0
12970,13200,1.0
12970,36003,1.0
12972,12973,1.0
12972,21180,1.0
12972,19421,1.0
12973,13895,1.0
12974,14128,1.0
12974,16350,1.0
12974,24349,1.0
12974,28775,1.0
12976,12977,1.0
12981,18279,1.0
12982,17865,1.0
12982,18954,1.0
12982,13184,1.0
12982,14501,1.0
12983,36762,1.0
12984,35915,1.0
12985,24384,1.0
12988,14650,1.0
12988,20797,1.0
12989,19858,1.0
12991,14081,1.0
12991,19987,1.0
12993,12994,1.0
12995,27434,1.0
12997,20115,1.0
12999,19000,1.0
13000,24829,1.0
13000,17608,1.0
13004,20570,1.0
13005,16497,1.0
13005,31004,1.0
13005,25020,1.0
13007,17833,1.0
13010,17892,1.0
13010,36068,1.0
13014,36191,1.0
13014,36857,1.0
13015,19575,1.0
13016,13864,1.0
13017,13018,1.0
13019,13247,1.0
13020,14649,1.0
13020,13213,1.0
13021,13882,1.0
13021,16280,1.0
13023,14607,1.0
13029,17494,1.0
13029,18879,1.0
13030,16060,1.0
13030,15672,1.0
13032,19629,1.0
13035,16906,1.0
13039,22595,1.0
13039,13097,1.0
13039,13538,1.0
13042,30659,1.0
13043,30501,1.0
13044,17396,1.0
13045,36754,1.0
13047,22300,1.0
13047,22449,1.0
13049,16292,1.0
13049,25024,1.0
13050,14854,1.0
13051,18167,1.0
13052,13239,1.0
13052,13077,1.0
13053,14999,1.0
13054,23012,1.0
13054,23934,1.0
13057,19155,1.0
13060,25575,1.0
13061,20499,1.0
13062,13306,1.0
13062,33199,1.0
13064,21796,1.0
13066,14570,1.0
13066,35985,1.0
13067,16263,1.0
13068,15115,1.0
13068,34427,1.0
13069,19303,1.0
13069,33956,1.0
13069,33584,1.0
13074,29172,1.0
13074,23032,1.0
13075,36067,1.0
13076,25080,1.0
13076,21868,1.0
13079,31030,1.0
13080,17949,1.0
13080,16471,1.0
13081,15952,1.0
13083,17812,1.0
13083,31953,1.0
13084,16890,1.0
13086,14645,1.0
13088,16186,1.0
13089,15006,1.0
13089,23231,1.0
13090,15228,1.0
13090,29574,1.0
13091,20958,1.0
13091,16175,1.0
13091,19692,1.0
13092,20087,1.0
13093,21060,1.0
13093,16153,1.0
13093,20580,1.0
13094,13169,1.0
13094,34746,1.0
13095,17538,1.0
13095,24910,1.0
13096,13447,1.0
13099,17425,1.0
13099,18862,1.0
13099,18645,1.0
13100,18842,1.0
13101,16211,1.0
13101,21832,1.0
13103,21945,1.0
13104,27407,1.0
13105,29938,1.0
13106,13107,1.0
13106,13484,1.0
13106,17075,1.0
13109,17296,1.0
13110,28900,1.0
13110,31249,1.0
13110,18613,1.0
13111,22753,1.0
13113,24731,1.0
13118,19686,1.0
13118,34146,1.0
13119,19116,1.0
13119,23886,1.0
13120,19064,1.0
13121,31933,1.0
13122,22840,1.0
13122,27315,1.0
13122,20832,1.0
13123,35068,1.0
13124,36065,1.0
13127,14783,1.0
13128,16360,1.0
13128,22046,1.0
13129,16731,1.0
13130,14854,1.0
13130,31625,1.0
13131,20440,1.0
13131,16860,1.0
13132,13133,1.0
13134,14673,1.0
13136,16382,1.0
13137,22269,1.0
13138,25248,1.0
13138,16280,1.0
13139,18762,1.0
13140,13141,1.0
13141,24872,1.0
13141,34138,1.0
13143,13690,1.0
13144,15186,1.0
13144,31320,1.0
13146,34046,1.0
13146,24327,1.0
13149,14244,1.0
13149,36683,1.0
13150,15820,1.0
13151,32916,1.0
13152,17462,1.0
13155,20618,1.0
13157,17748,1.0
13157,14250,1.0
13157,30388,1.0
13158,19285,1.0
13158,18237,1.0
13158,24172,1.0
13158,22555,1.0
13161,13162,1.0
13163,23711,1.0
13165,23513,1.0
13166,19952,1.0
13167,13168,1.0
13169,14578,1.0
13169,18309,1.0
13171,23435,1.0
13171,26760,1.0
13171,24918,1.0
13172,21915,1.0
13174,23862,1.0
13174,13884,1.0
13175,13176,1.0
13176,15870,1.0
13177,15635,1.0
13178,33263,1.0
13178,17767,1.0
13178,28847,1.0
13184,14231,1.0
13184,35414,1.0
13185,19451,1.0
13186,15622,1.0
13187,13188,1.0
13189,22603,1.0
13189,24097,1.0
13189,26866,1.0
13189,15936,1.0
13190,16118,1.0
13190,19898,1.0
13190,15635,1.0
13191,18124,1.0
13191,16676,1.0
13192,15943,1.0
13193,17254,1.0
13196,18069,1.0
13196,20886,1.0
13196,21085,1.0
13197,18130,1.0
13199,18328,1.0
13199,15312,1.0
13200,15087,1.0
13202,20227,1.0
13203,13204,1.0
13203,36875,1.0
13204,13666,1.0
13205,24119,1.0
13205,35774,1.0
13206,20606,1.0
13206,22351,1.0
13209,26213,1.0
13211,36373,1.0
13212,33884,1.0
13214,18924,1.0
13214,15258,1.0
13214,15984,1.0
13215,13216,1.0
13216,37462,1.0
13218,30872,1.0
13218,29510,1.0
13219,23180,1.0
13221,14106,1.0
13222,13708,1.0
13223,14359,1.0
13223,37544,1.0
13224,13225,1.0
13224,13984,1.0
13224,26863,1.0
13226,36167,1.0
13227,17228,1.0
13228,16677,1.0
13229,21974,1.0
13230,23675,1.0
13230,30003,1.0
13230,21000,1.0
13231,22191,1.0
13231,30426,1.0
13233,13234,1.0
13233,36008,1.0
13233,21769,1.0
13235,13236,1.0
13237,13238,1.0
13240,24401,1.0
13240,37532,1.0
13241,21592,1.0
13242,17905,1.0
13242,24277,1.0
13244,24234,1.0
13245,13246,1.0
13245,15473,1.0
13245,27576,1.0
13246,22213,1.0
13246,15453,1.0
13247,35464,1.0
13248,13249,1.0
13249,13250,1.0
13249,13263,1.0
13249,13264,1.0
13249,26188,1.0
13249,17331,1.0
13249,30656,1.0
13249,30657,1.0
13250,13251,1.0
13250,13506,1.0
13250,13507,1.0
13250,18436,1.0
13250,14964,1.0
13250,27696,1.0
13254,28477,1.0
13256,15596,1.0
13258,13259,1.0
13262,21952,1.0
13263,21978,1.0
13263,23025,1.0
13263,25337,1.0
13266,14142,1.0
13268,19605,1.0
13268,29795,1.0
13269,13270,1.0
13269,17503,1.0
13272,22803,1.0
13274,13275,1.0
13277,16604,1.0
13277,15377,1.0
13280,22799,1.0
13282,13283,1.0
13283,21328,1.0
13284,18659,1.0
13284,13292,1.0
13285,28166,1.0
13286,31149,1.0
13286,20965,1.0
13286,30594,1.0
13288,25276,1.0
13289,21284,1.0
13289,28506,1.0
13289,30573,1.0
13289,31334,1.0
13289,32252,1.0
13289,32253,1.0
13289,27474,1.0
13289,34760,1.0
13291,15584,1.0
13291,16398,1.0
13291,29176,1.0
13291,36250,1.0
13293,25740,1.0
13293,21250,1.0
13296,28118,1.0
13296,15362,1.0
13297,33028,1.0
13298,18363,1.0
13299,15275,1.0
13300,13301,1.0
13301,31565,1.0
13301,21334,1.0
13302,15116,1.0
13303,22718,1.0
13304,30572,1.0
13305,13579,1.0
13306,21100,1.0
13306,29740,1.0
13306,26894,1.0
13307,13308,1.0
13307,20569,1.0
13307,22334,1.0
13309,13310,1.0
13309,13312,1.0
13309,18829,1.0
13309,20092,1.0
13309,20749,1.0
13310,13311,1.0
13310,30260,1.0
13310,30261,1.0
13310,30582,1.0
13310,29353,1.0
13314,13315,1.0
13315,14351,1.0
13319,13320,1.0
13323,21312,1.0
13323,37136,1.0
13326,13452,1.0
13326,13837,1.0
13327,16911,1.0
13327,20830,1.0
13328,13329,1.0
13329,37395,1.0
13330,14470,1.0
13332,19612,1.0
13333,13682,1.0
13333,37409,1.0
13335,26754,1.0
13335,24769,1.0
13336,18520,1.0
13337,36033,1.0
13338,19745,1.0
13339,33128,1.0
13340,31678,1.0
13343,15955,1.0
13344,13345,1.0
13346,20947,1.0
13346,24288,1.0
13347,14912,1.0
13351,32390,1.0
13351,30786,1.0
13351,30245,1.0
13352,18112,1.0
13352,21863,1.0
13353,21936,1.0
13354,16211,1.0
13354,21056,1.0
13354,31776,1.0
13356,16690,1.0
13356,18498,1.0
13358,16037,1.0
13358,27455,1.0
13360,22812,1.0
13360,29677,1.0
13361,21677,1.0
13361,21849,1.0
13365,25355,1.0
13366,13367,1.0
13366,13586,1.0
13367,15701,1.0
13368,13369,1.0
13371,17871,1.0
13375,36032,1.0
13376,14201,1.0
13377,24880,1.0
13377,20200,1.0
13378,19336,1.0
13379,22356,1.0
13380,23354,1.0
13380,23068,1.0
13382,13383,1.0
13384,14069,1.0
13384,32834,1.0
13385,23038,1.0
13385,22157,1.0
13386,13387,1.0
13391,23892,1.0
13392,23911,1.0
13393,24810,1.0
13393,21645,1.0
13393,16905,1.0
13394,13395,1.0
13396,13397,1.0
13396,18436,1.0
13396,32257,1.0
13396,20719,1.0
13396,32616,1.0
13396,14922,1.0
13396,30239,1.0
13396,37419,1.0
13398,37597,1.0
13400,14093,1.0
13400,22415,1.0
13401,13402,1.0
13401,13939,1.0
13403,32867,1.0
13404,18118,1.0
13404,20952,1.0
13404,15149,1.0
13405,19192,1.0
13407,14045,1.0
13408,34103,1.0
13409,17689,1.0
13410,16994,1.0
13411,19440,1.0
13412,27207,1.0
13412,26058,1.0
13412,24215,1.0
13413,20074,1.0
13414,13415,1.0
13415,34531,1.0
13415,33540,1.0
13415,32863,1.0
13415,24663,1.0
13415,13416,1.0
13416,13417,1.0
13416,17603,1.0
13416,29789,1.0
13416,37161,1.0
13421,13422,1.0
13423,13424,1.0
13423,17474,1.0
13423,13989,1.0
13425,25595,1.0
13425,31431,1.0
13425,27966,1.0
13425,28513,1.0
13425,34256,1.0
13426,19986,1.0
13429,18173,1.0
13430,25928,1.0
13430,23196,1.0
13430,18643,1.0
13431,37037,1.0
13433,18177,1.0
13433,31726,1.0
13435,21997,1.0
13436,25080,1.0
13438,16990,1.0
13439,15433,1.0
13440,31356,1.0
13441,32477,1.0
13444,16693,1.0
13446,34232,1.0
13447,19503,1.0
13448,20463,1.0
13449,13450,1.0
13451,17307,1.0
13452,31722,1.0
13453,13454,1.0
13453,22583,1.0
13458,15877,1.0
13459,17394,1.0
13460,15367,1.0
13462,13463,1.0
13463,13464,1.0
13463,25378,1.0
13463,16300,1.0
13464,13465,1.0
13464,21624,1.0
13464,24591,1.0
13464,24592,1.0
13464,25378,1.0
13464,26990,1.0
13466,13467,1.0
13469,15564,1.0
13470,23263,1.0
13474,32334,1.0
13475,20049,1.0
13475,28304,1.0
13476,25021,1.0
13477,17036,1.0
13477,27547,1.0
13480,22854,1.0
13480,16036,1.0
13480,28332,1.0
13482,32261,1.0
13483,13484,1.0
13486,19324,1.0
13486,31938,1.0
13487,13577,1.0
13487,28163,1.0
13489,17292,1.0
13490,17369,1.0
13491,17651,1.0
13493,13494,1.0
13493,15248,1.0
13495,21878,1.0
13495,19939,1.0
13498,28021,1.0
13501,14957,1.0
13502,15103,1.0
13502,15164,1.0
13503,14307,1.0
13504,27722,1.0
13505,20140,1.0
13505,15310,1.0
13505,34242,1.0
13506,21773,1.0
13511,28045,1.0
13512,29154,1.0
13513,28186,1.0
13515,13516,1.0
13517,20233,1.0
13518,18271,1.0
13518,25448,1.0
13520,17598,1.0
13520,29136,1.0
13520,29489,1.0
13521,19228,1.0
13521,17280,1.0
13522,20395,1.0
13523,18093,1.0
13524,14237,1.0
13525,13724,1.0
13525,22639,1.0
13525,17866,1.0
13526,21753,1.0
13527,26070,1.0
13527,36170,1.0
13528,14406,1.0
13529,13530,1.0
13529,28182,1.0
13531,27642,1.0
13531,23302,1.0
13531,26386,1.0
13532,35645,1.0
13533,36193,1.0
13534,16113,1.0
13534,34534,1.0
13534,23091,1.0
13535,14613,1.0
13535,22416,1.0
13535,34883,1.0
13536,16504,1.0
13537,15094,1.0
13537,18683,1.0
13538,17119,1.0
13538,19320,1.0
13540,21089,1.0
13542,16996,1.0
13543,31733,1.0
13546,13547,1.0
13548,13549,1.0
13549,23487,1.0
13550,16461,1.0
13550,24602,1.0
13552,13553,1.0
13553,33368,1.0
13553,30469,1.0
13556,31042,1.0
13557,14456,1.0
13558,13918,1.0
13558,24364,1.0
13559,15311,1.0
13559,25918,1.0
13560,31370,1.0
13560,26531,1.0
13561,13797,1.0
13561,26607,1.0
13562,29358,1.0
13563,13564,1.0
13564,13565,1.0
13564,27043,1.0
13564,34931,1.0
13564,23930,1.0
13565,27043,1.0
13565,20137,1.0
13568,15754,1.0
13569,18821,1.0
13569,22916,1.0
13571,14432,1.0
13571,31086,1.0
13572,33811,1.0
13573,16918,1.0
13575,16516,1.0
13575,29015,1.0
13575,35283,1.0
13579,25179,1.0
13580,17817,1.0
13581,19774,1.0
13581,31028,1.0
13582,18112,1.0
13583,13584,1.0
13583,17078,1.0
13583,21188,1.0
13583,22859,1.0
13583,26263,1.0
13583,29439,1.0
13583,33945,1.0
13583,30233,1.0
13584,13585,1.0
13584,24845,1.0
13584,31050,1.0
13584,34451,1.0
13584,34566,1.0
13586,37257,1.0
13587,21289,1.0
13588,28058,1.0
13592,25657,1.0
13592,20862,1.0
13592,27874,1.0
13595,34376,1.0
13596,16075,1.0
13598,13599,1.0
13599,13600,1.0
13599,17965,1.0
13599,20704,1.0
13599,25484,1.0
13599,25485,1.0
13599,31234,1.0
13599,32088,1.0
13599,30110,1.0
13599,19747,1.0
13599,36423,1.0
13599,20703,1.0
13600,13601,1.0
13600,21706,1.0
13600,23116,1.0
13600,34923,1.0
13603,19664,1.0
13606,15335,1.0
13606,14693,1.0
13607,24155,1.0
13607,27887,1.0
13608,16844,1.0
13610,18470,1.0
13611,15006,1.0
13613,13614,1.0
13613,19737,1.0
13614,23469,1.0
13614,23065,1.0
13615,36993,1.0
13615,37004,1.0
13616,13617,1.0
13616,32995,1.0
13616,36777,1.0
13618,22206,1.0
13619,28730,1.0
13619,16303,1.0
13620,36721,1.0
13620,32273,1.0
13622,32217,1.0
13622,31324,1.0
13623,20071,1.0
13624,22306,1.0
13624,17038,1.0
13625,18192,1.0
13625,17597,1.0
13628,16554,1.0
13628,24158,1.0
13629,31973,1.0
13631,14560,1.0
13632,14933,1.0
13633,19307,1.0
13633,27244,1.0
13634,25421,1.0
13635,13636,1.0
13635,30600,1.0
13635,20415,1.0
13635,29960,1.0
13635,30529,1.0
13635,34063,1.0
13635,36247,1.0
13638,13639,1.0
13638,15199,1.0
13638,29197,1.0
13640,35725,1.0
13641,32845,1.0
13642,21336,1.0
13642,23782,1.0
13642,14209,1.0
13642,19608,1.0
13643,13644,1.0
13644,15023,1.0
13645,28781,1.0
13648,15356,1.0
13649,18338,1.0
13650,29397,1.0
13651,34428,1.0
13652,36194,1.0
13653,19865,1.0
13654,20818,1.0
13654,31330,1.0
13655,33146,1.0
13657,16111,1.0
13658,24173,1.0
13660,16800,1.0
13660,21658,1.0
13660,29823,1.0
13661,16094,1.0
13662,16583,1.0
13662,28996,1.0
13662,18095,1.0
13670,31116,1.0
13670,20978,1.0
13671,14090,1.0
13671,36955,1.0
13672,36563,1.0
13672,27385,1.0
13672,17851,1.0
13675,14983,1.0
13675,17773,1.0
13675,32686,1.0
13676,17983,1.0
13676,20868,1.0
13676,28589,1.0
13677,16713,1.0
13677,21327,1.0
13677,27006,1.0
13678,15930,1.0
13679,30380,1.0
13680,15131,1.0
13680,15690,1.0
13682,20173,1.0
13683,15690,1.0
13685,35443,1.0
13685,17897,1.0
13686,13687,1.0
13688,29309,1.0
13689,16888,1.0
13692,18424,1.0
13693,24995,1.0
13694,17456,1.0
13694,32879,1.0
13695,18567,1.0
13695,21096,1.0
13697,13698,1.0
13699,17789,1.0
13701,16140,1.0
13701,14896,1.0
13703,22496,1.0
13705,25260,1.0
13707,27403,1.0
13707,26226,1.0
13708,22024,1.0
13709,33660,1.0
13711,13712,1.0
13712,13713,1.0
13712,15775,1.0
13712,16776,1.0
13712,15774,1.0
13713,13714,1.0
13713,15589,1.0
13715,14567,1.0
13718,14239,1.0
13718,29522,1.0
13721,32174,1.0
13724,26782,1.0
13724,14457,1.0
13725,13726,1.0
13727,19908,1.0
13728,17850,1.0
13728,19851,1.0
13730,16520,1.0
13730,36900,1.0
13731,15618,1.0
13732,31566,1.0
13733,14749,1.0
13734,23073,1.0
13735,27703,1.0
13737,14167,1.0
13739,14054,1.0
13740,13741,1.0
13740,36338,1.0
13741,19376,1.0
13743,14275,1.0
13744,18380,1.0
13751,30338,1.0
13751,18294,1.0
13754,29329,1.0
13755,13756,1.0
13757,13758,1.0
13759,13760,1.0
13760,16120,1.0
13760,29819,1.0
13760,26756,1.0
13760,30189,1.0
13762,13763,1.0
13762,14347,1.0
13762,16108,1.0
13763,16258,1.0
13764,21686,1.0
13766,22661,1.0
13766,21959,1.0
13767,13768,1.0
13770,17918,1.0
13770,17093,1.0
13771,24075,1.0
13777,17130,1.0
13777,29167,1.0
13777,37135,1.0
13779,20329,1.0
13779,15999,1.0
13780,15799,1.0
13780,17897,1.0
13782,22776,1.0
13785,28254,1.0
13785,23588,1.0
13785,25733,1.0
13786,36819,1.0
13786,14440,1.0
13787,19796,1.0
13789,15594,1.0
13789,15020,1.0
13790,17923,1.0
13790,32295,1.0
13790,32581,1.0
13792,13793,1.0
13793,13794,1.0
13793,24181,1.0
13793,24576,1.0
13793,24590,1.0
13793,23773,1.0
13793,33531,1.0
13793,25680,1.0
13793,36295,1.0
13794,13795,1.0
13794,18744,1.0
13796,16275,1.0
13798,13799,1.0
13799,23582,1.0
13799,26277,1.0
13799,24947,1.0
13800,13801,1.0
13800,19399,1.0
13800,29913,1.0
13801,18833,1.0
13801,23994,1.0
13802,30911,1.0
13803,13804,1.0
13804,13806,1.0
13804,23125,1.0
13804,28638,1.0
13805,20064,1.0
13807,18196,1.0
13808,27261,1.0
13808,36627,1.0
13808,30868,1.0
13810,23057,1.0
13812,28083,1.0
13813,35410,1.0
13813,35453,1.0
13815,15992,1.0
13816,16418,1.0
13818,13819,1.0
13818,21628,1.0
13818,24926,1.0
13820,14401,1.0
13820,18871,1.0
13821,31210,1.0
13822,21647,1.0
13823,15845,1.0
13823,16270,1.0
13823,20358,1.0
13824,16918,1.0
13824,15066,1.0
13824,35013,1.0
13825,13854,1.0
13825,27115,1.0
13827,19429,1.0
13827,20273,1.0
13828,21187,1.0
13828,19081,1.0
13828,17889,1.0
13829,13830,1.0
13830,13831,1.0
13830,17860,1.0
13830,20449,1.0
13830,21624,1.0
13830,34009,1.0
13830,34491,1.0
13831,13832,1.0
13831,36693,1.0
13832,13834,1.0
13832,34234,1.0
13832,35577,1.0
13832,36698,1.0
13833,13834,1.0
13834,22019,1.0
13834,26844,1.0
13834,28520,1.0
13834,22456,1.0
13835,24143,1.0
13835,19372,1.0
13839,14473,1.0
13839,17525,1.0
13843,22164,1.0
13844,16428,1.0
13845,14726,1.0
13845,36893,1.0
13846,20632,1.0
13846,14352,1.0
13846,17690,1.0
13846,15471,1.0
13847,21586,1.0
13850,16573,1.0
13850,13993,1.0
13851,22922,1.0
13852,35699,1.0
13853,13854,1.0
13854,24921,1.0
13855,24836,1.0
13855,24284,1.0
13857,13858,1.0
13857,14779,1.0
13857,20719,1.0
13857,18436,1.0
13857,31576,1.0
13857,33231,1.0
13858,13859,1.0
13858,29724,1.0
13860,19902,1.0
13860,29910,1.0
13860,23160,1.0
13861,26099,1.0
13862,13863,1.0
13864,14317,1.0
13865,28288,1.0
13867,16154,1.0
13867,21938,1.0
13867,15141,1.0
13868,15281,1.0
13868,18205,1.0
13870,17339,1.0
13870,16323,1.0
13870,28009,1.0
13872,13873,1.0
13872,21815,1.0
13872,18846,1.0
13875,19381,1.0
13876,19863,1.0
13878,32474,1.0
13879,15884,1.0
13879,24206,1.0
13882,19479,1.0
13882,30526,1.0
13883,18210,1.0
13885,16485,1.0
13886,19028,1.0
13887,13888,1.0
13888,15001,1.0
13889,19871,1.0
13889,18909,1.0
13890,13891,1.0
13892,28032,1.0
13893,18649,1.0
13895,21967,1.0
13897,14868,1.0
13897,29503,1.0
13899,15978,1.0
13899,30463,1.0
13902,16985,1.0
13902,33000,1.0
13903,30484,1.0
13904,25112,1.0
13905,14515,1.0
13906,13907,1.0
13908,15777,1.0
13909,20997,1.0
13911,26635,1.0
13911,20464,1.0
13911,17795,1.0
13912,14794,1.0
13912,13967,1.0
13915,17040,1.0
13916,23946,1.0
13917,16041,1.0
13917,16051,1.0
13917,17370,1.0
13918,13919,1.0
13918,22774,1.0
13918,23822,1.0
13920,14101,1.0
13921,21763,1.0
13922,14431,1.0
13922,18485,1.0
13924,13925,1.0
13925,13926,1.0
13925,28028,1.0
13927,18166,1.0
13927,14675,1.0
13928,13929,1.0
13928,17468,1.0
13928,14250,1.0
13931,13932,1.0
13932,26030,1.0
13932,18436,1.0
13932,32142,1.0
13932,32144,1.0
13932,26029,1.0
13934,16969,1.0
13937,33672,1.0
13938,14307,1.0
13939,18200,1.0
13940,16184,1.0
13940,30688,1.0
13941,13942,1.0
13947,20423,1.0
13948,20013,1.0
13949,15591,1.0
13949,18413,1.0
13950,16869,1.0
13952,13953,1.0
13952,23051,1.0
13953,17271,1.0
13955,19441,1.0
13955,17862,1.0
13955,22351,1.0
13956,18937,1.0
13957,14504,1.0
13957,25224,1.0
13958,13959,1.0
13958,22549,1.0
13960,14569,1.0
13960,15671,1.0
13960,33908,1.0
13961,14238,1.0
13961,33307,1.0
13962,25970,1.0
13962,28686,1.0
13963,13964,1.0
13965,13966,1.0
13965,26917,1.0
13965,36742,1.0
13967,19137,1.0
13968,18845,1.0
13969,34051,1.0
13969,20153,1.0
13970,22430,1.0
13970,29883,1.0
13971,15178,1.0
13972,31130,1.0
13973,17254,1.0
13973,23778,1.0
13976,30500,1.0
13978,18121,1.0
13979,13980,1.0
13981,24395,1.0
13981,27143,1.0
13982,36818,1.0
13983,26272,1.0
13984,13985,1.0
13987,13988,1.0
13990,22889,1.0
13991,18235,1.0
13993,21757,1.0
13997,25704,1.0
13997,37605,1.0
13998,13999,1.0
13998,30638,1.0
14000,18353,1.0
14001,21795,1.0
14003,20113,1.0
14003,26932,1.0
14004,14005,1.0
14007,15075,1.0
14007,20647,1.0
14010,14011,1.0
14013,14014,1.0
14016,14017,1.0
14020,16268,1.0
14020,28902,1.0
14021,21777,1.0
14021,18460,1.0
14021,18674,1.0
14022,14023,1.0
14023,19535,1.0
14024,14025,1.0
14026,14027,1.0
14028,14124,1.0
14028,17448,1.0
14031,23135,1.0
14032,17531,1.0
14033,17960,1.0
14034,14035,1.0
14036,32547,1.0
14037,21663,1.0
14037,30467,1.0
14041,29943,1.0
14041,27978,1.0
14041,24831,1.0
14044,23518,1.0
14046,14819,1.0
14047,15597,1.0
14047,16942,1.0
14047,24077,1.0
14048,15582,1.0
14048,16953,1.0
14053,14859,1.0
14054,15804,1.0
14054,32452,1.0
14056,14057,1.0
14056,18965,1.0
14056,20989,1.0
14057,23728,1.0
14057,30273,1.0
14058,14059,1.0
14059,23031,1.0
14059,23434,1.0
14059,25624,1.0
14059,25625,1.0
14059,20934,1.0
14059,36392,1.0
14059,36581,1.0
14061,18786,1.0
14062,14063,1.0
14064,28557,1.0
14065,14066,1.0
14065,33549,1.0
14065,34585,1.0
14068,18732,1.0
14069,28954,1.0
14070,14209,1.0
14070,20547,1.0
14070,30633,1.0
14071,15236,1.0
14071,35668,1.0
14072,15320,1.0
14073,18155,1.0
14074,19938,1.0
14076,25899,1.0
14077,21128,1.0
14077,37323,1.0
14078,15009,1.0
14078,32959,1.0
14079,14080,1.0
14079,18193,1.0
14081,19598,1.0
14082,16426,1.0
14082,30804,1.0
14083,14084,1.0
14083,25454,1.0
14083,36214,1.0
14084,19734,1.0
14084,33984,1.0
14084,25454,1.0
14084,19880,1.0
14084,34798,1.0
14086,14087,1.0
14087,14088,1.0
14087,29483,1.0
14087,28214,1.0
14088,14089,1.0
14088,14636,1.0
14088,14637,1.0
14090,17030,1.0
14091,14092,1.0
14091,18832,1.0
14091,21105,1.0
14094,20547,1.0
14096,19927,1.0
14096,25586,1.0
14097,18426,1.0
14097,23096,1.0
14098,14099,1.0
14099,33907,1.0
14099,27607,1.0
14101,17065,1.0
14102,14851,1.0
14102,33580,1.0
14104,25724,1.0
14104,24936,1.0
14104,37413,1.0
14107,17467,1.0
14107,24635,1.0
14111,14112,1.0
14111,28205,1.0
14111,29335,1.0
14112,29330,1.0
14112,27214,1.0
14113,32053,1.0
14114,30178,1.0
14114,27194,1.0
14115,23508,1.0
14115,17720,1.0
14116,30361,1.0
14116,18167,1.0
14119,14757,1.0
14122,15810,1.0
14124,17934,1.0
14125,16302,1.0
14126,34708,1.0
14126,28172,1.0
14126,30154,1.0
14127,27173,1.0
14128,23574,1.0
14128,32913,1.0
14128,24042,1.0
14128,16350,1.0
14129,23226,1.0
14130,29589,1.0
14130,23609,1.0
14130,29247,1.0
14131,19937,1.0
14132,25068,1.0
14132,26067,1.0
14132,19884,1.0
14135,30252,1.0
14135,32498,1.0
14135,36862,1.0
14135,35999,1.0
14136,21355,1.0
14137,32621,1.0
14138,15127,1.0
14140,32077,1.0
14141,34184,1.0
14142,16496,1.0
14142,16348,1.0
14145,22951,1.0
14145,22525,1.0
14145,21374,1.0
14147,16804,1.0
14147,25243,1.0
14148,26270,1.0
14148,15022,1.0
14148,14149,1.0
14150,16604,1.0
14150,35300,1.0
14153,35027,1.0
14155,18268,1.0
14156,15098,1.0
14157,16476,1.0
14159,14160,1.0
14160,27623,1.0
14160,27973,1.0
14162,23176,1.0
14162,21673,1.0
14163,18620,1.0
14165,22927,1.0
14166,29674,1.0
14166,23780,1.0
14167,24104,1.0
14168,23303,1.0
14173,25380,1.0
14174,18368,1.0
14175,16205,1.0
14177,14472,1.0
14178,14179,1.0
14181,17030,1.0
14181,14629,1.0
14182,19956,1.0
14183,14184,1.0
14183,19048,1.0
14183,19994,1.0
14185,14661,1.0
14185,33691,1.0
14186,21003,1.0
14186,22997,1.0
14189,20163,1.0
14191,16039,1.0
14191,27747,1.0
14192,14193,1.0
14192,16367,1.0
14195,14196,1.0
14195,18856,1.0
14196,25872,1.0
14196,31352,1.0
14198,14199,1.0
14199,35732,1.0
14199,26722,1.0
14200,25945,1.0
14200,16047,1.0
14200,30943,1.0
14202,21519,1.0
14202,20290,1.0
14202,25528,1.0
14202,18183,1.0
14204,14205,1.0
14206,15351,1.0
14206,20574,1.0
14207,32773,1.0
14208,18902,1.0
14209,14573,1.0
14210,17733,1.0
14211,23755,1.0
14211,20477,1.0
14213,14882,1.0
14213,34426,1.0
14214,14215,1.0
14216,14217,1.0
14216,23560,1.0
14218,19930,1.0
14219,14220,1.0
14220,14339,1.0
14221,14572,1.0
14221,26183,1.0
14222,14223,1.0
14224,14225,1.0
14225,14226,1.0
14225,20563,1.0
14226,14227,1.0
14226,20563,1.0
14226,32371,1.0
14226,32372,1.0
14226,35425,1.0
14228,26810,1.0
14229,14230,1.0
14229,25817,1.0
14229,18788,1.0
14230,27359,1.0
14231,34918,1.0
14232,14953,1.0
14234,16173,1.0
14234,30433,1.0
14238,17253,1.0
14239,28688,1.0
14240,14515,1.0
14241,20439,1.0
14241,16189,1.0
14241,24117,1.0
14243,14747,1.0
14244,23514,1.0
14245,28271,1.0
14245,15382,1.0
14246,21755,1.0
14246,17219,1.0
14247,16669,1.0
14247,19681,1.0
14248,20360,1.0
14250,15032,1.0
14251,23429,1.0
14252,14253,1.0
14254,26201,1.0
14255,14256,1.0
14255,34404,1.0
14256,18442,1.0
14257,20499,1.0
14258,16119,1.0
14258,34018,1.0
14259,17716,1.0
14263,16317,1.0
14264,14729,1.0
14265,14266,1.0
14266,14267,1.0
14266,18652,1.0
14267,24042,1.0
14267,24792,1.0
14268,20438,1.0
14270,23293,1.0
14272,26325,1.0
14276,14957,1.0
14277,17618,1.0
14278,20279,1.0
14278,17253,1.0
14278,18195,1.0
14279,33764,1.0
14280,14281,1.0
14280,19276,1.0
14284,14285,1.0
14284,14490,1.0
14284,15694,1.0
14287,18268,1.0
14288,18679,1.0
14289,16525,1.0
14290,30213,1.0
14294,17371,1.0
14296,14297,1.0
14296,24145,1.0
14298,14299,1.0
14299,14300,1.0
14299,22412,1.0
14299,29716,1.0
14299,33583,1.0
14299,34575,1.0
14299,35225,1.0
14299,33233,1.0
14300,14301,1.0
14300,18466,1.0
14300,26196,1.0
14300,30881,1.0
14300,34173,1.0
14300,27362,1.0
14300,33556,1.0
14300,34740,1.0
14302,14892,1.0
14303,14304,1.0
14304,21390,1.0
14304,16104,1.0
14309,20978,1.0
14309,16887,1.0
14309,19273,1.0
14310,14980,1.0
14310,15455,1.0
14310,21431,1.0
14311,22724,1.0
14313,14314,1.0
14314,23385,1.0
14314,15212,1.0
14316,24786,1.0
14322,14323,1.0
14322,32836,1.0
14323,14725,1.0
14323,27441,1.0
14324,14325,1.0
14327,21252,1.0
14328,29518,1.0
14328,24715,1.0
14329,14775,1.0
14329,17226,1.0
14329,23607,1.0
14331,14332,1.0
14334,16112,1.0
14334,33031,1.0
14336,18990,1.0
14336,19087,1.0
14336,15472,1.0
14337,31583,1.0
14338,17414,1.0
14339,31473,1.0
14340,34958,1.0
14340,30859,1.0
14340,32629,1.0
14341,26445,1.0
14341,26504,1.0
14342,14359,1.0
14344,35412,1.0
14345,14346,1.0
14346,21236,1.0
14347,16983,1.0
14347,21021,1.0
14348,19023,1.0
14349,14350,1.0
14352,14353,1.0
14354,14355,1.0
14354,30064,1.0
14355,15053,1.0
14355,34692,1.0
14359,21233,1.0
14359,15402,1.0
14361,25099,1.0
14363,14368,1.0
14363,28090,1.0
14364,19210,1.0
14364,14953,1.0
14365,36899,1.0
14366,32265,1.0
14366,35840,1.0
14368,34254,1.0
14370,22894,1.0
14370,21019,1.0
14375,15303,1.0
14376,30698,1.0
14376,17633,1.0
14379,21844,1.0
14379,23359,1.0
14380,14746,1.0
14381,16908,1.0
14381,25373,1.0
14382,15140,1.0
14382,16386,1.0
14383,21649,1.0
14383,24326,1.0
14384,14385,1.0
14385,14386,1.0
14385,19972,1.0
14385,19973,1.0
14385,21032,1.0
14385,26197,1.0
14385,33363,1.0
14385,24558,1.0
14387,19186,1.0
14389,28438,1.0
14390,16306,1.0
14391,14392,1.0
14391,16016,1.0
14395,14396,1.0
14395,26238,1.0
14395,25096,1.0
14395,21229,1.0
14397,15629,1.0
14398,16084,1.0
14399,23093,1.0
14399,14840,1.0
14400,28066,1.0
14401,18052,1.0
14404,32746,1.0
14406,35175,1.0
14407,16688,1.0
14408,14409,1.0
14409,23604,1.0
14409,31940,1.0
14411,23967,1.0
14412,24461,1.0
14412,30448,1.0
14412,25503,1.0
14415,35514,1.0
14416,18360,1.0
14416,21018,1.0
14417,15112,1.0
14418,19884,1.0
14419,23272,1.0
14419,23456,1.0
14419,24629,1.0
14420,14421,1.0
14420,17089,1.0
14420,28084,1.0
14420,28619,1.0
14420,27946,1.0
14420,34641,1.0
14420,34789,1.0
14421,14422,1.0
14421,34983,1.0
14423,20807,1.0
14423,17284,1.0
14424,20468,1.0
14427,34406,1.0
14427,19931,1.0
14428,31377,1.0
14429,15537,1.0
14432,31827,1.0
14433,14434,1.0
14433,24226,1.0
14433,19437,1.0
14438,15180,1.0
14438,21298,1.0
14440,14441,1.0
14440,16528,1.0
14442,16501,1.0
14444,15156,1.0
14444,16543,1.0
14444,22187,1.0
14445,18216,1.0
14446,23535,1.0
14449,14450,1.0
14454,15438,1.0
14458,28026,1.0
14458,30685,1.0
14459,19110,1.0
14459,14698,1.0
14462,17197,1.0
14463,17400,1.0
14465,37182,1.0
14467,26852,1.0
14467,15729,1.0
14468,16674,1.0
14471,16600,1.0
14471,29578,1.0
14471,21278,1.0
14473,14896,1.0
14477,17841,1.0
14479,26865,1.0
14480,25805,1.0
14480,24689,1.0
14480,31481,1.0
14484,20895,1.0
14484,20715,1.0
14484,26433,1.0
14485,28890,1.0
14486,22028,1.0
14488,16573,1.0
14490,20216,1.0
14490,20117,1.0
14491,14566,1.0
14495,33556,1.0
14495,26196,1.0
14495,25913,1.0
14496,25386,1.0
14496,19165,1.0
14496,15320,1.0
14499,36369,1.0
14501,15220,1.0
14503,17107,1.0
14507,18192,1.0
14508,15621,1.0
14508,18853,1.0
14508,21907,1.0
14509,17113,1.0
14510,14934,1.0
14510,20783,1.0
14513,15460,1.0
14514,36913,1.0
14515,16380,1.0
14516,34101,1.0
14516,32841,1.0
14517,14518,1.0
14519,16409,1.0
14521,16764,1.0
14522,20261,1.0
14523,14524,1.0
14525,27024,1.0
14526,18390,1.0
14528,28914,1.0
14529,14530,1.0
14529,26215,1.0
14529,25167,1.0
14531,28722,1.0
14532,25889,1.0
14533,30272,1.0
14535,14536,1.0
14539,14540,1.0
14541,25089,1.0
14541,16349,1.0
14542,14543,1.0
14542,30808,1.0
14542,36347,1.0
14542,23340,1.0
14543,36521,1.0
14543,27184,1.0
14544,18014,1.0
14545,15196,1.0
14547,14548,1.0
14549,14748,1.0
14550,14551,1.0
14553,23761,1.0
14553,24338,1.0
14555,19670,1.0
14556,35129,1.0
14556,15066,1.0
14557,17516,1.0
14558,33515,1.0
14559,30381,1.0
14559,20198,1.0
14559,25725,1.0
14559,31620,1.0
14561,23832,1.0
14563,15295,1.0
14564,14565,1.0
14564,28354,1.0
14565,24225,1.0
14566,21546,1.0
14567,36019,1.0
14567,27881,1.0
14568,30504,1.0
14569,32620,1.0
14572,33973,1.0
14573,17162,1.0
14573,17639,1.0
14574,22836,1.0
14575,21592,1.0
14575,17749,1.0
14575,21933,1.0
14576,18298,1.0
14577,21448,1.0
14577,34604,1.0
14578,27384,1.0
14580,14581,1.0
14583,14584,1.0
14586,26429,1.0
14587,25461,1.0
14587,16660,1.0
14587,18335,1.0
14587,31191,1.0
14588,29366,1.0
14588,31643,1.0
14589,17368,1.0
14591,28779,1.0
14592,27700,1.0
14593,16065,1.0
14593,19455,1.0
14593,22014,1.0
14596,14597,1.0
14597,34271,1.0
14598,16304,1.0
14599,29241,1.0
14599,25260,1.0
14599,27314,1.0
14600,21068,1.0
14602,14603,1.0
14602,19949,1.0
14602,20778,1.0
14604,20069,1.0
14605,14606,1.0
14607,30691,1.0
14612,22697,1.0
14613,22622,1.0
14613,18917,1.0
14613,20697,1.0
14614,20834,1.0
14614,16520,1.0
14614,20673,1.0
14615,28699,1.0
14615,17375,1.0
14617,34473,1.0
14618,21358,1.0
14619,21603,1.0
14619,16782,1.0
14620,16191,1.0
14622,34439,1.0
14624,18155,1.0
14624,35906,1.0
14626,27439,1.0
14628,16806,1.0
14630,30263,1.0
14631,18126,1.0
14631,14925,1.0
14634,18637,1.0
14635,21543,1.0
14635,17286,1.0
14637,14638,1.0
14637,18285,1.0
14637,18286,1.0
14637,32192,1.0
14639,30628,1.0
14640,14641,1.0
14640,27242,1.0
14640,34055,1.0
14642,20806,1.0
14643,23210,1.0
14643,20469,1.0
14643,15952,1.0
14646,29900,1.0
14646,32816,1.0
14647,17943,1.0
14653,20111,1.0
14654,16085,1.0
14654,20407,1.0
14655,16641,1.0
14655,21490,1.0
14655,16811,1.0
14657,16064,1.0
14658,14659,1.0
14660,14994,1.0
14660,25902,1.0
14664,21369,1.0
14664,24970,1.0
14666,21355,1.0
14667,16932,1.0
14667,17457,1.0
14669,15717,1.0
14670,14671,1.0
14670,20321,1.0
14671,21811,1.0
14672,20478,1.0
14676,35342,1.0
14677,18635,1.0
14678,16512,1.0
14678,23906,1.0
14679,19481,1.0
14683,14684,1.0
14685,22396,1.0
14686,14687,1.0
14688,27591,1.0
14689,37426,1.0
14690,24824,1.0
14690,16462,1.0
14690,16988,1.0
14690,17411,1.0
14691,30293,1.0
14693,20179,1.0
14693,16170,1.0
14693,26134,1.0
14695,14696,1.0
14695,28559,1.0
14695,30654,1.0
14695,33329,1.0
14697,18531,1.0
14697,31385,1.0
14698,17867,1.0
14699,29505,1.0
14699,30526,1.0
14699,30568,1.0
14700,29793,1.0
14700,32110,1.0
14700,37044,1.0
14702,34656,1.0
14704,27498,1.0
14707,16666,1.0
14707,32440,1.0
14708,26492,1.0
14709,14710,1.0
14711,14712,1.0
14711,18255,1.0
14711,22135,1.0
14714,21674,1.0
14714,35947,1.0
14719,23252,1.0
14722,14723,1.0
14724,35530,1.0
14725,15081,1.0
14725,33686,1.0
14726,15572,1.0
14726,19650,1.0
14727,14728,1.0
14730,18730,1.0
14730,15438,1.0
14731,30653,1.0
14732,18162,1.0
14732,16896,1.0
14734,19069,1.0
14734,18484,1.0
14736,19759,1.0
14737,19289,1.0
14737,21283,1.0
14737,23968,1.0
14738,22127,1.0
14741,14742,1.0
14742,14743,1.0
14742,20082,1.0
14742,24916,1.0
14742,34443,1.0
14742,29432,1.0
14742,34988,1.0
14742,35916,1.0
14742,15959,1.0
14743,30880,1.0
14743,33211,1.0
14743,33707,1.0
14743,31914,1.0
14743,15498,1.0
14743,36024,1.0
14743,36584,1.0
14743,20311,1.0
14744,22664,1.0
14744,15905,1.0
14745,17666,1.0
14745,20070,1.0
14745,32460,1.0
14750,22277,1.0
14751,17760,1.0
14751,24424,1.0
14753,14754,1.0
14755,32424,1.0
14756,20288,1.0
14757,20894,1.0
14757,20164,1.0
14757,29871,1.0
14759,14760,1.0
14760,18140,1.0
14760,33338,1.0
14761,22314,1.0
14761,18721,1.0
14762,34639,1.0
14763,30685,1.0
14765,18177,1.0
14765,17404,1.0
14766,16654,1.0
14767,33876,1.0
14767,25787,1.0
14768,32185,1.0
14768,35927,1.0
14768,27345,1.0
14771,19828,1.0
14772,25778,1.0
14772,35944,1.0
14773,17310,1.0
14773,32249,1.0
14776,32654,1.0
14777,28260,1.0
14778,14779,1.0
14779,16751,1.0
14779,24393,1.0
14779,20719,1.0
14779,24604,1.0
14779,15011,1.0
14781,14782,1.0
14782,22344,1.0
14784,14785,1.0
14785,21130,1.0
14786,29469,1.0
14787,17054,1.0
14787,23474,1.0
14787,28394,1.0
14788,16034,1.0
14789,16945,1.0
14789,15609,1.0
14792,18946,1.0
14792,21413,1.0
14792,26810,1.0
14795,14796,1.0
14795,24065,1.0
14795,31198,1.0
14795,25164,1.0
14795,36758,1.0
14795,28656,1.0
14796,21361,1.0
14796,25164,1.0
14797,15060,1.0
14797,16197,1.0
14799,14800,1.0
14800,15326,1.0
14801,18532,1.0
14801,15294,1.0
14801,34584,1.0
14804,23968,1.0
14805,25658,1.0
14807,20041,1.0
14808,26600,1.0
14809,14810,1.0
14811,32259,1.0
14811,33073,1.0
14811,20027,1.0
14812,29401,1.0
14813,14814,1.0
14815,21994,1.0
14815,19718,1.0
14816,14817,1.0
14816,24416,1.0
14818,28233,1.0
14818,28686,1.0
14821,15103,1.0
14822,16342,1.0
14823,26957,1.0
14823,15689,1.0
14823,25189,1.0
14824,18974,1.0
14824,18430,1.0
14826,14827,1.0
14829,17274,1.0
14831,16779,1.0
14832,14833,1.0
14833,17988,1.0
14834,14835,1.0
14834,14836,1.0
14834,25545,1.0
14834,23064,1.0
14834,26602,1.0
14834,15920,1.0
14837,17767,1.0
14839,15029,1.0
14841,18985,1.0
14841,37234,1.0
14845,14846,1.0
14846,14949,1.0
14846,21701,1.0
14847,20236,1.0
14847,28925,1.0
14849,21703,1.0
14849,27930,1.0
14850,30670,1.0
14852,16273,1.0
14853,32026,1.0
14853,29283,1.0
14854,33041,1.0
14855,25769,1.0
14856,25094,1.0
14857,18527,1.0
14857,36014,1.0
14858,14859,1.0
14862,17964,1.0
14863,18700,1.0
14863,30283,1.0
14864,18290,1.0
14865,36802,1.0
14866,33292,1.0
14868,31332,1.0
14869,19309,1.0
14871,16061,1.0
14871,37285,1.0
14872,21245,1.0
14873,22214,1.0
14873,15715,1.0
14874,23318,1.0
14876,14877,1.0
14878,31333,1.0
14880,20553,1.0
14884,30219,1.0
14885,20868,1.0
14887,22434,1.0
14888,27848,1.0
14888,31326,1.0
14888,29309,1.0
14889,14890,1.0
14889,35254,1.0
14891,19373,1.0
14891,17975,1.0
14893,26180,1.0
14895,26695,1.0
14895,28973,1.0
14898,18214,1.0
14899,16949,1.0
14904,23784,1.0
14906,32756,1.0
14907,14908,1.0
14908,14910,1.0
14908,20844,1.0
14908,20845,1.0
14908,32176,1.0
14908,29585,1.0
14909,14910,1.0
14910,15959,1.0
14910,15960,1.0
14910,16576,1.0
14910,28599,1.0
14910,33340,1.0
14911,22162,1.0
14912,18646,1.0
14913,16968,1.0
14914,19719,1.0
14915,16062,1.0
14916,24060,1.0
14916,17440,1.0
14916,34255,1.0
14918,14919,1.0
14920,16936,1.0
14921,16470,1.0
14921,25046,1.0
14922,14923,1.0
14922,24244,1.0
14922,35961,1.0
14923,14924,1.0
14923,22848,1.0
14926,30730,1.0
14927,14928,1.0
14929,18729,1.0
14930,14931,1.0
14933,18508,1.0
14934,15228,1.0
14934,31138,1.0
14935,23605,1.0
14935,21926,1.0
14937,25345,1.0
14937,24632,1.0
14937,37005,1.0
14938,21618,1.0
14939,24216,1.0
14939,25879,1.0
14939,21989,1.0
14940,18592,1.0
14941,14942,1.0
14941,14943,1.0
14941,21804,1.0
14941,24168,1.0
14941,15857,1.0
14941,18004,1.0
14942,20504,1.0
14942,30798,1.0
14942,18004,1.0
14942,21804,1.0
14942,35445,1.0
14942,17979,1.0
14942,33729,1.0
14944,25103,1.0
14944,22581,1.0
14948,22700,1.0
14948,20193,1.0
14949,15319,1.0
14949,25771,1.0
14950,19409,1.0
14951,15819,1.0
14952,18632,1.0
14953,15925,1.0
14955,30652,1.0
14955,22080,1.0
14956,20168,1.0
14958,16027,1.0
14958,24431,1.0
14958,37180,1.0
14959,14960,1.0
14959,33237,1.0
14961,34674,1.0
14962,16551,1.0
14963,14964,1.0
14964,14965,1.0
14964,22896,1.0
14964,18239,1.0
14964,31400,1.0
14964,33482,1.0
14964,18204,1.0
14966,14967,1.0
14967,23857,1.0
14967,33655,1.0
14967,26514,1.0
14969,31105,1.0
14971,14972,1.0
14973,34325,1.0
14973,37534,1.0
14978,19613,1.0
14979,15067,1.0
14980,30210,1.0
14981,24704,1.0
14983,15429,1.0
14983,16630,1.0
14984,26369,1.0
14985,17381,1.0
14985,22643,1.0
14988,17832,1.0
14993,23898,1.0
14993,17293,1.0
14995,15714,1.0
14995,22324,1.0
14995,18667,1.0
14997,15074,1.0
14998,29529,1.0
14998,32802,1.0
15000,18349,1.0
15000,16482,1.0
15001,22258,1.0
15001,24369,1.0
15003,19335,1.0
15003,18806,1.0
15003,28695,1.0
15005,32013,1.0
15006,16092,1.0
15008,22185,1.0
15009,31687,1.0
15009,27769,1.0
15010,15507,1.0
15011,15012,1.0
15011,27266,1.0
15011,27267,1.0
15011,30001,1.0
15011,33951,1.0
15013,16026,1.0
15016,24315,1.0
15018,15356,1.0
15021,15881,1.0
15021,22302,1.0
15023,26062,1.0
15023,29192,1.0
15026,17610,1.0
15030,15632,1.0
15033,23578,1.0
15033,25489,1.0
15035,25066,1.0
15035,25124,1.0
15035,32122,1.0
15039,15040,1.0
15042,18068,1.0
15042,26935,1.0
15042,28516,1.0
15043,22231,1.0
15044,28085,1.0
15045,33868,1.0
15049,16892,1.0
15049,17817,1.0
15050,31645,1.0
15051,29386,1.0
15051,22587,1.0
15051,17144,1.0
15052,17577,1.0
15052,15654,1.0
15053,23207,1.0
15054,15055,1.0
15054,18360,1.0
15054,33326,1.0
15056,16996,1.0
15058,29645,1.0
15058,22551,1.0
15058,15688,1.0
15061,21010,1.0
15064,19408,1.0
15065,23213,1.0
15065,29833,1.0
15065,32323,1.0
15065,16501,1.0
15066,37203,1.0
15068,26493,1.0
15069,25079,1.0
15071,21974,1.0
15077,23752,1.0
15079,15080,1.0
15081,19975,1.0
15082,15083,1.0
15082,17963,1.0
15082,22044,1.0
15084,31113,1.0
15085,15086,1.0
15085,17811,1.0
15090,16282,1.0
15090,20836,1.0
15090,15356,1.0
15092,33245,1.0
15092,18885,1.0
15096,23401,1.0
15096,26268,1.0
15098,23203,1.0
15100,21009,1.0
15104,28016,1.0
15106,26000,1.0
15106,22922,1.0
15106,20436,1.0
15108,25755,1.0
15109,15110,1.0
15110,22926,1.0
15111,21490,1.0
15112,17135,1.0
15113,22580,1.0
15113,22538,1.0
15116,17204,1.0
15118,16211,1.0
15119,15689,1.0
15119,26104,1.0
15119,19950,1.0
15120,17620,1.0
15120,17750,1.0
15121,15568,1.0
15122,16081,1.0
15122,24524,1.0
15125,19334,1.0
15126,36387,1.0
15126,17740,1.0
15127,20436,1.0
15128,18231,1.0
15129,18093,1.0
15130,23036,1.0
15130,16445,1.0
15132,34811,1.0
15135,17235,1.0
15135,17901,1.0
15135,25521,1.0
15137,17426,1.0
15137,30266,1.0
15139,21378,1.0
15139,37625,1.0
15140,18614,1.0
15141,16519,1.0
15141,25325,1.0
15144,16008,1.0
15144,34409,1.0
15145,17449,1.0
15145,19798,1.0
15146,17711,1.0
15147,15148,1.0
15149,19002,1.0
15149,19887,1.0
15150,15151,1.0
15151,19106,1.0
15151,15493,1.0
15151,15152,1.0
15152,15153,1.0
15152,15493,1.0
15152,30865,1.0
15152,24611,1.0
15152,20282,1.0
15152,35437,1.0
15154,29807,1.0
15155,18709,1.0
15155,37041,1.0
15156,15554,1.0
15157,23280,1.0
15158,23932,1.0
15158,30274,1.0
15159,15629,1.0
15160,30973,1.0
15160,17428,1.0
15161,22161,1.0
15161,34645,1.0
15162,16037,1.0
15162,32908,1.0
15163,30849,1.0
15164,17033,1.0
15164,33936,1.0
15165,21146,1.0
15166,15727,1.0
15168,24022,1.0
15169,16168,1.0
15169,22538,1.0
15169,19615,1.0
15170,15319,1.0
15171,15352,1.0
15171,24997,1.0
15172,18349,1.0
15173,25498,1.0
15175,30020,1.0
15176,18626,1.0
15177,26287,1.0
15177,25935,1.0
15178,24061,1.0
15179,20853,1.0
15179,19339,1.0
15180,30450,1.0
15183,15184,1.0
15186,25883,1.0
15187,17555,1.0
15187,36156,1.0
15189,15190,1.0
15189,21226,1.0
15189,29847,1.0
15190,30520,1.0
15190,23703,1.0
15193,16221,1.0
15193,21817,1.0
15193,28258,1.0
15196,34425,1.0
15198,15199,1.0
15199,22417,1.0
15200,15201,1.0
15200,18817,1.0
15200,24064,1.0
15207,20527,1.0
15208,31185,1.0
15208,34494,1.0
15208,24322,1.0
15209,21758,1.0
15211,24253,1.0
15211,31647,1.0
15218,25004,1.0
15219,24203,1.0
15219,33968,1.0
15222,23569,1.0
15223,17049,1.0
15225,22690,1.0
15226,15563,1.0
15227,31090,1.0
15229,21782,1.0
15229,18766,1.0
15230,16404,1.0
15231,26104,1.0
15231,16017,1.0
15231,35009,1.0
15232,18485,1.0
15232,19877,1.0
15233,15234,1.0
15233,20093,1.0
15236,37089,1.0
15238,20180,1.0
15238,33861,1.0
15243,21215,1.0
15243,32660,1.0
15244,22593,1.0
15245,20769,1.0
15246,36778,1.0
15247,17569,1.0
15249,16624,1.0
15249,37373,1.0
15250,15251,1.0
15250,20904,1.0
15253,27853,1.0
15255,23377,1.0
15256,23822,1.0
15257,29384,1.0
15258,22222,1.0
15260,15261,1.0
15261,28348,1.0
15261,22176,1.0
15264,18514,1.0
15265,17824,1.0
15266,18225,1.0
15267,15268,1.0
15267,29931,1.0
15270,15271,1.0
15271,15272,1.0
15271,27480,1.0
15271,32842,1.0
15271,35173,1.0
15271,36086,1.0
15272,15273,1.0
15272,29001,1.0
15272,31524,1.0
15275,24252,1.0
15276,29569,1.0
15277,15278,1.0
15279,29515,1.0
15279,30320,1.0
15279,27793,1.0
15280,16300,1.0
15280,24181,1.0
15280,31715,1.0
15280,17379,1.0
15281,30027,1.0
15282,21002,1.0
15285,15286,1.0
15288,15845,1.0
15288,36379,1.0
15290,17112,1.0
15291,18876,1.0
15291,21258,1.0
15294,25860,1.0
15294,16478,1.0
15297,15298,1.0
15297,16017,1.0
15297,33995,1.0
15298,30169,1.0
15298,25587,1.0
15301,21502,1.0
15301,28478,1.0
15302,30490,1.0
15302,27358,1.0
15302,21972,1.0
15302,20600,1.0
15304,15305,1.0
15306,19240,1.0
15306,28580,1.0
15307,18480,1.0
15309,17395,1.0
15310,15311,1.0
15310,28411,1.0
15311,36085,1.0
15312,22266,1.0
15312,37454,1.0
15313,25111,1.0
15313,34181,1.0
15313,22317,1.0
15313,31825,1.0
15314,20437,1.0
15314,33324,1.0
15315,15720,1.0
15316,24161,1.0
15316,16325,1.0
15318,24780,1.0
15318,31653,1.0
15318,28982,1.0
15320,21166,1.0
15321,23900,1.0
15321,34403,1.0
15322,19054,1.0
15324,18435,1.0
15325,26327,1.0
15327,16298,1.0
15327,16299,1.0
15327,20687,1.0
15328,19055,1.0
15328,27044,1.0
15329,15788,1.0
15330,16446,1.0
15331,26126,1.0
15332,26615,1.0
15335,26510,1.0
15335,22401,1.0
15336,16117,1.0
15337,28800,1.0
15339,15340,1.0
15340,22965,1.0
15340,25081,1.0
15340,25082,1.0
15340,27605,1.0
15340,29683,1.0
15340,30424,1.0
15340,31557,1.0
15340,31990,1.0
15340,15341,1.0
15341,15342,1.0
15341,17519,1.0
15341,37275,1.0
15342,32335,1.0
15342,36280,1.0
15343,21537,1.0
15343,20409,1.0
15343,19053,1.0
15343,31478,1.0
15343,21357,1.0
15343,34926,1.0
15343,19785,1.0
15346,28962,1.0
15346,26908,1.0
15346,23501,1.0
15348,20523,1.0
15348,18443,1.0
15349,25431,1.0
15352,16908,1.0
15352,20374,1.0
15353,26239,1.0
15354,15355,1.0
15357,29949,1.0
15359,16948,1.0
15359,21957,1.0
15360,35945,1.0
15362,31310,1.0
15362,31825,1.0
15369,25170,1.0
15370,30704,1.0
15371,20561,1.0
15372,15603,1.0
15372,21887,1.0
15373,15529,1.0
15373,21746,1.0
15374,22383,1.0
15374,26019,1.0
15375,26346,1.0
15376,27376,1.0
15381,15382,1.0
15382,18158,1.0
15383,30083,1.0
15384,24346,1.0
15384,17353,1.0
15387,25160,1.0
15389,15390,1.0
15393,25459,1.0
15393,25330,1.0
15394,15395,1.0
15397,15398,1.0
15398,37369,1.0
15398,37620,1.0
15399,15400,1.0
15401,27557,1.0
15403,15790,1.0
15404,15755,1.0
15406,15407,1.0
15406,25202,1.0
15406,19304,1.0
15407,19799,1.0
15407,35022,1.0
15410,15411,1.0
15412,15413,1.0
15412,27710,1.0
15412,37061,1.0
15412,19866,1.0
15412,18946,1.0
15414,18675,1.0
15414,31300,1.0
15415,22606,1.0
15415,19635,1.0
15416,37439,1.0
15417,18073,1.0
15418,16667,1.0
15419,15420,1.0
15420,15421,1.0
15420,19045,1.0
15420,22775,1.0
15420,35902,1.0
15423,16492,1.0
15423,19419,1.0
15423,21996,1.0
15428,26636,1.0
15428,20494,1.0
15428,21741,1.0
15430,16622,1.0
15430,37085,1.0
15431,27264,1.0
15432,18708,1.0
15432,20524,1.0
15432,18431,1.0
15432,17888,1.0
15434,15435,1.0
15436,15437,1.0
15436,33084,1.0
15436,35192,1.0
15437,17716,1.0
15443,15444,1.0
15446,35139,1.0
15447,23041,1.0
15448,35064,1.0
15448,35302,1.0
15448,24171,1.0
15449,15908,1.0
15450,25560,1.0
15451,20745,1.0
15452,17012,1.0
15452,22426,1.0
15452,18024,1.0
15452,15636,1.0
15453,32638,1.0
15453,18690,1.0
15455,22743,1.0
15458,23848,1.0
15458,21338,1.0
15461,15462,1.0
15461,28099,1.0
15461,29257,1.0
15463,23554,1.0
15464,15668,1.0
15465,22922,1.0
15466,21132,1.0
15466,30282,1.0
15467,25001,1.0
15468,16945,1.0
15470,20215,1.0
15471,35986,1.0
15473,24574,1.0
15473,23730,1.0
15474,15562,1.0
15474,16393,1.0
15475,30096,1.0
15478,18979,1.0
15479,15480,1.0
15479,19864,1.0
15479,33027,1.0
15479,34177,1.0
15480,16789,1.0
15480,25451,1.0
15480,34304,1.0
15480,25334,1.0
15481,15482,1.0
15482,18774,1.0
15482,24748,1.0
15482,17785,1.0
15485,20899,1.0
15486,31458,1.0
15486,33414,1.0
15487,17841,1.0
15488,25638,1.0
15489,21252,1.0
15492,15493,1.0
15492,32712,1.0
15492,32894,1.0
15493,15494,1.0
15493,20712,1.0
15493,20713,1.0
15493,24419,1.0
15493,30864,1.0
15493,20282,1.0
15493,24611,1.0
15493,29268,1.0
15493,28374,1.0
15495,17284,1.0
15495,31415,1.0
15496,26993,1.0
15496,21964,1.0
15496,26439,1.0
15496,19672,1.0
15497,15498,1.0
15498,32827,1.0
15498,30875,1.0
15498,15960,1.0
15500,29945,1.0
15500,29826,1.0
15501,27394,1.0
15504,26924,1.0
15504,35272,1.0
15505,15506,1.0
15510,28739,1.0
15510,18811,1.0
15514,15846,1.0
15515,15549,1.0
15515,16595,1.0
15516,26508,1.0
15516,33235,1.0
15517,16797,1.0
15519,37592,1.0
15520,15521,1.0
15523,15524,1.0
15525,25036,1.0
15527,21762,1.0
15529,16199,1.0
15531,15532,1.0
15532,35626,1.0
15534,17050,1.0
15535,28041,1.0
15536,15537,1.0
15538,18536,1.0
15540,16344,1.0
15541,19652,1.0
15542,16687,1.0
15543,30519,1.0
15543,37570,1.0
15551,20066,1.0
15551,27662,1.0
15551,37114,1.0
15552,28442,1.0
15552,25104,1.0
15552,18875,1.0
15553,24603,1.0
15554,27421,1.0
15554,18105,1.0
15555,17764,1.0
15556,28997,1.0
15556,31077,1.0
15559,21151,1.0
15559,29738,1.0
15559,16537,1.0
15560,18623,1.0
15560,18624,1.0
15560,22666,1.0
15560,25077,1.0
15560,31592,1.0
15561,25664,1.0
15562,23322,1.0
15564,15899,1.0
15565,21880,1.0
15567,17592,1.0
15567,22526,1.0
15567,34222,1.0
15568,31286,1.0
15570,17097,1.0
15575,16890,1.0
15576,17933,1.0
15579,25770,1.0
15579,24343,1.0
15579,33551,1.0
15581,15766,1.0
15583,25669,1.0
15583,16973,1.0
15583,17757,1.0
15587,15588,1.0
15588,15589,1.0
15588,20124,1.0
15588,20125,1.0
15588,22747,1.0
15588,29748,1.0
15589,15590,1.0
15589,22748,1.0
15591,25452,1.0
15591,31621,1.0
15593,24294,1.0
15595,24044,1.0
15600,18864,1.0
15600,17543,1.0
15601,29832,1.0
15606,25388,1.0
15608,34145,1.0
15610,16414,1.0
15611,17351,1.0
15612,18683,1.0
15615,28624,1.0
15621,22962,1.0
15622,17057,1.0
15622,27483,1.0
15622,24795,1.0
15623,15624,1.0
15624,15625,1.0
15624,16078,1.0
15627,15628,1.0
15629,34091,1.0
15630,30760,1.0
15631,33178,1.0
15633,22279,1.0
15634,28017,1.0
15634,25737,1.0
15635,17062,1.0
15636,29411,1.0
15637,25993,1.0
15638,19351,1.0
15639,15640,1.0
15639,20514,1.0
15639,27697,1.0
15639,16855,1.0
15639,33200,1.0
15639,24560,1.0
15639,18040,1.0
15641,16642,1.0
15641,32383,1.0
15643,20183,1.0
15645,15646,1.0
15645,25206,1.0
15645,25207,1.0
15645,26545,1.0
15645,30700,1.0
15645,23499,1.0
15645,32794,1.0
15645,30205,1.0
15645,28818,1.0
15648,15649,1.0
15650,16687,1.0
15650,33653,1.0
15652,17548,1.0
15654,27425,1.0
15654,25848,1.0
15655,19733,1.0
15656,17656,1.0
15657,20491,1.0
15660,37237,1.0
15662,15663,1.0
15666,35719,1.0
15667,32700,1.0
15670,22404,1.0
15673,25768,1.0
15674,24287,1.0
15675,27170,1.0
15675,15705,1.0
15675,31581,1.0
15677,21427,1.0
15680,18369,1.0
15681,19504,1.0
15681,16634,1.0
15682,20110,1.0
15684,16003,1.0
15684,16724,1.0
15684,23047,1.0
15685,24374,1.0
15685,21380,1.0
15686,23407,1.0
15686,32082,1.0
15689,21420,1.0
15689,21709,1.0
15690,18509,1.0
15692,34497,1.0
15694,18669,1.0
15695,33437,1.0
15696,24073,1.0
15697,24170,1.0
15697,18878,1.0
15697,20764,1.0
15698,21488,1.0
15698,18799,1.0
15698,25014,1.0
15698,16441,1.0
15699,15700,1.0
15699,30969,1.0
15700,34969,1.0
15703,15704,1.0
15703,23240,1.0
15706,16385,1.0
15708,27603,1.0
15708,22976,1.0
15708,20767,1.0
15709,21931,1.0
15710,15711,1.0
15710,18575,1.0
15716,21529,1.0
15716,20568,1.0
15718,22994,1.0
15719,16188,1.0
15724,19412,1.0
15725,22759,1.0
15725,23732,1.0
15726,16097,1.0
15727,20157,1.0
15729,15730,1.0
15729,32637,1.0
15732,16274,1.0
15732,16764,1.0
15733,15734,1.0
15733,37356,1.0
15735,22580,1.0
15736,25777,1.0
15737,17530,1.0
15738,15739,1.0
15740,17769,1.0
15741,16333,1.0
15742,22489,1.0
15745,25904,1.0
15745,33812,1.0
15747,26427,1.0
15747,18911,1.0
15747,24823,1.0
15748,29485,1.0
15749,24600,1.0
15749,21156,1.0
15749,24582,1.0
15750,21379,1.0
15751,21782,1.0
15752,16491,1.0
15755,24601,1.0
15756,15757,1.0
15756,18222,1.0
15758,21168,1.0
15759,15760,1.0
15759,21566,1.0
15759,31903,1.0
15759,29468,1.0
15763,37210,1.0
15763,24936,1.0
15764,27999,1.0
15764,23520,1.0
15764,16442,1.0
15766,27138,1.0
15767,17964,1.0
15767,18174,1.0
15768,15769,1.0
15768,22986,1.0
15768,18654,1.0
15770,27292,1.0
15771,17693,1.0
15771,18215,1.0
15772,15773,1.0
15773,15774,1.0
15773,17133,1.0
15773,20672,1.0
15773,16775,1.0
15773,35335,1.0
15774,36425,1.0
15776,21459,1.0
15777,27879,1.0
15779,17372,1.0
15780,15781,1.0
15782,15783,1.0
15783,30479,1.0
15783,32863,1.0
15783,24663,1.0
15783,31791,1.0
15783,34652,1.0
15783,15784,1.0
15784,19840,1.0
15784,35200,1.0
15784,15803,1.0
15785,15786,1.0
15785,24649,1.0
15785,26798,1.0
15785,21713,1.0
15786,24042,1.0
15787,19738,1.0
15787,17276,1.0
15788,18022,1.0
15788,20226,1.0
15789,20357,1.0
15789,28011,1.0
15789,20898,1.0
15793,32636,1.0
15793,30283,1.0
15793,24293,1.0
15794,17588,1.0
15797,24687,1.0
15800,23127,1.0
15801,27943,1.0
15801,26699,1.0
15802,19074,1.0
15802,22675,1.0
15804,32718,1.0
15808,18057,1.0
15809,36317,1.0
15809,19150,1.0
15810,29429,1.0
15812,15813,1.0
15813,21090,1.0
15817,36568,1.0
15820,24300,1.0
15821,15822,1.0
15821,32363,1.0
15824,17472,1.0
15825,26202,1.0
15825,29935,1.0
15827,19824,1.0
15829,15830,1.0
15831,25692,1.0
15831,24482,1.0
15833,23032,1.0
15834,34003,1.0
15836,27234,1.0
15837,15838,1.0
15837,16480,1.0
15837,30160,1.0
15839,25180,1.0
15840,15841,1.0
15840,31758,1.0
15843,15844,1.0
15845,36157,1.0
15847,17282,1.0
15847,30670,1.0
15849,15850,1.0
15850,15851,1.0
15850,27502,1.0
15850,31977,1.0
15850,26112,1.0
15850,34191,1.0
15850,20054,1.0
15851,15852,1.0
15851,30128,1.0
15853,17527,1.0
15853,17595,1.0
15854,23179,1.0
15854,23950,1.0
15854,24593,1.0
15855,15856,1.0
15856,15857,1.0
15856,17908,1.0
15856,29956,1.0
15856,35495,1.0
15856,29960,1.0
15857,26472,1.0
15858,24059,1.0
15858,19835,1.0
15858,29394,1.0
15859,23737,1.0
15860,15944,1.0
15860,22548,1.0
15863,16741,1.0
15863,35835,1.0
15864,29569,1.0
15865,20767,1.0
15868,33520,1.0
15870,16654,1.0
15873,22522,1.0
15873,17142,1.0
15875,24713,1.0
15875,21408,1.0
15876,26552,1.0
15879,17850,1.0
15879,16132,1.0
15879,17223,1.0
15880,29950,1.0
15882,20418,1.0
15883,19322,1.0
15885,15886,1.0
15887,15888,1.0
15887,26725,1.0
15887,33687,1.0
15888,35275,1.0
15894,15895,1.0
15896,19628,1.0
15896,32106,1.0
15897,19153,1.0
15897,24418,1.0
15898,32197,1.0
15899,16492,1.0
15903,37057,1.0
15904,16548,1.0
15904,34887,1.0
15905,19218,1.0
15905,35149,1.0
15906,17270,1.0
15907,24417,1.0
15907,25702,1.0
15907,31418,1.0
15910,34705,1.0
15911,30333,1.0
15911,26433,1.0
15912,17311,1.0
15912,35484,1.0
15914,16639,1.0
15914,24310,1.0
15914,17703,1.0
15919,23482,1.0
15920,15921,1.0
15920,18278,1.0
15920,20888,1.0
15920,22642,1.0
15920,24088,1.0
15920,27781,1.0
15920,31494,1.0
15920,21826,1.0
15921,15922,1.0
15921,16277,1.0
15921,26999,1.0
15921,30075,1.0
15921,31494,1.0
15921,28801,1.0
15921,29615,1.0
15921,16276,1.0
15927,19643,1.0
15928,22713,1.0
15932,20467,1.0
15932,28985,1.0
15932,24285,1.0
15933,22893,1.0
15933,19396,1.0
15934,23934,1.0
15936,18766,1.0
15936,19755,1.0
15939,25736,1.0
15941,21310,1.0
15943,20522,1.0
15943,23003,1.0
15945,16403,1.0
15946,24699,1.0
15946,16781,1.0
15946,27930,1.0
15947,17426,1.0
15948,15949,1.0
15951,26185,1.0
15952,28383,1.0
15955,19199,1.0
15958,15959,1.0
15959,27854,1.0
15959,29880,1.0
15959,27366,1.0
15959,23772,1.0
15960,19368,1.0
15960,28448,1.0
15960,31448,1.0
15961,17377,1.0
15967,20739,1.0
15967,22635,1.0
15967,33351,1.0
15968,22219,1.0
15968,31734,1.0
15969,18156,1.0
15971,15972,1.0
15973,25056,1.0
15974,22184,1.0
15974,22633,1.0
15977,25788,1.0
15979,26611,1.0
15979,16339,1.0
15979,34176,1.0
15979,32194,1.0
15981,37246,1.0
15982,16980,1.0
15983,30948,1.0
15983,35658,1.0
15983,30093,1.0
15983,31125,1.0
15985,31103,1.0
15988,24169,1.0
15988,26980,1.0
15988,36794,1.0
15989,15990,1.0
15989,32750,1.0
15989,28259,1.0
15994,19694,1.0
15994,29644,1.0
15996,15997,1.0
15997,23878,1.0
15998,17853,1.0
15999,16000,1.0
15999,24963,1.0
16000,18807,1.0
16001,24117,1.0
16004,17521,1.0
16005,18378,1.0
16008,20684,1.0
16009,20974,1.0
16011,33168,1.0
16013,16014,1.0
16014,21946,1.0
16016,20372,1.0
16016,16710,1.0
16016,29357,1.0
16017,33880,1.0
16018,23108,1.0
16019,25123,1.0
16019,18072,1.0
16020,24681,1.0
16021,18716,1.0
16023,20232,1.0
16024,25225,1.0
16027,24992,1.0
16027,29164,1.0
16028,24177,1.0
16029,18505,1.0
16033,18027,1.0
16033,23651,1.0
16034,22103,1.0
16037,25274,1.0
16039,22053,1.0
16039,18218,1.0
16040,18748,1.0
16040,21289,1.0
16041,17971,1.0
16041,20451,1.0
16042,16702,1.0
16042,16641,1.0
16043,31431,1.0
16044,16045,1.0
16044,21652,1.0
16044,22155,1.0
16046,27029,1.0
16047,27492,1.0
16048,16049,1.0
16050,22381,1.0
16052,16053,1.0
16055,16056,1.0
16056,16057,1.0
16056,22848,1.0
16056,18282,1.0
16056,18723,1.0
16056,30902,1.0
16056,18240,1.0
16057,16058,1.0
16057,18723,1.0
16059,29178,1.0
16059,36902,1.0
16059,29176,1.0
16061,22141,1.0
16062,16366,1.0
16065,26981,1.0
16066,16067,1.0
16068,22287,1.0
16068,24309,1.0
16068,16969,1.0
16070,16140,1.0
16071,24248,1.0
16073,20432,1.0
16073,18201,1.0
16073,22580,1.0
16074,16075,1.0
16076,16077,1.0
16078,16079,1.0
16078,20159,1.0
16078,29713,1.0
16078,32568,1.0
16079,32568,1.0
16079,23921,1.0
16079,33568,1.0
16080,25658,1.0
16081,21987,1.0
16082,16724,1.0
16082,26000,1.0
16082,26070,1.0
16086,21231,1.0
16086,16806,1.0
16086,19646,1.0
16087,24005,1.0
16088,32982,1.0
16088,37355,1.0
16089,18329,1.0
16089,17194,1.0
16089,28574,1.0
16090,16091,1.0
16090,24842,1.0
16090,32375,1.0
16091,24236,1.0
16092,17052,1.0
16092,24571,1.0
16093,22506,1.0
16095,17675,1.0
16098,24174,1.0
16099,23144,1.0
16099,20741,1.0
16100,21825,1.0
16100,33537,1.0
16103,16104,1.0
16104,19687,1.0
16104,22346,1.0
16104,27516,1.0
16104,18395,1.0
16104,16105,1.0
16105,16106,1.0
16105,24403,1.0
16105,22346,1.0
16105,33052,1.0
16109,33404,1.0
16111,31875,1.0
16112,17235,1.0
16112,21249,1.0
16113,26548,1.0
16114,16115,1.0
16114,21820,1.0
16116,23100,1.0
16117,16795,1.0
16117,21671,1.0
16120,33285,1.0
16120,36499,1.0
16122,30429,1.0
16122,17702,1.0
16122,36364,1.0
16124,23015,1.0
16126,17669,1.0
16126,17653,1.0
16127,24939,1.0
16129,19014,1.0
16130,17714,1.0
16131,17357,1.0
16132,23335,1.0
16132,20341,1.0
16135,17545,1.0
16135,29971,1.0
16136,16137,1.0
16137,21292,1.0
16137,19248,1.0
16138,26297,1.0
16139,24121,1.0
16140,23533,1.0
16141,17558,1.0
16141,24060,1.0
16141,26044,1.0
16142,18932,1.0
16143,20404,1.0
16146,34601,1.0
16146,30959,1.0
16146,35801,1.0
16147,23092,1.0
16147,26959,1.0
16149,28529,1.0
16151,17703,1.0
16151,18516,1.0
16155,32316,1.0
16155,18003,1.0
16158,29886,1.0
16160,20980,1.0
16162,21556,1.0
16162,33742,1.0
16163,26253,1.0
16163,19776,1.0
16163,22976,1.0
16163,20651,1.0
16165,19263,1.0
16166,28578,1.0
16166,22308,1.0
16166,17795,1.0
16169,21767,1.0
16171,18072,1.0
16173,19277,1.0
16175,22903,1.0
16176,16177,1.0
16176,18459,1.0
16176,19850,1.0
16182,16183,1.0
16186,23193,1.0
16187,30843,1.0
16189,19845,1.0
16189,28969,1.0
16190,19058,1.0
16190,29214,1.0
16191,18768,1.0
16194,29651,1.0
16196,17731,1.0
16196,16553,1.0
16196,25342,1.0
16200,31671,1.0
16206,16207,1.0
16206,24772,1.0
16213,16214,1.0
16213,20197,1.0
16215,16216,1.0
16218,20233,1.0
16218,34921,1.0
16219,16746,1.0
16220,26643,1.0
16220,16305,1.0
16221,24218,1.0
16222,16223,1.0
16225,32139,1.0
16225,20906,1.0
16225,31252,1.0
16226,16227,1.0
16226,16582,1.0
16229,23552,1.0
16230,16231,1.0
16230,17848,1.0
16230,16313,1.0
16233,16234,1.0
16233,28656,1.0
16233,37096,1.0
16234,20073,1.0
16234,30330,1.0
16235,16711,1.0
16237,21095,1.0
16237,19446,1.0
16237,18152,1.0
16238,25766,1.0
16238,29813,1.0
16244,22930,1.0
16246,16247,1.0
16247,37184,1.0
16251,16252,1.0
16254,16255,1.0
16254,18716,1.0
16256,21230,1.0
16256,22918,1.0
16256,22248,1.0
16257,24170,1.0
16257,17792,1.0
16257,23638,1.0
16263,16264,1.0
16263,17437,1.0
16265,16266,1.0
16265,19736,1.0
16265,32494,1.0
16265,36939,1.0
16268,33141,1.0
16269,26889,1.0
16269,19967,1.0
16269,37214,1.0
16270,24549,1.0
16270,35000,1.0
16271,20620,1.0
16273,17361,1.0
16273,18456,1.0
16274,18307,1.0
16274,21590,1.0
16278,16279,1.0
16278,27626,1.0
16279,22830,1.0
16279,16885,1.0
16280,33266,1.0
16281,17049,1.0
16283,16284,1.0
16284,35909,1.0
16284,16939,1.0
16285,17147,1.0
16286,23803,1.0
16286,37467,1.0
16287,16288,1.0
16289,27759,1.0
16289,33772,1.0
16290,26927,1.0
16292,31013,1.0
16293,34348,1.0
16294,27976,1.0
16294,37328,1.0
16294,28208,1.0
16297,16298,1.0
16297,20250,1.0
16298,20472,1.0
16299,36560,1.0
16300,16301,1.0
16300,17379,1.0
16300,25378,1.0
16300,26557,1.0
16300,32191,1.0
16302,20649,1.0
16304,25794,1.0
16304,27880,1.0
16305,18187,1.0
16305,24784,1.0
16307,16308,1.0
16309,21424,1.0
16309,23979,1.0
16310,16311,1.0
16310,21735,1.0
16310,32828,1.0
16310,21012,1.0
16310,23497,1.0
16310,27267,1.0
16312,19556,1.0
16313,21004,1.0
16314,18835,1.0
16315,16316,1.0
16315,18206,1.0
16315,25673,1.0
16317,25090,1.0
16319,16320,1.0
16324,27064,1.0
16327,30616,1.0
16328,16329,1.0
16330,20938,1.0
16330,17282,1.0
16331,29871,1.0
16332,19940,1.0
16332,32967,1.0
16336,16337,1.0
16337,21846,1.0
16337,36143,1.0
16337,27900,1.0
16339,29367,1.0
16340,16341,1.0
16340,19049,1.0
16343,18824,1.0
16346,18600,1.0
16346,30811,1.0
16350,23574,1.0
16350,27859,1.0
16351,19353,1.0
16351,18402,1.0
16353,22799,1.0
16354,23793,1.0
16355,23682,1.0
16356,16357,1.0
16358,23852,1.0
16359,20991,1.0
16362,16363,1.0
16362,27205,1.0
16362,29144,1.0
16362,33242,1.0
16362,35456,1.0
16362,35549,1.0
16362,27204,1.0
16364,17167,1.0
16365,28048,1.0
16365,25674,1.0
16365,33281,1.0
16368,16369,1.0
16369,16370,1.0
16369,29249,1.0
16370,36497,1.0
16370,16371,1.0
16371,16372,1.0
16371,17908,1.0
16371,17909,1.0
16371,26423,1.0
16371,32791,1.0
16371,35082,1.0
16371,34319,1.0
16373,32516,1.0
16373,29145,1.0
16374,17091,1.0
16380,18650,1.0
16381,18197,1.0
16382,25148,1.0
16382,16799,1.0
16386,27976,1.0
16387,17193,1.0
16387,16907,1.0
16388,26845,1.0
16390,17007,1.0
16394,24801,1.0
16395,36299,1.0
16398,21891,1.0
16399,23559,1.0
16399,28844,1.0
16400,20258,1.0
16400,16955,1.0
16400,21674,1.0
16401,21347,1.0
16402,21276,1.0
16402,19380,1.0
16404,18367,1.0
16404,18900,1.0
16405,18170,1.0
16406,25807,1.0
16408,20099,1.0
16411,18446,1.0
16412,21580,1.0
16412,20373,1.0
16412,22203,1.0
16415,24995,1.0
16417,26048,1.0
16417,19635,1.0
16417,20339,1.0
16418,20345,1.0
16420,16421,1.0
16423,16424,1.0
16426,24538,1.0
16427,27081,1.0
16429,17422,1.0
16429,26842,1.0
16430,34258,1.0
16432,32839,1.0
16433,27872,1.0
16434,17124,1.0
16438,18220,1.0
16439,16440,1.0
16439,16464,1.0
16439,31242,1.0
16439,33447,1.0
16439,34446,1.0
16439,20585,1.0
16442,16443,1.0
16442,30924,1.0
16447,22420,1.0
16448,16449,1.0
16449,21693,1.0
16449,19159,1.0
16451,20087,1.0
16452,23118,1.0
16453,24676,1.0
16453,20061,1.0
16458,20678,1.0
16459,32389,1.0
16461,31920,1.0
16462,28687,1.0
16462,29282,1.0
16463,17216,1.0
16464,16465,1.0
16464,24666,1.0
16464,19983,1.0
16464,24616,1.0
16464,32129,1.0
16464,30187,1.0
16470,19463,1.0
16471,20796,1.0
16471,19333,1.0
16474,34337,1.0
16475,21083,1.0
16475,21454,1.0
16476,25974,1.0
16477,34602,1.0
16477,36897,1.0
16477,33191,1.0
16477,27240,1.0
16478,18209,1.0
16478,17579,1.0
16480,28528,1.0
16480,22630,1.0
16483,21280,1.0
16485,20422,1.0
16488,22334,1.0
16488,34149,1.0
16492,16493,1.0
16492,16736,1.0
16495,28289,1.0
16497,33536,1.0
16500,16501,1.0
16502,21418,1.0
16502,22391,1.0
16502,36254,1.0
16502,29074,1.0
16503,27709,1.0
16503,17662,1.0
16503,23566,1.0
16505,26887,1.0
16505,31127,1.0
16505,19356,1.0
16506,18444,1.0
16506,32578,1.0
16507,26575,1.0
16509,16510,1.0
16510,16511,1.0
16510,28795,1.0
16510,31719,1.0
16512,31044,1.0
16513,22277,1.0
16514,20793,1.0
16515,22768,1.0
16515,26713,1.0
16515,31642,1.0
16516,36555,1.0
16517,16518,1.0
16520,20264,1.0
16520,29781,1.0
16522,22059,1.0
16526,24086,1.0
16526,23885,1.0
16527,21547,1.0
16527,17170,1.0
16527,18939,1.0
16528,29095,1.0
16528,26234,1.0
16529,16530,1.0
16535,17640,1.0
16536,16537,1.0
16536,20697,1.0
16537,30436,1.0
16538,19031,1.0
16539,20118,1.0
16539,21771,1.0
16540,18130,1.0
16542,34877,1.0
16542,31251,1.0
16543,24965,1.0
16544,30295,1.0
16544,20969,1.0
16544,19765,1.0
16545,24950,1.0
16546,16824,1.0
16546,19665,1.0
16546,25147,1.0
16547,35130,1.0
16548,17429,1.0
16548,23887,1.0
16549,18196,1.0
16549,25399,1.0
16550,16551,1.0
16551,19414,1.0
16551,25390,1.0
16552,24691,1.0
16552,35809,1.0
16553,29829,1.0
16553,30566,1.0
16553,31288,1.0
16554,19019,1.0
16556,22836,1.0
16556,27708,1.0
16557,16558,1.0
16559,37154,1.0
16560,18764,1.0
16563,20011,1.0
16564,21559,1.0
16565,29882,1.0
16570,16571,1.0
16572,27295,1.0
16573,21035,1.0
16573,17655,1.0
16574,25238,1.0
16574,20421,1.0
16574,28736,1.0
16575,16576,1.0
16576,16577,1.0
16579,16580,1.0
16581,31446,1.0
16584,16585,1.0
16586,21430,1.0
16587,18635,1.0
16587,16911,1.0
16588,18344,1.0
16589,26265,1.0
16590,26620,1.0
16590,20127,1.0
16591,22786,1.0
16593,16594,1.0
16595,16596,1.0
16595,18682,1.0
16600,24208,1.0
16602,26135,1.0
16603,31230,1.0
16603,31503,1.0
16604,34279,1.0
16607,17279,1.0
16608,16867,1.0
16609,23393,1.0
16611,35825,1.0
16613,24358,1.0
16614,16615,1.0
16616,30241,1.0
16617,20465,1.0
16618,19413,1.0
16618,17765,1.0
16620,27244,1.0
16621,24983,1.0
16622,30528,1.0
16624,19445,1.0
16629,30035,1.0
16629,37478,1.0
16630,22009,1.0
16630,24063,1.0
16632,25746,1.0
16632,30305,1.0
16635,24201,1.0
16635,27022,1.0
16635,24435,1.0
16635,27172,1.0
16636,32565,1.0
16637,22686,1.0
16638,33737,1.0
16638,31915,1.0
16640,23686,1.0
16641,16825,1.0
16642,27952,1.0
16643,17899,1.0
16644,26502,1.0
16644,23664,1.0
16644,23028,1.0
16644,24177,1.0
16648,20413,1.0
16649,30203,1.0
16650,25113,1.0
16650,21076,1.0
16650,19295,1.0
16651,19683,1.0
16651,16800,1.0
16654,24922,1.0
16657,19191,1.0
16658,16659,1.0
16658,23242,1.0
16661,19340,1.0
16661,26957,1.0
16661,34383,1.0
16667,18093,1.0
16667,22078,1.0
16668,19480,1.0
16670,30280,1.0
16670,31631,1.0
16672,27498,1.0
16676,24142,1.0
16676,30537,1.0
16678,16679,1.0
16680,23762,1.0
16680,20783,1.0
16680,26669,1.0
16681,34488,1.0
16682,16683,1.0
16685,16686,1.0
16685,33859,1.0
16687,22334,1.0
16689,31108,1.0
16689,32255,1.0
16698,16699,1.0
16699,16700,1.0
16699,22991,1.0
16703,29445,1.0
16704,31273,1.0
16704,25151,1.0
16705,16706,1.0
16705,24344,1.0
16712,22645,1.0
16712,30989,1.0
16715,25982,1.0
16715,28574,1.0
16715,31079,1.0
16717,17751,1.0
16719,21317,1.0
16720,28013,1.0
16721,30009,1.0
16722,25472,1.0
16722,19239,1.0
16724,20274,1.0
16725,32739,1.0
16725,32822,1.0
16725,25077,1.0
16727,16728,1.0
16728,18134,1.0
16728,24031,1.0
16734,20371,1.0
16735,19362,1.0
16735,17178,1.0
16736,21841,1.0
16737,20245,1.0
16739,19201,1.0
16740,28556,1.0
16743,17288,1.0
16747,16748,1.0
16747,24703,1.0
16747,26117,1.0
16750,23171,1.0
16750,20492,1.0
16750,22126,1.0
16753,18025,1.0
16754,16755,1.0
16756,16757,1.0
16757,16758,1.0
16757,22848,1.0
16758,16759,1.0
16758,21320,1.0
16758,26094,1.0
16764,20677,1.0
16765,20198,1.0
16766,29897,1.0
16766,18994,1.0
16766,20978,1.0
16766,28136,1.0
16767,21136,1.0
16767,20258,1.0
16767,37307,1.0
16768,17793,1.0
16770,16771,1.0
16773,31673,1.0
16773,31391,1.0
16773,23678,1.0
16774,16775,1.0
16775,16776,1.0
16776,16777,1.0
16776,20124,1.0
16776,26526,1.0
16776,34970,1.0
16780,17425,1.0
16780,20434,1.0
16780,26701,1.0
16781,22149,1.0
16781,18556,1.0
16782,24760,1.0
16783,19822,1.0
16787,19710,1.0
16788,29234,1.0
16790,36362,1.0
16791,16792,1.0
16791,16793,1.0
16791,19489,1.0
16791,19490,1.0
16791,20864,1.0
16791,24318,1.0
16794,19949,1.0
16795,17200,1.0
16795,17434,1.0
16796,36803,1.0
16796,25035,1.0
16796,20192,1.0
16798,16799,1.0
16799,21940,1.0
16800,19493,1.0
16801,18925,1.0
16801,16888,1.0
16802,19160,1.0
16802,20839,1.0
16803,17975,1.0
16804,20868,1.0
16807,21560,1.0
16810,21001,1.0
16810,23225,1.0
16810,17926,1.0
16811,23120,1.0
16811,23058,1.0
16811,28095,1.0
16813,22663,1.0
16814,16815,1.0
16814,22841,1.0
16814,26363,1.0
16815,26363,1.0
16815,30636,1.0
16815,22841,1.0
16818,18445,1.0
16822,16823,1.0
16824,20710,1.0
16825,23904,1.0
16825,24324,1.0
16828,18806,1.0
16829,20213,1.0
16830,17747,1.0
16830,21040,1.0
16832,16833,1.0
16835,17844,1.0
16836,35471,1.0
16836,33739,1.0
16837,30416,1.0
16837,20834,1.0
16837,17427,1.0
16839,16840,1.0
16841,37386,1.0
16842,19156,1.0
16842,27136,1.0
16842,30476,1.0
16844,17179,1.0
16845,16846,1.0
16845,18292,1.0
16845,17164,1.0
16846,19872,1.0
16847,17803,1.0
16848,26975,1.0
16848,29951,1.0
16851,22350,1.0
16851,22514,1.0
16854,16855,1.0
16855,20695,1.0
16855,27973,1.0
16855,27974,1.0
16855,16856,1.0
16856,22557,1.0
16856,16857,1.0
16856,27697,1.0
16856,30363,1.0
16856,34038,1.0
16856,35286,1.0
16858,29458,1.0
16859,18766,1.0
16861,21187,1.0
16861,26703,1.0
16863,35649,1.0
16864,37553,1.0
16865,25755,1.0
16866,24940,1.0
16866,17513,1.0
16866,24919,1.0
16866,27603,1.0
16867,16868,1.0
16867,21715,1.0
16872,34858,1.0
16873,24648,1.0
16874,18217,1.0
16874,23070,1.0
16874,22201,1.0
16875,22046,1.0
16875,27333,1.0
16877,16878,1.0
16878,16879,1.0
16878,21630,1.0
16878,21631,1.0
16878,35474,1.0
16887,22352,1.0
16888,30439,1.0
16891,24635,1.0
16897,19257,1.0
16899,17998,1.0
16899,22643,1.0
16899,27323,1.0
16900,17789,1.0
16901,24025,1.0
16901,18959,1.0
16901,18832,1.0
16902,29530,1.0
16902,18926,1.0
16902,25252,1.0
16903,16904,1.0
16903,20642,1.0
16906,23637,1.0
16908,18930,1.0
16909,17857,1.0
16910,18850,1.0
16910,21447,1.0
16910,20618,1.0
16911,19517,1.0
16911,21312,1.0
16912,16913,1.0
16913,20556,1.0
16913,20557,1.0
16913,20826,1.0
16913,20827,1.0
16913,26407,1.0
16913,19347,1.0
16913,27245,1.0
16914,31187,1.0
16916,20656,1.0
16916,28773,1.0
16916,28893,1.0
16916,20533,1.0
16917,16918,1.0
16919,21146,1.0
16922,17825,1.0
16923,24498,1.0
16923,23663,1.0
16923,20390,1.0
16924,37124,1.0
16925,16926,1.0
16926,16929,1.0
16926,24618,1.0
16926,28689,1.0
16926,33257,1.0
16926,34549,1.0
16926,28214,1.0
16927,16928,1.0
16928,31148,1.0
16928,34548,1.0
16928,34638,1.0
16928,35235,1.0
16929,17201,1.0
16929,17202,1.0
16929,19374,1.0
16929,32810,1.0
16930,26578,1.0
16930,17822,1.0
16931,19022,1.0
16931,19310,1.0
16931,23785,1.0
16934,17292,1.0
16935,18029,1.0
16935,23982,1.0
16937,19464,1.0
16937,20964,1.0
16937,17923,1.0
16940,24198,1.0
16940,22316,1.0
16941,20909,1.0
16942,17910,1.0
16942,18049,1.0
16943,22080,1.0
16944,25121,1.0
16946,16947,1.0
16948,26923,1.0
16950,16951,1.0
16950,22592,1.0
16950,21262,1.0
16950,27257,1.0
16951,16952,1.0
16951,27257,1.0
16951,27270,1.0
16954,18963,1.0
16954,21362,1.0
16954,18627,1.0
16955,20144,1.0
16955,21645,1.0
16957,35239,1.0
16960,16961,1.0
16962,25405,1.0
16962,17797,1.0
16962,23281,1.0
16963,16964,1.0
16964,20079,1.0
16964,27472,1.0
16964,30723,1.0
16964,31637,1.0
16964,34056,1.0
16964,35640,1.0
16964,33668,1.0
16965,16966,1.0
16971,18469,1.0
16971,31916,1.0
16972,18492,1.0
16972,20149,1.0
16973,17050,1.0
16973,27183,1.0
16974,20655,1.0
16974,21335,1.0
16974,33637,1.0
16975,21618,1.0
16976,16977,1.0
16978,18984,1.0
16979,21354,1.0
16979,22961,1.0
16980,26210,1.0
16980,26804,1.0
16981,19955,1.0
16986,16987,1.0
16989,19122,1.0
16990,16991,1.0
16992,23168,1.0
16993,25716,1.0
16994,23664,1.0
16996,25547,1.0
16996,19224,1.0
16998,19842,1.0
16998,19133,1.0
16999,17000,1.0
17000,28123,1.0
17000,31780,1.0
17000,31781,1.0
17000,32842,1.0
17000,32843,1.0
17000,28952,1.0
17003,26136,1.0
17004,20799,1.0
17006,30325,1.0
17006,34897,1.0
17007,21074,1.0
17007,28532,1.0
17007,29645,1.0
17013,20899,1.0
17014,18560,1.0
17016,22610,1.0
17016,18406,1.0
17016,19482,1.0
17018,25691,1.0
17018,34817,1.0
17018,32298,1.0
17020,18584,1.0
17021,20049,1.0
17021,33630,1.0
17024,17025,1.0
17024,32351,1.0
17024,34838,1.0
17025,32032,1.0
17025,36418,1.0
17026,19066,1.0
17027,18463,1.0
17028,21738,1.0
17029,17387,1.0
17031,21100,1.0
17032,18217,1.0
17035,18156,1.0
17037,20511,1.0
17039,34313,1.0
17040,22367,1.0
17042,29263,1.0
17043,17044,1.0
17044,17045,1.0
17044,21726,1.0
17045,21726,1.0
17045,26190,1.0
17045,18920,1.0
17045,27946,1.0
17045,36025,1.0
17046,24042,1.0
17047,17048,1.0
17047,23415,1.0
17050,22577,1.0
17050,17823,1.0
17051,22084,1.0
17052,22039,1.0
17054,17145,1.0
17056,25802,1.0
17056,24430,1.0
17058,22365,1.0
17059,20404,1.0
17060,17061,1.0
17061,19889,1.0
17063,36462,1.0
17063,20058,1.0
17064,17120,1.0
17064,34441,1.0
17065,17066,1.0
17065,17835,1.0
17067,21530,1.0
17067,23154,1.0
17067,27799,1.0
17069,17408,1.0
17069,26359,1.0
17069,17938,1.0
17069,32091,1.0
17071,17072,1.0
17074,32502,1.0
17074,17233,1.0
17074,24640,1.0
17077,17078,1.0
17078,27692,1.0
17078,27693,1.0
17078,30371,1.0
17078,32719,1.0
17078,33284,1.0
17078,34452,1.0
17078,31119,1.0
17079,25176,1.0
17080,17081,1.0
17080,18893,1.0
17080,22765,1.0
17080,28854,1.0
17080,23464,1.0
17080,34944,1.0
17080,31296,1.0
17083,23869,1.0
17084,21049,1.0
17084,35011,1.0
17088,17089,1.0
17089,17090,1.0
17089,17668,1.0
17089,27945,1.0
17089,34641,1.0
17089,25197,1.0
17091,17092,1.0
17094,31039,1.0
17094,24289,1.0
17095,17096,1.0
17099,19287,1.0
17100,31569,1.0
17103,19542,1.0
17109,19355,1.0
17109,22602,1.0
17110,34083,1.0
17110,26101,1.0
17110,35948,1.0
17114,20229,1.0
17114,26100,1.0
17115,21835,1.0
17115,22360,1.0
17116,17117,1.0
17117,17118,1.0
17117,28571,1.0
17119,26492,1.0
17120,21987,1.0
17121,23822,1.0
17121,19316,1.0
17123,21109,1.0
17123,33259,1.0
17124,24435,1.0
17124,17686,1.0
17127,20981,1.0
17127,36093,1.0
17132,23609,1.0
17134,33752,1.0
17134,33044,1.0
17135,18635,1.0
17135,23677,1.0
17137,18984,1.0
17137,34572,1.0
17138,17139,1.0
17138,19039,1.0
17138,22318,1.0
17140,25851,1.0
17140,22296,1.0
17143,18379,1.0
17144,19193,1.0
17144,17872,1.0
17144,28574,1.0
17145,19586,1.0
17146,28145,1.0
17146,22815,1.0
17148,34952,1.0
17148,20798,1.0
17150,31275,1.0
17151,31887,1.0
17152,32953,1.0
17153,17154,1.0
17154,17156,1.0
17154,17358,1.0
17154,30647,1.0
17155,17156,1.0
17156,17358,1.0
17156,33335,1.0
17156,34904,1.0
17157,21244,1.0
17157,27608,1.0
17159,35674,1.0
17160,17161,1.0
17160,18332,1.0
17162,25678,1.0
17162,22695,1.0
17163,36023,1.0
17164,34866,1.0
17165,18521,1.0
17165,26635,1.0
17165,31636,1.0
17166,21306,1.0
17169,20351,1.0
17171,17773,1.0
17171,19676,1.0
17171,18474,1.0
17172,17173,1.0
17173,20089,1.0
17173,22793,1.0
17174,31574,1.0
17174,30383,1.0
17174,27643,1.0
17176,18989,1.0
17179,28534,1.0
17179,20539,1.0
17179,19469,1.0
17180,28211,1.0
17183,17184,1.0
17185,36181,1.0
17187,17975,1.0
17188,17394,1.0
17189,20371,1.0
17190,28597,1.0
17191,17192,1.0
17191,23654,1.0
17191,32344,1.0
17194,25271,1.0
17195,17494,1.0
17198,18406,1.0
17199,19286,1.0
17202,17203,1.0
17202,19375,1.0
17209,17210,1.0
17211,21456,1.0
17213,29443,1.0
17214,18905,1.0
17215,22526,1.0
17217,19618,1.0
17219,23559,1.0
17220,21467,1.0
17220,24885,1.0
17220,19208,1.0
17223,25584,1.0
17224,26140,1.0
17225,25873,1.0
17227,25736,1.0
17229,17230,1.0
17230,22568,1.0
17231,17908,1.0
17233,19289,1.0
17233,18476,1.0
17234,34134,1.0
17235,37548,1.0
17238,35236,1.0
17239,29025,1.0
17240,24737,1.0
17240,28891,1.0
17244,36699,1.0
17246,25505,1.0
17247,17248,1.0
17248,17250,1.0
17248,29551,1.0
17248,35293,1.0
17248,35294,1.0
17248,29552,1.0
17249,17250,1.0
17250,34699,1.0
17251,18852,1.0
17251,34033,1.0
17252,18148,1.0
17252,17295,1.0
17252,24723,1.0
17254,19350,1.0
17257,27503,1.0
17258,17259,1.0
17260,17261,1.0
17260,23413,1.0
17260,20713,1.0
17260,17519,1.0
17260,37226,1.0
17261,17262,1.0
17261,25114,1.0
17261,33854,1.0
17264,19216,1.0
17264,30197,1.0
17266,17267,1.0
17268,17269,1.0
17269,27691,1.0
17272,23894,1.0
17272,34072,1.0
17275,22266,1.0
17276,18795,1.0
17277,37466,1.0
17277,37175,1.0
17281,27934,1.0
17281,33938,1.0
17281,29930,1.0
17283,37578,1.0
17283,36528,1.0
17284,17285,1.0
17287,29007,1.0
17287,29047,1.0
17287,31895,1.0
17287,32018,1.0
17289,17290,1.0
17290,17291,1.0
17290,18694,1.0
17290,34920,1.0
17290,23918,1.0
17291,21857,1.0
17291,32044,1.0
17291,24941,1.0
17291,18962,1.0
17292,30368,1.0
17293,24026,1.0
17293,18906,1.0
17296,21069,1.0
17297,27350,1.0
17298,17299,1.0
17300,19577,1.0
17300,27045,1.0
17300,27091,1.0
17303,32832,1.0
17304,24785,1.0
17306,18826,1.0
17306,20547,1.0
17306,20537,1.0
17307,32519,1.0
17310,34839,1.0
17311,22099,1.0
17311,34738,1.0
17313,19893,1.0
17313,22290,1.0
17313,30692,1.0
17313,17314,1.0
17313,30886,1.0
17314,17315,1.0
17314,22291,1.0
17315,17316,1.0
17315,35063,1.0
17315,21981,1.0
17317,17318,1.0
17319,28607,1.0
17319,37525,1.0
17320,17321,1.0
17320,17322,1.0
17320,24767,1.0
17320,35215,1.0
17325,17326,1.0
17327,27122,1.0
17328,19875,1.0
17328,27905,1.0
17329,17330,1.0
17330,17331,1.0
17331,17332,1.0
17331,29577,1.0
17331,17839,1.0
17331,25390,1.0
17333,17334,1.0
17336,22607,1.0
17337,21423,1.0
17337,27517,1.0
17338,21397,1.0
17338,21174,1.0
17339,24230,1.0
17340,17341,1.0
17341,17342,1.0
17341,21689,1.0
17341,18580,1.0
17343,19014,1.0
17343,30360,1.0
17344,25818,1.0
17344,26776,1.0
17345,23995,1.0
17348,37199,1.0
17348,21346,1.0
17348,33173,1.0
17349,17350,1.0
17354,19281,1.0
17355,18568,1.0
17355,18098,1.0
17358,17359,1.0
17358,20019,1.0
17358,22017,1.0
17358,27804,1.0
17358,27837,1.0
17358,30385,1.0
17358,27470,1.0
17362,23764,1.0
17363,17364,1.0
17365,21617,1.0
17365,30775,1.0
17365,29331,1.0
17365,32136,1.0
17365,33673,1.0
17367,20578,1.0
17368,36411,1.0
17372,19852,1.0
17372,21536,1.0
17373,23310,1.0
17378,17379,1.0
17379,26583,1.0
17379,24222,1.0
17379,31793,1.0
17380,20541,1.0
17380,25928,1.0
17380,24162,1.0
17381,28563,1.0
17381,17924,1.0
17383,21736,1.0
17383,21737,1.0
17383,27386,1.0
17383,34725,1.0
17386,30804,1.0
17387,18387,1.0
17387,26648,1.0
17388,20825,1.0
17390,25519,1.0
17391,17392,1.0
17391,36416,1.0
17393,18297,1.0
17395,18236,1.0
17397,17398,1.0
17397,35917,1.0
17398,30525,1.0
17398,35034,1.0
17398,34170,1.0
17398,31878,1.0
17404,21728,1.0
17404,37291,1.0
17405,23003,1.0
17406,17915,1.0
17409,17410,1.0
17411,19537,1.0
17412,30283,1.0
17415,18128,1.0
17415,21896,1.0
17416,17417,1.0
17416,32201,1.0
17416,35613,1.0
17418,19079,1.0
17418,32326,1.0
17418,24595,1.0
17420,18991,1.0
17421,29352,1.0
17422,25619,1.0
17425,26555,1.0
17425,22200,1.0
17426,25263,1.0
17427,21274,1.0
17429,22292,1.0
17430,17431,1.0
17432,19166,1.0
17436,19148,1.0
17437,17539,1.0
17438,19755,1.0
17438,21238,1.0
17438,25385,1.0
17439,21749,1.0
17446,25473,1.0
17450,17451,1.0
17451,17452,1.0
17451,22194,1.0
17451,32868,1.0
17452,17453,1.0
17452,22194,1.0
17452,32868,1.0
17452,35902,1.0
17454,30820,1.0
17454,32112,1.0
17455,20498,1.0
17456,23840,1.0
17456,19005,1.0
17456,25284,1.0
17458,17459,1.0
17459,32119,1.0
17459,19489,1.0
17464,26089,1.0
17464,28225,1.0
17465,17466,1.0
17468,19371,1.0
17469,37528,1.0
17469,35266,1.0
17471,18515,1.0
17471,24000,1.0
17472,17473,1.0
17476,17477,1.0
17477,17478,1.0
17477,33354,1.0
17477,33355,1.0
17478,33787,1.0
17478,20549,1.0
17483,17484,1.0
17483,21624,1.0
17483,29381,1.0
17483,37104,1.0
17485,20491,1.0
17486,22399,1.0
17486,24036,1.0
17486,18863,1.0
17488,28941,1.0
17488,23691,1.0
17488,25781,1.0
17491,17530,1.0
17492,21021,1.0
17495,17496,1.0
17497,17498,1.0
17500,30639,1.0
17500,19528,1.0
17500,26432,1.0
17502,30981,1.0
17504,17505,1.0
17506,19658,1.0
17506,23079,1.0
17506,35204,1.0
17507,24355,1.0
17512,33606,1.0
17512,31071,1.0
17512,21966,1.0
17517,20434,1.0
17519,17520,1.0
17522,25572,1.0
17522,17795,1.0
17523,30833,1.0
17523,37143,1.0
17523,24880,1.0
17524,29011,1.0
17526,33516,1.0
17526,35377,1.0
17526,36147,1.0
17528,17529,1.0
17532,22734,1.0
17534,17535,1.0
17534,34481,1.0
17536,33304,1.0
17536,28396,1.0
17536,30501,1.0
17540,27076,1.0
17545,22084,1.0
17545,27244,1.0
17545,29913,1.0
17546,34314,1.0
17549,18213,1.0
17550,25368,1.0
17550,37392,1.0
17552,21356,1.0
17552,29757,1.0
17553,21135,1.0
17556,32881,1.0
17559,17560,1.0
17561,33950,1.0
17562,19978,1.0
17563,20448,1.0
17564,23417,1.0
17565,25668,1.0
17569,34664,1.0
17570,32300,1.0
17572,24336,1.0
17573,37197,1.0
17574,23427,1.0
17575,25265,1.0
17575,20636,1.0
17575,19334,1.0
17577,18489,1.0
17578,17822,1.0
17579,18686,1.0
17579,21498,1.0
17581,26992,1.0
17581,29356,1.0
17581,23257,1.0
17585,25271,1.0
17585,30185,1.0
17585,25715,1.0
17585,32361,1.0
17586,35781,1.0
17586,28346,1.0
17586,35280,1.0
17586,36707,1.0
17587,17588,1.0
17588,21091,1.0
17591,17881,1.0
17592,17593,1.0
17592,34498,1.0
17593,29721,1.0
17593,18917,1.0
17594,18610,1.0
17594,22996,1.0
17594,25017,1.0
17596,20419,1.0
17602,17603,1.0
17603,33826,1.0
17603,37202,1.0
17605,26096,1.0
17607,26928,1.0
17611,20692,1.0
17611,23580,1.0
17611,20538,1.0
17612,17613,1.0
17615,27617,1.0
17615,22792,1.0
17616,23719,1.0
17617,25348,1.0
17617,29628,1.0
17618,30710,1.0
17621,17622,1.0
17622,30205,1.0
17622,27902,1.0
17622,23499,1.0
17623,28612,1.0
17625,22962,1.0
17627,20145,1.0
17630,17631,1.0
17630,23584,1.0
17632,26892,1.0
17632,34732,1.0
17635,17636,1.0
17635,30861,1.0
17635,33042,1.0
17635,19893,1.0
17635,23156,1.0
17635,36661,1.0
17636,17637,1.0
17636,26938,1.0
17636,25985,1.0
17638,33581,1.0
17639,26247,1.0
17639,29815,1.0
17641,17642,1.0
17642,24635,1.0
17642,30702,1.0
17644,35077,1.0
17646,25235,1.0
17653,21271,1.0
17655,25177,1.0
17655,30010,1.0
17655,23789,1.0
17656,18092,1.0
17657,27265,1.0
17657,36205,1.0
17658,17659,1.0
17658,31366,1.0
17661,19942,1.0
17661,21270,1.0
17666,25534,1.0
17670,17671,1.0
17671,17672,1.0
17671,19219,1.0
17672,17673,1.0
17672,31762,1.0
17672,33035,1.0
17674,20430,1.0
17674,18846,1.0
17676,20661,1.0
17677,17678,1.0
17677,24882,1.0
17677,22346,1.0
17677,30890,1.0
17677,33626,1.0
17677,24756,1.0
17678,17679,1.0
17678,18005,1.0
17678,31959,1.0
17678,29432,1.0
17678,32331,1.0
17678,32830,1.0
17678,23063,1.0
17681,20052,1.0
17682,18152,1.0
17687,22345,1.0
17688,36189,1.0
17688,18178,1.0
17689,35536,1.0
17689,33929,1.0
17690,22249,1.0
17690,17784,1.0
17691,18329,1.0
17694,17695,1.0
17695,17696,1.0
17695,18928,1.0
17696,17697,1.0
17696,22721,1.0
17696,22722,1.0
17696,22913,1.0
17696,22239,1.0
17696,28247,1.0
17696,21080,1.0
17696,36139,1.0
17696,31063,1.0
17696,33841,1.0
17704,20499,1.0
17704,18147,1.0
17704,35568,1.0
17705,21642,1.0
17708,17709,1.0
17709,37365,1.0
17709,25713,1.0
17711,25918,1.0
17711,28874,1.0
17712,29749,1.0
17712,23437,1.0
17712,31919,1.0
17713,19078,1.0
17713,25039,1.0
17715,30257,1.0
17716,33924,1.0
17717,18342,1.0
17718,17859,1.0
17720,19424,1.0
17720,18855,1.0
17721,17722,1.0
17721,34653,1.0
17723,22587,1.0
17724,25171,1.0
17725,22224,1.0
17725,21404,1.0
17725,18547,1.0
17726,35604,1.0
17727,24396,1.0
17727,32038,1.0
17727,32866,1.0
17731,17732,1.0
17731,36675,1.0
17731,37558,1.0
17732,30462,1.0
17732,28671,1.0
17734,35811,1.0
17735,19843,1.0
17736,17737,1.0
17737,32611,1.0
17738,31676,1.0
17739,28675,1.0
17739,18636,1.0
17740,19856,1.0
17740,36340,1.0
17741,18007,1.0
17741,37282,1.0
17742,17743,1.0
17744,24285,1.0
17745,34737,1.0
17745,37269,1.0
17745,36751,1.0
17746,17747,1.0
17747,26291,1.0
17748,20268,1.0
17750,20186,1.0
17750,19450,1.0
17753,17754,1.0
17754,18580,1.0
17754,31414,1.0
17758,17759,1.0
17759,21213,1.0
17759,29958,1.0
17760,29825,1.0
17761,17762,1.0
17767,34834,1.0
17767,22980,1.0
17769,29135,1.0
17769,27959,1.0
17770,29341,1.0
17771,22454,1.0
17772,22928,1.0
17774,21732,1.0
17776,17777,1.0
17777,29617,1.0
17777,30132,1.0
17778,23749,1.0
17778,30131,1.0
17778,33476,1.0
17781,17782,1.0
17781,22621,1.0
17781,23380,1.0
17781,24163,1.0
17784,19739,1.0
17785,19731,1.0
17785,35427,1.0
17786,23254,1.0
17786,25863,1.0
17786,30718,1.0
17788,29875,1.0
17788,19608,1.0
17788,29498,1.0
17789,28035,1.0
17793,25055,1.0
17793,18600,1.0
17793,18376,1.0
17796,26114,1.0
17796,22463,1.0
17797,23254,1.0
17797,22973,1.0
17798,36042,1.0
17801,17802,1.0
17803,34430,1.0
17803,32223,1.0
17806,17905,1.0
17807,29295,1.0
17808,23869,1.0
17809,17810,1.0
17812,33561,1.0
17813,17814,1.0
17813,37565,1.0
17813,32812,1.0
17815,18219,1.0
17815,23398,1.0
17817,33605,1.0
17818,22839,1.0
17818,30816,1.0
17818,19395,1.0
17819,18220,1.0
17820,36092,1.0
17820,33090,1.0
17821,24782,1.0
17821,33789,1.0
17821,33444,1.0
17824,17825,1.0
17824,18984,1.0
17826,19142,1.0
17826,18149,1.0
17826,27662,1.0
17827,24878,1.0
17828,17829,1.0
17830,17831,1.0
17830,37055,1.0
17831,33674,1.0
17831,36911,1.0
17832,28743,1.0
17832,34317,1.0
17833,36551,1.0
17836,28555,1.0
17837,17838,1.0
17838,17839,1.0
17838,22143,1.0
17839,17840,1.0
17839,20949,1.0
17839,30882,1.0
17839,25391,1.0
17839,19347,1.0
17842,17843,1.0
17845,19941,1.0
17845,30803,1.0
17845,34355,1.0
17845,23263,1.0
17846,17847,1.0
17849,25003,1.0
17850,28225,1.0
17852,33690,1.0
17853,17854,1.0
17856,34684,1.0
17857,24111,1.0
17857,27732,1.0
17858,29666,1.0
17859,19035,1.0
17860,17861,1.0
17860,20449,1.0
17864,35400,1.0
17864,32208,1.0
17865,34951,1.0
17872,21844,1.0
17872,20673,1.0
17872,21492,1.0
17873,19910,1.0
17873,22034,1.0
17873,27809,1.0
17874,20395,1.0
17876,17877,1.0
17876,30189,1.0
17876,35115,1.0
17879,33798,1.0
17880,20379,1.0
17882,32935,1.0
17882,37032,1.0
17884,37663,1.0
17884,34653,1.0
17884,35240,1.0
17885,23177,1.0
17886,29469,1.0
17888,19587,1.0
17888,18563,1.0
17893,29822,1.0
17894,35887,1.0
17895,23566,1.0
17897,34236,1.0
17898,24066,1.0
17898,24924,1.0
17898,30017,1.0
17901,18692,1.0
17901,35646,1.0
17903,37431,1.0
17904,21988,1.0
17905,23625,1.0
17908,27186,1.0
17908,35495,1.0
17908,35082,1.0
17910,22837,1.0
17911,26535,1.0
17911,24947,1.0
17911,24109,1.0
17912,17913,1.0
17913,17914,1.0
17915,21613,1.0
17917,19712,1.0
17920,17941,1.0
17922,28225,1.0
17922,25901,1.0
17922,20898,1.0
17923,20127,1.0
17927,17928,1.0
17929,23648,1.0
17929,21933,1.0
17931,24213,1.0
17933,22907,1.0
17933,19874,1.0
17936,26249,1.0
17936,23450,1.0
17942,30008,1.0
17942,36104,1.0
17944,19676,1.0
17944,36288,1.0
17948,20014,1.0
17950,17951,1.0
17951,17952,1.0
17951,21124,1.0
17951,25077,1.0
17951,33820,1.0
17954,27307,1.0
17955,17959,1.0
17956,17957,1.0
17961,17962,1.0
17964,23364,1.0
17966,36725,1.0
17968,20287,1.0
17969,17970,1.0
17972,18403,1.0
17973,20651,1.0
17974,25205,1.0
17974,20711,1.0
17976,36950,1.0
17976,27372,1.0
17976,28592,1.0
17977,22733,1.0
17977,32812,1.0
17978,23775,1.0
17979,18005,1.0
17979,18004,1.0
17982,17983,1.0
17985,21259,1.0
17985,18185,1.0
17986,35134,1.0
17986,23008,1.0
17987,17988,1.0
17988,25169,1.0
17988,31833,1.0
17988,30485,1.0
17989,20986,1.0
17990,19978,1.0
17991,17992,1.0
17992,17993,1.0
17992,30714,1.0
17994,28596,1.0
17995,30616,1.0
17995,24828,1.0
17998,24246,1.0
18000,18001,1.0
18000,24839,1.0
18000,25298,1.0
18002,22996,1.0
18003,18185,1.0
18004,18005,1.0
18004,18246,1.0
18005,18006,1.0
18005,20721,1.0
18005,23343,1.0
18005,32189,1.0
18005,33647,1.0
18005,20722,1.0
18005,18246,1.0
18007,32391,1.0
18007,37345,1.0
18009,21414,1.0
18010,30511,1.0
18015,24337,1.0
18016,29129,1.0
18019,18020,1.0
18021,25276,1.0
18023,32084,1.0
18024,37125,1.0
18024,33013,1.0
18024,34444,1.0
18024,37325,1.0
18027,18028,1.0
18029,26115,1.0
18029,29404,1.0
18030,24069,1.0
18031,18602,1.0
18032,25215,1.0
18033,18034,1.0
18033,34631,1.0
18033,22474,1.0
18035,18036,1.0
18037,18038,1.0
18038,25282,1.0
18038,31507,1.0
18038,18040,1.0
18038,35959,1.0
18039,18040,1.0
18040,22556,1.0
18040,22557,1.0
18040,31482,1.0
18041,28330,1.0
18041,21039,1.0
18042,29785,1.0
18042,32853,1.0
18042,31673,1.0
18043,18046,1.0
18044,18045,1.0
18046,21281,1.0
18046,23119,1.0
18050,25942,1.0
18050,26848,1.0
18051,21752,1.0
18051,35033,1.0
18052,30630,1.0
18052,31173,1.0
18053,31109,1.0
18058,20395,1.0
18059,18163,1.0
18059,24494,1.0
18059,18599,1.0
18061,25223,1.0
18065,18697,1.0
18066,22447,1.0
18066,37123,1.0
18067,24197,1.0
18067,31698,1.0
18068,26572,1.0
18068,23106,1.0
18070,18071,1.0
18072,26025,1.0
18073,20902,1.0
18075,23425,1.0
18075,21682,1.0
18075,34946,1.0
18076,24684,1.0
18076,21934,1.0
18076,22929,1.0
18077,18078,1.0
18079,18080,1.0
18082,31571,1.0
18083,19859,1.0
18084,18085,1.0
18084,21532,1.0
18084,21533,1.0
18084,33765,1.0
18085,18086,1.0
18085,34665,1.0
18087,23097,1.0
18087,29337,1.0
18088,20462,1.0
18089,20500,1.0
18095,19403,1.0
18095,26091,1.0
18097,18733,1.0
18097,22499,1.0
18097,31737,1.0
18098,21203,1.0
18102,18103,1.0
18102,36322,1.0
18111,32681,1.0
18112,19197,1.0
18114,18115,1.0
18114,28977,1.0
18115,29453,1.0
18117,26343,1.0
18118,22798,1.0
18124,18125,1.0
18127,22097,1.0
18127,24330,1.0
18131,18132,1.0
18133,19164,1.0
18133,29803,1.0
18133,29022,1.0
18136,32819,1.0
18138,23641,1.0
18141,20646,1.0
18141,23839,1.0
18141,35931,1.0
18143,18607,1.0
18144,20023,1.0
18147,36988,1.0
18149,20847,1.0
18149,20083,1.0
18149,23982,1.0
18150,37498,1.0
18150,23814,1.0
18150,18275,1.0
18154,31543,1.0
18154,34922,1.0
18156,18157,1.0
18159,27162,1.0
18159,26004,1.0
18160,18161,1.0
18164,20050,1.0
18165,19811,1.0
18167,36287,1.0
18168,18169,1.0
18169,28341,1.0
18170,21901,1.0
18171,18465,1.0
18171,21789,1.0
18172,23185,1.0
18172,26697,1.0
18173,20863,1.0
18176,20396,1.0
18177,21038,1.0
18178,34000,1.0
18180,26185,1.0
18180,27192,1.0
18181,24998,1.0
18182,30234,1.0
18183,25367,1.0
18184,21021,1.0
18186,18395,1.0
18188,18673,1.0
18188,37016,1.0
18188,32436,1.0
18189,29982,1.0
18190,18615,1.0
18191,22977,1.0
18192,19585,1.0
18194,18804,1.0
18198,29888,1.0
18199,19456,1.0
18201,18202,1.0
18201,27791,1.0
18205,30606,1.0
18206,18308,1.0
18206,19470,1.0
18207,25287,1.0
18208,19975,1.0
18211,21205,1.0
18211,25126,1.0
18211,30287,1.0
18211,26315,1.0
18212,22453,1.0
18213,18214,1.0
18213,28476,1.0
18214,31174,1.0
18217,19195,1.0
18219,23760,1.0
18220,23424,1.0
18223,23538,1.0
18227,18228,1.0
18228,26408,1.0
18229,20799,1.0
18230,24036,1.0
18231,37181,1.0
18232,19764,1.0
18237,21814,1.0
18237,20606,1.0
18238,18239,1.0
18239,18240,1.0
18239,33483,1.0
18240,18241,1.0
18240,28140,1.0
18240,22516,1.0
18240,30901,1.0
18240,30902,1.0
18240,32172,1.0
18240,33157,1.0
18244,18245,1.0
18245,18246,1.0
18245,30949,1.0
18245,30950,1.0
18245,20415,1.0
18245,20927,1.0
18245,32607,1.0
18245,33002,1.0
18246,18247,1.0
18246,23130,1.0
18246,23131,1.0
18248,31417,1.0
18248,32870,1.0
18248,34679,1.0
18248,35618,1.0
18248,18857,1.0
18249,20536,1.0
18250,26553,1.0
18253,19751,1.0
18253,23521,1.0
18253,22223,1.0
18256,18257,1.0
18259,18260,1.0
18262,19300,1.0
18263,34457,1.0
18264,23143,1.0
18264,20990,1.0
18266,19193,1.0
18268,19861,1.0
18269,19819,1.0
18273,19137,1.0
18274,19924,1.0
18274,36329,1.0
18278,28265,1.0
18278,23018,1.0
18278,23017,1.0
18279,36527,1.0
18280,18281,1.0
18281,18282,1.0
18281,20949,1.0
18281,28495,1.0
18281,22848,1.0
18282,18283,1.0
18282,23374,1.0
18284,18285,1.0
18285,27464,1.0
18285,31082,1.0
18294,20286,1.0
18295,18296,1.0
18295,28827,1.0
18295,33348,1.0
18295,29410,1.0
18295,34967,1.0
18298,25812,1.0
18298,34392,1.0
18299,24964,1.0
18300,18301,1.0
18301,18302,1.0
18302,18303,1.0
18302,22472,1.0
18302,22473,1.0
18302,24832,1.0
18306,22994,1.0
18310,18311,1.0
18312,18313,1.0
18317,26475,1.0
18317,22248,1.0
18321,19255,1.0
18322,25900,1.0
18323,21990,1.0
18324,18325,1.0
18324,32598,1.0
18326,23544,1.0
18327,19259,1.0
18327,23645,1.0
18328,25380,1.0
18329,23890,1.0
18330,27711,1.0
18331,19946,1.0
18333,18334,1.0
18336,20221,1.0
18337,25235,1.0
18338,30747,1.0
18338,24249,1.0
18341,26216,1.0
18343,26655,1.0
18343,24172,1.0
18344,27560,1.0
18346,18467,1.0
18347,26060,1.0
18349,22688,1.0
18352,20895,1.0
18352,37265,1.0
18354,27163,1.0
18355,18612,1.0
18356,24994,1.0
18356,19193,1.0
18356,25585,1.0
18357,18358,1.0
18359,18905,1.0
18359,18588,1.0
18359,24877,1.0
18361,30382,1.0
18361,24501,1.0
18363,34086,1.0
18363,19615,1.0
18364,24563,1.0
18365,18366,1.0
18365,19000,1.0
18365,22963,1.0
18368,18868,1.0
18372,18373,1.0
18374,22446,1.0
18376,23843,1.0
18376,36030,1.0
18377,30621,1.0
18378,22483,1.0
18380,32354,1.0
18384,21754,1.0
18386,19093,1.0
18386,33463,1.0
18388,23353,1.0
18392,18393,1.0
18393,23745,1.0
18393,19103,1.0
18393,28103,1.0
18395,22869,1.0
18395,26622,1.0
18395,27540,1.0
18395,29239,1.0
18395,33670,1.0
18395,26621,1.0
18397,22978,1.0
18398,20474,1.0
18398,26335,1.0
18399,21559,1.0
18400,18401,1.0
18403,20926,1.0
18404,18405,1.0
18406,26330,1.0
18407,18408,1.0
18412,35159,1.0
18412,28598,1.0
18412,34395,1.0
18413,25621,1.0
18413,31232,1.0
18414,33723,1.0
18415,18416,1.0
18415,18417,1.0
18415,29052,1.0
18415,29053,1.0
18415,30936,1.0
18415,37268,1.0
18415,34243,1.0
18416,18418,1.0
18416,23800,1.0
18416,23801,1.0
18416,19706,1.0
18419,21523,1.0
18422,29038,1.0
18423,18424,1.0
18425,20147,1.0
18428,24864,1.0
18428,24818,1.0
18428,21943,1.0
18428,30858,1.0
18429,20605,1.0
18432,18433,1.0
18432,19166,1.0
18436,18437,1.0
18436,28441,1.0
18436,29193,1.0
18438,27127,1.0
18438,35893,1.0
18439,18625,1.0
18443,25372,1.0
18448,18449,1.0
18450,24003,1.0
18450,21697,1.0
18453,20786,1.0
18454,18455,1.0
18457,23638,1.0
18458,23511,1.0
18461,24883,1.0
18462,21515,1.0
18467,18952,1.0
18467,26375,1.0
18471,32109,1.0
18476,29588,1.0
18479,25059,1.0
18479,27049,1.0
18480,26214,1.0
18480,29519,1.0
18483,19470,1.0
18483,25647,1.0
18486,22110,1.0
18486,28971,1.0
18487,37358,1.0
18487,30302,1.0
18487,37503,1.0
18488,21945,1.0
18489,26422,1.0
18489,19933,1.0
18490,18491,1.0
18494,19649,1.0
18494,26195,1.0
18494,26441,1.0
18495,18496,1.0
18495,34734,1.0
18497,18498,1.0
18498,22092,1.0
18499,18500,1.0
18499,24669,1.0
18499,26480,1.0
18503,22703,1.0
18510,34573,1.0
18510,22833,1.0
18510,26328,1.0
18512,22121,1.0
18513,27927,1.0
18513,32885,1.0
18513,26766,1.0
18514,23283,1.0
18518,18519,1.0
18518,33129,1.0
18518,32510,1.0
18520,34537,1.0
18522,18523,1.0
18524,18525,1.0
18526,31711,1.0
18528,21422,1.0
18529,18530,1.0
18532,35567,1.0
18533,24245,1.0
18534,26528,1.0
18534,20083,1.0
18534,31676,1.0
18535,32138,1.0
18535,25850,1.0
18536,23523,1.0
18538,25938,1.0
18538,36064,1.0
18538,36255,1.0
18539,18540,1.0
18541,18542,1.0
18544,32080,1.0
18544,36327,1.0
18544,37546,1.0
18548,18549,1.0
18551,26235,1.0
18552,18553,1.0
18554,20205,1.0
18555,24508,1.0
18555,25108,1.0
18556,32125,1.0
18556,19656,1.0
18557,25437,1.0
18557,23727,1.0
18559,18835,1.0
18561,30229,1.0
18561,31210,1.0
18562,24806,1.0
18564,18565,1.0
18566,21096,1.0
18569,18570,1.0
18573,18574,1.0
18575,32910,1.0
18575,22184,1.0
18577,18578,1.0
18577,30051,1.0
18580,18581,1.0
18580,23333,1.0
18580,19161,1.0
18580,26537,1.0
18582,26375,1.0
18582,24284,1.0
18583,22352,1.0
18583,35104,1.0
18586,18587,1.0
18587,26316,1.0
18587,26317,1.0
18588,30200,1.0
18588,31474,1.0
18592,32336,1.0
18593,26915,1.0
18593,31980,1.0
18594,21067,1.0
18595,24421,1.0
18597,26008,1.0
18597,20168,1.0
18598,26505,1.0
18600,19966,1.0
18603,18604,1.0
18604,18605,1.0
18605,18606,1.0
18605,29731,1.0
18605,20449,1.0
18605,33682,1.0
18607,22976,1.0
18608,18609,1.0
18610,23532,1.0
18611,20345,1.0
18611,22242,1.0
18611,21632,1.0
18613,20815,1.0
18613,24501,1.0
18613,25503,1.0
18616,18617,1.0
18616,20843,1.0
18618,18619,1.0
18620,21383,1.0
18620,19077,1.0
18621,18622,1.0
18625,19418,1.0
18628,18629,1.0
18630,22384,1.0
18630,30988,1.0
18630,36483,1.0
18630,34143,1.0
18631,20187,1.0
18632,21698,1.0
18632,24922,1.0
18634,22249,1.0
18636,21341,1.0
18636,23488,1.0
18637,23049,1.0
18638,18639,1.0
18638,27031,1.0
18638,28945,1.0
18639,28910,1.0
18639,33535,1.0
18641,20455,1.0
18643,21906,1.0
18644,20365,1.0
18644,23778,1.0
18644,37128,1.0
18648,35120,1.0
18649,34754,1.0
18650,20789,1.0
18652,18653,1.0
18652,32564,1.0
18652,37093,1.0
18654,18655,1.0
18654,35612,1.0
18656,35248,1.0
18656,31328,1.0
18656,32684,1.0
18660,20033,1.0
18661,24727,1.0
18662,18663,1.0
18664,18665,1.0
18665,22442,1.0
18665,29165,1.0
18665,21253,1.0
18667,18785,1.0
18667,22382,1.0
18671,24504,1.0
18671,30791,1.0
18671,25538,1.0
18676,23220,1.0
18676,21131,1.0
18676,21158,1.0
18681,21709,1.0
18681,28125,1.0
18681,31302,1.0
18686,21540,1.0
18686,27812,1.0
18686,24962,1.0
18690,27049,1.0
18693,18694,1.0
18694,22293,1.0
18694,23918,1.0
18694,30444,1.0
18697,25363,1.0
18698,29525,1.0
18700,20343,1.0
18703,18704,1.0
18705,33616,1.0
18706,18707,1.0
18710,18711,1.0
18712,18713,1.0
18713,18714,1.0
18713,22017,1.0
18713,26477,1.0
18715,22032,1.0
18716,21163,1.0
18716,21405,1.0
18717,18718,1.0
18720,29389,1.0
18720,27959,1.0
18720,25473,1.0
18721,23463,1.0
18721,31858,1.0
18721,28312,1.0
18722,19773,1.0
18723,18724,1.0
18723,19101,1.0
18723,19102,1.0
18723,30403,1.0
18724,36131,1.0
18724,27803,1.0
18724,33509,1.0
18725,18726,1.0
18725,18776,1.0
18725,26680,1.0
18725,35075,1.0
18727,26934,1.0
18728,18729,1.0
18731,25946,1.0
18731,29339,1.0
18731,37105,1.0
18734,29576,1.0
18734,22640,1.0
18737,18738,1.0
18739,20613,1.0
18741,18914,1.0
18741,19647,1.0
18742,18743,1.0
18744,24181,1.0
18745,18746,1.0
18747,19333,1.0
18749,18750,1.0
18750,26381,1.0
18750,26355,1.0
18750,20813,1.0
18752,18753,1.0
18755,18756,1.0
18756,27263,1.0
18757,31396,1.0
18758,19925,1.0
18759,18760,1.0
18761,18937,1.0
18762,21308,1.0
18764,34908,1.0
18765,20247,1.0
18769,18770,1.0
18771,25171,1.0
18772,21792,1.0
18775,18776,1.0
18776,18777,1.0
18776,24777,1.0
18776,28498,1.0
18776,26680,1.0
18776,23017,1.0
18776,33250,1.0
18779,26783,1.0
18779,27000,1.0
18779,27571,1.0
18779,34294,1.0
18779,30785,1.0
18781,18936,1.0
18783,20668,1.0
18784,25799,1.0
18784,19894,1.0
18784,24219,1.0
18784,26851,1.0
18787,19424,1.0
18788,34681,1.0
18788,35174,1.0
18788,31452,1.0
18788,37359,1.0
18788,25817,1.0
18789,18790,1.0
18790,24879,1.0
18792,19811,1.0
18793,18835,1.0
18797,18798,1.0
18798,30649,1.0
18799,23642,1.0
18801,18802,1.0
18804,23751,1.0
18806,22475,1.0
18810,24066,1.0
18810,18905,1.0
18810,25831,1.0
18811,29135,1.0
18811,29435,1.0
18811,22202,1.0
18814,28656,1.0
18816,24847,1.0
18818,25422,1.0
18819,23315,1.0
18819,19991,1.0
18821,20377,1.0
18821,36113,1.0
18821,33698,1.0
18822,25125,1.0
18823,18824,1.0
18828,22530,1.0
18830,18831,1.0
18832,18973,1.0
18833,20202,1.0
18833,31644,1.0
18834,20011,1.0
18836,37179,1.0
18836,28537,1.0
18836,32188,1.0
18837,32301,1.0
18841,29519,1.0
18843,18844,1.0
18845,19400,1.0
18846,23104,1.0
18847,21655,1.0
18848,23466,1.0
18849,20884,1.0
18856,25688,1.0
18856,21849,1.0
18857,32980,1.0
18859,32626,1.0
18859,30541,1.0
18859,31026,1.0
18859,37520,1.0
18859,37241,1.0
18861,21636,1.0
18861,20257,1.0
18861,22513,1.0
18862,36709,1.0
18866,24857,1.0
18866,23114,1.0
18867,21452,1.0
18867,25959,1.0
18867,20819,1.0
18870,18871,1.0
18871,24347,1.0
18872,19100,1.0
18875,22137,1.0
18875,22535,1.0
18880,26521,1.0
18881,27832,1.0
18885,27026,1.0
18888,18889,1.0
18890,26459,1.0
18890,21517,1.0
18891,24300,1.0
18892,37343,1.0
18892,36127,1.0
18895,24234,1.0
18896,33088,1.0
18897,18898,1.0
18898,23451,1.0
18898,22799,1.0
18898,23515,1.0
18903,23551,1.0
18903,26960,1.0
18903,24750,1.0
18908,20498,1.0
18912,25393,1.0
18915,19551,1.0
18915,29138,1.0
18917,20106,1.0
18919,18920,1.0
18920,18921,1.0
18920,30964,1.0
18920,20054,1.0
18920,33401,1.0
18920,28517,1.0
18921,18922,1.0
18921,20054,1.0
18921,29071,1.0
18927,18928,1.0
18928,21705,1.0
18928,22721,1.0
18928,36333,1.0
18930,29620,1.0
18931,20482,1.0
18932,25468,1.0
18933,18934,1.0
18933,26462,1.0
18937,28785,1.0
18938,25017,1.0
18941,35367,1.0
18943,24898,1.0
18946,27119,1.0
18947,18948,1.0
18950,26194,1.0
18952,23256,1.0
18952,23653,1.0
18957,28547,1.0
18957,25768,1.0
18958,21523,1.0
18958,23747,1.0
18959,23841,1.0
18960,21954,1.0
18964,34924,1.0
18964,34157,1.0
18964,25397,1.0
18965,22352,1.0
18965,28554,1.0
18966,28949,1.0
18968,19333,1.0
18969,18970,1.0
18969,33778,1.0
18969,25636,1.0
18971,18972,1.0
18974,23450,1.0
18974,21400,1.0
18975,20072,1.0
18975,21414,1.0
18975,24258,1.0
18976,19950,1.0
18977,28086,1.0
18977,36567,1.0
18977,30121,1.0
18978,18979,1.0
18978,26156,1.0
18978,32204,1.0
18979,36601,1.0
18981,18982,1.0
18983,27082,1.0
18983,27988,1.0
18985,19232,1.0
18985,34129,1.0
18987,19701,1.0
18987,33572,1.0
18987,35753,1.0
18987,23963,1.0
18988,29151,1.0
18988,21125,1.0
18990,19451,1.0
18993,20401,1.0
18994,23138,1.0
18994,27707,1.0
18994,29607,1.0
18995,22885,1.0
18996,18997,1.0
18998,18999,1.0
19000,20249,1.0
19005,23314,1.0
19007,25507,1.0
19008,19009,1.0
19008,19010,1.0
19008,20820,1.0
19008,32690,1.0
19011,19012,1.0
19013,25288,1.0
19013,19572,1.0
19014,27262,1.0
19016,22952,1.0
19016,32311,1.0
19018,26033,1.0
19018,27735,1.0
19018,36983,1.0
19019,24279,1.0
19019,26032,1.0
19020,29280,1.0
19020,24960,1.0
19020,24370,1.0
19021,32915,1.0
19021,20289,1.0
19022,25157,1.0
19023,24805,1.0
19025,19202,1.0
19025,23225,1.0
19026,19027,1.0
19029,19030,1.0
19035,19249,1.0
19035,23424,1.0
19036,29993,1.0
19036,25694,1.0
19037,32651,1.0
19038,21575,1.0
19039,23327,1.0
19039,22816,1.0
19040,19041,1.0
19043,26089,1.0
19044,23702,1.0
19047,23399,1.0
19049,19900,1.0
19050,19051,1.0
19051,19052,1.0
19051,19784,1.0
19051,31859,1.0
19051,19785,1.0
19051,34976,1.0
19052,19053,1.0
19052,27556,1.0
19052,34689,1.0
19053,25077,1.0
19053,29368,1.0
19053,32744,1.0
19053,35880,1.0
19053,35628,1.0
19054,37400,1.0
19055,24650,1.0
19056,19057,1.0
19056,28765,1.0
19059,26953,1.0
19060,32557,1.0
19061,20641,1.0
19061,25690,1.0
19061,29916,1.0
19062,19063,1.0
19065,19165,1.0
19068,21169,1.0
19068,19599,1.0
19070,19071,1.0
19073,19608,1.0
19078,21167,1.0
19083,27136,1.0
19084,33389,1.0
19088,28988,1.0
19088,24968,1.0
19089,19090,1.0
19094,23899,1.0
19095,28315,1.0
19096,29400,1.0
19096,25409,1.0
19097,19985,1.0
19097,27663,1.0
19097,27390,1.0
19098,22878,1.0
19099,20263,1.0
19100,25030,1.0
19101,19102,1.0
19101,21614,1.0
19101,21012,1.0
19101,28543,1.0
19101,30609,1.0
19101,26161,1.0
19102,19103,1.0
19102,21012,1.0
19102,26161,1.0
19103,26161,1.0
19104,27832,1.0
19106,19124,1.0
19106,20383,1.0
19106,24867,1.0
19106,25044,1.0
19106,25829,1.0
19106,19461,1.0
19106,36502,1.0
19106,20137,1.0
19107,19108,1.0
19110,23717,1.0
19112,21869,1.0
19113,19114,1.0
19117,19118,1.0
19119,19140,1.0
19120,21530,1.0
19124,19125,1.0
19124,23817,1.0
19124,29183,1.0
19124,29184,1.0
19126,19127,1.0
19126,22856,1.0
19129,19130,1.0
19131,19132,1.0
19134,27101,1.0
19135,19136,1.0
19137,24272,1.0
19138,19777,1.0
19139,26344,1.0
19141,37033,1.0
19144,28899,1.0
19144,19155,1.0
19144,31115,1.0
19145,19146,1.0
19146,32514,1.0
19146,29484,1.0
19152,20540,1.0
19154,28431,1.0
19154,26696,1.0
19154,35166,1.0
19154,31547,1.0
19155,19773,1.0
19156,21182,1.0
19157,26498,1.0
19157,34555,1.0
19157,23902,1.0
19160,34608,1.0
19161,19162,1.0
19161,19163,1.0
19161,23334,1.0
19161,25469,1.0
19161,30651,1.0
19161,34290,1.0
19165,25890,1.0
19169,29376,1.0
19169,31386,1.0
19172,19714,1.0
19173,19174,1.0
19175,35322,1.0
19179,22185,1.0
19179,30530,1.0
19180,21454,1.0
19181,25989,1.0
19183,19184,1.0
19183,19235,1.0
19183,34671,1.0
19184,33902,1.0
19185,20743,1.0
19185,32085,1.0
19185,21502,1.0
19188,24497,1.0
19188,28783,1.0
19189,30443,1.0
19189,20839,1.0
19189,32374,1.0
19190,31759,1.0
19190,37396,1.0
19190,25215,1.0
19194,20838,1.0
19196,30517,1.0
19196,33264,1.0
19198,24120,1.0
19202,26443,1.0
19204,33131,1.0
19205,19206,1.0
19207,22149,1.0
19211,20375,1.0
19212,25596,1.0
19212,37086,1.0
19213,30268,1.0
19213,33558,1.0
19214,19215,1.0
19214,22986,1.0
19215,31094,1.0
19217,24490,1.0
19220,26557,1.0
19221,19603,1.0
19222,23211,1.0
19225,19226,1.0
19231,30921,1.0
19235,32409,1.0
19235,24500,1.0
19235,26940,1.0
19236,19237,1.0
19239,25670,1.0
19241,19242,1.0
19242,19244,1.0
19242,20448,1.0
19242,29731,1.0
19242,24794,1.0
19243,19244,1.0
19244,32807,1.0
19245,19246,1.0
19245,20054,1.0
19245,20055,1.0
19246,19247,1.0
19246,26073,1.0
19246,30984,1.0
19248,20309,1.0
19250,22191,1.0
19251,24093,1.0
19251,35339,1.0
19251,23394,1.0
19252,19614,1.0
19262,24988,1.0
19262,21745,1.0
19263,20613,1.0
19265,29238,1.0
19265,21537,1.0
19265,35189,1.0
19265,21357,1.0
19265,36619,1.0
19268,36206,1.0
19268,23650,1.0
19269,19270,1.0
19274,21508,1.0
19275,19392,1.0
19277,35764,1.0
19277,19699,1.0
19277,33495,1.0
19278,24732,1.0
19279,19280,1.0
19279,33493,1.0
19279,23468,1.0
19281,29878,1.0
19281,35555,1.0
19282,26655,1.0
19283,22496,1.0
19283,33294,1.0
19283,25855,1.0
19290,21541,1.0
19290,26301,1.0
19291,19292,1.0
19293,19294,1.0
19295,20465,1.0
19296,33481,1.0
19296,26907,1.0
19297,23735,1.0
19297,37332,1.0
19298,23138,1.0
19301,19302,1.0
19304,29040,1.0
19305,19306,1.0
19305,29064,1.0
19306,23450,1.0
19306,24405,1.0
19307,28328,1.0
19307,26513,1.0
19309,19439,1.0
19312,30438,1.0
19312,28112,1.0
19313,23603,1.0
19313,37412,1.0
19313,36630,1.0
19313,31186,1.0
19313,34486,1.0
19313,21137,1.0
19314,29098,1.0
19318,21329,1.0
19321,21466,1.0
19322,23753,1.0
19324,26508,1.0
19325,20583,1.0
19328,19329,1.0
19330,24115,1.0
19332,29129,1.0
19336,35440,1.0
19339,33080,1.0
19340,27184,1.0
19342,20763,1.0
19343,19344,1.0
19343,22346,1.0
19343,23961,1.0
19343,25785,1.0
19343,24630,1.0
19343,33510,1.0
19345,19346,1.0
19346,24303,1.0
19346,19347,1.0
19347,19348,1.0
19347,24304,1.0
19347,24520,1.0
19347,24521,1.0
19347,34411,1.0
19352,27062,1.0
19354,26247,1.0
19357,21766,1.0
19357,21520,1.0
19359,19360,1.0
19359,26670,1.0
19359,37034,1.0
19362,19363,1.0
19364,28764,1.0
19364,26107,1.0
19364,25620,1.0
19364,25677,1.0
19365,19366,1.0
19367,19509,1.0
19369,19370,1.0
19369,33747,1.0
19369,24614,1.0
19369,28654,1.0
19370,34874,1.0
19370,25813,1.0
19371,19494,1.0
19371,30954,1.0
19372,25748,1.0
19372,21493,1.0
19377,24640,1.0
19379,27636,1.0
19379,29905,1.0
19381,31910,1.0
19381,23338,1.0
19382,30654,1.0
19383,19384,1.0
19385,19386,1.0
19386,19387,1.0
19386,21429,1.0
19389,25741,1.0
19389,35065,1.0
19390,19391,1.0
19390,19489,1.0
19390,26581,1.0
19390,20442,1.0
19392,24107,1.0
19392,25308,1.0
19393,19394,1.0
19394,20507,1.0
19394,24539,1.0
19394,22252,1.0
19399,19778,1.0
19399,21367,1.0
19401,19402,1.0
19401,19671,1.0
19401,21273,1.0
19401,34691,1.0
19403,25273,1.0
19403,30216,1.0
19404,22296,1.0
19405,19406,1.0
19410,29674,1.0
19416,19417,1.0
19419,22878,1.0
19420,20742,1.0
19420,25350,1.0
19423,23512,1.0
19424,25159,1.0
19425,33254,1.0
19426,24586,1.0
19427,29935,1.0
19428,23423,1.0
19429,31150,1.0
19429,20953,1.0
19430,25674,1.0
19430,22295,1.0
19430,31093,1.0
19431,31281,1.0
19431,32017,1.0
19431,31611,1.0
19431,30736,1.0
19433,22555,1.0
19433,20503,1.0
19433,21572,1.0
19434,19435,1.0
19435,28390,1.0
19435,31952,1.0
19435,36010,1.0
19435,21989,1.0
19436,22164,1.0
19438,24422,1.0
19438,28535,1.0
19442,19443,1.0
19442,25167,1.0
19442,21279,1.0
19444,24981,1.0
19447,21450,1.0
19448,25260,1.0
19449,29726,1.0
19449,19477,1.0
19449,27462,1.0
19451,23838,1.0
19452,21941,1.0
19453,22397,1.0
19453,27718,1.0
19455,19456,1.0
19456,19530,1.0
19460,19461,1.0
19461,19462,1.0
19461,19583,1.0
19461,30062,1.0
19465,19466,1.0
19465,19467,1.0
19465,29432,1.0
19465,30075,1.0
19465,24399,1.0
19466,19468,1.0
19466,26721,1.0
19466,27500,1.0
19466,33140,1.0
19470,26009,1.0
19472,23120,1.0
19473,19474,1.0
19473,30831,1.0
19480,29800,1.0
19484,35801,1.0
19484,21695,1.0
19484,36458,1.0
19486,29877,1.0
19487,29950,1.0
19487,21332,1.0
19488,19489,1.0
19489,22482,1.0
19489,35632,1.0
19489,35633,1.0
19492,22108,1.0
19492,23456,1.0
19498,19499,1.0
19502,35592,1.0
19505,29445,1.0
19506,26732,1.0
19506,31535,1.0
19507,27087,1.0
19508,25846,1.0
19511,24287,1.0
19512,22289,1.0
19518,28200,1.0
19518,21582,1.0
19520,25718,1.0
19520,26108,1.0
19521,19522,1.0
19521,23891,1.0
19521,34504,1.0
19523,34777,1.0
19525,20306,1.0
19525,27310,1.0
19526,24781,1.0
19527,22599,1.0
19529,22825,1.0
19529,30689,1.0
19529,33009,1.0
19531,34410,1.0
19531,35426,1.0
19531,26049,1.0
19532,19533,1.0
19532,24585,1.0
19536,21288,1.0
19536,25940,1.0
19539,19540,1.0
19542,25157,1.0
19543,29806,1.0
19543,30147,1.0
19543,36632,1.0
19544,22131,1.0
19545,23728,1.0
19546,22093,1.0
19548,20792,1.0
19551,31123,1.0
19551,26555,1.0
19554,28062,1.0
19555,23203,1.0
19555,35402,1.0
19555,37134,1.0
19557,20609,1.0
19558,30832,1.0
19560,24009,1.0
19560,21747,1.0
19561,29476,1.0
19561,25138,1.0
19562,19563,1.0
19564,26146,1.0
19566,25931,1.0
19566,27638,1.0
19568,19849,1.0
19568,30729,1.0
19568,21516,1.0
19573,36945,1.0
19575,22959,1.0
19577,33103,1.0
19579,31140,1.0
19581,19582,1.0
19584,20527,1.0
19586,30794,1.0
19586,24021,1.0
19588,23818,1.0
19589,32576,1.0
19593,19594,1.0
19595,36830,1.0
19595,31669,1.0
19597,23069,1.0
19601,22399,1.0
19603,20930,1.0
19606,22597,1.0
19610,37642,1.0
19611,28742,1.0
19612,24132,1.0
19615,30551,1.0
19616,37399,1.0
19616,24109,1.0
19616,23537,1.0
19618,31215,1.0
19622,24462,1.0
19622,22285,1.0
19623,27413,1.0
19624,22451,1.0
19626,20660,1.0
19627,19908,1.0
19629,24371,1.0
19630,19631,1.0
19631,19632,1.0
19631,21472,1.0
19631,27131,1.0
19632,19633,1.0
19632,27324,1.0
19632,27371,1.0
19632,29348,1.0
19632,21472,1.0
19633,19634,1.0
19633,27370,1.0
19633,27371,1.0
19636,19637,1.0
19639,24233,1.0
19639,22176,1.0
19640,29859,1.0
19641,19642,1.0
19641,24755,1.0
19641,31963,1.0
19641,32189,1.0
19643,23765,1.0
19643,19990,1.0
19644,28537,1.0
19644,34545,1.0
19645,25952,1.0
19646,28114,1.0
19651,20351,1.0
19653,19654,1.0
19658,25682,1.0
19658,33295,1.0
19660,33601,1.0
19662,19663,1.0
19664,21607,1.0
19668,24675,1.0
19673,28763,1.0
19673,29066,1.0
19673,34349,1.0
19677,19678,1.0
19678,19679,1.0
19678,23896,1.0
19678,29797,1.0
19679,19680,1.0
19679,30697,1.0
19679,34718,1.0
19680,24351,1.0
19680,29030,1.0
19683,33533,1.0
19685,23831,1.0
19685,20533,1.0
19685,20635,1.0
19686,34417,1.0
19687,19688,1.0
19687,35542,1.0
19687,21065,1.0
19687,30158,1.0
19689,23182,1.0
19691,28183,1.0
19693,28150,1.0
19696,19697,1.0
19699,21743,1.0
19699,37523,1.0
19700,34714,1.0
19701,19702,1.0
19701,33571,1.0
19702,20885,1.0
19702,23963,1.0
19703,35135,1.0
19704,19705,1.0
19705,19706,1.0
19705,21699,1.0
19705,25743,1.0
19705,32675,1.0
19705,32886,1.0
19705,32946,1.0
19705,27051,1.0
19705,32887,1.0
19706,19707,1.0
19706,32947,1.0
19706,21699,1.0
19708,35877,1.0
19709,33754,1.0
19709,21925,1.0
19714,19715,1.0
19714,31078,1.0
19716,31396,1.0
19718,36230,1.0
19718,32033,1.0
19720,20726,1.0
19721,28967,1.0
19723,28102,1.0
19723,29893,1.0
19724,19725,1.0
19724,19726,1.0
19724,25197,1.0
19729,19730,1.0
19731,23292,1.0
19731,33070,1.0
19733,30105,1.0
19734,19735,1.0
19734,26685,1.0
19734,27918,1.0
19734,33985,1.0
19734,25131,1.0
19734,28392,1.0
19740,19741,1.0
19740,32876,1.0
19740,22594,1.0
19740,31926,1.0
19744,20984,1.0
19744,25153,1.0
19744,31078,1.0
19744,24012,1.0
19746,19747,1.0
19747,22936,1.0
19747,22937,1.0
19747,23612,1.0
19747,32713,1.0
19747,23131,1.0
19747,29325,1.0
19748,19749,1.0
19750,21627,1.0
19752,20517,1.0
19753,19754,1.0
19755,25591,1.0
19760,19761,1.0
19762,19763,1.0
19763,22952,1.0
19763,22192,1.0
19765,19766,1.0
19767,21055,1.0
19769,20393,1.0
19770,19771,1.0
19770,34985,1.0
19770,35461,1.0
19770,23186,1.0
19770,31703,1.0
19770,26538,1.0
19772,24236,1.0
19772,27865,1.0
19772,35383,1.0
19774,22839,1.0
19774,36917,1.0
19776,25550,1.0
19776,23741,1.0
19777,27397,1.0
19780,25023,1.0
19780,34704,1.0
19781,22134,1.0
19783,19784,1.0
19784,19785,1.0
19784,21597,1.0
19784,23846,1.0
19784,32971,1.0
19785,19786,1.0
19785,21598,1.0
19785,22765,1.0
19787,35821,1.0
19790,19791,1.0
19795,25667,1.0
19795,22988,1.0
19797,24999,1.0
19798,25195,1.0
19799,34159,1.0
19800,23202,1.0
19800,22586,1.0
19800,27499,1.0
19802,19803,1.0
19803,27272,1.0
19804,19805,1.0
19804,27273,1.0
19804,27274,1.0
19804,25077,1.0
19804,32327,1.0
19806,22246,1.0
19808,19809,1.0
19813,32117,1.0
19814,31731,1.0
19818,29336,1.0
19821,19947,1.0
19822,33424,1.0
19822,33748,1.0
19824,33301,1.0
19824,37113,1.0
19825,20421,1.0
19827,21758,1.0
19827,21787,1.0
19832,27234,1.0
19833,25066,1.0
19833,22545,1.0
19833,35216,1.0
19834,23281,1.0
19835,19836,1.0
19835,20433,1.0
19835,30329,1.0
19837,19838,1.0
19838,19839,1.0
19838,34398,1.0
19840,19841,1.0
19840,26790,1.0
19840,28530,1.0
19840,35142,1.0
19842,21145,1.0
19842,22349,1.0
19843,19844,1.0
19843,29289,1.0
19846,19847,1.0
19850,24910,1.0
19851,21544,1.0
19852,20476,1.0
19854,29503,1.0
19856,24500,1.0
19856,36503,1.0
19866,32105,1.0
19866,36781,1.0
19867,33983,1.0
19868,27196,1.0
19870,34831,1.0
19870,23300,1.0
19873,28895,1.0
19873,22909,1.0
19879,22431,1.0
19879,30756,1.0
19879,26935,1.0
19880,19881,1.0
19880,20637,1.0
19880,30203,1.0
19882,19883,1.0
19885,28268,1.0
19888,20444,1.0
19890,19891,1.0
19893,23696,1.0
19893,34783,1.0
19893,36856,1.0
19893,35489,1.0
19893,32648,1.0
19894,24908,1.0
19894,20850,1.0
19895,24479,1.0
19899,24124,1.0
19902,21220,1.0
19903,19904,1.0
19905,35418,1.0
19907,28206,1.0
19908,31748,1.0
19910,31692,1.0
19910,36989,1.0
19912,29684,1.0
19912,35769,1.0
19912,26525,1.0
19913,23269,1.0
19917,29000,1.0
19917,22494,1.0
19920,34678,1.0
19921,19922,1.0
19923,19924,1.0
19924,22384,1.0
19925,19926,1.0
19925,28799,1.0
19927,22000,1.0
19929,25618,1.0
19939,31763,1.0
19943,29690,1.0
19943,24024,1.0
19943,30782,1.0
19945,19946,1.0
19946,31049,1.0
19947,27458,1.0
19948,23850,1.0
19948,24971,1.0
19948,21875,1.0
19950,36107,1.0
19953,19954,1.0
19955,25083,1.0
19955,35883,1.0
19959,22560,1.0
19959,30485,1.0
19959,22616,1.0
19959,30299,1.0
19961,20172,1.0
19962,27836,1.0
19962,26118,1.0
19962,37043,1.0
19963,27732,1.0
19963,33470,1.0
19964,27347,1.0
19968,21119,1.0
19970,19971,1.0
19973,19974,1.0
19973,27296,1.0
19973,27297,1.0
19973,29353,1.0
19975,25597,1.0
19977,20861,1.0
19978,20199,1.0
19978,21847,1.0
19982,19983,1.0
19983,24152,1.0
19983,30112,1.0
19985,27486,1.0
19987,32215,1.0
19987,29504,1.0
19989,21067,1.0
19990,20116,1.0
19991,19992,1.0
19991,20151,1.0
19992,21005,1.0
19993,19994,1.0
19994,21596,1.0
19995,19996,1.0
19995,26190,1.0
19995,25427,1.0
19997,19998,1.0
19998,25045,1.0
20000,20001,1.0
20001,29561,1.0
20001,21954,1.0
20005,20618,1.0
20009,26132,1.0
20011,20792,1.0
20011,22460,1.0
20014,31838,1.0
20015,31360,1.0
20015,21668,1.0
20015,28953,1.0
20016,32500,1.0
20017,24149,1.0
20018,20019,1.0
20019,32445,1.0
20019,25207,1.0
20021,20022,1.0
20025,20026,1.0
20027,29379,1.0
20027,31922,1.0
20031,22898,1.0
20032,31210,1.0
20032,33413,1.0
20037,34026,1.0
20037,33092,1.0
20038,20039,1.0
20040,27976,1.0
20040,20237,1.0
20042,20043,1.0
20044,26069,1.0
20047,28487,1.0
20047,35499,1.0
20048,21125,1.0
20049,21559,1.0
20050,37056,1.0
20051,21411,1.0
20051,26880,1.0
20052,24472,1.0
20053,22978,1.0
20054,20055,1.0
20054,29947,1.0
20054,21692,1.0
20054,23707,1.0
20054,28037,1.0
20055,25303,1.0
20055,26749,1.0
20055,20622,1.0
20055,25427,1.0
20056,20057,1.0
20058,30646,1.0
20058,20847,1.0
20062,23550,1.0
20065,27655,1.0
20065,32243,1.0
20065,25380,1.0
20066,26167,1.0
20066,31605,1.0
20067,20068,1.0
20067,30732,1.0
20067,31927,1.0
20071,33117,1.0
20071,33573,1.0
20076,20077,1.0
20078,20079,1.0
20078,29688,1.0
20078,30270,1.0
20078,23410,1.0
20078,33991,1.0
20079,20080,1.0
20079,27382,1.0
20079,29689,1.0
20079,23411,1.0
20079,34997,1.0
20081,22134,1.0
20081,24284,1.0
20083,26234,1.0
20083,35919,1.0
20085,30997,1.0
20085,24160,1.0
20086,24064,1.0
20087,22699,1.0
20090,31128,1.0
20093,28729,1.0
20093,34892,1.0
20094,20095,1.0
20095,20096,1.0
20095,27151,1.0
20095,29152,1.0
20096,20735,1.0
20096,20734,1.0
20097,23427,1.0
20097,21492,1.0
20099,23042,1.0
20101,23050,1.0
20101,35783,1.0
20101,25850,1.0
20103,29497,1.0
20103,28204,1.0
20103,33774,1.0
20105,25265,1.0
20105,29895,1.0
20106,34359,1.0
20106,30447,1.0
20108,20109,1.0
20114,20115,1.0
20115,24890,1.0
20116,22736,1.0
20121,25717,1.0
20122,20123,1.0
20124,23284,1.0
20124,23285,1.0
20127,20128,1.0
20129,31158,1.0
20130,23720,1.0
20131,25663,1.0
20132,24888,1.0
20132,24124,1.0
20134,20135,1.0
20135,26082,1.0
20135,34595,1.0
20136,20137,1.0
20137,20138,1.0
20137,27043,1.0
20137,34620,1.0
20140,21709,1.0
20140,33226,1.0
20141,20799,1.0
20143,32775,1.0
20143,21054,1.0
20143,34012,1.0
20144,20153,1.0
20148,24027,1.0
20153,32733,1.0
20159,20420,1.0
20161,20162,1.0
20164,28402,1.0
20164,22447,1.0
20166,34408,1.0
20167,26519,1.0
20168,23362,1.0
20169,22156,1.0
20169,20659,1.0
20170,24722,1.0
20172,22633,1.0
20172,21154,1.0
20175,33992,1.0
20175,29479,1.0
20176,35870,1.0
20176,25924,1.0
20177,20940,1.0
20181,20182,1.0
20181,22025,1.0
20185,29950,1.0
20185,28068,1.0
20187,22231,1.0
20190,27604,1.0
20190,24112,1.0
20191,23584,1.0
20192,21149,1.0
20194,29588,1.0
20194,36348,1.0
20194,26788,1.0
20195,26528,1.0
20195,22213,1.0
20195,23575,1.0
20197,21360,1.0
20200,21862,1.0
20200,31247,1.0
20201,31834,1.0
20201,34470,1.0
20203,20204,1.0
20203,24869,1.0
20207,20208,1.0
20211,30407,1.0
20212,23159,1.0
20212,30747,1.0
20214,22283,1.0
20215,20367,1.0
20215,26886,1.0
20216,20217,1.0
20218,23029,1.0
20218,32769,1.0
20218,33542,1.0
20219,20220,1.0
20224,28195,1.0
20225,31609,1.0
20225,30922,1.0
20225,27389,1.0
20231,21260,1.0
20231,20853,1.0
20231,25272,1.0
20232,24278,1.0
20232,22704,1.0
20233,20891,1.0
20234,25045,1.0
20234,31657,1.0
20234,36196,1.0
20235,28478,1.0
20237,36718,1.0
20237,26088,1.0
20238,23830,1.0
20239,20240,1.0
20241,22420,1.0
20242,20243,1.0
20243,25267,1.0
20244,20245,1.0
20245,22906,1.0
20245,35933,1.0
20245,24696,1.0
20252,29036,1.0
20255,22278,1.0
20257,28625,1.0
20258,25918,1.0
20259,24820,1.0
20260,26693,1.0
20262,28413,1.0
20263,32410,1.0
20263,30425,1.0
20263,29503,1.0
20263,35671,1.0
20265,20478,1.0
20266,24457,1.0
20269,20270,1.0
20270,21031,1.0
20271,20272,1.0
20275,24087,1.0
20277,20278,1.0
20280,37469,1.0
20281,20282,1.0
20282,20283,1.0
20282,28917,1.0
20282,29268,1.0
20282,29269,1.0
20282,33588,1.0
20282,33589,1.0
20282,23017,1.0
20282,23018,1.0
20287,36265,1.0
20288,24116,1.0
20288,25531,1.0
20289,30117,1.0
20289,33091,1.0
20289,32037,1.0
20291,26913,1.0
20292,20293,1.0
20293,28698,1.0
20293,20294,1.0
20295,20296,1.0
20295,30701,1.0
20295,21123,1.0
20295,31011,1.0
20295,33322,1.0
20295,23924,1.0
20299,24387,1.0
20300,34510,1.0
20302,20303,1.0
20303,31460,1.0
20303,35637,1.0
20304,20305,1.0
20305,34291,1.0
20305,34482,1.0
20305,35715,1.0
20306,28573,1.0
20306,26455,1.0
20307,20308,1.0
20309,22504,1.0
20310,20311,1.0
20311,24468,1.0
20311,25360,1.0
20311,23612,1.0
20312,22564,1.0
20313,20910,1.0
20314,20315,1.0
20314,24458,1.0
20316,20317,1.0
20319,22623,1.0
20321,36892,1.0
20321,21811,1.0
20323,20324,1.0
20323,21662,1.0
20325,20905,1.0
20326,30589,1.0
20327,29750,1.0
20327,30000,1.0
20327,31069,1.0
20329,21656,1.0
20329,23576,1.0
20331,21667,1.0
20331,25514,1.0
20331,28454,1.0
20332,34979,1.0
20333,20334,1.0
20335,20336,1.0
20338,23534,1.0
20339,28732,1.0
20341,23357,1.0
20341,20728,1.0
20342,20699,1.0
20343,25630,1.0
20345,23618,1.0
20347,25573,1.0
20349,33370,1.0
20350,33432,1.0
20350,36439,1.0
20350,37541,1.0
20350,29908,1.0
20351,32577,1.0
20355,20356,1.0
20358,20484,1.0
20359,28786,1.0
20359,28099,1.0
20360,20772,1.0
20361,28371,1.0
20363,21022,1.0
20363,26195,1.0
20364,30406,1.0
20364,34607,1.0
20366,24234,1.0
20369,20370,1.0
20376,24454,1.0
20376,23314,1.0
20378,22863,1.0
20378,25895,1.0
20379,24815,1.0
20380,23952,1.0
20382,36600,1.0
20383,20384,1.0
20383,25043,1.0
20383,27883,1.0
20383,28367,1.0
20383,29115,1.0
20383,36524,1.0
20383,33320,1.0
20385,20386,1.0
20386,20387,1.0
20386,24683,1.0
20386,27219,1.0
20388,20389,1.0
20389,24363,1.0
20389,32677,1.0
20390,27546,1.0
20391,20392,1.0
20391,20885,1.0
20391,24442,1.0
20393,32006,1.0
20394,32797,1.0
20398,35584,1.0
20400,25201,1.0
20401,23901,1.0
20403,21554,1.0
20406,24157,1.0
20408,20409,1.0
20408,20411,1.0
20408,22237,1.0
20408,22238,1.0
20408,30497,1.0
20409,20410,1.0
20409,21537,1.0
20409,32752,1.0
20409,33360,1.0
20409,32327,1.0
20409,36017,1.0
20409,22238,1.0
20409,21357,1.0
20412,27799,1.0
20413,31801,1.0
20414,20415,1.0
20415,20416,1.0
20415,24808,1.0
20415,21804,1.0
20415,27830,1.0
20415,30110,1.0
20415,31107,1.0
20416,20417,1.0
20416,24809,1.0
20416,26902,1.0
20416,26903,1.0
20416,30110,1.0
20421,23799,1.0
20423,27678,1.0
20425,20426,1.0
20426,22751,1.0
20427,31291,1.0
20428,34066,1.0
20433,34529,1.0
20433,24306,1.0
20434,25056,1.0
20436,24172,1.0
20437,36865,1.0
20438,22488,1.0
20438,25140,1.0
20438,26928,1.0
20439,28522,1.0
20439,25561,1.0
20442,33366,1.0
20442,20443,1.0
20444,23271,1.0
20445,20446,1.0
20445,27406,1.0
20447,20448,1.0
20448,20449,1.0
20448,22428,1.0
20448,28042,1.0
20448,29918,1.0
20448,33913,1.0
20448,29585,1.0
20449,20450,1.0
20449,22456,1.0
20452,25125,1.0
20456,20457,1.0
20457,22884,1.0
20457,27621,1.0
20457,28479,1.0
20457,35458,1.0
20465,25568,1.0
20466,26706,1.0
20471,31657,1.0
20475,20728,1.0
20478,21235,1.0
20479,22622,1.0
20480,20481,1.0
20488,26717,1.0
20491,25666,1.0
20492,25692,1.0
20495,30357,1.0
20496,30693,1.0
20496,36351,1.0
20506,20507,1.0
20507,20508,1.0
20507,22252,1.0
20507,36496,1.0
20508,20509,1.0
20508,28572,1.0
20508,32960,1.0
20508,37350,1.0
20510,20511,1.0
20518,33067,1.0
20519,25621,1.0
20520,25703,1.0
20523,25460,1.0
20526,31030,1.0
20529,28447,1.0
20530,26765,1.0
20530,29343,1.0
20530,25784,1.0
20531,23415,1.0
20532,23174,1.0
20532,27073,1.0
20532,22223,1.0
20533,23482,1.0
20539,23121,1.0
20540,32601,1.0
20540,28043,1.0
20541,24321,1.0
20541,24105,1.0
20543,20544,1.0
20545,35415,1.0
20545,32989,1.0
20545,31171,1.0
20546,24648,1.0
20547,21176,1.0
20550,29905,1.0
20552,26909,1.0
20552,27653,1.0
20553,24880,1.0
20554,20555,1.0
20556,26406,1.0
20556,26624,1.0
20556,28505,1.0
20556,33229,1.0
20559,20560,1.0
20562,20563,1.0
20563,21979,1.0
20563,32563,1.0
20563,25270,1.0
20563,30123,1.0
20566,20567,1.0
20568,29364,1.0
20568,24376,1.0
20572,22005,1.0
20573,21756,1.0
20575,26842,1.0
20576,20577,1.0
20584,20585,1.0
20585,20586,1.0
20585,24616,1.0
20587,23915,1.0
20588,33008,1.0
20588,35946,1.0
20589,23978,1.0
20589,27882,1.0
20594,20595,1.0
20597,23594,1.0
20597,25426,1.0
20597,21935,1.0
20600,24337,1.0
20600,32382,1.0
20601,20602,1.0
20602,23240,1.0
20602,24477,1.0
20602,20603,1.0
20603,20604,1.0
20603,28820,1.0
20606,22796,1.0
20607,20815,1.0
20612,27346,1.0
20612,36232,1.0
20612,31822,1.0
20612,33240,1.0
20615,20616,1.0
20617,24246,1.0
20618,24892,1.0
20620,28592,1.0
20621,20622,1.0
20622,20623,1.0
20622,26638,1.0
20623,20624,1.0
20623,25130,1.0
20627,20628,1.0
20631,24127,1.0
20631,24010,1.0
20632,20774,1.0
20633,28968,1.0
20635,32778,1.0
20638,24073,1.0
20641,21211,1.0
20641,24965,1.0
20643,20644,1.0
20644,20645,1.0
20644,29932,1.0
20648,27194,1.0
20651,20652,1.0
20654,20655,1.0
20654,35780,1.0
20655,21825,1.0
20657,30762,1.0
20657,23244,1.0
20657,25215,1.0
20658,31420,1.0
20660,23788,1.0
20661,21209,1.0
20662,20663,1.0
20663,28223,1.0
20663,31159,1.0
20663,31160,1.0
20663,33642,1.0
20663,23659,1.0
20664,20665,1.0
20664,20666,1.0
20664,29296,1.0
20664,22787,1.0
20664,26936,1.0
20667,29994,1.0
20669,20670,1.0
20670,20671,1.0
20670,27371,1.0
20670,35343,1.0
20673,27677,1.0
20674,20675,1.0
20675,20676,1.0
20675,25965,1.0
20679,29833,1.0
20680,20681,1.0
20681,20683,1.0
20681,27795,1.0
20681,29546,1.0
20681,29548,1.0
20681,32099,1.0
20682,20683,1.0
20683,36959,1.0
20687,25410,1.0
20688,25191,1.0
20690,20691,1.0
20695,26792,1.0
20695,34315,1.0
20696,30626,1.0
20701,23002,1.0
20702,20703,1.0
20703,29961,1.0
20703,30110,1.0
20703,30569,1.0
20705,20706,1.0
20707,22717,1.0
20709,22962,1.0
20713,20714,1.0
20713,34175,1.0
20715,32320,1.0
20716,20717,1.0
20718,20719,1.0
20719,20720,1.0
20719,21011,1.0
20719,21012,1.0
20719,27967,1.0
20719,30239,1.0
20719,33492,1.0
20719,35356,1.0
20719,30228,1.0
20723,20724,1.0
20727,24888,1.0
20727,23830,1.0
20728,20729,1.0
20730,20731,1.0
20732,20733,1.0
20732,26840,1.0
20732,29152,1.0
20732,31009,1.0
20732,36034,1.0
20733,20734,1.0
20733,31008,1.0
20734,20735,1.0
20734,23924,1.0
20734,24511,1.0
20734,36377,1.0
20737,24994,1.0
20738,23599,1.0
20738,36212,1.0
20740,32041,1.0
20740,29581,1.0
20740,31667,1.0
20740,32570,1.0
20741,21325,1.0
20745,26339,1.0
20745,35955,1.0
20746,20747,1.0
20748,21325,1.0
20751,24471,1.0
20752,20753,1.0
20754,20755,1.0
20755,20756,1.0
20755,22288,1.0
20755,27336,1.0
20755,27335,1.0
20755,35663,1.0
20755,35184,1.0
20756,23123,1.0
20756,24526,1.0
20756,35184,1.0
20756,35185,1.0
20756,36320,1.0
20756,24527,1.0
20757,20758,1.0
20759,29403,1.0
20761,20762,1.0
20762,33585,1.0
20762,22872,1.0
20763,26997,1.0
20765,20766,1.0
20767,30378,1.0
20768,26839,1.0
20769,29931,1.0
20769,29517,1.0
20769,32281,1.0
20770,24935,1.0
20770,25324,1.0
20773,24996,1.0
20773,24947,1.0
20773,26230,1.0
20776,20777,1.0
20779,20780,1.0
20781,20782,1.0
20783,28564,1.0
20786,23989,1.0
20786,21269,1.0
20787,20788,1.0
20790,20791,1.0
20794,20795,1.0
20794,35609,1.0
20794,35675,1.0
20795,32524,1.0
20795,21191,1.0
20800,22505,1.0
20801,32566,1.0
20802,24847,1.0
20802,25724,1.0
20802,30068,1.0
20803,26554,1.0
20803,35936,1.0
20804,22327,1.0
20805,30355,1.0
20808,20809,1.0
20812,26632,1.0
20813,20814,1.0
20813,29564,1.0
20813,36129,1.0
20815,27189,1.0
20816,20817,1.0
20819,26604,1.0
20819,24162,1.0
20820,22130,1.0
20820,36905,1.0
20821,23676,1.0
20822,24058,1.0
20823,20824,1.0
20827,20828,1.0
20827,29032,1.0
20827,30312,1.0
20827,22942,1.0
20829,21959,1.0
20830,22065,1.0
20832,25848,1.0
20833,30374,1.0
20833,21916,1.0
20834,22362,1.0
20835,26384,1.0
20839,32601,1.0
20845,20846,1.0
20845,23265,1.0
20845,29585,1.0
20847,23251,1.0
20849,32434,1.0
20849,35151,1.0
20849,32550,1.0
20849,31177,1.0
20850,27708,1.0
20850,35421,1.0
20853,25435,1.0
20855,22945,1.0
20857,22561,1.0
20862,22698,1.0
20862,23519,1.0
20863,22474,1.0
20863,33419,1.0
20864,20865,1.0
20864,25300,1.0
20864,25661,1.0
20866,20867,1.0
20866,25815,1.0
20866,29610,1.0
20869,26732,1.0
20870,20871,1.0
20871,20872,1.0
20871,23679,1.0
20871,23844,1.0
20872,20873,1.0
20872,23844,1.0
20874,20875,1.0
20877,20878,1.0
20881,21374,1.0
20881,26148,1.0
20882,20883,1.0
20885,24442,1.0
20886,21595,1.0
20887,29965,1.0
20889,24383,1.0
20894,22383,1.0
20894,25364,1.0
20896,21389,1.0
20896,24796,1.0
20896,25121,1.0
20898,26886,1.0
20903,25042,1.0
20908,24770,1.0
20908,25413,1.0
20908,22766,1.0
20910,29116,1.0
20910,32203,1.0
20912,21515,1.0
20912,27643,1.0
20914,20915,1.0
20916,20917,1.0
20918,20919,1.0
20920,20921,1.0
20922,37614,1.0
20924,20925,1.0
20924,23948,1.0
20924,30978,1.0
20924,23236,1.0
20924,37407,1.0
20927,20928,1.0
20927,25141,1.0
20927,25142,1.0
20927,30825,1.0
20928,20929,1.0
20928,25600,1.0
20928,31107,1.0
20928,29432,1.0
20930,29177,1.0
20931,37324,1.0
20931,23710,1.0
20931,35190,1.0
20932,30336,1.0
20932,26210,1.0
20932,29322,1.0
20933,20934,1.0
20934,20935,1.0
20934,26700,1.0
20934,33014,1.0
20936,20937,1.0
20936,28740,1.0
20936,24953,1.0
20936,28747,1.0
20939,22778,1.0
20941,37398,1.0
20943,20944,1.0
20944,30128,1.0
20944,23930,1.0
20944,20945,1.0
20945,20946,1.0
20949,26500,1.0
20949,27696,1.0
20950,20951,1.0
20950,28733,1.0
20950,35920,1.0
20956,29304,1.0
20959,30108,1.0
20960,29117,1.0
20960,36571,1.0
20960,32938,1.0
20960,34075,1.0
20961,20962,1.0
20963,28171,1.0
20964,28750,1.0
20964,23107,1.0
20967,24644,1.0
20967,30047,1.0
20969,21542,1.0
20969,24913,1.0
20969,26804,1.0
20970,21986,1.0
20970,23236,1.0
20970,20971,1.0
20970,34495,1.0
20971,20972,1.0
20971,27625,1.0
20972,20973,1.0
20972,29654,1.0
20972,35141,1.0
20972,21724,1.0
20974,25643,1.0
20974,29308,1.0
20974,29914,1.0
20975,29682,1.0
20977,26219,1.0
20977,24187,1.0
20980,23472,1.0
20983,23219,1.0
20983,28412,1.0
20983,21288,1.0
20984,20985,1.0
20984,33706,1.0
20986,32049,1.0
20988,24134,1.0
20988,22578,1.0
20992,21525,1.0
20992,21839,1.0
20993,20994,1.0
20994,23867,1.0
20994,22163,1.0
20995,27446,1.0
20995,30143,1.0
20996,20997,1.0
20998,20999,1.0
21003,23066,1.0
21006,21007,1.0
21008,21009,1.0
21009,24157,1.0
21012,21013,1.0
21012,32602,1.0
21012,23374,1.0
21012,27267,1.0
21014,25465,1.0
21015,21016,1.0
21018,29751,1.0
21024,21025,1.0
21026,21027,1.0
21027,25687,1.0
21027,32221,1.0
21028,21029,1.0
21031,22147,1.0
21031,28704,1.0
21032,23628,1.0
21032,29352,1.0
21033,28531,1.0
21033,25798,1.0
21033,34752,1.0
21034,21675,1.0
21034,24658,1.0
21036,21468,1.0
21042,24894,1.0
21044,21045,1.0
21045,28926,1.0
21045,31517,1.0
21045,28001,1.0
21046,21047,1.0
21047,21048,1.0
21047,33083,1.0
21051,21052,1.0
21053,21054,1.0
21053,33466,1.0
21053,23873,1.0
21054,31112,1.0
21058,36334,1.0
21058,25220,1.0
21059,24694,1.0
21064,22425,1.0
21067,27414,1.0
21070,21071,1.0
21072,24542,1.0
21075,23986,1.0
21077,29051,1.0
21077,29490,1.0
21079,21080,1.0
21080,21081,1.0
21080,21725,1.0
21080,24227,1.0
21080,27969,1.0
21080,27970,1.0
21080,22239,1.0
21080,29762,1.0
21080,25063,1.0
21080,25227,1.0
21080,27005,1.0
21081,21082,1.0
21081,30966,1.0
21081,25227,1.0
21085,21086,1.0
21085,22524,1.0
21086,21641,1.0
21086,34152,1.0
21087,21088,1.0
21093,33480,1.0
21093,36637,1.0
21093,34389,1.0
21094,34557,1.0
21096,24319,1.0
21097,21209,1.0
21100,25025,1.0
21101,29479,1.0
21105,22718,1.0
21105,33094,1.0
21107,30096,1.0
21107,34596,1.0
21107,36397,1.0
21111,21112,1.0
21112,23808,1.0
21113,22308,1.0
21115,24235,1.0
21116,21117,1.0
21120,31176,1.0
21122,21123,1.0
21123,21124,1.0
21123,33946,1.0
21124,27140,1.0
21124,32735,1.0
21124,33947,1.0
21125,25941,1.0
21129,34289,1.0
21129,30395,1.0
21133,21134,1.0
21133,34706,1.0
21133,35841,1.0
21138,21139,1.0
21139,21140,1.0
21139,22560,1.0
21139,24254,1.0
21140,21141,1.0
21140,33297,1.0
21140,28981,1.0
21140,24254,1.0
21143,21144,1.0
21144,30491,1.0
21144,35860,1.0
21146,22949,1.0
21147,21148,1.0
21147,22601,1.0
21149,27006,1.0
21149,35882,1.0
21152,31761,1.0
21154,22693,1.0
21155,35413,1.0
21158,22879,1.0
21160,30050,1.0
21160,23071,1.0
21160,32999,1.0
21161,28704,1.0
21162,36128,1.0
21165,21371,1.0
21165,22768,1.0
21165,22420,1.0
21166,24201,1.0
21168,23877,1.0
21169,21577,1.0
21170,21171,1.0
21170,26143,1.0
21170,27562,1.0
21172,36493,1.0
21175,25915,1.0
21177,21178,1.0
21184,21185,1.0
21186,23219,1.0
21186,28577,1.0
21186,26246,1.0
21187,29474,1.0
21190,27603,1.0
21191,36597,1.0
21191,31580,1.0
21192,21193,1.0
21192,33633,1.0
21192,34589,1.0
21192,36850,1.0
21194,21195,1.0
21195,21196,1.0
21196,21197,1.0
21196,36776,1.0
21198,27618,1.0
21206,35755,1.0
21209,34780,1.0
21212,27735,1.0
21212,26482,1.0
21212,36466,1.0
21214,21455,1.0
21216,28212,1.0
21216,25232,1.0
21216,22588,1.0
21219,21694,1.0
21219,26085,1.0
21219,29231,1.0
21221,36919,1.0
21224,22929,1.0
21239,21240,1.0
21240,35560,1.0
21241,25234,1.0
21242,25605,1.0
21246,22645,1.0
21246,21282,1.0
21247,21248,1.0
21252,22073,1.0
21254,30428,1.0
21261,21262,1.0
21262,23927,1.0
21262,28659,1.0
21262,29659,1.0
21262,30485,1.0
21263,21264,1.0
21265,22923,1.0
21265,33418,1.0
21266,21267,1.0
21266,26255,1.0
21266,29112,1.0
21266,36532,1.0
21269,26824,1.0
21272,33875,1.0
21275,25967,1.0
21279,26916,1.0
21284,21285,1.0
21284,21286,1.0
21284,28221,1.0
21284,28222,1.0
21287,28457,1.0
21287,32837,1.0
21287,27417,1.0
21287,35021,1.0
21288,30545,1.0
21289,23882,1.0
21290,21291,1.0
21293,21294,1.0
21295,21296,1.0
21299,26571,1.0
21301,25125,1.0
21302,21303,1.0
21304,23370,1.0
21305,21306,1.0
21305,25853,1.0
21305,26303,1.0
21306,28974,1.0
21309,26383,1.0
21309,22596,1.0
21309,28977,1.0
21310,23597,1.0
21310,21516,1.0
21312,25201,1.0
21313,21314,1.0
21314,21315,1.0
21315,21316,1.0
21315,22557,1.0
21317,21681,1.0
21318,27531,1.0
21319,21320,1.0
21320,21321,1.0
21320,22942,1.0
21320,26094,1.0
21320,29869,1.0
21320,28854,1.0
21320,30714,1.0
21321,21322,1.0
21321,25266,1.0
21321,25375,1.0
21321,29562,1.0
21321,29563,1.0
21321,35721,1.0
21326,21327,1.0
21329,23663,1.0
21330,27707,1.0
21330,29975,1.0
21330,27897,1.0
21331,26639,1.0
21331,27990,1.0
21334,25571,1.0
21334,22271,1.0
21337,25539,1.0
21337,24336,1.0
21339,21340,1.0
21342,26214,1.0
21345,30831,1.0
21345,33119,1.0
21345,22104,1.0
21346,30945,1.0
21346,22416,1.0
21348,33735,1.0
21349,21350,1.0
21352,29870,1.0
21355,25756,1.0
21357,21358,1.0
21357,21537,1.0
21358,21537,1.0
21358,26184,1.0
21358,30203,1.0
21358,29460,1.0
21360,21731,1.0
21365,21366,1.0
21367,21618,1.0
21367,25836,1.0
21368,31644,1.0
21371,28437,1.0
21373,26100,1.0
21373,24588,1.0
21374,24789,1.0
21375,21376,1.0
21376,21377,1.0
21376,36871,1.0
21382,22485,1.0
21384,27440,1.0
21386,27846,1.0
21387,21388,1.0
21390,32631,1.0
21390,21391,1.0
21391,29500,1.0
21391,26423,1.0
21391,33217,1.0
21391,34523,1.0
21393,31241,1.0
21393,25294,1.0
21395,26132,1.0
21396,21397,1.0
21396,22152,1.0
21398,36566,1.0
21398,35930,1.0
21399,24216,1.0
21399,26247,1.0
21399,26635,1.0
21400,24239,1.0
21400,25744,1.0
21401,22996,1.0
21402,30118,1.0
21402,31975,1.0
21406,21407,1.0
21408,25517,1.0
21409,28844,1.0
21411,23843,1.0
21411,27776,1.0
21413,28992,1.0
21413,26026,1.0
21414,25702,1.0
21415,27403,1.0
21416,21417,1.0
21425,24830,1.0
21428,21429,1.0
21429,23659,1.0
21429,33622,1.0
21429,30314,1.0
21429,28898,1.0
21430,29427,1.0
21431,33004,1.0
21433,21434,1.0
21438,22309,1.0
21438,22551,1.0
21440,22876,1.0
21442,21443,1.0
21444,21445,1.0
21447,26430,1.0
21447,28575,1.0
21447,30678,1.0
21448,21834,1.0
21449,28143,1.0
21457,22782,1.0
21460,21461,1.0
21461,23116,1.0
21461,31760,1.0
21461,35566,1.0
21465,21466,1.0
21470,21471,1.0
21471,21472,1.0
21471,23391,1.0
21472,21473,1.0
21474,21475,1.0
21474,21516,1.0
21476,21754,1.0
21477,31459,1.0
21479,24361,1.0
21479,30534,1.0
21479,35552,1.0
21480,21481,1.0
21483,21484,1.0
21483,27584,1.0
21483,25206,1.0
21483,33180,1.0
21484,21485,1.0
21484,27584,1.0
21484,34576,1.0
21484,36258,1.0
21486,22687,1.0
21486,24647,1.0
21486,29220,1.0
21487,24724,1.0
21492,29328,1.0
21496,21497,1.0
21498,21900,1.0
21502,24751,1.0
21503,21504,1.0
21505,22081,1.0
21506,21507,1.0
21506,37385,1.0
21506,25115,1.0
21509,21510,1.0
21509,34274,1.0
21509,29702,1.0
21510,29702,1.0
21512,21513,1.0
21514,24898,1.0
21515,24537,1.0
21516,30028,1.0
21518,37023,1.0
21521,22355,1.0
21521,24387,1.0
21521,26603,1.0
21521,24817,1.0
21523,21524,1.0
21525,28812,1.0
21525,22614,1.0
21527,25665,1.0
21531,21532,1.0
21532,22820,1.0
21532,24527,1.0
21532,33733,1.0
21532,31877,1.0
21537,30203,1.0
21537,32147,1.0
21539,24394,1.0
21548,30854,1.0
21549,27928,1.0
21551,35406,1.0
21551,36465,1.0
21551,32380,1.0
21552,21553,1.0
21560,26476,1.0
21560,23617,1.0
21562,29285,1.0
21563,26791,1.0
21563,21591,1.0
21564,21565,1.0
21567,21568,1.0
21570,28700,1.0
21571,24154,1.0
21571,29846,1.0
21571,35736,1.0
21571,22560,1.0
21571,21699,1.0
21573,21574,1.0
21577,25019,1.0
21579,29086,1.0
21586,24555,1.0
21588,24703,1.0
21591,24985,1.0
21591,32028,1.0
21592,22584,1.0
21595,21596,1.0
21599,24578,1.0
21601,29752,1.0
21605,21606,1.0
21610,25499,1.0
21610,26246,1.0
21611,24516,1.0
21612,21670,1.0
21613,24285,1.0
21613,27544,1.0
21616,21617,1.0
21617,34530,1.0
21618,24787,1.0
21619,21620,1.0
21622,21623,1.0
21622,28050,1.0
21622,32525,1.0
21624,21625,1.0
21624,28107,1.0
21624,30870,1.0
21624,33975,1.0
21635,25416,1.0
21638,21639,1.0
21645,34401,1.0
21646,33223,1.0
21647,26881,1.0
21647,22658,1.0
21650,25150,1.0
21651,27653,1.0
21651,35259,1.0
21654,27087,1.0
21654,36055,1.0
21654,31394,1.0
21654,35790,1.0
21656,21657,1.0
21656,25932,1.0
21662,24995,1.0
21662,28782,1.0
21665,21666,1.0
21667,23248,1.0
21667,33700,1.0
21667,29150,1.0
21668,21669,1.0
21668,25632,1.0
21672,23598,1.0
21674,34461,1.0
21681,23294,1.0
21681,30818,1.0
21682,29860,1.0
21682,24080,1.0
21682,22029,1.0
21685,23557,1.0
21686,22165,1.0
21686,31905,1.0
21686,31861,1.0
21687,28611,1.0
21688,21689,1.0
21689,33546,1.0
21690,30603,1.0
21690,34749,1.0
21693,24660,1.0
21694,28408,1.0
21694,22605,1.0
21696,35482,1.0
21696,37559,1.0
21696,23360,1.0
21699,25742,1.0
21699,25743,1.0
21699,27051,1.0
21699,29657,1.0
21699,23927,1.0
21702,26612,1.0
21704,29807,1.0
21707,29801,1.0
21708,25465,1.0
21708,32427,1.0
21710,25084,1.0
21712,24791,1.0
21713,24792,1.0
21713,26797,1.0
21716,23420,1.0
21718,24641,1.0
21718,24420,1.0
21719,32116,1.0
21719,32639,1.0
21720,21721,1.0
21723,21724,1.0
21724,23239,1.0
21725,21726,1.0
21725,33059,1.0
21726,35309,1.0
21729,35982,1.0
21732,32640,1.0
21732,35921,1.0
21732,37529,1.0
21732,31686,1.0
21733,24010,1.0
21734,33132,1.0
21734,28930,1.0
21738,24033,1.0
21738,25117,1.0
21740,21741,1.0
21742,23556,1.0
21744,23784,1.0
21749,26160,1.0
21751,25137,1.0
21753,22660,1.0
21753,21909,1.0
21755,23968,1.0
21755,28972,1.0
21756,22924,1.0
21756,29777,1.0
21758,24758,1.0
21759,30952,1.0
21764,24588,1.0
21765,23561,1.0
21765,22717,1.0
21772,36420,1.0
21772,33488,1.0
21773,21774,1.0
21773,21775,1.0
21776,25157,1.0
21776,30026,1.0
21781,28731,1.0
21781,22033,1.0
21781,31407,1.0
21782,29453,1.0
21783,33152,1.0
21784,21785,1.0
21786,30280,1.0
21786,32065,1.0
21787,25871,1.0
21787,30730,1.0
21788,23292,1.0
21790,25915,1.0
21791,25119,1.0
21792,25719,1.0
21792,24536,1.0
21794,24493,1.0
21795,21796,1.0
21796,22791,1.0
21799,23854,1.0
21800,29477,1.0
21800,33609,1.0
21800,34106,1.0
21801,21802,1.0
21802,34370,1.0
21802,30390,1.0
21804,21805,1.0
21804,24167,1.0
21804,33345,1.0
21806,21807,1.0
21807,21808,1.0
21807,24766,1.0
21808,21809,1.0
21808,28885,1.0
21810,33684,1.0
21811,29023,1.0
21813,25301,1.0
21813,26151,1.0
21813,26096,1.0
21815,37353,1.0
21815,26213,1.0
21816,29266,1.0
21818,23787,1.0
21818,31979,1.0
21821,24300,1.0
21821,25992,1.0
21824,28097,1.0
21826,23064,1.0
21827,21828,1.0
21829,26643,1.0
21834,21856,1.0
21834,36149,1.0
21836,21837,1.0
21837,21838,1.0
21837,23189,1.0
21837,23190,1.0
21837,30115,1.0
21837,22062,1.0
21837,31675,1.0
21837,22346,1.0
21837,28449,1.0
21840,29260,1.0
21841,26435,1.0
21843,23512,1.0
21844,26305,1.0
21846,33181,1.0
21849,22552,1.0
21851,32359,1.0
21853,26738,1.0
21855,23051,1.0
21855,36525,1.0
21856,29704,1.0
21856,34080,1.0
21858,21859,1.0
21860,35861,1.0
21860,27479,1.0
21861,29332,1.0
21862,27794,1.0
21864,21865,1.0
21865,34036,1.0
21865,29055,1.0
21869,32026,1.0
21871,21872,1.0
21873,28892,1.0
21873,37297,1.0
21874,22032,1.0
21877,23122,1.0
21879,22351,1.0
21880,29514,1.0
21881,23399,1.0
21883,21884,1.0
21884,21885,1.0
21884,30393,1.0
21884,24211,1.0
21884,29627,1.0
21885,21886,1.0
21885,35655,1.0
21888,25609,1.0
21889,31459,1.0
21890,24982,1.0
21894,21895,1.0
21894,26544,1.0
21899,32488,1.0
21899,34261,1.0
21899,26218,1.0
21901,21918,1.0
21901,28187,1.0
21902,21903,1.0
21902,25943,1.0
21902,29396,1.0
21902,33944,1.0
21904,24561,1.0
21911,21912,1.0
21914,25814,1.0
21917,31397,1.0
21919,21920,1.0
21920,30254,1.0
21923,29329,1.0
21927,21928,1.0
21929,33173,1.0
21930,23424,1.0
21931,30804,1.0
21931,32111,1.0
21933,27326,1.0
21935,25753,1.0
21937,27926,1.0
21939,26009,1.0
21939,22181,1.0
21941,22294,1.0
21941,26208,1.0
21942,21943,1.0
21943,21944,1.0
21943,24560,1.0
21943,25279,1.0
21944,26355,1.0
21944,24560,1.0
21945,29903,1.0
21947,21948,1.0
21951,28539,1.0
21952,26028,1.0
21953,23569,1.0
21955,21956,1.0
21957,27670,1.0
21957,25544,1.0
21959,34180,1.0
21960,25789,1.0
21961,25489,1.0
21962,21963,1.0
21968,24072,1.0
21970,21971,1.0
21972,24858,1.0
21972,35535,1.0
21972,34582,1.0
21975,27531,1.0
21976,21977,1.0
21980,21981,1.0
21981,21982,1.0
21981,27955,1.0
21981,30392,1.0
21983,21984,1.0
21985,21986,1.0
21986,29065,1.0
21987,30893,1.0
21988,23478,1.0
21988,22659,1.0
21989,21990,1.0
21990,29652,1.0
21992,21993,1.0
21994,24313,1.0
21995,23342,1.0
21995,22853,1.0
21995,26518,1.0
22001,22002,1.0
22012,23724,1.0
22012,22802,1.0
22012,27442,1.0
22013,33214,1.0
22015,22016,1.0
22016,22017,1.0
22016,34094,1.0
22016,36772,1.0
22016,26477,1.0
22017,26477,1.0
22018,22019,1.0
22019,35438,1.0
22019,29546,1.0
22019,35439,1.0
22020,22021,1.0
22022,22023,1.0
22025,35214,1.0
22026,27352,1.0
22030,30713,1.0
22032,23042,1.0
22033,36101,1.0
22033,32884,1.0
22035,22323,1.0
22036,23777,1.0
22038,29870,1.0
22040,30240,1.0
22041,22042,1.0
22042,25842,1.0
22043,26071,1.0
22044,32217,1.0
22044,32593,1.0
22046,28268,1.0
22046,22106,1.0
22050,22051,1.0
22052,25846,1.0
22054,22055,1.0
22056,23006,1.0
22056,36185,1.0
22057,22058,1.0
22059,24744,1.0
22062,22063,1.0
22062,22064,1.0
22062,29399,1.0
22062,29520,1.0
22062,26680,1.0
22062,23190,1.0
22062,25072,1.0
22071,22072,1.0
22072,23476,1.0
22072,24803,1.0
22072,37165,1.0
22072,24804,1.0
22072,29074,1.0
22074,31653,1.0
22075,22076,1.0
22077,24507,1.0
22077,33877,1.0
22077,36719,1.0
22079,27431,1.0
22080,30322,1.0
22081,22082,1.0
22083,22658,1.0
22084,23094,1.0
22085,22086,1.0
22087,22220,1.0
22088,26468,1.0
22088,32805,1.0
22089,22902,1.0
22094,22095,1.0
22095,27985,1.0
22095,30673,1.0
22098,28344,1.0
22099,31956,1.0
22099,32924,1.0
22100,33550,1.0
22101,29067,1.0
22101,27688,1.0
22102,31282,1.0
22104,35179,1.0
22104,37601,1.0
22106,28817,1.0
22106,24321,1.0
22107,32047,1.0
22107,22824,1.0
22113,22114,1.0
22115,22116,1.0
22117,22118,1.0
22119,22120,1.0
22122,28383,1.0
22123,27502,1.0
22124,22125,1.0
22128,22129,1.0
22130,34166,1.0
22131,29573,1.0
22131,26786,1.0
22132,30778,1.0
22133,22220,1.0
22133,23734,1.0
22133,31419,1.0
22136,24491,1.0
22141,26127,1.0
22142,26966,1.0
22143,22144,1.0
22143,22991,1.0
22143,25209,1.0
22144,22145,1.0
22144,24517,1.0
22144,24152,1.0
22149,31361,1.0
22150,32844,1.0
22150,22779,1.0
22150,34599,1.0
22151,22152,1.0
22151,27492,1.0
22151,29539,1.0
22152,26951,1.0
22152,31485,1.0
22153,26886,1.0
22153,25488,1.0
22153,28188,1.0
22154,33184,1.0
22154,35196,1.0
22154,33023,1.0
22156,32240,1.0
22156,30065,1.0
22156,29565,1.0
22158,22159,1.0
22160,22161,1.0
22161,25911,1.0
22164,24930,1.0
22168,23181,1.0
22169,25181,1.0
22172,35641,1.0
22172,34515,1.0
22174,22175,1.0
22174,29707,1.0
22174,31819,1.0
22174,23186,1.0
22174,34914,1.0
22176,22177,1.0
22178,22179,1.0
22180,30634,1.0
22183,25956,1.0
22183,30162,1.0
22185,29758,1.0
22186,32300,1.0
22187,25078,1.0
22189,22190,1.0
22189,28972,1.0
22189,34713,1.0
22191,26230,1.0
22193,25757,1.0
22194,22195,1.0
22194,22198,1.0
22194,28245,1.0
22196,22197,1.0
22199,26461,1.0
22199,25792,1.0
22200,25822,1.0
22200,35079,1.0
22202,30206,1.0
22208,22209,1.0
22208,23869,1.0
22208,27951,1.0
22212,24542,1.0
22213,27229,1.0
22217,24065,1.0
22218,22219,1.0
22218,27688,1.0
22218,27894,1.0
22219,24497,1.0
22220,25198,1.0
22226,23627,1.0
22227,25578,1.0
22231,27040,1.0
22232,31636,1.0
22232,36027,1.0
22232,36710,1.0
22234,29257,1.0
22234,31484,1.0
22234,28679,1.0
22235,22871,1.0
22235,24933,1.0
22236,26150,1.0
22238,22239,1.0
22239,29762,1.0
22240,22241,1.0
22241,27996,1.0
22241,35025,1.0
22244,22245,1.0
22246,27098,1.0
22246,25646,1.0
22246,31469,1.0
22247,22248,1.0
22249,28385,1.0
22250,22251,1.0
22251,22252,1.0
22251,23942,1.0
22252,22253,1.0
22252,35989,1.0
22255,33269,1.0
22257,30633,1.0
22260,22285,1.0
22264,27834,1.0
22264,29134,1.0
22264,29854,1.0
22264,30432,1.0
22265,22266,1.0
22268,24689,1.0
22271,24448,1.0
22272,25172,1.0
22272,34653,1.0
22274,22275,1.0
22274,34623,1.0
22274,32193,1.0
22277,22763,1.0
22278,27884,1.0
22281,22282,1.0
22286,34463,1.0
22286,33683,1.0
22286,23723,1.0
22295,22436,1.0
22296,26588,1.0
22296,29843,1.0
22300,22301,1.0
22300,32004,1.0
22304,22305,1.0
22308,33127,1.0
22311,26200,1.0
22311,26940,1.0
22311,31891,1.0
22312,22313,1.0
22313,31807,1.0
22315,31381,1.0
22317,35810,1.0
22317,34011,1.0
22317,22498,1.0
22328,25982,1.0
22329,22330,1.0
22329,28397,1.0
22329,37371,1.0
22329,22854,1.0
22330,29892,1.0
22330,27124,1.0
22332,22333,1.0
22336,22337,1.0
22338,22339,1.0
22341,25521,1.0
22342,22343,1.0
22346,22347,1.0
22346,23572,1.0
22346,24630,1.0
22346,28405,1.0
22346,33217,1.0
22346,31675,1.0
22348,25388,1.0
22353,31014,1.0
22357,22358,1.0
22359,23977,1.0
22360,31217,1.0
22363,22364,1.0
22368,23350,1.0
22368,24778,1.0
22368,27359,1.0
22369,22370,1.0
22371,24435,1.0
22372,22373,1.0
22374,22375,1.0
22376,33831,1.0
22377,22378,1.0
22379,32133,1.0
22381,24615,1.0
22381,27136,1.0
22383,25462,1.0
22384,35198,1.0
22388,27876,1.0
22393,22394,1.0
22393,25116,1.0
22395,29045,1.0
22395,31197,1.0
22397,22879,1.0
22398,23034,1.0
22399,25749,1.0
22399,23468,1.0
22400,30536,1.0
22403,22670,1.0
22403,28384,1.0
22403,26195,1.0
22405,22406,1.0
22408,22409,1.0
22410,23778,1.0
22411,24191,1.0
22411,23694,1.0
22412,22413,1.0
22412,22414,1.0
22412,33318,1.0
22416,29308,1.0
22418,22419,1.0
22422,35962,1.0
22423,22424,1.0
22425,29770,1.0
22425,29385,1.0
22426,27116,1.0
22426,29445,1.0
22426,30576,1.0
22431,24365,1.0
22431,25409,1.0
22435,32572,1.0
22435,33962,1.0
22440,22441,1.0
22443,22809,1.0
22445,30432,1.0
22448,27906,1.0
22453,31632,1.0
22456,25446,1.0
22456,29553,1.0
22457,30533,1.0
22457,27196,1.0
22457,29858,1.0
22457,26683,1.0
22461,22462,1.0
22462,31270,1.0
22463,27898,1.0
22464,26524,1.0
22465,22466,1.0
22469,28557,1.0
22471,22472,1.0
22472,28943,1.0
22472,33147,1.0
22472,24474,1.0
22472,29313,1.0
22472,34438,1.0
22472,35926,1.0
22485,36061,1.0
22485,29428,1.0
22490,25273,1.0
22492,22493,1.0
22492,31271,1.0
22492,32464,1.0
22495,22744,1.0
22496,27784,1.0
22496,27631,1.0
22500,28512,1.0
22500,31133,1.0
22502,30478,1.0
22508,26818,1.0
22509,28287,1.0
22510,22511,1.0
22516,22517,1.0
22516,22518,1.0
22516,29948,1.0
22529,23548,1.0
22530,23129,1.0
22532,22533,1.0
22533,30138,1.0
22536,23950,1.0
22540,26570,1.0
22541,22542,1.0
22543,30937,1.0
22550,32441,1.0
22552,31194,1.0
22552,33963,1.0
22553,22554,1.0
22553,29764,1.0
22553,33110,1.0
22557,22558,1.0
22557,27697,1.0
22559,22560,1.0
22560,33465,1.0
22560,36381,1.0
22561,22720,1.0
22563,27797,1.0
22563,32723,1.0
22563,27040,1.0
22565,22566,1.0
22566,31080,1.0
22566,23223,1.0
22567,26119,1.0
22567,33372,1.0
22567,29170,1.0
22569,22570,1.0
22571,29335,1.0
22574,23399,1.0
22574,22777,1.0
22575,31989,1.0
22580,26168,1.0
22584,24229,1.0
22584,28502,1.0
22586,22587,1.0
22586,32012,1.0
22588,27486,1.0
22589,22590,1.0
22592,32755,1.0
22592,23667,1.0
22592,30625,1.0
22592,34243,1.0
22592,29402,1.0
22596,27531,1.0
22597,31892,1.0
22598,27098,1.0
22599,22600,1.0
22604,27314,1.0
22606,23339,1.0
22609,28016,1.0
22612,24751,1.0
22613,24344,1.0
22615,22616,1.0
22616,22617,1.0
22616,25169,1.0
22616,29775,1.0
22616,30243,1.0
22616,31475,1.0
22618,28055,1.0
22619,32746,1.0
22622,25359,1.0
22623,32159,1.0
22624,35399,1.0
22626,22627,1.0
22628,22629,1.0
22630,23955,1.0
22631,22632,1.0
22633,22634,1.0
22643,30087,1.0
22645,22646,1.0
22645,22763,1.0
22647,22648,1.0
22651,22652,1.0
22652,25763,1.0
22652,28071,1.0
22652,28788,1.0
22652,28818,1.0
22652,23497,1.0
22652,30205,1.0
22654,29266,1.0
22654,26834,1.0
22654,27814,1.0
22657,22658,1.0
22658,24115,1.0
22662,26587,1.0
22665,22666,1.0
22666,23489,1.0
22666,36604,1.0
22669,26518,1.0
22675,22676,1.0
22675,27454,1.0
22675,34092,1.0
22677,22678,1.0
22678,22679,1.0
22678,24075,1.0
22678,23673,1.0
22679,22680,1.0
22679,26363,1.0
22681,22682,1.0
22683,26405,1.0
22684,22685,1.0
22684,32314,1.0
22684,23186,1.0
22686,31895,1.0
22689,35354,1.0
22689,35842,1.0
22689,30599,1.0
22689,34707,1.0
22692,27790,1.0
22701,24299,1.0
22701,37581,1.0
22706,34201,1.0
22707,22708,1.0
22711,33154,1.0
22714,22715,1.0
22714,25976,1.0
22717,23583,1.0
22718,24829,1.0
22721,25558,1.0
22721,24710,1.0
22721,31713,1.0
22723,22724,1.0
22725,22726,1.0
22727,22728,1.0
22728,22729,1.0
22728,23476,1.0
22728,26540,1.0
22728,31772,1.0
22729,22730,1.0
22729,23187,1.0
22729,23188,1.0
22731,24062,1.0
22734,35859,1.0
22735,35797,1.0
22735,27921,1.0
22737,22738,1.0
22739,24972,1.0
22741,22742,1.0
22744,23819,1.0
22745,22746,1.0
22749,22750,1.0
22749,27748,1.0
22749,27545,1.0
22754,23886,1.0
22755,22756,1.0
22762,25951,1.0
22763,23910,1.0
22764,22765,1.0
22767,29648,1.0
22769,22770,1.0
22771,33207,1.0
22771,24125,1.0
22773,23876,1.0
22773,24763,1.0
22784,24023,1.0
22787,22788,1.0
22787,31786,1.0
22790,31525,1.0
22792,24323,1.0
22794,23731,1.0
22794,28577,1.0
22794,27329,1.0
22797,25439,1.0
22801,25230,1.0
22801,23606,1.0
22801,24424,1.0
22802,36383,1.0
22805,22806,1.0
22807,22808,1.0
22809,30986,1.0
22809,33012,1.0
22810,22811,1.0
22813,25408,1.0
22814,26461,1.0
22815,35545,1.0
22815,37146,1.0
22817,27282,1.0
22817,33813,1.0
22817,34984,1.0
22819,34020,1.0
22819,36198,1.0
22819,35593,1.0
22821,22822,1.0
22821,34520,1.0
22823,24605,1.0
22824,30577,1.0
22824,27120,1.0
22826,28912,1.0
22827,26177,1.0
22827,26738,1.0
22827,27309,1.0
22830,27392,1.0
22830,36341,1.0
22832,23967,1.0
22832,26348,1.0
22832,24060,1.0
22833,22834,1.0
22833,28488,1.0
22835,26852,1.0
22835,23308,1.0
22836,29120,1.0
22839,26533,1.0
22840,30231,1.0
22840,25348,1.0
22841,22842,1.0
22841,34882,1.0
22841,35591,1.0
22843,22844,1.0
22843,27868,1.0
22843,34662,1.0
22844,36761,1.0
22844,22845,1.0
22844,27868,1.0
22846,26371,1.0
22846,23982,1.0
22847,26644,1.0
22848,22849,1.0
22848,28496,1.0
22848,30902,1.0
22848,29968,1.0
22850,23814,1.0
22851,34503,1.0
22854,25947,1.0
22857,22858,1.0
22860,22861,1.0
22862,27210,1.0
22866,22867,1.0
22869,22870,1.0
22869,24013,1.0
22869,29001,1.0
22869,23961,1.0
22871,26889,1.0
22873,22874,1.0
22877,24068,1.0
22880,30760,1.0
22881,24909,1.0
22881,26228,1.0
22882,25971,1.0
22883,28099,1.0
22891,22892,1.0
22891,30580,1.0
22897,28852,1.0
22899,36887,1.0
22899,35522,1.0
22900,35520,1.0
22904,22905,1.0
22904,33546,1.0
22910,22911,1.0
22914,22915,1.0
22916,31182,1.0
22916,27181,1.0
22917,25951,1.0
22918,24156,1.0
22918,30797,1.0
22919,23108,1.0
22920,22921,1.0
22920,28802,1.0
22920,31499,1.0
22920,27657,1.0
22920,36776,1.0
22920,30886,1.0
22920,36357,1.0
22931,24423,1.0
22932,26330,1.0
22933,29820,1.0
22935,22936,1.0
22936,25292,1.0
22938,22939,1.0
22940,23017,1.0
22941,22942,1.0
22942,33888,1.0
22942,26161,1.0
22943,22944,1.0
22943,26810,1.0
22943,34683,1.0
22944,28104,1.0
22944,35105,1.0
22946,22947,1.0
22946,25721,1.0
22952,37335,1.0
22953,22954,1.0
22955,29511,1.0
22956,22957,1.0
22960,29452,1.0
22960,32922,1.0
22962,24643,1.0
22967,36962,1.0
22969,22970,1.0
22970,32972,1.0
22972,32153,1.0
22974,22975,1.0
22974,32075,1.0
22976,30202,1.0
22977,25403,1.0
22982,22983,1.0
22986,34155,1.0
22987,27342,1.0
22992,22993,1.0
22996,23764,1.0
22998,26962,1.0
22999,24356,1.0
23000,23001,1.0
23003,27982,1.0
23004,26371,1.0
23006,23759,1.0
23006,30208,1.0
23008,26181,1.0
23008,25067,1.0
23009,23010,1.0
23014,26434,1.0
23015,23016,1.0
23015,23263,1.0
23017,23018,1.0
23017,26680,1.0
23018,23019,1.0
23018,30749,1.0
23018,33221,1.0
23018,33710,1.0
23018,33711,1.0
23018,29268,1.0
23018,26680,1.0
23020,23021,1.0
23023,23024,1.0
23026,23423,1.0
23027,26384,1.0
23027,23161,1.0
23029,25879,1.0
23029,24496,1.0
23030,23031,1.0
23031,36355,1.0
23032,32520,1.0
23033,35838,1.0
23034,33415,1.0
23034,34661,1.0
23036,28383,1.0
23037,31684,1.0
23040,26015,1.0
23041,32414,1.0
23041,31455,1.0
23045,23046,1.0
23045,32499,1.0
23045,25729,1.0
23045,29502,1.0
23048,29051,1.0
23051,23052,1.0
23052,31200,1.0
23052,32025,1.0
23053,27964,1.0
23054,28475,1.0
23056,29864,1.0
23059,23060,1.0
23061,26928,1.0
23062,23063,1.0
23063,23064,1.0
23063,34252,1.0
23063,24609,1.0
23063,29258,1.0
23064,24609,1.0
23067,27222,1.0
23071,32561,1.0
23071,31597,1.0
23072,32881,1.0
23074,23250,1.0
23075,23076,1.0
23075,25109,1.0
23075,30435,1.0
23077,23078,1.0
23078,26937,1.0
23078,23162,1.0
23080,31068,1.0
23080,28281,1.0
23080,26146,1.0
23082,37193,1.0
23083,23084,1.0
23085,23086,1.0
23087,23088,1.0
23089,23090,1.0
23091,28552,1.0
23091,27944,1.0
23095,23182,1.0
23095,24713,1.0
23101,37381,1.0
23101,32377,1.0
23101,35450,1.0
23102,25530,1.0
23105,25166,1.0
23106,24239,1.0
23108,23446,1.0
23109,35007,1.0
23109,35765,1.0
23109,27865,1.0
23110,29355,1.0
23111,36702,1.0
23111,37177,1.0
23112,23113,1.0
23112,26854,1.0
23115,23116,1.0
23116,24415,1.0
23116,31760,1.0
23124,23125,1.0
23125,35588,1.0
23131,23132,1.0
23131,26903,1.0
23131,24916,1.0
23131,31852,1.0
23134,23135,1.0
23135,24331,1.0
23135,36314,1.0
23135,23136,1.0
23135,24992,1.0
23138,34367,1.0
23143,23579,1.0
23145,33197,1.0
23148,27338,1.0
23150,24463,1.0
23151,23152,1.0
23152,31463,1.0
23152,33178,1.0
23155,25208,1.0
23155,29450,1.0
23156,31518,1.0
23156,27657,1.0
23156,33276,1.0
23157,23158,1.0
23162,37550,1.0
23162,32377,1.0
23163,36031,1.0
23163,30849,1.0
23169,23170,1.0
23172,24177,1.0
23173,30130,1.0
23175,24232,1.0
23175,37506,1.0
23178,26561,1.0
23181,26800,1.0
23183,23184,1.0
23186,34533,1.0
23186,31864,1.0
23186,35742,1.0
23190,23191,1.0
23195,23734,1.0
23195,32046,1.0
23197,24298,1.0
23200,30524,1.0
23200,34433,1.0
23203,32692,1.0
23203,27192,1.0
23204,26832,1.0
23205,36738,1.0
23205,26320,1.0
23205,35472,1.0
23207,28257,1.0
23207,27275,1.0
23209,29370,1.0
23211,28236,1.0
23212,26013,1.0
23214,24836,1.0
23216,29912,1.0
23218,34333,1.0
23221,28652,1.0
23223,23224,1.0
23223,28623,1.0
23223,32641,1.0
23223,29833,1.0
23228,26743,1.0
23228,29038,1.0
23228,34714,1.0
23229,23230,1.0
23233,23234,1.0
23236,23237,1.0
23236,35276,1.0
23238,23239,1.0
23239,24729,1.0
23239,30981,1.0
23239,34398,1.0
23240,23241,1.0
23240,24476,1.0
23243,30293,1.0
23244,36833,1.0
23245,23246,1.0
23247,31673,1.0
23247,31048,1.0
23247,33489,1.0
23249,35291,1.0
23249,26532,1.0
23249,26538,1.0
23252,25438,1.0
23252,25598,1.0
23254,29874,1.0
23258,23259,1.0
23260,23261,1.0
23264,23265,1.0
23265,25821,1.0
23265,28253,1.0
23265,29615,1.0
23265,23772,1.0
23267,27679,1.0
23267,24322,1.0
23267,33064,1.0
23273,23274,1.0
23278,23279,1.0
23280,31685,1.0
23280,30709,1.0
23281,25907,1.0
23282,26288,1.0
23286,23287,1.0
23288,23289,1.0
23290,23291,1.0
23290,32209,1.0
23290,24506,1.0
23291,27085,1.0
23291,28323,1.0
23296,23297,1.0
23300,27189,1.0
23301,23302,1.0
23302,28475,1.0
23304,23305,1.0
23306,23307,1.0
23308,29472,1.0
23311,30230,1.0
23316,23317,1.0
23316,27614,1.0
23321,35073,1.0
23321,29345,1.0
23321,36546,1.0
23321,30831,1.0
23323,23324,1.0
23325,26060,1.0
23325,26996,1.0
23328,29022,1.0
23330,23331,1.0
23335,23336,1.0
23335,24556,1.0
23337,24507,1.0
23338,32608,1.0
23338,27745,1.0
23344,23345,1.0
23344,23889,1.0
23344,32143,1.0
23344,30215,1.0
23344,25651,1.0
23347,25506,1.0
23347,26509,1.0
23348,23349,1.0
23351,23352,1.0
23355,30219,1.0
23357,24107,1.0
23357,29090,1.0
23359,24362,1.0
23359,24228,1.0
23360,25178,1.0
23360,35875,1.0
23361,25908,1.0
23365,26702,1.0
23366,23367,1.0
23367,23368,1.0
23367,33285,1.0
23369,30212,1.0
23371,31601,1.0
23372,32554,1.0
23374,33643,1.0
23375,23376,1.0
23379,30152,1.0
23382,26461,1.0
23384,34404,1.0
23386,23387,1.0
23389,29261,1.0
23391,23608,1.0
23391,30059,1.0
23394,26529,1.0
23394,30287,1.0
23396,23397,1.0
23397,26415,1.0
23397,34286,1.0
23402,23403,1.0
23404,23405,1.0
23409,23410,1.0
23410,23411,1.0
23410,29091,1.0
23410,30888,1.0
23411,24075,1.0
23411,23455,1.0
23412,23413,1.0
23413,31804,1.0
23415,23757,1.0
23417,25231,1.0
23418,23419,1.0
23421,23422,1.0
23427,28433,1.0
23428,23429,1.0
23429,28063,1.0
23430,23431,1.0
23431,28423,1.0
23431,36057,1.0
23432,23433,1.0
23436,25095,1.0
23436,36285,1.0
23440,23441,1.0
23440,36225,1.0
23440,29402,1.0
23443,33602,1.0
23444,33732,1.0
23445,28921,1.0
23447,27561,1.0
23448,23449,1.0
23452,27631,1.0
23453,23454,1.0
23453,24438,1.0
23453,32606,1.0
23454,34616,1.0
23454,34487,1.0
23456,29169,1.0
23457,30056,1.0
23457,26181,1.0
23457,26744,1.0
23458,27292,1.0
23460,30104,1.0
23460,29493,1.0
23461,26724,1.0
23461,28414,1.0
23461,24713,1.0
23462,31870,1.0
23466,24718,1.0
23466,28550,1.0
23466,28678,1.0
23467,28036,1.0
23471,24146,1.0
23475,23476,1.0
23476,24841,1.0
23476,28881,1.0
23476,29074,1.0
23477,25899,1.0
23478,26267,1.0
23479,30527,1.0
23479,36114,1.0
23479,31570,1.0
23483,25126,1.0
23483,23681,1.0
23483,27759,1.0
23485,23486,1.0
23490,33766,1.0
23490,27779,1.0
23491,31652,1.0
23492,23493,1.0
23494,23495,1.0
23496,23497,1.0
23497,23498,1.0
23498,23499,1.0
23498,28960,1.0
23499,27902,1.0
23500,35935,1.0
23502,30196,1.0
23502,24405,1.0
23503,23504,1.0
23506,23507,1.0
23509,23510,1.0
23511,29919,1.0
23524,23525,1.0
23526,23734,1.0
23527,23528,1.0
23531,25138,1.0
23534,36075,1.0
23536,28024,1.0
23537,25211,1.0
23537,30598,1.0
23539,23540,1.0
23541,28292,1.0
23545,25023,1.0
23545,29261,1.0
23548,26026,1.0
23548,30133,1.0
23550,29218,1.0
23551,34851,1.0
23553,33134,1.0
23553,36076,1.0
23553,35660,1.0
23555,24495,1.0
23555,32763,1.0
23557,23558,1.0
23557,28238,1.0
23557,33449,1.0
23559,26454,1.0
23562,24639,1.0
23562,25297,1.0
23562,26485,1.0
23563,24298,1.0
23564,34902,1.0
23564,36930,1.0
23566,23567,1.0
23567,30101,1.0
23567,30155,1.0
23569,23570,1.0
23570,24118,1.0
23570,26976,1.0
23570,31506,1.0
23573,23574,1.0
23574,27322,1.0
23574,24042,1.0
23575,26717,1.0
23575,26646,1.0
23579,24694,1.0
23581,28390,1.0
23584,30985,1.0
23585,25822,1.0
23587,26028,1.0
23595,25997,1.0
23596,30130,1.0
23596,27840,1.0
23597,28191,1.0
23597,29414,1.0
23600,23601,1.0
23602,37333,1.0
23602,25968,1.0
23602,32529,1.0
23609,28066,1.0
23609,25017,1.0
23612,25360,1.0
23612,25485,1.0
23612,32713,1.0
23612,27199,1.0
23613,23614,1.0
23615,23616,1.0
23615,27157,1.0
23617,26714,1.0
23617,29597,1.0
23619,24605,1.0
23620,23621,1.0
23622,28909,1.0
23622,30624,1.0
23624,26834,1.0
23624,31983,1.0
23629,23630,1.0
23631,32061,1.0
23632,24595,1.0
23635,24394,1.0
23638,23639,1.0
23641,26986,1.0
23641,28584,1.0
23643,23644,1.0
23645,23646,1.0
23645,26449,1.0
23652,33428,1.0
23656,23657,1.0
23659,34189,1.0
23659,34978,1.0
23659,36480,1.0
23659,26358,1.0
23661,23662,1.0
23663,27463,1.0
23665,30527,1.0
23666,23667,1.0
23667,23668,1.0
23667,29402,1.0
23667,32069,1.0
23667,34973,1.0
23668,23669,1.0
23668,24015,1.0
23668,24014,1.0
23668,24455,1.0
23670,23671,1.0
23673,23674,1.0
23673,25217,1.0
23673,28868,1.0
23675,24096,1.0
23675,26246,1.0
23683,28525,1.0
23684,23685,1.0
23688,29665,1.0
23688,31250,1.0
23689,30766,1.0
23697,36798,1.0
23698,23699,1.0
23700,23701,1.0
23704,23705,1.0
23707,23708,1.0
23707,32072,1.0
23707,35493,1.0
23710,33225,1.0
23712,23713,1.0
23714,23963,1.0
23715,31001,1.0
23716,25290,1.0
23716,36539,1.0
23718,26293,1.0
23725,23726,1.0
23728,23729,1.0
23730,26941,1.0
23730,32247,1.0
23731,24096,1.0
23731,31607,1.0
23736,33350,1.0
23736,26567,1.0
23736,27903,1.0
23736,36045,1.0
23737,27646,1.0
23740,25656,1.0
23740,24022,1.0
23741,27612,1.0
23741,29362,1.0
23742,23743,1.0
23743,24884,1.0
23743,37217,1.0
23743,24899,1.0
23744,36036,1.0
23746,31840,1.0
23748,23749,1.0
23749,26542,1.0
23749,23750,1.0
23754,23755,1.0
23754,25344,1.0
23754,26128,1.0
23755,32356,1.0
23756,25233,1.0
23758,24999,1.0
23759,24507,1.0
23759,28915,1.0
23760,25463,1.0
23762,25057,1.0
23762,25522,1.0
23764,24103,1.0
23766,32912,1.0
23766,26069,1.0
23766,29260,1.0
23768,35137,1.0
23771,23772,1.0
23772,27426,1.0
23772,29776,1.0
23772,29880,1.0
23772,23773,1.0
23773,23774,1.0
23776,28153,1.0
23781,26029,1.0
23784,25053,1.0
23791,26538,1.0
23796,26747,1.0
23797,23798,1.0
23799,25642,1.0
23801,23802,1.0
23801,27362,1.0
23801,27424,1.0
23801,28466,1.0
23801,33233,1.0
23803,23804,1.0
23803,30326,1.0
23804,24696,1.0
23804,34101,1.0
23805,32617,1.0
23805,32878,1.0
23811,23812,1.0
23813,27142,1.0
23814,28093,1.0
23814,28403,1.0
23815,32863,1.0
23818,36973,1.0
23818,24688,1.0
23823,29771,1.0
23824,34527,1.0
23827,23828,1.0
23830,35684,1.0
23832,29850,1.0
23834,23835,1.0
23836,30612,1.0
23837,32260,1.0
23837,34643,1.0
23837,33267,1.0
23839,27922,1.0
23839,24983,1.0
23843,33336,1.0
23844,27393,1.0
23844,27948,1.0
23844,27949,1.0
23846,23847,1.0
23852,32020,1.0
23853,31087,1.0
23853,31327,1.0
23853,33342,1.0
23855,23856,1.0
23858,23859,1.0
23860,36204,1.0
23863,28970,1.0
23866,30087,1.0
23866,37391,1.0
23867,27203,1.0
23867,33137,1.0
23871,25372,1.0
23873,23874,1.0
23873,37185,1.0
23873,31467,1.0
23879,23880,1.0
23881,31527,1.0
23881,25751,1.0
23881,28421,1.0
23881,29902,1.0
23883,34134,1.0
23888,26460,1.0
23891,26534,1.0
23891,29227,1.0
23895,23896,1.0
23896,29796,1.0
23896,34869,1.0
23905,26089,1.0
23906,28018,1.0
23906,32710,1.0
23911,24582,1.0
23912,24842,1.0
23912,33728,1.0
23913,32663,1.0
23913,32237,1.0
23914,24144,1.0
23918,23919,1.0
23918,23920,1.0
23918,24812,1.0
23918,30303,1.0
23921,34140,1.0
23923,29894,1.0
23926,23927,1.0
23927,28981,1.0
23927,30712,1.0
23929,23930,1.0
23930,33768,1.0
23930,33793,1.0
23932,33416,1.0
23932,32559,1.0
23933,27629,1.0
23934,29396,1.0
23934,30252,1.0
23935,26948,1.0
23939,23940,1.0
23939,30720,1.0
23939,28123,1.0
23939,36145,1.0
23941,23942,1.0
23942,23943,1.0
23944,31598,1.0
23947,23948,1.0
23948,27422,1.0
23951,27012,1.0
23955,27811,1.0
23955,24098,1.0
23959,23960,1.0
23960,23961,1.0
23960,29575,1.0
23960,30158,1.0
23960,25785,1.0
23961,23962,1.0
23961,25785,1.0
23961,26511,1.0
23961,26512,1.0
23961,27953,1.0
23964,24537,1.0
23967,29955,1.0
23969,23970,1.0
23971,30974,1.0
23973,23974,1.0
23973,29073,1.0
23973,28968,1.0
23975,23976,1.0
23975,26034,1.0
23975,31037,1.0
23975,37487,1.0
23976,23985,1.0
23976,31037,1.0
23977,28843,1.0
23981,27281,1.0
23983,23984,1.0
23983,30984,1.0
23983,33216,1.0
23987,23988,1.0
23990,31067,1.0
23992,23993,1.0
23996,25593,1.0
23997,23998,1.0
24001,36191,1.0
24006,24007,1.0
24008,27510,1.0
24010,37417,1.0
24012,30049,1.0
24016,24017,1.0
24019,25555,1.0
24022,28256,1.0
24023,33382,1.0
24024,30575,1.0
24028,24029,1.0
24029,24030,1.0
24032,27264,1.0
24033,24992,1.0
24036,29447,1.0
24037,24038,1.0
24039,24040,1.0
24042,27067,1.0
24042,24792,1.0
24042,26130,1.0
24044,32975,1.0
24045,36484,1.0
24046,28572,1.0
24047,24048,1.0
24051,24052,1.0
24055,27832,1.0
24056,30752,1.0
24065,31446,1.0
24070,24874,1.0
24073,24751,1.0
24074,27783,1.0
24074,29997,1.0
24075,31585,1.0
24079,27096,1.0
24079,25752,1.0
24079,27688,1.0
24080,27937,1.0
24081,24082,1.0
24081,24613,1.0
24081,37410,1.0
24082,31316,1.0
24082,35533,1.0
24084,27096,1.0
24089,24090,1.0
24089,34658,1.0
24089,30611,1.0
24090,33743,1.0
24090,33827,1.0
24094,24095,1.0
24099,24100,1.0
24101,24478,1.0
24102,26340,1.0
24102,36144,1.0
24105,28299,1.0
24105,28469,1.0
24107,24108,1.0
24109,31929,1.0
24109,26153,1.0
24110,34105,1.0
24111,30191,1.0
24111,31036,1.0
24113,24114,1.0
24115,26253,1.0
24116,24554,1.0
24116,24546,1.0
24121,24934,1.0
24123,29522,1.0
24125,32928,1.0
24125,31613,1.0
24125,27857,1.0
24129,24130,1.0
24131,26702,1.0
24132,28074,1.0
24133,25040,1.0
24135,24136,1.0
24137,28090,1.0
24138,30227,1.0
24138,26822,1.0
24139,29692,1.0
24140,24141,1.0
24147,24148,1.0
24147,33790,1.0
24147,24373,1.0
24147,31467,1.0
24148,34460,1.0
24148,37619,1.0
24149,30247,1.0
24149,27573,1.0
24149,35030,1.0
24152,24518,1.0
24152,32544,1.0
24152,24667,1.0
24152,31539,1.0
24153,24154,1.0
24154,31409,1.0
24154,31665,1.0
24154,33858,1.0
24154,29656,1.0
24157,29841,1.0
24162,25996,1.0
24163,26365,1.0
24164,24165,1.0
24169,30724,1.0
24170,33125,1.0
24170,28329,1.0
24174,25989,1.0
24178,31184,1.0
24178,25712,1.0
24178,34932,1.0
24181,24182,1.0
24181,24577,1.0
24181,25859,1.0
24181,32027,1.0
24181,32535,1.0
24181,35459,1.0
24181,35564,1.0
24185,32968,1.0
24186,28023,1.0
24188,27044,1.0
24189,24190,1.0
24193,24194,1.0
24195,24196,1.0
24199,24200,1.0
24201,28993,1.0
24204,29423,1.0
24207,26527,1.0
24207,35953,1.0
24211,24212,1.0
24211,29734,1.0
24211,34203,1.0
24213,29894,1.0
24213,35148,1.0
24214,30754,1.0
24214,37479,1.0
24214,33040,1.0
24215,24570,1.0
24216,26976,1.0
24217,29726,1.0
24218,29614,1.0
24220,34449,1.0
24220,28914,1.0
24221,24222,1.0
24222,24223,1.0
24222,28293,1.0
24224,24225,1.0
24224,29334,1.0
24224,29342,1.0
24225,27755,1.0
24231,26655,1.0
24235,37339,1.0
24236,36942,1.0
24238,31427,1.0
24239,25982,1.0
24240,25012,1.0
24240,29963,1.0
24241,28292,1.0
24243,29746,1.0
24248,28636,1.0
24248,35128,1.0
24251,34079,1.0
24251,28297,1.0
24251,32940,1.0
24254,24453,1.0
24255,35846,1.0
24255,35791,1.0
24255,25900,1.0
24255,34432,1.0
24256,24257,1.0
24258,37263,1.0
24258,33955,1.0
24261,24262,1.0
24263,34738,1.0
24266,24267,1.0
24269,34364,1.0
24271,34362,1.0
24271,35630,1.0
24271,36304,1.0
24274,32948,1.0
24280,24281,1.0
24282,28193,1.0
24291,30391,1.0
24292,27595,1.0
24295,36791,1.0
24295,34368,1.0
24295,31831,1.0
24297,24298,1.0
24297,31508,1.0
24297,36736,1.0
24302,24303,1.0
24303,31509,1.0
24307,25747,1.0
24308,28624,1.0
24316,24317,1.0
24317,35571,1.0
24325,25920,1.0
24328,24329,1.0
24328,26342,1.0
24331,24332,1.0
24331,26533,1.0
24331,35752,1.0
24331,34937,1.0
24334,30344,1.0
24336,24624,1.0
24340,24341,1.0
24342,24343,1.0
24343,29461,1.0
24343,28951,1.0
24345,35979,1.0
24345,34613,1.0
24348,24349,1.0
24349,26665,1.0
24349,27733,1.0
24352,24353,1.0
24354,24355,1.0
24355,30103,1.0
24359,24360,1.0
24366,27396,1.0
24366,31630,1.0
24368,36039,1.0
24368,37011,1.0
24370,30704,1.0
24370,35572,1.0
24375,29613,1.0
24375,31338,1.0
24384,29428,1.0
24384,28110,1.0
24385,31379,1.0
24388,24389,1.0
24396,31536,1.0
24398,24399,1.0
24399,24400,1.0
24402,26086,1.0
24403,24404,1.0
24403,34712,1.0
24405,28267,1.0
24406,24407,1.0
24408,24409,1.0
24411,24412,1.0
24412,29237,1.0
24412,32327,1.0
24412,24413,1.0
24412,29238,1.0
24413,24414,1.0
24423,34769,1.0
24425,24426,1.0
24427,31731,1.0
24428,30769,1.0
24428,27549,1.0
24428,33386,1.0
24429,31558,1.0
24433,24434,1.0
24433,24474,1.0
24433,31053,1.0
24433,31395,1.0
24433,32883,1.0
24433,33468,1.0
24433,34888,1.0
24433,30203,1.0
24433,35833,1.0
24436,24437,1.0
24442,24443,1.0
24442,34597,1.0
24444,24445,1.0
24448,25214,1.0
24451,24452,1.0
24459,24460,1.0
24461,34742,1.0
24461,31860,1.0
24464,24465,1.0
24466,24467,1.0
24469,24470,1.0
24471,29486,1.0
24471,32276,1.0
24471,25620,1.0
24474,24475,1.0
24474,32089,1.0
24474,32090,1.0
24474,32970,1.0
24474,34301,1.0
24478,25715,1.0
24480,24481,1.0
24488,26419,1.0
24489,31930,1.0
24492,27510,1.0
24496,35717,1.0
24496,35547,1.0
24496,31854,1.0
24497,27842,1.0
24499,24548,1.0
24499,30422,1.0
24500,30506,1.0
24501,24896,1.0
24501,27564,1.0
24503,30063,1.0
24504,24505,1.0
24506,31110,1.0
24509,24510,1.0
24510,30187,1.0
24510,24511,1.0
24511,24512,1.0
24513,25329,1.0
24514,24515,1.0
24519,32618,1.0
24522,24523,1.0
24525,24526,1.0
24526,24527,1.0
24527,24528,1.0
24527,27867,1.0
24527,27868,1.0
24527,33745,1.0
24527,36870,1.0
24529,24530,1.0
24531,24532,1.0
24533,24534,1.0
24535,24536,1.0
24537,26924,1.0
24538,29240,1.0
24538,27512,1.0
24540,24946,1.0
24541,32394,1.0
24543,24544,1.0
24546,24547,1.0
24546,28774,1.0
24550,24551,1.0
24554,25296,1.0
24554,29156,1.0
24555,24637,1.0
24555,34561,1.0
24559,24560,1.0
24560,32364,1.0
24560,32365,1.0
24560,30077,1.0
24560,25279,1.0
24560,27697,1.0
24563,33001,1.0
24564,30650,1.0
24564,35131,1.0
24565,26577,1.0
24566,24865,1.0
24567,26670,1.0
24568,24569,1.0
24573,27009,1.0
24579,24580,1.0
24581,25441,1.0
24582,32206,1.0
24584,24585,1.0
24585,26594,1.0
24585,26595,1.0
24588,24589,1.0
24588,29128,1.0
24594,35881,1.0
24595,37242,1.0
24597,25268,1.0
24599,27510,1.0
24608,24609,1.0
24609,31021,1.0
24609,32526,1.0
24609,36125,1.0
24610,24611,1.0
24611,29235,1.0
24611,27569,1.0
24611,29933,1.0
24612,24613,1.0
24612,33644,1.0
24612,29178,1.0
24613,27858,1.0
24615,25493,1.0
24615,35289,1.0
24616,24617,1.0
24616,26551,1.0
24616,31500,1.0
24616,34703,1.0
24619,24620,1.0
24620,30665,1.0
24620,32994,1.0
24620,36671,1.0
24622,26650,1.0
24623,27457,1.0
24625,24626,1.0
24627,25505,1.0
24628,26896,1.0
24628,26375,1.0
24630,24631,1.0
24632,30891,1.0
24640,31544,1.0
24642,26704,1.0
24642,26484,1.0
24642,30087,1.0
24644,35344,1.0
24644,31061,1.0
24645,24646,1.0
24645,29658,1.0
24651,28172,1.0
24653,24654,1.0
24653,29220,1.0
24653,34852,1.0
24655,24656,1.0
24659,33650,1.0
24662,26049,1.0
24663,24664,1.0
24663,34861,1.0
24663,32863,1.0
24663,33614,1.0
24665,24666,1.0
24666,24667,1.0
24666,27097,1.0
24667,24668,1.0
24667,27866,1.0
24667,27768,1.0
24670,24671,1.0
24672,31263,1.0
24674,33485,1.0
24674,32468,1.0
24675,36069,1.0
24675,32804,1.0
24676,24677,1.0
24678,27066,1.0
24678,28085,1.0
24679,26918,1.0
24681,24682,1.0
24681,26182,1.0
24688,28210,1.0
24688,35881,1.0
24689,32400,1.0
24691,34634,1.0
24691,29911,1.0
24694,29697,1.0
24698,34174,1.0
24698,31612,1.0
24703,30108,1.0
24703,32329,1.0
24705,24706,1.0
24706,27936,1.0
24708,34223,1.0
24709,24710,1.0
24710,24711,1.0
24710,25558,1.0
24714,26411,1.0
24716,33012,1.0
24718,37502,1.0
24718,31390,1.0
24719,24720,1.0
24720,24721,1.0
24720,25270,1.0
24720,28422,1.0
24720,28423,1.0
24720,25245,1.0
24721,27692,1.0
24721,28627,1.0
24721,28628,1.0
24721,25245,1.0
24721,25246,1.0
24721,36124,1.0
24722,27914,1.0
24724,27523,1.0
24725,24726,1.0
24734,31680,1.0
24734,31992,1.0
24734,31172,1.0
24734,25901,1.0
24735,29799,1.0
24736,29207,1.0
24739,24740,1.0
24741,24742,1.0
24743,33648,1.0
24746,24747,1.0
24746,37351,1.0
24749,29110,1.0
24754,31459,1.0
24756,24757,1.0
24756,31828,1.0
24756,29258,1.0
24761,24762,1.0
24764,24765,1.0
24766,24767,1.0
24766,24958,1.0
24766,32286,1.0
24766,33165,1.0
24766,28885,1.0
24767,24768,1.0
24767,26241,1.0
24773,24774,1.0
24775,28428,1.0
24776,24777,1.0
24777,28123,1.0
24777,29979,1.0
24780,29915,1.0
24781,27510,1.0
24781,26918,1.0
24783,24975,1.0
24792,26797,1.0
24792,26798,1.0
24792,33621,1.0
24793,24794,1.0
24794,29662,1.0
24794,30562,1.0
24797,31272,1.0
24798,24799,1.0
24806,27165,1.0
24806,30758,1.0
24807,31184,1.0
24807,32711,1.0
24811,37341,1.0
24813,24814,1.0
24816,27195,1.0
24818,24819,1.0
24818,29906,1.0
24818,27979,1.0
24820,29344,1.0
24821,24822,1.0
24823,29535,1.0
24823,33548,1.0
24825,35672,1.0
24826,24827,1.0
24834,24835,1.0
24837,26409,1.0
24842,33037,1.0
24843,31550,1.0
24844,24845,1.0
24845,24846,1.0
24845,27472,1.0
24847,34217,1.0
24847,37131,1.0
24848,35061,1.0
24848,30241,1.0
24848,37017,1.0
24850,24851,1.0
24850,24853,1.0
24850,35761,1.0
24851,24852,1.0
24851,28886,1.0
24854,24855,1.0
24859,24860,1.0
24861,24862,1.0
24866,33515,1.0
24868,29297,1.0
24871,33927,1.0
24873,32944,1.0
24874,26737,1.0
24881,31401,1.0
24881,30800,1.0
24881,32911,1.0
24886,29579,1.0
24886,32473,1.0
24887,25613,1.0
24887,27980,1.0
24888,28283,1.0
24889,30972,1.0
24898,29241,1.0
24900,33130,1.0
24901,24902,1.0
24903,26740,1.0
24906,24907,1.0
24906,26384,1.0
24906,36491,1.0
24911,24912,1.0
24913,32022,1.0
24913,25022,1.0
24914,24915,1.0
24916,34204,1.0
24916,32622,1.0
24917,25669,1.0
24920,31428,1.0
24923,34040,1.0
24923,28546,1.0
24925,24926,1.0
24926,26041,1.0
24927,24928,1.0
24930,26439,1.0
24930,26625,1.0
24931,25112,1.0
24931,31065,1.0
24936,36277,1.0
24937,30536,1.0
24941,24942,1.0
24941,33718,1.0
24941,35488,1.0
24943,24944,1.0
24944,24945,1.0
24944,30779,1.0
24944,35139,1.0
24948,24949,1.0
24950,33144,1.0
24950,29503,1.0
24950,32410,1.0
24951,24952,1.0
24951,32181,1.0
24953,24954,1.0
24953,28741,1.0
24953,30269,1.0
24953,30270,1.0
24953,31658,1.0
24953,25256,1.0
24953,27878,1.0
24956,24957,1.0
24960,28230,1.0
24960,31634,1.0
24961,28269,1.0
24961,36178,1.0
24965,29217,1.0
24968,27684,1.0
24968,32902,1.0
24969,24970,1.0
24970,28774,1.0
24972,25516,1.0
24972,31402,1.0
24976,24977,1.0
24978,26335,1.0
24978,37363,1.0
24979,26125,1.0
24982,26933,1.0
24983,26033,1.0
24989,26691,1.0
24990,24991,1.0
24996,30758,1.0
24996,26106,1.0
25000,32694,1.0
25000,34075,1.0
25000,29527,1.0
25003,26728,1.0
25003,30947,1.0
25010,25011,1.0
25010,35692,1.0
25011,32831,1.0
25016,28625,1.0
25023,27165,1.0
25026,25027,1.0
25029,35331,1.0
25031,25032,1.0
25038,25455,1.0
25041,35342,1.0
25045,31433,1.0
25048,25049,1.0
25051,25052,1.0
25054,25055,1.0
25055,36202,1.0
25060,25486,1.0
25061,32370,1.0
25062,25063,1.0
25063,25064,1.0
25063,29761,1.0
25063,29762,1.0
25063,31476,1.0
25063,34793,1.0
25065,37106,1.0
25065,26614,1.0
25065,34614,1.0
25070,29601,1.0
25071,25072,1.0
25072,29262,1.0
25072,25073,1.0
25074,25075,1.0
25076,25077,1.0
25077,27218,1.0
25077,29044,1.0
25077,34657,1.0
25079,30465,1.0
25079,32132,1.0
25083,28277,1.0
25083,34502,1.0
25084,27185,1.0
25085,25086,1.0
25087,25088,1.0
25088,32765,1.0
25088,27399,1.0
25091,25092,1.0
25094,31257,1.0
25097,27487,1.0
25098,27728,1.0
25112,30592,1.0
25117,36282,1.0
25117,34848,1.0
25118,25119,1.0
25121,33661,1.0
25122,35211,1.0
25124,28384,1.0
25124,34021,1.0
25125,35098,1.0
25125,37310,1.0
25126,37390,1.0
25131,25132,1.0
25131,25133,1.0
25134,25135,1.0
25137,28673,1.0
25137,37616,1.0
25138,25171,1.0
25140,27223,1.0
25140,27049,1.0
25143,27399,1.0
25145,36674,1.0
25147,25838,1.0
25147,30281,1.0
25152,26794,1.0
25153,31628,1.0
25153,27681,1.0
25155,25156,1.0
25158,30862,1.0
25158,32722,1.0
25161,27093,1.0
25162,25163,1.0
25164,25165,1.0
25164,29068,1.0
25165,31238,1.0
25165,37317,1.0
25167,25843,1.0
25168,25169,1.0
25169,26137,1.0
25169,29377,1.0
25169,29378,1.0
25169,27287,1.0
25169,30485,1.0
25169,36437,1.0
25170,31422,1.0
25170,27237,1.0
25175,28693,1.0
25178,34369,1.0
25178,31961,1.0
25182,25183,1.0
25185,25186,1.0
25187,27915,1.0
25190,27952,1.0
25192,31851,1.0
25193,37256,1.0
25193,31425,1.0
25194,27711,1.0
25195,25196,1.0
25195,27630,1.0
25195,36335,1.0
25197,25944,1.0
25200,27777,1.0
25201,25849,1.0
25202,32589,1.0
25204,28643,1.0
25206,26546,1.0
25206,27680,1.0
25207,32014,1.0
25207,34955,1.0
25207,29466,1.0
25207,35598,1.0
25209,25210,1.0
25209,31945,1.0
25211,26315,1.0
25213,30696,1.0
25215,36931,1.0
25219,25220,1.0
25220,26227,1.0
25227,31735,1.0
25227,35228,1.0
25227,27970,1.0
25227,36858,1.0
25228,25229,1.0
25240,25241,1.0
25242,28508,1.0
25244,25245,1.0
25245,25246,1.0
25245,29737,1.0
25245,29771,1.0
25245,27135,1.0
25246,25247,1.0
25246,26261,1.0
25246,26262,1.0
25246,34104,1.0
25246,29193,1.0
25247,32403,1.0
25249,37628,1.0
25249,28576,1.0
25249,33866,1.0
25253,28478,1.0
25254,30161,1.0
25256,25257,1.0
25256,27435,1.0
25256,34215,1.0
25261,25262,1.0
25269,25270,1.0
25270,28816,1.0
25270,30123,1.0
25270,35382,1.0
25270,27134,1.0
25271,31550,1.0
25273,31199,1.0
25276,28075,1.0
25279,25280,1.0
25279,25281,1.0
25279,25861,1.0
25279,30078,1.0
25279,36667,1.0
25279,36642,1.0
25285,25286,1.0
25288,37471,1.0
25300,29187,1.0
25301,35528,1.0
25301,35061,1.0
25301,29405,1.0
25302,25303,1.0
25303,36358,1.0
25304,33563,1.0
25306,25307,1.0
25306,28344,1.0
25310,25311,1.0
25310,34710,1.0
25311,27163,1.0
25311,30681,1.0
25311,32308,1.0
25313,36259,1.0
25313,36359,1.0
25315,25316,1.0
25317,27237,1.0
25318,34698,1.0
25319,25320,1.0
25322,29446,1.0
25323,25783,1.0
25326,27314,1.0
25326,26563,1.0
25327,28090,1.0
25327,31554,1.0
25327,34929,1.0
25329,26952,1.0
25331,36831,1.0
25332,34295,1.0
25335,25336,1.0
25338,36723,1.0
25339,25340,1.0
25339,29197,1.0
25339,36700,1.0
25342,27513,1.0
25344,30407,1.0
25345,26421,1.0
25345,32669,1.0
25346,27789,1.0
25347,26958,1.0
25349,30734,1.0
25353,26484,1.0
25355,29727,1.0
25356,25357,1.0
25358,37338,1.0
25360,32817,1.0
25364,28709,1.0
25364,29206,1.0
25365,29512,1.0
25368,25369,1.0
25368,32738,1.0
25370,25436,1.0
25371,37489,1.0
25374,29876,1.0
25377,27925,1.0
25378,25379,1.0
25381,25382,1.0
25383,28085,1.0
25384,34558,1.0
25389,25390,1.0
25390,25391,1.0
25390,30915,1.0
25390,34668,1.0
25390,30657,1.0
25391,25392,1.0
25391,28139,1.0
25394,30753,1.0
25395,25396,1.0
25398,29401,1.0
25401,37008,1.0
25402,28195,1.0
25405,27330,1.0
25405,34546,1.0
25409,31717,1.0
25411,25817,1.0
25411,29180,1.0
25412,37432,1.0
25412,37300,1.0
25412,30367,1.0
25414,25415,1.0
25414,29918,1.0
25414,35155,1.0
25414,34064,1.0
25414,29585,1.0
25415,29586,1.0
25415,30141,1.0
25416,27852,1.0
25419,25420,1.0
25423,29966,1.0
25423,31344,1.0
25423,31345,1.0
25423,28378,1.0
25424,25425,1.0
25427,25428,1.0
25427,33610,1.0
25427,33611,1.0
25427,36552,1.0
25433,31610,1.0
25434,25435,1.0
25435,31941,1.0
25442,25443,1.0
25443,25444,1.0
25443,33893,1.0
25445,25446,1.0
25446,31545,1.0
25446,33894,1.0
25449,25450,1.0
25451,26438,1.0
25451,34915,1.0
25451,35802,1.0
25453,25454,1.0
25455,29749,1.0
25456,25457,1.0
25458,25550,1.0
25461,35778,1.0
25465,28746,1.0
25466,34144,1.0
25469,25470,1.0
25469,29141,1.0
25469,28885,1.0
25469,28886,1.0
25473,28894,1.0
25474,25475,1.0
25477,25478,1.0
25477,34673,1.0
25477,35032,1.0
25479,32570,1.0
25481,32201,1.0
25482,25483,1.0
25485,32817,1.0
25485,32713,1.0
25485,29325,1.0
25486,28650,1.0
25487,25971,1.0
25488,29820,1.0
25489,31971,1.0
25490,27529,1.0
25491,33745,1.0
25492,33120,1.0
25496,25497,1.0
25500,25501,1.0
25503,25812,1.0
25506,27203,1.0
25506,31411,1.0
25507,32758,1.0
25507,37636,1.0
25510,31976,1.0
25511,25512,1.0
25514,36625,1.0
25514,29003,1.0
25515,34796,1.0
25516,33987,1.0
25519,33791,1.0
25520,25521,1.0
25526,29524,1.0
25526,29173,1.0
25526,36165,1.0
25526,29363,1.0
25527,31177,1.0
25532,25533,1.0
25538,26961,1.0
25538,30288,1.0
25539,27775,1.0
25539,35152,1.0
25541,28453,1.0
25541,32297,1.0
25541,26433,1.0
25542,33617,1.0
25545,25546,1.0
25545,32212,1.0
25548,25549,1.0
25550,27033,1.0
25551,25552,1.0
25553,25555,1.0
25557,25558,1.0
25557,33075,1.0
25557,34330,1.0
25557,28103,1.0
25562,32552,1.0
25562,35817,1.0
25563,25564,1.0
25565,25566,1.0
25565,32349,1.0
25566,36419,1.0
25566,36816,1.0
25572,27876,1.0
25573,30365,1.0
25573,35449,1.0
25573,25588,1.0
25577,27253,1.0
25577,27578,1.0
25579,25580,1.0
25580,25581,1.0
25580,26170,1.0
25581,25582,1.0
25587,35436,1.0
25587,34334,1.0
25588,27788,1.0
25593,26249,1.0
25594,32984,1.0
25601,26097,1.0
25601,26560,1.0
25603,25604,1.0
25605,29587,1.0
25606,25607,1.0
25608,37545,1.0
25608,32515,1.0
25608,37366,1.0
25610,25611,1.0
25612,31297,1.0
25612,35622,1.0
25612,34219,1.0
25614,25615,1.0
25616,25617,1.0
25617,30320,1.0
25618,28550,1.0
25619,30248,1.0
25619,26770,1.0
25620,28544,1.0
25620,27072,1.0
25621,27132,1.0
25631,32601,1.0
25633,28255,1.0
25633,34220,1.0
25634,27505,1.0
25637,34273,1.0
25637,35188,1.0
25640,25641,1.0
25644,26744,1.0
25646,30540,1.0
25647,27531,1.0
25649,29580,1.0
25650,25651,1.0
25651,25652,1.0
25651,27419,1.0
25651,28218,1.0
25651,36682,1.0
25652,25653,1.0
25652,29432,1.0
25658,25659,1.0
25663,28726,1.0
25664,31594,1.0
25664,28262,1.0
25668,31972,1.0
25668,30743,1.0
25671,25672,1.0
25674,25675,1.0
25680,25681,1.0
25680,36294,1.0
25682,36829,1.0
25683,27482,1.0
25683,34145,1.0
25684,25685,1.0
25691,35146,1.0
25693,37062,1.0
25695,25696,1.0
25697,25698,1.0
25699,33929,1.0
25700,25701,1.0
25702,26895,1.0
25708,25709,1.0
25710,25711,1.0
25711,35718,1.0
25717,36477,1.0
25723,26405,1.0
25724,36793,1.0
25727,25728,1.0
25730,30230,1.0
25731,25732,1.0
25734,25735,1.0
25739,30533,1.0
25741,32187,1.0
25741,31359,1.0
25743,29052,1.0
25745,35932,1.0
25745,37045,1.0
25747,27235,1.0
25747,30675,1.0
25751,31204,1.0
25755,30492,1.0
25760,26303,1.0
25761,25762,1.0
25762,25763,1.0
25762,27993,1.0
25762,31995,1.0
25763,25976,1.0
25763,32890,1.0
25764,30029,1.0
25764,26172,1.0
25764,33342,1.0
25764,30116,1.0
25765,32766,1.0
25766,28322,1.0
25766,30617,1.0
25769,32056,1.0
25769,31739,1.0
25772,25773,1.0
25774,25775,1.0
25777,26224,1.0
25779,25780,1.0
25781,30975,1.0
25781,31513,1.0
25782,25783,1.0
25784,32177,1.0
25785,25786,1.0
25796,25797,1.0
25798,29708,1.0
25803,25804,1.0
25805,25806,1.0
25805,33289,1.0
25805,30542,1.0
25806,34061,1.0
25808,25809,1.0
25810,25811,1.0
25813,31830,1.0
25815,25816,1.0
25815,30455,1.0
25815,34803,1.0
25819,25820,1.0
25819,29857,1.0
25819,33190,1.0
25823,25824,1.0
25828,28282,1.0
25828,25948,1.0
25828,36909,1.0
25844,26519,1.0
25845,29349,1.0
25846,35934,1.0
25847,29051,1.0
25850,36132,1.0
25854,30419,1.0
25857,30713,1.0
25858,27789,1.0
25862,30297,1.0
25862,32934,1.0
25863,29706,1.0
25864,25865,1.0
25866,25867,1.0
25873,25874,1.0
25875,25876,1.0
25877,25878,1.0
25879,33523,1.0
25880,25881,1.0
25884,25925,1.0
25886,32941,1.0
25886,32340,1.0
25886,31140,1.0
25887,25888,1.0
25889,32805,1.0
25889,36407,1.0
25891,26002,1.0
25892,25893,1.0
25893,28427,1.0
25893,31043,1.0
25897,25898,1.0
25900,36011,1.0
25900,36192,1.0
25901,27052,1.0
25905,25906,1.0
25909,25910,1.0
25912,36370,1.0
25913,25914,1.0
25913,33556,1.0
25916,25917,1.0
25916,26901,1.0
25920,25921,1.0
25922,25923,1.0
25923,35114,1.0
25923,35711,1.0
25926,25927,1.0
25928,26841,1.0
25929,25930,1.0
25933,25934,1.0
25936,25937,1.0
25942,32230,1.0
25942,31890,1.0
25946,28692,1.0
25948,25949,1.0
25948,35918,1.0
25953,33225,1.0
25954,25955,1.0
25957,34230,1.0
25958,27798,1.0
25961,25962,1.0
25964,25981,1.0
25965,25966,1.0
25965,32136,1.0
25966,30289,1.0
25966,30981,1.0
25966,35360,1.0
25966,29293,1.0
25966,35359,1.0
25969,29806,1.0
25969,33480,1.0
25969,27315,1.0
25972,25973,1.0
25977,26001,1.0
25979,25980,1.0
25984,33957,1.0
25984,30157,1.0
25984,29686,1.0
25985,25986,1.0
25985,25987,1.0
25985,32962,1.0
25989,26056,1.0
25990,25991,1.0
25994,29155,1.0
26004,26535,1.0
26006,31024,1.0
26009,33744,1.0
26010,26011,1.0
26010,34015,1.0
26010,35431,1.0
26012,26221,1.0
26012,29545,1.0
26013,28145,1.0
26013,27963,1.0
26015,26482,1.0
26015,32824,1.0
26016,26017,1.0
26021,35031,1.0
26021,30613,1.0
26021,31038,1.0
26022,33375,1.0
26023,26024,1.0
26028,26124,1.0
26029,27501,1.0
26029,27134,1.0
26029,33726,1.0
26029,27135,1.0
26033,26535,1.0
26033,35589,1.0
26035,26037,1.0
26039,33846,1.0
26042,26043,1.0
26044,37264,1.0
26045,28108,1.0
26046,27978,1.0
26049,28411,1.0
26050,26534,1.0
26052,26053,1.0
26054,26055,1.0
26057,26058,1.0
26058,27309,1.0
26059,26060,1.0
26060,27873,1.0
26064,30677,1.0
26069,26070,1.0
26071,33487,1.0
26071,33581,1.0
26071,27853,1.0
26072,27913,1.0
26074,26075,1.0
26076,26077,1.0
26078,26079,1.0
26083,26084,1.0
26083,33309,1.0
26083,27936,1.0
26086,33153,1.0
26087,35899,1.0
26087,36531,1.0
26092,29222,1.0
26092,28171,1.0
26093,26094,1.0
26094,26095,1.0
26094,32978,1.0
26094,28103,1.0
26096,27259,1.0
26102,26103,1.0
26104,30719,1.0
26106,26482,1.0
26106,37584,1.0
26109,26110,1.0
26111,26112,1.0
26112,26113,1.0
26112,34191,1.0
26112,34782,1.0
26112,37375,1.0
26118,26668,1.0
26118,32586,1.0
26119,30069,1.0
26119,36739,1.0
26120,32874,1.0
26122,26123,1.0
26122,30744,1.0
26122,35786,1.0
26122,36406,1.0
26126,27998,1.0
26130,32527,1.0
26130,27067,1.0
26131,28459,1.0
26135,27458,1.0
26139,26140,1.0
26140,29691,1.0
26141,29274,1.0
26142,37450,1.0
26145,28852,1.0
26146,30807,1.0
26149,29423,1.0
26153,29261,1.0
26153,32126,1.0
26157,27810,1.0
26161,29969,1.0
26161,26162,1.0
26161,31713,1.0
26161,35271,1.0
26162,26965,1.0
26162,26735,1.0
26165,26166,1.0
26168,35782,1.0
26169,30939,1.0
26170,33840,1.0
26170,35905,1.0
26173,28955,1.0
26174,30842,1.0
26174,35163,1.0
26174,35770,1.0
26179,27726,1.0
26181,33554,1.0
26182,32943,1.0
26182,31117,1.0
26182,36607,1.0
26186,26187,1.0
26188,33918,1.0
26188,36611,1.0
26188,26189,1.0
26190,26191,1.0
26196,26197,1.0
26196,34442,1.0
26197,26198,1.0
26197,27232,1.0
26197,32701,1.0
26197,33241,1.0
26197,33556,1.0
26199,26200,1.0
26200,37057,1.0
26202,34002,1.0
26203,36808,1.0
26204,26205,1.0
26206,29363,1.0
26208,31027,1.0
26209,27174,1.0
26210,37554,1.0
26211,33513,1.0
26214,28561,1.0
26214,33579,1.0
26222,26223,1.0
26225,27054,1.0
26227,30750,1.0
26230,27650,1.0
26233,26234,1.0
26236,27933,1.0
26242,26243,1.0
26243,28924,1.0
26243,28923,1.0
26244,26245,1.0
26248,26334,1.0
26248,29901,1.0
26250,26251,1.0
26253,26757,1.0
26255,32145,1.0
26255,33887,1.0
26256,26257,1.0
26258,26259,1.0
26260,29036,1.0
26264,26914,1.0
26270,26271,1.0
26273,26274,1.0
26275,26276,1.0
26278,26279,1.0
26281,27428,1.0
26282,26283,1.0
26282,32413,1.0
26282,29633,1.0
26283,33179,1.0
26283,36481,1.0
26285,26286,1.0
26289,26290,1.0
26294,29573,1.0
26295,26296,1.0
26298,30757,1.0
26298,36583,1.0
26298,31710,1.0
26302,27012,1.0
26303,27182,1.0
26304,29661,1.0
26306,30335,1.0
26306,26811,1.0
26306,34145,1.0
26307,26308,1.0
26309,26310,1.0
26312,26313,1.0
26314,30389,1.0
26315,31405,1.0
26320,31228,1.0
26320,37009,1.0
26322,26323,1.0
26325,30711,1.0
26327,27565,1.0
26327,33412,1.0
26329,31636,1.0
26331,26332,1.0
26333,27537,1.0
26337,28161,1.0
26339,27659,1.0
26339,33788,1.0
26343,29284,1.0
26344,26345,1.0
26344,30732,1.0
26350,26351,1.0
26354,26355,1.0
26356,26357,1.0
26362,26363,1.0
26363,26364,1.0
26363,30636,1.0
26363,33019,1.0
26363,34148,1.0
26367,26368,1.0
26371,28161,1.0
26372,26373,1.0
26377,26378,1.0
26379,26380,1.0
26384,32574,1.0
26385,28516,1.0
26388,26389,1.0
26391,34554,1.0
26392,37302,1.0
26393,26394,1.0
26395,26396,1.0
26397,26398,1.0
26399,26400,1.0
26401,26613,1.0
26401,30151,1.0
26401,30859,1.0
26402,26403,1.0
26402,31097,1.0
26402,36073,1.0
26403,35726,1.0
26412,26413,1.0
26415,32222,1.0
26415,27552,1.0
26415,33714,1.0
26416,26417,1.0
26416,36228,1.0
26416,35819,1.0
26417,30040,1.0
26419,32128,1.0
26419,32343,1.0
26423,26472,1.0
26423,33217,1.0
26423,30158,1.0
26424,29501,1.0
26425,26426,1.0
26429,30019,1.0
26431,34037,1.0
26433,30942,1.0
26435,27402,1.0
26435,28796,1.0
26436,35203,1.0
26436,30004,1.0
26437,29725,1.0
26439,26507,1.0
26446,26447,1.0
26448,29151,1.0
26450,26451,1.0
26456,31122,1.0
26457,32482,1.0
26458,29223,1.0
26458,26998,1.0
26462,26804,1.0
26462,36963,1.0
26463,26464,1.0
26465,30591,1.0
26466,29283,1.0
26469,26470,1.0
26471,26472,1.0
26472,32791,1.0
26473,28525,1.0
26473,35730,1.0
26473,33078,1.0
26479,26480,1.0
26480,31582,1.0
26486,26487,1.0
26487,26488,1.0
26487,30203,1.0
26487,30414,1.0
26487,27918,1.0
26487,29313,1.0
26488,31438,1.0
26488,34116,1.0
26489,32969,1.0
26491,29182,1.0
26492,27027,1.0
26493,35976,1.0
26494,28108,1.0
26494,34682,1.0
26494,27666,1.0
26494,30013,1.0
26496,32875,1.0
26498,36832,1.0
26498,37423,1.0
26505,30455,1.0
26508,28053,1.0
26512,34458,1.0
26514,36264,1.0
26516,26517,1.0
26521,29780,1.0
26522,26523,1.0
26522,36500,1.0
26522,29298,1.0
26524,31309,1.0
26524,33206,1.0
26528,30275,1.0
26529,28406,1.0
26529,31440,1.0
26529,29110,1.0
26530,30192,1.0
26531,29347,1.0
26533,30783,1.0
26533,34030,1.0
26534,37488,1.0
26538,32529,1.0
26538,30878,1.0
26539,26540,1.0
26540,26541,1.0
26540,32384,1.0
26540,32551,1.0
26543,29440,1.0
26550,26645,1.0
26550,32919,1.0
26553,31818,1.0
26553,30345,1.0
26555,34750,1.0
26557,26558,1.0
26557,30313,1.0
26558,26559,1.0
26558,28353,1.0
26558,35540,1.0
26558,35813,1.0
26558,31978,1.0
26561,28141,1.0
26562,36279,1.0
26565,26566,1.0
26567,28869,1.0
26568,36172,1.0
26569,35408,1.0
26575,26686,1.0
26576,26829,1.0
26576,31229,1.0
26579,36888,1.0
26579,34990,1.0
26579,28424,1.0
26580,30020,1.0
26585,26586,1.0
26590,26757,1.0
26591,33150,1.0
26593,26594,1.0
26594,28436,1.0
26605,30684,1.0
26605,28536,1.0
26605,30947,1.0
26606,28888,1.0
26609,26610,1.0
26612,31260,1.0
26612,27342,1.0
26613,29126,1.0
26613,33644,1.0
26614,36782,1.0
26616,26617,1.0
26618,26850,1.0
26627,26628,1.0
26631,30789,1.0
26633,26634,1.0
26643,28363,1.0
26644,32936,1.0
26644,32528,1.0
26644,33619,1.0
26650,26651,1.0
26650,27041,1.0
26651,33086,1.0
26651,31774,1.0
26651,29674,1.0
26652,36191,1.0
26653,26654,1.0
26655,26656,1.0
26657,26658,1.0
26660,26661,1.0
26663,26664,1.0
26664,26665,1.0
26664,36813,1.0
26665,28775,1.0
26666,32845,1.0
26667,32472,1.0
26668,34448,1.0
26668,27865,1.0
26672,26673,1.0
26674,26675,1.0
26677,26678,1.0
26680,26682,1.0
26680,28198,1.0
26680,28374,1.0
26680,28499,1.0
26680,29521,1.0
26680,26681,1.0
26684,27170,1.0
26687,26688,1.0
26692,26693,1.0
26694,32764,1.0
26697,32653,1.0
26697,30685,1.0
26706,27076,1.0
26709,26710,1.0
26711,35800,1.0
26717,28642,1.0
26718,32645,1.0
26718,28339,1.0
26730,26731,1.0
26732,31874,1.0
26735,27267,1.0
26735,31290,1.0
26738,28116,1.0
26741,26742,1.0
26745,26746,1.0
26747,30998,1.0
26748,26749,1.0
26749,26750,1.0
26749,29782,1.0
26749,29359,1.0
26749,33604,1.0
26749,35270,1.0
26751,26752,1.0
26753,28209,1.0
26756,30189,1.0
26756,35317,1.0
26757,28677,1.0
26758,26759,1.0
26762,26763,1.0
26763,31600,1.0
26765,30884,1.0
26765,27620,1.0
26766,34134,1.0
26767,30229,1.0
26767,31147,1.0
26767,30470,1.0
26768,29715,1.0
26769,30553,1.0
26769,35804,1.0
26774,26775,1.0
26777,26778,1.0
26780,26781,1.0
26780,27685,1.0
26784,30130,1.0
26786,31457,1.0
26787,32123,1.0
26788,36028,1.0
26788,30944,1.0
26788,36062,1.0
26793,26794,1.0
26794,31216,1.0
26795,26796,1.0
26797,26798,1.0
26799,31603,1.0
26801,28252,1.0
26805,36310,1.0
26806,33774,1.0
26807,26808,1.0
26809,32333,1.0
26812,26813,1.0
26814,26815,1.0
26819,26820,1.0
26821,27798,1.0
26826,26827,1.0
26829,26830,1.0
26829,30709,1.0
26829,30349,1.0
26831,32196,1.0
26832,29983,1.0
26833,34957,1.0
26834,27034,1.0
26835,26836,1.0
26838,30317,1.0
26838,29290,1.0
26842,27785,1.0
26843,26844,1.0
26844,36152,1.0
26846,26847,1.0
26849,36840,1.0
26852,26853,1.0
26852,29944,1.0
26855,26856,1.0
26859,26860,1.0
26861,27313,1.0
26865,34336,1.0
26867,26868,1.0
26869,26870,1.0
26872,30234,1.0
26874,33551,1.0
26875,26876,1.0
26878,26879,1.0
26883,30673,1.0
26883,34629,1.0
26883,36268,1.0
26884,29573,1.0
26887,36622,1.0
26888,35114,1.0
26893,33429,1.0
26897,26898,1.0
26897,27232,1.0
26897,31796,1.0
26903,26904,1.0
26905,26906,1.0
26911,33208,1.0
26917,29036,1.0
26920,26921,1.0
26922,33427,1.0
26922,30680,1.0
26923,28864,1.0
26923,30940,1.0
26924,29601,1.0
26925,26926,1.0
26927,29634,1.0
26930,29168,1.0
26931,33428,1.0
26935,31752,1.0
26940,37562,1.0
26942,26943,1.0
26947,26969,1.0
26949,26950,1.0
26954,26955,1.0
26957,31443,1.0
26963,26964,1.0
26966,27256,1.0
26968,37020,1.0
26968,36203,1.0
26969,26970,1.0
26969,32113,1.0
26971,26972,1.0
26973,26974,1.0
26973,27342,1.0
26973,28316,1.0
26976,27391,1.0
26977,32812,1.0
26978,31246,1.0
26980,31325,1.0
26982,26983,1.0
26984,26985,1.0
26985,34680,1.0
26985,27122,1.0
26987,26988,1.0
26988,30258,1.0
26991,35362,1.0
26992,28239,1.0
26994,26995,1.0
26999,29615,1.0
26999,32459,1.0
26999,30189,1.0
26999,33478,1.0
27001,27002,1.0
27004,32102,1.0
27006,27291,1.0
27007,27008,1.0
27010,28106,1.0
27012,31005,1.0
27012,28126,1.0
27013,32388,1.0
27013,30167,1.0
27018,31861,1.0
27019,27020,1.0
27024,31626,1.0
27024,29054,1.0
27028,27222,1.0
27031,28181,1.0
27031,34879,1.0
27031,28513,1.0
27036,27885,1.0
27037,27384,1.0
27038,27504,1.0
27043,28725,1.0
27044,31454,1.0
27047,27048,1.0
27051,29052,1.0
27053,27359,1.0
27056,34387,1.0
27056,27845,1.0
27056,36838,1.0
27057,27058,1.0
27059,27060,1.0
27064,28640,1.0
27067,32527,1.0
27070,33300,1.0
27070,28172,1.0
27070,30259,1.0
27071,30421,1.0
27071,30635,1.0
27071,28594,1.0
27074,29244,1.0
27074,29816,1.0
27074,29820,1.0
27075,29699,1.0
27075,32023,1.0
27075,35099,1.0
27076,33699,1.0
27077,29473,1.0
27079,27080,1.0
27081,28964,1.0
27081,27417,1.0
27081,34332,1.0
27084,31876,1.0
27084,34727,1.0
27084,33026,1.0
27086,31976,1.0
27087,36548,1.0
27088,27089,1.0
27093,31683,1.0
27094,27095,1.0
27098,31829,1.0
27102,27103,1.0
27104,27105,1.0
27106,27107,1.0
27108,27109,1.0
27110,27111,1.0
27112,27113,1.0
27117,28815,1.0
27118,32058,1.0
27122,32419,1.0
27123,29096,1.0
27126,29470,1.0
27128,27129,1.0
27133,27134,1.0
27134,27135,1.0
27135,29771,1.0
27137,27799,1.0
27138,27738,1.0
27138,37330,1.0
27138,35226,1.0
27139,35457,1.0
27139,29281,1.0
27141,32217,1.0
27144,27145,1.0
27146,28407,1.0
27148,27149,1.0
27150,27151,1.0
27151,29216,1.0
27151,32422,1.0
27151,33390,1.0
27152,27153,1.0
27155,27156,1.0
27159,29508,1.0
27160,27161,1.0
27163,28869,1.0
27164,32849,1.0
27165,27445,1.0
27166,27952,1.0
27167,27168,1.0
27167,34084,1.0
27167,27287,1.0
27167,27891,1.0
27167,30187,1.0
27168,27169,1.0
27168,32284,1.0
27168,30324,1.0
27170,31131,1.0
27171,34075,1.0
27175,27176,1.0
27179,27180,1.0
27184,36492,1.0
27187,27188,1.0
27189,31142,1.0
27196,32478,1.0
27198,27843,1.0
27199,30916,1.0
27199,35631,1.0
27200,27201,1.0
27202,33118,1.0
27202,34581,1.0
27203,31462,1.0
27208,27209,1.0
27211,27212,1.0
27215,27216,1.0
27217,28523,1.0
27220,27221,1.0
27225,27226,1.0
27228,36885,1.0
27230,27231,1.0
27231,27232,1.0
27231,37084,1.0
27232,27233,1.0
27232,30976,1.0
27232,31445,1.0
27232,34057,1.0
27234,30494,1.0
27237,32771,1.0
27239,31390,1.0
27240,33017,1.0
27240,34860,1.0
27240,33635,1.0
27242,27243,1.0
27242,27771,1.0
27245,27246,1.0
27245,30052,1.0
27245,31188,1.0
27247,27248,1.0
27248,32542,1.0
27248,33051,1.0
27248,31843,1.0
27249,27507,1.0
27250,27251,1.0
27254,27255,1.0
27257,30625,1.0
27260,29742,1.0
27264,28300,1.0
27267,27268,1.0
27267,33677,1.0
27267,33932,1.0
27269,27270,1.0
27270,27271,1.0
27270,32205,1.0
27270,31009,1.0
27270,31008,1.0
27277,27278,1.0
27279,27280,1.0
27282,28027,1.0
27283,27284,1.0
27285,27286,1.0
27287,27288,1.0
27287,36948,1.0
27289,27290,1.0
27293,31373,1.0
27294,31904,1.0
27298,27299,1.0
27298,27300,1.0
27298,30016,1.0
27298,29354,1.0
27298,32003,1.0
27298,32901,1.0
27298,29417,1.0
27298,31618,1.0
27298,29353,1.0
27298,36975,1.0
27298,37376,1.0
27302,27303,1.0
27302,31521,1.0
27302,37076,1.0
27302,30007,1.0
27304,31182,1.0
27305,30678,1.0
27307,27717,1.0
27315,27316,1.0
27318,27319,1.0
27320,27321,1.0
27323,27499,1.0
27327,27328,1.0
27331,27332,1.0
27334,27335,1.0
27335,27336,1.0
27336,32010,1.0
27336,33060,1.0
27336,33745,1.0
27336,27613,1.0
27337,27616,1.0
27339,27340,1.0
27343,27344,1.0
27346,27347,1.0
27346,36789,1.0
27348,27349,1.0
27351,30058,1.0
27352,30731,1.0
27352,31000,1.0
27355,27356,1.0
27357,33865,1.0
27360,32619,1.0
27362,27363,1.0
27362,30604,1.0
27362,30605,1.0
27362,32292,1.0
27362,34739,1.0
27364,27365,1.0
27365,34675,1.0
27365,35708,1.0
27366,27367,1.0
27366,29432,1.0
27366,29433,1.0
27368,27369,1.0
27371,28040,1.0
27371,35334,1.0
27373,31736,1.0
27374,28668,1.0
27375,28105,1.0
27380,27381,1.0
27383,32231,1.0
27383,28703,1.0
27384,30340,1.0
27387,27388,1.0
27387,34855,1.0
27387,28508,1.0
27391,35694,1.0
27391,34992,1.0
27394,35074,1.0
27399,27400,1.0
27399,34050,1.0
27401,33361,1.0
27401,28929,1.0
27401,29349,1.0
27405,35342,1.0
27408,33460,1.0
27409,27410,1.0
27412,29997,1.0
27416,27417,1.0
27427,37151,1.0
27427,32275,1.0
27429,27430,1.0
27432,27433,1.0
27433,34609,1.0
27434,36826,1.0
27436,27437,1.0
27444,35863,1.0
27447,27448,1.0
27450,27451,1.0
27453,27654,1.0
27458,35994,1.0
27459,27460,1.0
27465,27466,1.0
27467,27468,1.0
27470,27471,1.0
27470,32016,1.0
27472,27473,1.0
27472,36159,1.0
27472,28146,1.0
27477,27999,1.0
27484,27485,1.0
27486,28063,1.0
27487,34195,1.0
27488,27489,1.0
27492,28332,1.0
27493,28513,1.0
27493,29861,1.0
27493,32231,1.0
27493,33809,1.0
27493,32435,1.0
27494,27495,1.0
27494,36448,1.0
27494,34524,1.0
27496,34194,1.0
27502,36266,1.0
27502,37139,1.0
27507,33198,1.0
27507,32173,1.0
27511,33169,1.0
27513,31604,1.0
27513,29301,1.0
27514,27515,1.0
27519,27520,1.0
27521,27522,1.0
27524,31486,1.0
27525,27526,1.0
27528,35097,1.0
27533,27534,1.0
27535,29522,1.0
27537,31624,1.0
27537,36222,1.0
27538,27539,1.0
27539,31339,1.0
27539,34987,1.0
27541,29696,1.0
27542,27543,1.0
27545,27847,1.0
27550,27551,1.0
27552,27553,1.0
27552,32625,1.0
27554,29837,1.0
27555,31788,1.0
27555,32076,1.0
27555,34472,1.0
27557,28413,1.0
27558,27559,1.0
27561,32040,1.0
27561,28504,1.0
27562,27563,1.0
27562,30732,1.0
27566,27567,1.0
27568,27569,1.0
27569,27570,1.0
27569,29236,1.0
27574,27575,1.0
27579,27580,1.0
27583,27584,1.0
27584,28263,1.0
27586,27587,1.0
27587,33410,1.0
27588,27589,1.0
27591,31161,1.0
27591,29974,1.0
27592,28829,1.0
27593,32774,1.0
27594,27595,1.0
27594,33273,1.0
27596,27597,1.0
27599,31721,1.0
27599,37493,1.0
27599,30281,1.0
27599,37653,1.0
27600,30635,1.0
27601,27602,1.0
27604,27826,1.0
27607,30370,1.0
27607,31695,1.0
27607,33562,1.0
27609,27610,1.0
27611,29625,1.0
27612,28195,1.0
27614,27615,1.0
27614,31974,1.0
27618,35688,1.0
27619,30348,1.0
27622,27623,1.0
27623,27624,1.0
27623,30262,1.0
27627,31757,1.0
27629,29885,1.0
27629,36460,1.0
27629,32415,1.0
27630,37408,1.0
27630,33891,1.0
27631,29941,1.0
27632,27633,1.0
27634,28194,1.0
27637,31013,1.0
27639,27640,1.0
27641,27642,1.0
27642,32732,1.0
27643,28576,1.0
27644,28257,1.0
27648,27649,1.0
27651,27652,1.0
27653,35515,1.0
27656,27657,1.0
27657,27658,1.0
27657,33671,1.0
27657,36851,1.0
27657,28768,1.0
27660,30184,1.0
27660,32337,1.0
27662,30181,1.0
27664,27665,1.0
27667,27668,1.0
27672,27673,1.0
27676,28117,1.0
27678,27890,1.0
27682,27683,1.0
27685,28553,1.0
27685,29687,1.0
27685,32200,1.0
27686,27687,1.0
27689,27690,1.0
27692,27932,1.0
27692,28628,1.0
27694,27695,1.0
27696,30198,1.0
27698,27699,1.0
27698,32342,1.0
27701,27702,1.0
27704,29660,1.0
27704,29137,1.0
27704,37253,1.0
27706,33300,1.0
27706,30994,1.0
27707,33133,1.0
27708,29365,1.0
27711,31201,1.0
27711,32695,1.0
27712,27713,1.0
27714,27715,1.0
27719,27720,1.0
27721,29185,1.0
27724,27725,1.0
27726,33777,1.0
27726,34670,1.0
27730,27731,1.0
27732,31635,1.0
27735,27736,1.0
27739,31192,1.0
27741,32983,1.0
27742,34647,1.0
27743,27744,1.0
27749,27750,1.0
27751,27752,1.0
27751,35578,1.0
27751,29254,1.0
27753,36659,1.0
27753,36763,1.0
27753,34102,1.0
27756,27757,1.0
27762,30373,1.0
27762,31470,1.0
27763,30129,1.0
27763,32655,1.0
27764,27765,1.0
27767,27768,1.0
27769,27770,1.0
27769,34600,1.0
27779,29509,1.0
27779,30372,1.0
27786,27787,1.0
27790,28111,1.0
27790,31731,1.0
27792,27793,1.0
27793,36182,1.0
27795,27796,1.0
27795,35157,1.0
27795,36361,1.0
27800,31533,1.0
27801,27802,1.0
27805,31880,1.0
27805,30434,1.0
27807,28065,1.0
27815,27816,1.0
27818,27819,1.0
27822,27823,1.0
27824,27825,1.0
27827,28869,1.0
27838,27839,1.0
27843,27844,1.0
27843,30733,1.0
27845,28946,1.0
27846,31095,1.0
27850,27851,1.0
27852,35242,1.0
27852,31111,1.0
27853,30400,1.0
27855,27856,1.0
27859,27860,1.0
27859,27861,1.0
27859,28483,1.0
27859,32001,1.0
27859,34741,1.0
27859,28775,1.0
27860,27862,1.0
27860,31942,1.0
27860,33343,1.0
27860,28775,1.0
27863,28635,1.0
27865,28734,1.0
27869,28870,1.0
27870,27871,1.0
27874,31423,1.0
27874,34493,1.0
27875,27876,1.0
27886,29185,1.0
27888,27889,1.0
27895,27896,1.0
27899,32272,1.0
27900,36641,1.0
27901,32673,1.0
27902,28818,1.0
27906,36903,1.0
27906,28054,1.0
27906,30851,1.0
27907,31190,1.0
27908,27909,1.0
27911,33112,1.0
27917,27918,1.0
27918,27919,1.0
27918,34876,1.0
27920,37122,1.0
27920,29588,1.0
27920,31446,1.0
27921,29241,1.0
27923,27924,1.0
27929,27930,1.0
27934,29596,1.0
27935,27936,1.0
27936,35233,1.0
27938,28828,1.0
27941,33705,1.0
27945,27946,1.0
27945,36898,1.0
27946,27947,1.0
27946,28621,1.0
27949,27950,1.0
27949,29258,1.0
27949,29259,1.0
27954,27955,1.0
27954,32359,1.0
27954,32360,1.0
27954,32848,1.0
27954,32962,1.0
27954,30773,1.0
27955,34476,1.0
27955,34423,1.0
27957,27958,1.0
27959,28771,1.0
27960,27961,1.0
27965,36332,1.0
27965,37314,1.0
27965,34961,1.0
27965,31857,1.0
27968,29405,1.0
27968,36308,1.0
27970,27971,1.0
27970,29762,1.0
27970,30207,1.0
27970,32353,1.0
27973,27975,1.0
27978,28704,1.0
27986,37411,1.0
27986,34150,1.0
27991,28509,1.0
27992,27993,1.0
27992,32890,1.0
27992,33972,1.0
27993,32890,1.0
27994,27995,1.0
27999,28064,1.0
27999,30163,1.0
28002,29834,1.0
28002,29289,1.0
28003,28004,1.0
28005,28006,1.0
28012,30428,1.0
28015,28016,1.0
28015,30946,1.0
28015,29196,1.0
28019,30130,1.0
28020,29405,1.0
28022,33490,1.0
28025,34345,1.0
28025,33030,1.0
28028,28029,1.0
28028,35194,1.0
28030,28031,1.0
28032,32236,1.0
28033,28034,1.0
28033,31432,1.0
28036,30292,1.0
28036,29283,1.0
28041,33277,1.0
28043,33922,1.0
28043,34635,1.0
28043,30620,1.0
28044,36208,1.0
28047,28511,1.0
28048,28049,1.0
28052,33378,1.0
28052,30535,1.0
28054,30427,1.0
28056,28057,1.0
28060,28061,1.0
28061,28901,1.0
28061,30819,1.0
28062,32362,1.0
28062,31467,1.0
28069,32454,1.0
28069,35287,1.0
28072,28073,1.0
28076,28077,1.0
28083,33553,1.0
28085,30120,1.0
28088,28089,1.0
28094,29063,1.0
28097,33904,1.0
28100,36103,1.0
28101,30583,1.0
28102,30760,1.0
28102,29050,1.0
28103,31713,1.0
28108,30944,1.0
28109,32762,1.0
28110,35211,1.0
28110,33104,1.0
28113,34656,1.0
28114,35892,1.0
28114,33567,1.0
28115,33735,1.0
28119,34919,1.0
28121,28122,1.0
28123,29978,1.0
28123,33333,1.0
28123,33332,1.0
28125,35084,1.0
28125,33097,1.0
28128,28129,1.0
28129,28130,1.0
28129,34212,1.0
28132,28133,1.0
28132,34654,1.0
28132,36841,1.0
28132,36249,1.0
28138,29843,1.0
28142,35809,1.0
28147,31422,1.0
28148,28149,1.0
28152,33440,1.0
28152,32826,1.0
28154,28155,1.0
28156,28157,1.0
28157,33299,1.0
28157,34899,1.0
28158,28159,1.0
28160,33280,1.0
28161,33248,1.0
28162,33097,1.0
28164,28165,1.0
28166,28435,1.0
28167,31711,1.0
28169,28170,1.0
28171,30927,1.0
28173,28174,1.0
28175,28176,1.0
28177,28178,1.0
28179,28180,1.0
28180,29839,1.0
28189,29380,1.0
28191,28667,1.0
28191,32537,1.0
28196,28197,1.0
28199,36921,1.0
28199,33361,1.0
28201,28643,1.0
28204,31248,1.0
28204,28856,1.0
28213,28214,1.0
28214,28215,1.0
28214,30663,1.0
28214,30664,1.0
28214,32993,1.0
28216,28217,1.0
28223,28224,1.0
28223,28937,1.0
28223,33420,1.0
28223,32269,1.0
28226,32706,1.0
28226,28940,1.0
28232,31015,1.0
28234,28815,1.0
28242,30251,1.0
28243,28244,1.0
28246,30570,1.0
28246,31510,1.0
28246,30644,1.0
28248,29159,1.0
28248,32063,1.0
28249,33959,1.0
28249,34685,1.0
28250,28251,1.0
28250,36315,1.0
28257,35595,1.0
28257,34633,1.0
28258,31504,1.0
28258,31220,1.0
28260,31343,1.0
28269,29197,1.0
28269,35145,1.0
28269,35606,1.0
28275,28276,1.0
28279,35409,1.0
28281,37632,1.0
28285,28286,1.0
28287,35984,1.0
28288,30799,1.0
28289,29355,1.0
28289,34322,1.0
28290,28291,1.0
28294,28295,1.0
28302,28303,1.0
28306,33428,1.0
28307,28308,1.0
28311,31825,1.0
28313,28314,1.0
28317,28318,1.0
28324,28523,1.0
28325,31606,1.0
28328,30850,1.0
28330,31692,1.0
28331,31596,1.0
28331,32304,1.0
28332,29382,1.0
28333,34296,1.0
28334,34456,1.0
28335,28336,1.0
28337,28338,1.0
28339,35503,1.0
28339,32341,1.0
28342,28343,1.0
28344,34940,1.0
28350,28351,1.0
28352,28353,1.0
28353,33799,1.0
28353,33800,1.0
28353,35541,1.0
28355,28356,1.0
28357,28358,1.0
28360,28361,1.0
28365,28366,1.0
28366,28367,1.0
28366,29898,1.0
28366,36244,1.0
28367,28368,1.0
28367,35014,1.0
28367,29898,1.0
28367,36190,1.0
28372,28373,1.0
28374,28375,1.0
28374,34347,1.0
28374,31836,1.0
28377,28865,1.0
28379,28380,1.0
28381,28382,1.0
28386,28387,1.0
28388,28389,1.0
28390,31246,1.0
28391,30203,1.0
28395,32167,1.0
28398,28399,1.0
28400,28401,1.0
28402,30738,1.0
28402,30553,1.0
28409,28410,1.0
28413,33156,1.0
28415,28694,1.0
28416,28417,1.0
28418,28419,1.0
28423,34132,1.0
28424,34499,1.0
28425,28426,1.0
28428,33159,1.0
28428,29110,1.0
28429,28430,1.0
28430,35020,1.0
28431,34361,1.0
28431,33725,1.0
28431,36564,1.0
28432,33238,1.0
28439,28440,1.0
28445,28446,1.0
28447,35352,1.0
28449,28450,1.0
28451,28452,1.0
28454,35830,1.0
28455,28456,1.0
28459,29795,1.0
28459,30851,1.0
28460,28461,1.0
28464,28465,1.0
28471,31427,1.0
28473,35408,1.0
28475,34350,1.0
28476,30703,1.0
28479,28480,1.0
28479,30681,1.0
28480,29256,1.0
28480,33123,1.0
28481,28482,1.0
28484,31808,1.0
28485,28486,1.0
28486,31940,1.0
28486,32737,1.0
28490,33097,1.0
28492,28511,1.0
28493,28494,1.0
28497,29839,1.0
28500,28501,1.0
28509,32534,1.0
28511,28922,1.0
28513,35673,1.0
28516,28570,1.0
28518,28519,1.0
28522,29838,1.0
28526,28527,1.0
28539,35502,1.0
28541,28542,1.0
28544,30635,1.0
28548,28549,1.0
28550,28551,1.0
28552,30214,1.0
28552,33816,1.0
28553,31126,1.0
28553,32412,1.0
28555,31170,1.0
28555,35051,1.0
28555,36253,1.0
28559,28560,1.0
28562,29610,1.0
28565,28566,1.0
28568,28569,1.0
28572,32960,1.0
28576,35118,1.0
28579,32405,1.0
28581,37618,1.0
28582,28583,1.0
28584,31644,1.0
28584,30293,1.0
28585,28586,1.0
28587,28588,1.0
28592,28593,1.0
28595,30550,1.0
28598,31256,1.0
28598,36043,1.0
28598,34248,1.0
28600,28601,1.0
28604,30670,1.0
28605,28606,1.0
28607,33855,1.0
28608,28609,1.0
28609,34363,1.0
28609,35132,1.0
28610,29423,1.0
28612,28913,1.0
28613,28614,1.0
28617,28618,1.0
28617,35345,1.0
28617,34114,1.0
28619,28620,1.0
28619,33896,1.0
28619,36886,1.0
28625,29855,1.0
28626,30709,1.0
28626,30778,1.0
28626,28942,1.0
28628,28629,1.0
28630,28631,1.0
28631,33431,1.0
28631,31912,1.0
28631,34656,1.0
28632,28633,1.0
28646,28647,1.0
28648,28649,1.0
28655,32770,1.0
28655,30166,1.0
28656,32656,1.0
28660,30550,1.0
28661,33064,1.0
28662,31009,1.0
28663,28664,1.0
28666,29757,1.0
28669,34354,1.0
28673,28674,1.0
28673,29871,1.0
28676,36534,1.0
28679,31178,1.0
28681,28682,1.0
28684,28685,1.0
28693,30480,1.0
28694,30114,1.0
28700,33664,1.0
28701,28702,1.0
28707,28708,1.0
28710,35987,1.0
28711,28712,1.0
28713,33015,1.0
28714,28715,1.0
28717,28718,1.0
28719,28720,1.0
28720,33213,1.0
28720,35527,1.0
28720,37504,1.0
28720,28721,1.0
28722,35689,1.0
28722,35050,1.0
28723,28724,1.0
28726,32266,1.0
28726,35234,1.0
28727,28728,1.0
28730,35478,1.0
28735,33532,1.0
28735,30201,1.0
28737,28738,1.0
28739,34005,1.0
28739,29995,1.0
28742,32991,1.0
28742,31412,1.0
28744,28745,1.0
28744,29839,1.0
28744,37560,1.0
28748,28749,1.0
28751,28752,1.0
28751,37308,1.0
28753,34469,1.0
28755,35991,1.0
28756,35554,1.0
28757,28758,1.0
28757,28759,1.0
28757,30045,1.0
28757,30990,1.0
28758,28760,1.0
28758,33247,1.0
28758,29190,1.0
28761,28762,1.0
28763,33696,1.0
28774,31925,1.0
28775,28776,1.0
28777,28778,1.0
28781,33107,1.0
28781,35080,1.0
28783,30597,1.0
28783,29303,1.0
28784,31435,1.0
28791,28792,1.0
28791,30780,1.0
28793,28794,1.0
28797,28798,1.0
28801,29615,1.0
28801,30516,1.0
28801,36363,1.0
28803,32594,1.0
28804,28805,1.0
28804,30410,1.0
28804,36081,1.0
28807,28808,1.0
28809,31597,1.0
28814,33100,1.0
28818,28819,1.0
28818,35625,1.0
28823,28824,1.0
28823,37480,1.0
28825,28826,1.0
28828,28949,1.0
28830,28831,1.0
28833,37613,1.0
28834,36647,1.0
28835,28836,1.0
28837,28838,1.0
28839,28840,1.0
28841,28842,1.0
28845,28846,1.0
28849,28850,1.0
28852,28890,1.0
28854,28855,1.0
28854,30828,1.0
28856,34606,1.0
28856,31707,1.0
28857,28858,1.0
28859,28860,1.0
28860,29898,1.0
28860,36469,1.0
28860,36112,1.0
28861,28862,1.0
28866,28867,1.0
28871,28872,1.0
28873,34941,1.0
28875,28876,1.0
28877,32773,1.0
28878,28879,1.0
28880,28881,1.0
28881,28882,1.0
28883,28884,1.0
28885,28886,1.0
28885,29406,1.0
28885,29407,1.0
28886,36235,1.0
28886,35599,1.0
28887,37572,1.0
28887,32483,1.0
28890,34251,1.0
28905,28906,1.0
28907,32051,1.0
28907,37631,1.0
28907,29324,1.0
28914,34998,1.0
28914,35724,1.0
28916,29168,1.0
28918,28919,1.0
28921,33903,1.0
28927,28928,1.0
28931,28932,1.0
28933,28934,1.0
28936,28937,1.0
28937,31295,1.0
28937,33871,1.0
28937,36313,1.0
28944,33314,1.0
28944,33776,1.0
28944,29743,1.0
28947,28948,1.0
28948,34179,1.0
28948,37176,1.0
28949,32011,1.0
28950,31140,1.0
28950,30144,1.0
28956,28957,1.0
28963,33399,1.0
28965,28966,1.0
28972,31289,1.0
28975,28976,1.0
28977,34382,1.0
28978,28979,1.0
28980,28981,1.0
28981,33298,1.0
28983,28984,1.0
28986,28987,1.0
28989,28990,1.0
28994,28995,1.0
28998,34424,1.0
28999,30093,1.0
29001,29002,1.0
29001,29804,1.0
29001,30887,1.0
29001,34052,1.0
29001,34053,1.0
29001,34339,1.0
29003,32600,1.0
29003,36263,1.0
29003,37167,1.0
29004,30982,1.0
29005,29006,1.0
29009,29010,1.0
29011,31917,1.0
29013,37388,1.0
29016,35237,1.0
29017,29018,1.0
29019,29020,1.0
29023,36680,1.0
29029,29765,1.0
29037,34201,1.0
29040,36029,1.0
29040,31966,1.0
29045,29046,1.0
29045,29890,1.0
29048,29049,1.0
29054,35693,1.0
29054,34779,1.0
29056,32303,1.0
29057,29058,1.0
29061,29062,1.0
29070,29071,1.0
29071,29072,1.0
29071,32072,1.0
29074,35914,1.0
29074,35284,1.0
29075,29076,1.0
29079,29080,1.0
29082,29083,1.0
29084,29085,1.0
29086,36867,1.0
29086,34653,1.0
29088,29089,1.0
29088,36289,1.0
29090,30249,1.0
29093,29094,1.0
29100,29101,1.0
29102,29103,1.0
29104,31745,1.0
29106,29107,1.0
29111,32820,1.0
29113,33507,1.0
29114,37433,1.0
29117,29118,1.0
29117,36981,1.0
29119,34197,1.0
29121,29122,1.0
29121,34228,1.0
29121,32930,1.0
29123,35650,1.0
29124,29125,1.0
29125,32610,1.0
29130,29131,1.0
29132,29133,1.0
29142,29143,1.0
29146,29147,1.0
29151,36573,1.0
29152,29153,1.0
29152,31500,1.0
29157,29158,1.0
29160,29161,1.0
29162,29163,1.0
29166,29494,1.0
29176,33346,1.0
29178,36353,1.0
29182,32493,1.0
29182,29208,1.0
29186,29187,1.0
29189,29190,1.0
29190,29191,1.0
29190,35170,1.0
29193,29194,1.0
29193,33925,1.0
29193,36540,1.0
29193,29937,1.0
29196,29772,1.0
29197,34965,1.0
29198,29199,1.0
29201,29202,1.0
29203,29204,1.0
29205,30932,1.0
29209,29958,1.0
29212,29213,1.0
29219,33977,1.0
29220,32492,1.0
29224,29225,1.0
29224,35127,1.0
29226,29907,1.0
29226,35076,1.0
29226,31247,1.0
29229,29230,1.0
29232,29233,1.0
29238,36618,1.0
29242,29243,1.0
29245,29246,1.0
29248,29249,1.0
29249,32631,1.0
29249,33353,1.0
29251,29252,1.0
29254,34764,1.0
29255,31580,1.0
29257,32062,1.0
29258,36123,1.0
29260,29492,1.0
29264,29265,1.0
29266,36451,1.0
29270,29271,1.0
29272,31453,1.0
29272,29891,1.0
29275,29276,1.0
29277,31264,1.0
29278,29279,1.0
29280,35417,1.0
29280,31676,1.0
29286,31749,1.0
29287,29288,1.0
29288,31541,1.0
29289,31813,1.0
29291,29292,1.0
29292,29992,1.0
29295,37071,1.0
29301,36554,1.0
29301,36929,1.0
29306,29307,1.0
29308,35900,1.0
29310,29311,1.0
29312,29313,1.0
29313,29314,1.0
29315,29316,1.0
29317,29318,1.0
29319,29620,1.0
29324,35556,1.0
29324,36309,1.0
29326,29327,1.0
29333,30732,1.0
29346,34738,1.0
29349,29350,1.0
29351,29352,1.0
29351,33680,1.0
29352,29353,1.0
29352,30812,1.0
29352,31369,1.0
29353,29354,1.0
29353,30813,1.0
29353,31168,1.0
29355,37174,1.0
29359,29360,1.0
29359,29361,1.0
29359,31794,1.0
29359,36730,1.0
29359,36912,1.0
29363,31084,1.0
29363,32207,1.0
29371,34326,1.0
29372,29373,1.0
29374,29375,1.0
29379,35610,1.0
29385,36274,1.0
29385,34022,1.0
29390,30778,1.0
29391,32652,1.0
29395,31164,1.0
29396,37415,1.0
29396,32395,1.0
29398,31202,1.0
29402,34243,1.0
29408,29409,1.0
29415,29416,1.0
29417,29418,1.0
29417,29419,1.0
29417,31618,1.0
29420,29421,1.0
29423,35565,1.0
29425,29426,1.0
29431,29432,1.0
29432,31074,1.0
29432,31960,1.0
29434,33085,1.0
29434,30246,1.0
29437,30589,1.0
29438,34218,1.0
29441,30657,1.0
29442,33258,1.0
29444,32410,1.0
29455,29456,1.0
29459,29460,1.0
29460,32218,1.0
29462,29463,1.0
29464,29465,1.0
29467,32232,1.0
29468,37169,1.0
29469,32431,1.0
29469,30759,1.0
29471,31157,1.0
29471,32773,1.0
29471,30144,1.0
29471,29542,1.0
29473,31374,1.0
29479,31193,1.0
29480,29481,1.0
29487,29488,1.0
29496,30472,1.0
29499,29754,1.0
29505,29506,1.0
29505,34171,1.0
29511,30766,1.0
29511,31558,1.0
29513,31066,1.0
29519,34207,1.0
29527,29528,1.0
29528,31018,1.0
29528,36100,1.0
29532,29533,1.0
29534,32920,1.0
29534,33640,1.0
29537,36110,1.0
29540,31180,1.0
29541,31124,1.0
29543,29544,1.0
29546,29547,1.0
29546,35813,1.0
29550,32557,1.0
29554,29903,1.0
29556,29557,1.0
29564,36670,1.0
29566,35881,1.0
29569,31766,1.0
29571,29572,1.0
29583,29584,1.0
29585,29586,1.0
29585,29880,1.0
29585,29881,1.0
29585,30655,1.0
29585,30686,1.0
29585,30687,1.0
29585,31705,1.0
29585,33912,1.0
29585,33478,1.0
29585,30343,1.0
29586,30053,1.0
29586,35965,1.0
29588,30046,1.0
29590,29591,1.0
29591,29592,1.0
29591,31471,1.0
29591,36286,1.0
29591,36538,1.0
29592,29593,1.0
29592,31472,1.0
29592,30236,1.0
29592,32432,1.0
29592,33278,1.0
29592,35313,1.0
29598,29599,1.0
29600,33055,1.0
29601,34405,1.0
29602,29603,1.0
29607,30174,1.0
29609,30267,1.0
29610,33100,1.0
29611,29612,1.0
29615,29616,1.0
29615,32448,1.0
29615,32458,1.0
29618,32248,1.0
29620,31392,1.0
29621,29622,1.0
29623,29624,1.0
29626,29627,1.0
29627,31489,1.0
29629,29630,1.0
29632,32376,1.0
29635,31770,1.0
29636,29637,1.0
29638,29639,1.0
29640,29641,1.0
29642,29643,1.0
29645,29809,1.0
29646,35600,1.0
29647,30588,1.0
29650,29651,1.0
29652,31209,1.0
29652,31682,1.0
29653,29654,1.0
29654,29655,1.0
29654,35142,1.0
29663,35067,1.0
29667,31233,1.0
29668,29669,1.0
29670,29671,1.0
29672,29673,1.0
29675,30357,1.0
29679,29744,1.0
29680,29681,1.0
29685,33724,1.0
29693,32606,1.0
29694,29695,1.0
29700,34447,1.0
29700,36549,1.0
29700,30383,1.0
29701,29702,1.0
29702,29703,1.0
29702,34735,1.0
29702,35772,1.0
29710,29711,1.0
29717,29718,1.0
29719,35597,1.0
29719,35269,1.0
29719,31720,1.0
29726,32467,1.0
29728,29729,1.0
29730,29731,1.0
29731,29733,1.0
29731,33757,1.0
29731,33758,1.0
29735,29736,1.0
29745,29965,1.0
29747,29748,1.0
29748,34093,1.0
29749,33771,1.0
29757,35314,1.0
29762,29763,1.0
29762,35467,1.0
29764,31353,1.0
29764,30331,1.0
29770,35707,1.0
29770,30900,1.0
29771,35382,1.0
29778,29779,1.0
29786,29787,1.0
29791,29792,1.0
29794,30931,1.0
29799,33980,1.0
29799,37293,1.0
29807,31546,1.0
29810,31491,1.0
29812,31006,1.0
29812,31800,1.0
29814,36135,1.0
29817,29818,1.0
29824,32178,1.0
29827,29828,1.0
29830,29831,1.0
29830,30098,1.0
29833,33387,1.0
29836,33749,1.0
29840,33832,1.0
29840,31236,1.0
29844,35623,1.0
29845,36494,1.0
29848,37573,1.0
29852,29853,1.0
29856,36978,1.0
29859,29860,1.0
29859,32796,1.0
29860,31677,1.0
29862,29863,1.0
29865,29866,1.0
29870,31064,1.0
29872,32687,1.0
29872,32039,1.0
29877,31449,1.0
29877,30675,1.0
29879,34625,1.0
29879,34606,1.0
29887,36168,1.0
29889,33517,1.0
29889,34453,1.0
29890,33741,1.0
29895,31885,1.0
29895,30192,1.0
29898,29899,1.0
29898,35701,1.0
29898,36837,1.0
29904,31839,1.0
29905,34598,1.0
29907,34422,1.0
29907,34655,1.0
29907,32241,1.0
29908,29909,1.0
29908,36510,1.0
29911,33303,1.0
29911,36690,1.0
29913,33939,1.0
29917,29918,1.0
29918,34352,1.0
29920,29921,1.0
29922,29923,1.0
29924,37212,1.0
29925,33456,1.0
29925,32466,1.0
29926,29927,1.0
29928,37051,1.0
29930,32523,1.0
29930,37047,1.0
29931,33111,1.0
29934,30225,1.0
29935,34821,1.0
29939,30510,1.0
29952,32573,1.0
29953,29954,1.0
29954,36325,1.0
29957,30149,1.0
29958,30387,1.0
29959,29960,1.0
29960,32780,1.0
29960,36246,1.0
29960,29961,1.0
29961,29962,1.0
29961,31740,1.0
29964,35825,1.0
29965,36574,1.0
29967,29968,1.0
29968,29969,1.0
29969,29970,1.0
29972,29973,1.0
29976,31070,1.0
29983,30526,1.0
29984,32875,1.0
29985,29986,1.0
29987,37107,1.0
29987,37127,1.0
29990,33775,1.0
29990,30608,1.0
29995,32081,1.0
29995,37393,1.0
29997,30894,1.0
29998,29999,1.0
29998,30814,1.0
29998,30264,1.0
30005,30006,1.0
30011,30012,1.0
30018,30140,1.0
30020,31421,1.0
30021,30022,1.0
30024,30025,1.0
30033,31537,1.0
30033,36522,1.0
30033,30148,1.0
30035,36040,1.0
30035,32369,1.0
30036,33347,1.0
30036,31863,1.0
30036,33058,1.0
30038,30039,1.0
30039,36454,1.0
30039,36784,1.0
30044,33921,1.0
30048,37192,1.0
30054,30055,1.0
30057,30058,1.0
30058,33731,1.0
30060,30061,1.0
30063,32196,1.0
30063,30066,1.0
30067,30308,1.0
30071,35407,1.0
30071,37368,1.0
30071,35172,1.0
30074,30075,1.0
30077,30078,1.0
30077,30080,1.0
30077,31943,1.0
30078,30079,1.0
30085,30086,1.0
30089,31070,1.0
30090,30091,1.0
30093,30094,1.0
30095,30096,1.0
30100,31760,1.0
30105,36427,1.0
30106,35301,1.0
30107,33582,1.0
30107,31117,1.0
30107,30626,1.0
30108,30109,1.0
30110,30111,1.0
30110,32087,1.0
30113,35256,1.0
30113,31067,1.0
30119,31887,1.0
30121,33828,1.0
30121,34390,1.0
30123,33425,1.0
30127,30128,1.0
30128,30301,1.0
30128,32163,1.0
30128,35039,1.0
30128,32072,1.0
30128,36050,1.0
30136,30137,1.0
30145,35058,1.0
30149,31429,1.0
30152,36920,1.0
30152,35815,1.0
30154,32319,1.0
30154,34565,1.0
30154,30344,1.0
30158,30159,1.0
30158,31675,1.0
30158,35543,1.0
30164,30165,1.0
30173,32408,1.0
30175,34564,1.0
30179,30180,1.0
30182,37612,1.0
30182,36360,1.0
30187,30188,1.0
30187,31016,1.0
30189,33285,1.0
30189,36171,1.0
30189,31494,1.0
30192,36914,1.0
30192,36684,1.0
30193,30194,1.0
30195,31650,1.0
30203,30413,1.0
30203,32882,1.0
30203,33195,1.0
30217,30218,1.0
30219,32613,1.0
30221,30222,1.0
30225,35496,1.0
30229,34895,1.0
30229,32501,1.0
30234,32549,1.0
30235,30236,1.0
30236,30237,1.0
30236,30888,1.0
30236,31689,1.0
30238,30239,1.0
30241,30473,1.0
30245,30860,1.0
30247,34496,1.0
30252,34539,1.0
30252,34540,1.0
30270,30271,1.0
30270,32865,1.0
30270,31345,1.0
30270,35585,1.0
30270,36916,1.0
30270,36845,1.0
30281,35470,1.0
30287,31817,1.0
30289,30290,1.0
30289,31791,1.0
30297,30369,1.0
30297,32819,1.0
30308,30309,1.0
30310,30311,1.0
30310,34275,1.0
30316,33135,1.0
30316,31151,1.0
30318,32315,1.0
30320,32115,1.0
30323,37260,1.0
30323,34340,1.0
30323,34622,1.0
30326,30430,1.0
30327,30328,1.0
30332,31223,1.0
30334,33676,1.0
30337,32666,1.0
30342,30343,1.0
30343,32509,1.0
30344,35366,1.0
30346,30347,1.0
30350,30351,1.0
30352,30353,1.0
30359,30747,1.0
30367,31393,1.0
30367,34693,1.0
30372,33835,1.0
30372,31931,1.0
30375,30376,1.0
30375,37606,1.0
30375,35338,1.0
30377,37516,1.0
30383,30421,1.0
30384,33342,1.0
30398,30399,1.0
30402,36172,1.0
30409,35365,1.0
30410,36934,1.0
30410,31881,1.0
30417,33379,1.0
30420,30421,1.0
30423,30424,1.0
30424,31557,1.0
30430,36957,1.0
30437,32102,1.0
30441,30442,1.0
30446,34912,1.0
30451,36938,1.0
30452,30453,1.0
30454,30455,1.0
30456,30457,1.0
30459,30673,1.0
30459,36764,1.0
30459,34809,1.0
30460,30461,1.0
30461,34161,1.0
30466,30495,1.0
30477,33239,1.0
30477,32911,1.0
30481,30533,1.0
30482,30483,1.0
30485,30486,1.0
30485,30855,1.0
30485,33807,1.0
30485,33808,1.0
30485,34450,1.0
30487,32350,1.0
30488,33640,1.0
30496,30497,1.0
30497,32147,1.0
30497,33108,1.0
30502,34607,1.0
30507,31347,1.0
30509,34954,1.0
30509,35401,1.0
30509,34368,1.0
30510,33369,1.0
30510,34588,1.0
30510,35093,1.0
30512,30513,1.0
30514,30515,1.0
30519,30591,1.0
30521,34916,1.0
30521,32624,1.0
30522,34268,1.0
30527,31062,1.0
30543,31030,1.0
30544,33784,1.0
30544,34374,1.0
30544,31869,1.0
30544,34857,1.0
30544,34373,1.0
30546,31169,1.0
30547,31653,1.0
30549,31325,1.0
30553,35319,1.0
30554,30555,1.0
30557,30558,1.0
30559,30560,1.0
30563,32410,1.0
30564,30565,1.0
30564,33065,1.0
30564,35825,1.0
30567,36459,1.0
30579,32958,1.0
30579,37205,1.0
30579,34612,1.0
30579,34794,1.0
30584,34788,1.0
30584,32183,1.0
30589,36603,1.0
30593,36457,1.0
30595,34231,1.0
30596,31831,1.0
30607,32207,1.0
30611,37435,1.0
30612,33574,1.0
30614,32150,1.0
30614,33982,1.0
30616,34513,1.0
30618,30619,1.0
30626,35059,1.0
30626,36291,1.0
30633,31207,1.0
30642,30643,1.0
30645,30646,1.0
30645,36827,1.0
30645,33524,1.0
30645,32055,1.0
30646,31020,1.0
30654,32829,1.0
30657,33818,1.0
30657,33819,1.0
30658,37621,1.0
30660,30661,1.0
30662,34131,1.0
30673,30674,1.0
30673,37448,1.0
30678,35831,1.0
30681,31747,1.0
30683,32954,1.0
30690,35682,1.0
30690,33646,1.0
30690,36326,1.0
30694,33966,1.0
30699,30700,1.0
30700,30826,1.0
30700,33071,1.0
30700,30827,1.0
30704,30815,1.0
30705,36109,1.0
30707,30708,1.0
30714,30715,1.0
30714,34775,1.0
30714,35432,1.0
30716,30717,1.0
30721,37187,1.0
30722,31956,1.0
30726,30727,1.0
30728,31602,1.0
30730,31777,1.0
30731,31842,1.0
30731,37481,1.0
30735,35603,1.0
30735,34627,1.0
30736,30737,1.0
30739,30740,1.0
30742,34197,1.0
30748,31268,1.0
30750,33056,1.0
30755,31282,1.0
30758,37486,1.0
30759,33722,1.0
30759,31274,1.0
30760,34787,1.0
30764,30765,1.0
30768,30820,1.0
30769,31426,1.0
30769,35288,1.0
30769,33357,1.0
30770,30771,1.0
30772,30773,1.0
30773,30774,1.0
30773,35378,1.0
30773,32359,1.0
30776,30777,1.0
30778,32705,1.0
30780,33074,1.0
30784,30785,1.0
30785,34748,1.0
30785,37301,1.0
30789,33616,1.0
30792,30793,1.0
30795,30796,1.0
30800,33024,1.0
30801,30802,1.0
30803,31691,1.0
30805,30806,1.0
30809,31278,1.0
30817,34432,1.0
30818,33384,1.0
30818,30919,1.0
30820,34324,1.0
30820,32614,1.0
30822,30823,1.0
30824,33518,1.0
30824,35731,1.0
30829,35822,1.0
30829,37072,1.0
30829,35327,1.0
30833,30834,1.0
30833,36825,1.0
30835,30836,1.0
30837,30838,1.0
30840,30841,1.0
30842,35960,1.0
30843,37090,1.0
30845,30846,1.0
30849,35510,1.0
30851,32210,1.0
30852,31301,1.0
30856,32881,1.0
30856,32777,1.0
30859,35601,1.0
30859,35346,1.0
30867,33308,1.0
30871,37313,1.0
30871,37157,1.0
30871,32029,1.0
30871,34266,1.0
30875,30876,1.0
30875,30877,1.0
30878,30879,1.0
30878,37144,1.0
30886,34593,1.0
30888,30889,1.0
30888,32889,1.0
30888,33313,1.0
30892,32056,1.0
30896,30897,1.0
30898,30899,1.0
30902,33158,1.0
30909,30910,1.0
30913,30914,1.0
30920,32793,1.0
30929,30930,1.0
30934,30935,1.0
30937,33868,1.0
30941,36174,1.0
30941,32048,1.0
30944,36536,1.0
30951,31154,1.0
30954,30955,1.0
30954,34934,1.0
30958,30959,1.0
30959,35292,1.0
30960,31040,1.0
30961,30962,1.0
30965,30966,1.0
30970,30971,1.0
30979,30980,1.0
30980,30981,1.0
30980,36096,1.0
30981,34118,1.0
30983,30984,1.0
30990,30991,1.0
30990,32411,1.0
30990,33636,1.0
30990,35201,1.0
30992,30993,1.0
30993,34569,1.0
31001,32511,1.0
31007,31008,1.0
31008,31009,1.0
31009,34178,1.0
31012,31147,1.0
31013,34187,1.0
31013,36141,1.0
31021,31022,1.0
31021,32387,1.0
31024,32293,1.0
31028,36173,1.0
31028,36980,1.0
31035,36976,1.0
31035,32649,1.0
31035,31532,1.0
31037,31038,1.0
31038,31690,1.0
31043,32233,1.0
31043,32779,1.0
31044,31656,1.0
31045,33444,1.0
31049,35636,1.0
31051,32230,1.0
31054,31055,1.0
31055,31056,1.0
31055,33371,1.0
31058,31059,1.0
31066,31067,1.0
31066,34244,1.0
31067,31502,1.0
31072,31073,1.0
31075,31076,1.0
31078,31155,1.0
31081,35243,1.0
31088,31089,1.0
31091,31092,1.0
31096,31535,1.0
31100,32295,1.0
31101,31102,1.0
31106,31107,1.0
31118,31119,1.0
31121,37527,1.0
31124,37521,1.0
31124,37611,1.0
31134,34098,1.0
31137,31371,1.0
31143,31144,1.0
31145,31146,1.0
31147,31939,1.0
31162,31163,1.0
31166,31167,1.0
31171,36269,1.0
31171,34578,1.0
31177,37551,1.0
31179,32238,1.0
31182,31427,1.0
31184,32992,1.0
31186,36735,1.0
31186,33283,1.0
31186,33185,1.0
31188,31189,1.0
31188,32759,1.0
31188,33645,1.0
31188,36753,1.0
31204,31205,1.0
31204,33364,1.0
31206,34836,1.0
31216,34624,1.0
31217,32646,1.0
31218,31219,1.0
31220,31221,1.0
31220,33411,1.0
31220,34331,1.0
31226,34221,1.0
31226,36654,1.0
31231,32444,1.0
31231,32955,1.0
31245,31329,1.0
31245,31559,1.0
31245,31785,1.0
31245,31468,1.0
31246,37647,1.0
31247,35799,1.0
31256,36770,1.0
31256,36256,1.0
31261,31262,1.0
31265,31266,1.0
31272,33560,1.0
31278,37575,1.0
31279,31280,1.0
31282,33182,1.0
31293,31294,1.0
31298,31299,1.0
31301,35150,1.0
31303,36169,1.0
31304,31305,1.0
31306,36162,1.0
31307,31308,1.0
31310,34032,1.0
31310,37626,1.0
31312,35384,1.0
31314,31315,1.0
31315,31906,1.0
31315,33265,1.0
31321,31322,1.0
31325,31955,1.0
31325,37031,1.0
31325,36184,1.0
31325,32850,1.0
31330,36995,1.0
31330,34717,1.0
31331,36861,1.0
31336,31337,1.0
31345,31346,1.0
31349,31350,1.0
31350,31351,1.0
31350,31599,1.0
31356,31690,1.0
31356,35629,1.0
31363,31364,1.0
31365,31994,1.0
31367,31368,1.0
31375,31376,1.0
31378,32045,1.0
31381,33148,1.0
31382,31383,1.0
31389,31406,1.0
31390,37515,1.0
31393,32060,1.0
31393,36414,1.0
31394,36965,1.0
31394,33730,1.0
31396,34859,1.0
31406,31407,1.0
31406,35043,1.0
31407,34074,1.0
31422,32942,1.0
31431,32727,1.0
31436,31437,1.0
31437,33287,1.0
31437,33359,1.0
31437,36245,1.0
31442,34770,1.0
31451,37377,1.0
31459,35030,1.0
31464,31465,1.0
31466,34881,1.0
31468,34156,1.0
31477,34685,1.0
31479,31480,1.0
31479,33919,1.0
31483,32415,1.0
31487,31488,1.0
31492,31493,1.0
31494,31495,1.0
31494,31744,1.0
31496,32819,1.0
31497,31498,1.0
31500,31501,1.0
31512,33234,1.0
31516,31535,1.0
31519,31520,1.0
31528,31529,1.0
31530,31531,1.0
31532,32736,1.0
31532,35340,1.0
31534,31751,1.0
31538,31539,1.0
31539,31540,1.0
31547,31548,1.0
31547,33319,1.0
31550,31879,1.0
31551,34830,1.0
31551,33471,1.0
31551,35298,1.0
31551,32731,1.0
31552,32673,1.0
31552,35602,1.0
31556,31557,1.0
31557,34047,1.0
31557,34048,1.0
31562,31563,1.0
31569,33883,1.0
31569,32475,1.0
31571,35897,1.0
31572,31573,1.0
31578,31579,1.0
31580,36915,1.0
31587,31588,1.0
31588,32044,1.0
31588,34412,1.0
31588,34413,1.0
31589,34017,1.0
31590,31591,1.0
31598,32154,1.0
31606,32025,1.0
31606,34993,1.0
31614,31615,1.0
31616,31617,1.0
31618,31619,1.0
31618,32949,1.0
31622,34299,1.0
31627,33069,1.0
31638,31639,1.0
31640,31641,1.0
31654,34720,1.0
31657,32855,1.0
31662,31663,1.0
31670,33112,1.0
31670,34731,1.0
31670,31961,1.0
31673,33763,1.0
31674,33397,1.0
31675,33217,1.0
31684,33926,1.0
31684,33906,1.0
31686,32945,1.0
31686,37494,1.0
31686,35044,1.0
31692,35608,1.0
31694,35056,1.0
31699,31700,1.0
31712,31713,1.0
31713,33246,1.0
31728,34786,1.0
31729,31730,1.0
31738,33616,1.0
31742,33867,1.0
31745,37220,1.0
31750,32703,1.0
31751,33124,1.0
31753,37447,1.0
31754,31755,1.0
31760,34323,1.0
31761,33443,1.0
31767,34847,1.0
31768,31769,1.0
31771,31772,1.0
31772,31773,1.0
31781,31782,1.0
31781,37416,1.0
31784,36868,1.0
31789,31790,1.0
31791,31792,1.0
31798,31799,1.0
31815,36151,1.0
31815,33547,1.0
31816,34381,1.0
31820,31821,1.0
31825,35326,1.0
31826,36330,1.0
31831,33249,1.0
31835,31836,1.0
31836,31837,1.0
31844,31845,1.0
31848,37652,1.0
31849,31850,1.0
31854,37327,1.0
31854,34690,1.0
31865,32032,1.0
31866,34568,1.0
31873,35820,1.0
31883,31884,1.0
31886,34169,1.0
31888,31889,1.0
31897,31898,1.0
31898,31899,1.0
31898,35193,1.0
31899,35220,1.0
31899,35221,1.0
31899,31900,1.0
31901,31902,1.0
31905,34526,1.0
31905,34247,1.0
31907,31908,1.0
31913,31914,1.0
31921,33886,1.0
31923,31924,1.0
31928,37600,1.0
31928,37357,1.0
31934,34257,1.0
31935,32823,1.0
31936,31937,1.0
31940,35066,1.0
31944,31945,1.0
31945,33818,1.0
31947,31948,1.0
31947,35896,1.0
31949,31950,1.0
31954,35670,1.0
31956,36234,1.0
31958,36806,1.0
31958,33749,1.0
31961,37580,1.0
31962,33632,1.0
31964,31965,1.0
31968,33016,1.0
31969,31970,1.0
31969,34153,1.0
31983,34135,1.0
31983,34810,1.0
31988,37006,1.0
31989,31990,1.0
31990,31991,1.0
31996,31997,1.0
32008,32009,1.0
32013,33934,1.0
32015,32016,1.0
32016,36509,1.0
32016,35529,1.0
32025,36368,1.0
32026,33101,1.0
32030,32031,1.0
32032,32033,1.0
32033,33389,1.0
32034,36150,1.0
32035,32036,1.0
32035,37571,1.0
32042,32043,1.0
32043,32583,1.0
32043,32044,1.0
32044,34889,1.0
32044,35526,1.0
32044,36471,1.0
32045,36459,1.0
32045,36716,1.0
32050,32259,1.0
32054,32055,1.0
32055,33219,1.0
32055,37244,1.0
32056,32295,1.0
32056,33782,1.0
32066,32067,1.0
32070,37054,1.0
32071,32072,1.0
32072,33189,1.0
32072,34542,1.0
32073,32074,1.0
32093,36543,1.0
32094,32095,1.0
32098,32099,1.0
32099,33519,1.0
32102,32973,1.0
32103,32104,1.0
32107,33389,1.0
32108,33383,1.0
32114,32468,1.0
32120,32121,1.0
32130,34375,1.0
32136,32137,1.0
32146,33339,1.0
32147,32148,1.0
32147,32149,1.0
32150,34087,1.0
32150,36443,1.0
32150,34841,1.0
32151,32152,1.0
32158,34981,1.0
32158,36346,1.0
32160,32161,1.0
32163,32164,1.0
32163,32165,1.0
32168,32169,1.0
32175,37173,1.0
32183,32184,1.0
32183,34224,1.0
32186,35161,1.0
32186,34369,1.0
32186,35318,1.0
32189,32190,1.0
32195,34310,1.0
32196,33079,1.0
32198,32199,1.0
32201,32202,1.0
32207,34514,1.0
32210,32211,1.0
32210,35975,1.0
32216,35642,1.0
32226,32227,1.0
32229,37155,1.0
32230,36523,1.0
32231,33358,1.0
32248,36984,1.0
32250,32251,1.0
32256,32512,1.0
32259,33920,1.0
32262,32263,1.0
32264,33527,1.0
32268,33064,1.0
32270,32643,1.0
32271,33632,1.0
32277,37568,1.0
32278,32279,1.0
32280,35987,1.0
32284,32285,1.0
32284,35868,1.0
32287,32288,1.0
32294,35969,1.0
32299,35770,1.0
32300,33594,1.0
32309,37126,1.0
32310,36002,1.0
32312,33167,1.0
32314,35364,1.0
32314,34558,1.0
32325,36814,1.0
32325,34028,1.0
32327,32328,1.0
32327,32822,1.0
32340,35371,1.0
32340,34556,1.0
32340,33662,1.0
32345,33268,1.0
32359,35320,1.0
32366,32367,1.0
32369,34346,1.0
32377,35605,1.0
32382,36926,1.0
32389,34136,1.0
32392,32393,1.0
32401,32402,1.0
32403,34104,1.0
32407,34577,1.0
32407,32803,1.0
32415,36967,1.0
32422,32423,1.0
32422,33096,1.0
32422,33392,1.0
32433,32451,1.0
32445,32446,1.0
32445,33658,1.0
32445,33659,1.0
32451,33312,1.0
32453,34039,1.0
32455,32456,1.0
32461,34854,1.0
32463,33099,1.0
32463,35197,1.0
32468,34335,1.0
32471,33097,1.0
32479,32480,1.0
32481,35176,1.0
32486,32487,1.0
32496,36866,1.0
32504,32505,1.0
32507,32508,1.0
32519,35310,1.0
32521,32522,1.0
32527,35353,1.0
32528,33738,1.0
32529,32530,1.0
32532,32533,1.0
32538,34986,1.0
32539,36752,1.0
32543,35767,1.0
32545,32546,1.0
32550,37362,1.0
32550,32951,1.0
32554,34715,1.0
32558,35750,1.0
32562,35824,1.0
32567,32568,1.0
32579,32580,1.0
32584,32585,1.0
32588,33429,1.0
32588,33452,1.0
32588,33300,1.0
32591,32592,1.0
32595,32596,1.0
32597,34083,1.0
32606,35422,1.0
32609,34878,1.0
32615,36183,1.0
32618,33256,1.0
32618,37566,1.0
32626,34758,1.0
32631,32632,1.0
32633,35964,1.0
32634,33797,1.0
32634,35308,1.0
32635,35030,1.0
32637,36977,1.0
32637,37101,1.0
32643,36226,1.0
32643,36298,1.0
32646,33526,1.0
32646,36717,1.0
32658,33392,1.0
32661,34368,1.0
32666,33396,1.0
32668,34552,1.0
32671,32672,1.0
32673,32749,1.0
32679,34547,1.0
32682,32683,1.0
32691,32966,1.0
32693,33542,1.0
32699,34551,1.0
32699,36231,1.0
32700,37224,1.0
32707,35408,1.0
32708,36435,1.0
32714,32715,1.0
32716,34062,1.0
32726,36210,1.0
32731,33796,1.0
32731,35430,1.0
32734,34025,1.0
32738,33171,1.0
32738,36553,1.0
32740,32741,1.0
32742,32743,1.0
32748,34694,1.0
32750,35206,1.0
32750,33272,1.0
32760,32761,1.0
32762,35479,1.0
32768,33449,1.0
32770,36405,1.0
32773,34790,1.0
32781,32782,1.0
32783,32784,1.0
32786,32787,1.0
32789,32790,1.0
32791,32792,1.0
32793,36160,1.0
32795,37315,1.0
32795,36944,1.0
32805,34611,1.0
32808,32809,1.0
32819,35798,1.0
32835,37115,1.0
32841,35972,1.0
32842,33332,1.0
32842,37250,1.0
32857,32858,1.0
32862,35685,1.0
32863,34862,1.0
32863,35988,1.0
32864,37039,1.0
32864,33988,1.0
32864,35837,1.0
32868,32997,1.0
32872,32873,1.0
32873,34709,1.0
32873,35679,1.0
32873,37215,1.0
32875,36312,1.0
32877,37615,1.0
32887,32888,1.0
32887,32895,1.0
32897,32898,1.0
32899,32900,1.0
32910,37441,1.0
32911,35532,1.0
32913,32914,1.0
32913,33538,1.0
32927,34313,1.0
32929,36514,1.0
32931,35351,1.0
32950,34728,1.0
32960,32961,1.0
32962,32963,1.0
32984,33230,1.0
33003,35809,1.0
33005,33006,1.0
33010,37092,1.0
33012,37604,1.0
33016,37283,1.0
33020,33021,1.0
33025,36006,1.0
33029,33833,1.0
33032,33033,1.0
33038,35434,1.0
33049,33050,1.0
33053,33054,1.0
33054,34125,1.0
33060,33061,1.0
33062,33063,1.0
33068,33069,1.0
33071,33072,1.0
33076,33077,1.0
33081,37340,1.0
33087,37655,1.0
33088,35848,1.0
33092,36732,1.0
33098,36974,1.0
33100,34729,1.0
33105,37477,1.0
33112,36207,1.0
33113,34157,1.0
33114,33115,1.0
33116,34105,1.0
33121,34528,1.0
33136,34006,1.0
33138,33139,1.0
33145,33929,1.0
33169,34562,1.0
33187,33188,1.0
33192,36059,1.0
33202,34318,1.0
33203,33204,1.0
33204,35678,1.0
33207,35477,1.0
33207,33900,1.0
33217,33218,1.0
33217,36952,1.0
33222,33637,1.0
33224,34765,1.0
33225,34989,1.0
33227,33228,1.0
33232,33233,1.0
33233,33881,1.0
33242,37108,1.0
33242,37569,1.0
33260,34538,1.0
33260,36037,1.0
33278,33279,1.0
33278,34532,1.0
33278,35388,1.0
33278,37374,1.0
33286,37564,1.0
33302,35251,1.0
33305,33306,1.0
33316,33317,1.0
33327,35980,1.0
33327,34898,1.0
33331,33332,1.0
33344,36351,1.0
33351,33352,1.0
33355,33528,1.0
33361,33362,1.0
33367,36351,1.0
33375,33376,1.0
33380,33381,1.0
33391,33392,1.0
33402,33550,1.0
33405,33406,1.0
33407,33408,1.0
33409,33669,1.0
33409,35893,1.0
33409,37227,1.0
33421,33422,1.0
33423,36820,1.0
33429,35990,1.0
33433,33434,1.0
33438,33439,1.0
33441,33442,1.0
33454,33455,1.0
33457,33458,1.0
33459,37029,1.0
33461,37326,1.0
33472,33473,1.0
33478,33479,1.0
33480,35416,1.0
33494,34714,1.0
33499,35538,1.0
33502,36038,1.0
33503,33504,1.0
33505,35879,1.0
33507,33557,1.0
33512,33550,1.0
33515,37470,1.0
33520,34235,1.0
33529,33530,1.0
33541,34404,1.0
33542,34139,1.0
33545,33546,1.0
33551,34302,1.0
33552,36044,1.0
33564,33565,1.0
33568,33569,1.0
33568,35512,1.0
33570,34694,1.0
33577,33578,1.0
33581,37661,1.0
33586,33587,1.0
33590,33591,1.0
33592,33593,1.0
33599,33600,1.0
33607,35108,1.0
33612,33689,1.0
33615,36485,1.0
33623,33624,1.0
33628,33629,1.0
33637,34632,1.0
33640,33641,1.0
33644,36257,1.0
33649,36490,1.0
33651,33652,1.0
33654,35646,1.0
33657,35038,1.0
33665,33666,1.0
33676,34082,1.0
33692,33693,1.0
33695,37218,1.0
33701,33702,1.0
33703,33704,1.0
33705,36650,1.0
33709,33710,1.0
33710,35656,1.0
33710,37170,1.0
33712,33713,1.0
33713,34357,1.0
33713,35448,1.0
33715,33716,1.0
33717,34383,1.0
33719,33720,1.0
33749,35949,1.0
33756,34842,1.0
33759,34935,1.0
33760,33761,1.0
33779,36811,1.0
33780,35341,1.0
33801,33802,1.0
33804,33805,1.0
33806,34907,1.0
33814,33815,1.0
33817,33818,1.0
33823,33824,1.0
33829,33830,1.0
33836,33837,1.0
33838,33839,1.0
33849,33850,1.0
33852,33853,1.0
33856,36932,1.0
33863,33864,1.0
33868,35209,1.0
33869,33870,1.0
33889,33890,1.0
33895,35908,1.0
33910,33911,1.0
33930,33974,1.0
33933,35523,1.0
33940,33941,1.0
33942,36404,1.0
33948,33949,1.0
33952,33953,1.0
33964,33965,1.0
33968,33969,1.0
33970,33971,1.0
33997,34269,1.0
33999,35357,1.0
34013,34014,1.0
34023,36172,1.0
34027,34544,1.0
34043,34044,1.0
34059,34060,1.0
34067,34068,1.0
34070,34071,1.0
34076,34077,1.0
34083,37420,1.0
34089,34090,1.0
34095,34096,1.0
34101,37240,1.0
34105,37590,1.0
34107,34108,1.0
34109,34110,1.0
34111,36402,1.0
34112,34113,1.0
34114,34115,1.0
34119,34122,1.0
34120,34121,1.0
34126,34127,1.0
34157,36281,1.0
34163,34164,1.0
34165,37608,1.0
34166,34167,1.0
34166,34320,1.0
34179,35078,1.0
34179,36211,1.0
34190,34191,1.0
34191,34781,1.0
34196,35674,1.0
34198,34199,1.0
34202,34203,1.0
34209,36848,1.0
34210,34211,1.0
34213,34214,1.0
34216,34607,1.0
34226,34227,1.0
34237,34464,1.0
34238,34239,1.0
34240,34241,1.0
34245,34246,1.0
34264,34265,1.0
34280,34281,1.0
34284,34285,1.0
34294,35847,1.0
34306,34307,1.0
34308,34309,1.0
34318,37556,1.0
34322,36243,1.0
34322,35716,1.0
34328,34329,1.0
34365,34366,1.0
34368,34928,1.0
34369,34791,1.0
34369,36284,1.0
34371,34372,1.0
34380,36590,1.0
34383,34384,1.0
34391,35061,1.0
34395,34912,1.0
34395,35759,1.0
34397,34398,1.0
34399,34400,1.0
34414,34415,1.0
34418,34419,1.0
34424,35232,1.0
34426,35121,1.0
34429,34618,1.0
34447,36530,1.0
34455,34456,1.0
34465,35387,1.0
34467,34468,1.0
34480,34805,1.0
34500,34501,1.0
34508,34509,1.0
34511,34512,1.0
34516,34517,1.0
34519,35559,1.0
34521,34522,1.0
34535,34536,1.0
34555,34603,1.0
34555,36060,1.0
34558,34905,1.0
34570,34571,1.0
34580,34966,1.0
34590,34591,1.0
34617,35321,1.0
34630,36307,1.0
34630,37221,1.0
34636,35350,1.0
34640,34641,1.0
34642,35191,1.0
34642,37499,1.0
34666,34667,1.0
34672,37405,1.0
34685,35475,1.0
34694,36007,1.0
34701,34702,1.0
34716,34996,1.0
34716,36812,1.0
34743,35295,1.0
34744,34745,1.0
34747,36925,1.0
34751,34968,1.0
34755,34756,1.0
34761,35751,1.0
34762,34763,1.0
34766,34767,1.0
34771,34772,1.0
34773,34774,1.0
34784,34785,1.0
34807,34808,1.0
34812,34813,1.0
34815,34816,1.0
34818,35727,1.0
34819,34820,1.0
34821,36365,1.0
34822,34823,1.0
34824,34825,1.0
34826,34827,1.0
34828,34829,1.0
34832,35584,1.0
34840,35252,1.0
34841,35373,1.0
34841,36215,1.0
34843,34844,1.0
34845,34846,1.0
34864,34865,1.0
34890,34891,1.0
34912,35569,1.0
34917,35651,1.0
34930,35102,1.0
34938,34939,1.0
34942,34943,1.0
34948,36578,1.0
34949,34950,1.0
34963,34964,1.0
34965,36724,1.0
34971,34972,1.0
34982,35801,1.0
35002,35003,1.0
35008,37483,1.0
35015,35016,1.0
35017,35018,1.0
35036,35037,1.0
35041,35042,1.0
35045,35046,1.0
35054,36895,1.0
35057,35705,1.0
35060,37577,1.0
35061,36701,1.0
35071,35072,1.0
35081,35082,1.0
35088,35089,1.0
35094,35095,1.0
35100,35101,1.0
35107,35816,1.0
35109,35110,1.0
35125,35126,1.0
35142,37567,1.0
35144,35987,1.0
35155,35156,1.0
35160,36047,1.0
35160,36336,1.0
35160,36093,1.0
35160,36817,1.0
35162,35366,1.0
35164,36790,1.0
35167,35168,1.0
35177,35178,1.0
35180,35181,1.0
35183,35184,1.0
35187,35925,1.0
35191,36252,1.0
35211,35348,1.0
35212,35213,1.0
35222,35223,1.0
35229,35230,1.0
35238,36389,1.0
35244,35924,1.0
35257,35258,1.0
35261,35262,1.0
35278,35279,1.0
35281,35282,1.0
35305,36511,1.0
35306,35307,1.0
35311,36470,1.0
35315,35316,1.0
35323,35324,1.0
35332,35333,1.0
35337,35436,1.0
35368,35369,1.0
35374,35375,1.0
35379,35380,1.0
35381,35382,1.0
35385,37103,1.0
35391,35392,1.0
35395,35396,1.0
35403,35404,1.0
35430,35531,1.0
35430,35481,1.0
35433,35677,1.0
35435,35436,1.0
35447,35448,1.0
35448,37482,1.0
35454,35455,1.0
35462,35911,1.0
35468,35469,1.0
35490,35491,1.0
35494,35495,1.0
35495,35777,1.0
35504,35505,1.0
35507,35508,1.0
35511,37171,1.0
35512,35869,1.0
35516,35517,1.0
35518,35519,1.0
35524,35525,1.0
35549,35550,1.0
35553,36410,1.0
35562,35563,1.0
35573,35574,1.0
35586,35587,1.0
35619,35620,1.0
35624,36099,1.0
35630,36442,1.0
35630,37389,1.0
35634,35635,1.0
35638,35639,1.0
35646,37166,1.0
35653,35654,1.0
35659,36486,1.0
35661,35662,1.0
35664,35665,1.0
35676,36982,1.0
35680,37472,1.0
35686,35687,1.0
35697,35930,1.0
35709,35710,1.0
35713,35714,1.0
35722,35723,1.0
35733,35734,1.0
35739,35740,1.0
35745,35746,1.0
35757,35758,1.0
35771,35772,1.0
35772,35773,1.0
35784,35785,1.0
35787,35788,1.0
35794,35795,1.0
35796,37367,1.0
35806,35807,1.0
35812,35813,1.0
35826,35827,1.0
35836,36986,1.0
35849,35850,1.0
35851,35852,1.0
35857,35858,1.0
35864,35865,1.0
35866,35867,1.0
35872,36098,1.0
35873,35874,1.0
35890,35891,1.0
35904,36058,1.0
35923,36296,1.0
35937,35938,1.0
35940,35941,1.0
35951,35952,1.0
35954,36262,1.0
35957,35958,1.0
35973,35974,1.0
35981,36432,1.0
35983,36894,1.0
35987,36562,1.0
35992,35993,1.0
36004,36005,1.0
36015,36016,1.0
36021,36022,1.0
36046,37635,1.0
36051,36052,1.0
36053,36054,1.0
36071,36072,1.0
36077,36078,1.0
36090,36091,1.0
36093,36987,1.0
36094,36352,1.0
36104,36158,1.0
36104,37038,1.0
36105,36106,1.0
36120,36121,1.0
36129,36130,1.0
36133,36134,1.0
36138,36139,1.0
36153,36154,1.0
36154,36155,1.0
36179,36180,1.0
36186,36187,1.0
36199,36200,1.0
36217,36218,1.0
36223,36224,1.0
36233,36828,1.0
36235,36236,1.0
36235,37018,1.0
36237,36238,1.0
36271,36272,1.0
36300,36301,1.0
36302,36303,1.0
36305,36306,1.0
36323,36324,1.0
36343,36344,1.0
36354,36355,1.0
36355,36449,1.0
36366,36367,1.0
36374,36375,1.0
36384,36385,1.0
36390,36391,1.0
36394,36395,1.0
36398,37509,1.0
36400,36401,1.0
36408,36409,1.0
36412,36413,1.0
36421,36422,1.0
36440,36441,1.0
36455,36456,1.0
36463,36464,1.0
36467,36468,1.0
36472,36473,1.0
36475,36476,1.0
36487,36488,1.0
36501,36951,1.0
36504,36505,1.0
36512,36513,1.0
36518,36519,1.0
36529,36606,1.0
36541,36542,1.0
36547,37147,1.0
36557,37591,1.0
36576,36577,1.0
36579,36580,1.0
36586,36587,1.0
36588,36589,1.0
36595,36774,1.0
36598,36599,1.0
36608,36609,1.0
36610,37331,1.0
36612,36613,1.0
36614,36615,1.0
36620,36621,1.0
36623,36624,1.0
36644,36645,1.0
36648,36649,1.0
36662,36663,1.0
36685,36686,1.0
36687,36688,1.0
36691,36692,1.0
36694,36695,1.0
36696,36697,1.0
36747,36748,1.0
36749,37290,1.0
36756,36757,1.0
36759,36760,1.0
36767,36768,1.0
36775,36776,1.0
36779,36780,1.0
36785,36786,1.0
36787,36788,1.0
36795,36796,1.0
36801,37057,1.0
36807,37517,1.0
36809,36810,1.0
36823,36824,1.0
36835,36836,1.0
36846,36847,1.0
36852,36853,1.0
36854,36855,1.0
36859,36860,1.0
36874,37248,1.0
36876,36877,1.0
36878,37650,1.0
36879,36880,1.0
36881,36882,1.0
36883,36884,1.0
36890,36891,1.0
36935,36936,1.0
36940,36941,1.0
36953,36954,1.0
36964,37429,1.0
36969,36970,1.0
36985,37645,1.0
36991,36992,1.0
36994,37279,1.0
36998,36999,1.0
37000,37001,1.0
37013,37014,1.0
37018,37019,1.0
37021,37022,1.0
37026,37027,1.0
37042,37288,1.0
37049,37050,1.0
37052,37053,1.0
37063,37064,1.0
37065,37066,1.0
37074,37075,1.0
37077,37078,1.0
37081,37082,1.0
37087,37088,1.0
37094,37095,1.0
37098,37099,1.0
37110,37111,1.0
37117,37118,1.0
37132,37133,1.0
37148,37149,1.0
37188,37189,1.0
37194,37195,1.0
37200,37201,1.0
37208,37209,1.0
37222,37223,1.0
37230,37231,1.0
37232,37233,1.0
37251,37252,1.0
37254,37255,1.0
37261,37262,1.0
37272,37273,1.0
37277,37278,1.0
37280,37281,1.0
37286,37287,1.0
37303,37304,1.0
37319,37320,1.0
37349,37537,1.0
37360,37361,1.0
37379,37380,1.0
37403,37404,1.0
37424,37425,1.0
37444,37445,1.0
37456,37457,1.0
37458,37459,1.0
37460,37461,1.0
37496,37497,1.0
37507,37508,1.0
37535,37536,1.0
37542,37543,1.0
37582,37583,1.0
37587,37588,1.0
37594,37595,1.0
37598,37599,1.0
37623,37624,1.0
37629,37630,1.0
37633,37634,1.0
37638,37639,1.0
37648,37649,1.0
37656,37657,1.0
37658,37659,1.0
