Source,Target,Weight
0,1,1.0
0,2489,1.0
0,9563,1.0
0,10059,1.0
1,9324,1.0
1,3936,1.0
1,4903,1.0
2,3,1.0
2,6412,1.0
2,9769,1.0
3,4109,1.0
3,13119,1.0
3,10396,1.0
4,5,1.0
4,4364,1.0
4,10074,1.0
6,1093,1.0
6,16810,1.0
6,10830,1.0
7,8,1.0
7,12988,1.0
7,12409,1.0
7,7669,1.0
8,8264,1.0
8,7737,1.0
8,10352,1.0
9,10,1.0
9,4429,1.0
9,13210,1.0
9,10689,1.0
11,12,1.0
11,778,1.0
11,2837,1.0
11,12194,1.0
12,17521,1.0
12,2838,1.0
13,168,1.0
13,7300,1.0
13,16144,1.0
14,15,1.0
14,9888,1.0
14,11211,1.0
14,142,1.0
15,8452,1.0
15,320,1.0
15,17711,1.0
16,17,1.0
16,1124,1.0
16,12835,1.0
17,1383,1.0
17,12614,1.0
17,13006,1.0
17,10535,1.0
18,19,1.0
18,8647,1.0
18,4712,1.0
18,11721,1.0
19,13874,1.0
19,8654,1.0
20,21,1.0
21,7431,1.0
21,1761,1.0
21,6619,1.0
22,23,1.0
22,9326,1.0
22,9928,1.0
23,11914,1.0
23,2294,1.0
24,25,1.0
24,1496,1.0
24,1091,1.0
24,12626,1.0
25,8261,1.0
25,9529,1.0
25,3181,1.0
26,27,1.0
26,2591,1.0
26,5323,1.0
27,6251,1.0
27,10511,1.0
28,29,1.0
28,408,1.0
28,6396,1.0
29,3389,1.0
29,14180,1.0
30,31,1.0
30,2045,1.0
30,10093,1.0
31,5911,1.0
31,3067,1.0
32,33,1.0
32,8126,1.0
32,2641,1.0
33,5962,1.0
33,9239,1.0
34,35,1.0
34,6156,1.0
34,4893,1.0
34,16680,1.0
35,8296,1.0
35,2585,1.0
35,11357,1.0
36,37,1.0
36,7270,1.0
36,15300,1.0
36,15305,1.0
37,778,1.0
37,13448,1.0
37,17758,1.0
38,39,1.0
38,1694,1.0
38,2226,1.0
38,10799,1.0
39,4128,1.0
39,13239,1.0
39,8304,1.0
40,41,1.0
40,6330,1.0
40,1738,1.0
41,6331,1.0
41,1570,1.0
42,43,1.0
42,4578,1.0
42,11783,1.0
42,18248,1.0
43,9405,1.0
43,19720,1.0
43,4579,1.0
44,45,1.0
44,10398,1.0
44,11303,1.0
45,6872,1.0
45,19264,1.0
46,47,1.0
46,8244,1.0
46,12730,1.0
46,11474,1.0
47,3469,1.0
47,10188,1.0
47,11740,1.0
48,49,1.0
48,2947,1.0
48,5455,1.0
49,11348,1.0
49,5837,1.0
50,51,1.0
50,3357,1.0
50,6990,1.0
50,16762,1.0
51,11672,1.0
51,17513,1.0
51,17520,1.0
52,53,1.0
52,4611,1.0
52,5507,1.0
52,14166,1.0
53,1504,1.0
53,8687,1.0
53,1186,1.0
54,7278,1.0
55,56,1.0
55,818,1.0
55,10822,1.0
56,14115,1.0
56,12698,1.0
57,58,1.0
57,3640,1.0
57,3971,1.0
57,13694,1.0
58,283,1.0
58,3578,1.0
58,12320,1.0
59,60,1.0
59,129,1.0
59,1588,1.0
59,6008,1.0
60,3482,1.0
60,6661,1.0
60,1587,1.0
61,62,1.0
61,11469,1.0
61,912,1.0
61,2835,1.0
62,2836,1.0
62,8958,1.0
63,64,1.0
63,14667,1.0
63,20134,1.0
64,14276,1.0
64,14358,1.0
65,66,1.0
65,6664,1.0
65,17491,1.0
67,68,1.0
67,12080,1.0
67,12265,1.0
67,14177,1.0
69,70,1.0
69,10887,1.0
69,12033,1.0
71,72,1.0
71,13303,1.0
71,12609,1.0
72,14781,1.0
72,14158,1.0
73,74,1.0
73,4695,1.0
73,5571,1.0
73,13457,1.0
74,3722,1.0
74,9950,1.0
74,14834,1.0
75,76,1.0
75,5227,1.0
75,13560,1.0
75,14818,1.0
76,1602,1.0
76,7024,1.0
76,13976,1.0
77,78,1.0
77,17729,1.0
77,3171,1.0
78,1145,1.0
78,7383,1.0
79,80,1.0
79,4779,1.0
79,5637,1.0
79,11736,1.0
80,11359,1.0
80,14289,1.0
81,82,1.0
81,2570,1.0
81,10684,1.0
81,6838,1.0
82,2869,1.0
82,9392,1.0
82,2541,1.0
83,84,1.0
83,9758,1.0
83,3030,1.0
83,8165,1.0
83,3029,1.0
84,2044,1.0
84,6434,1.0
85,86,1.0
85,4675,1.0
85,10354,1.0
85,3041,1.0
86,8303,1.0
86,7795,1.0
86,11734,1.0
87,88,1.0
87,1574,1.0
87,7441,1.0
87,4794,1.0
88,3543,1.0
88,8373,1.0
89,90,1.0
89,4271,1.0
89,4946,1.0
89,15170,1.0
90,124,1.0
90,13557,1.0
90,268,1.0
91,92,1.0
91,738,1.0
91,3441,1.0
92,738,1.0
92,14216,1.0
93,94,1.0
93,10933,1.0
93,14389,1.0
94,272,1.0
94,1572,1.0
94,14227,1.0
95,96,1.0
95,153,1.0
95,11693,1.0
95,6096,1.0
96,4059,1.0
96,775,1.0
96,19210,1.0
97,98,1.0
97,4056,1.0
97,4522,1.0
97,10847,1.0
98,6072,1.0
98,11901,1.0
98,16131,1.0
99,100,1.0
99,3541,1.0
99,600,1.0
101,102,1.0
101,3828,1.0
101,11863,1.0
102,3828,1.0
102,20122,1.0
103,104,1.0
103,10743,1.0
103,4621,1.0
103,5617,1.0
104,1082,1.0
104,5823,1.0
104,2711,1.0
105,106,1.0
105,8294,1.0
105,12625,1.0
106,4836,1.0
106,3884,1.0
107,108,1.0
107,5195,1.0
107,9414,1.0
107,2170,1.0
108,10825,1.0
108,14296,1.0
109,110,1.0
109,5725,1.0
109,2427,1.0
109,2297,1.0
110,2428,1.0
110,12208,1.0
111,112,1.0
112,4683,1.0
112,8527,1.0
112,17185,1.0
113,114,1.0
113,8569,1.0
113,2935,1.0
113,2349,1.0
114,2936,1.0
114,2350,1.0
115,116,1.0
115,4305,1.0
115,6931,1.0
115,8168,1.0
116,9716,1.0
116,9901,1.0
116,9385,1.0
117,1818,1.0
118,119,1.0
118,7654,1.0
118,10971,1.0
118,13740,1.0
119,729,1.0
119,17136,1.0
120,121,1.0
120,11545,1.0
120,5605,1.0
120,2619,1.0
121,5636,1.0
121,1173,1.0
121,3777,1.0
122,123,1.0
122,18479,1.0
122,17355,1.0
123,12179,1.0
123,14557,1.0
123,14956,1.0
124,6216,1.0
124,4946,1.0
124,8943,1.0
125,126,1.0
125,5130,1.0
125,18199,1.0
126,8892,1.0
126,348,1.0
127,128,1.0
127,4882,1.0
127,12349,1.0
128,1440,1.0
128,9347,1.0
129,6008,1.0
129,9520,1.0
129,8191,1.0
130,131,1.0
130,14484,1.0
130,11084,1.0
130,17062,1.0
131,10246,1.0
131,10741,1.0
131,20955,1.0
132,133,1.0
132,1801,1.0
132,16499,1.0
132,5128,1.0
133,1447,1.0
133,11598,1.0
134,135,1.0
134,5892,1.0
134,9048,1.0
135,4031,1.0
135,8177,1.0
135,11922,1.0
136,2481,1.0
136,542,1.0
136,3562,1.0
137,138,1.0
137,10903,1.0
137,9784,1.0
138,7883,1.0
138,17869,1.0
139,140,1.0
139,9915,1.0
139,16480,1.0
139,17029,1.0
140,3397,1.0
140,8496,1.0
140,8931,1.0
141,142,1.0
141,6578,1.0
141,11211,1.0
141,9519,1.0
142,13824,1.0
142,10745,1.0
143,144,1.0
143,1729,1.0
143,15640,1.0
144,5641,1.0
144,1730,1.0
144,4275,1.0
145,146,1.0
145,1382,1.0
145,2428,1.0
145,12208,1.0
146,749,1.0
146,10265,1.0
147,148,1.0
147,11207,1.0
147,6479,1.0
147,20876,1.0
148,9653,1.0
148,9159,1.0
149,150,1.0
149,7334,1.0
149,10141,1.0
150,3388,1.0
150,1689,1.0
151,152,1.0
151,7507,1.0
151,20061,1.0
151,20062,1.0
152,8075,1.0
152,12215,1.0
152,13001,1.0
153,1666,1.0
153,775,1.0
153,6246,1.0
154,155,1.0
154,5027,1.0
154,14722,1.0
155,3512,1.0
155,6077,1.0
156,157,1.0
156,12321,1.0
156,6864,1.0
157,4764,1.0
157,6213,1.0
158,746,1.0
158,4984,1.0
158,11363,1.0
158,8780,1.0
159,160,1.0
159,13177,1.0
159,15811,1.0
161,162,1.0
161,5924,1.0
161,9090,1.0
161,12820,1.0
162,13187,1.0
162,1573,1.0
162,12820,1.0
163,164,1.0
163,2390,1.0
163,9167,1.0
163,7920,1.0
164,5475,1.0
164,13487,1.0
164,13213,1.0
165,166,1.0
165,10978,1.0
165,10941,1.0
165,11120,1.0
166,2966,1.0
166,11036,1.0
166,13378,1.0
167,168,1.0
167,10174,1.0
167,2437,1.0
167,14097,1.0
168,6145,1.0
169,170,1.0
169,5228,1.0
169,6056,1.0
169,10411,1.0
170,6870,1.0
170,14161,1.0
170,8657,1.0
171,172,1.0
172,7736,1.0
172,7105,1.0
173,174,1.0
173,1549,1.0
173,6755,1.0
173,16802,1.0
174,8167,1.0
174,9934,1.0
174,733,1.0
175,176,1.0
175,2913,1.0
175,5233,1.0
175,11158,1.0
176,10403,1.0
176,2832,1.0
176,11727,1.0
177,178,1.0
177,9898,1.0
177,6321,1.0
177,16702,1.0
178,5125,1.0
178,6321,1.0
178,9141,1.0
178,5351,1.0
179,180,1.0
179,5724,1.0
179,12680,1.0
179,9823,1.0
181,182,1.0
181,8362,1.0
181,8343,1.0
181,16656,1.0
182,8473,1.0
182,16737,1.0
183,184,1.0
183,6745,1.0
183,9430,1.0
183,14028,1.0
184,14293,1.0
184,14419,1.0
185,186,1.0
185,3200,1.0
185,7052,1.0
186,1222,1.0
186,11227,1.0
187,188,1.0
187,2566,1.0
187,11702,1.0
187,14006,1.0
188,12273,1.0
188,10577,1.0
188,13359,1.0
189,190,1.0
189,3085,1.0
189,3866,1.0
189,1061,1.0
191,192,1.0
191,3843,1.0
191,3242,1.0
192,12207,1.0
192,6142,1.0
193,194,1.0
193,7800,1.0
193,16702,1.0
193,2613,1.0
194,5351,1.0
194,1091,1.0
194,2614,1.0
195,196,1.0
195,1026,1.0
195,384,1.0
197,20511,1.0
197,20520,1.0
197,9818,1.0
198,199,1.0
198,13066,1.0
198,10685,1.0
198,19476,1.0
199,13091,1.0
199,21101,1.0
200,201,1.0
200,6039,1.0
200,1819,1.0
201,9442,1.0
201,1820,1.0
201,7861,1.0
202,203,1.0
202,544,1.0
202,11420,1.0
203,12009,1.0
203,7512,1.0
204,205,1.0
204,702,1.0
204,10308,1.0
204,14961,1.0
205,3631,1.0
205,10811,1.0
205,14604,1.0
206,207,1.0
206,4261,1.0
206,6545,1.0
206,8699,1.0
207,2576,1.0
207,5623,1.0
207,4262,1.0
208,209,1.0
208,7015,1.0
208,14380,1.0
208,4134,1.0
209,4213,1.0
209,5356,1.0
210,211,1.0
210,6083,1.0
210,6654,1.0
211,5893,1.0
211,5955,1.0
211,6655,1.0
212,213,1.0
212,2304,1.0
212,16534,1.0
213,3119,1.0
213,694,1.0
214,8540,1.0
214,12200,1.0
214,9014,1.0
215,216,1.0
215,2152,1.0
215,7793,1.0
215,8576,1.0
217,218,1.0
217,12027,1.0
217,356,1.0
219,220,1.0
219,1378,1.0
219,11741,1.0
219,4694,1.0
220,11840,1.0
220,12928,1.0
220,16912,1.0
221,222,1.0
221,6161,1.0
221,1306,1.0
221,6369,1.0
222,1036,1.0
222,1076,1.0
222,4721,1.0
223,224,1.0
223,6137,1.0
223,2913,1.0
223,9625,1.0
224,1879,1.0
224,12619,1.0
224,9391,1.0
225,226,1.0
225,15714,1.0
225,13261,1.0
226,7302,1.0
226,9157,1.0
227,228,1.0
227,7212,1.0
227,1185,1.0
227,6182,1.0
228,3449,1.0
228,5276,1.0
228,6774,1.0
229,230,1.0
229,12852,1.0
229,17289,1.0
229,383,1.0
229,20875,1.0
230,5543,1.0
230,7935,1.0
230,20890,1.0
231,232,1.0
231,888,1.0
231,1649,1.0
232,3381,1.0
232,9561,1.0
232,13169,1.0
233,234,1.0
233,4234,1.0
233,12109,1.0
234,15350,1.0
234,15813,1.0
235,236,1.0
235,8022,1.0
235,14375,1.0
236,12325,1.0
236,14308,1.0
236,19716,1.0
237,238,1.0
237,7997,1.0
237,11377,1.0
237,10145,1.0
238,19073,1.0
238,8525,1.0
238,1672,1.0
239,240,1.0
240,18164,1.0
240,16588,1.0
241,242,1.0
241,14811,1.0
241,4534,1.0
241,2955,1.0
242,12988,1.0
242,12100,1.0
242,4535,1.0
243,244,1.0
243,6274,1.0
243,6607,1.0
244,2319,1.0
244,2204,1.0
245,13799,1.0
245,20969,1.0
245,7794,1.0
246,247,1.0
246,8718,1.0
246,16677,1.0
247,7251,1.0
247,11810,1.0
248,249,1.0
248,8898,1.0
248,4502,1.0
248,10999,1.0
249,8761,1.0
249,12437,1.0
250,251,1.0
250,7816,1.0
250,4109,1.0
250,8581,1.0
251,3803,1.0
251,4675,1.0
251,10354,1.0
252,253,1.0
252,784,1.0
252,8933,1.0
253,4935,1.0
253,6957,1.0
253,9075,1.0
253,5193,1.0
254,255,1.0
254,7428,1.0
254,9093,1.0
254,3134,1.0
255,7852,1.0
255,13087,1.0
256,257,1.0
256,6562,1.0
256,7000,1.0
257,324,1.0
257,6159,1.0
257,4722,1.0
258,259,1.0
258,3649,1.0
258,16631,1.0
258,16769,1.0
259,1213,1.0
259,11414,1.0
260,261,1.0
260,3678,1.0
260,15694,1.0
261,9413,1.0
261,14714,1.0
262,263,1.0
262,15347,1.0
262,4195,1.0
264,3890,1.0
264,1883,1.0
264,813,1.0
265,2209,1.0
265,13920,1.0
265,14795,1.0
266,267,1.0
266,1776,1.0
266,17813,1.0
267,5462,1.0
267,14470,1.0
268,15170,1.0
268,5976,1.0
269,270,1.0
269,13569,1.0
269,9218,1.0
269,18832,1.0
270,14423,1.0
270,9218,1.0
270,18832,1.0
271,272,1.0
271,4590,1.0
271,9991,1.0
272,3573,1.0
273,274,1.0
273,3503,1.0
273,6082,1.0
273,12267,1.0
274,6500,1.0
274,8212,1.0
274,13798,1.0
275,276,1.0
275,3094,1.0
275,19265,1.0
275,20109,1.0
277,278,1.0
277,9061,1.0
277,7539,1.0
277,17444,1.0
278,9751,1.0
278,2260,1.0
279,280,1.0
279,7054,1.0
279,8670,1.0
280,10931,1.0
280,18487,1.0
281,282,1.0
281,7627,1.0
281,3373,1.0
281,19427,1.0
282,722,1.0
282,19426,1.0
283,1667,1.0
283,5432,1.0
283,3579,1.0
284,285,1.0
284,6711,1.0
284,8615,1.0
285,7334,1.0
285,3016,1.0
286,287,1.0
286,6046,1.0
286,6206,1.0
287,11918,1.0
287,6047,1.0
287,16711,1.0
288,289,1.0
288,5636,1.0
288,3177,1.0
288,14215,1.0
289,3595,1.0
289,12687,1.0
289,17198,1.0
290,291,1.0
290,3181,1.0
290,9529,1.0
290,10119,1.0
291,5379,1.0
291,8344,1.0
292,293,1.0
292,8185,1.0
292,8792,1.0
293,1492,1.0
293,6337,1.0
294,295,1.0
294,2486,1.0
294,8288,1.0
294,4618,1.0
295,9967,1.0
295,971,1.0
295,9353,1.0
296,297,1.0
296,4983,1.0
296,5514,1.0
296,13184,1.0
296,5491,1.0
296,19888,1.0
297,8093,1.0
297,19888,1.0
298,299,1.0
298,8938,1.0
298,4705,1.0
298,12710,1.0
299,7274,1.0
299,3813,1.0
300,301,1.0
300,532,1.0
300,9892,1.0
300,18149,1.0
301,1723,1.0
301,8589,1.0
301,10456,1.0
302,303,1.0
302,16023,1.0
302,5872,1.0
302,18499,1.0
303,4075,1.0
303,1018,1.0
303,14984,1.0
304,305,1.0
304,1945,1.0
304,20140,1.0
305,2605,1.0
305,10916,1.0
306,307,1.0
307,4884,1.0
307,2766,1.0
308,309,1.0
308,10182,1.0
308,466,1.0
308,15538,1.0
310,311,1.0
310,785,1.0
310,17159,1.0
311,4364,1.0
311,4912,1.0
311,12781,1.0
312,313,1.0
312,4166,1.0
312,6334,1.0
314,315,1.0
314,3155,1.0
314,3153,1.0
314,3547,1.0
315,13657,1.0
315,4188,1.0
315,3021,1.0
316,317,1.0
316,9091,1.0
316,3797,1.0
316,7520,1.0
317,4292,1.0
317,2742,1.0
317,10508,1.0
318,319,1.0
318,868,1.0
318,11559,1.0
318,9336,1.0
319,869,1.0
319,8183,1.0
319,6168,1.0
320,321,1.0
320,3472,1.0
320,16676,1.0
321,10320,1.0
321,14141,1.0
321,3473,1.0
322,323,1.0
322,440,1.0
322,6275,1.0
323,4138,1.0
323,5824,1.0
323,14062,1.0
324,5306,1.0
324,3845,1.0
324,8836,1.0
325,326,1.0
325,12210,1.0
325,2753,1.0
325,6749,1.0
326,1050,1.0
326,7883,1.0
326,4878,1.0
327,328,1.0
327,6043,1.0
327,13328,1.0
328,7519,1.0
328,12348,1.0
328,15318,1.0
329,330,1.0
329,5837,1.0
329,11348,1.0
329,16371,1.0
330,7011,1.0
330,8791,1.0
330,12095,1.0
331,9890,1.0
331,2921,1.0
331,14237,1.0
331,12702,1.0
332,333,1.0
332,11803,1.0
332,1564,1.0
333,5417,1.0
333,6408,1.0
334,335,1.0
334,11986,1.0
334,11842,1.0
334,5225,1.0
335,1843,1.0
335,11704,1.0
335,7770,1.0
336,337,1.0
337,3389,1.0
337,15081,1.0
338,339,1.0
338,6824,1.0
338,12109,1.0
339,15350,1.0
339,17371,1.0
340,341,1.0
340,7574,1.0
340,7170,1.0
341,6095,1.0
341,2649,1.0
341,6268,1.0
342,343,1.0
342,377,1.0
342,8323,1.0
343,6178,1.0
343,14633,1.0
344,345,1.0
344,1803,1.0
344,1661,1.0
344,12070,1.0
345,674,1.0
345,4879,1.0
346,347,1.0
346,3894,1.0
346,3723,1.0
347,1837,1.0
347,15810,1.0
348,349,1.0
348,14759,1.0
349,599,1.0
349,5130,1.0
350,351,1.0
350,424,1.0
350,7859,1.0
350,2772,1.0
351,3303,1.0
351,13856,1.0
351,16149,1.0
352,353,1.0
352,5235,1.0
352,7828,1.0
352,17700,1.0
353,891,1.0
353,13058,1.0
353,4735,1.0
354,355,1.0
354,8091,1.0
354,9492,1.0
354,4901,1.0
355,10104,1.0
355,13776,1.0
355,16897,1.0
356,357,1.0
356,6850,1.0
358,359,1.0
358,5184,1.0
358,11757,1.0
359,5523,1.0
359,7244,1.0
359,11758,1.0
360,361,1.0
360,6675,1.0
360,8770,1.0
360,4446,1.0
361,2762,1.0
361,2879,1.0
361,11536,1.0
362,363,1.0
362,12120,1.0
362,13987,1.0
363,7459,1.0
363,9389,1.0
364,365,1.0
364,6310,1.0
364,11833,1.0
364,2040,1.0
365,2041,1.0
365,1675,1.0
365,8037,1.0
366,2126,1.0
366,2301,1.0
366,6250,1.0
367,368,1.0
367,4207,1.0
367,13572,1.0
368,6223,1.0
368,13989,1.0
368,7161,1.0
369,370,1.0
370,11578,1.0
370,17939,1.0
371,372,1.0
371,3606,1.0
371,14119,1.0
372,5795,1.0
372,10594,1.0
373,374,1.0
373,7914,1.0
373,9307,1.0
373,14286,1.0
374,805,1.0
374,4920,1.0
374,7260,1.0
375,376,1.0
375,7388,1.0
375,6876,1.0
375,5394,1.0
376,14524,1.0
376,13567,1.0
376,12104,1.0
377,378,1.0
377,2984,1.0
379,2067,1.0
379,11376,1.0
379,4107,1.0
380,381,1.0
380,5758,1.0
380,7271,1.0
380,10576,1.0
381,7864,1.0
381,14774,1.0
381,1998,1.0
382,383,1.0
382,1834,1.0
382,9243,1.0
382,17278,1.0
383,7185,1.0
383,691,1.0
384,10493,1.0
384,1026,1.0
384,12395,1.0
385,386,1.0
386,2996,1.0
386,4768,1.0
386,2756,1.0
387,388,1.0
387,5408,1.0
387,3509,1.0
387,6783,1.0
388,2895,1.0
388,9286,1.0
388,6784,1.0
389,8416,1.0
389,5738,1.0
389,3294,1.0
390,391,1.0
390,1477,1.0
390,907,1.0
390,10039,1.0
391,908,1.0
391,7976,1.0
391,9273,1.0
392,393,1.0
392,7840,1.0
392,4592,1.0
392,17871,1.0
394,395,1.0
394,3933,1.0
394,11795,1.0
395,5262,1.0
395,7346,1.0
395,13517,1.0
396,397,1.0
396,3006,1.0
396,4917,1.0
396,10943,1.0
397,1051,1.0
397,6463,1.0
397,8999,1.0
398,399,1.0
398,4306,1.0
398,9749,1.0
398,3714,1.0
399,4307,1.0
399,3532,1.0
399,6149,1.0
400,401,1.0
400,3983,1.0
400,10551,1.0
400,5754,1.0
401,6402,1.0
401,3470,1.0
401,5755,1.0
402,403,1.0
402,3492,1.0
402,8087,1.0
403,3281,1.0
403,6700,1.0
404,405,1.0
404,6038,1.0
404,9042,1.0
404,1052,1.0
405,7245,1.0
405,7970,1.0
405,10729,1.0
406,407,1.0
406,2074,1.0
406,19013,1.0
407,2074,1.0
407,6584,1.0
407,1543,1.0
408,7374,1.0
408,13508,1.0
409,11252,1.0
409,13134,1.0
409,19040,1.0
409,18213,1.0
410,5840,1.0
410,19119,1.0
410,8374,1.0
410,4349,1.0
411,412,1.0
411,16965,1.0
411,19997,1.0
412,887,1.0
412,2243,1.0
412,697,1.0
413,414,1.0
413,1183,1.0
413,5720,1.0
413,13817,1.0
414,6711,1.0
414,10331,1.0
414,3016,1.0
415,10470,1.0
415,12011,1.0
415,14543,1.0
416,14527,1.0
416,8190,1.0
416,14379,1.0
417,2351,1.0
417,6973,1.0
417,7667,1.0
418,419,1.0
418,7230,1.0
418,13512,1.0
419,5313,1.0
419,489,1.0
420,421,1.0
420,5195,1.0
420,14584,1.0
420,17314,1.0
421,10445,1.0
421,14053,1.0
421,17235,1.0
422,423,1.0
422,8125,1.0
422,16422,1.0
422,15540,1.0
423,1601,1.0
423,10795,1.0
423,6587,1.0
424,7722,1.0
424,14664,1.0
424,16149,1.0
425,426,1.0
425,456,1.0
425,10297,1.0
427,7579,1.0
427,12134,1.0
427,3294,1.0
428,429,1.0
428,14043,1.0
428,20087,1.0
430,431,1.0
430,10001,1.0
430,10039,1.0
431,10777,1.0
431,907,1.0
432,433,1.0
433,1442,1.0
433,4116,1.0
434,435,1.0
434,2165,1.0
434,6880,1.0
435,14821,1.0
435,19749,1.0
435,2165,1.0
436,437,1.0
436,9640,1.0
436,10258,1.0
436,2859,1.0
437,1524,1.0
437,10258,1.0
437,4859,1.0
438,439,1.0
439,12529,1.0
439,7425,1.0
440,7295,1.0
440,2927,1.0
441,8465,1.0
442,443,1.0
442,5695,1.0
442,5947,1.0
442,3914,1.0
443,3528,1.0
443,3266,1.0
443,3914,1.0
444,445,1.0
444,3504,1.0
444,8861,1.0
444,13194,1.0
445,8315,1.0
445,3505,1.0
445,13941,1.0
446,447,1.0
446,19565,1.0
446,17059,1.0
446,20408,1.0
447,6502,1.0
447,12426,1.0
447,14693,1.0
448,449,1.0
448,6519,1.0
448,8586,1.0
449,4726,1.0
449,518,1.0
450,451,1.0
450,2646,1.0
450,8989,1.0
450,4755,1.0
451,6944,1.0
451,8543,1.0
452,453,1.0
452,3301,1.0
452,15430,1.0
453,19944,1.0
453,19966,1.0
454,455,1.0
454,12519,1.0
454,14197,1.0
454,13598,1.0
454,8786,1.0
455,4156,1.0
455,14778,1.0
456,837,1.0
456,12018,1.0
456,20179,1.0
457,458,1.0
457,16082,1.0
457,2176,1.0
458,11124,1.0
458,18069,1.0
459,460,1.0
459,2326,1.0
459,2327,1.0
460,3908,1.0
460,2987,1.0
461,462,1.0
461,11330,1.0
461,645,1.0
461,12846,1.0
463,464,1.0
463,1973,1.0
463,1809,1.0
463,10005,1.0
464,10933,1.0
464,11703,1.0
465,466,1.0
465,1094,1.0
465,11238,1.0
465,16691,1.0
465,5953,1.0
466,9935,1.0
466,13226,1.0
467,468,1.0
467,11281,1.0
467,13206,1.0
468,2333,1.0
468,12093,1.0
469,470,1.0
469,1085,1.0
469,1734,1.0
469,11144,1.0
470,11474,1.0
470,3438,1.0
470,8244,1.0
471,472,1.0
471,3420,1.0
471,13286,1.0
471,17864,1.0
472,4452,1.0
472,4736,1.0
472,3743,1.0
473,474,1.0
473,5388,1.0
473,6956,1.0
474,1737,1.0
474,4293,1.0
474,8724,1.0
475,1484,1.0
475,13440,1.0
475,1836,1.0
475,6750,1.0
476,11879,1.0
476,10775,1.0
476,8218,1.0
477,478,1.0
477,12034,1.0
477,13624,1.0
478,14221,1.0
478,19511,1.0
478,14313,1.0
479,480,1.0
479,7098,1.0
479,17261,1.0
480,658,1.0
480,4522,1.0
480,5021,1.0
481,482,1.0
481,17307,1.0
481,17392,1.0
482,11686,1.0
482,17349,1.0
483,484,1.0
483,10869,1.0
483,20215,1.0
484,7389,1.0
484,10869,1.0
485,486,1.0
485,5068,1.0
485,2253,1.0
485,1141,1.0
487,488,1.0
487,7066,1.0
487,7797,1.0
487,11708,1.0
488,4041,1.0
488,2498,1.0
489,490,1.0
489,11589,1.0
489,11960,1.0
490,13340,1.0
490,1934,1.0
491,14657,1.0
492,5202,1.0
493,494,1.0
493,12663,1.0
493,13424,1.0
495,3261,1.0
495,3856,1.0
495,13797,1.0
495,13302,1.0
495,16917,1.0
495,620,1.0
496,497,1.0
496,3147,1.0
496,9118,1.0
496,4341,1.0
496,2674,1.0
496,11177,1.0
497,4153,1.0
497,9289,1.0
497,9178,1.0
498,499,1.0
498,1882,1.0
498,13484,1.0
498,2667,1.0
499,7823,1.0
499,2668,1.0
500,501,1.0
500,3760,1.0
500,14462,1.0
501,12876,1.0
501,11498,1.0
501,11251,1.0
502,503,1.0
502,5798,1.0
502,9860,1.0
502,5352,1.0
503,16510,1.0
503,5353,1.0
503,6376,1.0
504,505,1.0
504,3710,1.0
504,6574,1.0
504,14573,1.0
504,19592,1.0
505,9519,1.0
505,15991,1.0
505,16523,1.0
506,507,1.0
506,5714,1.0
506,12915,1.0
506,8079,1.0
507,8080,1.0
507,18143,1.0
507,16805,1.0
508,509,1.0
508,2070,1.0
508,6699,1.0
509,10225,1.0
509,12001,1.0
510,511,1.0
510,17015,1.0
510,11184,1.0
510,7771,1.0
511,9727,1.0
511,11613,1.0
511,10836,1.0
512,513,1.0
512,4269,1.0
512,685,1.0
512,13190,1.0
513,8125,1.0
513,686,1.0
513,16422,1.0
514,515,1.0
514,5155,1.0
514,6296,1.0
514,8952,1.0
514,10027,1.0
515,1514,1.0
515,7559,1.0
515,2046,1.0
516,517,1.0
517,18359,1.0
517,5802,1.0
518,705,1.0
518,12133,1.0
519,520,1.0
519,13959,1.0
519,14812,1.0
521,522,1.0
521,1088,1.0
521,6714,1.0
522,3148,1.0
522,8743,1.0
523,524,1.0
523,1773,1.0
523,11750,1.0
523,13927,1.0
525,526,1.0
525,2725,1.0
525,2273,1.0
526,8490,1.0
526,7621,1.0
526,15092,1.0
527,528,1.0
527,2087,1.0
527,5461,1.0
528,3184,1.0
528,9826,1.0
529,530,1.0
529,12793,1.0
529,20219,1.0
530,19798,1.0
530,17859,1.0
531,532,1.0
531,5034,1.0
531,9892,1.0
531,20694,1.0
532,652,1.0
532,8589,1.0
533,5038,1.0
533,8456,1.0
533,4413,1.0
533,9310,1.0
534,535,1.0
534,2823,1.0
534,3883,1.0
535,2433,1.0
535,12271,1.0
535,3060,1.0
536,537,1.0
536,8842,1.0
536,10614,1.0
537,3268,1.0
537,8842,1.0
538,539,1.0
538,14662,1.0
538,15987,1.0
539,9737,1.0
539,17182,1.0
540,541,1.0
540,14742,1.0
540,6872,1.0
541,9866,1.0
541,11303,1.0
542,543,1.0
542,13974,1.0
542,7266,1.0
543,2481,1.0
543,13560,1.0
543,7267,1.0
544,2509,1.0
544,7512,1.0
544,13235,1.0
545,546,1.0
545,7641,1.0
545,10616,1.0
546,6356,1.0
546,2960,1.0
546,16573,1.0
547,548,1.0
547,5585,1.0
547,15736,1.0
547,6287,1.0
547,6156,1.0
548,4248,1.0
548,12805,1.0
549,7977,1.0
549,19717,1.0
549,5629,1.0
550,551,1.0
550,3705,1.0
550,9559,1.0
550,20079,1.0
551,7504,1.0
551,5183,1.0
552,14070,1.0
552,21015,1.0
552,9002,1.0
553,554,1.0
553,7130,1.0
553,17824,1.0
554,5808,1.0
554,7754,1.0
554,10063,1.0
555,556,1.0
555,8027,1.0
555,14059,1.0
555,20214,1.0
556,8027,1.0
556,16152,1.0
557,558,1.0
557,2062,1.0
557,9967,1.0
558,5416,1.0
558,9353,1.0
558,9004,1.0
559,560,1.0
559,3539,1.0
559,10612,1.0
559,10613,1.0
560,3540,1.0
560,4943,1.0
561,3511,1.0
561,2366,1.0
561,17999,1.0
562,563,1.0
562,763,1.0
562,8677,1.0
562,12921,1.0
563,1777,1.0
563,8447,1.0
563,5699,1.0
564,2256,1.0
564,10476,1.0
564,1727,1.0
564,1201,1.0
565,566,1.0
566,7436,1.0
566,7798,1.0
566,1321,1.0
567,568,1.0
567,12555,1.0
567,16148,1.0
569,570,1.0
569,2689,1.0
569,14685,1.0
571,572,1.0
571,16357,1.0
571,2422,1.0
572,13903,1.0
572,12836,1.0
572,11897,1.0
573,574,1.0
573,4075,1.0
573,17873,1.0
574,7675,1.0
574,7034,1.0
574,19172,1.0
575,576,1.0
576,6864,1.0
576,6854,1.0
577,578,1.0
577,4492,1.0
577,14373,1.0
578,10503,1.0
578,13670,1.0
579,580,1.0
579,10211,1.0
579,20191,1.0
580,3677,1.0
580,10007,1.0
581,582,1.0
582,5803,1.0
582,12881,1.0
583,584,1.0
583,2758,1.0
583,3821,1.0
583,5015,1.0
584,10573,1.0
584,11067,1.0
584,13098,1.0
585,586,1.0
585,2644,1.0
585,20903,1.0
586,3345,1.0
586,17912,1.0
587,588,1.0
588,12519,1.0
588,3440,1.0
588,14197,1.0
589,590,1.0
589,2009,1.0
589,705,1.0
589,13782,1.0
590,15511,1.0
590,15657,1.0
590,11292,1.0
591,592,1.0
591,725,1.0
591,794,1.0
591,10973,1.0
592,7005,1.0
592,12556,1.0
592,15428,1.0
593,17257,1.0
593,20211,1.0
593,5737,1.0
594,7163,1.0
594,779,1.0
594,1937,1.0
594,2903,1.0
595,596,1.0
596,4940,1.0
596,8005,1.0
596,17001,1.0
597,598,1.0
597,1620,1.0
597,12181,1.0
598,3511,1.0
598,10074,1.0
599,19838,1.0
599,19804,1.0
599,19071,1.0
600,601,1.0
600,12389,1.0
600,16049,1.0
601,5089,1.0
601,5919,1.0
602,603,1.0
602,671,1.0
602,9217,1.0
602,11233,1.0
603,2987,1.0
603,11233,1.0
604,605,1.0
604,708,1.0
604,10325,1.0
604,16261,1.0
605,1661,1.0
605,6567,1.0
605,6264,1.0
606,607,1.0
606,11217,1.0
606,5939,1.0
606,8832,1.0
607,10740,1.0
607,8833,1.0
607,16629,1.0
608,609,1.0
608,3494,1.0
608,13418,1.0
609,1915,1.0
609,5608,1.0
609,12337,1.0
610,611,1.0
610,4180,1.0
610,6286,1.0
610,7407,1.0
612,613,1.0
612,1869,1.0
612,10077,1.0
612,20437,1.0
613,2400,1.0
613,10078,1.0
614,615,1.0
614,6349,1.0
614,3930,1.0
615,9538,1.0
615,19621,1.0
616,617,1.0
616,12538,1.0
616,5690,1.0
617,861,1.0
617,12243,1.0
617,10991,1.0
618,619,1.0
618,15563,1.0
618,19033,1.0
619,11729,1.0
619,17455,1.0
620,621,1.0
620,8742,1.0
621,2939,1.0
621,10277,1.0
622,623,1.0
622,3034,1.0
622,9932,1.0
622,8483,1.0
623,957,1.0
623,4553,1.0
623,10275,1.0
624,625,1.0
624,14612,1.0
624,13193,1.0
625,4899,1.0
625,7728,1.0
626,627,1.0
626,8152,1.0
626,13937,1.0
626,3427,1.0
627,13669,1.0
627,13313,1.0
627,12002,1.0
628,629,1.0
628,7593,1.0
628,16898,1.0
628,20388,1.0
629,9518,1.0
629,9095,1.0
630,631,1.0
630,1409,1.0
630,10697,1.0
630,1518,1.0
631,6507,1.0
631,12673,1.0
631,16412,1.0
632,633,1.0
632,6093,1.0
632,13951,1.0
633,4376,1.0
633,10919,1.0
633,11126,1.0
634,635,1.0
635,9521,1.0
635,853,1.0
636,637,1.0
636,10570,1.0
636,8306,1.0
636,9495,1.0
637,6651,1.0
637,6987,1.0
637,9225,1.0
638,639,1.0
638,1465,1.0
638,16503,1.0
638,3223,1.0
639,5757,1.0
639,3224,1.0
639,16765,1.0
640,641,1.0
640,5531,1.0
640,8408,1.0
640,12792,1.0
641,8884,1.0
641,14051,1.0
641,16956,1.0
642,1703,1.0
642,14514,1.0
642,4055,1.0
643,644,1.0
643,7183,1.0
643,5794,1.0
643,7982,1.0
644,1728,1.0
644,11398,1.0
645,646,1.0
645,13893,1.0
647,648,1.0
647,675,1.0
647,19884,1.0
648,13654,1.0
648,14635,1.0
648,20180,1.0
649,650,1.0
649,741,1.0
649,13290,1.0
650,5065,1.0
650,3972,1.0
651,652,1.0
651,8783,1.0
651,5033,1.0
651,8895,1.0
652,5034,1.0
652,8784,1.0
653,654,1.0
653,12018,1.0
653,726,1.0
654,727,1.0
654,5801,1.0
655,656,1.0
656,4071,1.0
656,17454,1.0
656,16113,1.0
657,3887,1.0
657,15052,1.0
657,12315,1.0
657,6966,1.0
658,17261,1.0
658,11950,1.0
658,5427,1.0
659,660,1.0
659,13535,1.0
659,7418,1.0
660,11048,1.0
660,13695,1.0
661,662,1.0
661,6599,1.0
661,9933,1.0
661,6625,1.0
662,3124,1.0
662,6084,1.0
662,6599,1.0
662,9933,1.0
663,664,1.0
663,6731,1.0
663,4335,1.0
663,6954,1.0
665,666,1.0
665,7707,1.0
665,10785,1.0
666,11694,1.0
666,21073,1.0
667,668,1.0
667,14110,1.0
667,15760,1.0
667,11800,1.0
668,7498,1.0
668,9079,1.0
668,5318,1.0
669,670,1.0
670,4010,1.0
670,9732,1.0
671,672,1.0
671,8020,1.0
672,11133,1.0
672,11779,1.0
673,674,1.0
673,4795,1.0
673,4205,1.0
673,5031,1.0
674,3639,1.0
674,6821,1.0
675,676,1.0
675,13499,1.0
676,16007,1.0
676,19582,1.0
677,678,1.0
678,12505,1.0
678,20921,1.0
679,680,1.0
679,13608,1.0
679,12033,1.0
681,682,1.0
681,4752,1.0
681,1907,1.0
682,4008,1.0
682,4753,1.0
682,19192,1.0
683,684,1.0
683,17312,1.0
683,1529,1.0
685,686,1.0
685,3559,1.0
685,12013,1.0
686,6703,1.0
686,13606,1.0
687,688,1.0
687,3663,1.0
687,4476,1.0
687,8998,1.0
688,4147,1.0
688,7287,1.0
688,8395,1.0
689,690,1.0
689,10743,1.0
689,9954,1.0
690,1082,1.0
690,4928,1.0
690,4888,1.0
691,692,1.0
691,5543,1.0
691,17289,1.0
691,16524,1.0
692,5222,1.0
692,11656,1.0
692,2760,1.0
693,694,1.0
693,5848,1.0
693,11112,1.0
694,1806,1.0
695,696,1.0
695,8114,1.0
695,7538,1.0
696,14700,1.0
696,20571,1.0
696,6772,1.0
697,13502,1.0
697,2864,1.0
697,9343,1.0
698,699,1.0
698,1144,1.0
698,8403,1.0
698,13736,1.0
699,9402,1.0
699,12714,1.0
699,1230,1.0
700,701,1.0
700,8320,1.0
700,6746,1.0
700,10122,1.0
701,8553,1.0
701,13068,1.0
703,704,1.0
703,5057,1.0
703,9872,1.0
703,8636,1.0
703,18272,1.0
704,12331,1.0
704,8637,1.0
705,11292,1.0
705,2008,1.0
706,707,1.0
706,14345,1.0
706,19091,1.0
707,9659,1.0
707,14345,1.0
708,7996,1.0
708,6567,1.0
709,710,1.0
709,18491,1.0
709,6010,1.0
710,16178,1.0
710,15166,1.0
710,6011,1.0
711,712,1.0
711,5644,1.0
711,11252,1.0
711,1220,1.0
712,6715,1.0
712,2538,1.0
713,714,1.0
713,3402,1.0
713,7778,1.0
713,6106,1.0
714,3072,1.0
714,795,1.0
715,716,1.0
715,13225,1.0
715,7764,1.0
716,11230,1.0
716,7100,1.0
716,13911,1.0
717,718,1.0
717,12534,1.0
717,6937,1.0
717,9426,1.0
718,6539,1.0
718,4139,1.0
718,9284,1.0
719,5922,1.0
720,721,1.0
720,3555,1.0
720,1070,1.0
720,1710,1.0
721,1071,1.0
721,3556,1.0
722,7627,1.0
722,7313,1.0
722,11851,1.0
723,724,1.0
723,8247,1.0
723,13090,1.0
723,13346,1.0
724,11165,1.0
724,6278,1.0
725,2220,1.0
725,12556,1.0
726,727,1.0
726,4725,1.0
727,10580,1.0
728,729,1.0
728,8285,1.0
728,14361,1.0
729,9116,1.0
730,731,1.0
730,14432,1.0
730,19388,1.0
731,2928,1.0
731,7174,1.0
731,5167,1.0
732,733,1.0
732,16182,1.0
732,15735,1.0
732,9253,1.0
733,16802,1.0
733,17069,1.0
734,735,1.0
734,3378,1.0
734,11160,1.0
735,1432,1.0
735,2524,1.0
736,737,1.0
736,5876,1.0
736,8894,1.0
738,3289,1.0
739,740,1.0
739,9262,1.0
739,16526,1.0
739,7922,1.0
740,5442,1.0
740,2128,1.0
740,10901,1.0
741,10969,1.0
741,20234,1.0
742,743,1.0
742,8920,1.0
742,19491,1.0
742,12348,1.0
743,9477,1.0
743,8920,1.0
743,12348,1.0
744,745,1.0
744,7389,1.0
744,14526,1.0
745,2092,1.0
745,18021,1.0
746,1199,1.0
746,13594,1.0
747,4426,1.0
747,16411,1.0
747,1277,1.0
747,1276,1.0
748,749,1.0
748,2330,1.0
748,9305,1.0
749,12960,1.0
749,20205,1.0
750,1813,1.0
750,5843,1.0
750,11719,1.0
751,752,1.0
751,11701,1.0
751,3196,1.0
752,4034,1.0
752,7405,1.0
752,5833,1.0
753,754,1.0
753,916,1.0
753,915,1.0
753,2443,1.0
754,3477,1.0
754,2443,1.0
754,2786,1.0
755,756,1.0
755,6624,1.0
755,9789,1.0
755,10821,1.0
756,4993,1.0
756,11143,1.0
756,12066,1.0
757,758,1.0
757,2908,1.0
757,13686,1.0
757,17230,1.0
758,7623,1.0
758,9425,1.0
759,760,1.0
759,3603,1.0
759,11731,1.0
759,14058,1.0
760,10300,1.0
760,11383,1.0
760,5943,1.0
761,762,1.0
761,8777,1.0
761,11445,1.0
761,13307,1.0
762,2832,1.0
762,12301,1.0
763,8447,1.0
763,4755,1.0
764,765,1.0
764,774,1.0
764,10608,1.0
766,10326,1.0
766,1081,1.0
766,9805,1.0
767,9415,1.0
767,11686,1.0
767,11327,1.0
768,769,1.0
768,1011,1.0
768,1236,1.0
768,5626,1.0
769,12606,1.0
769,1237,1.0
770,771,1.0
770,5312,1.0
770,4990,1.0
771,5366,1.0
771,5368,1.0
771,14482,1.0
772,773,1.0
772,874,1.0
772,6541,1.0
772,6813,1.0
773,5001,1.0
773,13689,1.0
773,17192,1.0
774,1896,1.0
774,14757,1.0
775,776,1.0
775,1477,1.0
776,6246,1.0
776,10039,1.0
777,8896,1.0
777,4591,1.0
777,5365,1.0
777,16118,1.0
777,1897,1.0
778,10259,1.0
778,1501,1.0
779,780,1.0
779,2634,1.0
780,7330,1.0
780,12669,1.0
780,7593,1.0
781,782,1.0
781,1542,1.0
781,13914,1.0
781,15196,1.0
782,5742,1.0
782,19761,1.0
783,784,1.0
783,8609,1.0
783,9514,1.0
784,5193,1.0
785,12830,1.0
785,15911,1.0
786,787,1.0
786,2305,1.0
786,16562,1.0
786,13759,1.0
787,2934,1.0
787,9971,1.0
787,1349,1.0
788,789,1.0
788,4530,1.0
788,3139,1.0
788,13994,1.0
789,2610,1.0
789,7683,1.0
789,13995,1.0
790,791,1.0
790,5342,1.0
790,5978,1.0
790,8050,1.0
791,1649,1.0
791,8051,1.0
792,793,1.0
792,9168,1.0
792,9152,1.0
794,795,1.0
794,10810,1.0
795,8921,1.0
796,797,1.0
796,3163,1.0
796,10780,1.0
796,7029,1.0
797,8378,1.0
797,11811,1.0
797,7038,1.0
798,799,1.0
798,3463,1.0
798,5176,1.0
799,7329,1.0
799,11491,1.0
800,2543,1.0
800,3231,1.0
800,13160,1.0
801,802,1.0
801,4829,1.0
801,7866,1.0
801,8201,1.0
802,5931,1.0
802,13593,1.0
802,14731,1.0
803,804,1.0
803,5621,1.0
803,6948,1.0
803,12561,1.0
804,7244,1.0
804,10827,1.0
805,806,1.0
805,4920,1.0
805,16870,1.0
805,7260,1.0
806,3956,1.0
806,11687,1.0
806,3393,1.0
807,808,1.0
807,12971,1.0
807,5341,1.0
807,17095,1.0
808,4243,1.0
808,7772,1.0
808,5601,1.0
809,810,1.0
809,7036,1.0
809,6657,1.0
811,812,1.0
811,2252,1.0
811,12993,1.0
812,6691,1.0
812,20168,1.0
813,5963,1.0
813,1883,1.0
814,815,1.0
815,4051,1.0
815,12343,1.0
816,817,1.0
816,3025,1.0
816,5541,1.0
818,7094,1.0
818,9830,1.0
818,12779,1.0
819,820,1.0
820,13340,1.0
820,15168,1.0
821,822,1.0
821,7934,1.0
821,11382,1.0
823,824,1.0
823,10809,1.0
823,12863,1.0
823,10721,1.0
823,10696,1.0
824,1424,1.0
824,10912,1.0
824,12690,1.0
825,826,1.0
825,7531,1.0
825,10665,1.0
826,3106,1.0
826,6448,1.0
826,13466,1.0
827,828,1.0
827,4613,1.0
827,2716,1.0
827,12918,1.0
828,12461,1.0
828,7272,1.0
828,14735,1.0
829,830,1.0
829,3009,1.0
829,5078,1.0
831,832,1.0
831,5598,1.0
831,2055,1.0
832,12796,1.0
832,14673,1.0
833,834,1.0
833,7034,1.0
833,19171,1.0
834,4519,1.0
834,1623,1.0
835,836,1.0
835,1535,1.0
835,6147,1.0
835,5739,1.0
836,13513,1.0
836,5740,1.0
837,838,1.0
837,10297,1.0
838,12110,1.0
838,17279,1.0
838,10476,1.0
839,840,1.0
839,1452,1.0
839,5011,1.0
839,6321,1.0
840,6281,1.0
840,7997,1.0
840,1281,1.0
841,842,1.0
841,11874,1.0
841,8837,1.0
841,16799,1.0
842,5354,1.0
842,16859,1.0
842,16615,1.0
843,844,1.0
843,2515,1.0
843,7162,1.0
843,13392,1.0
844,6574,1.0
844,7715,1.0
844,3710,1.0
845,846,1.0
845,3615,1.0
845,13963,1.0
846,10093,1.0
846,7559,1.0
847,848,1.0
847,5253,1.0
847,7868,1.0
847,16504,1.0
848,4982,1.0
848,7869,1.0
848,10591,1.0
849,850,1.0
850,3050,1.0
850,12864,1.0
850,14827,1.0
851,852,1.0
851,1868,1.0
851,1639,1.0
851,17092,1.0
852,5887,1.0
852,9566,1.0
852,1640,1.0
853,854,1.0
853,10335,1.0
854,4891,1.0
854,16430,1.0
854,17943,1.0
855,856,1.0
855,2897,1.0
855,16403,1.0
855,2802,1.0
856,1709,1.0
856,8750,1.0
857,858,1.0
857,5592,1.0
857,9952,1.0
857,10727,1.0
858,2943,1.0
858,11263,1.0
858,1040,1.0
859,860,1.0
859,4529,1.0
859,10164,1.0
859,16413,1.0
860,2369,1.0
860,11058,1.0
860,17961,1.0
861,2469,1.0
861,3518,1.0
861,11697,1.0
862,863,1.0
862,1342,1.0
862,6675,1.0
862,4446,1.0
863,5282,1.0
863,3264,1.0
864,865,1.0
864,8400,1.0
864,11962,1.0
864,7674,1.0
865,12747,1.0
865,13673,1.0
866,867,1.0
866,5431,1.0
866,11947,1.0
867,5743,1.0
867,1856,1.0
867,14338,1.0
868,869,1.0
868,3092,1.0
868,13995,1.0
869,6092,1.0
869,2525,1.0
870,871,1.0
870,11311,1.0
870,12776,1.0
870,9493,1.0
871,1604,1.0
871,7517,1.0
871,7066,1.0
872,873,1.0
872,11264,1.0
872,2149,1.0
872,10191,1.0
873,923,1.0
873,6237,1.0
874,8919,1.0
874,13689,1.0
874,9267,1.0
874,18311,1.0
875,876,1.0
875,997,1.0
875,13028,1.0
875,4569,1.0
876,2765,1.0
876,3867,1.0
877,878,1.0
877,931,1.0
877,8402,1.0
877,5890,1.0
878,4002,1.0
878,2673,1.0
878,12439,1.0
879,880,1.0
879,6317,1.0
879,4693,1.0
879,13215,1.0
880,4694,1.0
880,12635,1.0
881,882,1.0
881,5397,1.0
881,12057,1.0
881,9640,1.0
882,4859,1.0
882,7981,1.0
882,2493,1.0
883,884,1.0
883,4228,1.0
883,10637,1.0
883,12850,1.0
885,886,1.0
885,8354,1.0
885,4095,1.0
886,4192,1.0
886,5208,1.0
886,5016,1.0
887,2864,1.0
887,19997,1.0
888,11006,1.0
888,8051,1.0
889,890,1.0
889,2316,1.0
889,9099,1.0
890,5750,1.0
890,9099,1.0
891,892,1.0
891,6162,1.0
891,7016,1.0
892,4735,1.0
892,5124,1.0
892,14863,1.0
893,894,1.0
893,5496,1.0
893,12291,1.0
893,14711,1.0
894,2730,1.0
894,7490,1.0
895,896,1.0
895,986,1.0
895,10257,1.0
896,5495,1.0
896,9769,1.0
897,898,1.0
897,3063,1.0
897,7926,1.0
898,7926,1.0
898,3322,1.0
899,900,1.0
899,4102,1.0
899,16352,1.0
900,2594,1.0
900,5381,1.0
900,14849,1.0
901,902,1.0
901,7609,1.0
901,8238,1.0
902,2839,1.0
902,16632,1.0
902,13099,1.0
903,904,1.0
903,12717,1.0
903,13491,1.0
903,16838,1.0
904,10358,1.0
904,10833,1.0
905,906,1.0
905,4880,1.0
905,5370,1.0
905,8624,1.0
906,3633,1.0
906,4946,1.0
906,4271,1.0
907,908,1.0
907,3298,1.0
908,3479,1.0
908,1664,1.0
909,910,1.0
910,3402,1.0
910,7720,1.0
911,912,1.0
912,6268,1.0
913,914,1.0
913,15809,1.0
913,15214,1.0
914,15135,1.0
914,15214,1.0
914,17710,1.0
915,916,1.0
915,9833,1.0
915,12352,1.0
916,5722,1.0
916,6547,1.0
917,918,1.0
917,5956,1.0
917,12077,1.0
917,11916,1.0
918,11917,1.0
918,6611,1.0
919,920,1.0
920,11883,1.0
920,13777,1.0
920,2142,1.0
921,922,1.0
921,1583,1.0
921,3396,1.0
921,6315,1.0
922,5412,1.0
922,9248,1.0
922,7154,1.0
923,9483,1.0
923,12603,1.0
923,11264,1.0
924,925,1.0
924,4565,1.0
924,10979,1.0
924,11012,1.0
925,4291,1.0
925,2437,1.0
925,14283,1.0
926,927,1.0
926,7217,1.0
926,13315,1.0
926,12878,1.0
927,10162,1.0
927,2245,1.0
927,16715,1.0
928,929,1.0
928,1654,1.0
928,6282,1.0
928,9207,1.0
929,4299,1.0
929,8057,1.0
929,12573,1.0
930,931,1.0
930,6004,1.0
930,1494,1.0
930,5890,1.0
931,9110,1.0
931,11450,1.0
932,933,1.0
932,7516,1.0
932,8477,1.0
932,1881,1.0
933,16611,1.0
933,13330,1.0
934,935,1.0
934,7480,1.0
934,17226,1.0
934,18964,1.0
935,10987,1.0
935,17614,1.0
935,3347,1.0
936,937,1.0
936,2957,1.0
936,9976,1.0
936,11858,1.0
937,7295,1.0
937,7090,1.0
938,939,1.0
938,12187,1.0
938,14292,1.0
939,11664,1.0
939,4460,1.0
939,13118,1.0
940,5403,1.0
940,7954,1.0
940,11670,1.0
941,942,1.0
941,9861,1.0
941,12512,1.0
941,4774,1.0
942,5472,1.0
942,10180,1.0
942,13246,1.0
943,944,1.0
943,1920,1.0
943,14095,1.0
943,4374,1.0
944,7882,1.0
944,7342,1.0
945,946,1.0
946,950,1.0
946,11600,1.0
946,10720,1.0
947,948,1.0
947,10753,1.0
947,11645,1.0
947,7224,1.0
948,2492,1.0
948,10181,1.0
948,19365,1.0
949,950,1.0
950,4297,1.0
950,11936,1.0
951,952,1.0
951,6570,1.0
951,16412,1.0
951,3656,1.0
951,9453,1.0
952,4588,1.0
952,13309,1.0
953,954,1.0
953,1569,1.0
953,5669,1.0
953,4677,1.0
954,7956,1.0
954,5670,1.0
954,4129,1.0
955,956,1.0
955,3742,1.0
955,4549,1.0
955,1445,1.0
957,5290,1.0
957,1296,1.0
957,13636,1.0
958,959,1.0
958,10431,1.0
958,2385,1.0
958,16360,1.0
959,6650,1.0
959,5494,1.0
959,4410,1.0
960,961,1.0
960,6735,1.0
960,6868,1.0
960,11716,1.0
961,6237,1.0
961,7874,1.0
961,12603,1.0
962,963,1.0
962,3146,1.0
962,6496,1.0
962,8115,1.0
963,11573,1.0
963,13605,1.0
963,10802,1.0
964,16431,1.0
964,2612,1.0
964,4891,1.0
965,966,1.0
965,14212,1.0
965,17046,1.0
965,16575,1.0
966,2662,1.0
966,2820,1.0
966,4968,1.0
967,968,1.0
967,12166,1.0
967,6682,1.0
968,7142,1.0
968,10691,1.0
969,970,1.0
969,3859,1.0
969,7562,1.0
969,14672,1.0
970,5756,1.0
970,11690,1.0
970,12709,1.0
971,972,1.0
971,7755,1.0
971,8288,1.0
972,3271,1.0
972,9609,1.0
973,974,1.0
973,3427,1.0
973,12328,1.0
975,976,1.0
975,1858,1.0
975,7528,1.0
975,10908,1.0
976,10730,1.0
976,4399,1.0
976,17619,1.0
977,978,1.0
977,4025,1.0
977,3422,1.0
978,3423,1.0
978,11302,1.0
978,1647,1.0
979,980,1.0
979,13968,1.0
979,17459,1.0
980,2565,1.0
980,19875,1.0
981,982,1.0
981,1245,1.0
981,7170,1.0
981,18105,1.0
983,13331,1.0
983,17906,1.0
983,14454,1.0
984,985,1.0
985,8915,1.0
985,8025,1.0
985,14719,1.0
986,6468,1.0
986,10121,1.0
986,13786,1.0
987,988,1.0
987,14941,1.0
987,17945,1.0
988,7468,1.0
988,8016,1.0
989,990,1.0
989,6903,1.0
989,10717,1.0
989,11873,1.0
990,1618,1.0
990,9365,1.0
990,11794,1.0
991,992,1.0
992,3982,1.0
992,9013,1.0
992,6988,1.0
993,994,1.0
993,2473,1.0
993,7182,1.0
993,11226,1.0
994,6947,1.0
994,3045,1.0
995,996,1.0
995,12864,1.0
995,10819,1.0
995,13794,1.0
996,1303,1.0
996,8443,1.0
996,12379,1.0
997,4339,1.0
997,4680,1.0
997,13028,1.0
997,16435,1.0
998,999,1.0
998,1396,1.0
998,13069,1.0
998,6022,1.0
999,6023,1.0
999,4570,1.0
1000,1001,1.0
1000,4108,1.0
1000,7644,1.0
1001,4108,1.0
1001,15000,1.0
1002,1003,1.0
1002,7739,1.0
1002,12531,1.0
1002,1603,1.0
1003,3448,1.0
1003,2377,1.0
1003,3496,1.0
1004,16401,1.0
1004,15631,1.0
1004,12676,1.0
1005,1006,1.0
1005,6503,1.0
1005,3212,1.0
1006,15190,1.0
1006,15128,1.0
1006,5440,1.0
1007,1008,1.0
1007,18120,1.0
1007,12621,1.0
1008,1660,1.0
1008,7404,1.0
1008,17687,1.0
1009,1010,1.0
1009,4128,1.0
1009,5253,1.0
1009,8304,1.0
1010,8309,1.0
1010,1211,1.0
1010,10604,1.0
1011,5625,1.0
1011,8598,1.0
1012,1013,1.0
1012,4600,1.0
1012,4878,1.0
1012,8749,1.0
1013,4634,1.0
1013,13748,1.0
1013,9855,1.0
1014,1015,1.0
1014,8653,1.0
1014,14272,1.0
1015,1425,1.0
1015,8981,1.0
1016,1017,1.0
1016,9211,1.0
1016,19159,1.0
1016,20046,1.0
1017,16658,1.0
1017,20327,1.0
1018,1019,1.0
1018,1324,1.0
1019,1325,1.0
1019,14496,1.0
1020,1021,1.0
1021,4208,1.0
1021,10015,1.0
1021,12353,1.0
1022,1023,1.0
1022,6451,1.0
1022,17019,1.0
1022,16398,1.0
1023,18463,1.0
1023,18478,1.0
1024,1025,1.0
1024,2818,1.0
1024,11104,1.0
1024,12147,1.0
1024,19525,1.0
1025,3572,1.0
1025,17819,1.0
1026,1027,1.0
1028,1029,1.0
1028,5721,1.0
1028,4186,1.0
1028,9440,1.0
1029,9540,1.0
1029,5689,1.0
1029,16613,1.0
1030,1031,1.0
1030,12083,1.0
1030,12638,1.0
1030,10757,1.0
1031,2625,1.0
1031,4282,1.0
1031,1925,1.0
1032,1033,1.0
1033,2474,1.0
1033,4938,1.0
1034,1035,1.0
1035,9823,1.0
1035,5207,1.0
1035,13048,1.0
1036,1037,1.0
1036,1077,1.0
1036,11286,1.0
1037,4721,1.0
1037,8239,1.0
1037,17204,1.0
1038,1039,1.0
1038,15251,1.0
1038,21190,1.0
1039,7449,1.0
1039,5965,1.0
1039,21190,1.0
1040,1041,1.0
1040,10762,1.0
1040,10032,1.0
1041,4207,1.0
1041,12560,1.0
1041,4845,1.0
1041,13572,1.0
1041,10762,1.0
1042,1043,1.0
1042,4127,1.0
1042,14124,1.0
1043,4845,1.0
1043,1558,1.0
1043,13989,1.0
1044,1045,1.0
1044,2162,1.0
1044,4104,1.0
1044,7891,1.0
1045,3138,1.0
1045,5103,1.0
1045,13551,1.0
1045,14828,1.0
1046,1047,1.0
1046,12879,1.0
1046,2922,1.0
1047,19301,1.0
1047,19403,1.0
1047,12493,1.0
1048,1049,1.0
1048,7680,1.0
1048,3233,1.0
1048,7018,1.0
1049,6685,1.0
1049,16332,1.0
1049,8298,1.0
1050,2753,1.0
1050,10767,1.0
1051,1052,1.0
1051,10943,1.0
1051,9042,1.0
1052,6438,1.0
1052,10729,1.0
1053,3033,1.0
1053,6402,1.0
1053,9997,1.0
1054,1055,1.0
1054,9428,1.0
1054,6920,1.0
1055,5975,1.0
1055,7322,1.0
1056,1057,1.0
1056,8874,1.0
1056,12963,1.0
1058,1059,1.0
1058,2296,1.0
1058,2295,1.0
1059,7921,1.0
1059,19336,1.0
1060,1061,1.0
1060,3866,1.0
1060,8341,1.0
1061,10629,1.0
1061,5818,1.0
1062,1063,1.0
1062,2404,1.0
1062,6554,1.0
1062,8149,1.0
1063,2868,1.0
1063,3234,1.0
1063,3483,1.0
1064,1065,1.0
1064,1801,1.0
1064,10279,1.0
1064,6958,1.0
1065,5822,1.0
1065,9908,1.0
1065,16497,1.0
1066,1067,1.0
1066,10860,1.0
1066,8591,1.0
1066,3003,1.0
1067,1626,1.0
1067,8572,1.0
1068,1069,1.0
1068,15559,1.0
1068,2240,1.0
1069,3210,1.0
1069,2241,1.0
1069,8512,1.0
1070,1071,1.0
1070,4398,1.0
1071,19010,1.0
1072,1073,1.0
1072,2228,1.0
1072,5687,1.0
1072,10593,1.0
1073,2510,1.0
1073,9779,1.0
1073,2131,1.0
1074,1075,1.0
1074,7314,1.0
1074,19699,1.0
1075,8367,1.0
1075,14115,1.0
1076,1077,1.0
1076,6369,1.0
1077,7825,1.0
1077,20107,1.0
1078,1079,1.0
1078,7169,1.0
1078,11903,1.0
1080,1081,1.0
1080,8626,1.0
1080,14401,1.0
1081,17142,1.0
1082,10743,1.0
1082,4298,1.0
1083,1084,1.0
1083,4690,1.0
1083,10620,1.0
1084,5855,1.0
1084,6306,1.0
1085,5040,1.0
1085,3438,1.0
1085,14867,1.0
1086,1087,1.0
1086,2928,1.0
1086,5772,1.0
1086,3052,1.0
1087,5331,1.0
1087,7227,1.0
1087,11197,1.0
1088,1644,1.0
1088,3611,1.0
1088,17086,1.0
1089,1090,1.0
1089,14896,1.0
1089,14916,1.0
1090,8166,1.0
1090,12159,1.0
1091,1092,1.0
1091,1495,1.0
1092,5125,1.0
1092,12626,1.0
1092,5351,1.0
1093,1094,1.0
1093,4732,1.0
1093,16691,1.0
1094,4016,1.0
1094,5952,1.0
1095,1096,1.0
1095,1121,1.0
1095,10142,1.0
1096,4420,1.0
1096,17516,1.0
1096,20573,1.0
1097,1098,1.0
1097,6994,1.0
1097,1498,1.0
1097,8908,1.0
1098,7113,1.0
1098,7402,1.0
1099,1100,1.0
1099,11058,1.0
1099,9611,1.0
1099,14133,1.0
1100,4494,1.0
1100,9612,1.0
1100,17799,1.0
1101,1102,1.0
1101,4745,1.0
1101,20320,1.0
1101,19228,1.0
1101,20364,1.0
1102,4782,1.0
1102,6056,1.0
1102,19229,1.0
1103,1104,1.0
1104,2073,1.0
1104,2867,1.0
1104,8823,1.0
1105,1106,1.0
1105,7806,1.0
1105,5666,1.0
1105,10990,1.0
1106,5687,1.0
1106,4902,1.0
1107,1108,1.0
1108,8594,1.0
1108,4224,1.0
1109,1110,1.0
1109,7317,1.0
1109,9498,1.0
1110,3953,1.0
1110,6141,1.0
1110,21006,1.0
1111,1112,1.0
1111,6845,1.0
1111,9029,1.0
1111,6859,1.0
1112,2837,1.0
1112,13528,1.0
1113,1114,1.0
1113,6902,1.0
1113,13708,1.0
1113,6307,1.0
1114,10717,1.0
1114,6903,1.0
1114,11062,1.0
1115,1116,1.0
1115,16499,1.0
1115,11598,1.0
1116,8233,1.0
1116,7308,1.0
1117,1118,1.0
1117,10236,1.0
1117,6730,1.0
1118,6596,1.0
1118,13584,1.0
1119,1120,1.0
1119,19235,1.0
1119,19238,1.0
1120,8420,1.0
1120,12074,1.0
1120,3746,1.0
1121,4030,1.0
1121,7479,1.0
1121,12184,1.0
1122,1123,1.0
1122,8773,1.0
1122,15892,1.0
1123,10739,1.0
1123,6805,1.0
1124,13017,1.0
1124,17910,1.0
1124,2735,1.0
1125,1126,1.0
1125,2131,1.0
1125,1755,1.0
1125,9779,1.0
1126,12152,1.0
1126,11045,1.0
1126,1929,1.0
1127,1128,1.0
1127,3474,1.0
1127,2095,1.0
1128,3464,1.0
1128,4741,1.0
1128,8847,1.0
1129,1130,1.0
1129,5943,1.0
1129,13579,1.0
1131,1132,1.0
1131,19847,1.0
1131,8624,1.0
1132,14312,1.0
1132,3633,1.0
1132,16165,1.0
1133,1134,1.0
1133,5663,1.0
1133,13363,1.0
1133,4517,1.0
1133,3372,1.0
1133,5333,1.0
1134,4846,1.0
1134,11779,1.0
1135,1136,1.0
1135,11089,1.0
1135,14238,1.0
1135,5941,1.0
1136,14358,1.0
1136,14737,1.0
1137,1138,1.0
1137,2056,1.0
1137,13399,1.0
1139,1140,1.0
1140,8096,1.0
1140,9893,1.0
1140,7881,1.0
1141,1142,1.0
1141,11566,1.0
1141,14786,1.0
1142,13427,1.0
1142,14384,1.0
1142,20246,1.0
1143,1144,1.0
1143,8403,1.0
1143,3968,1.0
1144,12714,1.0
1144,12753,1.0
1146,1147,1.0
1146,2821,1.0
1146,13353,1.0
1146,11863,1.0
1147,6626,1.0
1147,9907,1.0
1147,15449,1.0
1148,1149,1.0
1148,5618,1.0
1148,1923,1.0
1149,1924,1.0
1149,8340,1.0
1149,3166,1.0
1150,1151,1.0
1150,8802,1.0
1150,2819,1.0
1150,5246,1.0
1151,3855,1.0
1151,9724,1.0
1152,1153,1.0
1152,6350,1.0
1152,18471,1.0
1153,7430,1.0
1153,4775,1.0
1154,1155,1.0
1154,18515,1.0
1154,12379,1.0
1154,10987,1.0
1154,9478,1.0
1156,1157,1.0
1156,7371,1.0
1156,10764,1.0
1157,10765,1.0
1157,17508,1.0
1158,1159,1.0
1158,7387,1.0
1158,2046,1.0
1158,2968,1.0
1159,7296,1.0
1159,5347,1.0
1159,2969,1.0
1160,1161,1.0
1160,7587,1.0
1160,10690,1.0
1160,14472,1.0
1161,1509,1.0
1161,1984,1.0
1161,14441,1.0
1162,1163,1.0
1162,16469,1.0
1162,6712,1.0
1163,6713,1.0
1163,15312,1.0
1163,13581,1.0
1164,1165,1.0
1164,7172,1.0
1164,5234,1.0
1165,4875,1.0
1165,6127,1.0
1165,5082,1.0
1165,6128,1.0
1166,1167,1.0
1166,4142,1.0
1166,7081,1.0
1166,13049,1.0
1167,6102,1.0
1167,10788,1.0
1167,3781,1.0
1168,1169,1.0
1168,1292,1.0
1168,7040,1.0
1168,9378,1.0
1169,10926,1.0
1169,7714,1.0
1169,11298,1.0
1170,1171,1.0
1170,7971,1.0
1170,5287,1.0
1171,5386,1.0
1171,6609,1.0
1172,1173,1.0
1172,8996,1.0
1172,5390,1.0
1172,3777,1.0
1173,2705,1.0
1173,10160,1.0
1174,1175,1.0
1174,2926,1.0
1174,6545,1.0
1174,8699,1.0
1175,1400,1.0
1175,2927,1.0
1175,8700,1.0
1176,1177,1.0
1176,8790,1.0
1176,10989,1.0
1177,1545,1.0
1177,3815,1.0
1177,9957,1.0
1178,1179,1.0
1178,1267,1.0
1178,7434,1.0
1178,10954,1.0
1179,11045,1.0
1179,13057,1.0
1179,18194,1.0
1180,1181,1.0
1180,3594,1.0
1180,13165,1.0
1180,11156,1.0
1181,10962,1.0
1181,12212,1.0
1182,1183,1.0
1182,4708,1.0
1182,10769,1.0
1182,1799,1.0
1183,4069,1.0
1183,3565,1.0
1184,1185,1.0
1184,4601,1.0
1184,8505,1.0
1184,8563,1.0
1185,6774,1.0
1185,16441,1.0
1186,1187,1.0
1186,4611,1.0
1186,5993,1.0
1187,8687,1.0
1187,4149,1.0
1187,12488,1.0
1188,1189,1.0
1188,4235,1.0
1188,20899,1.0
1189,5615,1.0
1189,5374,1.0
1190,1191,1.0
1190,4796,1.0
1190,13706,1.0
1190,10911,1.0
1191,1713,1.0
1191,10551,1.0
1191,6785,1.0
1192,1193,1.0
1192,17229,1.0
1192,2505,1.0
1194,5823,1.0
1194,10376,1.0
1194,3308,1.0
1194,3906,1.0
1195,1196,1.0
1196,1412,1.0
1196,10751,1.0
1197,1198,1.0
1197,16070,1.0
1197,3255,1.0
1198,5664,1.0
1198,7314,1.0
1198,11969,1.0
1199,1200,1.0
1199,4593,1.0
1199,7993,1.0
1200,13093,1.0
1200,17991,1.0
1202,1203,1.0
1203,2772,1.0
1203,9881,1.0
1204,1205,1.0
1204,1331,1.0
1204,7406,1.0
1204,3083,1.0
1205,1800,1.0
1205,1388,1.0
1205,3084,1.0
1206,1207,1.0
1206,1406,1.0
1206,5726,1.0
1207,2937,1.0
1207,7913,1.0
1207,8032,1.0
1208,1209,1.0
1208,14581,1.0
1208,17634,1.0
1209,3179,1.0
1209,2654,1.0
1210,1211,1.0
1210,1694,1.0
1210,12224,1.0
1210,2844,1.0
1211,14087,1.0
1211,8304,1.0
1212,1213,1.0
1212,4391,1.0
1212,8206,1.0
1213,14362,1.0
1213,13744,1.0
1214,1215,1.0
1214,1229,1.0
1214,11867,1.0
1214,7950,1.0
1215,10696,1.0
1215,11867,1.0
1216,1217,1.0
1216,4864,1.0
1216,5688,1.0
1217,8375,1.0
1217,5688,1.0
1218,1219,1.0
1218,11394,1.0
1218,1418,1.0
1218,21012,1.0
1219,9646,1.0
1219,1390,1.0
1219,11408,1.0
1220,1221,1.0
1220,5624,1.0
1221,2577,1.0
1221,9438,1.0
1222,3328,1.0
1222,8953,1.0
1223,1224,1.0
1223,6170,1.0
1223,9775,1.0
1223,17849,1.0
1224,5219,1.0
1224,9119,1.0
1224,12924,1.0
1225,1226,1.0
1225,4596,1.0
1225,2142,1.0
1226,9683,1.0
1226,7424,1.0
1227,1228,1.0
1227,1655,1.0
1227,6993,1.0
1227,8138,1.0
1228,14513,1.0
1228,16858,1.0
1229,10696,1.0
1229,4177,1.0
1229,7710,1.0
1230,1231,1.0
1230,11276,1.0
1230,13105,1.0
1231,3422,1.0
1231,10598,1.0
1232,1233,1.0
1232,4655,1.0
1232,5051,1.0
1233,11228,1.0
1233,13344,1.0
1233,14920,1.0
1234,1235,1.0
1234,6201,1.0
1234,7707,1.0
1234,9486,1.0
1235,10785,1.0
1235,6202,1.0
1235,17267,1.0
1236,1237,1.0
1236,8598,1.0
1236,3766,1.0
1237,4161,1.0
1237,6231,1.0
1238,1239,1.0
1238,2227,1.0
1238,2546,1.0
1239,11285,1.0
1239,2948,1.0
1239,19993,1.0
1240,1241,1.0
1240,4488,1.0
1240,16153,1.0
1240,1299,1.0
1241,10667,1.0
1241,13990,1.0
1241,8840,1.0
1242,1243,1.0
1242,9972,1.0
1242,9845,1.0
1243,4418,1.0
1243,11468,1.0
1244,1245,1.0
1244,2208,1.0
1244,3716,1.0
1244,1584,1.0
1245,19387,1.0
1246,11235,1.0
1247,1248,1.0
1247,9834,1.0
1247,14358,1.0
1247,4156,1.0
1248,9637,1.0
1248,6959,1.0
1249,1250,1.0
1249,3218,1.0
1249,6428,1.0
1250,5581,1.0
1250,3095,1.0
1250,2308,1.0
1251,1252,1.0
1251,3589,1.0
1251,11412,1.0
1251,4389,1.0
1252,1720,1.0
1252,11055,1.0
1253,1254,1.0
1253,10450,1.0
1253,11934,1.0
1253,14257,1.0
1254,7948,1.0
1254,16853,1.0
1255,1256,1.0
1255,11744,1.0
1255,16827,1.0
1256,5594,1.0
1256,5286,1.0
1256,11745,1.0
1257,1258,1.0
1257,6733,1.0
1257,7432,1.0
1258,2730,1.0
1258,2248,1.0
1258,11299,1.0
1259,1260,1.0
1259,6887,1.0
1259,17835,1.0
1260,1719,1.0
1260,13875,1.0
1260,6888,1.0
1261,1262,1.0
1261,7297,1.0
1261,10242,1.0
1261,11687,1.0
1262,2044,1.0
1262,10958,1.0
1262,17341,1.0
1263,1264,1.0
1263,13342,1.0
1263,10950,1.0
1264,4894,1.0
1264,13343,1.0
1264,10951,1.0
1265,1266,1.0
1266,9548,1.0
1266,2378,1.0
1267,5269,1.0
1267,11045,1.0
1267,1696,1.0
1268,1269,1.0
1268,13718,1.0
1268,16811,1.0
1269,7429,1.0
1269,3736,1.0
1270,1271,1.0
1270,5324,1.0
1270,10705,1.0
1270,6741,1.0
1271,16375,1.0
1271,10706,1.0
1272,1273,1.0
1272,6448,1.0
1272,13466,1.0
1273,5535,1.0
1273,2476,1.0
1274,1275,1.0
1274,3175,1.0
1274,12366,1.0
1274,9421,1.0
1275,6009,1.0
1275,5609,1.0
1275,3846,1.0
1276,1277,1.0
1276,1447,1.0
1277,7307,1.0
1277,13319,1.0
1278,1279,1.0
1278,21189,1.0
1278,5828,1.0
1279,4690,1.0
1279,20200,1.0
1280,1281,1.0
1280,5265,1.0
1280,2342,1.0
1280,9898,1.0
1280,6321,1.0
1281,6321,1.0
1281,2343,1.0
1282,1283,1.0
1282,1503,1.0
1282,7856,1.0
1282,2051,1.0
1283,5274,1.0
1283,16432,1.0
1283,8544,1.0
1284,1285,1.0
1284,5995,1.0
1284,11070,1.0
1285,7067,1.0
1285,4253,1.0
1285,12909,1.0
1286,1287,1.0
1286,5488,1.0
1286,6727,1.0
1286,2769,1.0
1287,5877,1.0
1287,8869,1.0
1287,12770,1.0
1288,1289,1.0
1288,2211,1.0
1288,6419,1.0
1289,7364,1.0
1289,10216,1.0
1289,10217,1.0
1290,1291,1.0
1290,13782,1.0
1290,13959,1.0
1292,8919,1.0
1292,9161,1.0
1292,13689,1.0
1293,1294,1.0
1293,5065,1.0
1293,13648,1.0
1294,2011,1.0
1294,9114,1.0
1294,18009,1.0
1295,1296,1.0
1295,9051,1.0
1295,1948,1.0
1295,4700,1.0
1296,4553,1.0
1296,16571,1.0
1297,1298,1.0
1297,9889,1.0
1297,13102,1.0
1297,4241,1.0
1298,2729,1.0
1298,3190,1.0
1299,1300,1.0
1299,3362,1.0
1300,5679,1.0
1300,15057,1.0
1301,1302,1.0
1301,13606,1.0
1301,6703,1.0
1301,16611,1.0
1302,6704,1.0
1302,13330,1.0
1303,6414,1.0
1303,20342,1.0
1303,19116,1.0
1304,1305,1.0
1304,6464,1.0
1304,16808,1.0
1304,12572,1.0
1305,3437,1.0
1305,9541,1.0
1305,16808,1.0
1306,1307,1.0
1306,3112,1.0
1306,6368,1.0
1307,5321,1.0
1307,6161,1.0
1307,3113,1.0
1308,1309,1.0
1309,8717,1.0
1309,11295,1.0
1310,1311,1.0
1310,8619,1.0
1310,12492,1.0
1310,15487,1.0
1311,4268,1.0
1311,16373,1.0
1311,9981,1.0
1312,1313,1.0
1312,4174,1.0
1312,10296,1.0
1312,12620,1.0
1313,2921,1.0
1313,11796,1.0
1313,16706,1.0
1314,1315,1.0
1314,5630,1.0
1314,7902,1.0
1314,11784,1.0
1315,8718,1.0
1315,16677,1.0
1315,8194,1.0
1316,1317,1.0
1316,3264,1.0
1316,2879,1.0
1316,2319,1.0
1317,10982,1.0
1317,13905,1.0
1318,2383,1.0
1318,19164,1.0
1318,10249,1.0
1319,18523,1.0
1319,13333,1.0
1319,18525,1.0
1320,3302,1.0
1321,2902,1.0
1321,7798,1.0
1321,12515,1.0
1322,1323,1.0
1323,3097,1.0
1323,1369,1.0
1323,14591,1.0
1324,1325,1.0
1324,4075,1.0
1325,4519,1.0
1325,19961,1.0
1326,2089,1.0
1326,1415,1.0
1326,2455,1.0
1327,15585,1.0
1327,14991,1.0
1327,6520,1.0
1328,1329,1.0
1328,15785,1.0
1328,1764,1.0
1328,11381,1.0
1329,19470,1.0
1329,6176,1.0
1330,1331,1.0
1330,14671,1.0
1330,8881,1.0
1331,1800,1.0
1331,1678,1.0
1332,1333,1.0
1332,14001,1.0
1332,12949,1.0
1333,12562,1.0
1333,12950,1.0
1334,1335,1.0
1334,8824,1.0
1334,4191,1.0
1335,4191,1.0
1335,21116,1.0
1336,1337,1.0
1336,8532,1.0
1336,11916,1.0
1336,6610,1.0
1337,8533,1.0
1337,11917,1.0
1338,1339,1.0
1338,5465,1.0
1338,9033,1.0
1338,10013,1.0
1339,5339,1.0
1339,10155,1.0
1340,1341,1.0
1340,3365,1.0
1340,5002,1.0
1340,7152,1.0
1341,10947,1.0
1341,11415,1.0
1341,16739,1.0
1342,5282,1.0
1342,11906,1.0
1342,6678,1.0
1343,1344,1.0
1343,9166,1.0
1343,7267,1.0
1343,10208,1.0
1344,3245,1.0
1344,10924,1.0
1345,1346,1.0
1345,13037,1.0
1345,7176,1.0
1345,7781,1.0
1346,3553,1.0
1346,3256,1.0
1347,1348,1.0
1347,10169,1.0
1347,8538,1.0
1347,14010,1.0
1348,5899,1.0
1348,7517,1.0
1348,2881,1.0
1349,1350,1.0
1349,5576,1.0
1350,5158,1.0
1350,4509,1.0
1350,16562,1.0
1351,1352,1.0
1351,6498,1.0
1351,10525,1.0
1352,3321,1.0
1352,5992,1.0
1352,7373,1.0
1353,1354,1.0
1354,1732,1.0
1354,6617,1.0
1354,10031,1.0
1355,1356,1.0
1355,6350,1.0
1355,20758,1.0
1356,7430,1.0
1356,13252,1.0
1357,1358,1.0
1357,2835,1.0
1357,4938,1.0
1358,4499,1.0
1358,19751,1.0
1359,1360,1.0
1359,11887,1.0
1359,16364,1.0
1360,1710,1.0
1360,5711,1.0
1360,3555,1.0
1361,1362,1.0
1361,4308,1.0
1361,3561,1.0
1361,10111,1.0
1362,11081,1.0
1362,11888,1.0
1362,9791,1.0
1363,1364,1.0
1363,8727,1.0
1363,7482,1.0
1363,14848,1.0
1364,4446,1.0
1364,8770,1.0
1364,16367,1.0
1365,1366,1.0
1365,7647,1.0
1365,12491,1.0
1365,13805,1.0
1366,1866,1.0
1366,8630,1.0
1366,4484,1.0
1367,1368,1.0
1367,10474,1.0
1367,20900,1.0
1368,13955,1.0
1368,14170,1.0
1369,1370,1.0
1369,13479,1.0
1369,17977,1.0
1370,2985,1.0
1370,14650,1.0
1371,3361,1.0
1371,7601,1.0
1371,6490,1.0
1371,1910,1.0
1372,1373,1.0
1372,4593,1.0
1372,8351,1.0
1374,1375,1.0
1374,6040,1.0
1374,9618,1.0
1375,8897,1.0
1375,10545,1.0
1376,1377,1.0
1377,16134,1.0
1377,7057,1.0
1379,1380,1.0
1379,16868,1.0
1379,14077,1.0
1380,16641,1.0
1380,16868,1.0
1381,1382,1.0
1381,4331,1.0
1381,6088,1.0
1381,12723,1.0
1382,6088,1.0
1384,1385,1.0
1384,5608,1.0
1384,1915,1.0
1384,4023,1.0
1385,7240,1.0
1385,13746,1.0
1385,7235,1.0
1386,1387,1.0
1386,9766,1.0
1386,14147,1.0
1386,11743,1.0
1387,9393,1.0
1387,2865,1.0
1388,1389,1.0
1388,6431,1.0
1388,7088,1.0
1389,10556,1.0
1389,6432,1.0
1390,1391,1.0
1390,1418,1.0
1390,9006,1.0
1391,1637,1.0
1391,16506,1.0
1391,11408,1.0
1392,1393,1.0
1392,2547,1.0
1392,2387,1.0
1392,9772,1.0
1393,5797,1.0
1393,9773,1.0
1393,9362,1.0
1394,1395,1.0
1394,3804,1.0
1394,9487,1.0
1394,12183,1.0
1395,3847,1.0
1395,10381,1.0
1395,10681,1.0
1396,1397,1.0
1396,13091,1.0
1396,17732,1.0
1398,1399,1.0
1398,16419,1.0
1398,17032,1.0
1399,2271,1.0
1399,5453,1.0
1399,1982,1.0
1400,1401,1.0
1400,6275,1.0
1400,6189,1.0
1401,4885,1.0
1401,8092,1.0
1402,1403,1.0
1402,5301,1.0
1402,16592,1.0
1402,6501,1.0
1403,2713,1.0
1403,6122,1.0
1403,12590,1.0
1404,1405,1.0
1404,16463,1.0
1404,12816,1.0
1404,9904,1.0
1405,9955,1.0
1405,10768,1.0
1405,12205,1.0
1406,2937,1.0
1406,9734,1.0
1406,14343,1.0
1407,1408,1.0
1407,11349,1.0
1407,4404,1.0
1408,2588,1.0
1408,2895,1.0
1408,4508,1.0
1409,5787,1.0
1409,12673,1.0
1409,12075,1.0
1410,1411,1.0
1410,5500,1.0
1410,6686,1.0
1411,5704,1.0
1411,5994,1.0
1412,1413,1.0
1412,16104,1.0
1413,3599,1.0
1413,8366,1.0
1414,1415,1.0
1414,2454,1.0
1414,8943,1.0
1414,14312,1.0
1415,2455,1.0
1415,6217,1.0
1416,1417,1.0
1416,10379,1.0
1416,18602,1.0
1417,10848,1.0
1417,12647,1.0
1418,1419,1.0
1418,17131,1.0
1418,9006,1.0
1420,1421,1.0
1420,7117,1.0
1420,16180,1.0
1420,17832,1.0
1421,15008,1.0
1421,12523,1.0
1422,1423,1.0
1422,15567,1.0
1422,7927,1.0
1423,9583,1.0
1423,6409,1.0
1423,7484,1.0
1424,12691,1.0
1424,11254,1.0
1424,16046,1.0
1425,9021,1.0
1425,12078,1.0
1426,1427,1.0
1426,8423,1.0
1426,14671,1.0
1426,4137,1.0
1427,8764,1.0
1427,7963,1.0
1428,1429,1.0
1428,10736,1.0
1428,6929,1.0
1428,2761,1.0
1429,6207,1.0
1429,14211,1.0
1429,13285,1.0
1430,1431,1.0
1430,1748,1.0
1430,12906,1.0
1430,17048,1.0
1431,12411,1.0
1431,11129,1.0
1431,5708,1.0
1432,3378,1.0
1432,2610,1.0
1433,1434,1.0
1433,7315,1.0
1433,1611,1.0
1434,2959,1.0
1434,7817,1.0
1434,1612,1.0
1435,5027,1.0
1435,12990,1.0
1435,14722,1.0
1435,14690,1.0
1436,1437,1.0
1436,9835,1.0
1436,4080,1.0
1437,8325,1.0
1437,11175,1.0
1437,2175,1.0
1438,1439,1.0
1438,5070,1.0
1438,18584,1.0
1439,8188,1.0
1439,16068,1.0
1439,17418,1.0
1440,1441,1.0
1440,10886,1.0
1441,1964,1.0
1441,9348,1.0
1442,1443,1.0
1442,12309,1.0
1443,11399,1.0
1443,15522,1.0
1444,1641,1.0
1444,8795,1.0
1444,12435,1.0
1445,1446,1.0
1445,4222,1.0
1445,4549,1.0
1446,14512,1.0
1446,7743,1.0
1446,4223,1.0
1447,13601,1.0
1448,1449,1.0
1448,4254,1.0
1448,10550,1.0
1448,14098,1.0
1449,8968,1.0
1449,8704,1.0
1449,8329,1.0
1450,1451,1.0
1450,20760,1.0
1450,8903,1.0
1451,6789,1.0
1451,12369,1.0
1452,4329,1.0
1452,9141,1.0
1453,1454,1.0
1453,6031,1.0
1453,17863,1.0
1454,2267,1.0
1454,11992,1.0
1455,1456,1.0
1455,4111,1.0
1455,10102,1.0
1456,11541,1.0
1456,20595,1.0
1457,1458,1.0
1457,8185,1.0
1457,10841,1.0
1458,6696,1.0
1458,20606,1.0
1459,1460,1.0
1459,10132,1.0
1459,9351,1.0
1460,1886,1.0
1460,8147,1.0
1461,1462,1.0
1461,12045,1.0
1461,10630,1.0
1461,8433,1.0
1462,10205,1.0
1462,8150,1.0
1463,1464,1.0
1463,7741,1.0
1463,11431,1.0
1463,8040,1.0
1464,7936,1.0
1464,13680,1.0
1465,6230,1.0
1465,6060,1.0
1465,3349,1.0
1466,1467,1.0
1466,9403,1.0
1466,13162,1.0
1467,5422,1.0
1467,3403,1.0
1467,16845,1.0
1468,1469,1.0
1468,6598,1.0
1468,13148,1.0
1468,7530,1.0
1468,16923,1.0
1469,11764,1.0
1469,16923,1.0
1470,1471,1.0
1470,16105,1.0
1470,14274,1.0
1471,10342,1.0
1471,1540,1.0
1472,1905,1.0
1472,6627,1.0
1472,21197,1.0
1472,20809,1.0
1473,1474,1.0
1473,4724,1.0
1473,3068,1.0
1474,1531,1.0
1474,3344,1.0
1475,1476,1.0
1476,12518,1.0
1476,5808,1.0
1477,9273,1.0
1477,4059,1.0
1478,1479,1.0
1478,4790,1.0
1478,10360,1.0
1478,4686,1.0
1479,2028,1.0
1479,9314,1.0
1479,12744,1.0
1480,1481,1.0
1480,7976,1.0
1480,9273,1.0
1481,18679,1.0
1481,11561,1.0
1481,12516,1.0
1482,1483,1.0
1482,4313,1.0
1482,3168,1.0
1482,12678,1.0
1483,5590,1.0
1483,10552,1.0
1483,17007,1.0
1484,1485,1.0
1484,16926,1.0
1484,7505,1.0
1485,10361,1.0
1485,10850,1.0
1485,4687,1.0
1486,1487,1.0
1486,1848,1.0
1486,7721,1.0
1487,7952,1.0
1487,2328,1.0
1488,1489,1.0
1488,9990,1.0
1488,18203,1.0
1489,10282,1.0
1489,18199,1.0
1490,1491,1.0
1490,10090,1.0
1490,10669,1.0
1491,1590,1.0
1491,6790,1.0
1492,8792,1.0
1492,3221,1.0
1493,1494,1.0
1493,8851,1.0
1493,6776,1.0
1493,4830,1.0
1494,8852,1.0
1494,11450,1.0
1495,1496,1.0
1495,8333,1.0
1495,2614,1.0
1496,3181,1.0
1496,5622,1.0
1497,1498,1.0
1497,7168,1.0
1497,16538,1.0
1498,12167,1.0
1498,11644,1.0
1499,1500,1.0
1499,6926,1.0
1499,11043,1.0
1499,10338,1.0
1500,5593,1.0
1500,11622,1.0
1500,7143,1.0
1501,1502,1.0
1501,12194,1.0
1501,15642,1.0
1501,17544,1.0
1502,6859,1.0
1502,1523,1.0
1503,2749,1.0
1503,9602,1.0
1503,16432,1.0
1504,8798,1.0
1504,14166,1.0
1504,4124,1.0
1505,1506,1.0
1505,11457,1.0
1505,21176,1.0
1506,8386,1.0
1506,9582,1.0
1506,9714,1.0
1507,1508,1.0
1507,4791,1.0
1507,11828,1.0
1507,11167,1.0
1508,2713,1.0
1508,4582,1.0
1508,1528,1.0
1509,7587,1.0
1509,7672,1.0
1509,7042,1.0
1510,1511,1.0
1511,1911,1.0
1511,12660,1.0
1512,1513,1.0
1512,16995,1.0
1512,6672,1.0
1514,5347,1.0
1514,7949,1.0
1514,6296,1.0
1515,1516,1.0
1515,10849,1.0
1515,13254,1.0
1516,7391,1.0
1516,9956,1.0
1516,9887,1.0
1517,10250,1.0
1517,11004,1.0
1517,12761,1.0
1518,1519,1.0
1518,5787,1.0
1518,2916,1.0
1519,1733,1.0
1519,10697,1.0
1519,7809,1.0
1520,1521,1.0
1520,6991,1.0
1520,12826,1.0
1521,6736,1.0
1521,3431,1.0
1522,1523,1.0
1522,6601,1.0
1522,5730,1.0
1522,4356,1.0
1523,4357,1.0
1523,8949,1.0
1524,2639,1.0
1524,11381,1.0
1525,1526,1.0
1525,9614,1.0
1525,8814,1.0
1526,7122,1.0
1526,8814,1.0
1526,2537,1.0
1527,1528,1.0
1527,10639,1.0
1527,11028,1.0
1528,6501,1.0
1528,14259,1.0
1529,1530,1.0
1529,9131,1.0
1530,13366,1.0
1530,16132,1.0
1530,14266,1.0
1531,9153,1.0
1531,17646,1.0
1531,11429,1.0
1532,8675,1.0
1532,9047,1.0
1532,8159,1.0
1533,1534,1.0
1533,18479,1.0
1533,15346,1.0
1534,2572,1.0
1534,14956,1.0
1534,15346,1.0
1535,11516,1.0
1535,13328,1.0
1536,1537,1.0
1537,1855,1.0
1537,14452,1.0
1538,1539,1.0
1538,7005,1.0
1538,15425,1.0
1538,14334,1.0
1540,1541,1.0
1540,20160,1.0
1541,8736,1.0
1541,9474,1.0
1543,1544,1.0
1543,16861,1.0
1544,2038,1.0
1544,6584,1.0
1544,7178,1.0
1545,5439,1.0
1545,16783,1.0
1545,16576,1.0
1546,1547,1.0
1546,12885,1.0
1546,4491,1.0
1546,10427,1.0
1547,10045,1.0
1547,12489,1.0
1548,1549,1.0
1548,6207,1.0
1548,12096,1.0
1548,20895,1.0
1549,2595,1.0
1549,10731,1.0
1550,1551,1.0
1550,12482,1.0
1550,11201,1.0
1551,6232,1.0
1551,8888,1.0
1551,11201,1.0
1552,1553,1.0
1552,3891,1.0
1552,7086,1.0
1552,4214,1.0
1553,10984,1.0
1553,5392,1.0
1554,1555,1.0
1554,4839,1.0
1554,5414,1.0
1554,11183,1.0
1555,4048,1.0
1555,16552,1.0
1555,14413,1.0
1555,8751,1.0
1556,1557,1.0
1556,9269,1.0
1556,2377,1.0
1557,2377,1.0
1557,3448,1.0
1557,14490,1.0
1558,1559,1.0
1558,10010,1.0
1558,11186,1.0
1559,7161,1.0
1559,12330,1.0
1560,1561,1.0
1560,3938,1.0
1560,5097,1.0
1561,5098,1.0
1561,12176,1.0
1561,4717,1.0
1562,1563,1.0
1562,4571,1.0
1562,8758,1.0
1562,7521,1.0
1563,6329,1.0
1563,4821,1.0
1563,5217,1.0
1564,1565,1.0
1564,7344,1.0
1565,4541,1.0
1565,7729,1.0
1566,1567,1.0
1566,6809,1.0
1566,20733,1.0
1566,12085,1.0
1568,1569,1.0
1568,4677,1.0
1568,10099,1.0
1568,5650,1.0
1569,3584,1.0
1569,4129,1.0
1570,1571,1.0
1570,6331,1.0
1571,4235,1.0
1571,3786,1.0
1571,20899,1.0
1572,14342,1.0
1572,10898,1.0
1572,15788,1.0
1573,1574,1.0
1573,7441,1.0
1573,5600,1.0
1574,5028,1.0
1574,8373,1.0
1575,1576,1.0
1575,12246,1.0
1575,16141,1.0
1577,4447,1.0
1577,11433,1.0
1577,13501,1.0
1578,13682,1.0
1578,4854,1.0
1578,10846,1.0
1579,1580,1.0
1579,8143,1.0
1579,10658,1.0
1579,14572,1.0
1580,9154,1.0
1580,16080,1.0
1580,9416,1.0
1581,1582,1.0
1581,3022,1.0
1581,8923,1.0
1582,6012,1.0
1582,14657,1.0
1583,1584,1.0
1583,5412,1.0
1583,12843,1.0
1584,6856,1.0
1584,8209,1.0
1585,1586,1.0
1586,2639,1.0
1586,3600,1.0
1587,1588,1.0
1587,13327,1.0
1588,9520,1.0
1589,13942,1.0
1590,8362,1.0
1590,19352,1.0
1591,1592,1.0
1591,3431,1.0
1591,4227,1.0
1592,3432,1.0
1592,16637,1.0
1593,1594,1.0
1593,2418,1.0
1593,11261,1.0
1594,7622,1.0
1594,8771,1.0
1594,8169,1.0
1595,1596,1.0
1595,4998,1.0
1595,7177,1.0
1596,3525,1.0
1596,19785,1.0
1597,1598,1.0
1597,11278,1.0
1597,12288,1.0
1598,9872,1.0
1598,5057,1.0
1598,14303,1.0
1599,1600,1.0
1599,15968,1.0
1599,17157,1.0
1599,6187,1.0
1600,1989,1.0
1600,11478,1.0
1601,5074,1.0
1601,8033,1.0
1602,3180,1.0
1602,14818,1.0
1602,7529,1.0
1603,3496,1.0
1603,7228,1.0
1603,13419,1.0
1604,3116,1.0
1604,9941,1.0
1604,9493,1.0
1605,1606,1.0
1605,2195,1.0
1605,8752,1.0
1606,5275,1.0
1606,13706,1.0
1607,1608,1.0
1607,9668,1.0
1607,11973,1.0
1607,13062,1.0
1608,8156,1.0
1608,2661,1.0
1608,13325,1.0
1609,1610,1.0
1609,7631,1.0
1609,16474,1.0
1609,12227,1.0
1610,13524,1.0
1610,15226,1.0
1611,1612,1.0
1611,12313,1.0
1612,3211,1.0
1612,6403,1.0
1613,1614,1.0
1613,6898,1.0
1613,8241,1.0
1614,7832,1.0
1614,20547,1.0
1615,1616,1.0
1615,2255,1.0
1615,13667,1.0
1616,9286,1.0
1616,5408,1.0
1617,9883,1.0
1617,6593,1.0
1617,13295,1.0
1617,18260,1.0
1618,1619,1.0
1618,4017,1.0
1618,11873,1.0
1619,6058,1.0
1619,9365,1.0
1621,1622,1.0
1621,7536,1.0
1621,7083,1.0
1621,13997,1.0
1621,16596,1.0
1622,5078,1.0
1622,15569,1.0
1623,19960,1.0
1623,19940,1.0
1624,1625,1.0
1624,7873,1.0
1624,2936,1.0
1625,6915,1.0
1625,19120,1.0
1626,1627,1.0
1626,10543,1.0
1627,9314,1.0
1627,8572,1.0
1627,4790,1.0
1628,1629,1.0
1628,5208,1.0
1628,4773,1.0
1628,4192,1.0
1629,6491,1.0
1629,12512,1.0
1629,9472,1.0
1630,2153,1.0
1630,13473,1.0
1630,3672,1.0
1631,1632,1.0
1631,9231,1.0
1631,13010,1.0
1631,16471,1.0
1632,9496,1.0
1632,3592,1.0
1633,1634,1.0
1633,6341,1.0
1633,6528,1.0
1634,6166,1.0
1634,3829,1.0
1635,1636,1.0
1635,5424,1.0
1635,14187,1.0
1636,12117,1.0
1636,12688,1.0
1636,12355,1.0
1637,1638,1.0
1637,2202,1.0
1637,8234,1.0
1637,14213,1.0
1638,4550,1.0
1638,12812,1.0
1639,1640,1.0
1639,3686,1.0
1639,16468,1.0
1640,5888,1.0
1640,6804,1.0
1641,6623,1.0
1641,13083,1.0
1642,1643,1.0
1642,14317,1.0
1642,3209,1.0
1643,6273,1.0
1643,11204,1.0
1644,14309,1.0
1644,18002,1.0
1645,1646,1.0
1645,2657,1.0
1645,5789,1.0
1645,8707,1.0
1646,6132,1.0
1646,8502,1.0
1647,1648,1.0
1647,4024,1.0
1647,12286,1.0
1648,7350,1.0
1648,2393,1.0
1648,16893,1.0
1649,3381,1.0
1650,1651,1.0
1650,3276,1.0
1650,7923,1.0
1651,3277,1.0
1651,7911,1.0
1652,1653,1.0
1652,4799,1.0
1652,17668,1.0
1653,5796,1.0
1653,8848,1.0
1654,7689,1.0
1654,9207,1.0
1654,14268,1.0
1655,6318,1.0
1655,7955,1.0
1655,6530,1.0
1656,1657,1.0
1656,5452,1.0
1656,13394,1.0
1657,2990,1.0
1657,9149,1.0
1657,8203,1.0
1658,1659,1.0
1658,6060,1.0
1658,7409,1.0
1658,7897,1.0
1659,13956,1.0
1659,10747,1.0
1659,3223,1.0
1660,7937,1.0
1660,7405,1.0
1660,4708,1.0
1661,4879,1.0
1661,10325,1.0
1662,1663,1.0
1662,7283,1.0
1662,7459,1.0
1662,14179,1.0
1663,3955,1.0
1663,4005,1.0
1663,1824,1.0
1664,1665,1.0
1664,3298,1.0
1664,3794,1.0
1665,3880,1.0
1665,2773,1.0
1665,5805,1.0
1666,11693,1.0
1666,11077,1.0
1666,1724,1.0
1666,7102,1.0
1667,1668,1.0
1667,7540,1.0
1668,5432,1.0
1668,11127,1.0
1668,12320,1.0
1669,1670,1.0
1669,11512,1.0
1669,8934,1.0
1669,13306,1.0
1669,9480,1.0
1670,5005,1.0
1670,13515,1.0
1671,1672,1.0
1671,3061,1.0
1671,12127,1.0
1672,10145,1.0
1673,1674,1.0
1673,9865,1.0
1673,13228,1.0
1674,3013,1.0
1674,10623,1.0
1674,4309,1.0
1675,1676,1.0
1675,9249,1.0
1675,6310,1.0
1676,8037,1.0
1676,8363,1.0
1676,4289,1.0
1677,1678,1.0
1677,1689,1.0
1677,6391,1.0
1677,9466,1.0
1678,4066,1.0
1678,3798,1.0
1679,1680,1.0
1679,6557,1.0
1679,10955,1.0
1679,12525,1.0
1680,12804,1.0
1680,10956,1.0
1680,10498,1.0
1681,1682,1.0
1681,2800,1.0
1681,3751,1.0
1682,4314,1.0
1682,5118,1.0
1683,1684,1.0
1683,9964,1.0
1683,6980,1.0
1684,6252,1.0
1684,13250,1.0
1685,1686,1.0
1686,8865,1.0
1686,15071,1.0
1687,1688,1.0
1687,5391,1.0
1687,4269,1.0
1687,13190,1.0
1688,13191,1.0
1688,11456,1.0
1688,21176,1.0
1689,1863,1.0
1689,9465,1.0
1690,1691,1.0
1690,1780,1.0
1690,5226,1.0
1690,13900,1.0
1691,5438,1.0
1691,9197,1.0
1691,7734,1.0
1692,1693,1.0
1692,12054,1.0
1692,5145,1.0
1692,12752,1.0
1693,9264,1.0
1693,12752,1.0
1693,11503,1.0
1694,8304,1.0
1694,4100,1.0
1695,1696,1.0
1695,5269,1.0
1695,2420,1.0
1696,10954,1.0
1696,12925,1.0
1697,1698,1.0
1697,14319,1.0
1697,16444,1.0
1698,2873,1.0
1698,11224,1.0
1698,3915,1.0
1699,1700,1.0
1699,6608,1.0
1699,17671,1.0
1701,1702,1.0
1701,4949,1.0
1701,2604,1.0
1702,17737,1.0
1702,12858,1.0
1704,1705,1.0
1705,8074,1.0
1705,4625,1.0
1706,9753,1.0
1707,1708,1.0
1707,4556,1.0
1707,11664,1.0
1707,3430,1.0
1708,6869,1.0
1708,11923,1.0
1708,6494,1.0
1709,2802,1.0
1709,16975,1.0
1710,2155,1.0
1710,4398,1.0
1711,1712,1.0
1711,5960,1.0
1711,10975,1.0
1712,16129,1.0
1712,10975,1.0
1713,6785,1.0
1713,4796,1.0
1713,4514,1.0
1714,1715,1.0
1714,7082,1.0
1714,6974,1.0
1714,13367,1.0
1715,4016,1.0
1715,5159,1.0
1716,9093,1.0
1716,9607,1.0
1716,7004,1.0
1717,1718,1.0
1717,9481,1.0
1717,2825,1.0
1717,14123,1.0
1718,11447,1.0
1718,10158,1.0
1718,16699,1.0
1719,6720,1.0
1719,3652,1.0
1719,11894,1.0
1720,10820,1.0
1720,11108,1.0
1720,4389,1.0
1721,1722,1.0
1721,7173,1.0
1721,9255,1.0
1722,2546,1.0
1722,9819,1.0
1723,6292,1.0
1723,13722,1.0
1724,1725,1.0
1724,7880,1.0
1725,10377,1.0
1725,11077,1.0
1726,1727,1.0
1727,17416,1.0
1727,8401,1.0
1728,2262,1.0
1728,11891,1.0
1728,12405,1.0
1729,1730,1.0
1729,8975,1.0
1730,5965,1.0
1730,11720,1.0
1731,2039,1.0
1731,4868,1.0
1731,8427,1.0
1731,1937,1.0
1732,1733,1.0
1732,5746,1.0
1732,2902,1.0
1733,2916,1.0
1733,6441,1.0
1734,8244,1.0
1734,6033,1.0
1734,2147,1.0
1735,1736,1.0
1735,10201,1.0
1735,10339,1.0
1735,3551,1.0
1736,4348,1.0
1736,8039,1.0
1736,3552,1.0
1737,8964,1.0
1737,12896,1.0
1738,17575,1.0
1738,10925,1.0
1739,1740,1.0
1739,3227,1.0
1739,11044,1.0
1739,13179,1.0
1740,8358,1.0
1740,12418,1.0
1741,1742,1.0
1741,2775,1.0
1741,4546,1.0
1741,9819,1.0
1742,10219,1.0
1742,17222,1.0
1743,1744,1.0
1743,7850,1.0
1743,14545,1.0
1743,16580,1.0
1744,12970,1.0
1744,2606,1.0
1745,1746,1.0
1745,9117,1.0
1745,9919,1.0
1745,13089,1.0
1745,2910,1.0
1745,19396,1.0
1746,8383,1.0
1746,4039,1.0
1746,9920,1.0
1747,1748,1.0
1747,7548,1.0
1747,10434,1.0
1747,11551,1.0
1748,6608,1.0
1748,13417,1.0
1749,1750,1.0
1749,3529,1.0
1749,7763,1.0
1750,13162,1.0
1750,4643,1.0
1751,1752,1.0
1751,16598,1.0
1751,15451,1.0
1752,13152,1.0
1752,19417,1.0
1752,15452,1.0
1753,1754,1.0
1753,2480,1.0
1753,11007,1.0
1753,17693,1.0
1754,5152,1.0
1754,2480,1.0
1755,1756,1.0
1755,2132,1.0
1755,1929,1.0
1756,4386,1.0
1756,5332,1.0
1757,1758,1.0
1757,6300,1.0
1757,7438,1.0
1757,3765,1.0
1758,4994,1.0
1758,3766,1.0
1759,1760,1.0
1759,3944,1.0
1759,19072,1.0
1760,10977,1.0
1760,6144,1.0
1761,1762,1.0
1761,16283,1.0
1762,8907,1.0
1762,3266,1.0
1762,7604,1.0
1763,1764,1.0
1764,7722,1.0
1764,14664,1.0
1765,1766,1.0
1765,14107,1.0
1765,3577,1.0
1766,14196,1.0
1766,18435,1.0
1767,1768,1.0
1767,1975,1.0
1767,2447,1.0
1769,1770,1.0
1769,3634,1.0
1769,19934,1.0
1770,10607,1.0
1770,11370,1.0
1771,1772,1.0
1771,7717,1.0
1771,17335,1.0
1772,14808,1.0
1772,20171,1.0
1773,1774,1.0
1773,2479,1.0
1773,14647,1.0
1775,1776,1.0
1775,4952,1.0
1775,12131,1.0
1776,7279,1.0
1776,4952,1.0
1777,12921,1.0
1777,14248,1.0
1777,18739,1.0
1778,1779,1.0
1778,7552,1.0
1778,7228,1.0
1778,2822,1.0
1779,5904,1.0
1779,3882,1.0
1779,6291,1.0
1780,7248,1.0
1780,10924,1.0
1780,3245,1.0
1781,1782,1.0
1781,4875,1.0
1781,16979,1.0
1781,5082,1.0
1782,9885,1.0
1782,5083,1.0
1782,15892,1.0
1783,8959,1.0
1783,11096,1.0
1783,5862,1.0
1784,1785,1.0
1784,2113,1.0
1784,8532,1.0
1784,13488,1.0
1785,10447,1.0
1785,8533,1.0
1786,1787,1.0
1786,9615,1.0
1786,3364,1.0
1786,8176,1.0
1787,6875,1.0
1787,10202,1.0
1787,5496,1.0
1788,1789,1.0
1788,6123,1.0
1788,5393,1.0
1788,12590,1.0
1789,6876,1.0
1789,5537,1.0
1789,6522,1.0
1790,1791,1.0
1790,5268,1.0
1790,11118,1.0
1790,11386,1.0
1791,8944,1.0
1791,6059,1.0
1791,10174,1.0
1792,1793,1.0
1792,5401,1.0
1792,11098,1.0
1792,14858,1.0
1793,7400,1.0
1793,16655,1.0
1794,1795,1.0
1794,1842,1.0
1794,3471,1.0
1794,12716,1.0
1794,7592,1.0
1795,13256,1.0
1795,16093,1.0
1795,19568,1.0
1796,1797,1.0
1796,11078,1.0
1796,8128,1.0
1796,5280,1.0
1797,7220,1.0
1797,7294,1.0
1797,7896,1.0
1798,1799,1.0
1798,4034,1.0
1798,4708,1.0
1799,3565,1.0
1799,5834,1.0
1800,3798,1.0
1800,7088,1.0
1801,6263,1.0
1801,9908,1.0
1802,1803,1.0
1802,5086,1.0
1802,11323,1.0
1802,7994,1.0
1803,4205,1.0
1803,7995,1.0
1804,1805,1.0
1804,11725,1.0
1804,12085,1.0
1804,18486,1.0
1805,8035,1.0
1805,19468,1.0
1805,2677,1.0
1806,1807,1.0
1806,11072,1.0
1806,3120,1.0
1807,8038,1.0
1807,2847,1.0
1807,12660,1.0
1808,1809,1.0
1808,4848,1.0
1808,12859,1.0
1808,15957,1.0
1809,9617,1.0
1810,1811,1.0
1810,3442,1.0
1810,9656,1.0
1810,4850,1.0
1811,14425,1.0
1811,9657,1.0
1811,14339,1.0
1812,1813,1.0
1812,1825,1.0
1812,2676,1.0
1812,2425,1.0
1813,8689,1.0
1813,9796,1.0
1814,1815,1.0
1814,3022,1.0
1814,6013,1.0
1814,17380,1.0
1815,2010,1.0
1815,5485,1.0
1816,1817,1.0
1816,12249,1.0
1816,13468,1.0
1818,8473,1.0
1818,16797,1.0
1819,1820,1.0
1819,4182,1.0
1819,9305,1.0
1820,5275,1.0
1820,7861,1.0
1821,1822,1.0
1821,5800,1.0
1821,1995,1.0
1822,6730,1.0
1822,10236,1.0
1822,6614,1.0
1823,1824,1.0
1823,4005,1.0
1823,2403,1.0
1823,12771,1.0
1824,13842,1.0
1826,1827,1.0
1826,9956,1.0
1826,2951,1.0
1827,5685,1.0
1827,7391,1.0
1828,1829,1.0
1828,10339,1.0
1828,15267,1.0
1828,10201,1.0
1829,3204,1.0
1829,16163,1.0
1830,1831,1.0
1830,2866,1.0
1830,5792,1.0
1830,13372,1.0
1831,12098,1.0
1831,13372,1.0
1832,1833,1.0
1832,16610,1.0
1832,13901,1.0
1833,5935,1.0
1833,6368,1.0
1833,3112,1.0
1834,1835,1.0
1834,9244,1.0
1834,7185,1.0
1835,2289,1.0
1835,5677,1.0
1835,12866,1.0
1837,3723,1.0
1837,10631,1.0
1837,6355,1.0
1838,1839,1.0
1838,5651,1.0
1838,1865,1.0
1839,9817,1.0
1839,12226,1.0
1840,1841,1.0
1840,4123,1.0
1840,4452,1.0
1840,6405,1.0
1841,3946,1.0
1841,16546,1.0
1842,3470,1.0
1842,7591,1.0
1842,5755,1.0
1843,5373,1.0
1843,5971,1.0
1843,18514,1.0
1843,11986,1.0
1844,1845,1.0
1844,6995,1.0
1844,13686,1.0
1844,6648,1.0
1845,2264,1.0
1845,3358,1.0
1845,6577,1.0
1846,1847,1.0
1846,13085,1.0
1846,13662,1.0
1847,4154,1.0
1847,13645,1.0
1847,13662,1.0
1848,13928,1.0
1848,2328,1.0
1849,1850,1.0
1850,4720,1.0
1850,3814,1.0
1851,1852,1.0
1851,12035,1.0
1851,14555,1.0
1852,15692,1.0
1852,17873,1.0
1853,1854,1.0
1853,10778,1.0
1853,11747,1.0
1854,17256,1.0
1854,14606,1.0
1855,1856,1.0
1855,20245,1.0
1856,14758,1.0
1857,1858,1.0
1857,5355,1.0
1857,7528,1.0
1857,11005,1.0
1858,9104,1.0
1858,19157,1.0
1859,1860,1.0
1859,5818,1.0
1859,8341,1.0
1859,17996,1.0
1860,16407,1.0
1860,8342,1.0
1861,1862,1.0
1861,10115,1.0
1861,2441,1.0
1861,9597,1.0
1863,3388,1.0
1863,5093,1.0
1863,6391,1.0
1864,1865,1.0
1864,5651,1.0
1864,7498,1.0
1865,2623,1.0
1865,12226,1.0
1866,4701,1.0
1866,13805,1.0
1867,1868,1.0
1867,16807,1.0
1867,17855,1.0
1868,3686,1.0
1868,12711,1.0
1869,1870,1.0
1869,11288,1.0
1869,20434,1.0
1870,12875,1.0
1870,5734,1.0
1870,20436,1.0
1871,1872,1.0
1872,16201,1.0
1872,16487,1.0
1872,3435,1.0
1873,1874,1.0
1873,8940,1.0
1873,7194,1.0
1874,2797,1.0
1874,7947,1.0
1875,1876,1.0
1875,7378,1.0
1875,10737,1.0
1875,11279,1.0
1876,12640,1.0
1876,16745,1.0
1876,14022,1.0
1877,1878,1.0
1877,4676,1.0
1877,8082,1.0
1877,4810,1.0
1878,15346,1.0
1878,16607,1.0
1879,2274,1.0
1879,9391,1.0
1879,9564,1.0
1879,7236,1.0
1879,6363,1.0
1880,1881,1.0
1880,3900,1.0
1880,7844,1.0
1880,5276,1.0
1881,3901,1.0
1881,13668,1.0
1882,1883,1.0
1882,7612,1.0
1882,3890,1.0
1883,2667,1.0
1884,1885,1.0
1884,2981,1.0
1884,11634,1.0
1884,11845,1.0
1885,3179,1.0
1885,12871,1.0
1885,15494,1.0
1885,20463,1.0
1886,1887,1.0
1886,6385,1.0
1887,7614,1.0
1887,11834,1.0
1888,1889,1.0
1888,7813,1.0
1888,4548,1.0
1888,14753,1.0
1889,8775,1.0
1889,9330,1.0
1890,1891,1.0
1890,12316,1.0
1890,12831,1.0
1890,8492,1.0
1891,7423,1.0
1891,13085,1.0
1891,18509,1.0
1891,13216,1.0
1892,1893,1.0
1892,2456,1.0
1892,5671,1.0
1892,5955,1.0
1893,6126,1.0
1893,9735,1.0
1894,1895,1.0
1894,4459,1.0
1894,11169,1.0
1894,3429,1.0
1895,3920,1.0
1895,3430,1.0
1895,7699,1.0
1896,1897,1.0
1896,12694,1.0
1896,5599,1.0
1897,14558,1.0
1898,15573,1.0
1899,1900,1.0
1899,8517,1.0
1899,12258,1.0
1899,5943,1.0
1900,12258,1.0
1900,19090,1.0
1901,17286,1.0
1901,7421,1.0
1901,5810,1.0
1902,1903,1.0
1902,8466,1.0
1902,12405,1.0
1903,14374,1.0
1903,16086,1.0
1904,5478,1.0
1904,2130,1.0
1904,4638,1.0
1905,1938,1.0
1905,2573,1.0
1905,6069,1.0
1906,1907,1.0
1906,4199,1.0
1906,14640,1.0
1907,9733,1.0
1907,4008,1.0
1908,1909,1.0
1908,14340,1.0
1908,19713,1.0
1908,19717,1.0
1909,7977,1.0
1909,19712,1.0
1910,2299,1.0
1910,12270,1.0
1910,13929,1.0
1911,7944,1.0
1911,15016,1.0
1912,1913,1.0
1913,20338,1.0
1913,7593,1.0
1914,5903,1.0
1914,8146,1.0
1914,9704,1.0
1915,12337,1.0
1915,7235,1.0
1916,1917,1.0
1916,3246,1.0
1916,5261,1.0
1917,11411,1.0
1917,3530,1.0
1918,1919,1.0
1918,4844,1.0
1918,9274,1.0
1918,2663,1.0
1919,2724,1.0
1919,16458,1.0
1919,19401,1.0
1920,4373,1.0
1920,14247,1.0
1920,13241,1.0
1921,1922,1.0
1921,7863,1.0
1921,9876,1.0
1923,1924,1.0
1923,4956,1.0
1924,5769,1.0
1924,5780,1.0
1925,1926,1.0
1925,11793,1.0
1926,3462,1.0
1926,2520,1.0
1927,1928,1.0
1927,5273,1.0
1927,5188,1.0
1927,9664,1.0
1928,3929,1.0
1928,8062,1.0
1928,5849,1.0
1929,1930,1.0
1929,5332,1.0
1930,3821,1.0
1930,5015,1.0
1930,18194,1.0
1931,1932,1.0
1931,10069,1.0
1931,9163,1.0
1931,8173,1.0
1932,5773,1.0
1932,4982,1.0
1932,7869,1.0
1933,1934,1.0
1934,4559,1.0
1935,1936,1.0
1936,7097,1.0
1936,13690,1.0
1937,2864,1.0
1937,9343,1.0
1939,1940,1.0
1939,4974,1.0
1939,9939,1.0
1939,13554,1.0
1940,7325,1.0
1940,11706,1.0
1940,7679,1.0
1941,1942,1.0
1941,6121,1.0
1941,10180,1.0
1941,12223,1.0
1942,5723,1.0
1942,11723,1.0
1942,15432,1.0
1942,5933,1.0
1942,10599,1.0
1942,2783,1.0
1943,1944,1.0
1943,3936,1.0
1943,14099,1.0
1943,17964,1.0
1944,3769,1.0
1944,14226,1.0
1944,3937,1.0
1945,1946,1.0
1945,4727,1.0
1945,15637,1.0
1947,1948,1.0
1947,8483,1.0
1947,3476,1.0
1947,10223,1.0
1948,2876,1.0
1948,4553,1.0
1949,1950,1.0
1949,7486,1.0
1949,12025,1.0
1950,2239,1.0
1950,12570,1.0
1951,1952,1.0
1951,14718,1.0
1951,14516,1.0
1952,3617,1.0
1952,5420,1.0
1952,11853,1.0
1953,1954,1.0
1953,5751,1.0
1953,13414,1.0
1953,14901,1.0
1954,12705,1.0
1954,2929,1.0
1954,13161,1.0
1955,9404,1.0
1955,10321,1.0
1955,8709,1.0
1956,1957,1.0
1956,4229,1.0
1956,3568,1.0
1956,3164,1.0
1957,6143,1.0
1957,9045,1.0
1957,6808,1.0
1958,1959,1.0
1958,7450,1.0
1958,9958,1.0
1958,10249,1.0
1959,9338,1.0
1959,5627,1.0
1959,19075,1.0
1960,1961,1.0
1960,6293,1.0
1960,14219,1.0
1960,17697,1.0
1961,12386,1.0
1961,9707,1.0
1961,14568,1.0
1962,1963,1.0
1962,2110,1.0
1962,9763,1.0
1962,20688,1.0
1963,10590,1.0
1963,2809,1.0
1963,15717,1.0
1964,1965,1.0
1964,11683,1.0
1965,12363,1.0
1965,7992,1.0
1966,1967,1.0
1966,5460,1.0
1966,2007,1.0
1967,8164,1.0
1967,5461,1.0
1968,2176,1.0
1969,1970,1.0
1969,15483,1.0
1969,17868,1.0
1969,13321,1.0
1970,5160,1.0
1970,11566,1.0
1970,5484,1.0
1971,1972,1.0
1971,4883,1.0
1971,13868,1.0
1971,5816,1.0
1972,14605,1.0
1972,10356,1.0
1973,10888,1.0
1973,14129,1.0
1973,7442,1.0
1974,1975,1.0
1974,12219,1.0
1974,16103,1.0
1974,4627,1.0
1975,10324,1.0
1976,1977,1.0
1976,7460,1.0
1976,14688,1.0
1976,15850,1.0
1977,4976,1.0
1977,14240,1.0
1977,8174,1.0
1978,1979,1.0
1978,2057,1.0
1978,20232,1.0
1979,13611,1.0
1979,14500,1.0
1980,1981,1.0
1980,15965,1.0
1980,16733,1.0
1980,16907,1.0
1981,4585,1.0
1981,8411,1.0
1981,6528,1.0
1982,1983,1.0
1982,2726,1.0
1982,8905,1.0
1983,5453,1.0
1983,8216,1.0
1983,8254,1.0
1984,9748,1.0
1984,7042,1.0
1985,1986,1.0
1985,9579,1.0
1985,7384,1.0
1986,6493,1.0
1986,13744,1.0
1986,7385,1.0
1987,1988,1.0
1987,4178,1.0
1987,10696,1.0
1987,2605,1.0
1989,7792,1.0
1989,7214,1.0
1989,13725,1.0
1990,1991,1.0
1990,9060,1.0
1990,7959,1.0
1990,5521,1.0
1991,10707,1.0
1991,5522,1.0
1992,1993,1.0
1992,10716,1.0
1992,11337,1.0
1994,1995,1.0
1994,16307,1.0
1994,14134,1.0
1995,6614,1.0
1995,7304,1.0
1996,1997,1.0
1996,7191,1.0
1996,8850,1.0
1996,11616,1.0
1997,11390,1.0
1997,7427,1.0
1997,13773,1.0
1998,10679,1.0
1998,8728,1.0
1998,10442,1.0
1999,2000,1.0
1999,6159,1.0
1999,8237,1.0
1999,17998,1.0
2000,11839,1.0
2000,2047,1.0
2000,10253,1.0
2001,2002,1.0
2001,10683,1.0
2001,13074,1.0
2002,8405,1.0
2002,5213,1.0
2002,10189,1.0
2003,4863,1.0
2003,14545,1.0
2003,4409,1.0
2003,10319,1.0
2004,2005,1.0
2004,2602,1.0
2004,6704,1.0
2004,17765,1.0
2005,4300,1.0
2005,10795,1.0
2005,6587,1.0
2006,2007,1.0
2007,2090,1.0
2008,2009,1.0
2008,4726,1.0
2008,5485,1.0
2009,13408,1.0
2010,6210,1.0
2010,14221,1.0
2012,2013,1.0
2012,6376,1.0
2012,10047,1.0
2012,9764,1.0
2013,2956,1.0
2013,9764,1.0
2013,7907,1.0
2014,2015,1.0
2014,7961,1.0
2014,16661,1.0
2014,11537,1.0
2015,5438,1.0
2015,5349,1.0
2015,19334,1.0
2016,2017,1.0
2016,5513,1.0
2016,4894,1.0
2016,10951,1.0
2017,7381,1.0
2017,5530,1.0
2017,7128,1.0
2018,2019,1.0
2018,2108,1.0
2018,13790,1.0
2019,2108,1.0
2019,4303,1.0
2020,2021,1.0
2020,3609,1.0
2020,8403,1.0
2020,3968,1.0
2021,8404,1.0
2021,16397,1.0
2022,2023,1.0
2022,6827,1.0
2022,11815,1.0
2024,2025,1.0
2025,16967,1.0
2025,19459,1.0
2026,2027,1.0
2026,4491,1.0
2026,12591,1.0
2026,17767,1.0
2027,2889,1.0
2027,6808,1.0
2027,9767,1.0
2028,4254,1.0
2028,4686,1.0
2028,16507,1.0
2029,2030,1.0
2029,7178,1.0
2029,13234,1.0
2029,5309,1.0
2030,5309,1.0
2030,10557,1.0
2030,15671,1.0
2030,7398,1.0
2030,11919,1.0
2031,2032,1.0
2031,13908,1.0
2031,17145,1.0
2031,15718,1.0
2033,2034,1.0
2033,17059,1.0
2033,14693,1.0
2035,2036,1.0
2035,12575,1.0
2035,11996,1.0
2035,11890,1.0
2036,3746,1.0
2036,5838,1.0
2036,12074,1.0
2037,2038,1.0
2037,16861,1.0
2037,16716,1.0
2038,4924,1.0
2038,9698,1.0
2039,19983,1.0
2039,19996,1.0
2040,2041,1.0
2040,5821,1.0
2040,3662,1.0
2041,11155,1.0
2041,3487,1.0
2042,2043,1.0
2042,5168,1.0
2042,14370,1.0
2042,3720,1.0
2043,4965,1.0
2043,3721,1.0
2044,8165,1.0
2044,14223,1.0
2045,2046,1.0
2045,7387,1.0
2045,7559,1.0
2046,5347,1.0
2047,2048,1.0
2047,6159,1.0
2047,4722,1.0
2048,11839,1.0
2048,4723,1.0
2049,2050,1.0
2049,7485,1.0
2049,11535,1.0
2050,9181,1.0
2050,9583,1.0
2050,4728,1.0
2051,9602,1.0
2051,10267,1.0
2051,7856,1.0
2052,2053,1.0
2053,5553,1.0
2053,13003,1.0
2053,11832,1.0
2054,2055,1.0
2054,11949,1.0
2054,11076,1.0
2055,5482,1.0
2055,17924,1.0
2056,8867,1.0
2056,2324,1.0
2056,17409,1.0
2057,7389,1.0
2057,4826,1.0
2057,14356,1.0
2058,2059,1.0
2058,7377,1.0
2058,7151,1.0
2058,12919,1.0
2059,3492,1.0
2059,6700,1.0
2060,2061,1.0
2060,11439,1.0
2060,6846,1.0
2060,3906,1.0
2061,4621,1.0
2061,4620,1.0
2062,11571,1.0
2062,13391,1.0
2062,9004,1.0
2063,2064,1.0
2064,17124,1.0
2064,16415,1.0
2065,2066,1.0
2065,3941,1.0
2065,14260,1.0
2066,2759,1.0
2066,7184,1.0
2067,5783,1.0
2067,4107,1.0
2068,2069,1.0
2068,2588,1.0
2068,9701,1.0
2068,4906,1.0
2069,3478,1.0
2069,5970,1.0
2070,2071,1.0
2070,3209,1.0
2071,2287,1.0
2071,6700,1.0
2072,2073,1.0
2072,9879,1.0
2072,6842,1.0
2072,14142,1.0
2073,3251,1.0
2074,9647,1.0
2075,2076,1.0
2075,6328,1.0
2075,9077,1.0
2076,5142,1.0
2076,13482,1.0
2077,2396,1.0
2077,16257,1.0
2077,13720,1.0
2078,2079,1.0
2078,4897,1.0
2078,20467,1.0
2078,5972,1.0
2079,7221,1.0
2079,5972,1.0
2080,2081,1.0
2080,8436,1.0
2080,8056,1.0
2080,13489,1.0
2081,7755,1.0
2081,6787,1.0
2081,7890,1.0
2082,2083,1.0
2082,9633,1.0
2082,5902,1.0
2083,7740,1.0
2083,5480,1.0
2084,2085,1.0
2084,11036,1.0
2084,4834,1.0
2084,11407,1.0
2085,2785,1.0
2085,4412,1.0
2085,12307,1.0
2086,2087,1.0
2086,2091,1.0
2086,11231,1.0
2087,8673,1.0
2088,2089,1.0
2088,6216,1.0
2088,5977,1.0
2088,11472,1.0
2089,11549,1.0
2089,6217,1.0
2090,2091,1.0
2090,11231,1.0
2091,5460,1.0
2092,2093,1.0
2092,4112,1.0
2093,12019,1.0
2093,20224,1.0
2094,2095,1.0
2094,4402,1.0
2094,5231,1.0
2094,7919,1.0
2095,3178,1.0
2095,4741,1.0
2096,2097,1.0
2096,5497,1.0
2096,5517,1.0
2096,4935,1.0
2097,5421,1.0
2097,4575,1.0
2098,2099,1.0
2098,6708,1.0
2098,13182,1.0
2098,2430,1.0
2099,4765,1.0
2099,7966,1.0
2099,9149,1.0
2100,2101,1.0
2100,7687,1.0
2100,9209,1.0
2100,10891,1.0
2101,8072,1.0
2101,12547,1.0
2101,13375,1.0
2102,2103,1.0
2102,5081,1.0
2102,10284,1.0
2102,4558,1.0
2103,5880,1.0
2103,6435,1.0
2103,9828,1.0
2104,2105,1.0
2104,4894,1.0
2104,13343,1.0
2104,8377,1.0
2105,5530,1.0
2105,13934,1.0
2105,19424,1.0
2106,2107,1.0
2106,4960,1.0
2106,5533,1.0
2107,4085,1.0
2107,3756,1.0
2107,6295,1.0
2108,3455,1.0
2108,8760,1.0
2109,2110,1.0
2109,2357,1.0
2109,16441,1.0
2109,9763,1.0
2110,2809,1.0
2110,7212,1.0
2111,2112,1.0
2111,6851,1.0
2111,10936,1.0
2111,4148,1.0
2112,3495,1.0
2112,14856,1.0
2113,2114,1.0
2113,2635,1.0
2113,10447,1.0
2114,9310,1.0
2114,5038,1.0
2114,6136,1.0
2115,2116,1.0
2115,10203,1.0
2115,8952,1.0
2116,2239,1.0
2116,2799,1.0
2116,6028,1.0
2117,10183,1.0
2117,10961,1.0
2117,8421,1.0
2118,2119,1.0
2118,11363,1.0
2118,14071,1.0
2120,2121,1.0
2120,13222,1.0
2120,17736,1.0
2120,2689,1.0
2121,9256,1.0
2121,14685,1.0
2121,14656,1.0
2122,2123,1.0
2122,8163,1.0
2122,20486,1.0
2123,7984,1.0
2123,19691,1.0
2124,2125,1.0
2124,8109,1.0
2124,3379,1.0
2125,4542,1.0
2125,6623,1.0
2126,10128,1.0
2126,11607,1.0
2127,2128,1.0
2127,6400,1.0
2127,8816,1.0
2127,10901,1.0
2128,5669,1.0
2128,4677,1.0
2129,2130,1.0
2129,2348,1.0
2129,12165,1.0
2130,11868,1.0
2130,12165,1.0
2131,2132,1.0
2131,2228,1.0
2132,2303,1.0
2132,4386,1.0
2133,2134,1.0
2133,8557,1.0
2133,7909,1.0
2134,10409,1.0
2134,6576,1.0
2134,5954,1.0
2135,2136,1.0
2135,4179,1.0
2135,5642,1.0
2135,12075,1.0
2136,6680,1.0
2136,16509,1.0
2136,4651,1.0
2137,2138,1.0
2137,10729,1.0
2137,7245,1.0
2138,3236,1.0
2138,11036,1.0
2139,2140,1.0
2139,15564,1.0
2139,14943,1.0
2140,12868,1.0
2140,14943,1.0
2141,2142,1.0
2141,11391,1.0
2141,11883,1.0
2142,4063,1.0
2143,2144,1.0
2143,10365,1.0
2143,4259,1.0
2144,9453,1.0
2144,8756,1.0
2145,3160,1.0
2145,2555,1.0
2145,12520,1.0
2146,2147,1.0
2146,6109,1.0
2146,16962,1.0
2146,16352,1.0
2147,7773,1.0
2147,3897,1.0
2148,2149,1.0
2148,8474,1.0
2148,7854,1.0
2148,7250,1.0
2149,6799,1.0
2149,3985,1.0
2150,2151,1.0
2150,6367,1.0
2150,7500,1.0
2150,2930,1.0
2150,5697,1.0
2151,11085,1.0
2151,15616,1.0
2152,6373,1.0
2152,8435,1.0
2152,3586,1.0
2153,2154,1.0
2153,12571,1.0
2153,13603,1.0
2154,9259,1.0
2154,9078,1.0
2154,10108,1.0
2155,11887,1.0
2155,11031,1.0
2156,2157,1.0
2156,5338,1.0
2156,3044,1.0
2157,3043,1.0
2157,5338,1.0
2158,2159,1.0
2158,10150,1.0
2158,8389,1.0
2159,7704,1.0
2159,5264,1.0
2160,2161,1.0
2160,7070,1.0
2160,3221,1.0
2161,4015,1.0
2161,8854,1.0
2162,5077,1.0
2162,3138,1.0
2162,9360,1.0
2163,2164,1.0
2163,8353,1.0
2163,4173,1.0
2163,7415,1.0
2164,11647,1.0
2164,4020,1.0
2165,10866,1.0
2166,2167,1.0
2166,11246,1.0
2166,14351,1.0
2167,5029,1.0
2167,17179,1.0
2168,2169,1.0
2168,7858,1.0
2168,8440,1.0
2169,4626,1.0
2169,15961,1.0
2169,16071,1.0
2170,2171,1.0
2170,8023,1.0
2170,6459,1.0
2171,12923,1.0
2171,6460,1.0
2171,14296,1.0
2172,2173,1.0
2172,9966,1.0
2172,19290,1.0
2172,20561,1.0
2173,6418,1.0
2173,5565,1.0
2173,15308,1.0
2174,2175,1.0
2174,11175,1.0
2174,11667,1.0
2175,7136,1.0
2175,3025,1.0
2176,4055,1.0
2176,13698,1.0
2177,2178,1.0
2177,3252,1.0
2177,15051,1.0
2177,2490,1.0
2179,2180,1.0
2179,7486,1.0
2179,10407,1.0
2179,9055,1.0
2180,10027,1.0
2180,5155,1.0
2180,5107,1.0
2181,2182,1.0
2181,5214,1.0
2181,5328,1.0
2181,3080,1.0
2182,13347,1.0
2182,16828,1.0
2182,7897,1.0
2183,2184,1.0
2184,15793,1.0
2184,6897,1.0
2185,2186,1.0
2185,7807,1.0
2185,11850,1.0
2186,3136,1.0
2186,12563,1.0
2186,13582,1.0
2187,2188,1.0
2187,8560,1.0
2187,6790,1.0
2188,5681,1.0
2188,8561,1.0
2188,11700,1.0
2189,2190,1.0
2190,14190,1.0
2190,14480,1.0
2190,13448,1.0
2191,2192,1.0
2191,4087,1.0
2191,10310,1.0
2192,6622,1.0
2192,4973,1.0
2193,2194,1.0
2193,7639,1.0
2193,3351,1.0
2193,20892,1.0
2194,5794,1.0
2194,3352,1.0
2194,7183,1.0
2195,13208,1.0
2195,13706,1.0
2195,13207,1.0
2196,9283,1.0
2196,14229,1.0
2196,8418,1.0
2197,4657,1.0
2197,12801,1.0
2197,11997,1.0
2198,2199,1.0
2198,6454,1.0
2198,9450,1.0
2199,2944,1.0
2199,7317,1.0
2199,3051,1.0
2200,2201,1.0
2200,9430,1.0
2200,19324,1.0
2201,4382,1.0
2201,14293,1.0
2202,2203,1.0
2202,10789,1.0
2202,14213,1.0
2202,16506,1.0
2203,10789,1.0
2203,18106,1.0
2204,2205,1.0
2204,6274,1.0
2205,16159,1.0
2205,19489,1.0
2206,2207,1.0
2206,4635,1.0
2206,12051,1.0
2206,9040,1.0
2207,2740,1.0
2207,9041,1.0
2207,2733,1.0
2209,3131,1.0
2209,21153,1.0
2210,2211,1.0
2210,6419,1.0
2210,9618,1.0
2210,10544,1.0
2211,7364,1.0
2211,10544,1.0
2212,2213,1.0
2212,11234,1.0
2212,4155,1.0
2212,12154,1.0
2214,2215,1.0
2215,11244,1.0
2215,17470,1.0
2216,2217,1.0
2216,11444,1.0
2216,13511,1.0
2217,12901,1.0
2217,13323,1.0
2218,2219,1.0
2218,7170,1.0
2218,12020,1.0
2219,5805,1.0
2219,6115,1.0
2219,3880,1.0
2220,3072,1.0
2220,13870,1.0
2221,2222,1.0
2221,14705,1.0
2221,8896,1.0
2221,7097,1.0
2223,2224,1.0
2223,7116,1.0
2223,9382,1.0
2225,2226,1.0
2225,6181,1.0
2225,12718,1.0
2226,4100,1.0
2226,8573,1.0
2227,9819,1.0
2227,2948,1.0
2227,4546,1.0
2228,2303,1.0
2228,12199,1.0
2229,2230,1.0
2229,11297,1.0
2229,11807,1.0
2230,8610,1.0
2230,9720,1.0
2231,2232,1.0
2232,7927,1.0
2232,20550,1.0
2233,2234,1.0
2233,9905,1.0
2233,20509,1.0
2234,4564,1.0
2234,13585,1.0
2234,4876,1.0
2235,2236,1.0
2235,6017,1.0
2235,9118,1.0
2235,21190,1.0
2236,4153,1.0
2236,4921,1.0
2236,7449,1.0
2237,2238,1.0
2237,3818,1.0
2237,7594,1.0
2237,11599,1.0
2238,5280,1.0
2238,11078,1.0
2238,9984,1.0
2239,12925,1.0
2239,6457,1.0
2240,2241,1.0
2240,10166,1.0
2241,17024,1.0
2242,2243,1.0
2242,4652,1.0
2242,6680,1.0
2243,13502,1.0
2243,6506,1.0
2244,2245,1.0
2244,7229,1.0
2244,12878,1.0
2244,7727,1.0
2245,16715,1.0
2245,12878,1.0
2246,2247,1.0
2246,10066,1.0
2246,11239,1.0
2247,2317,1.0
2247,3626,1.0
2247,9876,1.0
2248,2249,1.0
2248,7432,1.0
2248,14711,1.0
2249,9304,1.0
2249,3363,1.0
2250,2251,1.0
2250,2274,1.0
2250,8132,1.0
2250,3776,1.0
2251,12667,1.0
2251,11518,1.0
2252,14172,1.0
2252,11489,1.0
2253,2254,1.0
2253,5160,1.0
2253,11566,1.0
2254,2692,1.0
2254,5068,1.0
2255,5974,1.0
2255,17648,1.0
2257,2258,1.0
2257,10088,1.0
2257,16070,1.0
2258,11590,1.0
2258,14725,1.0
2259,2260,1.0
2259,3715,1.0
2259,14660,1.0
2260,4080,1.0
2261,2262,1.0
2261,6758,1.0
2261,11891,1.0
2261,16117,1.0
2262,12583,1.0
2263,3037,1.0
2263,7323,1.0
2263,18273,1.0
2263,8085,1.0
2264,3394,1.0
2264,6995,1.0
2264,12759,1.0
2265,2266,1.0
2265,10510,1.0
2265,5590,1.0
2265,7620,1.0
2266,10095,1.0
2266,3944,1.0
2266,5026,1.0
2267,8983,1.0
2267,5278,1.0
2268,2269,1.0
2268,7786,1.0
2268,6985,1.0
2269,7786,1.0
2269,5384,1.0
2270,2271,1.0
2270,9605,1.0
2270,5626,1.0
2270,12894,1.0
2271,16419,1.0
2271,8905,1.0
2272,2273,1.0
2272,2725,1.0
2272,4140,1.0
2272,3142,1.0
2273,10437,1.0
2274,8578,1.0
2274,9564,1.0
2275,2276,1.0
2275,12252,1.0
2275,8999,1.0
2275,3172,1.0
2276,2756,1.0
2276,3366,1.0
2277,2278,1.0
2277,8103,1.0
2277,10587,1.0
2277,11242,1.0
2278,8877,1.0
2278,14892,1.0
2278,16194,1.0
2279,2280,1.0
2279,4244,1.0
2279,13253,1.0
2279,7645,1.0
2280,2290,1.0
2280,16347,1.0
2280,11710,1.0
2281,2282,1.0
2281,4498,1.0
2281,2709,1.0
2283,2284,1.0
2283,5951,1.0
2283,2631,1.0
2283,17533,1.0
2284,3907,1.0
2284,7297,1.0
2285,2286,1.0
2285,2638,1.0
2285,17778,1.0
2285,17295,1.0
2286,8139,1.0
2286,17896,1.0
2287,2288,1.0
2287,3281,1.0
2287,10384,1.0
2288,3737,1.0
2288,10051,1.0
2289,4892,1.0
2289,9244,1.0
2289,16803,1.0
2290,2291,1.0
2290,6889,1.0
2290,18448,1.0
2291,4603,1.0
2291,13196,1.0
2291,18449,1.0
2292,2293,1.0
2292,2764,1.0
2292,13382,1.0
2292,13118,1.0
2293,5733,1.0
2293,17885,1.0
2293,17940,1.0
2294,12010,1.0
2294,13446,1.0
2294,9326,1.0
2295,2296,1.0
2295,12721,1.0
2296,12721,1.0
2297,2298,1.0
2297,5760,1.0
2297,13539,1.0
2298,9200,1.0
2298,7987,1.0
2298,9150,1.0
2299,6490,1.0
2299,10799,1.0
2299,8199,1.0
2300,2301,1.0
2300,10127,1.0
2300,13835,1.0
2301,4672,1.0
2301,10128,1.0
2302,2303,1.0
2302,4508,1.0
2302,12199,1.0
2302,4424,1.0
2303,8592,1.0
2304,8155,1.0
2304,6896,1.0
2305,2306,1.0
2305,10202,1.0
2305,6875,1.0
2306,10605,1.0
2306,9971,1.0
2306,3962,1.0
2307,2308,1.0
2307,8797,1.0
2307,3218,1.0
2308,3096,1.0
2308,15832,1.0
2309,2310,1.0
2309,2494,1.0
2309,6586,1.0
2309,5003,1.0
2310,19000,1.0
2310,20041,1.0
2311,3918,1.0
2311,4972,1.0
2311,12380,1.0
2311,13082,1.0
2312,2313,1.0
2312,14666,1.0
2312,10172,1.0
2313,3827,1.0
2313,12657,1.0
2313,11284,1.0
2314,2315,1.0
2314,4783,1.0
2314,7288,1.0
2314,11023,1.0
2315,5774,1.0
2315,7011,1.0
2315,7895,1.0
2316,5183,1.0
2316,11392,1.0
2316,15030,1.0
2316,5750,1.0
2316,17110,1.0
2317,2318,1.0
2317,8157,1.0
2317,2850,1.0
2318,7502,1.0
2318,16659,1.0
2318,3171,1.0
2319,10982,1.0
2319,16159,1.0
2320,2321,1.0
2320,7701,1.0
2320,7876,1.0
2320,6851,1.0
2321,4392,1.0
2321,20303,1.0
2322,2323,1.0
2322,4810,1.0
2322,10630,1.0
2322,12045,1.0
2323,4811,1.0
2323,8925,1.0
2324,2325,1.0
2324,9921,1.0
2324,12557,1.0
2326,2327,1.0
2326,11766,1.0
2326,12903,1.0
2327,6148,1.0
2327,13625,1.0
2328,9705,1.0
2329,2330,1.0
2329,9356,1.0
2329,4182,1.0
2329,6088,1.0
2330,4182,1.0
2331,2332,1.0
2331,7206,1.0
2331,7606,1.0
2332,5327,1.0
2332,10462,1.0
2333,4216,1.0
2333,7301,1.0
2333,20598,1.0
2334,2335,1.0
2334,11198,1.0
2334,10057,1.0
2335,6090,1.0
2335,11198,1.0
2336,2337,1.0
2336,17047,1.0
2336,19013,1.0
2337,13618,1.0
2337,16716,1.0
2337,17047,1.0
2338,2339,1.0
2338,17039,1.0
2338,7903,1.0
2339,11706,1.0
2339,8873,1.0
2339,9027,1.0
2339,9295,1.0
2340,2341,1.0
2340,3462,1.0
2340,10599,1.0
2340,14204,1.0
2341,6932,1.0
2341,2521,1.0
2341,10347,1.0
2342,2343,1.0
2342,16686,1.0
2342,8134,1.0
2343,9536,1.0
2344,2345,1.0
2344,3706,1.0
2344,14191,1.0
2344,10784,1.0
2345,3707,1.0
2345,9822,1.0
2346,2347,1.0
2346,5595,1.0
2346,5635,1.0
2346,11205,1.0
2347,3197,1.0
2347,9249,1.0
2347,6310,1.0
2348,7477,1.0
2348,2545,1.0
2348,7940,1.0
2349,2350,1.0
2349,3316,1.0
2349,8031,1.0
2350,10329,1.0
2350,3090,1.0
2351,2352,1.0
2351,5402,1.0
2351,3837,1.0
2351,5335,1.0
2352,2368,1.0
2352,4404,1.0
2353,16532,1.0
2353,19128,1.0
2353,7848,1.0
2354,2355,1.0
2354,9363,1.0
2354,16554,1.0
2354,16502,1.0
2355,2533,1.0
2355,9460,1.0
2355,13576,1.0
2356,2357,1.0
2356,2579,1.0
2356,12076,1.0
2357,4612,1.0
2358,2359,1.0
2358,5520,1.0
2358,8328,1.0
2359,5814,1.0
2359,6945,1.0
2360,2361,1.0
2360,12638,1.0
2360,13763,1.0
2361,3858,1.0
2361,3319,1.0
2361,9233,1.0
2362,2363,1.0
2362,3345,1.0
2362,13178,1.0
2364,2365,1.0
2364,3540,1.0
2364,14396,1.0
2364,18802,1.0
2365,7628,1.0
2365,20487,1.0
2365,20488,1.0
2366,2367,1.0
2366,12631,1.0
2367,7336,1.0
2367,14497,1.0
2367,19805,1.0
2368,11349,1.0
2368,14106,1.0
2368,5336,1.0
2368,5300,1.0
2369,2370,1.0
2369,7252,1.0
2369,4529,1.0
2370,9611,1.0
2370,6989,1.0
2370,11058,1.0
2371,2372,1.0
2371,4068,1.0
2371,2551,1.0
2371,12927,1.0
2372,2651,1.0
2372,6318,1.0
2372,11060,1.0
2373,2374,1.0
2373,13092,1.0
2373,17534,1.0
2373,18384,1.0
2373,19255,1.0
2373,16594,1.0
2373,20404,1.0
2374,9080,1.0
2374,20905,1.0
2375,2376,1.0
2375,5339,1.0
2375,6121,1.0
2375,4930,1.0
2376,12223,1.0
2376,15433,1.0
2377,7739,1.0
2377,16222,1.0
2378,2379,1.0
2378,7400,1.0
2379,6512,1.0
2379,20049,1.0
2380,2381,1.0
2380,3348,1.0
2380,7079,1.0
2380,20470,1.0
2381,7174,1.0
2381,4050,1.0
2381,19390,1.0
2382,2383,1.0
2382,5965,1.0
2382,7449,1.0
2382,14917,1.0
2383,7450,1.0
2383,10249,1.0
2384,2385,1.0
2384,10789,1.0
2384,16360,1.0
2384,14213,1.0
2385,4410,1.0
2385,12812,1.0
2386,2387,1.0
2386,2547,1.0
2386,5114,1.0
2386,7735,1.0
2387,7735,1.0
2387,9772,1.0
2388,2389,1.0
2388,12715,1.0
2388,13591,1.0
2388,20587,1.0
2389,3758,1.0
2389,3851,1.0
2389,8709,1.0
2390,9440,1.0
2390,11305,1.0
2390,13213,1.0
2391,2392,1.0
2391,11448,1.0
2391,19793,1.0
2392,7379,1.0
2392,9630,1.0
2393,2394,1.0
2393,11302,1.0
2393,8863,1.0
2394,8352,1.0
2394,3860,1.0
2395,2396,1.0
2395,6065,1.0
2395,3808,1.0
2395,15409,1.0
2396,5062,1.0
2396,11069,1.0
2397,2398,1.0
2397,6867,1.0
2397,8080,1.0
2397,11629,1.0
2398,5693,1.0
2398,11785,1.0
2398,6867,1.0
2399,2400,1.0
2399,10078,1.0
2399,13227,1.0
2399,5853,1.0
2400,11288,1.0
2400,14265,1.0
2401,2402,1.0
2402,3636,1.0
2402,9299,1.0
2403,2404,1.0
2403,6554,1.0
2404,12771,1.0
2405,2406,1.0
2405,8541,1.0
2405,6430,1.0
2405,6562,1.0
2406,7000,1.0
2406,3786,1.0
2406,4235,1.0
2407,2408,1.0
2407,5223,1.0
2407,10407,1.0
2407,5656,1.0
2408,5138,1.0
2408,9055,1.0
2409,2410,1.0
2409,5696,1.0
2409,10271,1.0
2409,7931,1.0
2409,18975,1.0
2410,6672,1.0
2410,10209,1.0
2411,2412,1.0
2411,12164,1.0
2411,16936,1.0
2411,14942,1.0
2413,2414,1.0
2413,5428,1.0
2413,8638,1.0
2413,4096,1.0
2414,9865,1.0
2414,17294,1.0
2415,2416,1.0
2415,9884,1.0
2415,9778,1.0
2415,16812,1.0
2415,13258,1.0
2416,4475,1.0
2416,9778,1.0
2416,7730,1.0
2417,2418,1.0
2417,8762,1.0
2417,7967,1.0
2418,10366,1.0
2419,2420,1.0
2419,2510,1.0
2419,4902,1.0
2420,12570,1.0
2421,2422,1.0
2421,5622,1.0
2421,3181,1.0
2421,5721,1.0
2422,10119,1.0
2422,14121,1.0
2423,2424,1.0
2423,6625,1.0
2423,7525,1.0
2423,10674,1.0
2424,6599,1.0
2424,9204,1.0
2425,2426,1.0
2425,8689,1.0
2425,6446,1.0
2426,8690,1.0
2426,7158,1.0
2426,19797,1.0
2427,2428,1.0
2427,9482,1.0
2427,9953,1.0
2428,12723,1.0
2429,2430,1.0
2429,6708,1.0
2429,9851,1.0
2429,16851,1.0
2430,4765,1.0
2431,2432,1.0
2431,3359,1.0
2431,9457,1.0
2431,5307,1.0
2432,12398,1.0
2432,14056,1.0
2432,16953,1.0
2433,2434,1.0
2433,5232,1.0
2433,5845,1.0
2434,4742,1.0
2434,9854,1.0
2434,3582,1.0
2435,2436,1.0
2436,10940,1.0
2436,12221,1.0
2437,2438,1.0
2437,11118,1.0
2438,6145,1.0
2438,14283,1.0
2439,2440,1.0
2439,9771,1.0
2439,5075,1.0
2439,13147,1.0
2440,16333,1.0
2440,9802,1.0
2440,13440,1.0
2441,2442,1.0
2441,5293,1.0
2441,11892,1.0
2442,4788,1.0
2442,9597,1.0
2442,13859,1.0
2443,2444,1.0
2443,14891,1.0
2444,12012,1.0
2444,14883,1.0
2444,18506,1.0
2444,18513,1.0
2445,2446,1.0
2445,4275,1.0
2445,15258,1.0
2446,6016,1.0
2446,5868,1.0
2446,15258,1.0
2447,5871,1.0
2447,4628,1.0
2448,2449,1.0
2448,3576,1.0
2448,20749,1.0
2449,3640,1.0
2449,3578,1.0
2449,20845,1.0
2450,2451,1.0
2450,7003,1.0
2450,11329,1.0
2450,12818,1.0
2451,3335,1.0
2451,9151,1.0
2451,3399,1.0
2452,2453,1.0
2452,3076,1.0
2452,15299,1.0
2453,13597,1.0
2453,15299,1.0
2454,2455,1.0
2454,4009,1.0
2454,7542,1.0
2455,7054,1.0
2456,2457,1.0
2456,5893,1.0
2457,5759,1.0
2457,10693,1.0
2458,2459,1.0
2458,6778,1.0
2458,7996,1.0
2458,3579,1.0
2459,7540,1.0
2459,6567,1.0
2459,11875,1.0
2460,2461,1.0
2460,16608,1.0
2460,9940,1.0
2462,2463,1.0
2462,9212,1.0
2462,10691,1.0
2462,5768,1.0
2463,3234,1.0
2463,14390,1.0
2463,13242,1.0
2464,2465,1.0
2464,4347,1.0
2464,8468,1.0
2465,4730,1.0
2465,13075,1.0
2466,4780,1.0
2466,10443,1.0
2466,11135,1.0
2466,14587,1.0
2467,2468,1.0
2467,9241,1.0
2467,10535,1.0
2467,12614,1.0
2468,7060,1.0
2468,10014,1.0
2469,3265,1.0
2469,8666,1.0
2469,9698,1.0
2470,2471,1.0
2470,10382,1.0
2470,21064,1.0
2471,14065,1.0
2471,21021,1.0
2472,14791,1.0
2472,3764,1.0
2472,19163,1.0
2473,3045,1.0
2473,7624,1.0
2473,3203,1.0
2474,5652,1.0
2474,14189,1.0
2475,2476,1.0
2475,8241,1.0
2475,12727,1.0
2476,13466,1.0
2476,14655,1.0
2477,2478,1.0
2477,10578,1.0
2477,21195,1.0
2478,2586,1.0
2478,2545,1.0
2479,9358,1.0
2479,12132,1.0
2480,8668,1.0
2480,18310,1.0
2481,7782,1.0
2481,7024,1.0
2482,2483,1.0
2482,4706,1.0
2482,10953,1.0
2483,3868,1.0
2483,11137,1.0
2483,4284,1.0
2484,2485,1.0
2484,9288,1.0
2484,11680,1.0
2484,5914,1.0
2485,16697,1.0
2485,4598,1.0
2486,10400,1.0
2486,16754,1.0
2486,8558,1.0
2487,2488,1.0
2487,2493,1.0
2487,3026,1.0
2487,14245,1.0
2488,7166,1.0
2488,10340,1.0
2488,10884,1.0
2489,2490,1.0
2489,4903,1.0
2489,11441,1.0
2490,11441,1.0
2490,11658,1.0
2491,8059,1.0
2491,6026,1.0
2491,6144,1.0
2492,11345,1.0
2492,14549,1.0
2493,12057,1.0
2493,14081,1.0
2494,5838,1.0
2494,12074,1.0
2495,2496,1.0
2495,2877,1.0
2495,19112,1.0
2497,2498,1.0
2497,10138,1.0
2497,11708,1.0
2498,7475,1.0
2498,11615,1.0
2499,12892,1.0
2499,6382,1.0
2499,9980,1.0
2500,2501,1.0
2500,11186,1.0
2500,14181,1.0
2500,16528,1.0
2501,10052,1.0
2501,8879,1.0
2501,3410,1.0
2502,2503,1.0
2502,5242,1.0
2502,8302,1.0
2502,18874,1.0
2503,7879,1.0
2503,18134,1.0
2503,19769,1.0
2504,2505,1.0
2504,5699,1.0
2504,3791,1.0
2505,12011,1.0
2506,2507,1.0
2506,6764,1.0
2506,14139,1.0
2507,9105,1.0
2507,13299,1.0
2508,2509,1.0
2508,6684,1.0
2508,14023,1.0
2509,16726,1.0
2509,12021,1.0
2510,5687,1.0
2510,5269,1.0
2511,2512,1.0
2511,4531,1.0
2511,11953,1.0
2512,5114,1.0
2512,13120,1.0
2513,2514,1.0
2513,3323,1.0
2513,4237,1.0
2514,6336,1.0
2514,10135,1.0
2514,3733,1.0
2515,3710,1.0
2515,6456,1.0
2515,16370,1.0
2516,2517,1.0
2516,4472,1.0
2516,13761,1.0
2517,8358,1.0
2517,9736,1.0
2518,2519,1.0
2518,3350,1.0
2518,12089,1.0
2518,11117,1.0
2519,3395,1.0
2519,7834,1.0
2519,10232,1.0
2520,2521,1.0
2520,3319,1.0
2520,13146,1.0
2521,3462,1.0
2521,13619,1.0
2522,2523,1.0
2522,7908,1.0
2522,4250,1.0
2522,4703,1.0
2523,5050,1.0
2523,11179,1.0
2524,2525,1.0
2524,2611,1.0
2525,3092,1.0
2526,2527,1.0
2526,6692,1.0
2526,2650,1.0
2527,5918,1.0
2527,7658,1.0
2528,2529,1.0
2528,3531,1.0
2528,8948,1.0
2528,2983,1.0
2529,3666,1.0
2529,6045,1.0
2530,2531,1.0
2530,4779,1.0
2530,11736,1.0
2530,12186,1.0
2531,12187,1.0
2531,13117,1.0
2532,2533,1.0
2532,10807,1.0
2532,8891,1.0
2532,14061,1.0
2532,19488,1.0
2533,16502,1.0
2533,16935,1.0
2534,2535,1.0
2534,13532,1.0
2534,15844,1.0
2535,15797,1.0
2535,15890,1.0
2535,17913,1.0
2536,2537,1.0
2536,17722,1.0
2536,18288,1.0
2537,15471,1.0
2537,10290,1.0
2538,2539,1.0
2538,5644,1.0
2539,6276,1.0
2539,16698,1.0
2540,3191,1.0
2540,4466,1.0
2540,4792,1.0
2540,4606,1.0
2541,2542,1.0
2541,6912,1.0
2541,6782,1.0
2542,10200,1.0
2542,9392,1.0
2542,4294,1.0
2543,13160,1.0
2543,9333,1.0
2544,2545,1.0
2544,2837,1.0
2544,7940,1.0
2544,9029,1.0
2545,2838,1.0
2546,7173,1.0
2547,9362,1.0
2547,14007,1.0
2548,2549,1.0
2548,3769,1.0
2548,14226,1.0
2548,16479,1.0
2549,6343,1.0
2549,10448,1.0
2549,19354,1.0
2550,2551,1.0
2550,4068,1.0
2550,4607,1.0
2551,4608,1.0
2551,11060,1.0
2552,2553,1.0
2552,9692,1.0
2552,3749,1.0
2552,8419,1.0
2553,4716,1.0
2553,4957,1.0
2553,11886,1.0
2554,3203,1.0
2554,4338,1.0
2554,5245,1.0
2554,4385,1.0
2555,2556,1.0
2555,9208,1.0
2555,12547,1.0
2556,3160,1.0
2556,8072,1.0
2557,2558,1.0
2557,7223,1.0
2557,10801,1.0
2557,11778,1.0
2558,8980,1.0
2558,11581,1.0
2558,8504,1.0
2559,2560,1.0
2559,17660,1.0
2559,11955,1.0
2560,11955,1.0
2560,17861,1.0
2561,2562,1.0
2561,3828,1.0
2561,13174,1.0
2561,18414,1.0
2562,17026,1.0
2562,17223,1.0
2562,12091,1.0
2563,2564,1.0
2563,14307,1.0
2563,7650,1.0
2564,8627,1.0
2564,6664,1.0
2565,15199,1.0
2565,4119,1.0
2566,2567,1.0
2566,7603,1.0
2566,14999,1.0
2567,10939,1.0
2567,11161,1.0
2567,3999,1.0
2568,10474,1.0
2568,6969,1.0
2568,8251,1.0
2568,4132,1.0
2569,4688,1.0
2570,2571,1.0
2570,9392,1.0
2570,8180,1.0
2571,10656,1.0
2571,4037,1.0
2571,6761,1.0
2572,2573,1.0
2572,10478,1.0
2573,5765,1.0
2573,10865,1.0
2574,2575,1.0
2574,2590,1.0
2574,7119,1.0
2574,10708,1.0
2575,5249,1.0
2575,12605,1.0
2575,13305,1.0
2576,6583,1.0
2576,8699,1.0
2576,8068,1.0
2577,7076,1.0
2577,7610,1.0
2577,5644,1.0
2578,2579,1.0
2578,9663,1.0
2578,12777,1.0
2579,8505,1.0
2579,5850,1.0
2580,2581,1.0
2581,10167,1.0
2581,11653,1.0
2581,20995,1.0
2582,2583,1.0
2582,4485,1.0
2582,6484,1.0
2582,16966,1.0
2583,8850,1.0
2583,6871,1.0
2583,7191,1.0
2584,2585,1.0
2584,8296,1.0
2584,10453,1.0
2585,4893,1.0
2585,7049,1.0
2586,2587,1.0
2586,10578,1.0
2586,21189,1.0
2587,8182,1.0
2587,20200,1.0
2588,2589,1.0
2588,10355,1.0
2589,4508,1.0
2589,4424,1.0
2589,13876,1.0
2590,4146,1.0
2590,5249,1.0
2590,3988,1.0
2591,7630,1.0
2591,10964,1.0
2592,2593,1.0
2592,7962,1.0
2592,13433,1.0
2592,13582,1.0
2593,6024,1.0
2593,5586,1.0
2593,10952,1.0
2594,5556,1.0
2594,5382,1.0
2594,8198,1.0
2595,2662,1.0
2595,6755,1.0
2595,6207,1.0
2596,2597,1.0
2596,9441,1.0
2596,6415,1.0
2596,11626,1.0
2597,5410,1.0
2597,16345,1.0
2597,16803,1.0
2598,2599,1.0
2598,11362,1.0
2598,11703,1.0
2600,2601,1.0
2600,2985,1.0
2600,12848,1.0
2600,11563,1.0
2602,4245,1.0
2602,4300,1.0
2603,2604,1.0
2603,10063,1.0
2603,13189,1.0
2604,5808,1.0
2605,3023,1.0
2605,12283,1.0
2606,2607,1.0
2606,16863,1.0
2607,16580,1.0
2607,16863,1.0
2608,2609,1.0
2608,4489,1.0
2608,9897,1.0
2608,19352,1.0
2609,4963,1.0
2609,8343,1.0
2609,8362,1.0
2610,2611,1.0
2611,3092,1.0
2612,5037,1.0
2612,19635,1.0
2613,2614,1.0
2613,4785,1.0
2613,7461,1.0
2614,5357,1.0
2615,2616,1.0
2615,7227,1.0
2615,11197,1.0
2617,2618,1.0
2617,9316,1.0
2617,9010,1.0
2618,4746,1.0
2618,6513,1.0
2619,2620,1.0
2619,3704,1.0
2619,11727,1.0
2620,3176,1.0
2620,11545,1.0
2620,12056,1.0
2621,2622,1.0
2622,13052,1.0
2622,20576,1.0
2623,2624,1.0
2623,5319,1.0
2624,12226,1.0
2624,13505,1.0
2625,5932,1.0
2625,9000,1.0
2625,10757,1.0
2626,2627,1.0
2626,8292,1.0
2626,6886,1.0
2626,5587,1.0
2627,5684,1.0
2627,3220,1.0
2627,11199,1.0
2628,15161,1.0
2628,20390,1.0
2628,4901,1.0
2629,13407,1.0
2629,8616,1.0
2629,4877,1.0
2630,2631,1.0
2630,16505,1.0
2630,5951,1.0
2631,8987,1.0
2631,3258,1.0
2632,2633,1.0
2632,14897,1.0
2632,3012,1.0
2632,12127,1.0
2633,5458,1.0
2633,3061,1.0
2634,2903,1.0
2634,12669,1.0
2634,3657,1.0
2635,4834,1.0
2635,9310,1.0
2635,13488,1.0
2636,2637,1.0
2636,8438,1.0
2636,17740,1.0
2638,12855,1.0
2638,15949,1.0
2639,7743,1.0
2639,14512,1.0
2640,2641,1.0
2640,7061,1.0
2640,4981,1.0
2640,8126,1.0
2641,8295,1.0
2641,9239,1.0
2642,2643,1.0
2642,14360,1.0
2642,13793,1.0
2643,8623,1.0
2643,10073,1.0
2644,2645,1.0
2644,4080,1.0
2646,10176,1.0
2646,14626,1.0
2646,4754,1.0
2647,2648,1.0
2647,8606,1.0
2647,3075,1.0
2649,2650,1.0
2649,7575,1.0
2650,3881,1.0
2650,11469,1.0
2651,2652,1.0
2651,6427,1.0
2651,12927,1.0
2652,14169,1.0
2652,6428,1.0
2653,2654,1.0
2653,2828,1.0
2653,20460,1.0
2654,9725,1.0
2654,3179,1.0
2655,2656,1.0
2655,6167,1.0
2655,3447,1.0
2655,4578,1.0
2656,8864,1.0
2656,9726,1.0
2656,6921,1.0
2657,8073,1.0
2657,3330,1.0
2657,8643,1.0
2658,2659,1.0
2658,4862,1.0
2658,10684,1.0
2658,21011,1.0
2659,2869,1.0
2659,7734,1.0
2659,6781,1.0
2660,2661,1.0
2660,5241,1.0
2660,8156,1.0
2660,12102,1.0
2661,10198,1.0
2662,16575,1.0
2662,16585,1.0
2663,2664,1.0
2663,2784,1.0
2663,2781,1.0
2664,9274,1.0
2664,2782,1.0
2665,2666,1.0
2665,11741,1.0
2665,8031,1.0
2665,2870,1.0
2666,3498,1.0
2666,2871,1.0
2666,3090,1.0
2667,2668,1.0
2667,2736,1.0
2668,13656,1.0
2668,10441,1.0
2669,2670,1.0
2669,6753,1.0
2669,9699,1.0
2669,7904,1.0
2670,3684,1.0
2670,9408,1.0
2670,16358,1.0
2671,2672,1.0
2671,12668,1.0
2671,14525,1.0
2671,6564,1.0
2672,15625,1.0
2672,15634,1.0
2672,12668,1.0
2672,16873,1.0
2672,11490,1.0
2673,2674,1.0
2673,8646,1.0
2673,3147,1.0
2674,11177,1.0
2674,16602,1.0
2675,2676,1.0
2676,6413,1.0
2676,6446,1.0
2676,12899,1.0
2677,2678,1.0
2677,10472,1.0
2677,8616,1.0
2678,18454,1.0
2678,13415,1.0
2679,2680,1.0
2679,4426,1.0
2679,13639,1.0
2680,9655,1.0
2680,11091,1.0
2681,2682,1.0
2681,14328,1.0
2681,17091,1.0
2681,14336,1.0
2682,15778,1.0
2682,5831,1.0
2682,15704,1.0
2682,18443,1.0
2683,2684,1.0
2683,11872,1.0
2683,12783,1.0
2684,9260,1.0
2684,12823,1.0
2685,2686,1.0
2685,8769,1.0
2685,9026,1.0
2686,15053,1.0
2686,16952,1.0
2687,2688,1.0
2687,4981,1.0
2687,2739,1.0
2687,8126,1.0
2688,7680,1.0
2688,11492,1.0
2688,9439,1.0
2689,15546,1.0
2689,4851,1.0
2689,20712,1.0
2690,2691,1.0
2691,3602,1.0
2691,13453,1.0
2692,10129,1.0
2692,7991,1.0
2693,2694,1.0
2693,4983,1.0
2693,8788,1.0
2695,2696,1.0
2696,16077,1.0
2696,9399,1.0
2697,2698,1.0
2697,4386,1.0
2697,5894,1.0
2697,5970,1.0
2698,10369,1.0
2698,16681,1.0
2699,2700,1.0
2699,11261,1.0
2699,7967,1.0
2700,13750,1.0
2700,11180,1.0
2700,6313,1.0
2701,2702,1.0
2701,6052,1.0
2701,14087,1.0
2701,17573,1.0
2702,10723,1.0
2702,8461,1.0
2702,3127,1.0
2703,2704,1.0
2703,10206,1.0
2703,3269,1.0
2704,12596,1.0
2704,8929,1.0
2705,2706,1.0
2705,14291,1.0
2705,5121,1.0
2706,10160,1.0
2706,9567,1.0
2706,13732,1.0
2707,2708,1.0
2707,9424,1.0
2707,14575,1.0
2708,4322,1.0
2708,17485,1.0
2709,2710,1.0
2709,8716,1.0
2709,11719,1.0
2711,2712,1.0
2711,4298,1.0
2711,3309,1.0
2712,3067,1.0
2712,10093,1.0
2712,13963,1.0
2713,3589,1.0
2713,6501,1.0
2714,2715,1.0
2714,14949,1.0
2714,7556,1.0
2714,14055,1.0
2715,6941,1.0
2715,20914,1.0
2715,20915,1.0
2716,2717,1.0
2716,7600,1.0
2716,7272,1.0
2717,13129,1.0
2717,16338,1.0
2718,2719,1.0
2718,6803,1.0
2718,10703,1.0
2719,6549,1.0
2719,8712,1.0
2719,10704,1.0
2719,21149,1.0
2720,2721,1.0
2720,8703,1.0
2720,6820,1.0
2720,10117,1.0
2721,9488,1.0
2721,14645,1.0
2722,2723,1.0
2722,6025,1.0
2722,8884,1.0
2722,16189,1.0
2723,11082,1.0
2723,11092,1.0
2723,16481,1.0
2724,9274,1.0
2724,16459,1.0
2725,6600,1.0
2725,7621,1.0
2726,8254,1.0
2726,11090,1.0
2726,8135,1.0
2727,2728,1.0
2727,9762,1.0
2727,10190,1.0
2727,13637,1.0
2728,4067,1.0
2728,4473,1.0
2728,13637,1.0
2729,4241,1.0
2729,14050,1.0
2729,17130,1.0
2730,14711,1.0
2730,7489,1.0
2731,2732,1.0
2732,16081,1.0
2732,9089,1.0
2733,2734,1.0
2733,9553,1.0
2733,12933,1.0
2734,3421,1.0
2734,10859,1.0
2734,2740,1.0
2735,5616,1.0
2735,13017,1.0
2735,6515,1.0
2736,2737,1.0
2736,5963,1.0
2736,11579,1.0
2737,10441,1.0
2737,12472,1.0
2738,2739,1.0
2738,4981,1.0
2738,10011,1.0
2738,4027,1.0
2739,11993,1.0
2739,7680,1.0
2740,2741,1.0
2740,4635,1.0
2741,3421,1.0
2741,19461,1.0
2741,20264,1.0
2741,20476,1.0
2742,2743,1.0
2742,7520,1.0
2742,9335,1.0
2743,4292,1.0
2743,6956,1.0
2743,9336,1.0
2744,2745,1.0
2744,3066,1.0
2744,4147,1.0
2744,12222,1.0
2745,11023,1.0
2745,12600,1.0
2745,4783,1.0
2746,2747,1.0
2746,6220,1.0
2746,2970,1.0
2746,17631,1.0
2747,17667,1.0
2747,18296,1.0
2748,2749,1.0
2748,5799,1.0
2748,10268,1.0
2748,10052,1.0
2749,8591,1.0
2749,10444,1.0
2750,2751,1.0
2750,4847,1.0
2750,14907,1.0
2751,8435,1.0
2751,6373,1.0
2752,2753,1.0
2752,6894,1.0
2752,10583,1.0
2754,2755,1.0
2754,6384,1.0
2754,20885,1.0
2754,20963,1.0
2755,8214,1.0
2755,14461,1.0
2755,20887,1.0
2756,12252,1.0
2756,16838,1.0
2757,2758,1.0
2757,5015,1.0
2757,10369,1.0
2757,9022,1.0
2758,6081,1.0
2758,11067,1.0
2759,4931,1.0
2759,11593,1.0
2760,2761,1.0
2760,4221,1.0
2760,7564,1.0
2761,7488,1.0
2761,5798,1.0
2762,13349,1.0
2762,16827,1.0
2763,2764,1.0
2763,13118,1.0
2763,14885,1.0
2764,5733,1.0
2765,9349,1.0
2765,3588,1.0
2766,2767,1.0
2766,12555,1.0
2768,2769,1.0
2768,5488,1.0
2768,13406,1.0
2769,10776,1.0
2769,5877,1.0
2770,2771,1.0
2770,5019,1.0
2770,8522,1.0
2771,19084,1.0
2771,5135,1.0
2772,3303,1.0
2772,12363,1.0
2773,2774,1.0
2773,10562,1.0
2773,3794,1.0
2774,11751,1.0
2774,3880,1.0
2775,4597,1.0
2775,17193,1.0
2776,2777,1.0
2776,9695,1.0
2776,16428,1.0
2776,16391,1.0
2777,7900,1.0
2777,4957,1.0
2777,13938,1.0
2778,11426,1.0
2778,6541,1.0
2778,9238,1.0
2778,10070,1.0
2779,2780,1.0
2779,4448,1.0
2779,6442,1.0
2780,6299,1.0
2780,4449,1.0
2781,2782,1.0
2781,13246,1.0
2781,5472,1.0
2782,16460,1.0
2782,18530,1.0
2783,2784,1.0
2783,6399,1.0
2783,11723,1.0
2783,4941,1.0
2783,10599,1.0
2784,5472,1.0
2784,4844,1.0
2785,2786,1.0
2785,4413,1.0
2785,3477,1.0
2786,14003,1.0
2786,14891,1.0
2787,2788,1.0
2787,14793,1.0
2787,19128,1.0
2788,5597,1.0
2788,3126,1.0
2788,19131,1.0
2789,2790,1.0
2789,9776,1.0
2789,16379,1.0
2790,7808,1.0
2790,17825,1.0
2791,2792,1.0
2791,3823,1.0
2791,11749,1.0
2791,6954,1.0
2793,2794,1.0
2793,8054,1.0
2793,6085,1.0
2793,14344,1.0
2794,7407,1.0
2794,14162,1.0
2794,6086,1.0
2795,2796,1.0
2795,19561,1.0
2795,19584,1.0
2796,12675,1.0
2796,12717,1.0
2797,2798,1.0
2797,4326,1.0
2798,8990,1.0
2798,10716,1.0
2798,14574,1.0
2799,4344,1.0
2799,13287,1.0
2800,10021,1.0
2800,3899,1.0
2800,4314,1.0
2801,2802,1.0
2801,2896,1.0
2801,11447,1.0
2802,16564,1.0
2803,2804,1.0
2803,11214,1.0
2803,12247,1.0
2804,5993,1.0
2804,6922,1.0
2804,4611,1.0
2805,2806,1.0
2806,6694,1.0
2806,10718,1.0
2806,5946,1.0
2807,2808,1.0
2807,2967,1.0
2807,9411,1.0
2807,10330,1.0
2808,6108,1.0
2808,14416,1.0
2809,13114,1.0
2809,13451,1.0
2810,2811,1.0
2810,11105,1.0
2810,9321,1.0
2811,11105,1.0
2811,9749,1.0
2811,9322,1.0
2812,2813,1.0
2812,10188,1.0
2812,14652,1.0
2813,7234,1.0
2813,6300,1.0
2814,2815,1.0
2814,8725,1.0
2814,11597,1.0
2815,3320,1.0
2815,20454,1.0
2816,2817,1.0
2816,7888,1.0
2816,8582,1.0
2816,16096,1.0
2817,8582,1.0
2817,11680,1.0
2817,8956,1.0
2818,10561,1.0
2818,12312,1.0
2819,12598,1.0
2819,6471,1.0
2819,4781,1.0
2820,2821,1.0
2820,16585,1.0
2820,16433,1.0
2821,11125,1.0
2821,14546,1.0
2822,2823,1.0
2822,3882,1.0
2823,7553,1.0
2824,2825,1.0
2824,9481,1.0
2824,11909,1.0
2824,11908,1.0
2825,10292,1.0
2825,10158,1.0
2826,2827,1.0
2826,16685,1.0
2826,14733,1.0
2826,16818,1.0
2828,2829,1.0
2828,10243,1.0
2828,20448,1.0
2829,9725,1.0
2829,10244,1.0
2830,2831,1.0
2830,2963,1.0
2830,16209,1.0
2831,10498,1.0
2831,6557,1.0
2832,13307,1.0
2832,12056,1.0
2833,2834,1.0
2833,4674,1.0
2833,6738,1.0
2833,13561,1.0
2834,10618,1.0
2834,7414,1.0
2834,13702,1.0
2835,2836,1.0
2835,10449,1.0
2836,19472,1.0
2837,2838,1.0
2839,13041,1.0
2839,12241,1.0
2840,2841,1.0
2840,13083,1.0
2840,16920,1.0
2841,6721,1.0
2841,9980,1.0
2841,13266,1.0
2842,2843,1.0
2842,10227,1.0
2842,11617,1.0
2842,14595,1.0
2844,2845,1.0
2844,4100,1.0
2844,9025,1.0
2845,12224,1.0
2845,11880,1.0
2845,9025,1.0
2846,2847,1.0
2846,11266,1.0
2846,5847,1.0
2846,13564,1.0
2847,9125,1.0
2847,5848,1.0
2848,2849,1.0
2848,7567,1.0
2848,10997,1.0
2848,10874,1.0
2849,4961,1.0
2849,9410,1.0
2849,4323,1.0
2850,2851,1.0
2850,3626,1.0
2850,3170,1.0
2851,10800,1.0
2851,11020,1.0
2851,11312,1.0
2852,2853,1.0
2852,9949,1.0
2852,19439,1.0
2853,3504,1.0
2853,13086,1.0
2853,3505,1.0
2854,2855,1.0
2854,5416,1.0
2854,3272,1.0
2854,9353,1.0
2855,9124,1.0
2855,11049,1.0
2856,2857,1.0
2857,10080,1.0
2857,11841,1.0
2857,8205,1.0
2858,2859,1.0
2858,3742,1.0
2858,5397,1.0
2859,11521,1.0
2860,2861,1.0
2860,8837,1.0
2860,14870,1.0
2861,17034,1.0
2861,17106,1.0
2862,2863,1.0
2863,9806,1.0
2863,16069,1.0
2864,8427,1.0
2865,2866,1.0
2865,5459,1.0
2866,17672,1.0
2867,8306,1.0
2867,9495,1.0
2867,14142,1.0
2868,3042,1.0
2868,3484,1.0
2868,11630,1.0
2869,10684,1.0
2869,6782,1.0
2870,2871,1.0
2870,3805,1.0
2870,14281,1.0
2871,10488,1.0
2871,16561,1.0
2871,3498,1.0
2872,2873,1.0
2872,13393,1.0
2872,15830,1.0
2873,9632,1.0
2873,3915,1.0
2874,2875,1.0
2874,5045,1.0
2874,9252,1.0
2874,3669,1.0
2875,4550,1.0
2875,8234,1.0
2875,10821,1.0
2876,4700,1.0
2876,3476,1.0
2876,13461,1.0
2877,2878,1.0
2877,15099,1.0
2878,2995,1.0
2878,5950,1.0
2878,17891,1.0
2879,6675,1.0
2879,13349,1.0
2880,2881,1.0
2880,8231,1.0
2880,13737,1.0
2880,6140,1.0
2881,12776,1.0
2881,8538,1.0
2882,2883,1.0
2882,15696,1.0
2882,15453,1.0
2883,6649,1.0
2883,4084,1.0
2883,16418,1.0
2884,2885,1.0
2884,8140,1.0
2884,5137,1.0
2884,7696,1.0
2885,11657,1.0
2885,11428,1.0
2886,5680,1.0
2886,5422,1.0
2886,11556,1.0
2886,5768,1.0
2887,2888,1.0
2887,7711,1.0
2887,20341,1.0
2888,17976,1.0
2888,8741,1.0
2889,9767,1.0
2889,9455,1.0
2890,2891,1.0
2890,3866,1.0
2890,11872,1.0
2891,3085,1.0
2891,7819,1.0
2892,7543,1.0
2892,9713,1.0
2892,13588,1.0
2893,2894,1.0
2893,4253,1.0
2893,5964,1.0
2893,7067,1.0
2894,8113,1.0
2894,11717,1.0
2894,10421,1.0
2895,3506,1.0
2896,2897,1.0
2896,7713,1.0
2896,9180,1.0
2897,7845,1.0
2898,2899,1.0
2898,6815,1.0
2898,3043,1.0
2899,10247,1.0
2899,5250,1.0
2899,3044,1.0
2900,2901,1.0
2900,5252,1.0
2900,17500,1.0
2901,8853,1.0
2901,4168,1.0
2901,16244,1.0
2902,2916,1.0
2902,3620,1.0
2903,4588,1.0
2903,13310,1.0
2904,2905,1.0
2904,7507,1.0
2904,15212,1.0
2904,10635,1.0
2905,10915,1.0
2905,20266,1.0
2906,2907,1.0
2906,3762,1.0
2906,6556,1.0
2906,12458,1.0
2909,2910,1.0
2909,6467,1.0
2909,9117,1.0
2909,10055,1.0
2910,4040,1.0
2910,14021,1.0
2911,2912,1.0
2911,16840,1.0
2911,8830,1.0
2913,9542,1.0
2913,9391,1.0
2914,2915,1.0
2914,7568,1.0
2914,3883,1.0
2914,5957,1.0
2915,5846,1.0
2915,9261,1.0
2915,12271,1.0
2916,3621,1.0
2917,2918,1.0
2917,8743,1.0
2917,4684,1.0
2918,5536,1.0
2918,10695,1.0
2919,2920,1.0
2919,10453,1.0
2919,7358,1.0
2919,12095,1.0
2920,6262,1.0
2920,16491,1.0
2920,9610,1.0
2921,8818,1.0
2921,20344,1.0
2922,2923,1.0
2922,4751,1.0
2922,14771,1.0
2923,17942,1.0
2923,16974,1.0
2924,2925,1.0
2924,7525,1.0
2924,14419,1.0
2924,14293,1.0
2925,4382,1.0
2925,7525,1.0
2925,18986,1.0
2926,2927,1.0
2926,12121,1.0
2926,6544,1.0
2927,11858,1.0
2928,7174,1.0
2928,11197,1.0
2928,11253,1.0
2929,2930,1.0
2929,7500,1.0
2929,3334,1.0
2930,12428,1.0
2931,2932,1.0
2931,14644,1.0
2931,12232,1.0
2932,4620,1.0
2932,8178,1.0
2933,2934,1.0
2933,9137,1.0
2933,10605,1.0
2933,9971,1.0
2934,5576,1.0
2934,5179,1.0
2935,2936,1.0
2935,7873,1.0
2936,17837,1.0
2937,7764,1.0
2937,4272,1.0
2938,6647,1.0
2938,5652,1.0
2938,10449,1.0
2939,2940,1.0
2939,10278,1.0
2940,7810,1.0
2940,13302,1.0
2941,2942,1.0
2941,5804,1.0
2941,9662,1.0
2942,5334,1.0
2942,7581,1.0
2942,9088,1.0
2943,5592,1.0
2943,11406,1.0
2943,10032,1.0
2944,4604,1.0
2944,6590,1.0
2944,11339,1.0
2945,2946,1.0
2946,10856,1.0
2946,17461,1.0
2947,5836,1.0
2947,14021,1.0
2947,7010,1.0
2948,2949,1.0
2948,11285,1.0
2949,4026,1.0
2949,4546,1.0
2949,8361,1.0
2950,2951,1.0
2950,3784,1.0
2950,6395,1.0
2950,12268,1.0
2951,7854,1.0
2951,6196,1.0
2952,2953,1.0
2952,9902,1.0
2952,7662,1.0
2952,6694,1.0
2953,5004,1.0
2953,4966,1.0
2953,12107,1.0
2954,2955,1.0
2954,7181,1.0
2954,11350,1.0
2954,16320,1.0
2955,3118,1.0
2955,8644,1.0
2956,11606,1.0
2956,7022,1.0
2956,7907,1.0
2957,2958,1.0
2957,7769,1.0
2957,3385,1.0
2958,4384,1.0
2958,9976,1.0
2958,13131,1.0
2959,3818,1.0
2959,5633,1.0
2959,6403,1.0
2960,2961,1.0
2960,10616,1.0
2960,16833,1.0
2961,9182,1.0
2961,7928,1.0
2961,20203,1.0
2961,6356,1.0
2962,2963,1.0
2962,8559,1.0
2962,16852,1.0
2962,16646,1.0
2963,16647,1.0
2964,7063,1.0
2964,13432,1.0
2964,14749,1.0
2965,2966,1.0
2965,9800,1.0
2965,10941,1.0
2966,3236,1.0
2967,7566,1.0
2967,8124,1.0
2967,3156,1.0
2968,2969,1.0
2968,4656,1.0
2968,5727,1.0
2968,3374,1.0
2969,5990,1.0
2969,3249,1.0
2970,2971,1.0
2970,12978,1.0
2971,17667,1.0
2971,6020,1.0
2972,2973,1.0
2972,3062,1.0
2972,11276,1.0
2973,10598,1.0
2973,8793,1.0
2974,2975,1.0
2974,13165,1.0
2974,19434,1.0
2974,10815,1.0
2975,13150,1.0
2975,16066,1.0
2976,2977,1.0
2976,4483,1.0
2976,6384,1.0
2976,9825,1.0
2976,20960,1.0
2977,7162,1.0
2977,16452,1.0
2977,13392,1.0
2978,2979,1.0
2978,10877,1.0
2978,14182,1.0
2979,10870,1.0
2979,3879,1.0
2980,7848,1.0
2980,15072,1.0
2980,14055,1.0
2981,3405,1.0
2981,6793,1.0
2981,15494,1.0
2982,2983,1.0
2982,19112,1.0
2982,19111,1.0
2983,3530,1.0
2983,17936,1.0
2983,18531,1.0
2983,18114,1.0
2984,14814,1.0
2984,9948,1.0
2984,5239,1.0
2985,2986,1.0
2985,14607,1.0
2986,9807,1.0
2986,13109,1.0
2986,16101,1.0
2987,9217,1.0
2988,2989,1.0
2988,10013,1.0
2988,16929,1.0
2989,3467,1.0
2989,6447,1.0
2989,13008,1.0
2990,5452,1.0
2990,6526,1.0
2990,13182,1.0
2991,7529,1.0
2991,3895,1.0
2991,6382,1.0
2991,3180,1.0
2992,5839,1.0
2992,6531,1.0
2992,17862,1.0
2993,2994,1.0
2994,6986,1.0
2994,7467,1.0
2995,3538,1.0
2995,8044,1.0
2996,3172,1.0
2996,12252,1.0
2996,3819,1.0
2997,4044,1.0
2997,5577,1.0
2997,3405,1.0
2997,12808,1.0
2998,2999,1.0
2999,9905,1.0
2999,20332,1.0
3000,3001,1.0
3000,5898,1.0
3000,11031,1.0
3001,4398,1.0
3001,8967,1.0
3001,11031,1.0
3002,3003,1.0
3002,11341,1.0
3002,13936,1.0
3002,3411,1.0
3003,8337,1.0
3003,5799,1.0
3004,3005,1.0
3004,3244,1.0
3004,11616,1.0
3004,13773,1.0
3005,11648,1.0
3005,11389,1.0
3006,3172,1.0
3006,8999,1.0
3006,4220,1.0
3007,3008,1.0
3007,8135,1.0
3007,14390,1.0
3008,3234,1.0
3008,9401,1.0
3009,3010,1.0
3009,13997,1.0
3009,4842,1.0
3010,5078,1.0
3010,5567,1.0
3011,3012,1.0
3011,16717,1.0
3011,14897,1.0
3012,5458,1.0
3012,16397,1.0
3013,6455,1.0
3013,4310,1.0
3013,5435,1.0
3014,3015,1.0
3014,8272,1.0
3014,3854,1.0
3015,4501,1.0
3015,9621,1.0
3015,3853,1.0
3016,3017,1.0
3016,10900,1.0
3017,7334,1.0
3017,12146,1.0
3018,3019,1.0
3018,7896,1.0
3018,6825,1.0
3018,7220,1.0
3019,3117,1.0
3019,3763,1.0
3019,10986,1.0
3020,3021,1.0
3020,6641,1.0
3020,3433,1.0
3021,9064,1.0
3021,11987,1.0
3022,10157,1.0
3023,5019,1.0
3023,18204,1.0
3024,10559,1.0
3024,12156,1.0
3024,8249,1.0
3025,13996,1.0
3025,14146,1.0
3026,3027,1.0
3026,14081,1.0
3026,7166,1.0
3028,17391,1.0
3028,3605,1.0
3028,11052,1.0
3029,3030,1.0
3029,13844,1.0
3029,13224,1.0
3030,6433,1.0
3031,3032,1.0
3031,4768,1.0
3031,11806,1.0
3032,13573,1.0
3032,3819,1.0
3034,4545,1.0
3034,4674,1.0
3034,4673,1.0
3035,3036,1.0
3035,7109,1.0
3035,13274,1.0
3036,10405,1.0
3036,9877,1.0
3036,4110,1.0
3037,16528,1.0
3037,13600,1.0
3038,3039,1.0
3039,6656,1.0
3039,9700,1.0
3039,3527,1.0
3040,3041,1.0
3040,3723,1.0
3040,6355,1.0
3040,4675,1.0
3041,11520,1.0
3041,8303,1.0
3042,3234,1.0
3042,6511,1.0
3042,13242,1.0
3043,3044,1.0
3044,7686,1.0
3045,3785,1.0
3045,8541,1.0
3046,3047,1.0
3046,9067,1.0
3046,10062,1.0
3046,11820,1.0
3047,5637,1.0
3047,8525,1.0
3047,7841,1.0
3048,3049,1.0
3048,9495,1.0
3048,10570,1.0
3049,9963,1.0
3049,9229,1.0
3049,11637,1.0
3050,10576,1.0
3050,7271,1.0
3050,10083,1.0
3051,3052,1.0
3051,11339,1.0
3051,6141,1.0
3052,3952,1.0
3053,3054,1.0
3053,7207,1.0
3053,8103,1.0
3054,10313,1.0
3054,11649,1.0
3055,3056,1.0
3055,16727,1.0
3055,8119,1.0
3056,3464,1.0
3056,8119,1.0
3056,3730,1.0
3057,3058,1.0
3057,4634,1.0
3057,13748,1.0
3057,16308,1.0
3059,3060,1.0
3060,11121,1.0
3061,3062,1.0
3062,9402,1.0
3063,12654,1.0
3063,14371,1.0
3063,14902,1.0
3064,3065,1.0
3064,9342,1.0
3064,5263,1.0
3065,8389,1.0
3065,13472,1.0
3066,3121,1.0
3066,6057,1.0
3066,3663,1.0
3067,4298,1.0
3067,3731,1.0
3068,3069,1.0
3068,13857,1.0
3069,5660,1.0
3069,12347,1.0
3070,3071,1.0
3070,4629,1.0
3070,8590,1.0
3070,13838,1.0
3071,4630,1.0
3071,17859,1.0
3071,19268,1.0
3072,3073,1.0
3072,3886,1.0
3073,12505,1.0
3073,3575,1.0
3074,3075,1.0
3075,5976,1.0
3075,20069,1.0
3076,14553,1.0
3076,15299,1.0
3077,3078,1.0
3077,11943,1.0
3077,16808,1.0
3077,16364,1.0
3078,8088,1.0
3078,7774,1.0
3078,8983,1.0
3079,3080,1.0
3079,3768,1.0
3079,4463,1.0
3080,6885,1.0
3081,3082,1.0
3081,16908,1.0
3081,18275,1.0
3081,18274,1.0
3082,8972,1.0
3082,12485,1.0
3082,18269,1.0
3083,3084,1.0
3083,8764,1.0
3083,8688,1.0
3084,7671,1.0
3084,6431,1.0
3085,13925,1.0
3086,3087,1.0
3086,7109,1.0
3086,11638,1.0
3086,14171,1.0
3087,6850,1.0
3087,14708,1.0
3087,8076,1.0
3088,3089,1.0
3089,3101,1.0
3089,5069,1.0
3090,3091,1.0
3090,8031,1.0
3093,3094,1.0
3093,4951,1.0
3093,6303,1.0
3094,7279,1.0
3095,3096,1.0
3095,4206,1.0
3095,11025,1.0
3096,3916,1.0
3096,8914,1.0
3097,3098,1.0
3097,13646,1.0
3099,3100,1.0
3099,7615,1.0
3099,11953,1.0
3101,19311,1.0
3101,13273,1.0
3102,3103,1.0
3102,10954,1.0
3102,14833,1.0
3103,7434,1.0
3103,12807,1.0
3104,3864,1.0
3104,9608,1.0
3104,8717,1.0
3105,3770,1.0
3106,3829,1.0
3106,10665,1.0
3106,6166,1.0
3107,3108,1.0
3107,5192,1.0
3107,9322,1.0
3107,14721,1.0
3108,3713,1.0
3108,7494,1.0
3108,8526,1.0
3109,3110,1.0
3109,3426,1.0
3109,19154,1.0
3111,10519,1.0
3111,21126,1.0
3111,8977,1.0
3111,8349,1.0
3112,3113,1.0
3112,7972,1.0
3113,4106,1.0
3113,9882,1.0
3114,3115,1.0
3114,3930,1.0
3114,3994,1.0
3115,3994,1.0
3115,10248,1.0
3116,4874,1.0
3116,5532,1.0
3116,8091,1.0
3117,7220,1.0
3117,10467,1.0
3117,6059,1.0
3118,10849,1.0
3118,11350,1.0
3118,4534,1.0
3119,3120,1.0
3119,7586,1.0
3120,13538,1.0
3121,3724,1.0
3121,12222,1.0
3121,11083,1.0
3122,3123,1.0
3123,9294,1.0
3123,9173,1.0
3124,8918,1.0
3124,9204,1.0
3125,3126,1.0
3125,19131,1.0
3125,15352,1.0
3126,18168,1.0
3127,3128,1.0
3127,7899,1.0
3127,9606,1.0
3128,6053,1.0
3128,13012,1.0
3129,3130,1.0
3129,9818,1.0
3129,10382,1.0
3132,3133,1.0
3132,10789,1.0
3132,14207,1.0
3133,6542,1.0
3133,6543,1.0
3133,19594,1.0
3133,19593,1.0
3134,3135,1.0
3134,11335,1.0
3134,9608,1.0
3135,3865,1.0
3135,7428,1.0
3136,3137,1.0
3136,9190,1.0
3137,6411,1.0
3137,3466,1.0
3138,13551,1.0
3138,3503,1.0
3139,3140,1.0
3139,5119,1.0
3139,12009,1.0
3140,4078,1.0
3140,7203,1.0
3140,13994,1.0
3141,3142,1.0
3141,12759,1.0
3141,5730,1.0
3141,9667,1.0
3142,6539,1.0
3142,6600,1.0
3143,3144,1.0
3143,8181,1.0
3143,10882,1.0
3144,5375,1.0
3144,7398,1.0
3145,3146,1.0
3145,6005,1.0
3145,11495,1.0
3145,14263,1.0
3146,5248,1.0
3146,5785,1.0
3147,4340,1.0
3147,4002,1.0
3148,3149,1.0
3148,20514,1.0
3149,12200,1.0
3149,11989,1.0
3149,3612,1.0
3150,11688,1.0
3150,7435,1.0
3150,11294,1.0
3151,3152,1.0
3151,6548,1.0
3151,5207,1.0
3152,13268,1.0
3152,17866,1.0
3153,3154,1.0
3153,8649,1.0
3154,3547,1.0
3154,5330,1.0
3155,4187,1.0
3155,15927,1.0
3156,3157,1.0
3156,3167,1.0
3156,7565,1.0
3157,8124,1.0
3157,9367,1.0
3157,7046,1.0
3158,3159,1.0
3158,9184,1.0
3158,15059,1.0
3159,16022,1.0
3159,16036,1.0
3160,3648,1.0
3160,12419,1.0
3161,3162,1.0
3162,5154,1.0
3162,12692,1.0
3163,4478,1.0
3163,7028,1.0
3163,10780,1.0
3164,3165,1.0
3164,6143,1.0
3164,3568,1.0
3165,3275,1.0
3165,4860,1.0
3165,15015,1.0
3166,3167,1.0
3166,7140,1.0
3166,5618,1.0
3167,3404,1.0
3167,7046,1.0
3168,3169,1.0
3168,3187,1.0
3168,9434,1.0
3169,4232,1.0
3169,9435,1.0
3170,3171,1.0
3170,12677,1.0
3171,3989,1.0
3171,10800,1.0
3172,3820,1.0
3173,3174,1.0
3173,11271,1.0
3173,13430,1.0
3173,6387,1.0
3174,5717,1.0
3174,4539,1.0
3174,13860,1.0
3175,6009,1.0
3175,12366,1.0
3176,3177,1.0
3176,13653,1.0
3177,11545,1.0
3177,15480,1.0
3178,4402,1.0
3178,9929,1.0
3178,3474,1.0
3179,16954,1.0
3180,7395,1.0
3180,14363,1.0
3182,3183,1.0
3183,10619,1.0
3183,11438,1.0
3184,3185,1.0
3184,9826,1.0
3186,3187,1.0
3186,7326,1.0
3186,10893,1.0
3187,4313,1.0
3187,7616,1.0
3188,6605,1.0
3188,15122,1.0
3188,5441,1.0
3189,3190,1.0
3189,19121,1.0
3189,19117,1.0
3190,18304,1.0
3191,3406,1.0
3191,4161,1.0
3192,3193,1.0
3192,16426,1.0
3192,12656,1.0
3193,8693,1.0
3193,10794,1.0
3194,3195,1.0
3194,6398,1.0
3194,9448,1.0
3195,5588,1.0
3195,4501,1.0
3195,8271,1.0
3196,3197,1.0
3196,12621,1.0
3197,11205,1.0
3197,18111,1.0
3197,13851,1.0
3198,3199,1.0
3198,7898,1.0
3198,13615,1.0
3198,12460,1.0
3199,7217,1.0
3199,3857,1.0
3199,14092,1.0
3200,16106,1.0
3200,12754,1.0
3201,3202,1.0
3201,9471,1.0
3201,7824,1.0
3202,4974,1.0
3202,4454,1.0
3202,9645,1.0
3203,11226,1.0
3203,17002,1.0
3204,9783,1.0
3204,8550,1.0
3205,3206,1.0
3205,4344,1.0
3205,11982,1.0
3205,10261,1.0
3206,7681,1.0
3206,11352,1.0
3206,13022,1.0
3206,10261,1.0
3207,3208,1.0
3207,10887,1.0
3207,12282,1.0
3209,12001,1.0
3210,14286,1.0
3210,9306,1.0
3211,3212,1.0
3211,12313,1.0
3211,11623,1.0
3212,3557,1.0
3212,6403,1.0
3213,3214,1.0
3213,5866,1.0
3213,11028,1.0
3214,6501,1.0
3214,5301,1.0
3214,5867,1.0
3215,3216,1.0
3216,9105,1.0
3216,15140,1.0
3217,3218,1.0
3217,3958,1.0
3217,14169,1.0
3217,14017,1.0
3219,3220,1.0
3219,3891,1.0
3219,10952,1.0
3219,8688,1.0
3220,6886,1.0
3220,3892,1.0
3221,3222,1.0
3221,10494,1.0
3222,4855,1.0
3222,10235,1.0
3223,3224,1.0
3223,6060,1.0
3224,4799,1.0
3225,3226,1.0
3225,9669,1.0
3225,10902,1.0
3225,3567,1.0
3226,10488,1.0
3226,16561,1.0
3227,7257,1.0
3227,16596,1.0
3227,14192,1.0
3228,3229,1.0
3228,8496,1.0
3228,9886,1.0
3230,3887,1.0
3230,18170,1.0
3230,16756,1.0
3231,8715,1.0
3231,10418,1.0
3232,3233,1.0
3232,10011,1.0
3232,11218,1.0
3232,11993,1.0
3233,8973,1.0
3233,11993,1.0
3235,3236,1.0
3235,9800,1.0
3235,10729,1.0
3235,6438,1.0
3236,11036,1.0
3237,3238,1.0
3237,3900,1.0
3237,13367,1.0
3237,7082,1.0
3238,10830,1.0
3238,16810,1.0
3238,3901,1.0
3239,3240,1.0
3239,9098,1.0
3239,7074,1.0
3239,8229,1.0
3240,9836,1.0
3240,18527,1.0
3240,16798,1.0
3241,3242,1.0
3241,13717,1.0
3241,12206,1.0
3241,13150,1.0
3242,10815,1.0
3243,3244,1.0
3243,3775,1.0
3243,11938,1.0
3244,12378,1.0
3245,10692,1.0
3245,5226,1.0
3246,13835,1.0
3246,11411,1.0
3247,3248,1.0
3247,5817,1.0
3247,13873,1.0
3248,6328,1.0
3248,9076,1.0
3249,3250,1.0
3249,5727,1.0
3249,5991,1.0
3250,4816,1.0
3250,9775,1.0
3250,17849,1.0
3250,5728,1.0
3252,3253,1.0
3252,13700,1.0
3254,3255,1.0
3255,8806,1.0
3255,17350,1.0
3256,3257,1.0
3256,13037,1.0
3257,12980,1.0
3257,14011,1.0
3258,3259,1.0
3258,8815,1.0
3259,7297,1.0
3259,16870,1.0
3260,10798,1.0
3260,20866,1.0
3260,6297,1.0
3261,3855,1.0
3261,9724,1.0
3261,16917,1.0
3262,3263,1.0
3262,12833,1.0
3262,16537,1.0
3263,9213,1.0
3263,16845,1.0
3263,17101,1.0
3264,6675,1.0
3265,3518,1.0
3265,16716,1.0
3265,13618,1.0
3266,3267,1.0
3266,5695,1.0
3267,6135,1.0
3267,3528,1.0
3267,8907,1.0
3268,3269,1.0
3268,8929,1.0
3269,10614,1.0
3269,16730,1.0
3270,9527,1.0
3271,3272,1.0
3271,9353,1.0
3272,11049,1.0
3272,14086,1.0
3273,3274,1.0
3273,5348,1.0
3273,7120,1.0
3273,3586,1.0
3274,4962,1.0
3274,15982,1.0
3274,8428,1.0
3275,9454,1.0
3275,7455,1.0
3275,20362,1.0
3276,3277,1.0
3276,6472,1.0
3277,14994,1.0
3278,4940,1.0
3279,3280,1.0
3279,8902,1.0
3279,5321,1.0
3279,6161,1.0
3280,4721,1.0
3280,8239,1.0
3280,8179,1.0
3281,12800,1.0
3282,3283,1.0
3282,6466,1.0
3282,7358,1.0
3282,7895,1.0
3283,3848,1.0
3283,5169,1.0
3283,7246,1.0
3284,3285,1.0
3284,16823,1.0
3284,14135,1.0
3285,7960,1.0
3285,13933,1.0
3286,3287,1.0
3286,15307,1.0
3286,15910,1.0
3286,19181,1.0
3287,18070,1.0
3287,11942,1.0
3288,3289,1.0
3288,7840,1.0
3288,11018,1.0
3289,10846,1.0
3290,3291,1.0
3290,10218,1.0
3290,16045,1.0
3291,20206,1.0
3291,21199,1.0
3291,21200,1.0
3291,20810,1.0
3292,3293,1.0
3292,3876,1.0
3292,18217,1.0
3293,11219,1.0
3293,14747,1.0
3294,18118,1.0
3295,3296,1.0
3295,11102,1.0
3295,20240,1.0
3296,14762,1.0
3296,21107,1.0
3297,3298,1.0
3297,10777,1.0
3297,7581,1.0
3298,5805,1.0
3299,3300,1.0
3299,4626,1.0
3299,17826,1.0
3300,5599,1.0
3300,13355,1.0
3302,13692,1.0
3302,19525,1.0
3303,14619,1.0
3303,6637,1.0
3304,3305,1.0
3304,13030,1.0
3304,12387,1.0
3305,6449,1.0
3305,12420,1.0
3306,3307,1.0
3306,6164,1.0
3306,7530,1.0
3307,4918,1.0
3307,7043,1.0
3307,13861,1.0
3308,3309,1.0
3308,4506,1.0
3308,6499,1.0
3309,5823,1.0
3309,13963,1.0
3310,3311,1.0
3310,13952,1.0
3310,16254,1.0
3310,17519,1.0
3311,4285,1.0
3311,7226,1.0
3311,17571,1.0
3312,3313,1.0
3312,9435,1.0
3312,10552,1.0
3312,8959,1.0
3314,3315,1.0
3314,6769,1.0
3314,8946,1.0
3315,6370,1.0
3315,3426,1.0
3316,11840,1.0
3316,8569,1.0
3316,16912,1.0
3317,3318,1.0
3317,16426,1.0
3317,11761,1.0
3318,9018,1.0
3318,12656,1.0
3319,12860,1.0
3319,11793,1.0
3320,13219,1.0
3320,8725,1.0
3321,13351,1.0
3321,6702,1.0
3322,4595,1.0
3322,15071,1.0
3323,6757,1.0
3323,14918,1.0
3323,17104,1.0
3323,15398,1.0
3324,3325,1.0
3324,5583,1.0
3324,12029,1.0
3324,9755,1.0
3325,8506,1.0
3325,6971,1.0
3325,10201,1.0
3326,3327,1.0
3326,13526,1.0
3326,17725,1.0
3327,12613,1.0
3327,5399,1.0
3328,13827,1.0
3328,10768,1.0
3329,3330,1.0
3329,16311,1.0
3329,11709,1.0
3329,8643,1.0
3330,8014,1.0
3330,11574,1.0
3331,3332,1.0
3331,12420,1.0
3331,17273,1.0
3332,10625,1.0
3332,8390,1.0
3333,3334,1.0
3333,8834,1.0
3333,4971,1.0
3334,7499,1.0
3334,13161,1.0
3335,11329,1.0
3335,3399,1.0
3336,3337,1.0
3336,8161,1.0
3336,19950,1.0
3337,11134,1.0
3337,18264,1.0
3337,19943,1.0
3338,3339,1.0
3338,5553,1.0
3338,13003,1.0
3338,4274,1.0
3339,5868,1.0
3339,4316,1.0
3340,3341,1.0
3340,16141,1.0
3340,14145,1.0
3341,8096,1.0
3341,14506,1.0
3342,3343,1.0
3342,4712,1.0
3342,10514,1.0
3343,11721,1.0
3343,13350,1.0
3345,7975,1.0
3346,3347,1.0
3346,11502,1.0
3346,14597,1.0
3346,10337,1.0
3347,10337,1.0
3348,16234,1.0
3348,14432,1.0
3348,18447,1.0
3349,3350,1.0
3349,16503,1.0
3349,16434,1.0
3350,10387,1.0
3350,12368,1.0
3351,3352,1.0
3351,3382,1.0
3352,3383,1.0
3352,3941,1.0
3353,3354,1.0
3353,4131,1.0
3353,10467,1.0
3355,3356,1.0
3355,5557,1.0
3355,8357,1.0
3355,12514,1.0
3356,8112,1.0
3356,13774,1.0
3356,12332,1.0
3357,14217,1.0
3357,14247,1.0
3358,6648,1.0
3358,13993,1.0
3359,7300,1.0
3359,16953,1.0
3359,15106,1.0
3360,11404,1.0
3360,11756,1.0
3360,7347,1.0
3362,5398,1.0
3362,5679,1.0
3363,3364,1.0
3363,9615,1.0
3364,8175,1.0
3364,8562,1.0
3365,8579,1.0
3365,11869,1.0
3365,11415,1.0
3366,3367,1.0
3366,8999,1.0
3366,20678,1.0
3367,6463,1.0
3367,20678,1.0
3368,3369,1.0
3369,10468,1.0
3369,9043,1.0
3370,3371,1.0
3370,10785,1.0
3370,17267,1.0
3370,20159,1.0
3371,15871,1.0
3371,21040,1.0
3372,3373,1.0
3372,4668,1.0
3373,5333,1.0
3374,10526,1.0
3374,8992,1.0
3374,4656,1.0
3375,3376,1.0
3375,5816,1.0
3375,4395,1.0
3375,5766,1.0
3376,10176,1.0
3376,4883,1.0
3377,3378,1.0
3377,4167,1.0
3377,7683,1.0
3377,11160,1.0
3378,13845,1.0
3379,3380,1.0
3379,3553,1.0
3380,7782,1.0
3380,4542,1.0
3381,11805,1.0
3382,3383,1.0
3382,10781,1.0
3382,4346,1.0
3383,3940,1.0
3384,3385,1.0
3384,10352,1.0
3384,7737,1.0
3384,16972,1.0
3385,7613,1.0
3385,7738,1.0
3386,3387,1.0
3386,12678,1.0
3386,4479,1.0
3386,5886,1.0
3387,3624,1.0
3387,17007,1.0
3387,3727,1.0
3388,5092,1.0
3388,12146,1.0
3389,3390,1.0
3389,10072,1.0
3390,11440,1.0
3390,13508,1.0
3391,13820,1.0
3391,14074,1.0
3391,6589,1.0
3392,3393,1.0
3392,3956,1.0
3392,5775,1.0
3392,16555,1.0
3393,5776,1.0
3393,10958,1.0
3394,9667,1.0
3394,9284,1.0
3395,13368,1.0
3395,7509,1.0
3395,13335,1.0
3396,6314,1.0
3396,12843,1.0
3397,12987,1.0
3397,8721,1.0
3398,12378,1.0
3398,3775,1.0
3398,8555,1.0
3399,5921,1.0
3399,12646,1.0
3400,3401,1.0
3401,11104,1.0
3401,17965,1.0
3402,14072,1.0
3403,3404,1.0
3403,6320,1.0
3403,9214,1.0
3404,5618,1.0
3404,7565,1.0
3405,12808,1.0
3405,10907,1.0
3407,7316,1.0
3407,14739,1.0
3407,18243,1.0
3408,3409,1.0
3408,6255,1.0
3408,10546,1.0
3410,3411,1.0
3410,14181,1.0
3410,13936,1.0
3411,10052,1.0
3411,5799,1.0
3412,3413,1.0
3412,14052,1.0
3412,19006,1.0
3413,19003,1.0
3413,15294,1.0
3414,3415,1.0
3414,8257,1.0
3414,12907,1.0
3415,5610,1.0
3415,9421,1.0
3416,3417,1.0
3416,9588,1.0
3416,10857,1.0
3416,8350,1.0
3416,16474,1.0
3417,8475,1.0
3417,5425,1.0
3418,3419,1.0
3418,12483,1.0
3418,10419,1.0
3418,17654,1.0
3419,3870,1.0
3419,11997,1.0
3420,4982,1.0
3420,3457,1.0
3420,10591,1.0
3421,17574,1.0
3421,16520,1.0
3422,3423,1.0
3423,5869,1.0
3423,8862,1.0
3424,3425,1.0
3424,5791,1.0
3424,15525,1.0
3425,4547,1.0
3425,15084,1.0
3425,7282,1.0
3426,3427,1.0
3426,8152,1.0
3426,8946,1.0
3428,8725,1.0
3428,7495,1.0
3428,14548,1.0
3428,8789,1.0
3429,3430,1.0
3429,4460,1.0
3429,11664,1.0
3430,7699,1.0
3431,3432,1.0
3431,19059,1.0
3432,8789,1.0
3433,3434,1.0
3433,10362,1.0
3433,4188,1.0
3434,4566,1.0
3434,6575,1.0
3435,3436,1.0
3435,10484,1.0
3435,16236,1.0
3437,7028,1.0
3437,6401,1.0
3437,4478,1.0
3438,3439,1.0
3438,11475,1.0
3439,5220,1.0
3439,5040,1.0
3439,13074,1.0
3440,3441,1.0
3440,8300,1.0
3441,14197,1.0
3441,13682,1.0
3442,3443,1.0
3442,4849,1.0
3443,16101,1.0
3443,11563,1.0
3444,3445,1.0
3444,4166,1.0
3444,10076,1.0
3446,3447,1.0
3446,10023,1.0
3446,16466,1.0
3446,14634,1.0
3447,9726,1.0
3447,7148,1.0
3448,3497,1.0
3448,15253,1.0
3449,3450,1.0
3449,5277,1.0
3449,12994,1.0
3450,7082,1.0
3450,6974,1.0
3450,10861,1.0
3451,3452,1.0
3451,5909,1.0
3451,3522,1.0
3451,12883,1.0
3452,16965,1.0
3452,19984,1.0
3453,3454,1.0
3453,4465,1.0
3453,5972,1.0
3453,6413,1.0
3454,5982,1.0
3454,6445,1.0
3455,3456,1.0
3455,17177,1.0
3456,8760,1.0
3456,9015,1.0
3457,10592,1.0
3457,7045,1.0
3457,17864,1.0
3458,3459,1.0
3458,12230,1.0
3458,17070,1.0
3458,16548,1.0
3460,3461,1.0
3460,9138,1.0
3460,12071,1.0
3460,6034,1.0
3461,7050,1.0
3461,6035,1.0
3461,4175,1.0
3462,4282,1.0
3463,14536,1.0
3463,10049,1.0
3464,16727,1.0
3464,3729,1.0
3465,3466,1.0
3465,5659,1.0
3465,11663,1.0
3465,5578,1.0
3466,10193,1.0
3466,9190,1.0
3467,6840,1.0
3467,10756,1.0
3467,14697,1.0
3468,3469,1.0
3469,11739,1.0
3469,14849,1.0
3470,3471,1.0
3470,11358,1.0
3471,14085,1.0
3472,3473,1.0
3472,16309,1.0
3472,20604,1.0
3473,4798,1.0
3473,9441,1.0
3474,9431,1.0
3475,3476,1.0
3475,13774,1.0
3475,7412,1.0
3475,13461,1.0
3476,7413,1.0
3477,9833,1.0
3477,12307,1.0
3479,8868,1.0
3479,3794,1.0
3479,7976,1.0
3480,3481,1.0
3480,7278,1.0
3480,3514,1.0
3481,5944,1.0
3481,7002,1.0
3481,9154,1.0
3482,10305,1.0
3482,5815,1.0
3482,6043,1.0
3483,3484,1.0
3483,13842,1.0
3484,10009,1.0
3485,3486,1.0
3485,4317,1.0
3485,11310,1.0
3485,4383,1.0
3486,13410,1.0
3486,12536,1.0
3486,4383,1.0
3487,3488,1.0
3487,6497,1.0
3487,8037,1.0
3488,16320,1.0
3488,7180,1.0
3489,7812,1.0
3489,17425,1.0
3489,7811,1.0
3490,3491,1.0
3490,7905,1.0
3490,7128,1.0
3490,6913,1.0
3491,7030,1.0
3491,7894,1.0
3491,6914,1.0
3492,7152,1.0
3492,11351,1.0
3493,3494,1.0
3493,10507,1.0
3493,10687,1.0
3494,5608,1.0
3494,12589,1.0
3495,6851,1.0
3495,7876,1.0
3495,11436,1.0
3496,3497,1.0
3496,6291,1.0
3497,8611,1.0
3497,11554,1.0
3498,10572,1.0
3498,18238,1.0
3499,3500,1.0
3499,5997,1.0
3499,10826,1.0
3499,6592,1.0
3500,6832,1.0
3500,8240,1.0
3500,10020,1.0
3501,3502,1.0
3501,5140,1.0
3501,16038,1.0
3501,10172,1.0
3502,8408,1.0
3502,5531,1.0
3502,11284,1.0
3503,6500,1.0
3503,9360,1.0
3504,3505,1.0
3504,8174,1.0
3505,8314,1.0
3506,4508,1.0
3506,6784,1.0
3506,12199,1.0
3507,3508,1.0
3507,17103,1.0
3507,17557,1.0
3508,12436,1.0
3508,16718,1.0
3508,16516,1.0
3509,3510,1.0
3509,5656,1.0
3510,5666,1.0
3510,8635,1.0
3511,13723,1.0
3512,6078,1.0
3512,14722,1.0
3513,3514,1.0
3514,7278,1.0
3515,3516,1.0
3515,14493,1.0
3515,6852,1.0
3515,19035,1.0
3516,17436,1.0
3516,17734,1.0
3517,14144,1.0
3517,15133,1.0
3517,19939,1.0
3518,5406,1.0
3518,5690,1.0
3519,3520,1.0
3519,10711,1.0
3519,5153,1.0
3520,6199,1.0
3520,6222,1.0
3521,3522,1.0
3521,4179,1.0
3521,5251,1.0
3521,9406,1.0
3522,16509,1.0
3522,5908,1.0
3523,3524,1.0
3523,9857,1.0
3523,17960,1.0
3524,5055,1.0
3524,12905,1.0
3524,18243,1.0
3525,3526,1.0
3525,7258,1.0
3525,12220,1.0
3526,8981,1.0
3526,19785,1.0
3527,13405,1.0
3527,4997,1.0
3528,8348,1.0
3528,6645,1.0
3529,7785,1.0
3529,13162,1.0
3530,3531,1.0
3530,6250,1.0
3531,5112,1.0
3531,7742,1.0
3532,3533,1.0
3532,4427,1.0
3532,4529,1.0
3533,16413,1.0
3533,4427,1.0
3534,3535,1.0
3534,7702,1.0
3534,5865,1.0
3534,17920,1.0
3535,7604,1.0
3535,13052,1.0
3535,14819,1.0
3536,3537,1.0
3536,7479,1.0
3536,12524,1.0
3536,16713,1.0
3537,4030,1.0
3537,17632,1.0
3538,13683,1.0
3538,8601,1.0
3539,3540,1.0
3539,7989,1.0
3539,14396,1.0
3540,4942,1.0
3541,3542,1.0
3541,18128,1.0
3543,3544,1.0
3543,4794,1.0
3544,9728,1.0
3544,7803,1.0
3545,3546,1.0
3545,5084,1.0
3545,12766,1.0
3545,14341,1.0
3546,11338,1.0
3546,5085,1.0
3546,14377,1.0
3547,3548,1.0
3547,7863,1.0
3548,4537,1.0
3548,9876,1.0
3549,3550,1.0
3549,9664,1.0
3549,17713,1.0
3550,4255,1.0
3550,8158,1.0
3550,4028,1.0
3551,3552,1.0
3551,8506,1.0
3552,7745,1.0
3552,9092,1.0
3553,3554,1.0
3554,12969,1.0
3554,12980,1.0
3554,8108,1.0
3555,3556,1.0
3555,10414,1.0
3556,14675,1.0
3557,6253,1.0
3557,5440,1.0
3557,11623,1.0
3558,3559,1.0
3558,9011,1.0
3558,19088,1.0
3558,20686,1.0
3559,4269,1.0
3559,20687,1.0
3560,3561,1.0
3560,12084,1.0
3560,14460,1.0
3561,18284,1.0
3563,3564,1.0
3564,6273,1.0
3564,12001,1.0
3565,5720,1.0
3565,12058,1.0
3566,3567,1.0
3566,10021,1.0
3566,9669,1.0
3566,6327,1.0
3567,3871,1.0
3567,10488,1.0
3568,4458,1.0
3568,5884,1.0
3569,3570,1.0
3569,6234,1.0
3569,8514,1.0
3570,12973,1.0
3570,6020,1.0
3570,12978,1.0
3571,3572,1.0
3571,11331,1.0
3571,14220,1.0
3572,5132,1.0
3572,5431,1.0
3574,3575,1.0
3574,7778,1.0
3574,14767,1.0
3575,7778,1.0
3576,3577,1.0
3576,3640,1.0
3577,11642,1.0
3577,4689,1.0
3578,3579,1.0
3578,20846,1.0
3579,7540,1.0
3580,3581,1.0
3580,4584,1.0
3580,11722,1.0
3581,7071,1.0
3581,11189,1.0
3582,3583,1.0
3582,8847,1.0
3582,10028,1.0
3583,4685,1.0
3583,10023,1.0
3583,3729,1.0
3584,4130,1.0
3584,10099,1.0
3584,5603,1.0
3585,3586,1.0
3585,13886,1.0
3585,8435,1.0
3587,3588,1.0
3587,4569,1.0
3587,8487,1.0
3587,12377,1.0
3588,3681,1.0
3588,18113,1.0
3588,8487,1.0
3588,20856,1.0
3588,20860,1.0
3589,4582,1.0
3590,3591,1.0
3590,3934,1.0
3590,10754,1.0
3592,3593,1.0
3592,5707,1.0
3592,13010,1.0
3593,13010,1.0
3593,13785,1.0
3594,6938,1.0
3594,16801,1.0
3595,6904,1.0
3595,13229,1.0
3596,3597,1.0
3596,7211,1.0
3596,8595,1.0
3596,7384,1.0
3597,4525,1.0
3597,12245,1.0
3597,12763,1.0
3598,3599,1.0
3598,16079,1.0
3598,16113,1.0
3599,10751,1.0
3600,9676,1.0
3600,14837,1.0
3601,4884,1.0
3601,5941,1.0
3601,5131,1.0
3602,8892,1.0
3602,18195,1.0
3602,18204,1.0
3604,3605,1.0
3604,4233,1.0
3604,6361,1.0
3604,7338,1.0
3605,11052,1.0
3605,13379,1.0
3606,5175,1.0
3606,6146,1.0
3606,9054,1.0
3607,3608,1.0
3607,16118,1.0
3607,16127,1.0
3608,8924,1.0
3608,13634,1.0
3609,3610,1.0
3609,8344,1.0
3609,5379,1.0
3610,5380,1.0
3610,16397,1.0
3611,3612,1.0
3611,6830,1.0
3611,13612,1.0
3612,7943,1.0
3612,13613,1.0
3613,3614,1.0
3613,8379,1.0
3613,11465,1.0
3614,7892,1.0
3614,8380,1.0
3615,5155,1.0
3615,4507,1.0
3616,3617,1.0
3616,8414,1.0
3616,14516,1.0
3617,8415,1.0
3617,7933,1.0
3618,3619,1.0
3618,10738,1.0
3618,4181,1.0
3619,11091,1.0
3619,17950,1.0
3620,3621,1.0
3620,7798,1.0
3620,4650,1.0
3621,5787,1.0
3621,18233,1.0
3622,3623,1.0
3622,14860,1.0
3622,4577,1.0
3622,10817,1.0
3623,11207,1.0
3623,11772,1.0
3623,17149,1.0
3624,3625,1.0
3624,5886,1.0
3624,11688,1.0
3625,7435,1.0
3625,3727,1.0
3625,21188,1.0
3626,5443,1.0
3626,11020,1.0
3627,3628,1.0
3627,8877,1.0
3627,13272,1.0
3627,14892,1.0
3628,6786,1.0
3628,6814,1.0
3629,3630,1.0
3629,5521,1.0
3629,5654,1.0
3629,7256,1.0
3630,5522,1.0
3630,14352,1.0
3630,16667,1.0
3631,14905,1.0
3631,15515,1.0
3632,12408,1.0
3632,6907,1.0
3632,9315,1.0
3632,8365,1.0
3633,4757,1.0
3633,8624,1.0
3634,3635,1.0
3634,8708,1.0
3636,12258,1.0
3636,17379,1.0
3637,3638,1.0
3637,3647,1.0
3637,4878,1.0
3637,8749,1.0
3638,4258,1.0
3638,6374,1.0
3638,11707,1.0
3639,4879,1.0
3639,7093,1.0
3639,11641,1.0
3640,4689,1.0
3641,3642,1.0
3641,15751,1.0
3641,15772,1.0
3641,17796,1.0
3642,16310,1.0
3642,16521,1.0
3643,3644,1.0
3643,6134,1.0
3643,17161,1.0
3644,15963,1.0
3644,12658,1.0
3645,3646,1.0
3645,6743,1.0
3645,12639,1.0
3645,8630,1.0
3646,8669,1.0
3646,12640,1.0
3646,6744,1.0
3647,7883,1.0
3647,18006,1.0
3648,3649,1.0
3648,8072,1.0
3648,16631,1.0
3649,7662,1.0
3649,12419,1.0
3650,3651,1.0
3650,12196,1.0
3650,13683,1.0
3651,7286,1.0
3651,18099,1.0
3652,3653,1.0
3652,11894,1.0
3652,8976,1.0
3653,5177,1.0
3653,13718,1.0
3653,13904,1.0
3654,3655,1.0
3654,14892,1.0
3654,6786,1.0
3654,20394,1.0
3655,10812,1.0
3655,13952,1.0
3655,18086,1.0
3656,3657,1.0
3656,12509,1.0
3657,12509,1.0
3657,4588,1.0
3658,3659,1.0
3658,6981,1.0
3658,4099,1.0
3658,16196,1.0
3659,12891,1.0
3659,16927,1.0
3660,3661,1.0
3660,7371,1.0
3660,17508,1.0
3660,10238,1.0
3661,12699,1.0
3661,4830,1.0
3662,3663,1.0
3662,8998,1.0
3662,6057,1.0
3663,4147,1.0
3664,3665,1.0
3664,8660,1.0
3664,7522,1.0
3665,9104,1.0
3665,8660,1.0
3665,16615,1.0
3666,9543,1.0
3666,19173,1.0
3666,19170,1.0
3667,8631,1.0
3667,12185,1.0
3667,10637,1.0
3668,3669,1.0
3668,10908,1.0
3668,4399,1.0
3669,10368,1.0
3669,4400,1.0
3670,7155,1.0
3671,3672,1.0
3671,10725,1.0
3671,12627,1.0
3672,13473,1.0
3673,3674,1.0
3674,7670,1.0
3674,15337,1.0
3674,17338,1.0
3675,3676,1.0
3675,8602,1.0
3675,9034,1.0
3675,4003,1.0
3676,8424,1.0
3676,4004,1.0
3676,8603,1.0
3678,8024,1.0
3678,13214,1.0
3678,11173,1.0
3679,3680,1.0
3679,6426,1.0
3679,12026,1.0
3681,12459,1.0
3681,8510,1.0
3681,13314,1.0
3682,3683,1.0
3682,7397,1.0
3682,8274,1.0
3682,16442,1.0
3683,6553,1.0
3683,4035,1.0
3684,3685,1.0
3684,8458,1.0
3684,11636,1.0
3685,4493,1.0
3685,4101,1.0
3685,12138,1.0
3686,3687,1.0
3686,8696,1.0
3687,4209,1.0
3687,4840,1.0
3687,16468,1.0
3688,3689,1.0
3689,5870,1.0
3689,9468,1.0
3690,3691,1.0
3690,6866,1.0
3690,7912,1.0
3690,14912,1.0
3691,10858,1.0
3691,10884,1.0
3691,7912,1.0
3692,3693,1.0
3692,7899,1.0
3692,10604,1.0
3693,11926,1.0
3693,8309,1.0
3694,3695,1.0
3694,8861,1.0
3694,7111,1.0
3694,4381,1.0
3695,3788,1.0
3695,13941,1.0
3695,20456,1.0
3696,3697,1.0
3696,13203,1.0
3696,10239,1.0
3698,3699,1.0
3698,9999,1.0
3698,14936,1.0
3699,5317,1.0
3699,10713,1.0
3700,3701,1.0
3700,4320,1.0
3700,7253,1.0
3701,6746,1.0
3701,10341,1.0
3701,8320,1.0
3702,3703,1.0
3702,11578,1.0
3702,9431,1.0
3703,12251,1.0
3703,16784,1.0
3704,5605,1.0
3704,7236,1.0
3704,11158,1.0
3705,9349,1.0
3705,13028,1.0
3705,7504,1.0
3706,3707,1.0
3706,10536,1.0
3707,5467,1.0
3707,14908,1.0
3708,3709,1.0
3708,9232,1.0
3708,5247,1.0
3708,13055,1.0
3709,4781,1.0
3709,6612,1.0
3709,14567,1.0
3710,14898,1.0
3711,3712,1.0
3711,4031,1.0
3711,4072,1.0
3711,11864,1.0
3712,17012,1.0
3712,16878,1.0
3713,3714,1.0
3713,9749,1.0
3713,9322,1.0
3714,7494,1.0
3714,4337,1.0
3715,12203,1.0
3715,14228,1.0
3716,3717,1.0
3716,6094,1.0
3716,6856,1.0
3718,3719,1.0
3718,6624,1.0
3718,10257,1.0
3718,11675,1.0
3719,10121,1.0
3719,6364,1.0
3719,12066,1.0
3720,3721,1.0
3720,4265,1.0
3720,12399,1.0
3721,12400,1.0
3722,8738,1.0
3722,12572,1.0
3722,6873,1.0
3723,6393,1.0
3724,5821,1.0
3724,6057,1.0
3724,16481,1.0
3725,3726,1.0
3725,6424,1.0
3725,17741,1.0
3725,16642,1.0
3726,5184,1.0
3726,13170,1.0
3727,3728,1.0
3727,5589,1.0
3728,6527,1.0
3728,16857,1.0
3728,21188,1.0
3729,3730,1.0
3729,8847,1.0
3730,8120,1.0
3730,4685,1.0
3731,3732,1.0
3731,4888,1.0
3731,9651,1.0
3732,5911,1.0
3732,9652,1.0
3733,3734,1.0
3733,6757,1.0
3734,6336,1.0
3734,11935,1.0
3734,20434,1.0
3735,3736,1.0
3735,7796,1.0
3735,8970,1.0
3735,16811,1.0
3736,8102,1.0
3736,8971,1.0
3737,11671,1.0
3737,10384,1.0
3738,3739,1.0
3738,6126,1.0
3738,11872,1.0
3739,3866,1.0
3739,16343,1.0
3739,10694,1.0
3740,3741,1.0
3740,11412,1.0
3740,4791,1.0
3740,12860,1.0
3741,9262,1.0
3741,13146,1.0
3742,5383,1.0
3743,3744,1.0
3743,5115,1.0
3743,5619,1.0
3744,9484,1.0
3744,12558,1.0
3744,4452,1.0
3745,3746,1.0
3745,20038,1.0
3745,19235,1.0
3746,11995,1.0
3747,3748,1.0
3748,4391,1.0
3748,10014,1.0
3749,3750,1.0
3749,4716,1.0
3749,9311,1.0
3750,7415,1.0
3750,9692,1.0
3750,12197,1.0
3751,3752,1.0
3751,8982,1.0
3751,10270,1.0
3752,15159,1.0
3752,12483,1.0
3753,3754,1.0
3754,9285,1.0
3754,7122,1.0
3755,11539,1.0
3755,7089,1.0
3755,5146,1.0
3756,3757,1.0
3756,8213,1.0
3756,10737,1.0
3757,7433,1.0
3757,11279,1.0
3758,3852,1.0
3758,11223,1.0
3758,10569,1.0
3759,3760,1.0
3759,4277,1.0
3759,6385,1.0
3760,6386,1.0
3761,3762,1.0
3761,14201,1.0
3761,12458,1.0
3762,14854,1.0
3763,6825,1.0
3763,8797,1.0
3764,16666,1.0
3764,13281,1.0
3764,19163,1.0
3764,13092,1.0
3764,14802,1.0
3765,3766,1.0
3765,4647,1.0
3765,8598,1.0
3766,4161,1.0
3767,3768,1.0
3767,6927,1.0
3767,7481,1.0
3768,5214,1.0
3769,10774,1.0
3769,15632,1.0
3770,9759,1.0
3770,4321,1.0
3770,5374,1.0
3771,3772,1.0
3771,10396,1.0
3771,16553,1.0
3772,9174,1.0
3772,4109,1.0
3772,11734,1.0
3773,3774,1.0
3773,7740,1.0
3773,15359,1.0
3774,5480,1.0
3774,11094,1.0
3775,17762,1.0
3776,3777,1.0
3776,8578,1.0
3776,8996,1.0
3777,5605,1.0
3778,3779,1.0
3778,15469,1.0
3778,8010,1.0
3779,7198,1.0
3779,15475,1.0
3779,11466,1.0
3780,3781,1.0
3780,4141,1.0
3780,9337,1.0
3780,17231,1.0
3781,4142,1.0
3781,10787,1.0
3782,13132,1.0
3782,11107,1.0
3782,17884,1.0
3783,3784,1.0
3783,6394,1.0
3783,10541,1.0
3784,7588,1.0
3784,6751,1.0
3785,3786,1.0
3785,9028,1.0
3785,6331,1.0
3786,8541,1.0
3787,3788,1.0
3787,5116,1.0
3787,4414,1.0
3787,13941,1.0
3788,12897,1.0
3789,3790,1.0
3790,5959,1.0
3790,6163,1.0
3791,8543,1.0
3791,6944,1.0
3792,3793,1.0
3792,8675,1.0
3792,6960,1.0
3794,3795,1.0
3795,10562,1.0
3795,18855,1.0
3796,3797,1.0
3796,21028,1.0
3796,21045,1.0
3797,10508,1.0
3798,7087,1.0
3798,6391,1.0
3799,3800,1.0
3799,12527,1.0
3799,15560,1.0
3799,16879,1.0
3800,12528,1.0
3800,15558,1.0
3801,3802,1.0
3801,11582,1.0
3801,17549,1.0
3801,17005,1.0
3802,15971,1.0
3802,15937,1.0
3802,17005,1.0
3803,7816,1.0
3803,6393,1.0
3803,3893,1.0
3804,10391,1.0
3804,10681,1.0
3804,4375,1.0
3805,9524,1.0
3805,11939,1.0
3806,3807,1.0
3806,5558,1.0
3806,5717,1.0
3807,6335,1.0
3807,13860,1.0
3807,20435,1.0
3808,3809,1.0
3808,16257,1.0
3809,17519,1.0
3809,16287,1.0
3810,3811,1.0
3810,8821,1.0
3810,12530,1.0
3810,4311,1.0
3811,8821,1.0
3811,16319,1.0
3811,16314,1.0
3812,3813,1.0
3812,4705,1.0
3812,8537,1.0
3813,6604,1.0
3813,9237,1.0
3814,15582,1.0
3814,8294,1.0
3815,10649,1.0
3815,12163,1.0
3815,16783,1.0
3816,3817,1.0
3816,12510,1.0
3816,17847,1.0
3817,6911,1.0
3817,17906,1.0
3818,5378,1.0
3818,9984,1.0
3819,3820,1.0
3820,3986,1.0
3820,4220,1.0
3821,10883,1.0
3821,20339,1.0
3822,3823,1.0
3822,6954,1.0
3822,6576,1.0
3822,9221,1.0
3823,6083,1.0
3823,5954,1.0
3824,3825,1.0
3824,19458,1.0
3824,19459,1.0
3824,20718,1.0
3824,20723,1.0
3825,7584,1.0
3825,13288,1.0
3826,3827,1.0
3826,7941,1.0
3826,4815,1.0
3826,13425,1.0
3827,4820,1.0
3827,9366,1.0
3828,13173,1.0
3828,17026,1.0
3829,3830,1.0
3829,6448,1.0
3831,3832,1.0
3831,4411,1.0
3831,10336,1.0
3831,5186,1.0
3832,4908,1.0
3832,7851,1.0
3832,11502,1.0
3833,3834,1.0
3833,8297,1.0
3833,6536,1.0
3834,9988,1.0
3834,11106,1.0
3835,3836,1.0
3835,6996,1.0
3835,10213,1.0
3836,7311,1.0
3836,7341,1.0
3837,7667,1.0
3837,5224,1.0
3838,14765,1.0
3838,15988,1.0
3838,10126,1.0
3839,3840,1.0
3839,14517,1.0
3839,15912,1.0
3841,3842,1.0
3842,12967,1.0
3842,16141,1.0
3843,6142,1.0
3843,12811,1.0
3844,3845,1.0
3844,4238,1.0
3844,5409,1.0
3844,5749,1.0
3845,14035,1.0
3845,13760,1.0
3846,15376,1.0
3846,13977,1.0
3847,12006,1.0
3847,10682,1.0
3847,16957,1.0
3848,5774,1.0
3848,7478,1.0
3848,7895,1.0
3849,3850,1.0
3849,8597,1.0
3849,8530,1.0
3849,15143,1.0
3850,15535,1.0
3850,17952,1.0
3850,18071,1.0
3851,3852,1.0
3851,8709,1.0
3852,16584,1.0
3852,11119,1.0
3853,3854,1.0
3853,9337,1.0
3853,9621,1.0
3854,11395,1.0
3855,3856,1.0
3855,11892,1.0
3856,6298,1.0
3856,5445,1.0
3857,3858,1.0
3857,10162,1.0
3857,13763,1.0
3858,5854,1.0
3858,16494,1.0
3859,17214,1.0
3859,17006,1.0
3859,5971,1.0
3860,3861,1.0
3860,6992,1.0
3860,7350,1.0
3861,6993,1.0
3861,6843,1.0
3861,8138,1.0
3862,3863,1.0
3862,7508,1.0
3862,12636,1.0
3862,14708,1.0
3863,5320,1.0
3863,3965,1.0
3864,3865,1.0
3864,9458,1.0
3865,15899,1.0
3868,3869,1.0
3868,7042,1.0
3870,3871,1.0
3870,10419,1.0
3871,4657,1.0
3871,12801,1.0
3872,3873,1.0
3872,4580,1.0
3872,13217,1.0
3872,6470,1.0
3873,9625,1.0
3873,12149,1.0
3873,4581,1.0
3874,3895,1.0
3874,4786,1.0
3874,9266,1.0
3874,4135,1.0
3875,3876,1.0
3876,5515,1.0
3877,9396,1.0
3877,17313,1.0
3877,13770,1.0
3878,3879,1.0
3878,9228,1.0
3878,17427,1.0
3879,13236,1.0
3880,3881,1.0
3881,6692,1.0
3882,3883,1.0
3882,5957,1.0
3883,12271,1.0
3884,3885,1.0
3884,4836,1.0
3885,12904,1.0
3885,17446,1.0
3886,11655,1.0
3886,20299,1.0
3886,13870,1.0
3887,3888,1.0
3887,9355,1.0
3888,13558,1.0
3888,12315,1.0
3888,17135,1.0
3889,3890,1.0
3889,7612,1.0
3889,4709,1.0
3889,15842,1.0
3889,6546,1.0
3891,3892,1.0
3891,7671,1.0
3892,7086,1.0
3892,11199,1.0
3893,3894,1.0
3893,7857,1.0
3894,6393,1.0
3895,7395,1.0
3895,6383,1.0
3896,3897,1.0
3896,11762,1.0
3896,16918,1.0
3896,6032,1.0
3897,16962,1.0
3897,6033,1.0
3898,3899,1.0
3898,12748,1.0
3898,7561,1.0
3899,10020,1.0
3899,8982,1.0
3900,3901,1.0
3900,5277,1.0
3902,3903,1.0
3902,4219,1.0
3902,5576,1.0
3903,6595,1.0
3903,4509,1.0
3903,16402,1.0
3904,3905,1.0
3904,4907,1.0
3904,9806,1.0
3905,15481,1.0
3905,13045,1.0
3906,5617,1.0
3906,6847,1.0
3907,10242,1.0
3907,21196,1.0
3909,3910,1.0
3909,10177,1.0
3909,14488,1.0
3910,14661,1.0
3910,15989,1.0
3911,3912,1.0
3912,16885,1.0
3912,5149,1.0
3913,3914,1.0
3913,5947,1.0
3913,11142,1.0
3914,5359,1.0
3915,6498,1.0
3916,3917,1.0
3916,6775,1.0
3916,4206,1.0
3917,3919,1.0
3917,16538,1.0
3918,13082,1.0
3918,12211,1.0
3919,3920,1.0
3919,15570,1.0
3920,11169,1.0
3920,13059,1.0
3921,3922,1.0
3921,7910,1.0
3921,13822,1.0
3923,3924,1.0
3923,5290,1.0
3923,12413,1.0
3923,13429,1.0
3924,4488,1.0
3924,8840,1.0
3924,9741,1.0
3925,3926,1.0
3925,6901,1.0
3925,9587,1.0
3926,16334,1.0
3926,13324,1.0
3927,3928,1.0
3927,11337,1.0
3927,12653,1.0
3927,8497,1.0
3928,7324,1.0
3928,9702,1.0
3928,13575,1.0
3929,5273,1.0
3929,12777,1.0
3930,3931,1.0
3930,5770,1.0
3931,17125,1.0
3931,11226,1.0
3932,3933,1.0
3932,7366,1.0
3932,12934,1.0
3933,11794,1.0
3933,12672,1.0
3934,7698,1.0
3934,3960,1.0
3935,8146,1.0
3936,3937,1.0
3936,19158,1.0
3937,4903,1.0
3937,10774,1.0
3938,3939,1.0
3938,4717,1.0
3938,5128,1.0
3940,3941,1.0
3940,5645,1.0
3940,14260,1.0
3941,7183,1.0
3942,3943,1.0
3942,9958,1.0
3942,11620,1.0
3943,5627,1.0
3943,14350,1.0
3944,3945,1.0
3944,10510,1.0
3945,6144,1.0
3945,5026,1.0
3945,17564,1.0
3945,6026,1.0
3946,3947,1.0
3946,4123,1.0
3947,7855,1.0
3947,17577,1.0
3948,3949,1.0
3948,12963,1.0
3948,15954,1.0
3950,3951,1.0
3950,8239,1.0
3950,17204,1.0
3950,15158,1.0
3951,12169,1.0
3951,12623,1.0
3951,8042,1.0
3952,3953,1.0
3952,6141,1.0
3952,5331,1.0
3953,5331,1.0
3953,17284,1.0
3954,6891,1.0
3954,4939,1.0
3954,4938,1.0
3955,7051,1.0
3955,7283,1.0
3955,13912,1.0
3956,10199,1.0
3956,7260,1.0
3957,3958,1.0
3957,6019,1.0
3957,12870,1.0
3957,14017,1.0
3958,6825,1.0
3958,8797,1.0
3959,3960,1.0
3959,9042,1.0
3959,6463,1.0
3960,14193,1.0
3960,16714,1.0
3961,3962,1.0
3961,4150,1.0
3961,11459,1.0
3961,6172,1.0
3962,6875,1.0
3962,6173,1.0
3963,3964,1.0
3963,6801,1.0
3963,16011,1.0
3963,12893,1.0
3964,11304,1.0
3964,5010,1.0
3964,4653,1.0
3965,3966,1.0
3965,5987,1.0
3966,10405,1.0
3966,5987,1.0
3967,3968,1.0
3967,10663,1.0
3967,8344,1.0
3969,3970,1.0
3969,7911,1.0
3969,6473,1.0
3969,8054,1.0
3970,12170,1.0
3970,13295,1.0
3973,3974,1.0
3973,6880,1.0
3973,12518,1.0
3973,14821,1.0
3974,12351,1.0
3974,19877,1.0
3975,11690,1.0
3975,4368,1.0
3975,5756,1.0
3976,15556,1.0
3976,12726,1.0
3976,12642,1.0
3976,8394,1.0
3977,3978,1.0
3977,10220,1.0
3977,12406,1.0
3977,17683,1.0
3978,10061,1.0
3978,4401,1.0
3978,8361,1.0
3979,3980,1.0
3979,6905,1.0
3979,14203,1.0
3979,16875,1.0
3980,4610,1.0
3980,12028,1.0
3980,8355,1.0
3981,3982,1.0
3981,5212,1.0
3981,8883,1.0
3981,17997,1.0
3982,9995,1.0
3982,14579,1.0
3983,11309,1.0
3983,6402,1.0
3983,11676,1.0
3984,3985,1.0
3984,6834,1.0
3984,8474,1.0
3985,7345,1.0
3986,8235,1.0
3986,13573,1.0
3987,3988,1.0
3987,6194,1.0
3987,12946,1.0
3987,7663,1.0
3988,7583,1.0
3988,10708,1.0
3989,3990,1.0
3989,9026,1.0
3990,7075,1.0
3990,9026,1.0
3991,3992,1.0
3991,15431,1.0
3991,9147,1.0
3991,20193,1.0
3992,6895,1.0
3992,11973,1.0
3992,9148,1.0
3993,8310,1.0
3993,10370,1.0
3993,10677,1.0
3993,14194,1.0
3994,9538,1.0
3995,3996,1.0
3995,8645,1.0
3995,13584,1.0
3995,10761,1.0
3996,5594,1.0
3996,6596,1.0
3996,5286,1.0
3997,3998,1.0
3997,6051,1.0
3997,6423,1.0
3997,5675,1.0
3998,16331,1.0
3998,5676,1.0
3999,4000,1.0
3999,7603,1.0
3999,13885,1.0
4000,5989,1.0
4000,8423,1.0
4000,13230,1.0
4001,4002,1.0
4001,6016,1.0
4001,4340,1.0
4001,5889,1.0
4002,5890,1.0
4003,4004,1.0
4003,4511,1.0
4003,7590,1.0
4004,6559,1.0
4004,16773,1.0
4005,10332,1.0
4006,4007,1.0
4006,11071,1.0
4006,14385,1.0
4007,15196,1.0
4007,4117,1.0
4008,19248,1.0
4009,7541,1.0
4009,14312,1.0
4010,4953,1.0
4010,7576,1.0
4011,4012,1.0
4011,12037,1.0
4011,8143,1.0
4013,4014,1.0
4013,6271,1.0
4013,5367,1.0
4013,19762,1.0
4014,4990,1.0
4014,5368,1.0
4015,6221,1.0
4015,4169,1.0
4016,16810,1.0
4016,11715,1.0
4017,11994,1.0
4017,6058,1.0
4018,4019,1.0
4018,8455,1.0
4018,8454,1.0
4018,6345,1.0
4019,8527,1.0
4019,6820,1.0
4019,6346,1.0
4020,4021,1.0
4020,7415,1.0
4020,10207,1.0
4021,9165,1.0
4021,11026,1.0
4021,10643,1.0
4022,4023,1.0
4022,5608,1.0
4022,12589,1.0
4022,5094,1.0
4023,13746,1.0
4023,12915,1.0
4024,4025,1.0
4024,7065,1.0
4024,12753,1.0
4025,13105,1.0
4026,4027,1.0
4026,11285,1.0
4026,10011,1.0
4027,8361,1.0
4027,10061,1.0
4028,4029,1.0
4028,7348,1.0
4029,9304,1.0
4029,16665,1.0
4029,14668,1.0
4030,12184,1.0
4031,10786,1.0
4031,16878,1.0
4032,4033,1.0
4032,8334,1.0
4032,6826,1.0
4033,10439,1.0
4033,17769,1.0
4034,11760,1.0
4034,5834,1.0
4035,4036,1.0
4035,4355,1.0
4036,8275,1.0
4036,6831,1.0
4037,4038,1.0
4037,7694,1.0
4037,9392,1.0
4038,4294,1.0
4038,10056,1.0
4039,4040,1.0
4039,8383,1.0
4040,6351,1.0
4041,4042,1.0
4041,7475,1.0
4041,7797,1.0
4043,4044,1.0
4043,5577,1.0
4043,8043,1.0
4043,17041,1.0
4044,10907,1.0
4044,9422,1.0
4045,15560,1.0
4045,16355,1.0
4045,17515,1.0
4046,4047,1.0
4046,4962,1.0
4046,12931,1.0
4046,10372,1.0
4047,4233,1.0
4047,12381,1.0
4047,6361,1.0
4048,13168,1.0
4048,14413,1.0
4048,17489,1.0
4049,4050,1.0
4049,4065,1.0
4049,7078,1.0
4049,10276,1.0
4050,5771,1.0
4050,7079,1.0
4051,4052,1.0
4051,13301,1.0
4052,9444,1.0
4052,12343,1.0
4053,4054,1.0
4053,4900,1.0
4053,13333,1.0
4054,12869,1.0
4054,6309,1.0
4055,18298,1.0
4055,14514,1.0
4056,14508,1.0
4056,11901,1.0
4057,4058,1.0
4057,17908,1.0
4057,20704,1.0
4057,11608,1.0
4058,19222,1.0
4058,19280,1.0
4058,20848,1.0
4059,4060,1.0
4060,9273,1.0
4060,19252,1.0
4061,4062,1.0
4061,6693,1.0
4061,19178,1.0
4062,4094,1.0
4062,4857,1.0
4062,13079,1.0
4063,4064,1.0
4063,7424,1.0
4063,11391,1.0
4064,9914,1.0
4064,11911,1.0
4064,10393,1.0
4065,13308,1.0
4065,5771,1.0
4065,16688,1.0
4066,8583,1.0
4066,12356,1.0
4067,4474,1.0
4067,10586,1.0
4067,10190,1.0
4068,13004,1.0
4068,12926,1.0
4069,9069,1.0
4069,10769,1.0
4069,13817,1.0
4070,4071,1.0
4070,5945,1.0
4070,9474,1.0
4070,12989,1.0
4071,4524,1.0
4071,12373,1.0
4072,14085,1.0
4072,10786,1.0
4073,4074,1.0
4073,7001,1.0
4073,10065,1.0
4073,12016,1.0
4075,7034,1.0
4076,4077,1.0
4076,13957,1.0
4076,19341,1.0
4077,9082,1.0
4077,14388,1.0
4078,4079,1.0
4078,11559,1.0
4079,7520,1.0
4079,7204,1.0
4079,9335,1.0
4081,4082,1.0
4081,6925,1.0
4081,14304,1.0
4081,7429,1.0
4082,6991,1.0
4082,6926,1.0
4082,11043,1.0
4083,4084,1.0
4083,9942,1.0
4083,14288,1.0
4083,20697,1.0
4084,16572,1.0
4085,8213,1.0
4085,4977,1.0
4086,4087,1.0
4086,14627,1.0
4086,10310,1.0
4086,4639,1.0
4087,4972,1.0
4087,12380,1.0
4088,4089,1.0
4088,5583,1.0
4088,13704,1.0
4088,6020,1.0
4089,6021,1.0
4089,16766,1.0
4090,4091,1.0
4090,17628,1.0
4090,17562,1.0
4090,20716,1.0
4091,6550,1.0
4091,9238,1.0
4091,17625,1.0
4092,4093,1.0
4092,7867,1.0
4092,14180,1.0
4094,4095,1.0
4094,5016,1.0
4094,6693,1.0
4095,13079,1.0
4096,4097,1.0
4096,13462,1.0
4096,13536,1.0
4097,6247,1.0
4097,9865,1.0
4097,13537,1.0
4098,4099,1.0
4099,12891,1.0
4099,16200,1.0
4100,6181,1.0
4101,4102,1.0
4101,13986,1.0
4102,5381,1.0
4102,4493,1.0
4103,4104,1.0
4103,9609,1.0
4103,7890,1.0
4104,5077,1.0
4105,4106,1.0
4105,7961,1.0
4105,9882,1.0
4105,16661,1.0
4106,4861,1.0
4106,5321,1.0
4107,4490,1.0
4108,10531,1.0
4109,10354,1.0
4110,4111,1.0
4110,13274,1.0
4110,10852,1.0
4111,9013,1.0
4111,9877,1.0
4113,4114,1.0
4113,13646,1.0
4113,16112,1.0
4115,4116,1.0
4116,20741,1.0
4117,4118,1.0
4117,15177,1.0
4118,13231,1.0
4118,19782,1.0
4119,4120,1.0
4119,13599,1.0
4119,19115,1.0
4120,11073,1.0
4120,15186,1.0
4121,4122,1.0
4121,10828,1.0
4121,16308,1.0
4123,9484,1.0
4123,7855,1.0
4124,4125,1.0
4124,6896,1.0
4125,11111,1.0
4125,16534,1.0
4126,4127,1.0
4126,7323,1.0
4126,5166,1.0
4126,14297,1.0
4127,10010,1.0
4128,11280,1.0
4128,7868,1.0
4129,4130,1.0
4129,14428,1.0
4130,6644,1.0
4130,10380,1.0
4131,6059,1.0
4131,8944,1.0
4132,6968,1.0
4132,8250,1.0
4132,12713,1.0
4133,4134,1.0
4133,7015,1.0
4133,13883,1.0
4134,4213,1.0
4134,10110,1.0
4135,10288,1.0
4135,9266,1.0
4136,4137,1.0
4136,7255,1.0
4136,8423,1.0
4136,5989,1.0
4137,9585,1.0
4137,7963,1.0
4138,7090,1.0
4138,7676,1.0
4138,7295,1.0
4139,4140,1.0
4139,6937,1.0
4139,11130,1.0
4140,10437,1.0
4140,6539,1.0
4141,4142,1.0
4141,11605,1.0
4141,10504,1.0
4142,7080,1.0
4143,12160,1.0
4143,8166,1.0
4143,13403,1.0
4144,4145,1.0
4145,5672,1.0
4145,9511,1.0
4146,9882,1.0
4146,7583,1.0
4146,7961,1.0
4147,4783,1.0
4148,4149,1.0
4148,14856,1.0
4148,12762,1.0
4149,5400,1.0
4149,5993,1.0
4150,5496,1.0
4150,6875,1.0
4150,12291,1.0
4151,4152,1.0
4151,5146,1.0
4151,13492,1.0
4152,5284,1.0
4152,12432,1.0
4153,11620,1.0
4153,9118,1.0
4154,6973,1.0
4154,13645,1.0
4155,7749,1.0
4155,4438,1.0
4155,14070,1.0
4156,6669,1.0
4156,14695,1.0
4157,4158,1.0
4157,10065,1.0
4157,15812,1.0
4158,8829,1.0
4158,4429,1.0
4158,11048,1.0
4159,4160,1.0
4159,7053,1.0
4159,5157,1.0
4160,11424,1.0
4160,12457,1.0
4160,12142,1.0
4161,7744,1.0
4162,4163,1.0
4162,16593,1.0
4162,4356,1.0
4162,19386,1.0
4164,4165,1.0
4164,6084,1.0
4164,9933,1.0
4164,10876,1.0
4165,9532,1.0
4165,10876,1.0
4165,10316,1.0
4166,14251,1.0
4167,5703,1.0
4167,7682,1.0
4167,9220,1.0
4168,4169,1.0
4168,6221,1.0
4169,8853,1.0
4170,4171,1.0
4170,14353,1.0
4170,7505,1.0
4170,11064,1.0
4171,11455,1.0
4171,11063,1.0
4171,11334,1.0
4172,4173,1.0
4172,7256,1.0
4172,4615,1.0
4173,4370,1.0
4173,4669,1.0
4174,14971,1.0
4174,12932,1.0
4175,4176,1.0
4175,12071,1.0
4175,16489,1.0
4176,12831,1.0
4176,18516,1.0
4176,7050,1.0
4177,4178,1.0
4177,7710,1.0
4178,11525,1.0
4179,7164,1.0
4179,16509,1.0
4180,4835,1.0
4180,7695,1.0
4182,8752,1.0
4182,9356,1.0
4182,17036,1.0
4183,4184,1.0
4183,6109,1.0
4183,11115,1.0
4184,8458,1.0
4184,12138,1.0
4185,4186,1.0
4185,4713,1.0
4185,6949,1.0
4185,12701,1.0
4186,5689,1.0
4186,6171,1.0
4187,4188,1.0
4187,8649,1.0
4187,5926,1.0
4188,9649,1.0
4189,4190,1.0
4189,9368,1.0
4189,10519,1.0
4190,8978,1.0
4190,21131,1.0
4191,10624,1.0
4191,5913,1.0
4192,9472,1.0
4192,8347,1.0
4193,4194,1.0
4193,9022,1.0
4193,10369,1.0
4193,16681,1.0
4195,4196,1.0
4195,5132,1.0
4195,14468,1.0
4197,4198,1.0
4197,8950,1.0
4197,12769,1.0
4199,4200,1.0
4199,6884,1.0
4199,12764,1.0
4201,4202,1.0
4201,9891,1.0
4201,14521,1.0
4202,4909,1.0
4202,12817,1.0
4203,4204,1.0
4203,19927,1.0
4203,19931,1.0
4204,6858,1.0
4204,9195,1.0
4204,21066,1.0
4205,5086,1.0
4206,5897,1.0
4206,15570,1.0
4207,10032,1.0
4207,7503,1.0
4208,4821,1.0
4208,5217,1.0
4209,4210,1.0
4209,7012,1.0
4209,6848,1.0
4210,6849,1.0
4210,16979,1.0
4211,4212,1.0
4212,8832,1.0
4212,13471,1.0
4213,11501,1.0
4214,4215,1.0
4214,6431,1.0
4214,7671,1.0
4215,5392,1.0
4215,6431,1.0
4216,12094,1.0
4216,16953,1.0
4216,12398,1.0
4217,4218,1.0
4218,7425,1.0
4218,14047,1.0
4219,5179,1.0
4219,10264,1.0
4220,4917,1.0
4220,8235,1.0
4221,5798,1.0
4221,9860,1.0
4221,11656,1.0
4222,4223,1.0
4222,8380,1.0
4222,7893,1.0
4223,4516,1.0
4223,17028,1.0
4224,4225,1.0
4224,9509,1.0
4225,6099,1.0
4225,5305,1.0
4226,4227,1.0
4226,5593,1.0
4226,14862,1.0
4227,16637,1.0
4227,12826,1.0
4228,4833,1.0
4228,8502,1.0
4228,4622,1.0
4229,9044,1.0
4229,7700,1.0
4230,4231,1.0
4230,12780,1.0
4230,14683,1.0
4231,9811,1.0
4231,10778,1.0
4232,13450,1.0
4232,11256,1.0
4233,13123,1.0
4233,16086,1.0
4235,8237,1.0
4236,4819,1.0
4236,7693,1.0
4236,17666,1.0
4237,10135,1.0
4237,14552,1.0
4238,8910,1.0
4238,6248,1.0
4238,9187,1.0
4239,4240,1.0
4239,6525,1.0
4239,4337,1.0
4239,8384,1.0
4240,4306,1.0
4240,7252,1.0
4240,4644,1.0
4241,4242,1.0
4241,12092,1.0
4242,8596,1.0
4242,6409,1.0
4242,14050,1.0
4244,10539,1.0
4244,16347,1.0
4244,12522,1.0
4245,4732,1.0
4245,16691,1.0
4245,17765,1.0
4246,4247,1.0
4246,10261,1.0
4246,13719,1.0
4246,11352,1.0
4247,7608,1.0
4247,10322,1.0
4247,20951,1.0
4248,9894,1.0
4248,12805,1.0
4249,4250,1.0
4249,8504,1.0
4249,11635,1.0
4249,7908,1.0
4250,5508,1.0
4250,4702,1.0
4251,4252,1.0
4251,8594,1.0
4251,14139,1.0
4251,6022,1.0
4252,13299,1.0
4252,11423,1.0
4253,5995,1.0
4253,9594,1.0
4254,4687,1.0
4254,8329,1.0
4255,7348,1.0
4255,16882,1.0
4255,17051,1.0
4256,4257,1.0
4256,14948,1.0
4256,6756,1.0
4256,14154,1.0
4257,8430,1.0
4257,5891,1.0
4257,4662,1.0
4258,8270,1.0
4258,9443,1.0
4258,8749,1.0
4259,4260,1.0
4259,12880,1.0
4260,10806,1.0
4260,8756,1.0
4260,19433,1.0
4261,4262,1.0
4261,9901,1.0
4261,9716,1.0
4262,7831,1.0
4262,13304,1.0
4263,4264,1.0
4263,5864,1.0
4263,5296,1.0
4264,4490,1.0
4264,6339,1.0
4266,4267,1.0
4267,16530,1.0
4267,16938,1.0
4268,4832,1.0
4268,6914,1.0
4268,7030,1.0
4269,9011,1.0
4270,4271,1.0
4270,14351,1.0
4270,15170,1.0
4270,11127,1.0
4271,4880,1.0
4272,4273,1.0
4272,8032,1.0
4272,14790,1.0
4273,12099,1.0
4273,17310,1.0
4274,4275,1.0
4274,5868,1.0
4274,5640,1.0
4275,11720,1.0
4275,5641,1.0
4276,4277,1.0
4277,8223,1.0
4277,14462,1.0
4278,4279,1.0
4278,5983,1.0
4278,11431,1.0
4279,7777,1.0
4279,10031,1.0
4280,4281,1.0
4281,8835,1.0
4281,16251,1.0
4282,5932,1.0
4282,14204,1.0
4283,4284,1.0
4284,14028,1.0
4285,13284,1.0
4285,20551,1.0
4286,6847,1.0
4286,9666,1.0
4286,12809,1.0
4286,8524,1.0
4287,4288,1.0
4287,8757,1.0
4287,8296,1.0
4287,10109,1.0
4288,12095,1.0
4288,8757,1.0
4288,17447,1.0
4289,4290,1.0
4289,13359,1.0
4289,9249,1.0
4290,13806,1.0
4290,4327,1.0
4291,10979,1.0
4291,11386,1.0
4291,11118,1.0
4292,4293,1.0
4292,8486,1.0
4293,6956,1.0
4293,12896,1.0
4294,4295,1.0
4295,10200,1.0
4295,11659,1.0
4295,18313,1.0
4296,4297,1.0
4297,12283,1.0
4298,4888,1.0
4300,5764,1.0
4300,6588,1.0
4301,4302,1.0
4301,12463,1.0
4301,15219,1.0
4302,13416,1.0
4302,16448,1.0
4302,15219,1.0
4302,10486,1.0
4302,20599,1.0
4303,5316,1.0
4303,8760,1.0
4304,4305,1.0
4304,12000,1.0
4304,8168,1.0
4304,11318,1.0
4305,9388,1.0
4305,9901,1.0
4306,4307,1.0
4306,4337,1.0
4307,4529,1.0
4307,7252,1.0
4308,6538,1.0
4308,11081,1.0
4308,12084,1.0
4309,4310,1.0
4309,9865,1.0
4309,17294,1.0
4310,6000,1.0
4311,4312,1.0
4311,11865,1.0
4311,10672,1.0
4312,10673,1.0
4312,16319,1.0
4313,7326,1.0
4313,4480,1.0
4314,6327,1.0
4315,4316,1.0
4315,10425,1.0
4315,6004,1.0
4315,15950,1.0
4316,6016,1.0
4316,5889,1.0
4317,4318,1.0
4317,11801,1.0
4318,16887,1.0
4318,16202,1.0
4319,4320,1.0
4319,8856,1.0
4319,6752,1.0
4319,5464,1.0
4320,10341,1.0
4320,8388,1.0
4321,4322,1.0
4321,20566,1.0
4322,10606,1.0
4322,5296,1.0
4323,4324,1.0
4323,5634,1.0
4323,6051,1.0
4324,12336,1.0
4324,10016,1.0
4325,4326,1.0
4325,5500,1.0
4325,5704,1.0
4325,7946,1.0
4326,7947,1.0
4326,12986,1.0
4327,4328,1.0
4327,16764,1.0
4328,5578,1.0
4328,5659,1.0
4328,10853,1.0
4329,4330,1.0
4329,19512,1.0
4330,8261,1.0
4330,11449,1.0
4331,6603,1.0
4331,6087,1.0
4332,4333,1.0
4332,17271,1.0
4332,8249,1.0
4333,12156,1.0
4333,20708,1.0
4334,4335,1.0
4335,8768,1.0
4335,13574,1.0
4336,4337,1.0
4336,6525,1.0
4336,7494,1.0
4336,11145,1.0
4338,4743,1.0
4338,17002,1.0
4338,13866,1.0
4339,16416,1.0
4339,17960,1.0
4340,4341,1.0
4340,6017,1.0
4341,9118,1.0
4341,6017,1.0
4342,4343,1.0
4342,7233,1.0
4342,13764,1.0
4343,5012,1.0
4343,16551,1.0
4343,7438,1.0
4344,11982,1.0
4344,6028,1.0
4344,10260,1.0
4345,4346,1.0
4345,7932,1.0
4345,8232,1.0
4346,7052,1.0
4347,5416,1.0
4347,4730,1.0
4347,9004,1.0
4348,7745,1.0
4348,8040,1.0
4348,7741,1.0
4349,4350,1.0
4349,11607,1.0
4350,11607,1.0
4350,18114,1.0
4350,19305,1.0
4351,4352,1.0
4351,18214,1.0
4351,18213,1.0
4352,13675,1.0
4352,21108,1.0
4353,4354,1.0
4353,15304,1.0
4353,12319,1.0
4354,9005,1.0
4354,19391,1.0
4354,20726,1.0
4355,9096,1.0
4355,6553,1.0
4355,11208,1.0
4356,4357,1.0
4356,5729,1.0
4357,17544,1.0
4358,4359,1.0
4358,14791,1.0
4358,12425,1.0
4359,8792,1.0
4359,13282,1.0
4360,4361,1.0
4360,10281,1.0
4360,13024,1.0
4361,9192,1.0
4361,10076,1.0
4362,4363,1.0
4362,7035,1.0
4362,15411,1.0
4362,20267,1.0
4364,15911,1.0
4365,4366,1.0
4365,8417,1.0
4365,10148,1.0
4366,5872,1.0
4366,10149,1.0
4367,4368,1.0
4367,5756,1.0
4367,11184,1.0
4367,10836,1.0
4368,10837,1.0
4368,9469,1.0
4369,11485,1.0
4369,13580,1.0
4369,9130,1.0
4370,9569,1.0
4370,11647,1.0
4370,16484,1.0
4371,4372,1.0
4371,9437,1.0
4371,9878,1.0
4371,9179,1.0
4372,17655,1.0
4372,17009,1.0
4372,17008,1.0
4373,4374,1.0
4373,5978,1.0
4373,14217,1.0
4374,7342,1.0
4374,12965,1.0
4375,4376,1.0
4375,5477,1.0
4375,13951,1.0
4376,10681,1.0
4376,12209,1.0
4377,8034,1.0
4377,9508,1.0
4377,9922,1.0
4378,4379,1.0
4378,5426,1.0
4378,8476,1.0
4378,10072,1.0
4379,15303,1.0
4379,12735,1.0
4380,4381,1.0
4380,11110,1.0
4380,12017,1.0
4380,10136,1.0
4381,9869,1.0
4381,10137,1.0
4382,12540,1.0
4383,16887,1.0
4383,17730,1.0
4384,5596,1.0
4384,13898,1.0
4384,7769,1.0
4385,6155,1.0
4385,13866,1.0
4386,8592,1.0
4387,4388,1.0
4387,7255,1.0
4387,7807,1.0
4387,6280,1.0
4388,5659,1.0
4388,12563,1.0
4388,10853,1.0
4389,4390,1.0
4390,5393,1.0
4390,12590,1.0
4390,10820,1.0
4391,8205,1.0
4391,10897,1.0
4392,4393,1.0
4392,7701,1.0
4392,5476,1.0
4393,11103,1.0
4393,12286,1.0
4393,8499,1.0
4394,4395,1.0
4394,9346,1.0
4394,5766,1.0
4394,15679,1.0
4395,9084,1.0
4396,4397,1.0
4397,17539,1.0
4397,12278,1.0
4399,4400,1.0
4399,16471,1.0
4400,5045,1.0
4400,8820,1.0
4401,8295,1.0
4401,7061,1.0
4401,12406,1.0
4401,8060,1.0
4402,5123,1.0
4402,11164,1.0
4403,4404,1.0
4403,9286,1.0
4403,13667,1.0
4405,4406,1.0
4405,6500,1.0
4405,14337,1.0
4406,14337,1.0
4406,13798,1.0
4406,11790,1.0
4407,4408,1.0
4407,6062,1.0
4407,16999,1.0
4407,5376,1.0
4408,8200,1.0
4408,17578,1.0
4408,13735,1.0
4409,8350,1.0
4409,4863,1.0
4410,11675,1.0
4410,13916,1.0
4411,6262,1.0
4411,7851,1.0
4411,9610,1.0
4412,4413,1.0
4412,9310,1.0
4412,4834,1.0
4413,14003,1.0
4414,4415,1.0
4414,13061,1.0
4415,12897,1.0
4415,20461,1.0
4416,4417,1.0
4416,9247,1.0
4416,9265,1.0
4417,11694,1.0
4417,21027,1.0
4418,4419,1.0
4418,9845,1.0
4418,12998,1.0
4419,6734,1.0
4419,6536,1.0
4420,4421,1.0
4420,17452,1.0
4422,4423,1.0
4422,5210,1.0
4422,4803,1.0
4422,8426,1.0
4424,4425,1.0
4424,8592,1.0
4426,4731,1.0
4427,6149,1.0
4428,4429,1.0
4428,10304,1.0
4428,10689,1.0
4430,4589,1.0
4430,13913,1.0
4430,18215,1.0
4430,11034,1.0
4431,4432,1.0
4432,15958,1.0
4432,16114,1.0
4433,4434,1.0
4433,6628,1.0
4433,12079,1.0
4434,4849,1.0
4434,4632,1.0
4435,4436,1.0
4436,4665,1.0
4436,11324,1.0
4436,12130,1.0
4437,11486,1.0
4437,17714,1.0
4437,20005,1.0
4437,9298,1.0
4438,4439,1.0
4438,16095,1.0
4439,7749,1.0
4439,6857,1.0
4440,4441,1.0
4440,15420,1.0
4440,14930,1.0
4441,16948,1.0
4441,15636,1.0
4442,12834,1.0
4442,17215,1.0
4442,6941,1.0
4443,4444,1.0
4443,4445,1.0
4443,17364,1.0
4443,17375,1.0
4445,14756,1.0
4445,12253,1.0
4445,17393,1.0
4446,11906,1.0
4448,4449,1.0
4448,5493,1.0
4448,11315,1.0
4449,10364,1.0
4450,4451,1.0
4450,10678,1.0
4450,7157,1.0
4451,18076,1.0
4451,17479,1.0
4452,17864,1.0
4453,4454,1.0
4453,4710,1.0
4453,11816,1.0
4453,7823,1.0
4454,11817,1.0
4455,4456,1.0
4456,12862,1.0
4456,12984,1.0
4457,4458,1.0
4457,12807,1.0
4457,13056,1.0
4457,7434,1.0
4458,5883,1.0
4458,12173,1.0
4459,4460,1.0
4459,5113,1.0
4459,6278,1.0
4460,9162,1.0
4461,4462,1.0
4461,6679,1.0
4461,9522,1.0
4461,7359,1.0
4461,5505,1.0
4462,5505,1.0
4462,8407,1.0
4463,4464,1.0
4463,5625,1.0
4464,7356,1.0
4464,6885,1.0
4464,12894,1.0
4465,11860,1.0
4465,8422,1.0
4467,4468,1.0
4467,13447,1.0
4467,6199,1.0
4468,7567,1.0
4468,10874,1.0
4469,4470,1.0
4469,6231,1.0
4469,12166,1.0
4470,7646,1.0
4470,6681,1.0
4471,4472,1.0
4471,10442,1.0
4471,7847,1.0
4471,9665,1.0
4472,9736,1.0
4472,11505,1.0
4473,4474,1.0
4473,15551,1.0
4473,7601,1.0
4474,16630,1.0
4474,12270,1.0
4475,4980,1.0
4475,7731,1.0
4475,10199,1.0
4476,4477,1.0
4476,11155,1.0
4476,8395,1.0
4477,7333,1.0
4477,12346,1.0
4477,7181,1.0
4478,9541,1.0
4478,15132,1.0
4479,4480,1.0
4479,5885,1.0
4479,6379,1.0
4480,11340,1.0
4480,12678,1.0
4481,4482,1.0
4481,10582,1.0
4481,12669,1.0
4481,7330,1.0
4482,6770,1.0
4482,7331,1.0
4482,10582,1.0
4482,5857,1.0
4483,9370,1.0
4483,13392,1.0
4483,5449,1.0
4484,4485,1.0
4484,6743,1.0
4484,13638,1.0
4485,5910,1.0
4485,6871,1.0
4486,4487,1.0
4486,9268,1.0
4486,13813,1.0
4486,19089,1.0
4487,13814,1.0
4487,16960,1.0
4488,6256,1.0
4488,12413,1.0
4489,8910,1.0
4489,10262,1.0
4489,14282,1.0
4490,6777,1.0
4490,10718,1.0
4491,7021,1.0
4491,12489,1.0
4493,4802,1.0
4493,11636,1.0
4494,10466,1.0
4494,5527,1.0
4494,8036,1.0
4495,12684,1.0
4495,11807,1.0
4495,9703,1.0
4496,4497,1.0
4496,9429,1.0
4496,8544,1.0
4497,8545,1.0
4497,9430,1.0
4497,12539,1.0
4499,4500,1.0
4499,13157,1.0
4500,11755,1.0
4500,4540,1.0
4501,9573,1.0
4501,8272,1.0
4502,4503,1.0
4502,7293,1.0
4502,8761,1.0
4503,7444,1.0
4503,4738,1.0
4503,8495,1.0
4504,4505,1.0
4504,7741,1.0
4504,12088,1.0
4505,11431,1.0
4505,10031,1.0
4505,7437,1.0
4506,4507,1.0
4506,5139,1.0
4506,13963,1.0
4507,5107,1.0
4509,4510,1.0
4509,5576,1.0
4510,6595,1.0
4510,5218,1.0
4510,5158,1.0
4511,7980,1.0
4511,16472,1.0
4511,9034,1.0
4512,4513,1.0
4512,13542,1.0
4512,7280,1.0
4512,17766,1.0
4513,12622,1.0
4513,12461,1.0
4513,13942,1.0
4514,4515,1.0
4514,4797,1.0
4514,20050,1.0
4515,6404,1.0
4515,6785,1.0
4515,20051,1.0
4516,17045,1.0
4516,14512,1.0
4517,4518,1.0
4517,4846,1.0
4518,10305,1.0
4518,8191,1.0
4518,5333,1.0
4519,7034,1.0
4520,4521,1.0
4521,16081,1.0
4521,11780,1.0
4522,11546,1.0
4522,6072,1.0
4523,4524,1.0
4524,14608,1.0
4525,4526,1.0
4525,15601,1.0
4525,16816,1.0
4526,7421,1.0
4526,17846,1.0
4527,4528,1.0
4527,10229,1.0
4527,12726,1.0
4527,7580,1.0
4528,8394,1.0
4528,11524,1.0
4528,15721,1.0
4528,14188,1.0
4530,5119,1.0
4530,7683,1.0
4532,4533,1.0
4533,7141,1.0
4533,11556,1.0
4534,4535,1.0
4534,16380,1.0
4535,4776,1.0
4535,16392,1.0
4536,4537,1.0
4536,5329,1.0
4536,17724,1.0
4537,5778,1.0
4537,10066,1.0
4538,4539,1.0
4538,15739,1.0
4538,9206,1.0
4538,16757,1.0
4538,19467,1.0
4538,10513,1.0
4539,6387,1.0
4539,14552,1.0
4540,13395,1.0
4540,13884,1.0
4541,14184,1.0
4541,17719,1.0
4542,12435,1.0
4542,8676,1.0
4543,4544,1.0
4543,11091,1.0
4543,17469,1.0
4544,12751,1.0
4544,14662,1.0
4545,10223,1.0
4545,8483,1.0
4545,13804,1.0
4546,10220,1.0
4547,4548,1.0
4547,6065,1.0
4547,9719,1.0
4548,11069,1.0
4548,6646,1.0
4549,7743,1.0
4549,10258,1.0
4550,9789,1.0
4550,13916,1.0
4551,4552,1.0
4551,6203,1.0
4551,11283,1.0
4551,13661,1.0
4552,7017,1.0
4552,8973,1.0
4552,13329,1.0
4553,8483,1.0
4554,4555,1.0
4554,12752,1.0
4554,9327,1.0
4554,12010,1.0
4555,13046,1.0
4555,12752,1.0
4556,7699,1.0
4556,14698,1.0
4557,4558,1.0
4557,4749,1.0
4557,5806,1.0
4557,12506,1.0
4558,9546,1.0
4559,14346,1.0
4559,5487,1.0
4560,6960,1.0
4560,11879,1.0
4560,20248,1.0
4560,14501,1.0
4561,13192,1.0
4561,18222,1.0
4561,18241,1.0
4562,4563,1.0
4562,6489,1.0
4562,9670,1.0
4565,7268,1.0
4565,16496,1.0
4565,16375,1.0
4566,7909,1.0
4566,5480,1.0
4567,4568,1.0
4567,17701,1.0
4567,8155,1.0
4569,10638,1.0
4569,16416,1.0
4570,4571,1.0
4570,21103,1.0
4570,21108,1.0
4571,6289,1.0
4571,11861,1.0
4572,4573,1.0
4572,6918,1.0
4572,6968,1.0
4573,14826,1.0
4573,6969,1.0
4574,4575,1.0
4574,7933,1.0
4574,7834,1.0
4574,8415,1.0
4575,7509,1.0
4575,6160,1.0
4576,4577,1.0
4576,5112,1.0
4576,9968,1.0
4577,8948,1.0
4577,9282,1.0
4578,4579,1.0
4578,7148,1.0
4579,6167,1.0
4579,10237,1.0
4580,4581,1.0
4580,4788,1.0
4581,9542,1.0
4581,4789,1.0
4582,4791,1.0
4582,11412,1.0
4583,4584,1.0
4583,6228,1.0
4583,7902,1.0
4583,5630,1.0
4584,8133,1.0
4585,16907,1.0
4585,20776,1.0
4586,4587,1.0
4586,5260,1.0
4586,13523,1.0
4587,4870,1.0
4587,8746,1.0
4589,21044,1.0
4589,14083,1.0
4589,16498,1.0
4590,12214,1.0
4590,21015,1.0
4591,4592,1.0
4591,11379,1.0
4592,14558,1.0
4592,20072,1.0
4593,9881,1.0
4593,7992,1.0
4594,4595,1.0
4594,4648,1.0
4594,6200,1.0
4595,17867,1.0
4596,5220,1.0
4596,13777,1.0
4597,9255,1.0
4597,9254,1.0
4597,9819,1.0
4598,4599,1.0
4598,11680,1.0
4598,8956,1.0
4599,11503,1.0
4599,13873,1.0
4599,8957,1.0
4600,6749,1.0
4600,6729,1.0
4600,4634,1.0
4601,4602,1.0
4601,6774,1.0
4601,12383,1.0
4602,13759,1.0
4602,8176,1.0
4602,20242,1.0
4603,4604,1.0
4603,6889,1.0
4603,10276,1.0
4604,6890,1.0
4604,16688,1.0
4605,4606,1.0
4605,11997,1.0
4605,7146,1.0
4605,9403,1.0
4606,4792,1.0
4607,4608,1.0
4607,11436,1.0
4607,9071,1.0
4608,6843,1.0
4608,7349,1.0
4609,4610,1.0
4609,5593,1.0
4609,7143,1.0
4610,16875,1.0
4610,14862,1.0
4611,11214,1.0
4612,9763,1.0
4612,12076,1.0
4613,4838,1.0
4613,7600,1.0
4613,18256,1.0
4614,4615,1.0
4614,13938,1.0
4614,16428,1.0
4615,4669,1.0
4616,4617,1.0
4616,10709,1.0
4616,16790,1.0
4617,13438,1.0
4617,20314,1.0
4617,17495,1.0
4618,9967,1.0
4618,13391,1.0
4619,8327,1.0
4619,18495,1.0
4619,6883,1.0
4620,4621,1.0
4620,12232,1.0
4622,7030,1.0
4622,7894,1.0
4622,5967,1.0
4623,4624,1.0
4624,12011,1.0
4624,8651,1.0
4624,14684,1.0
4625,4626,1.0
4625,10345,1.0
4625,12747,1.0
4626,14113,1.0
4627,4628,1.0
4627,14278,1.0
4628,8951,1.0
4629,4630,1.0
4629,5237,1.0
4629,21154,1.0
4630,21154,1.0
4631,4632,1.0
4631,8584,1.0
4631,6628,1.0
4632,11289,1.0
4632,11562,1.0
4633,4634,1.0
4633,6353,1.0
4633,6729,1.0
4633,16308,1.0
4635,5052,1.0
4635,14679,1.0
4636,4637,1.0
4636,9581,1.0
4636,15682,1.0
4638,4639,1.0
4638,5020,1.0
4638,10309,1.0
4639,10310,1.0
4639,6613,1.0
4640,4641,1.0
4640,8064,1.0
4640,14449,1.0
4640,5894,1.0
4641,16058,1.0
4641,20997,1.0
4642,4643,1.0
4642,10572,1.0
4642,7763,1.0
4643,16845,1.0
4644,4645,1.0
4644,8384,1.0
4644,6989,1.0
4645,4817,1.0
4645,6522,1.0
4645,5537,1.0
4646,4647,1.0
4646,10189,1.0
4646,14652,1.0
4647,8405,1.0
4649,4650,1.0
4650,18232,1.0
4650,6816,1.0
4651,4652,1.0
4651,12075,1.0
4651,12673,1.0
4652,6680,1.0
4652,6506,1.0
4653,4654,1.0
4653,12670,1.0
4655,14920,1.0
4655,10668,1.0
4655,16387,1.0
4656,7387,1.0
4656,9652,1.0
4657,11997,1.0
4658,4659,1.0
4658,14915,1.0
4658,8111,1.0
4658,10483,1.0
4659,7335,1.0
4659,13253,1.0
4660,4661,1.0
4660,8830,1.0
4660,8203,1.0
4660,19225,1.0
4661,6716,1.0
4661,8204,1.0
4661,20572,1.0
4662,4663,1.0
4662,14154,1.0
4662,15499,1.0
4664,4665,1.0
4664,7651,1.0
4664,11324,1.0
4664,10581,1.0
4665,17714,1.0
4666,4667,1.0
4666,14674,1.0
4666,18209,1.0
4668,6044,1.0
4668,19427,1.0
4669,8353,1.0
4669,8419,1.0
4670,4671,1.0
4670,7526,1.0
4670,16608,1.0
4670,16638,1.0
4671,8258,1.0
4671,11728,1.0
4672,5261,1.0
4672,13835,1.0
4673,4674,1.0
4673,6138,1.0
4673,6738,1.0
4674,9932,1.0
4675,20693,1.0
4676,16607,1.0
4676,9203,1.0
4677,5442,1.0
4678,12824,1.0
4678,5835,1.0
4678,14128,1.0
4679,4680,1.0
4679,8858,1.0
4679,13265,1.0
4679,11008,1.0
4680,13028,1.0
4680,9558,1.0
4681,4682,1.0
4681,11414,1.0
4681,11139,1.0
4682,14541,1.0
4682,11977,1.0
4682,6452,1.0
4683,4964,1.0
4683,6819,1.0
4683,11824,1.0
4684,10695,1.0
4684,7470,1.0
4685,6642,1.0
4685,10401,1.0
4686,4687,1.0
4686,10361,1.0
4687,10550,1.0
4688,11071,1.0
4688,11073,1.0
4689,13694,1.0
4690,5303,1.0
4690,18579,1.0
4691,4692,1.0
4692,5048,1.0
4692,16431,1.0
4693,4694,1.0
4693,12937,1.0
4693,6509,1.0
4694,12928,1.0
4695,10224,1.0
4695,5570,1.0
4696,4697,1.0
4696,12168,1.0
4696,6994,1.0
4698,4699,1.0
4698,5062,1.0
4698,6646,1.0
4698,12115,1.0
4699,9146,1.0
4699,11209,1.0
4699,13720,1.0
4699,16253,1.0
4699,16597,1.0
4700,4701,1.0
4700,7511,1.0
4701,13638,1.0
4701,16650,1.0
4702,4703,1.0
4702,8798,1.0
4702,14166,1.0
4703,5050,1.0
4703,13607,1.0
4704,4705,1.0
4704,11797,1.0
4704,8938,1.0
4705,11774,1.0
4706,4707,1.0
4706,8880,1.0
4706,11137,1.0
4707,5731,1.0
4707,8336,1.0
4707,5927,1.0
4708,13402,1.0
4709,4710,1.0
4709,6206,1.0
4710,13484,1.0
4710,11918,1.0
4711,4712,1.0
4711,9302,1.0
4711,11373,1.0
4713,8333,1.0
4713,7865,1.0
4713,6171,1.0
4714,4715,1.0
4714,9068,1.0
4714,10769,1.0
4715,8528,1.0
4715,8047,1.0
4715,9068,1.0
4716,12641,1.0
4716,6772,1.0
4717,10701,1.0
4717,6263,1.0
4718,8321,1.0
4718,20603,1.0
4718,9139,1.0
4719,4720,1.0
4719,12047,1.0
4719,7648,1.0
4720,7265,1.0
4720,7649,1.0
4721,6161,1.0
4722,4723,1.0
4722,8836,1.0
4723,9904,1.0
4725,12556,1.0
4725,7005,1.0
4725,10580,1.0
4726,8586,1.0
4728,4729,1.0
4728,6410,1.0
4728,13674,1.0
4729,11035,1.0
4729,9181,1.0
4729,13841,1.0
4730,9124,1.0
4730,11895,1.0
4731,13319,1.0
4731,11250,1.0
4732,9697,1.0
4732,10830,1.0
4733,4734,1.0
4733,10714,1.0
4733,5319,1.0
4734,13505,1.0
4734,10108,1.0
4735,11927,1.0
4736,5619,1.0
4736,11773,1.0
4737,4738,1.0
4737,8495,1.0
4737,20521,1.0
4738,12425,1.0
4739,4740,1.0
4739,9404,1.0
4739,12140,1.0
4740,15102,1.0
4740,12141,1.0
4741,4742,1.0
4741,5231,1.0
4742,5232,1.0
4742,8847,1.0
4743,7289,1.0
4743,9792,1.0
4743,10263,1.0
4744,4745,1.0
4744,15495,1.0
4744,10410,1.0
4744,20321,1.0
4745,6056,1.0
4745,10411,1.0
4746,12900,1.0
4746,10918,1.0
4747,4748,1.0
4747,14370,1.0
4747,4965,1.0
4747,14336,1.0
4748,4965,1.0
4748,5832,1.0
4749,4750,1.0
4749,9525,1.0
4749,7071,1.0
4750,11527,1.0
4750,12506,1.0
4750,12289,1.0
4751,14005,1.0
4751,12879,1.0
4751,16589,1.0
4752,4753,1.0
4752,15844,1.0
4753,13469,1.0
4753,15890,1.0
4754,4755,1.0
4754,4883,1.0
4754,10356,1.0
4755,6944,1.0
4756,8737,1.0
4756,9788,1.0
4756,13721,1.0
4757,8943,1.0
4757,14312,1.0
4757,4946,1.0
4758,4759,1.0
4759,14649,1.0
4759,7036,1.0
4760,4761,1.0
4761,7132,1.0
4761,17358,1.0
4761,17283,1.0
4762,4763,1.0
4762,10214,1.0
4762,15953,1.0
4765,4766,1.0
4765,8041,1.0
4766,14780,1.0
4766,16354,1.0
4767,4768,1.0
4768,6177,1.0
4768,13555,1.0
4769,4770,1.0
4769,9410,1.0
4769,9409,1.0
4769,8153,1.0
4770,7195,1.0
4770,5634,1.0
4770,8154,1.0
4771,4772,1.0
4771,13641,1.0
4771,15424,1.0
4772,12225,1.0
4772,14318,1.0
4772,13642,1.0
4773,4774,1.0
4773,12512,1.0
4773,16824,1.0
4774,10180,1.0
4774,6121,1.0
4775,12932,1.0
4775,10204,1.0
4776,5153,1.0
4776,7669,1.0
4776,12988,1.0
4777,4778,1.0
4777,9242,1.0
4777,9404,1.0
4778,10235,1.0
4778,10750,1.0
4779,9593,1.0
4779,11359,1.0
4781,6470,1.0
4781,5247,1.0
4782,15154,1.0
4782,14161,1.0
4782,5000,1.0
4783,7287,1.0
4784,4785,1.0
4784,5684,1.0
4784,7799,1.0
4784,11199,1.0
4785,6071,1.0
4785,7800,1.0
4786,4787,1.0
4786,9194,1.0
4786,6383,1.0
4787,5096,1.0
4787,8748,1.0
4788,4789,1.0
4788,5293,1.0
4789,5233,1.0
4789,13859,1.0
4790,10543,1.0
4791,9233,1.0
4792,4793,1.0
4792,7744,1.0
4793,9403,1.0
4793,7141,1.0
4794,13296,1.0
4795,6821,1.0
4795,12662,1.0
4795,14503,1.0
4796,4797,1.0
4796,13707,1.0
4797,17854,1.0
4797,19133,1.0
4798,16345,1.0
4798,10320,1.0
4798,17131,1.0
4799,12416,1.0
4800,4801,1.0
4800,7275,1.0
4800,16788,1.0
4800,19314,1.0
4801,7276,1.0
4801,16841,1.0
4801,19002,1.0
4802,4803,1.0
4802,8426,1.0
4802,5381,1.0
4803,5382,1.0
4803,9070,1.0
4804,4805,1.0
4804,6900,1.0
4804,11599,1.0
4805,13397,1.0
4805,9879,1.0
4806,4807,1.0
4806,10122,1.0
4806,8320,1.0
4806,13592,1.0
4807,7208,1.0
4807,6933,1.0
4807,13128,1.0
4808,4809,1.0
4808,13635,1.0
4808,13027,1.0
4810,4811,1.0
4810,10406,1.0
4811,12956,1.0
4811,8082,1.0
4812,4813,1.0
4812,5017,1.0
4812,12913,1.0
4812,16722,1.0
4813,10724,1.0
4813,9433,1.0
4813,14906,1.0
4814,4815,1.0
4814,17693,1.0
4814,5915,1.0
4815,5613,1.0
4815,9077,1.0
4816,11784,1.0
4816,12284,1.0
4816,5991,1.0
4817,4818,1.0
4817,6989,1.0
4817,9611,1.0
4818,9612,1.0
4818,7938,1.0
4818,5537,1.0
4819,11903,1.0
4819,12447,1.0
4819,20568,1.0
4820,9407,1.0
4820,11284,1.0
4820,14257,1.0
4821,7156,1.0
4821,10015,1.0
4822,4823,1.0
4822,7420,1.0
4822,11746,1.0
4823,11746,1.0
4823,15601,1.0
4823,19245,1.0
4824,4825,1.0
4824,11326,1.0
4824,11017,1.0
4825,5437,1.0
4825,7979,1.0
4825,9842,1.0
4826,14382,1.0
4826,10125,1.0
4827,4828,1.0
4827,10575,1.0
4827,11603,1.0
4827,7340,1.0
4828,11109,1.0
4828,20329,1.0
4829,6511,1.0
4829,10905,1.0
4829,11061,1.0
4830,6061,1.0
4830,13413,1.0
4831,8208,1.0
4831,15055,1.0
4831,17617,1.0
4831,17639,1.0
4832,4833,1.0
4832,9981,1.0
4832,20067,1.0
4833,7030,1.0
4833,10637,1.0
4834,5287,1.0
4836,10295,1.0
4837,4838,1.0
4837,6933,1.0
4837,11179,1.0
4837,12918,1.0
4838,7599,1.0
4838,7835,1.0
4839,8751,1.0
4839,8582,1.0
4839,10049,1.0
4840,4841,1.0
4840,8696,1.0
4840,9142,1.0
4841,6848,1.0
4841,8217,1.0
4842,4843,1.0
4842,5567,1.0
4843,5567,1.0
4843,8105,1.0
4844,4941,1.0
4844,7756,1.0
4845,13572,1.0
4845,14836,1.0
4846,8191,1.0
4846,7473,1.0
4847,5006,1.0
4847,4932,1.0
4847,8435,1.0
4849,4850,1.0
4850,6266,1.0
4850,7031,1.0
4851,4852,1.0
4851,15754,1.0
4851,14823,1.0
4852,19266,1.0
4852,19242,1.0
4852,20712,1.0
4853,4854,1.0
4853,5919,1.0
4853,16128,1.0
4854,11685,1.0
4854,14558,1.0
4855,4856,1.0
4855,15108,1.0
4857,4858,1.0
4857,12174,1.0
4857,10655,1.0
4858,7085,1.0
4858,13079,1.0
4858,10628,1.0
4859,9640,1.0
4859,10666,1.0
4860,6377,1.0
4860,6143,1.0
4860,9454,1.0
4861,4862,1.0
4861,6977,1.0
4861,16661,1.0
4862,6837,1.0
4862,19334,1.0
4863,10857,1.0
4864,8693,1.0
4864,7554,1.0
4865,4866,1.0
4865,6273,1.0
4865,11205,1.0
4865,16188,1.0
4866,11205,1.0
4866,5595,1.0
4867,4868,1.0
4868,7953,1.0
4868,9095,1.0
4869,4870,1.0
4870,9063,1.0
4870,13462,1.0
4871,4872,1.0
4871,9349,1.0
4871,20858,1.0
4872,7229,1.0
4872,18067,1.0
4873,13171,1.0
4874,5770,1.0
4874,13776,1.0
4874,10423,1.0
4875,5657,1.0
4875,7172,1.0
4876,4877,1.0
4876,10471,1.0
4876,4904,1.0
4877,5005,1.0
4877,10471,1.0
4877,7007,1.0
4878,6749,1.0
4879,6264,1.0
4880,5369,1.0
4880,11127,1.0
4881,4882,1.0
4881,7978,1.0
4881,12349,1.0
4881,16099,1.0
4882,5236,1.0
4882,9347,1.0
4884,10301,1.0
4885,7355,1.0
4885,7846,1.0
4885,6189,1.0
4886,4887,1.0
4886,13863,1.0
4886,8067,1.0
4886,9584,1.0
4887,16540,1.0
4887,12653,1.0
4888,12357,1.0
4889,4890,1.0
4889,6901,1.0
4889,11622,1.0
4889,7143,1.0
4890,12266,1.0
4890,7544,1.0
4891,12122,1.0
4892,6415,1.0
4892,12495,1.0
4892,16453,1.0
4893,7048,1.0
4894,5530,1.0
4895,4896,1.0
4895,7907,1.0
4895,11606,1.0
4895,16921,1.0
4896,10082,1.0
4896,9974,1.0
4896,13459,1.0
4897,7221,1.0
4897,8421,1.0
4898,4899,1.0
4898,10511,1.0
4898,9709,1.0
4898,14832,1.0
4899,13193,1.0
4900,11711,1.0
4900,13389,1.0
4901,13899,1.0
4901,16897,1.0
4902,12025,1.0
4903,11658,1.0
4905,4906,1.0
4905,6961,1.0
4905,15213,1.0
4906,5202,1.0
4906,12410,1.0
4907,13045,1.0
4907,7057,1.0
4908,6652,1.0
4908,7247,1.0
4908,9172,1.0
4910,4911,1.0
4910,11232,1.0
4910,11354,1.0
4910,7445,1.0
4911,11355,1.0
4911,16151,1.0
4912,5133,1.0
4912,10633,1.0
4913,4914,1.0
4913,11929,1.0
4913,14140,1.0
4913,11713,1.0
4914,4917,1.0
4914,10943,1.0
4914,6437,1.0
4915,4916,1.0
4915,8590,1.0
4915,13838,1.0
4915,10647,1.0
4916,19757,1.0
4916,9358,1.0
4917,11929,1.0
4918,4919,1.0
4918,5555,1.0
4919,9507,1.0
4919,12681,1.0
4919,16389,1.0
4920,9032,1.0
4921,11620,1.0
4921,9958,1.0
4921,7450,1.0
4922,4923,1.0
4922,11663,1.0
4922,5578,1.0
4922,14872,1.0
4923,11979,1.0
4923,5017,1.0
4923,12737,1.0
4924,16779,1.0
4924,7178,1.0
4925,4926,1.0
4925,9862,1.0
4925,12335,1.0
4927,4928,1.0
4927,9954,1.0
4927,14232,1.0
4928,12357,1.0
4928,13279,1.0
4929,4930,1.0
4929,5339,1.0
4929,10013,1.0
4930,12223,1.0
4930,6447,1.0
4931,4932,1.0
4931,5006,1.0
4931,6485,1.0
4932,10372,1.0
4932,12931,1.0
4933,4934,1.0
4934,16543,1.0
4934,16952,1.0
4935,6160,1.0
4935,8933,1.0
4936,4937,1.0
4936,11422,1.0
4936,11421,1.0
4937,10763,1.0
4937,11884,1.0
4938,4939,1.0
4939,8118,1.0
4939,7188,1.0
4940,11508,1.0
4940,10571,1.0
4941,6399,1.0
4941,7756,1.0
4942,4943,1.0
4942,8986,1.0
4942,14670,1.0
4943,14122,1.0
4944,4945,1.0
4944,15364,1.0
4944,11029,1.0
4945,8284,1.0
4945,5067,1.0
4947,4948,1.0
4948,5068,1.0
4948,10752,1.0
4949,4950,1.0
4949,13189,1.0
4949,19800,1.0
4950,16299,1.0
4950,18488,1.0
4950,12858,1.0
4951,4952,1.0
4951,14665,1.0
4953,17678,1.0
4953,19937,1.0
4954,4955,1.0
4954,9942,1.0
4954,16519,1.0
4954,16815,1.0
4955,9750,1.0
4955,12617,1.0
4955,8577,1.0
4957,8419,1.0
4957,11136,1.0
4958,4959,1.0
4958,6844,1.0
4958,8123,1.0
4959,6496,1.0
4959,16698,1.0
4959,12353,1.0
4960,4977,1.0
4960,10851,1.0
4961,10997,1.0
4961,11319,1.0
4962,7120,1.0
4964,5079,1.0
4964,7451,1.0
4964,10624,1.0
4965,15745,1.0
4966,4967,1.0
4966,5741,1.0
4966,5359,1.0
4968,4969,1.0
4968,16433,1.0
4968,17046,1.0
4969,10098,1.0
4969,5498,1.0
4969,20379,1.0
4970,4971,1.0
4970,6162,1.0
4970,5356,1.0
4971,14863,1.0
4972,4973,1.0
4972,9185,1.0
4973,7237,1.0
4973,6902,1.0
4974,4975,1.0
4974,7325,1.0
4975,8387,1.0
4975,9645,1.0
4975,10520,1.0
4976,10136,1.0
4976,13194,1.0
4977,6953,1.0
4978,4979,1.0
4978,10759,1.0
4978,17587,1.0
4980,9306,1.0
4980,9778,1.0
4981,10061,1.0
4982,13286,1.0
4983,18492,1.0
4984,12769,1.0
4984,11013,1.0
4984,11326,1.0
4985,4986,1.0
4985,11930,1.0
4985,13337,1.0
4986,13836,1.0
4986,21026,1.0
4987,8870,1.0
4987,9153,1.0
4987,8440,1.0
4988,4989,1.0
4988,11724,1.0
4988,8913,1.0
4988,16214,1.0
4989,12085,1.0
4989,13753,1.0
4989,20733,1.0
4990,5312,1.0
4990,19849,1.0
4991,4992,1.0
4991,7110,1.0
4991,10019,1.0
4991,12171,1.0
4992,6931,1.0
4992,8168,1.0
4992,8459,1.0
4993,16346,1.0
4993,11143,1.0
4995,4996,1.0
4995,16480,1.0
4995,21091,1.0
4995,10302,1.0
4996,5281,1.0
4996,9129,1.0
4997,9639,1.0
4997,7760,1.0
4998,11346,1.0
4998,11814,1.0
4999,17540,1.0
4999,20285,1.0
4999,20286,1.0
5000,5001,1.0
5000,7830,1.0
5000,14931,1.0
5001,6813,1.0
5001,15157,1.0
5002,10172,1.0
5002,7151,1.0
5002,11869,1.0
5003,12074,1.0
5003,8420,1.0
5003,19258,1.0
5004,5358,1.0
5004,6694,1.0
5004,11142,1.0
5005,7757,1.0
5005,13407,1.0
5006,11593,1.0
5006,13919,1.0
5007,5008,1.0
5007,7635,1.0
5007,10597,1.0
5007,8216,1.0
5008,8149,1.0
5008,6554,1.0
5008,8255,1.0
5009,5010,1.0
5009,5683,1.0
5009,12893,1.0
5010,12511,1.0
5010,14285,1.0
5011,12126,1.0
5011,12920,1.0
5013,5014,1.0
5013,12720,1.0
5013,16366,1.0
5014,9334,1.0
5014,5753,1.0
5015,5332,1.0
5016,8347,1.0
5016,14230,1.0
5017,5018,1.0
5017,5302,1.0
5018,9052,1.0
5018,12737,1.0
5018,12913,1.0
5019,5135,1.0
5020,6613,1.0
5020,9654,1.0
5020,9024,1.0
5021,5022,1.0
5021,6072,1.0
5021,14606,1.0
5022,17256,1.0
5022,6073,1.0
5023,5024,1.0
5023,13765,1.0
5023,15836,1.0
5025,5026,1.0
5025,11021,1.0
5025,16758,1.0
5025,10095,1.0
5026,10702,1.0
5027,7657,1.0
5028,5600,1.0
5028,11258,1.0
5028,9501,1.0
5029,5030,1.0
5029,14807,1.0
5031,5032,1.0
5031,5086,1.0
5031,11192,1.0
5032,13237,1.0
5032,12662,1.0
5033,5034,1.0
5033,5091,1.0
5033,7103,1.0
5034,15517,1.0
5035,5036,1.0
5036,8209,1.0
5036,10237,1.0
5036,5804,1.0
5038,5039,1.0
5038,8457,1.0
5039,12619,1.0
5039,6136,1.0
5039,6362,1.0
5040,13777,1.0
5041,5042,1.0
5041,9535,1.0
5041,10624,1.0
5042,9838,1.0
5042,9535,1.0
5042,16490,1.0
5043,5044,1.0
5044,10550,1.0
5044,11957,1.0
5045,10821,1.0
5045,11143,1.0
5046,5047,1.0
5046,9735,1.0
5046,15505,1.0
5047,5671,1.0
5047,8557,1.0
5047,9735,1.0
5048,5049,1.0
5048,7921,1.0
5050,7280,1.0
5050,13542,1.0
5051,5052,1.0
5051,13220,1.0
5052,19402,1.0
5052,20262,1.0
5053,5054,1.0
5053,8381,1.0
5053,8720,1.0
5054,9886,1.0
5054,8721,1.0
5054,6810,1.0
5055,5056,1.0
5055,11009,1.0
5056,9815,1.0
5056,5109,1.0
5056,12905,1.0
5057,5387,1.0
5058,5059,1.0
5059,5071,1.0
5059,9947,1.0
5060,5061,1.0
5060,14407,1.0
5060,15639,1.0
5061,5519,1.0
5061,19925,1.0
5062,13720,1.0
5063,5064,1.0
5063,5132,1.0
5063,10012,1.0
5064,15347,1.0
5064,14220,1.0
5065,16094,1.0
5065,16083,1.0
5066,11460,1.0
5066,16111,1.0
5066,16136,1.0
5066,9947,1.0
5067,9357,1.0
5067,13499,1.0
5067,12649,1.0
5068,9193,1.0
5069,17857,1.0
5069,20692,1.0
5070,8785,1.0
5070,15607,1.0
5070,15063,1.0
5071,16078,1.0
5071,9948,1.0
5072,5073,1.0
5072,8184,1.0
5072,6546,1.0
5072,19590,1.0
5073,11534,1.0
5073,14249,1.0
5074,7545,1.0
5074,11572,1.0
5074,16334,1.0
5075,5076,1.0
5075,7640,1.0
5075,5917,1.0
5076,9771,1.0
5076,8591,1.0
5076,5917,1.0
5077,16475,1.0
5079,9387,1.0
5079,14817,1.0
5079,7452,1.0
5080,5081,1.0
5080,5267,1.0
5080,8753,1.0
5081,5806,1.0
5082,5083,1.0
5082,10110,1.0
5083,11501,1.0
5084,5085,1.0
5084,6213,1.0
5084,6635,1.0
5085,12277,1.0
5085,9660,1.0
5086,8651,1.0
5087,5088,1.0
5088,8829,1.0
5088,13108,1.0
5089,5090,1.0
5089,13240,1.0
5090,5919,1.0
5090,8300,1.0
5092,5093,1.0
5092,7121,1.0
5092,16374,1.0
5092,20380,1.0
5093,6392,1.0
5093,13795,1.0
5094,5095,1.0
5094,9848,1.0
5095,7225,1.0
5095,11558,1.0
5095,5714,1.0
5096,14088,1.0
5096,9419,1.0
5096,9194,1.0
5097,5098,1.0
5097,12964,1.0
5097,16730,1.0
5098,5129,1.0
5098,5420,1.0
5099,5100,1.0
5099,6898,1.0
5099,10167,1.0
5101,5102,1.0
5101,7591,1.0
5101,10097,1.0
5101,19568,1.0
5103,5104,1.0
5103,6788,1.0
5104,6319,1.0
5104,10229,1.0
5105,5106,1.0
5106,6165,1.0
5106,16904,1.0
5107,9056,1.0
5108,5109,1.0
5109,10655,1.0
5110,5111,1.0
5110,10140,1.0
5110,7685,1.0
5110,16515,1.0
5111,8855,1.0
5111,6380,1.0
5111,11452,1.0
5112,8948,1.0
5112,9308,1.0
5113,11169,1.0
5113,14513,1.0
5114,14007,1.0
5115,8803,1.0
5115,8518,1.0
5115,9484,1.0
5116,5117,1.0
5116,8315,1.0
5117,13061,1.0
5117,8315,1.0
5118,12483,1.0
5118,6327,1.0
5119,13949,1.0
5120,15774,1.0
5120,14913,1.0
5120,15738,1.0
5121,5122,1.0
5121,5390,1.0
5121,11138,1.0
5122,6374,1.0
5122,11138,1.0
5122,14291,1.0
5123,9929,1.0
5123,16573,1.0
5124,6737,1.0
5124,14095,1.0
5124,8834,1.0
5125,9141,1.0
5125,19512,1.0
5126,5127,1.0
5126,13460,1.0
5126,16988,1.0
5126,17561,1.0
5127,9238,1.0
5127,16988,1.0
5127,20716,1.0
5128,9294,1.0
5128,6263,1.0
5129,5517,1.0
5129,12176,1.0
5129,5497,1.0
5130,14046,1.0
5133,5134,1.0
5133,6462,1.0
5133,9001,1.0
5134,14451,1.0
5134,15946,1.0
5135,14375,1.0
5135,19711,1.0
5136,5137,1.0
5136,10792,1.0
5136,6086,1.0
5136,7407,1.0
5137,8236,1.0
5137,7695,1.0
5138,5139,1.0
5138,5223,1.0
5138,6529,1.0
5139,6499,1.0
5139,9056,1.0
5140,5141,1.0
5140,10226,1.0
5141,16189,1.0
5141,16188,1.0
5141,16956,1.0
5141,16038,1.0
5142,5143,1.0
5142,9077,1.0
5142,5613,1.0
5143,7638,1.0
5143,5614,1.0
5143,13482,1.0
5144,5145,1.0
5144,8957,1.0
5144,11503,1.0
5145,5702,1.0
5145,12054,1.0
5145,6219,1.0
5146,7089,1.0
5147,5148,1.0
5147,12169,1.0
5147,17041,1.0
5148,5577,1.0
5148,17041,1.0
5148,16307,1.0
5149,5150,1.0
5149,14442,1.0
5151,5152,1.0
5152,12657,1.0
5153,6222,1.0
5153,12857,1.0
5154,6548,1.0
5154,12671,1.0
5155,7559,1.0
5156,5157,1.0
5156,13176,1.0
5156,10674,1.0
5157,12142,1.0
5157,13005,1.0
5158,5159,1.0
5158,6974,1.0
5159,5218,1.0
5160,7990,1.0
5161,5162,1.0
5162,8098,1.0
5162,6211,1.0
5163,5164,1.0
5164,12177,1.0
5164,8325,1.0
5165,5166,1.0
5165,17738,1.0
5165,14297,1.0
5165,17586,1.0
5166,8286,1.0
5166,14124,1.0
5167,5168,1.0
5167,13796,1.0
5167,14370,1.0
5168,11253,1.0
5169,5170,1.0
5169,7478,1.0
5169,14284,1.0
5170,5694,1.0
5170,8264,1.0
5170,9682,1.0
5171,5172,1.0
5171,10606,1.0
5171,20566,1.0
5172,10050,1.0
5172,12750,1.0
5173,5174,1.0
5173,7401,1.0
5173,11225,1.0
5174,5929,1.0
5174,10610,1.0
5175,5795,1.0
5175,17553,1.0
5176,5981,1.0
5176,9386,1.0
5177,5178,1.0
5177,8364,1.0
5177,13316,1.0
5178,9949,1.0
5178,17601,1.0
5178,13904,1.0
5179,5180,1.0
5179,9137,1.0
5180,10264,1.0
5180,18297,1.0
5180,19982,1.0
5181,5182,1.0
5181,8888,1.0
5181,12122,1.0
5182,8604,1.0
5182,19635,1.0
5183,10980,1.0
5184,14077,1.0
5184,10827,1.0
5185,5186,1.0
5185,6261,1.0
5185,20401,1.0
5185,18173,1.0
5186,6262,1.0
5186,10412,1.0
5187,5188,1.0
5187,9664,1.0
5187,20056,1.0
5187,20360,1.0
5188,8062,1.0
5188,10346,1.0
5189,5190,1.0
5189,6467,1.0
5189,12792,1.0
5189,10450,1.0
5190,8245,1.0
5190,8729,1.0
5190,14051,1.0
5191,5192,1.0
5191,12968,1.0
5191,19067,1.0
5192,13910,1.0
5192,9321,1.0
5193,5194,1.0
5194,16892,1.0
5194,6958,1.0
5195,8023,1.0
5196,5197,1.0
5196,12189,1.0
5196,11961,1.0
5197,10344,1.0
5197,19186,1.0
5197,19946,1.0
5198,5199,1.0
5199,10445,1.0
5199,20261,1.0
5200,5201,1.0
5200,15240,1.0
5200,12249,1.0
5202,6962,1.0
5202,15034,1.0
5203,15989,1.0
5203,16047,1.0
5203,10042,1.0
5204,5205,1.0
5204,14078,1.0
5204,19149,1.0
5204,18140,1.0
5205,8186,1.0
5205,14657,1.0
5206,5207,1.0
5207,7403,1.0
5208,10155,1.0
5208,16824,1.0
5209,5210,1.0
5209,8426,1.0
5209,9699,1.0
5209,6591,1.0
5210,6592,1.0
5210,10826,1.0
5211,5212,1.0
5211,8267,1.0
5211,8883,1.0
5211,8833,1.0
5212,12032,1.0
5212,9545,1.0
5213,5214,1.0
5213,5788,1.0
5213,7481,1.0
5214,12376,1.0
5215,5216,1.0
5215,10741,1.0
5215,20950,1.0
5216,11059,1.0
5216,18263,1.0
5216,20950,1.0
5217,8123,1.0
5218,5423,1.0
5218,11715,1.0
5219,9775,1.0
5219,12924,1.0
5219,21056,1.0
5220,9683,1.0
5220,10683,1.0
5221,5222,1.0
5221,5543,1.0
5221,14866,1.0
5222,7564,1.0
5222,14866,1.0
5223,16689,1.0
5224,5225,1.0
5224,7875,1.0
5224,7667,1.0
5225,5402,1.0
5225,17721,1.0
5226,5227,1.0
5226,9197,1.0
5227,10692,1.0
5227,9197,1.0
5228,6870,1.0
5228,12886,1.0
5229,5230,1.0
5229,10522,1.0
5229,19216,1.0
5230,9015,1.0
5230,16181,1.0
5230,9642,1.0
5231,5232,1.0
5231,10534,1.0
5232,11121,1.0
5233,9542,1.0
5233,10403,1.0
5234,5235,1.0
5234,6504,1.0
5234,13883,1.0
5235,7827,1.0
5235,13058,1.0
5236,12645,1.0
5236,16099,1.0
5237,5238,1.0
5237,7103,1.0
5237,17659,1.0
5238,8590,1.0
5238,11248,1.0
5239,14400,1.0
5239,14814,1.0
5240,5241,1.0
5240,8156,1.0
5240,8637,1.0
5240,5706,1.0
5241,5665,1.0
5241,13518,1.0
5242,13260,1.0
5242,18134,1.0
5243,5244,1.0
5243,9679,1.0
5243,8674,1.0
5245,20593,1.0
5245,20607,1.0
5246,5247,1.0
5246,9271,1.0
5248,6276,1.0
5248,6496,1.0
5248,11495,1.0
5249,7961,1.0
5249,11537,1.0
5250,5251,1.0
5250,7686,1.0
5250,9406,1.0
5251,5908,1.0
5251,19988,1.0
5253,7868,1.0
5253,8309,1.0
5254,5255,1.0
5254,16600,1.0
5254,16451,1.0
5254,16005,1.0
5256,5257,1.0
5256,5934,1.0
5256,7571,1.0
5256,7987,1.0
5257,7988,1.0
5257,8739,1.0
5257,9048,1.0
5258,5259,1.0
5258,13407,1.0
5258,18446,1.0
5259,8616,1.0
5259,13415,1.0
5259,13516,1.0
5260,7222,1.0
5260,7692,1.0
5261,6250,1.0
5262,9755,1.0
5262,9092,1.0
5262,7118,1.0
5263,5264,1.0
5263,8389,1.0
5264,7703,1.0
5264,10062,1.0
5265,8134,1.0
5265,11494,1.0
5266,5267,1.0
5266,8719,1.0
5266,13684,1.0
5266,6239,1.0
5267,13687,1.0
5268,7294,1.0
5268,6059,1.0
5268,7220,1.0
5269,9779,1.0
5270,5271,1.0
5271,6705,1.0
5271,13267,1.0
5272,5273,1.0
5272,8158,1.0
5272,20570,1.0
5274,5916,1.0
5274,8545,1.0
5274,14682,1.0
5275,10911,1.0
5275,17036,1.0
5276,5277,1.0
5276,6182,1.0
5277,7082,1.0
5278,5279,1.0
5278,5998,1.0
5280,7896,1.0
5280,9534,1.0
5281,16480,1.0
5281,13211,1.0
5282,6607,1.0
5282,15528,1.0
5282,14235,1.0
5283,5284,1.0
5283,7860,1.0
5283,12120,1.0
5284,7860,1.0
5285,5286,1.0
5285,10761,1.0
5285,16827,1.0
5287,11407,1.0
5287,13488,1.0
5288,5289,1.0
5289,8238,1.0
5289,8503,1.0
5289,5931,1.0
5290,6683,1.0
5290,10275,1.0
5291,5292,1.0
5291,8083,1.0
5291,6649,1.0
5291,12617,1.0
5292,9670,1.0
5292,6489,1.0
5292,16939,1.0
5293,6471,1.0
5293,12598,1.0
5294,5295,1.0
5294,12457,1.0
5294,12143,1.0
5295,7789,1.0
5295,8266,1.0
5296,5297,1.0
5297,10606,1.0
5297,5783,1.0
5298,5299,1.0
5298,8577,1.0
5298,16624,1.0
5298,16488,1.0
5299,9138,1.0
5299,12071,1.0
5299,16625,1.0
5300,10355,1.0
5300,9701,1.0
5301,10728,1.0
5301,13011,1.0
5302,6497,1.0
5302,16722,1.0
5303,5828,1.0
5303,5478,1.0
5304,5305,1.0
5304,17716,1.0
5304,13078,1.0
5305,7539,1.0
5305,11667,1.0
5306,6562,1.0
5306,14035,1.0
5307,5308,1.0
5307,17137,1.0
5307,17025,1.0
5309,11726,1.0
5310,5311,1.0
5310,19747,1.0
5310,15809,1.0
5312,19815,1.0
5313,5314,1.0
5313,14376,1.0
5315,5316,1.0
5316,12053,1.0
5317,10889,1.0
5317,19527,1.0
5317,16781,1.0
5317,20653,1.0
5317,10890,1.0
5318,5319,1.0
5318,10714,1.0
5319,13505,1.0
5321,6977,1.0
5322,5323,1.0
5322,12513,1.0
5322,13828,1.0
5323,7630,1.0
5323,14832,1.0
5324,5325,1.0
5324,7594,1.0
5324,6325,1.0
5325,8128,1.0
5325,6742,1.0
5325,11078,1.0
5326,19494,1.0
5326,14986,1.0
5326,7921,1.0
5327,9461,1.0
5327,7551,1.0
5328,12125,1.0
5328,12344,1.0
5329,5330,1.0
5329,11267,1.0
5329,13966,1.0
5330,11267,1.0
5331,9240,1.0
5332,10369,1.0
5333,5815,1.0
5335,5336,1.0
5335,20195,1.0
5336,9701,1.0
5337,5338,1.0
5337,10502,1.0
5337,19985,1.0
5339,16824,1.0
5340,12601,1.0
5340,19346,1.0
5340,6267,1.0
5341,7772,1.0
5341,9985,1.0
5341,8872,1.0
5342,11533,1.0
5342,11805,1.0
5342,12965,1.0
5343,5344,1.0
5343,12905,1.0
5343,6951,1.0
5344,6290,1.0
5344,7085,1.0
5345,5346,1.0
5345,11310,1.0
5345,18225,1.0
5346,11937,1.0
5346,12536,1.0
5346,16748,1.0
5347,10285,1.0
5348,7211,1.0
5348,8462,1.0
5348,15982,1.0
5349,5350,1.0
5349,6670,1.0
5349,11537,1.0
5350,13900,1.0
5350,7248,1.0
5351,16702,1.0
5352,5353,1.0
5352,10736,1.0
5352,14212,1.0
5353,7761,1.0
5353,9743,1.0
5354,5355,1.0
5354,10745,1.0
5354,11005,1.0
5355,9888,1.0
5355,7527,1.0
5356,14380,1.0
5357,7461,1.0
5357,7865,1.0
5357,8333,1.0
5358,5359,1.0
5358,17963,1.0
5359,6645,1.0
5360,5361,1.0
5360,14900,1.0
5360,17458,1.0
5361,17083,1.0
5361,14850,1.0
5362,5363,1.0
5362,10018,1.0
5362,17463,1.0
5362,15715,1.0
5363,11530,1.0
5363,15715,1.0
5363,19423,1.0
5364,5365,1.0
5364,16160,1.0
5364,11325,1.0
5365,5599,1.0
5367,5368,1.0
5367,9397,1.0
5368,14519,1.0
5369,5370,1.0
5369,11875,1.0
5369,11967,1.0
5370,6265,1.0
5370,8624,1.0
5371,5372,1.0
5371,5925,1.0
5371,6636,1.0
5372,12327,1.0
5372,13622,1.0
5373,12709,1.0
5373,17214,1.0
5373,11704,1.0
5374,9759,1.0
5374,10050,1.0
5374,20899,1.0
5375,8311,1.0
5375,12550,1.0
5375,16361,1.0
5376,5377,1.0
5376,16356,1.0
5376,17588,1.0
5377,10602,1.0
5377,7546,1.0
5378,6503,1.0
5378,6403,1.0
5378,14214,1.0
5379,5380,1.0
5379,9529,1.0
5380,16717,1.0
5381,5382,1.0
5382,8197,1.0
5383,12094,1.0
5383,7893,1.0
5384,5385,1.0
5384,14566,1.0
5385,6734,1.0
5385,13649,1.0
5386,9497,1.0
5386,13488,1.0
5387,13318,1.0
5387,5569,1.0
5388,6168,1.0
5388,8183,1.0
5389,5390,1.0
5389,8996,1.0
5389,9784,1.0
5389,10903,1.0
5391,11456,1.0
5391,9011,1.0
5391,8859,1.0
5392,7340,1.0
5392,10575,1.0
5393,5394,1.0
5393,6876,1.0
5394,12104,1.0
5394,10820,1.0
5395,5396,1.0
5396,10159,1.0
5396,7864,1.0
5397,12984,1.0
5397,6865,1.0
5398,6484,1.0
5398,9318,1.0
5398,6256,1.0
5399,9361,1.0
5399,7985,1.0
5400,17735,1.0
5400,14856,1.0
5401,6190,1.0
5401,16655,1.0
5401,14858,1.0
5401,17102,1.0
5402,11842,1.0
5403,15436,1.0
5403,19550,1.0
5404,5405,1.0
5404,9708,1.0
5404,15779,1.0
5404,8737,1.0
5405,14592,1.0
5405,13721,1.0
5405,18611,1.0
5406,5407,1.0
5406,7209,1.0
5406,13618,1.0
5407,5690,1.0
5407,9390,1.0
5407,7557,1.0
5408,13370,1.0
5409,6248,1.0
5409,14035,1.0
5410,5411,1.0
5410,6063,1.0
5410,12866,1.0
5411,15615,1.0
5411,16345,1.0
5411,6064,1.0
5411,9363,1.0
5412,5413,1.0
5412,6856,1.0
5413,16856,1.0
5413,14323,1.0
5413,9248,1.0
5414,5415,1.0
5414,16742,1.0
5414,10049,1.0
5415,8629,1.0
5415,9815,1.0
5416,9124,1.0
5417,9362,1.0
5417,5797,1.0
5417,11803,1.0
5418,5419,1.0
5418,11080,1.0
5418,11981,1.0
5418,10772,1.0
5419,7072,1.0
5419,10862,1.0
5419,12778,1.0
5420,5421,1.0
5420,8110,1.0
5421,5497,1.0
5421,7933,1.0
5422,5680,1.0
5423,6595,1.0
5423,12946,1.0
5423,14040,1.0
5424,12676,1.0
5424,8100,1.0
5425,5426,1.0
5425,8772,1.0
5426,8475,1.0
5427,11747,1.0
5427,11950,1.0
5428,8437,1.0
5428,11038,1.0
5429,12440,1.0
5429,18306,1.0
5429,14975,1.0
5430,6456,1.0
5430,9780,1.0
5430,5648,1.0
5430,16410,1.0
5431,14447,1.0
5431,19719,1.0
5432,12320,1.0
5433,5434,1.0
5434,7717,1.0
5434,14366,1.0
5435,5436,1.0
5435,10623,1.0
5435,9156,1.0
5436,9179,1.0
5436,6455,1.0
5436,14852,1.0
5438,13900,1.0
5438,21011,1.0
5439,12031,1.0
5439,16754,1.0
5440,5441,1.0
5441,6253,1.0
5441,15134,1.0
5442,7922,1.0
5442,5650,1.0
5443,9064,1.0
5443,15237,1.0
5444,5445,1.0
5445,5839,1.0
5445,6531,1.0
5446,5447,1.0
5446,18101,1.0
5446,12302,1.0
5447,13035,1.0
5447,18295,1.0
5448,5449,1.0
5448,14927,1.0
5448,18038,1.0
5448,20963,1.0
5449,14060,1.0
5449,20960,1.0
5450,5451,1.0
5450,10474,1.0
5450,18252,1.0
5451,5809,1.0
5451,14170,1.0
5452,16874,1.0
5453,8215,1.0
5453,17032,1.0
5454,5455,1.0
5454,6351,1.0
5454,14021,1.0
5455,6352,1.0
5456,5457,1.0
5456,16713,1.0
5456,7431,1.0
5458,13736,1.0
5459,12097,1.0
5459,10333,1.0
5460,5461,1.0
5461,8164,1.0
5463,5464,1.0
5463,18527,1.0
5463,9837,1.0
5464,8388,1.0
5464,11538,1.0
5465,10628,1.0
5465,13079,1.0
5465,8354,1.0
5466,5467,1.0
5466,13670,1.0
5466,14908,1.0
5467,9009,1.0
5467,10492,1.0
5468,5469,1.0
5468,11371,1.0
5468,16678,1.0
5468,14642,1.0
5469,11095,1.0
5469,17023,1.0
5469,13940,1.0
5470,5471,1.0
5470,6986,1.0
5470,15317,1.0
5470,12587,1.0
5472,11723,1.0
5473,5474,1.0
5473,7940,1.0
5473,12165,1.0
5473,7491,1.0
5474,9024,1.0
5474,11843,1.0
5474,9654,1.0
5475,5476,1.0
5475,7920,1.0
5475,7701,1.0
5476,8499,1.0
5476,13487,1.0
5477,14464,1.0
5477,10391,1.0
5478,5479,1.0
5479,9959,1.0
5479,10309,1.0
5480,10362,1.0
5481,5482,1.0
5481,11780,1.0
5481,6638,1.0
5482,11051,1.0
5482,10415,1.0
5483,5484,1.0
5483,9892,1.0
5483,17689,1.0
5484,7990,1.0
5484,13321,1.0
5485,13135,1.0
5485,19395,1.0
5486,5487,1.0
5487,6664,1.0
5487,7134,1.0
5488,6726,1.0
5489,5490,1.0
5489,8214,1.0
5489,9020,1.0
5489,14461,1.0
5490,11604,1.0
5490,17278,1.0
5490,9243,1.0
5491,5492,1.0
5491,11642,1.0
5492,5514,1.0
5492,6461,1.0
5493,6416,1.0
5493,10481,1.0
5493,5747,1.0
5494,5495,1.0
5494,10257,1.0
5494,11675,1.0
5495,6709,1.0
5496,9615,1.0
5498,5499,1.0
5498,16457,1.0
5498,16433,1.0
5499,11125,1.0
5499,14264,1.0
5499,20122,1.0
5500,7915,1.0
5500,11203,1.0
5501,5502,1.0
5501,12298,1.0
5501,13912,1.0
5503,5504,1.0
5503,7176,1.0
5503,13037,1.0
5503,20564,1.0
5504,14011,1.0
5504,12129,1.0
5505,5506,1.0
5505,8406,1.0
5505,12916,1.0
5506,9515,1.0
5506,6984,1.0
5507,5508,1.0
5507,11214,1.0
5508,12111,1.0
5508,14166,1.0
5509,5510,1.0
5509,11524,1.0
5509,12458,1.0
5509,14188,1.0
5510,11791,1.0
5510,6347,1.0
5510,15550,1.0
5511,5512,1.0
5512,10929,1.0
5512,9738,1.0
5513,7128,1.0
5513,5719,1.0
5513,6913,1.0
5514,13184,1.0
5515,5516,1.0
5515,14116,1.0
5515,15939,1.0
5517,10808,1.0
5518,5519,1.0
5518,10323,1.0
5518,12564,1.0
5518,14145,1.0
5519,17429,1.0
5520,7989,1.0
5520,9132,1.0
5520,7804,1.0
5521,5522,1.0
5521,10480,1.0
5522,7119,1.0
5523,8263,1.0
5523,12497,1.0
5524,5525,1.0
5524,7383,1.0
5524,7668,1.0
5526,5527,1.0
5526,8036,1.0
5526,7939,1.0
5526,13918,1.0
5527,7585,1.0
5527,10274,1.0
5528,5529,1.0
5528,6475,1.0
5528,9606,1.0
5528,12580,1.0
5529,7044,1.0
5529,16670,1.0
5529,10512,1.0
5530,13326,1.0
5531,16956,1.0
5532,7818,1.0
5532,9941,1.0
5532,10423,1.0
5533,5534,1.0
5533,19503,1.0
5534,6294,1.0
5534,7463,1.0
5535,7832,1.0
5535,7207,1.0
5537,5538,1.0
5538,7388,1.0
5538,6876,1.0
5538,7938,1.0
5539,5540,1.0
5539,7515,1.0
5539,9545,1.0
5541,5542,1.0
5541,14561,1.0
5542,11259,1.0
5542,14986,1.0
5544,5545,1.0
5544,13609,1.0
5544,14529,1.0
5545,17750,1.0
5545,17332,1.0
5546,5547,1.0
5546,11275,1.0
5546,11547,1.0
5548,5549,1.0
5548,7422,1.0
5548,12788,1.0
5549,14930,1.0
5549,17184,1.0
5549,13960,1.0
5550,5551,1.0
5550,5734,1.0
5550,6935,1.0
5550,6862,1.0
5551,16720,1.0
5551,14535,1.0
5552,5553,1.0
5553,5640,1.0
5554,5555,1.0
5554,7043,1.0
5554,19039,1.0
5555,18023,1.0
5555,8658,1.0
5556,11739,1.0
5556,14849,1.0
5556,13764,1.0
5557,6249,1.0
5557,14398,1.0
5557,11206,1.0
5558,5559,1.0
5558,10487,1.0
5560,5561,1.0
5560,6478,1.0
5560,10402,1.0
5560,18157,1.0
5561,10675,1.0
5561,9272,1.0
5562,5563,1.0
5562,5745,1.0
5562,6178,1.0
5562,8323,1.0
5563,9813,1.0
5563,10005,1.0
5563,18434,1.0
5564,9254,1.0
5564,6963,1.0
5564,17193,1.0
5565,5566,1.0
5565,7101,1.0
5565,11511,1.0
5566,6096,1.0
5566,11693,1.0
5566,6418,1.0
5568,5569,1.0
5568,13318,1.0
5568,11481,1.0
5568,18270,1.0
5569,18268,1.0
5569,18272,1.0
5570,5571,1.0
5570,11019,1.0
5570,13660,1.0
5571,10440,1.0
5572,5573,1.0
5572,6826,1.0
5572,14068,1.0
5573,10668,1.0
5573,10438,1.0
5574,5575,1.0
5574,13280,1.0
5574,13847,1.0
5575,13280,1.0
5575,15098,1.0
5575,15358,1.0
5577,11042,1.0
5578,13806,1.0
5579,5580,1.0
5579,9046,1.0
5579,8970,1.0
5579,11154,1.0
5580,8386,1.0
5580,11759,1.0
5580,8971,1.0
5581,6428,1.0
5581,11025,1.0
5582,5583,1.0
5582,12029,1.0
5582,17852,1.0
5583,7118,1.0
5584,5585,1.0
5584,8882,1.0
5584,14120,1.0
5584,15713,1.0
5584,7638,1.0
5584,13446,1.0
5585,14000,1.0
5585,15713,1.0
5585,15736,1.0
5586,5587,1.0
5586,6886,1.0
5586,7074,1.0
5587,8291,1.0
5587,16798,1.0
5588,5999,1.0
5588,9449,1.0
5588,9574,1.0
5589,5590,1.0
5589,16857,1.0
5589,17007,1.0
5590,10553,1.0
5591,5592,1.0
5591,12498,1.0
5591,10727,1.0
5592,11848,1.0
5594,6597,1.0
5594,12148,1.0
5595,15044,1.0
5596,5863,1.0
5596,7768,1.0
5596,9101,1.0
5597,15054,1.0
5597,19443,1.0
5598,8650,1.0
5598,12745,1.0
5599,14113,1.0
5600,7752,1.0
5600,13187,1.0
5601,5602,1.0
5601,12151,1.0
5601,13733,1.0
5602,12703,1.0
5602,12813,1.0
5602,7772,1.0
5603,5604,1.0
5603,6258,1.0
5603,6644,1.0
5604,9768,1.0
5604,10596,1.0
5605,8578,1.0
5606,5607,1.0
5606,9983,1.0
5606,15496,1.0
5606,18308,1.0
5607,18039,1.0
5607,15491,1.0
5607,18059,1.0
5609,5610,1.0
5609,9421,1.0
5610,6054,1.0
5610,12211,1.0
5611,5612,1.0
5611,9328,1.0
5611,16313,1.0
5612,16313,1.0
5612,16969,1.0
5612,9329,1.0
5612,9290,1.0
5613,5614,1.0
5613,7941,1.0
5614,7942,1.0
5614,11257,1.0
5615,5616,1.0
5615,12837,1.0
5615,13017,1.0
5616,10050,1.0
5617,5823,1.0
5618,5680,1.0
5619,7027,1.0
5619,8518,1.0
5620,5621,1.0
5620,8599,1.0
5620,9864,1.0
5620,9428,1.0
5621,7322,1.0
5621,11862,1.0
5622,6171,1.0
5622,8333,1.0
5623,6583,1.0
5623,7831,1.0
5623,13575,1.0
5624,14564,1.0
5624,12681,1.0
5625,5626,1.0
5625,12894,1.0
5626,12606,1.0
5627,5628,1.0
5627,9958,1.0
5628,8554,1.0
5628,6648,1.0
5629,7977,1.0
5629,11913,1.0
5630,6534,1.0
5630,6967,1.0
5631,5632,1.0
5631,6955,1.0
5631,11233,1.0
5632,16276,1.0
5632,17374,1.0
5633,6019,1.0
5633,9984,1.0
5633,7817,1.0
5634,5820,1.0
5634,9410,1.0
5635,9745,1.0
5635,11833,1.0
5636,10160,1.0
5636,11545,1.0
5637,14289,1.0
5637,14873,1.0
5638,5639,1.0
5638,15108,1.0
5638,13840,1.0
5638,19278,1.0
5639,12352,1.0
5639,5722,1.0
5640,5641,1.0
5641,16654,1.0
5642,5643,1.0
5642,10996,1.0
5642,7165,1.0
5643,12075,1.0
5643,5787,1.0
5643,21010,1.0
5644,7259,1.0
5645,10781,1.0
5645,7380,1.0
5646,5647,1.0
5647,8348,1.0
5647,10595,1.0
5648,13380,1.0
5648,16569,1.0
5648,14898,1.0
5649,5650,1.0
5649,11108,1.0
5649,11055,1.0
5650,12551,1.0
5651,14861,1.0
5652,6647,1.0
5653,5654,1.0
5653,9695,1.0
5653,12334,1.0
5653,16428,1.0
5654,12612,1.0
5654,10480,1.0
5655,5656,1.0
5655,5973,1.0
5655,18223,1.0
5656,13370,1.0
5657,8217,1.0
5657,9804,1.0
5657,6849,1.0
5658,13828,1.0
5658,7910,1.0
5658,7630,1.0
5659,9190,1.0
5661,5662,1.0
5662,7135,1.0
5662,14702,1.0
5662,14755,1.0
5663,5807,1.0
5663,14306,1.0
5663,18169,1.0
5664,10636,1.0
5664,19697,1.0
5665,13181,1.0
5665,12102,1.0
5666,6783,1.0
5667,5668,1.0
5667,7105,1.0
5667,12324,1.0
5667,21123,1.0
5668,8531,1.0
5668,8335,1.0
5668,8880,1.0
5669,5670,1.0
5669,8816,1.0
5670,16459,1.0
5670,8816,1.0
5670,16458,1.0
5671,14290,1.0
5672,6251,1.0
5672,10511,1.0
5673,5674,1.0
5673,8112,1.0
5673,12332,1.0
5674,5851,1.0
5674,12185,1.0
5674,8619,1.0
5675,5676,1.0
5675,12336,1.0
5675,6130,1.0
5676,7915,1.0
5676,16527,1.0
5677,5678,1.0
5677,7185,1.0
5677,10287,1.0
5678,8548,1.0
5678,16524,1.0
5678,16450,1.0
5679,9318,1.0
5681,5682,1.0
5681,11802,1.0
5682,16574,1.0
5682,10680,1.0
5683,7324,1.0
5683,12511,1.0
5683,12758,1.0
5684,8292,1.0
5684,6071,1.0
5685,5686,1.0
5685,7854,1.0
5686,8474,1.0
5686,6833,1.0
5687,10990,1.0
5688,13832,1.0
5689,9539,1.0
5689,12701,1.0
5691,5692,1.0
5692,8938,1.0
5692,9412,1.0
5692,12710,1.0
5694,8995,1.0
5694,10048,1.0
5694,14284,1.0
5695,7604,1.0
5695,7702,1.0
5696,5697,1.0
5696,6367,1.0
5696,10209,1.0
5697,11908,1.0
5697,16984,1.0
5698,7495,1.0
5698,8356,1.0
5698,6678,1.0
5698,12028,1.0
5699,14248,1.0
5699,17229,1.0
5700,5701,1.0
5700,6877,1.0
5700,8841,1.0
5700,12442,1.0
5701,6568,1.0
5701,10035,1.0
5701,14911,1.0
5702,8319,1.0
5702,8765,1.0
5702,6219,1.0
5703,8118,1.0
5703,11160,1.0
5704,10832,1.0
5704,5994,1.0
5705,5706,1.0
5705,6435,1.0
5705,7396,1.0
5705,18280,1.0
5706,9668,1.0
5706,8636,1.0
5707,12743,1.0
5707,12545,1.0
5707,9496,1.0
5708,5709,1.0
5708,11057,1.0
5708,19881,1.0
5709,6940,1.0
5709,6728,1.0
5709,11129,1.0
5710,5711,1.0
5710,6401,1.0
5710,7029,1.0
5710,11811,1.0
5711,7462,1.0
5711,10414,1.0
5712,5713,1.0
5712,8885,1.0
5712,19793,1.0
5712,20510,1.0
5713,11529,1.0
5713,7060,1.0
5714,10307,1.0
5715,5716,1.0
5715,9361,1.0
5715,11632,1.0
5715,14645,1.0
5716,15455,1.0
5716,14646,1.0
5716,7985,1.0
5716,20783,1.0
5717,9765,1.0
5718,5719,1.0
5718,13474,1.0
5718,10950,1.0
5719,10951,1.0
5719,14094,1.0
5720,7998,1.0
5720,6711,1.0
5721,16357,1.0
5721,6171,1.0
5722,9560,1.0
5722,18367,1.0
5723,5933,1.0
5723,14204,1.0
5725,13412,1.0
5725,9953,1.0
5725,13539,1.0
5726,13096,1.0
5726,19189,1.0
5726,19190,1.0
5727,5728,1.0
5727,8992,1.0
5728,14562,1.0
5729,5730,1.0
5729,12759,1.0
5730,6600,1.0
5731,5732,1.0
5731,11137,1.0
5731,12162,1.0
5732,10267,1.0
5732,5927,1.0
5732,18518,1.0
5733,14993,1.0
5733,6827,1.0
5734,5735,1.0
5734,6934,1.0
5735,6862,1.0
5735,14012,1.0
5735,12875,1.0
5736,5737,1.0
5737,20209,1.0
5738,6637,1.0
5738,7277,1.0
5738,13481,1.0
5739,5740,1.0
5739,15791,1.0
5739,11670,1.0
5740,6633,1.0
5741,10468,1.0
5741,6645,1.0
5741,10517,1.0
5741,6110,1.0
5743,5744,1.0
5743,17358,1.0
5746,5747,1.0
5746,6618,1.0
5747,20612,1.0
5748,5749,1.0
5748,9187,1.0
5748,8343,1.0
5748,8473,1.0
5749,13760,1.0
5750,9672,1.0
5750,17591,1.0
5751,7882,1.0
5751,13161,1.0
5752,5753,1.0
5752,8916,1.0
5752,12720,1.0
5753,8917,1.0
5754,5755,1.0
5754,12242,1.0
5755,10096,1.0
5756,11704,1.0
5757,10597,1.0
5757,13987,1.0
5757,5796,1.0
5758,14799,1.0
5758,12529,1.0
5759,9960,1.0
5759,13962,1.0
5759,10694,1.0
5760,5761,1.0
5760,12208,1.0
5760,8713,1.0
5762,5763,1.0
5762,7551,1.0
5762,9461,1.0
5763,9462,1.0
5763,8046,1.0
5764,13226,1.0
5764,16691,1.0
5765,14956,1.0
5765,6068,1.0
5766,5767,1.0
5766,6945,1.0
5767,9132,1.0
5767,10613,1.0
5768,5769,1.0
5768,7142,1.0
5769,9212,1.0
5770,10114,1.0
5770,12496,1.0
5771,5772,1.0
5771,7174,1.0
5772,13308,1.0
5773,9163,1.0
5773,13286,1.0
5773,9721,1.0
5774,7288,1.0
5774,8472,1.0
5775,5776,1.0
5775,8685,1.0
5775,14076,1.0
5776,8165,1.0
5776,9758,1.0
5777,5778,1.0
5778,13180,1.0
5779,8010,1.0
5779,9146,1.0
5779,15160,1.0
5780,5781,1.0
5780,8340,1.0
5780,9212,1.0
5781,6511,1.0
5781,11061,1.0
5781,13242,1.0
5782,5783,1.0
5782,10606,1.0
5782,9332,1.0
5782,12750,1.0
5783,11376,1.0
5784,12153,1.0
5784,13924,1.0
5784,13992,1.0
5785,5786,1.0
5785,8115,1.0
5785,14263,1.0
5786,10446,1.0
5786,8116,1.0
5786,15073,1.0
5788,10683,1.0
5788,17967,1.0
5789,8643,1.0
5789,5966,1.0
5789,19241,1.0
5790,5791,1.0
5790,9986,1.0
5790,17874,1.0
5791,7282,1.0
5791,16644,1.0
5792,8318,1.0
5792,12097,1.0
5793,13446,1.0
5794,7639,1.0
5795,20507,1.0
5796,17032,1.0
5797,6408,1.0
5797,9773,1.0
5798,10736,1.0
5799,8591,1.0
5800,8645,1.0
5800,7304,1.0
5800,11888,1.0
5801,5802,1.0
5801,13870,1.0
5802,11655,1.0
5802,8564,1.0
5803,11893,1.0
5803,8455,1.0
5804,5805,1.0
5804,7365,1.0
5806,8753,1.0
5806,7071,1.0
5807,5879,1.0
5807,12966,1.0
5808,9841,1.0
5809,10008,1.0
5809,14871,1.0
5809,19992,1.0
5810,5811,1.0
5810,8625,1.0
5811,14781,1.0
5811,21104,1.0
5812,5813,1.0
5812,9966,1.0
5812,15049,1.0
5814,5816,1.0
5814,13868,1.0
5814,13867,1.0
5815,7627,1.0
5816,6945,1.0
5817,9264,1.0
5817,11503,1.0
5818,5819,1.0
5819,16407,1.0
5819,16643,1.0
5819,17118,1.0
5820,6423,1.0
5820,7195,1.0
5820,6051,1.0
5821,11798,1.0
5821,11833,1.0
5822,11528,1.0
5822,8242,1.0
5824,5825,1.0
5824,6189,1.0
5824,6275,1.0
5825,8667,1.0
5825,11409,1.0
5825,11277,1.0
5826,5827,1.0
5826,6102,1.0
5826,10022,1.0
5826,9590,1.0
5827,6230,1.0
5827,6103,1.0
5827,8974,1.0
5828,11868,1.0
5829,5830,1.0
5829,6517,1.0
5829,11489,1.0
5831,5832,1.0
5831,13490,1.0
5832,20589,1.0
5833,5834,1.0
5833,10939,1.0
5833,12293,1.0
5834,12058,1.0
5835,16530,1.0
5835,12824,1.0
5836,5837,1.0
5836,10269,1.0
5836,16371,1.0
5838,12575,1.0
5839,5840,1.0
5839,12979,1.0
5840,9903,1.0
5841,5842,1.0
5841,7538,1.0
5841,14761,1.0
5841,20586,1.0
5842,15718,1.0
5842,18520,1.0
5843,5844,1.0
5843,8689,1.0
5843,11719,1.0
5844,8690,1.0
5844,9563,1.0
5845,5846,1.0
5845,9854,1.0
5845,12271,1.0
5846,8265,1.0
5846,11650,1.0
5847,5848,1.0
5847,9517,1.0
5847,11112,1.0
5848,17645,1.0
5849,5850,1.0
5849,7523,1.0
5849,13734,1.0
5850,12076,1.0
5850,12777,1.0
5851,8453,1.0
5851,12332,1.0
5851,7510,1.0
5852,5853,1.0
5852,16123,1.0
5852,16849,1.0
5852,17263,1.0
5853,8061,1.0
5853,13483,1.0
5854,13984,1.0
5854,16315,1.0
5854,10162,1.0
5855,5856,1.0
5855,7709,1.0
5856,6306,1.0
5856,11062,1.0
5856,7127,1.0
5857,5858,1.0
5857,17068,1.0
5858,11417,1.0
5858,6771,1.0
5858,17068,1.0
5858,17944,1.0
5859,5860,1.0
5859,19463,1.0
5859,10131,1.0
5861,5862,1.0
5861,11256,1.0
5861,11714,1.0
5862,11096,1.0
5862,8648,1.0
5863,10818,1.0
5863,13435,1.0
5864,5865,1.0
5864,6339,1.0
5864,12707,1.0
5865,11852,1.0
5865,15959,1.0
5866,5867,1.0
5866,12455,1.0
5867,10094,1.0
5867,10728,1.0
5869,14777,1.0
5869,13821,1.0
5872,18501,1.0
5873,5874,1.0
5874,14577,1.0
5874,16085,1.0
5875,5876,1.0
5876,7362,1.0
5877,9090,1.0
5877,11356,1.0
5878,5879,1.0
5878,11514,1.0
5878,17642,1.0
5879,8020,1.0
5880,6436,1.0
5880,8099,1.0
5881,5882,1.0
5882,6569,1.0
5882,8904,1.0
5882,21054,1.0
5883,5884,1.0
5883,12807,1.0
5884,7700,1.0
5884,9782,1.0
5885,5886,1.0
5885,6378,1.0
5885,13716,1.0
5886,9979,1.0
5887,5888,1.0
5887,13826,1.0
5888,8773,1.0
5889,5890,1.0
5889,6004,1.0
5891,5892,1.0
5891,8000,1.0
5891,6756,1.0
5892,8177,1.0
5892,9048,1.0
5893,9960,1.0
5894,12454,1.0
5894,16681,1.0
5895,5896,1.0
5896,8717,1.0
5896,6247,1.0
5896,14784,1.0
5897,16365,1.0
5897,11025,1.0
5898,7774,1.0
5898,8088,1.0
5899,5900,1.0
5899,14010,1.0
5899,7518,1.0
5900,7873,1.0
5900,11163,1.0
5900,11708,1.0
5901,5902,1.0
5901,8299,1.0
5901,8887,1.0
5902,5926,1.0
5904,5905,1.0
5904,8611,1.0
5904,5957,1.0
5905,5958,1.0
5905,9965,1.0
5905,15308,1.0
5906,5907,1.0
5906,12481,1.0
5906,10783,1.0
5906,19583,1.0
5907,10067,1.0
5907,17010,1.0
5907,11825,1.0
5908,5909,1.0
5908,19981,1.0
5909,19984,1.0
5910,9051,1.0
5910,13638,1.0
5911,7387,1.0
5912,5913,1.0
5913,12424,1.0
5913,12659,1.0
5914,5915,1.0
5914,11007,1.0
5915,10479,1.0
5915,16697,1.0
5916,5917,1.0
5916,16432,1.0
5916,7640,1.0
5917,10444,1.0
5918,7416,1.0
5918,14424,1.0
5919,15960,1.0
5920,6998,1.0
5921,11220,1.0
5921,12646,1.0
5922,8467,1.0
5922,17676,1.0
5922,9786,1.0
5923,5924,1.0
5923,8869,1.0
5923,14148,1.0
5924,12770,1.0
5924,13187,1.0
5926,9649,1.0
5927,5928,1.0
5927,9164,1.0
5927,10267,1.0
5928,10268,1.0
5928,14302,1.0
5929,7401,1.0
5929,9044,1.0
5929,13163,1.0
5930,5931,1.0
5930,9367,1.0
5930,7047,1.0
5932,5933,1.0
5932,6965,1.0
5933,6965,1.0
5934,9314,1.0
5934,12744,1.0
5934,14256,1.0
5935,7663,1.0
5935,16610,1.0
5935,7972,1.0
5936,5937,1.0
5937,10857,1.0
5937,10071,1.0
5938,5939,1.0
5938,6326,1.0
5938,8305,1.0
5938,10705,1.0
5939,16629,1.0
5939,10706,1.0
5940,5941,1.0
5940,13109,1.0
5940,9807,1.0
5940,14238,1.0
5941,10301,1.0
5942,5943,1.0
5942,10179,1.0
5942,8517,1.0
5944,11056,1.0
5944,14617,1.0
5946,5947,1.0
5946,11141,1.0
5946,7702,1.0
5947,9227,1.0
5948,5949,1.0
5948,10420,1.0
5948,6715,1.0
5949,6844,1.0
5949,9626,1.0
5950,6791,1.0
5950,11462,1.0
5951,16964,1.0
5951,11198,1.0
5952,5953,1.0
5952,12404,1.0
5952,11715,1.0
5953,8171,1.0
5954,5955,1.0
5955,10409,1.0
5956,9359,1.0
5956,6610,1.0
5956,16760,1.0
5957,5958,1.0
5958,11511,1.0
5958,7568,1.0
5960,5961,1.0
5960,7870,1.0
5962,9596,1.0
5962,8392,1.0
5963,17555,1.0
5965,15459,1.0
5966,5967,1.0
5966,9494,1.0
5966,7894,1.0
5967,8707,1.0
5968,5969,1.0
5968,8945,1.0
5968,8025,1.0
5968,21125,1.0
5970,12454,1.0
5970,8592,1.0
5971,10863,1.0
5971,7073,1.0
5972,5982,1.0
5973,5974,1.0
5973,17128,1.0
5974,13370,1.0
5975,6948,1.0
5975,8262,1.0
5975,16298,1.0
5976,5977,1.0
5977,15941,1.0
5978,8979,1.0
5978,12965,1.0
5979,9599,1.0
5979,8189,1.0
5979,18587,1.0
5980,11985,1.0
5980,19950,1.0
5980,9473,1.0
5981,7329,1.0
5981,14491,1.0
5982,15085,1.0
5983,5984,1.0
5983,7936,1.0
5984,7777,1.0
5984,10481,1.0
5985,5986,1.0
5985,7410,1.0
5985,11619,1.0
5985,14002,1.0
5985,15619,1.0
5986,6036,1.0
5986,9693,1.0
5986,7677,1.0
5987,5988,1.0
5988,9969,1.0
5988,10878,1.0
5988,7352,1.0
5989,7603,1.0
5989,6279,1.0
5990,5991,1.0
5990,7829,1.0
5990,7296,1.0
5991,6967,1.0
5992,13351,1.0
5992,6498,1.0
5992,16427,1.0
5993,12762,1.0
5994,5995,1.0
5995,11826,1.0
5996,5997,1.0
5996,7325,1.0
5996,7679,1.0
5996,6592,1.0
5997,10520,1.0
5997,8240,1.0
5999,9671,1.0
5999,10504,1.0
6000,6001,1.0
6000,6455,1.0
6001,9437,1.0
6001,17152,1.0
6002,6003,1.0
6002,16274,1.0
6002,9862,1.0
6003,14041,1.0
6003,17477,1.0
6003,17488,1.0
6004,8852,1.0
6005,18524,1.0
6005,17215,1.0
6006,6007,1.0
6006,13426,1.0
6006,14365,1.0
6007,13364,1.0
6007,14766,1.0
6008,10305,1.0
6009,13977,1.0
6010,6011,1.0
6010,6357,1.0
6011,17478,1.0
6012,6013,1.0
6012,14657,1.0
6013,9636,1.0
6014,6015,1.0
6014,13880,1.0
6014,8448,1.0
6015,12944,1.0
6015,13510,1.0
6015,16018,1.0
6016,6017,1.0
6017,17057,1.0
6018,6019,1.0
6018,7817,1.0
6018,14017,1.0
6018,14152,1.0
6019,9534,1.0
6020,6021,1.0
6021,14004,1.0
6022,6023,1.0
6022,18276,1.0
6023,7202,1.0
6024,8229,1.0
6024,13582,1.0
6024,7074,1.0
6025,16454,1.0
6025,9745,1.0
6026,6027,1.0
6027,9325,1.0
6027,8157,1.0
6028,6029,1.0
6028,6458,1.0
6028,6457,1.0
6029,7607,1.0
6029,10260,1.0
6029,12294,1.0
6030,6031,1.0
6030,10894,1.0
6030,16844,1.0
6031,10156,1.0
6031,11992,1.0
6032,6033,1.0
6032,9019,1.0
6032,11144,1.0
6034,6035,1.0
6034,16980,1.0
6034,18378,1.0
6035,10772,1.0
6035,11981,1.0
6036,11619,1.0
6036,17696,1.0
6037,6038,1.0
6037,10754,1.0
6037,16714,1.0
6038,7970,1.0
6038,9359,1.0
6039,9442,1.0
6039,9305,1.0
6040,6420,1.0
6040,13967,1.0
6040,10216,1.0
6041,6042,1.0
6041,15956,1.0
6041,19687,1.0
6042,14964,1.0
6042,13532,1.0
6042,15994,1.0
6042,19690,1.0
6043,7312,1.0
6043,17921,1.0
6044,14793,1.0
6044,13363,1.0
6044,19426,1.0
6045,9282,1.0
6045,8948,1.0
6045,9543,1.0
6046,6047,1.0
6046,19577,1.0
6046,16995,1.0
6047,16699,1.0
6047,16975,1.0
6048,6049,1.0
6048,11126,1.0
6048,12731,1.0
6049,6093,1.0
6049,17513,1.0
6050,8766,1.0
6050,19455,1.0
6050,11920,1.0
6051,12336,1.0
6052,6053,1.0
6052,15421,1.0
6052,9838,1.0
6053,10723,1.0
6053,15421,1.0
6054,6055,1.0
6054,10024,1.0
6054,10426,1.0
6055,16376,1.0
6055,16377,1.0
6056,14161,1.0
6058,13517,1.0
6060,10022,1.0
6061,6062,1.0
6061,10586,1.0
6061,6776,1.0
6062,16630,1.0
6062,16356,1.0
6063,6064,1.0
6063,14061,1.0
6063,10287,1.0
6064,9363,1.0
6064,16502,1.0
6065,15525,1.0
6065,11069,1.0
6066,6067,1.0
6066,14327,1.0
6066,7678,1.0
6067,16767,1.0
6067,19619,1.0
6067,9175,1.0
6068,6069,1.0
6068,12179,1.0
6069,15780,1.0
6070,6071,1.0
6070,16440,1.0
6070,8292,1.0
6070,7968,1.0
6071,7461,1.0
6072,6073,1.0
6073,9555,1.0
6073,16131,1.0
6074,6075,1.0
6074,16069,1.0
6074,9281,1.0
6075,7135,1.0
6075,14813,1.0
6076,10848,1.0
6076,7750,1.0
6076,11219,1.0
6077,6078,1.0
6077,9215,1.0
6077,13424,1.0
6078,12663,1.0
6079,6080,1.0
6079,6247,1.0
6079,6158,1.0
6079,19437,1.0
6083,11749,1.0
6084,9863,1.0
6084,10316,1.0
6085,6086,1.0
6085,11836,1.0
6086,10792,1.0
6087,6088,1.0
6087,9356,1.0
6089,6090,1.0
6089,9031,1.0
6089,10057,1.0
6089,12444,1.0
6090,7487,1.0
6091,6092,1.0
6091,6653,1.0
6091,6978,1.0
6092,7189,1.0
6093,14748,1.0
6094,6095,1.0
6094,15042,1.0
6094,14323,1.0
6095,14663,1.0
6096,13427,1.0
6097,6098,1.0
6097,8281,1.0
6097,11515,1.0
6098,6628,1.0
6098,20763,1.0
6099,6301,1.0
6099,10972,1.0
6100,6101,1.0
6101,14529,1.0
6101,16122,1.0
6102,6103,1.0
6102,13049,1.0
6103,10788,1.0
6103,14516,1.0
6104,6105,1.0
6105,18125,1.0
6105,9089,1.0
6106,6107,1.0
6106,7720,1.0
6107,6860,1.0
6107,21164,1.0
6108,11990,1.0
6108,7973,1.0
6108,10330,1.0
6109,13027,1.0
6109,15342,1.0
6110,6111,1.0
6110,6645,1.0
6110,8348,1.0
6111,10595,1.0
6111,11500,1.0
6112,8782,1.0
6112,10935,1.0
6112,13339,1.0
6112,11232,1.0
6113,6114,1.0
6113,13729,1.0
6113,19923,1.0
6113,10303,1.0
6115,6116,1.0
6115,7575,1.0
6117,6118,1.0
6118,10635,1.0
6118,20384,1.0
6119,6120,1.0
6119,11972,1.0
6119,9866,1.0
6121,15432,1.0
6121,16824,1.0
6121,15433,1.0
6122,6123,1.0
6122,12590,1.0
6122,16592,1.0
6123,6522,1.0
6123,11542,1.0
6124,6125,1.0
6124,11999,1.0
6124,12082,1.0
6126,10693,1.0
6127,6128,1.0
6127,13883,1.0
6128,10110,1.0
6129,6130,1.0
6129,10016,1.0
6129,12336,1.0
6129,8706,1.0
6130,9584,1.0
6130,16527,1.0
6131,6132,1.0
6131,8502,1.0
6131,12850,1.0
6132,6829,1.0
6133,6134,1.0
6133,7219,1.0
6133,16522,1.0
6134,16522,1.0
6135,16595,1.0
6135,8348,1.0
6135,20569,1.0
6136,6137,1.0
6136,10447,1.0
6137,9624,1.0
6137,12619,1.0
6138,6621,1.0
6138,6738,1.0
6139,6140,1.0
6139,11921,1.0
6139,14843,1.0
6140,8230,1.0
6140,16740,1.0
6141,7317,1.0
6142,9170,1.0
6143,14024,1.0
6145,16144,1.0
6146,11829,1.0
6146,12576,1.0
6147,6148,1.0
6147,13328,1.0
6147,13625,1.0
6148,13513,1.0
6149,6150,1.0
6149,8831,1.0
6149,9749,1.0
6149,11105,1.0
6149,8026,1.0
6149,12968,1.0
6150,14719,1.0
6150,17692,1.0
6151,6152,1.0
6151,9089,1.0
6151,11328,1.0
6151,7003,1.0
6152,16081,1.0
6152,14244,1.0
6153,6154,1.0
6153,13138,1.0
6153,11432,1.0
6154,13138,1.0
6154,14277,1.0
6155,13562,1.0
6155,14875,1.0
6156,14877,1.0
6156,18175,1.0
6157,6158,1.0
6157,12613,1.0
6157,12616,1.0
6157,7985,1.0
6158,9270,1.0
6158,7986,1.0
6159,9263,1.0
6160,12749,1.0
6162,14863,1.0
6162,14380,1.0
6163,16106,1.0
6163,16574,1.0
6164,13861,1.0
6164,6598,1.0
6165,16877,1.0
6165,13306,1.0
6166,6528,1.0
6166,8411,1.0
6167,8864,1.0
6168,7189,1.0
6169,6170,1.0
6169,17849,1.0
6169,13243,1.0
6170,9119,1.0
6170,14810,1.0
6172,6173,1.0
6172,10649,1.0
6172,12163,1.0
6173,10100,1.0
6173,10605,1.0
6174,6175,1.0
6174,7881,1.0
6174,12535,1.0
6174,9893,1.0
6176,12645,1.0
6176,14664,1.0
6176,9348,1.0
6178,6360,1.0
6179,9057,1.0
6179,17217,1.0
6179,18586,1.0
6179,10091,1.0
6180,6181,1.0
6181,9025,1.0
6182,7844,1.0
6182,13114,1.0
6183,6184,1.0
6183,9562,1.0
6183,12272,1.0
6183,14901,1.0
6184,16694,1.0
6184,16704,1.0
6185,6186,1.0
6185,11989,1.0
6185,11871,1.0
6186,11989,1.0
6186,7470,1.0
6187,6188,1.0
6187,7886,1.0
6187,17167,1.0
6188,7666,1.0
6188,8984,1.0
6188,7792,1.0
6189,11409,1.0
6190,12950,1.0
6190,16725,1.0
6190,16721,1.0
6191,6192,1.0
6191,6802,1.0
6191,11485,1.0
6191,7472,1.0
6192,8003,1.0
6192,7705,1.0
6193,6194,1.0
6193,6595,1.0
6193,12946,1.0
6193,16402,1.0
6194,10708,1.0
6194,14792,1.0
6195,11712,1.0
6196,6197,1.0
6196,7249,1.0
6196,12268,1.0
6197,6366,1.0
6197,13592,1.0
6197,11716,1.0
6198,6199,1.0
6198,6222,1.0
6198,10960,1.0
6198,7368,1.0
6199,9409,1.0
6201,6202,1.0
6201,8595,1.0
6201,9485,1.0
6202,17629,1.0
6203,6204,1.0
6203,19989,1.0
6204,6208,1.0
6204,11285,1.0
6204,13661,1.0
6205,11301,1.0
6206,11918,1.0
6207,16575,1.0
6209,6210,1.0
6210,11176,1.0
6210,17747,1.0
6211,6212,1.0
6211,19582,1.0
6212,10917,1.0
6212,12633,1.0
6213,14341,1.0
6213,14489,1.0
6214,6215,1.0
6214,17398,1.0
6214,17345,1.0
6216,6217,1.0
6217,8943,1.0
6218,6219,1.0
6218,8956,1.0
6218,13590,1.0
6219,10018,1.0
6220,8941,1.0
6220,13617,1.0
6221,10642,1.0
6222,9510,1.0
6223,7503,1.0
6223,13033,1.0
6223,16778,1.0
6224,6225,1.0
6224,7125,1.0
6224,11509,1.0
6225,7218,1.0
6225,6235,1.0
6226,6227,1.0
6227,11156,1.0
6227,13112,1.0
6227,10314,1.0
6228,6229,1.0
6228,11553,1.0
6228,13848,1.0
6229,8133,1.0
6229,14032,1.0
6230,16434,1.0
6230,10022,1.0
6231,7646,1.0
6232,6233,1.0
6232,10446,1.0
6232,8116,1.0
6233,8659,1.0
6233,12122,1.0
6233,8888,1.0
6234,8182,1.0
6234,12221,1.0
6235,6236,1.0
6235,9275,1.0
6235,20355,1.0
6236,14132,1.0
6236,16901,1.0
6237,6799,1.0
6238,6239,1.0
6238,17653,1.0
6238,7251,1.0
6239,9650,1.0
6240,6241,1.0
6240,10373,1.0
6240,9309,1.0
6241,7235,1.0
6241,10831,1.0
6241,12337,1.0
6241,14149,1.0
6242,6243,1.0
6242,8672,1.0
6242,14053,1.0
6242,14744,1.0
6243,13259,1.0
6243,14279,1.0
6244,6245,1.0
6244,14206,1.0
6244,19575,1.0
6244,21080,1.0
6245,18577,1.0
6245,19575,1.0
6246,11077,1.0
6246,10001,1.0
6247,13710,1.0
6248,10263,1.0
6248,13154,1.0
6249,7343,1.0
6249,8357,1.0
6250,19305,1.0
6251,10964,1.0
6252,9220,1.0
6252,7682,1.0
6252,9964,1.0
6253,11623,1.0
6254,6255,1.0
6254,8378,1.0
6254,11418,1.0
6255,20981,1.0
6256,16571,1.0
6257,6258,1.0
6257,12104,1.0
6257,12551,1.0
6257,14524,1.0
6258,9768,1.0
6258,10099,1.0
6259,6260,1.0
6259,12514,1.0
6259,7412,1.0
6259,17071,1.0
6260,10223,1.0
6260,7413,1.0
6260,10955,1.0
6261,6262,1.0
6261,16491,1.0
6261,20926,1.0
6263,16892,1.0
6264,6265,1.0
6264,11641,1.0
6265,11967,1.0
6265,11444,1.0
6266,12037,1.0
6266,6628,1.0
6266,20764,1.0
6267,6268,1.0
6267,9938,1.0
6268,19368,1.0
6269,12559,1.0
6269,14560,1.0
6269,19221,1.0
6270,6271,1.0
6270,6357,1.0
6270,14395,1.0
6271,9397,1.0
6272,12089,1.0
6272,12368,1.0
6272,8622,1.0
6274,6607,1.0
6276,7259,1.0
6277,6278,1.0
6277,6992,1.0
6277,11165,1.0
6277,16858,1.0
6278,9162,1.0
6279,6280,1.0
6279,7255,1.0
6279,14006,1.0
6280,10577,1.0
6280,10853,1.0
6281,9536,1.0
6281,9334,1.0
6281,11097,1.0
6282,6283,1.0
6282,14268,1.0
6282,12573,1.0
6283,6338,1.0
6283,8727,1.0
6283,12451,1.0
6284,6285,1.0
6284,15248,1.0
6284,9735,1.0
6284,15293,1.0
6287,6288,1.0
6287,12805,1.0
6287,14067,1.0
6288,14199,1.0
6288,16913,1.0
6288,19396,1.0
6289,12740,1.0
6289,12637,1.0
6289,18124,1.0
6290,7213,1.0
6290,10628,1.0
6291,7228,1.0
6291,8611,1.0
6292,6293,1.0
6292,7991,1.0
6293,10456,1.0
6294,6295,1.0
6294,7433,1.0
6295,15758,1.0
6296,8952,1.0
6296,10203,1.0
6297,10798,1.0
6297,12917,1.0
6298,6531,1.0
6298,11892,1.0
6298,10115,1.0
6299,7809,1.0
6299,10881,1.0
6300,14652,1.0
6301,6390,1.0
6301,7136,1.0
6302,6303,1.0
6303,9675,1.0
6304,6305,1.0
6305,11769,1.0
6305,12022,1.0
6306,6307,1.0
6306,18579,1.0
6307,12799,1.0
6307,11062,1.0
6308,6309,1.0
6308,13333,1.0
6308,10910,1.0
6309,15896,1.0
6310,20920,1.0
6311,6312,1.0
6311,10163,1.0
6311,8711,1.0
6311,17124,1.0
6312,17124,1.0
6312,20961,1.0
6313,8169,1.0
6313,15032,1.0
6313,16026,1.0
6314,6315,1.0
6314,6823,1.0
6315,13947,1.0
6316,6317,1.0
6316,7557,1.0
6316,13215,1.0
6316,12538,1.0
6317,12635,1.0
6317,10991,1.0
6318,6427,1.0
6318,8138,1.0
6319,8994,1.0
6319,12726,1.0
6319,6787,1.0
6322,6323,1.0
6322,6688,1.0
6322,15255,1.0
6323,14900,1.0
6323,16476,1.0
6324,9912,1.0
6324,14844,1.0
6324,19024,1.0
6325,6326,1.0
6325,10705,1.0
6325,6900,1.0
6326,9879,1.0
6326,14142,1.0
6327,10419,1.0
6328,9264,1.0
6329,8758,1.0
6329,8906,1.0
6330,6331,1.0
6330,9028,1.0
6330,10925,1.0
6332,6333,1.0
6332,9018,1.0
6332,10794,1.0
6333,14867,1.0
6333,11883,1.0
6334,11054,1.0
6334,15838,1.0
6335,6336,1.0
6335,10135,1.0
6335,12375,1.0
6336,20437,1.0
6337,8338,1.0
6337,10842,1.0
6338,6537,1.0
6338,10554,1.0
6338,7193,1.0
6339,6340,1.0
6339,10718,1.0
6341,15820,1.0
6341,16393,1.0
6341,16733,1.0
6341,16251,1.0
6342,6343,1.0
6342,10721,1.0
6342,14099,1.0
6343,14226,1.0
6343,17743,1.0
6344,9012,1.0
6344,11312,1.0
6344,6732,1.0
6345,6346,1.0
6345,11893,1.0
6346,10117,1.0
6347,11790,1.0
6347,14188,1.0
6347,15721,1.0
6347,15557,1.0
6348,6349,1.0
6348,8997,1.0
6348,11107,1.0
6348,10104,1.0
6349,13132,1.0
6349,12496,1.0
6350,15191,1.0
6351,6352,1.0
6352,8028,1.0
6352,8089,1.0
6353,6354,1.0
6353,6940,1.0
6353,6728,1.0
6354,11709,1.0
6354,12508,1.0
6354,16308,1.0
6355,11520,1.0
6355,14751,1.0
6356,7918,1.0
6356,11164,1.0
6357,12132,1.0
6357,9397,1.0
6358,6359,1.0
6358,8327,1.0
6358,6883,1.0
6361,14254,1.0
6361,13379,1.0
6362,6363,1.0
6362,8457,1.0
6362,16636,1.0
6363,9564,1.0
6363,12619,1.0
6364,6365,1.0
6364,16795,1.0
6364,13786,1.0
6365,13633,1.0
6365,19088,1.0
6366,7243,1.0
6366,8856,1.0
6366,12268,1.0
6367,7931,1.0
6368,6369,1.0
6368,13901,1.0
6369,9795,1.0
6371,6372,1.0
6371,12964,1.0
6371,13565,1.0
6371,20440,1.0
6372,7930,1.0
6372,8110,1.0
6373,12345,1.0
6374,7019,1.0
6375,6376,1.0
6375,8891,1.0
6375,12652,1.0
6375,16510,1.0
6376,7761,1.0
6377,14024,1.0
6377,9455,1.0
6378,6379,1.0
6378,8551,1.0
6379,11340,1.0
6380,6381,1.0
6380,9140,1.0
6380,9523,1.0
6381,8855,1.0
6381,9329,1.0
6381,13300,1.0
6382,6383,1.0
6382,9516,1.0
6383,12948,1.0
6384,20960,1.0
6385,6386,1.0
6386,7614,1.0
6387,9206,1.0
6387,15552,1.0
6388,11034,1.0
6389,6390,1.0
6389,8449,1.0
6389,15116,1.0
6390,7136,1.0
6391,6392,1.0
6392,7087,1.0
6392,12299,1.0
6393,20693,1.0
6394,6395,1.0
6394,9887,1.0
6395,9956,1.0
6396,13801,1.0
6396,15093,1.0
6397,6398,1.0
6397,12151,1.0
6397,20779,1.0
6397,16556,1.0
6397,19318,1.0
6398,8271,1.0
6398,7555,1.0
6399,6400,1.0
6399,7386,1.0
6400,6899,1.0
6400,10901,1.0
6401,7462,1.0
6402,11358,1.0
6405,17864,1.0
6405,16546,1.0
6405,7045,1.0
6406,6407,1.0
6406,7382,1.0
6406,7129,1.0
6406,9494,1.0
6407,6940,1.0
6407,13935,1.0
6407,19881,1.0
6408,9847,1.0
6409,6410,1.0
6409,12092,1.0
6410,8596,1.0
6410,9583,1.0
6411,10413,1.0
6411,10735,1.0
6411,10193,1.0
6412,6709,1.0
6412,15532,1.0
6412,10294,1.0
6413,6445,1.0
6413,11860,1.0
6415,16803,1.0
6415,14105,1.0
6416,7435,1.0
6416,11315,1.0
6417,6418,1.0
6417,14786,1.0
6417,20184,1.0
6418,13427,1.0
6419,6420,1.0
6419,10216,1.0
6420,9618,1.0
6421,6422,1.0
6422,15911,1.0
6422,12632,1.0
6423,11924,1.0
6423,8602,1.0
6424,6425,1.0
6424,16994,1.0
6425,13170,1.0
6425,15397,1.0
6426,8146,1.0
6426,9005,1.0
6426,7632,1.0
6427,6428,1.0
6427,6530,1.0
6429,6430,1.0
6429,9792,1.0
6429,13154,1.0
6429,8542,1.0
6430,14035,1.0
6430,8542,1.0
6431,6432,1.0
6432,10575,1.0
6432,11603,1.0
6433,6434,1.0
6433,19441,1.0
6434,9375,1.0
6434,19441,1.0
6435,6436,1.0
6436,7396,1.0
6436,9627,1.0
6437,6438,1.0
6437,9800,1.0
6437,11713,1.0
6438,10943,1.0
6439,6440,1.0
6439,14929,1.0
6439,19451,1.0
6440,8382,1.0
6440,19451,1.0
6441,6442,1.0
6441,7809,1.0
6441,20613,1.0
6442,20609,1.0
6443,6444,1.0
6443,9720,1.0
6443,15082,1.0
6444,11535,1.0
6444,17112,1.0
6445,6446,1.0
6445,19069,1.0
6445,20757,1.0
6446,7158,1.0
6447,13921,1.0
6448,11627,1.0
6449,13080,1.0
6449,8432,1.0
6450,6451,1.0
6451,16415,1.0
6452,6453,1.0
6452,11809,1.0
6453,9247,1.0
6453,12023,1.0
6454,9450,1.0
6454,11978,1.0
6456,14898,1.0
6456,12840,1.0
6457,6458,1.0
6457,14833,1.0
6458,12294,1.0
6458,21142,1.0
6459,6460,1.0
6459,9084,1.0
6459,9346,1.0
6460,12922,1.0
6460,14626,1.0
6461,13694,1.0
6461,11642,1.0
6462,10436,1.0
6462,11666,1.0
6464,6465,1.0
6464,12572,1.0
6464,9950,1.0
6465,11943,1.0
6465,9951,1.0
6465,16808,1.0
6466,7851,1.0
6466,9610,1.0
6466,7246,1.0
6467,8245,1.0
6467,7948,1.0
6468,6469,1.0
6468,9769,1.0
6468,16553,1.0
6469,16344,1.0
6469,13786,1.0
6469,14355,1.0
6470,6471,1.0
6470,6612,1.0
6472,6473,1.0
6472,9797,1.0
6473,9798,1.0
6474,6475,1.0
6474,7899,1.0
6474,11926,1.0
6474,9606,1.0
6475,10512,1.0
6476,6477,1.0
6476,7218,1.0
6476,14132,1.0
6478,8489,1.0
6478,10675,1.0
6478,16323,1.0
6479,11772,1.0
6479,17848,1.0
6480,6481,1.0
6480,10497,1.0
6480,6652,1.0
6480,9100,1.0
6481,9172,1.0
6481,9101,1.0
6481,14160,1.0
6482,6483,1.0
6482,14472,1.0
6482,9250,1.0
6482,16438,1.0
6483,9251,1.0
6483,12827,1.0
6483,16438,1.0
6484,9177,1.0
6484,8850,1.0
6485,6486,1.0
6485,10372,1.0
6485,7184,1.0
6486,12381,1.0
6486,7982,1.0
6487,6488,1.0
6487,16558,1.0
6487,8767,1.0
6488,10262,1.0
6488,13053,1.0
6489,9681,1.0
6490,8573,1.0
6490,14752,1.0
6491,6492,1.0
6491,10947,1.0
6491,13865,1.0
6492,9861,1.0
6492,16460,1.0
6492,12512,1.0
6493,11976,1.0
6493,11139,1.0
6493,21201,1.0
6494,6495,1.0
6494,8479,1.0
6494,14885,1.0
6495,11815,1.0
6495,6827,1.0
6495,16383,1.0
6497,11979,1.0
6498,16672,1.0
6499,6529,1.0
6499,10376,1.0
6500,13551,1.0
6502,16529,1.0
6502,17190,1.0
6502,16381,1.0
6502,14921,1.0
6502,16382,1.0
6503,12135,1.0
6504,6505,1.0
6504,12006,1.0
6504,10682,1.0
6505,7827,1.0
6505,12209,1.0
6506,6507,1.0
6506,12673,1.0
6506,13502,1.0
6507,7765,1.0
6507,13502,1.0
6508,16986,1.0
6508,20783,1.0
6508,10779,1.0
6509,6510,1.0
6509,10784,1.0
6509,12928,1.0
6510,9340,1.0
6510,9822,1.0
6510,14723,1.0
6511,11630,1.0
6512,10617,1.0
6512,6602,1.0
6512,20047,1.0
6514,9253,1.0
6514,16931,1.0
6514,15735,1.0
6515,6516,1.0
6515,8747,1.0
6515,13106,1.0
6516,9674,1.0
6516,14734,1.0
6517,6518,1.0
6517,14054,1.0
6518,15939,1.0
6518,9557,1.0
6519,9636,1.0
6519,8187,1.0
6520,6521,1.0
6520,19109,1.0
6521,14563,1.0
6521,17353,1.0
6522,8384,1.0
6523,6524,1.0
6523,12447,1.0
6523,13803,1.0
6524,7472,1.0
6524,11644,1.0
6524,14593,1.0
6525,13011,1.0
6525,11542,1.0
6526,16874,1.0
6526,17081,1.0
6526,16566,1.0
6527,7620,1.0
6527,10806,1.0
6527,13514,1.0
6529,8524,1.0
6529,16689,1.0
6530,11025,1.0
6530,13982,1.0
6532,6533,1.0
6532,9183,1.0
6532,9592,1.0
6532,7242,1.0
6533,6936,1.0
6533,8526,1.0
6533,10060,1.0
6534,7829,1.0
6534,13848,1.0
6535,6536,1.0
6535,8297,1.0
6535,10306,1.0
6535,10622,1.0
6536,11468,1.0
6537,6538,1.0
6537,7482,1.0
6537,8727,1.0
6538,7483,1.0
6538,7193,1.0
6539,9667,1.0
6540,6541,1.0
6540,6813,1.0
6540,10070,1.0
6540,8657,1.0
6540,8656,1.0
6541,9267,1.0
6542,6543,1.0
6542,14899,1.0
6543,10431,1.0
6543,14314,1.0
6543,16360,1.0
6544,6545,1.0
6544,9258,1.0
6544,13953,1.0
6545,9716,1.0
6546,10272,1.0
6546,6672,1.0
6547,9560,1.0
6547,12012,1.0
6548,13249,1.0
6550,6563,1.0
6550,8919,1.0
6550,9267,1.0
6551,6552,1.0
6551,11292,1.0
6551,14599,1.0
6551,12133,1.0
6553,16421,1.0
6553,16442,1.0
6554,7635,1.0
6555,6556,1.0
6555,12458,1.0
6555,11524,1.0
6555,14700,1.0
6556,8172,1.0
6556,16664,1.0
6557,16210,1.0
6558,6559,1.0
6558,11583,1.0
6558,16384,1.0
6558,16773,1.0
6559,8424,1.0
6559,20870,1.0
6560,6561,1.0
6560,11944,1.0
6560,12497,1.0
6560,8468,1.0
6561,9479,1.0
6561,17777,1.0
6563,6564,1.0
6563,7040,1.0
6563,14525,1.0
6564,11490,1.0
6564,7714,1.0
6565,6566,1.0
6565,17084,1.0
6565,15562,1.0
6567,11967,1.0
6568,8047,1.0
6568,9533,1.0
6568,9058,1.0
6569,8903,1.0
6569,11711,1.0
6570,6571,1.0
6570,10881,1.0
6571,9453,1.0
6571,10364,1.0
6572,6573,1.0
6572,12116,1.0
6572,9176,1.0
6572,10783,1.0
6573,7275,1.0
6573,8745,1.0
6573,19314,1.0
6574,15991,1.0
6574,11625,1.0
6574,19592,1.0
6575,6576,1.0
6575,6641,1.0
6575,7909,1.0
6576,14198,1.0
6577,12759,1.0
6577,13993,1.0
6578,16523,1.0
6578,13824,1.0
6578,20730,1.0
6579,6580,1.0
6580,9742,1.0
6580,12423,1.0
6581,6582,1.0
6581,7190,1.0
6581,10791,1.0
6581,11393,1.0
6583,11320,1.0
6583,8069,1.0
6584,9648,1.0
6585,6586,1.0
6585,12574,1.0
6585,9508,1.0
6586,16752,1.0
6587,6588,1.0
6587,8033,1.0
6588,9870,1.0
6588,13226,1.0
6590,6890,1.0
6590,11978,1.0
6591,6592,1.0
6591,7679,1.0
6591,6754,1.0
6593,6594,1.0
6593,8282,1.0
6593,13724,1.0
6596,6597,1.0
6596,13584,1.0
6597,12148,1.0
6598,13148,1.0
6598,19398,1.0
6600,6601,1.0
6601,8949,1.0
6601,7621,1.0
6602,6603,1.0
6602,10531,1.0
6603,10617,1.0
6603,12548,1.0
6603,7644,1.0
6604,8871,1.0
6604,8537,1.0
6605,6606,1.0
6605,16203,1.0
6608,7548,1.0
6608,17048,1.0
6609,6610,1.0
6609,7970,1.0
6609,9359,1.0
6610,9497,1.0
6611,6612,1.0
6611,14567,1.0
6612,13217,1.0
6613,14627,1.0
6613,12907,1.0
6614,16306,1.0
6615,6616,1.0
6616,8362,1.0
6616,8560,1.0
6617,6618,1.0
6617,7777,1.0
6618,10481,1.0
6619,6620,1.0
6619,8907,1.0
6619,9226,1.0
6620,7479,1.0
6620,16595,1.0
6620,16713,1.0
6621,7787,1.0
6621,18326,1.0
6622,13887,1.0
6622,13708,1.0
6623,8109,1.0
6624,12066,1.0
6624,14084,1.0
6625,10674,1.0
6626,16589,1.0
6626,13353,1.0
6626,14005,1.0
6629,6630,1.0
6630,7336,1.0
6630,7310,1.0
6631,6632,1.0
6631,11667,1.0
6631,11175,1.0
6633,11670,1.0
6633,12257,1.0
6633,13383,1.0
6634,6635,1.0
6634,7674,1.0
6634,13067,1.0
6635,14489,1.0
6635,9660,1.0
6636,9082,1.0
6636,12696,1.0
6637,17763,1.0
6637,18118,1.0
6638,11076,1.0
6638,13065,1.0
6639,6640,1.0
6639,12192,1.0
6639,20386,1.0
6641,15048,1.0
6642,6643,1.0
6642,14634,1.0
6643,7153,1.0
6643,10401,1.0
6643,13947,1.0
6644,10596,1.0
6644,11639,1.0
6646,11069,1.0
6647,20729,1.0
6648,8011,1.0
6649,16418,1.0
6649,16519,1.0
6650,6709,1.0
6650,10431,1.0
6651,8633,1.0
6651,14857,1.0
6652,14565,1.0
6654,6655,1.0
6654,11749,1.0
6654,13553,1.0
6655,9960,1.0
6655,16542,1.0
6656,9134,1.0
6656,20756,1.0
6657,6658,1.0
6657,11901,1.0
6659,6660,1.0
6659,19285,1.0
6659,19316,1.0
6660,19596,1.0
6660,20982,1.0
6662,6663,1.0
6662,8787,1.0
6662,20186,1.0
6663,10105,1.0
6663,11958,1.0
6664,13444,1.0
6665,6666,1.0
6665,9754,1.0
6665,17647,1.0
6665,15412,1.0
6666,11483,1.0
6666,16241,1.0
6667,6668,1.0
6668,7167,1.0
6668,9677,1.0
6670,6671,1.0
6670,16484,1.0
6670,13305,1.0
6671,7248,1.0
6671,10034,1.0
6672,10272,1.0
6673,6674,1.0
6673,9433,1.0
6673,11776,1.0
6674,10541,1.0
6674,6751,1.0
6676,6677,1.0
6676,9814,1.0
6676,8038,1.0
6676,8587,1.0
6677,7944,1.0
6677,10968,1.0
6678,11906,1.0
6678,8058,1.0
6680,12883,1.0
6681,6682,1.0
6681,12166,1.0
6682,7179,1.0
6683,6684,1.0
6683,7524,1.0
6683,13429,1.0
6684,16726,1.0
6684,11576,1.0
6686,6687,1.0
6686,17727,1.0
6687,13121,1.0
6687,21174,1.0
6688,17495,1.0
6688,16724,1.0
6689,6690,1.0
6689,11369,1.0
6689,14158,1.0
6691,14745,1.0
6691,17171,1.0
6692,9839,1.0
6692,19611,1.0
6693,14230,1.0
6693,19463,1.0
6694,6828,1.0
6695,6696,1.0
6696,9404,1.0
6696,9242,1.0
6697,6698,1.0
6697,9508,1.0
6697,13019,1.0
6698,16752,1.0
6698,13019,1.0
6699,6700,1.0
6699,10225,1.0
6699,12919,1.0
6701,6702,1.0
6701,7373,1.0
6701,14202,1.0
6702,8811,1.0
6703,6704,1.0
6703,16422,1.0
6704,10795,1.0
6705,18221,1.0
6705,13545,1.0
6705,13267,1.0
6706,6707,1.0
6706,10004,1.0
6706,20743,1.0
6707,8686,1.0
6707,12571,1.0
6707,12627,1.0
6708,17081,1.0
6708,16850,1.0
6710,6711,1.0
6710,8900,1.0
6710,7998,1.0
6710,8614,1.0
6712,6713,1.0
6712,11526,1.0
6712,9531,1.0
6712,10524,1.0
6713,11216,1.0
6714,13833,1.0
6714,8743,1.0
6715,11252,1.0
6715,7290,1.0
6716,6717,1.0
6716,15562,1.0
6716,7966,1.0
6717,10744,1.0
6717,12772,1.0
6717,14780,1.0
6718,6719,1.0
6718,8911,1.0
6718,15368,1.0
6719,10547,1.0
6719,13040,1.0
6719,20466,1.0
6720,8976,1.0
6720,8410,1.0
6720,12996,1.0
6721,8077,1.0
6721,12892,1.0
6722,6723,1.0
6723,8857,1.0
6723,9382,1.0
6724,6725,1.0
6724,9281,1.0
6724,13468,1.0
6726,6727,1.0
6726,9537,1.0
6727,8869,1.0
6727,7339,1.0
6728,6729,1.0
6728,7453,1.0
6729,7454,1.0
6730,14750,1.0
6731,6732,1.0
6731,9221,1.0
6731,9064,1.0
6732,11020,1.0
6732,11312,1.0
6733,10732,1.0
6733,16665,1.0
6734,7786,1.0
6734,16016,1.0
6735,7208,1.0
6735,13128,1.0
6735,7874,1.0
6736,6991,1.0
6736,13316,1.0
6736,17605,1.0
6737,11927,1.0
6737,13241,1.0
6738,7414,1.0
6739,6740,1.0
6740,7708,1.0
6740,13801,1.0
6740,8556,1.0
6741,6742,1.0
6741,11247,1.0
6742,11296,1.0
6742,11247,1.0
6743,6744,1.0
6743,6871,1.0
6744,10154,1.0
6744,11001,1.0
6745,9748,1.0
6745,9250,1.0
6745,11770,1.0
6746,13068,1.0
6746,7254,1.0
6747,6748,1.0
6747,14363,1.0
6747,12729,1.0
6747,14818,1.0
6748,6781,1.0
6748,9629,1.0
6748,11446,1.0
6749,7454,1.0
6750,14353,1.0
6750,11844,1.0
6750,15080,1.0
6750,7505,1.0
6751,6752,1.0
6751,11965,1.0
6752,7588,1.0
6752,11538,1.0
6753,6754,1.0
6753,9027,1.0
6753,9295,1.0
6754,9699,1.0
6754,9296,1.0
6755,9934,1.0
6755,16585,1.0
6756,7999,1.0
6756,12048,1.0
6757,14918,1.0
6757,11935,1.0
6758,16077,1.0
6758,12583,1.0
6759,12858,1.0
6759,13871,1.0
6759,11968,1.0
6760,6761,1.0
6760,8239,1.0
6760,15158,1.0
6760,8179,1.0
6761,9456,1.0
6761,8180,1.0
6762,6763,1.0
6762,9123,1.0
6762,11994,1.0
6763,9039,1.0
6763,9158,1.0
6764,13811,1.0
6764,18569,1.0
6764,15781,1.0
6765,6766,1.0
6765,12269,1.0
6765,14815,1.0
6766,12891,1.0
6766,10144,1.0
6767,6768,1.0
6768,14091,1.0
6768,12324,1.0
6768,8531,1.0
6769,8086,1.0
6769,12367,1.0
6769,13970,1.0
6770,6771,1.0
6770,6878,1.0
6770,8756,1.0
6771,10806,1.0
6771,13514,1.0
6772,6773,1.0
6772,9311,1.0
6774,12994,1.0
6776,12592,1.0
6776,16356,1.0
6777,10913,1.0
6777,10718,1.0
6778,14015,1.0
6778,15402,1.0
6778,20846,1.0
6779,6780,1.0
6779,13197,1.0
6779,16125,1.0
6781,6782,1.0
6781,12729,1.0
6782,9629,1.0
6783,6784,1.0
6783,10990,1.0
6784,10593,1.0
6785,13449,1.0
6786,14510,1.0
6787,6788,1.0
6787,8056,1.0
6788,7891,1.0
6789,11375,1.0
6789,8801,1.0
6790,16525,1.0
6791,19112,1.0
6791,9377,1.0
6792,6793,1.0
6792,8899,1.0
6792,9145,1.0
6793,10907,1.0
6793,11634,1.0
6794,6795,1.0
6794,11270,1.0
6794,8955,1.0
6794,7092,1.0
6795,18007,1.0
6795,7605,1.0
6796,6797,1.0
6796,9550,1.0
6796,10161,1.0
6796,17066,1.0
6797,9977,1.0
6797,11621,1.0
6798,10127,1.0
6798,9862,1.0
6798,10128,1.0
6799,6868,1.0
6800,6801,1.0
6800,7776,1.0
6800,12893,1.0
6800,12758,1.0
6800,16008,1.0
6801,11353,1.0
6801,16008,1.0
6802,16967,1.0
6802,19459,1.0
6803,8060,1.0
6803,18966,1.0
6804,6805,1.0
6804,16468,1.0
6804,8773,1.0
6805,7012,1.0
6805,12732,1.0
6806,6807,1.0
6806,16111,1.0
6806,14881,1.0
6807,11430,1.0
6807,16098,1.0
6807,16100,1.0
6808,14024,1.0
6808,14710,1.0
6809,10634,1.0
6809,20733,1.0
6809,17399,1.0
6810,6811,1.0
6810,8501,1.0
6810,17635,1.0
6811,8496,1.0
6811,9016,1.0
6811,11347,1.0
6812,12910,1.0
6812,6920,1.0
6812,6919,1.0
6813,7830,1.0
6815,6816,1.0
6815,10247,1.0
6815,15019,1.0
6816,7164,1.0
6816,9235,1.0
6817,6818,1.0
6817,7846,1.0
6817,11866,1.0
6817,11505,1.0
6818,9376,1.0
6818,8726,1.0
6818,13761,1.0
6819,6820,1.0
6819,8527,1.0
6819,7451,1.0
6820,9488,1.0
6821,7093,1.0
6821,8838,1.0
6822,6823,1.0
6822,9726,1.0
6822,20523,1.0
6823,6921,1.0
6825,12870,1.0
6826,10438,1.0
6828,12419,1.0
6828,10913,1.0
6828,7662,1.0
6829,6830,1.0
6829,8073,1.0
6830,14992,1.0
6831,6832,1.0
6831,8240,1.0
6831,11208,1.0
6832,10021,1.0
6832,9669,1.0
6833,6834,1.0
6833,7391,1.0
6834,10698,1.0
6835,6836,1.0
6835,9143,1.0
6835,20725,1.0
6836,10373,1.0
6836,9309,1.0
6836,20656,1.0
6837,6838,1.0
6837,10684,1.0
6837,6977,1.0
6838,8180,1.0
6838,8902,1.0
6839,6840,1.0
6839,7213,1.0
6839,6952,1.0
6839,14697,1.0
6840,13615,1.0
6840,7898,1.0
6841,6842,1.0
6841,11599,1.0
6841,12135,1.0
6842,15128,1.0
6843,7350,1.0
6843,11060,1.0
6844,7521,1.0
6845,7621,1.0
6845,8949,1.0
6845,8490,1.0
6846,6847,1.0
6846,9666,1.0
6846,12213,1.0
6847,10376,1.0
6848,6849,1.0
6850,12636,1.0
6851,10664,1.0
6852,6853,1.0
6852,17387,1.0
6854,6855,1.0
6854,12014,1.0
6855,14073,1.0
6855,16117,1.0
6856,14323,1.0
6857,6858,1.0
6857,16095,1.0
6857,17281,1.0
6858,12581,1.0
6858,17281,1.0
6859,13528,1.0
6859,8949,1.0
6860,6861,1.0
6860,13608,1.0
6862,9085,1.0
6862,14535,1.0
6863,6864,1.0
6863,10228,1.0
6863,12310,1.0
6864,9399,1.0
6865,6866,1.0
6865,10880,1.0
6865,16789,1.0
6866,10884,1.0
6866,18008,1.0
6867,12599,1.0
6868,7250,1.0
6870,8656,1.0
6870,14947,1.0
6871,11001,1.0
6872,17665,1.0
6873,6874,1.0
6873,14834,1.0
6874,12361,1.0
6874,8738,1.0
6877,9069,1.0
6877,9068,1.0
6877,17845,1.0
6878,10582,1.0
6878,20802,1.0
6879,6880,1.0
6881,6882,1.0
6882,8807,1.0
6882,17791,1.0
6883,6884,1.0
6884,9733,1.0
6885,13347,1.0
6886,10952,1.0
6887,6888,1.0
6887,13458,1.0
6887,14539,1.0
6888,8410,1.0
6889,6890,1.0
6889,11710,1.0
6890,12972,1.0
6892,16700,1.0
6892,16258,1.0
6892,7392,1.0
6892,16498,1.0
6893,6894,1.0
6893,12113,1.0
6893,12842,1.0
6893,13417,1.0
6894,12210,1.0
6895,9148,1.0
6895,14547,1.0
6896,16534,1.0
6896,20627,1.0
6897,6898,1.0
6897,14978,1.0
6897,20773,1.0
6898,20044,1.0
6899,7756,1.0
6899,8816,1.0
6899,19401,1.0
6900,9879,1.0
6900,7594,1.0
6901,8498,1.0
6901,13324,1.0
6902,6903,1.0
6902,7302,1.0
6903,9122,1.0
6904,9007,1.0
6904,13139,1.0
6905,12266,1.0
6905,7545,1.0
6905,14203,1.0
6906,6907,1.0
6906,10175,1.0
6906,13331,1.0
6907,9738,1.0
6907,13421,1.0
6908,6909,1.0
6908,16073,1.0
6908,17281,1.0
6908,19935,1.0
6908,20771,1.0
6908,20770,1.0
6909,9729,1.0
6909,8280,1.0
6910,6911,1.0
6911,14454,1.0
6912,9629,1.0
6912,10200,1.0
6912,10288,1.0
6913,6914,1.0
6913,14094,1.0
6914,16373,1.0
6915,6916,1.0
6915,16537,1.0
6915,16735,1.0
6916,8137,1.0
6916,17101,1.0
6916,11413,1.0
6917,6918,1.0
6917,17227,1.0
6917,21187,1.0
6918,7623,1.0
6919,6920,1.0
6919,8484,1.0
6919,8790,1.0
6920,16301,1.0
6921,13385,1.0
6922,8682,1.0
6922,12762,1.0
6922,12247,1.0
6923,6924,1.0
6923,9963,1.0
6923,17677,1.0
6924,11637,1.0
6924,18208,1.0
6925,6926,1.0
6925,9714,1.0
6925,8102,1.0
6926,9715,1.0
6928,6929,1.0
6928,7935,1.0
6928,10835,1.0
6929,13285,1.0
6929,20896,1.0
6929,17552,1.0
6930,6931,1.0
6930,8459,1.0
6930,16972,1.0
6931,9385,1.0
6932,7386,1.0
6932,10347,1.0
6932,10599,1.0
6933,10122,1.0
6933,7835,1.0
6934,6935,1.0
6934,11935,1.0
6934,8463,1.0
6935,16720,1.0
6935,8463,1.0
6936,7493,1.0
6936,10728,1.0
6936,9592,1.0
6937,11966,1.0
6937,13791,1.0
6938,6939,1.0
6938,16495,1.0
6940,12508,1.0
6941,14412,1.0
6942,6943,1.0
6942,10390,1.0
6942,15828,1.0
6944,8447,1.0
6945,9132,1.0
6946,6947,1.0
6946,12902,1.0
6946,12957,1.0
6946,7182,1.0
6947,7224,1.0
6947,9028,1.0
6948,7322,1.0
6948,7244,1.0
6949,6950,1.0
6949,7865,1.0
6949,7969,1.0
6950,8273,1.0
6950,12701,1.0
6950,16486,1.0
6951,6952,1.0
6951,7213,1.0
6951,7316,1.0
6952,7898,1.0
6952,13500,1.0
6953,7510,1.0
6953,8453,1.0
6953,13401,1.0
6955,8021,1.0
6955,15352,1.0
6956,8183,1.0
6957,6958,1.0
6957,12664,1.0
6958,10279,1.0
6960,17887,1.0
6961,6962,1.0
6961,17015,1.0
6962,17015,1.0
6962,9727,1.0
6963,6964,1.0
6963,17065,1.0
6965,12223,1.0
6965,13921,1.0
6966,11268,1.0
6966,12315,1.0
6966,10238,1.0
6967,11784,1.0
6967,7829,1.0
6968,6969,1.0
6968,21187,1.0
6969,14104,1.0
6970,6971,1.0
6970,11114,1.0
6970,15276,1.0
6971,15269,1.0
6972,6973,1.0
6972,7667,1.0
6972,13216,1.0
6972,13662,1.0
6973,17648,1.0
6973,13667,1.0
6974,16562,1.0
6975,6976,1.0
6975,7748,1.0
6975,7913,1.0
6977,8902,1.0
6978,11160,1.0
6978,7188,1.0
6979,6980,1.0
6979,10399,1.0
6979,13198,1.0
6979,9937,1.0
6980,9785,1.0
6982,6983,1.0
6982,7788,1.0
6982,14462,1.0
6983,11251,1.0
6983,11691,1.0
6984,6985,1.0
6984,8406,1.0
6985,9846,1.0
6986,21046,1.0
6987,6988,1.0
6987,9230,1.0
6987,10570,1.0
6988,8633,1.0
6988,10852,1.0
6989,7252,1.0
6990,7828,1.0
6990,12731,1.0
6991,14304,1.0
6992,6993,1.0
6992,8352,1.0
6993,16858,1.0
6994,17662,1.0
6995,9284,1.0
6995,9499,1.0
6997,8674,1.0
6997,17686,1.0
6997,11405,1.0
6998,6999,1.0
6998,15744,1.0
6998,13556,1.0
6999,12322,1.0
6999,13556,1.0
7000,9263,1.0
7002,11086,1.0
7002,12323,1.0
7003,7216,1.0
7003,14244,1.0
7005,15602,1.0
7006,7007,1.0
7006,14829,1.0
7006,14960,1.0
7006,15036,1.0
7007,11512,1.0
7007,13985,1.0
7008,8048,1.0
7009,7010,1.0
7009,8245,1.0
7009,12118,1.0
7010,10269,1.0
7010,10055,1.0
7011,7357,1.0
7011,11023,1.0
7012,16751,1.0
7012,16468,1.0
7013,7014,1.0
7014,8685,1.0
7014,14076,1.0
7014,12775,1.0
7015,7016,1.0
7015,17123,1.0
7016,14380,1.0
7016,13058,1.0
7017,7018,1.0
7017,12675,1.0
7017,13491,1.0
7018,8973,1.0
7018,16332,1.0
7019,7020,1.0
7019,14291,1.0
7019,11707,1.0
7020,10463,1.0
7020,9568,1.0
7021,9767,1.0
7021,12885,1.0
7022,7023,1.0
7022,10047,1.0
7022,11606,1.0
7023,10089,1.0
7023,14026,1.0
7023,14507,1.0
7024,13560,1.0
7024,8676,1.0
7025,7026,1.0
7025,9189,1.0
7025,9940,1.0
7025,7264,1.0
7026,7526,1.0
7026,16608,1.0
7026,17052,1.0
7027,7328,1.0
7027,11773,1.0
7027,12340,1.0
7028,7029,1.0
7031,10657,1.0
7031,17644,1.0
7032,7033,1.0
7033,14648,1.0
7033,8565,1.0
7033,18541,1.0
7035,20294,1.0
7035,20923,1.0
7035,20922,1.0
7036,7037,1.0
7036,20259,1.0
7038,7039,1.0
7038,8378,1.0
7039,11418,1.0
7039,11812,1.0
7040,7714,1.0
7040,8919,1.0
7041,7042,1.0
7041,10953,1.0
7041,15079,1.0
7043,13133,1.0
7044,7045,1.0
7044,10143,1.0
7044,10592,1.0
7045,11000,1.0
7046,7047,1.0
7046,7140,1.0
7047,14731,1.0
7048,7049,1.0
7048,20925,1.0
7049,10453,1.0
7049,16513,1.0
7050,12237,1.0
7050,10772,1.0
7052,8478,1.0
7052,7932,1.0
7053,16822,1.0
7053,11424,1.0
7054,7542,1.0
7054,7753,1.0
7055,11753,1.0
7055,16541,1.0
7055,11999,1.0
7056,7057,1.0
7058,7059,1.0
7058,9989,1.0
7058,12479,1.0
7059,12501,1.0
7059,17860,1.0
7060,8012,1.0
7060,14168,1.0
7061,7062,1.0
7061,10061,1.0
7063,7064,1.0
7063,17201,1.0
7065,8499,1.0
7065,12838,1.0
7065,12286,1.0
7066,7518,1.0
7066,9941,1.0
7067,12909,1.0
7068,7069,1.0
7068,7727,1.0
7068,8664,1.0
7068,11273,1.0
7069,8665,1.0
7069,8507,1.0
7069,11274,1.0
7071,11722,1.0
7072,7073,1.0
7072,9395,1.0
7072,10863,1.0
7073,16369,1.0
7073,17006,1.0
7074,16798,1.0
7076,7077,1.0
7076,9010,1.0
7076,9317,1.0
7077,7610,1.0
7077,11830,1.0
7077,17020,1.0
7077,17196,1.0
7078,7079,1.0
7078,13196,1.0
7078,18451,1.0
7079,18447,1.0
7080,7081,1.0
7080,10504,1.0
7080,9671,1.0
7081,10273,1.0
7081,11911,1.0
7083,7084,1.0
7083,7536,1.0
7083,12670,1.0
7084,13268,1.0
7084,13249,1.0
7085,10655,1.0
7085,14262,1.0
7086,10984,1.0
7086,11200,1.0
7087,7088,1.0
7087,11122,1.0
7088,10556,1.0
7089,12432,1.0
7090,9926,1.0
7090,9976,1.0
7091,7092,1.0
7092,13644,1.0
7092,17443,1.0
7093,8839,1.0
7093,13511,1.0
7094,13452,1.0
7094,12217,1.0
7094,12611,1.0
7095,7096,1.0
7095,10126,1.0
7095,19863,1.0
7096,17493,1.0
7096,16010,1.0
7096,17753,1.0
7097,7098,1.0
7098,13690,1.0
7098,11546,1.0
7099,7100,1.0
7099,9677,1.0
7099,11230,1.0
7099,10843,1.0
7100,9620,1.0
7100,13872,1.0
7101,7102,1.0
7101,10644,1.0
7101,11693,1.0
7102,8593,1.0
7102,7880,1.0
7103,7104,1.0
7103,17742,1.0
7104,11248,1.0
7104,8895,1.0
7105,8335,1.0
7105,18273,1.0
7106,9975,1.0
7106,19356,1.0
7106,19359,1.0
7107,7108,1.0
7107,10484,1.0
7107,11543,1.0
7108,10483,1.0
7108,11544,1.0
7109,14708,1.0
7110,11185,1.0
7110,7691,1.0
7110,10646,1.0
7111,7112,1.0
7111,9869,1.0
7111,17987,1.0
7112,13864,1.0
7112,20456,1.0
7113,11644,1.0
7113,11485,1.0
7113,7472,1.0
7114,7115,1.0
7114,7257,1.0
7114,8726,1.0
7114,13781,1.0
7115,11353,1.0
7115,16008,1.0
7115,14736,1.0
7117,16781,1.0
7117,16202,1.0
7118,7366,1.0
7118,16766,1.0
7119,10707,1.0
7119,14352,1.0
7120,13886,1.0
7121,10036,1.0
7121,12146,1.0
7121,20380,1.0
7122,8052,1.0
7123,7124,1.0
7123,16837,1.0
7123,11322,1.0
7123,20321,1.0
7124,10563,1.0
7124,19228,1.0
7124,8481,1.0
7125,14410,1.0
7125,16614,1.0
7126,7127,1.0
7126,7709,1.0
7126,11991,1.0
7127,12934,1.0
7128,7129,1.0
7129,7381,1.0
7129,7905,1.0
7130,7131,1.0
7130,14048,1.0
7133,11488,1.0
7133,11051,1.0
7133,12796,1.0
7135,13614,1.0
7137,7138,1.0
7138,18438,1.0
7138,15168,1.0
7139,13730,1.0
7140,8340,1.0
7140,7866,1.0
7141,7142,1.0
7142,7744,1.0
7143,7144,1.0
7144,16875,1.0
7144,12266,1.0
7145,7146,1.0
7145,9616,1.0
7145,12532,1.0
7146,12738,1.0
7147,7148,1.0
7147,8265,1.0
7147,10029,1.0
7147,18251,1.0
7148,10029,1.0
7149,7150,1.0
7149,17800,1.0
7149,9565,1.0
7150,8145,1.0
7150,15094,1.0
7151,7152,1.0
7151,10173,1.0
7152,10895,1.0
7153,7154,1.0
7153,7787,1.0
7154,13947,1.0
7154,16847,1.0
7155,10669,1.0
7155,13171,1.0
7156,7157,1.0
7156,8906,1.0
7157,10335,1.0
7157,10015,1.0
7158,20727,1.0
7159,7160,1.0
7160,11730,1.0
7160,17633,1.0
7161,14364,1.0
7162,7715,1.0
7162,12495,1.0
7163,13095,1.0
7163,7593,1.0
7164,7165,1.0
7164,10247,1.0
7165,18233,1.0
7166,7167,1.0
7166,12144,1.0
7167,7722,1.0
7168,7169,1.0
7168,9457,1.0
7169,12683,1.0
7171,7172,1.0
7171,12981,1.0
7171,9804,1.0
7171,8345,1.0
7172,8345,1.0
7172,12006,1.0
7172,16957,1.0
7173,19993,1.0
7175,7176,1.0
7175,18141,1.0
7175,20110,1.0
7176,7602,1.0
7178,16516,1.0
7179,11090,1.0
7179,14390,1.0
7180,7181,1.0
7180,12346,1.0
7181,8644,1.0
7182,9658,1.0
7183,7184,1.0
7184,7982,1.0
7185,16524,1.0
7186,7187,1.0
7186,8293,1.0
7186,10081,1.0
7187,12345,1.0
7187,14907,1.0
7188,7189,1.0
7188,11814,1.0
7189,11584,1.0
7190,8104,1.0
7190,8552,1.0
7191,11001,1.0
7191,11938,1.0
7192,7193,1.0
7192,10554,1.0
7192,8876,1.0
7192,14460,1.0
7193,12084,1.0
7195,8602,1.0
7195,9034,1.0
7196,7197,1.0
7197,16590,1.0
7197,13944,1.0
7197,17055,1.0
7198,7199,1.0
7198,10428,1.0
7198,13204,1.0
7199,16690,1.0
7199,13204,1.0
7200,7201,1.0
7200,14580,1.0
7200,10871,1.0
7201,10871,1.0
7201,15437,1.0
7202,12637,1.0
7202,11665,1.0
7203,7204,1.0
7203,13631,1.0
7203,14178,1.0
7204,9931,1.0
7205,7206,1.0
7205,7945,1.0
7205,12182,1.0
7206,10192,1.0
7206,7766,1.0
7207,7833,1.0
7208,7835,1.0
7208,7589,1.0
7209,9390,1.0
7209,13618,1.0
7210,13620,1.0
7210,17619,1.0
7210,8804,1.0
7211,8576,1.0
7211,12763,1.0
7212,16441,1.0
7212,13114,1.0
7213,9033,1.0
7214,7215,1.0
7214,14895,1.0
7215,8778,1.0
7215,11941,1.0
7215,15313,1.0
7217,12460,1.0
7217,10162,1.0
7218,7219,1.0
7219,11509,1.0
7221,8422,1.0
7222,7692,1.0
7222,13523,1.0
7223,12604,1.0
7223,11306,1.0
7224,10181,1.0
7224,12957,1.0
7225,17499,1.0
7225,9848,1.0
7226,7665,1.0
7226,11754,1.0
7227,8334,1.0
7227,9240,1.0
7228,13419,1.0
7229,8081,1.0
7229,7504,1.0
7230,11221,1.0
7230,16003,1.0
7231,7232,1.0
7232,19054,1.0
7232,17586,1.0
7233,7234,1.0
7233,11739,1.0
7234,7438,1.0
7234,11740,1.0
7235,14149,1.0
7236,9391,1.0
7236,8578,1.0
7237,10025,1.0
7237,9186,1.0
7238,7239,1.0
7238,11611,1.0
7238,18975,1.0
7239,8184,1.0
7239,10271,1.0
7239,11612,1.0
7240,15850,1.0
7240,16710,1.0
7241,7242,1.0
7241,8507,1.0
7241,9774,1.0
7241,8665,1.0
7242,9591,1.0
7242,13726,1.0
7243,8320,1.0
7243,13592,1.0
7243,10341,1.0
7244,8262,1.0
7245,11407,1.0
7245,7971,1.0
7246,7247,1.0
7246,14284,1.0
7247,7851,1.0
7247,14565,1.0
7249,7250,1.0
7249,11716,1.0
7249,7854,1.0
7251,9650,1.0
7253,7254,1.0
7253,10194,1.0
7254,10988,1.0
7254,13175,1.0
7255,9585,1.0
7256,12612,1.0
7256,16667,1.0
7257,10118,1.0
7257,14736,1.0
7259,11495,1.0
7259,7610,1.0
7260,9307,1.0
7261,7262,1.0
7261,12935,1.0
7261,20128,1.0
7261,15322,1.0
7262,16485,1.0
7262,16839,1.0
7262,12105,1.0
7263,7264,1.0
7264,15323,1.0
7265,8127,1.0
7265,12634,1.0
7265,17138,1.0
7266,7267,1.0
7266,10643,1.0
7266,9166,1.0
7267,10692,1.0
7268,7269,1.0
7268,11217,1.0
7269,13779,1.0
7269,16496,1.0
7270,7901,1.0
7270,12947,1.0
7270,13448,1.0
7271,11236,1.0
7272,7273,1.0
7272,13129,1.0
7273,10175,1.0
7273,14735,1.0
7273,19429,1.0
7274,7760,1.0
7274,9700,1.0
7275,7276,1.0
7275,12116,1.0
7276,13881,1.0
7276,20836,1.0
7277,11149,1.0
7277,17763,1.0
7277,19915,1.0
7279,7361,1.0
7280,13607,1.0
7281,7282,1.0
7281,16483,1.0
7281,16644,1.0
7281,20355,1.0
7282,9719,1.0
7283,12579,1.0
7283,12433,1.0
7284,7285,1.0
7284,12487,1.0
7284,16221,1.0
7284,17938,1.0
7285,18385,1.0
7285,16983,1.0
7286,12196,1.0
7286,20222,1.0
7287,7288,1.0
7287,13195,1.0
7288,8471,1.0
7289,11540,1.0
7289,13053,1.0
7290,7291,1.0
7290,10420,1.0
7292,7293,1.0
7293,13486,1.0
7293,8495,1.0
7294,8128,1.0
7294,11386,1.0
7296,10285,1.0
7296,16368,1.0
7298,7299,1.0
7298,13895,1.0
7298,13999,1.0
7299,9259,1.0
7299,18289,1.0
7300,7301,1.0
7300,20808,1.0
7301,16144,1.0
7301,16953,1.0
7302,9122,1.0
7302,10025,1.0
7303,7304,1.0
7303,14134,1.0
7303,11507,1.0
7304,10111,1.0
7305,7306,1.0
7305,8571,1.0
7305,7735,1.0
7306,7735,1.0
7306,12354,1.0
7306,12569,1.0
7307,7308,1.0
7307,11598,1.0
7308,14255,1.0
7309,7310,1.0
7310,18003,1.0
7311,12888,1.0
7311,9475,1.0
7312,7313,1.0
7312,7627,1.0
7313,17921,1.0
7314,8763,1.0
7314,12779,1.0
7315,14643,1.0
7315,14152,1.0
7315,12926,1.0
7315,7817,1.0
7316,13500,1.0
7316,12905,1.0
7317,9498,1.0
7318,7319,1.0
7318,9687,1.0
7318,16492,1.0
7318,16567,1.0
7319,11555,1.0
7319,10945,1.0
7319,16850,1.0
7320,7321,1.0
7320,9272,1.0
7320,10495,1.0
7320,10555,1.0
7321,18245,1.0
7321,10496,1.0
7322,9428,1.0
7323,10509,1.0
7323,14704,1.0
7324,11320,1.0
7324,16500,1.0
7325,10520,1.0
7326,11340,1.0
7327,7328,1.0
7327,11721,1.0
7327,17001,1.0
7327,14596,1.0
7328,10571,1.0
7328,9722,1.0
7329,10655,1.0
7329,12174,1.0
7330,7331,1.0
7331,10404,1.0
7332,7333,1.0
7332,13195,1.0
7332,8395,1.0
7333,8644,1.0
7333,14009,1.0
7335,8988,1.0
7335,8111,1.0
7336,7337,1.0
7337,13201,1.0
7337,20182,1.0
7338,7339,1.0
7338,11052,1.0
7338,16086,1.0
7339,9537,1.0
7339,17419,1.0
7340,20329,1.0
7341,8398,1.0
7341,12190,1.0
7342,13414,1.0
7343,11206,1.0
7343,18978,1.0
7343,19345,1.0
7344,14612,1.0
7344,7728,1.0
7345,10191,1.0
7345,10698,1.0
7346,7347,1.0
7346,9092,1.0
7347,7745,1.0
7347,11756,1.0
7348,16665,1.0
7349,7350,1.0
7349,13238,1.0
7349,16893,1.0
7351,7352,1.0
7351,11541,1.0
7351,9877,1.0
7352,10405,1.0
7353,7354,1.0
7353,7762,1.0
7353,15563,1.0
7354,11729,1.0
7354,17468,1.0
7354,17523,1.0
7354,9490,1.0
7355,9665,1.0
7355,11409,1.0
7355,7847,1.0
7356,16419,1.0
7356,13347,1.0
7357,7358,1.0
7357,12095,1.0
7357,7895,1.0
7358,9610,1.0
7359,7360,1.0
7359,10206,1.0
7359,14039,1.0
7362,7363,1.0
7362,14623,1.0
7364,13110,1.0
7366,11991,1.0
7367,7368,1.0
7367,9350,1.0
7367,8228,1.0
7367,11264,1.0
7368,9510,1.0
7368,10959,1.0
7369,7370,1.0
7369,11241,1.0
7369,12207,1.0
7370,9170,1.0
7370,12342,1.0
7371,11463,1.0
7371,12699,1.0
7372,7373,1.0
7372,10525,1.0
7372,19562,1.0
7373,12865,1.0
7374,7708,1.0
7374,13801,1.0
7375,7376,1.0
7375,12417,1.0
7375,13738,1.0
7376,10506,1.0
7376,14119,1.0
7377,10173,1.0
7377,8516,1.0
7378,11752,1.0
7378,16745,1.0
7378,12685,1.0
7379,7380,1.0
7379,11227,1.0
7379,11448,1.0
7380,9631,1.0
7381,7382,1.0
7381,13326,1.0
7382,11057,1.0
7382,19853,1.0
7383,15321,1.0
7384,7385,1.0
7384,8576,1.0
7385,8595,1.0
7385,16067,1.0
7386,10901,1.0
7386,14031,1.0
7388,7939,1.0
7388,13567,1.0
7390,17470,1.0
7390,20324,1.0
7390,20330,1.0
7391,16796,1.0
7393,7394,1.0
7393,9276,1.0
7393,9526,1.0
7393,11513,1.0
7394,8698,1.0
7394,11039,1.0
7395,9266,1.0
7395,11446,1.0
7396,9668,1.0
7396,13062,1.0
7397,7398,1.0
7397,8681,1.0
7397,11643,1.0
7398,16361,1.0
7398,16442,1.0
7398,16860,1.0
7399,7400,1.0
7399,13651,1.0
7399,20048,1.0
7400,10531,1.0
7401,7700,1.0
7401,9782,1.0
7404,7405,1.0
7404,12621,1.0
7405,11760,1.0
7406,8764,1.0
7406,14671,1.0
7407,7408,1.0
7408,16732,1.0
7408,17926,1.0
7408,17047,1.0
7409,10022,1.0
7409,11470,1.0
7410,7411,1.0
7410,13659,1.0
7412,7413,1.0
7414,16848,1.0
7414,10618,1.0
7415,12150,1.0
7416,8958,1.0
7416,7659,1.0
7416,9832,1.0
7417,7418,1.0
7417,7419,1.0
7417,12607,1.0
7417,9256,1.0
7418,14590,1.0
7419,11332,1.0
7419,12849,1.0
7420,17391,1.0
7420,8966,1.0
7420,15601,1.0
7421,11746,1.0
7423,12809,1.0
7423,8492,1.0
7424,10392,1.0
7425,7426,1.0
7427,9318,1.0
7427,10464,1.0
7428,17292,1.0
7429,8364,1.0
7429,8102,1.0
7430,7431,1.0
7432,16665,1.0
7432,9304,1.0
7433,11497,1.0
7434,9801,1.0
7435,11316,1.0
7436,7437,1.0
7436,11404,1.0
7436,16029,1.0
7437,11756,1.0
7438,7439,1.0
7440,9119,1.0
7441,13890,1.0
7441,12820,1.0
7442,7443,1.0
7442,13891,1.0
7443,11362,1.0
7443,10454,1.0
7443,7724,1.0
7444,12425,1.0
7444,19363,1.0
7444,8761,1.0
7445,7446,1.0
7445,8730,1.0
7446,13441,1.0
7446,11354,1.0
7447,7448,1.0
7447,14415,1.0
7447,20462,1.0
7449,7450,1.0
7451,7452,1.0
7451,9488,1.0
7452,8070,1.0
7452,16609,1.0
7453,7454,1.0
7453,11129,1.0
7453,12113,1.0
7454,12210,1.0
7455,7456,1.0
7455,18131,1.0
7455,9613,1.0
7456,8801,1.0
7456,9369,1.0
7457,7458,1.0
7457,8818,1.0
7457,11831,1.0
7457,7784,1.0
7458,10408,1.0
7458,14237,1.0
7459,13221,1.0
7460,11110,1.0
7460,10136,1.0
7461,16440,1.0
7462,14972,1.0
7463,7464,1.0
7463,11497,1.0
7465,7466,1.0
7466,18359,1.0
7466,11473,1.0
7468,7469,1.0
7468,12688,1.0
7470,7471,1.0
7470,11705,1.0
7471,11705,1.0
7471,13431,1.0
7473,7474,1.0
7473,9216,1.0
7474,8191,1.0
7474,11766,1.0
7474,12903,1.0
7475,11615,1.0
7475,19366,1.0
7476,7477,1.0
7477,11868,1.0
7477,21189,1.0
7478,8472,1.0
7478,9682,1.0
7479,10142,1.0
7480,10412,1.0
7480,13455,1.0
7480,10337,1.0
7481,9037,1.0
7482,7483,1.0
7482,8770,1.0
7483,11081,1.0
7483,11536,1.0
7484,7485,1.0
7484,9313,1.0
7485,9583,1.0
7486,7806,1.0
7486,10027,1.0
7487,14499,1.0
7487,12148,1.0
7488,7564,1.0
7488,10835,1.0
7489,7490,1.0
7489,8539,1.0
7489,11299,1.0
7490,12910,1.0
7491,7492,1.0
7491,13703,1.0
7492,15092,1.0
7492,17941,1.0
7493,7494,1.0
7493,11145,1.0
7493,8526,1.0
7495,13219,1.0
7495,14235,1.0
7496,7497,1.0
7496,7797,1.0
7496,13559,1.0
7498,9873,1.0
7499,7500,1.0
7499,14809,1.0
7500,9853,1.0
7501,7502,1.0
7501,14896,1.0
7501,8166,1.0
7502,7668,1.0
7503,13651,1.0
7504,10980,1.0
7505,10850,1.0
7506,7507,1.0
7507,10915,1.0
7509,14273,1.0
7509,7834,1.0
7510,7511,1.0
7510,12938,1.0
7511,16618,1.0
7511,13461,1.0
7512,12021,1.0
7513,7514,1.0
7513,7664,1.0
7513,11797,1.0
7515,7964,1.0
7515,14100,1.0
7516,13668,1.0
7516,13167,1.0
7516,16611,1.0
7517,7518,1.0
7517,12776,1.0
7518,11708,1.0
7519,11851,1.0
7519,17921,1.0
7520,10195,1.0
7521,11861,1.0
7521,8123,1.0
7522,7523,1.0
7522,11874,1.0
7522,12825,1.0
7523,8062,1.0
7524,10275,1.0
7524,11576,1.0
7524,13561,1.0
7525,11771,1.0
7525,18986,1.0
7526,15331,1.0
7526,16406,1.0
7527,7528,1.0
7527,8226,1.0
7527,8452,1.0
7528,17043,1.0
7529,9516,1.0
7529,13976,1.0
7530,13133,1.0
7531,12727,1.0
7531,13097,1.0
7532,7533,1.0
7532,12229,1.0
7532,15967,1.0
7534,7535,1.0
7534,9246,1.0
7534,9518,1.0
7534,16982,1.0
7535,14311,1.0
7535,16982,1.0
7536,14736,1.0
7536,11353,1.0
7537,7538,1.0
7538,15718,1.0
7539,14660,1.0
7539,19110,1.0
7539,11667,1.0
7540,11875,1.0
7541,7542,1.0
7541,15198,1.0
7542,11249,1.0
7543,20356,1.0
7543,7791,1.0
7544,7545,1.0
7544,13324,1.0
7545,9207,1.0
7546,7547,1.0
7546,12434,1.0
7547,11293,1.0
7547,9111,1.0
7548,16949,1.0
7548,17671,1.0
7549,7550,1.0
7549,9770,1.0
7549,13202,1.0
7550,11983,1.0
7550,10462,1.0
7551,8045,1.0
7551,10462,1.0
7552,7553,1.0
7552,13419,1.0
7552,15031,1.0
7553,11854,1.0
7553,11121,1.0
7554,7555,1.0
7554,16557,1.0
7555,13832,1.0
7556,15072,1.0
7556,17207,1.0
7557,7558,1.0
7557,10537,1.0
7558,12937,1.0
7558,10537,1.0
7560,7561,1.0
7561,9070,1.0
7562,7563,1.0
7562,11690,1.0
7562,16837,1.0
7563,8063,1.0
7563,10563,1.0
7563,9469,1.0
7564,10834,1.0
7565,7566,1.0
7565,9214,1.0
7566,9236,1.0
7566,10330,1.0
7567,9410,1.0
7567,9409,1.0
7568,9261,1.0
7568,10644,1.0
7569,7570,1.0
7569,7802,1.0
7569,13130,1.0
7569,12030,1.0
7570,9060,1.0
7570,7959,1.0
7570,10101,1.0
7571,7572,1.0
7571,12744,1.0
7571,8739,1.0
7572,8330,1.0
7572,8740,1.0
7572,16507,1.0
7573,13216,1.0
7573,7875,1.0
7573,18507,1.0
7573,7667,1.0
7574,7575,1.0
7574,19882,1.0
7575,17915,1.0
7577,7578,1.0
7577,12828,1.0
7577,9813,1.0
7578,11128,1.0
7578,11235,1.0
7579,8351,1.0
7579,17972,1.0
7580,15557,1.0
7580,15721,1.0
7581,7582,1.0
7583,7972,1.0
7583,7663,1.0
7584,13789,1.0
7584,7705,1.0
7584,14315,1.0
7585,8696,1.0
7585,9142,1.0
7585,10466,1.0
7587,10690,1.0
7587,7672,1.0
7587,15418,1.0
7588,12268,1.0
7588,8856,1.0
7589,7590,1.0
7589,13255,1.0
7589,7874,1.0
7590,16472,1.0
7590,16773,1.0
7591,7592,1.0
7591,10096,1.0
7592,19568,1.0
7594,11078,1.0
7595,7596,1.0
7595,15271,1.0
7595,8551,1.0
7596,7821,1.0
7596,15252,1.0
7597,7598,1.0
7597,12305,1.0
7597,10205,1.0
7598,11240,1.0
7598,17901,1.0
7599,7600,1.0
7599,11583,1.0
7600,13311,1.0
7601,12270,1.0
7601,15551,1.0
7602,19733,1.0
7602,19734,1.0
7602,20581,1.0
7603,14006,1.0
7605,7606,1.0
7605,19436,1.0
7606,10462,1.0
7607,7608,1.0
7607,11225,1.0
7608,16772,1.0
7608,13719,1.0
7609,12193,1.0
7609,8260,1.0
7610,7611,1.0
7611,11495,1.0
7611,17199,1.0
7612,13484,1.0
7613,12121,1.0
7613,13953,1.0
7614,7615,1.0
7614,11498,1.0
7615,11834,1.0
7615,11499,1.0
7616,7617,1.0
7616,11714,1.0
7616,12003,1.0
7617,8299,1.0
7617,12004,1.0
7617,8886,1.0
7618,7619,1.0
7619,7850,1.0
7619,8840,1.0
7620,10095,1.0
7620,16857,1.0
7622,13683,1.0
7622,10366,1.0
7623,14826,1.0
7623,17230,1.0
7624,8542,1.0
7624,17002,1.0
7624,8541,1.0
7625,7626,1.0
7625,9619,1.0
7625,13297,1.0
7626,17354,1.0
7626,17404,1.0
7628,7629,1.0
7628,20492,1.0
7628,20490,1.0
7629,8986,1.0
7629,14716,1.0
7630,13828,1.0
7631,7632,1.0
7631,12227,1.0
7631,14090,1.0
7632,9005,1.0
7632,16669,1.0
7633,7634,1.0
7633,8193,1.0
7633,8575,1.0
7633,10713,1.0
7634,10889,1.0
7634,11974,1.0
7634,11504,1.0
7635,9389,1.0
7635,10332,1.0
7636,7637,1.0
7636,11224,1.0
7636,16515,1.0
7636,16445,1.0
7637,11452,1.0
7637,14258,1.0
7637,9603,1.0
7638,11257,1.0
7639,11398,1.0
7639,17277,1.0
7640,13147,1.0
7641,9480,1.0
7641,16877,1.0
7641,8610,1.0
7642,7643,1.0
7642,14876,1.0
7642,12816,1.0
7644,9482,1.0
7644,15000,1.0
7645,11710,1.0
7645,13253,1.0
7646,17058,1.0
7647,8213,1.0
7647,13540,1.0
7647,10737,1.0
7648,7649,1.0
7648,9139,1.0
7648,10348,1.0
7649,13888,1.0
7650,7651,1.0
7650,10230,1.0
7650,7719,1.0
7651,8372,1.0
7651,13897,1.0
7652,7653,1.0
7652,11104,1.0
7652,11275,1.0
7654,7655,1.0
7654,12473,1.0
7655,17136,1.0
7655,17173,1.0
7656,7657,1.0
7656,10002,1.0
7656,12990,1.0
7657,9215,1.0
7658,7659,1.0
7658,17704,1.0
7659,12201,1.0
7660,7661,1.0
7660,13504,1.0
7660,8744,1.0
7660,16445,1.0
7661,8745,1.0
7661,14258,1.0
7661,19314,1.0
7662,16769,1.0
7663,11262,1.0
7664,12797,1.0
7664,16348,1.0
7664,11413,1.0
7665,16830,1.0
7665,15993,1.0
7665,10812,1.0
7668,12700,1.0
7669,10352,1.0
7669,7690,1.0
7670,8401,1.0
7670,14839,1.0
7670,12504,1.0
7671,8688,1.0
7672,7673,1.0
7672,15109,1.0
7672,14804,1.0
7674,8608,1.0
7675,19174,1.0
7675,17873,1.0
7676,14614,1.0
7676,14062,1.0
7677,7678,1.0
7677,13930,1.0
7677,14326,1.0
7678,18011,1.0
7679,9296,1.0
7680,8298,1.0
7681,11553,1.0
7681,16368,1.0
7681,13848,1.0
7682,7683,1.0
7682,9909,1.0
7684,7685,1.0
7684,13351,1.0
7684,16427,1.0
7684,14208,1.0
7685,8855,1.0
7685,14209,1.0
7686,19986,1.0
7687,9209,1.0
7687,9208,1.0
7688,7689,1.0
7688,8033,1.0
7688,10182,1.0
7688,9870,1.0
7689,11572,1.0
7689,12543,1.0
7690,7691,1.0
7690,11185,1.0
7690,10711,1.0
7691,9287,1.0
7691,10645,1.0
7692,13526,1.0
7692,10117,1.0
7693,17056,1.0
7693,16695,1.0
7694,9145,1.0
7694,10056,1.0
7694,10656,1.0
7695,7696,1.0
7696,11428,1.0
7697,7698,1.0
7697,10833,1.0
7697,14193,1.0
7698,16793,1.0
7701,10664,1.0
7702,9996,1.0
7703,7704,1.0
7703,10567,1.0
7704,10503,1.0
7705,7706,1.0
7705,8003,1.0
7707,9265,1.0
7707,11694,1.0
7708,12046,1.0
7709,14004,1.0
7710,7950,1.0
7710,10530,1.0
7711,7712,1.0
7711,12722,1.0
7712,14079,1.0
7712,9723,1.0
7713,10652,1.0
7713,9291,1.0
7713,17039,1.0
7714,8620,1.0
7715,11625,1.0
7715,14105,1.0
7716,7717,1.0
7718,7719,1.0
7718,17856,1.0
7718,14716,1.0
7719,14239,1.0
7719,8986,1.0
7720,12374,1.0
7721,7952,1.0
7721,13816,1.0
7722,11074,1.0
7723,7724,1.0
7724,11047,1.0
7724,13622,1.0
7725,7726,1.0
7726,16083,1.0
7726,16113,1.0
7727,8081,1.0
7727,16715,1.0
7728,7729,1.0
7729,8349,1.0
7729,13140,1.0
7730,7731,1.0
7730,10357,1.0
7731,18221,1.0
7732,7733,1.0
7733,13853,1.0
7733,8232,1.0
7734,12729,1.0
7734,21011,1.0
7736,16528,1.0
7736,8879,1.0
7737,7738,1.0
7737,10048,1.0
7738,7769,1.0
7738,10363,1.0
7739,14050,1.0
7739,17130,1.0
7740,9633,1.0
7740,15280,1.0
7742,11411,1.0
7742,9308,1.0
7743,10258,1.0
7745,12088,1.0
7746,7747,1.0
7746,7889,1.0
7746,10909,1.0
7747,16923,1.0
7747,13071,1.0
7747,17881,1.0
7748,12212,1.0
7748,7912,1.0
7748,13717,1.0
7749,11889,1.0
7749,11124,1.0
7750,7751,1.0
7750,17679,1.0
7751,10848,1.0
7751,12647,1.0
7752,11258,1.0
7752,14148,1.0
7753,7754,1.0
7753,11249,1.0
7753,8670,1.0
7754,11945,1.0
7754,11380,1.0
7755,9609,1.0
7755,13489,1.0
7756,19401,1.0
7758,7759,1.0
7758,13152,1.0
7758,19466,1.0
7758,20192,1.0
7759,10038,1.0
7759,19413,1.0
7760,15184,1.0
7761,10047,1.0
7761,9744,1.0
7762,17532,1.0
7762,17529,1.0
7763,13530,1.0
7763,18238,1.0
7764,14343,1.0
7764,14790,1.0
7765,13309,1.0
7765,16412,1.0
7765,13437,1.0
7766,7767,1.0
7766,8113,1.0
7766,16465,1.0
7767,10422,1.0
7767,10192,1.0
7768,7769,1.0
7768,9100,1.0
7768,10363,1.0
7770,7771,1.0
7770,11184,1.0
7770,11842,1.0
7771,19008,1.0
7772,8872,1.0
7773,8244,1.0
7773,12730,1.0
7774,19114,1.0
7775,7776,1.0
7775,8508,1.0
7775,8068,1.0
7775,9376,1.0
7776,8069,1.0
7776,13781,1.0
7779,7780,1.0
7780,10323,1.0
7780,13598,1.0
7781,7782,1.0
7781,10643,1.0
7782,8676,1.0
7783,7784,1.0
7784,16712,1.0
7784,11796,1.0
7785,12801,1.0
7785,10488,1.0
7786,12998,1.0
7787,10401,1.0
7788,8030,1.0
7788,12822,1.0
7789,8865,1.0
7789,11424,1.0
7790,7791,1.0
7790,12002,1.0
7790,16485,1.0
7791,8144,1.0
7792,10370,1.0
7792,17595,1.0
7794,9360,1.0
7794,10501,1.0
7794,13799,1.0
7795,7796,1.0
7795,9046,1.0
7795,8970,1.0
7796,8303,1.0
7796,14231,1.0
7797,9941,1.0
7798,12274,1.0
7799,7800,1.0
7799,9222,1.0
7799,11200,1.0
7800,14730,1.0
7801,7802,1.0
7801,10400,1.0
7801,12030,1.0
7801,12334,1.0
7802,7959,1.0
7802,10480,1.0
7803,8373,1.0
7803,9501,1.0
7804,7805,1.0
7804,18073,1.0
7804,9946,1.0
7805,7989,1.0
7805,18619,1.0
7805,14396,1.0
7806,10407,1.0
7806,12025,1.0
7807,9585,1.0
7807,12563,1.0
7808,11116,1.0
7808,14450,1.0
7810,10278,1.0
7810,19179,1.0
7811,7812,1.0
7811,19567,1.0
7812,18083,1.0
7813,15964,1.0
7813,16804,1.0
7813,20351,1.0
7814,7815,1.0
7814,16483,1.0
7814,20351,1.0
7815,9719,1.0
7815,14753,1.0
7816,7857,1.0
7816,13263,1.0
7819,7820,1.0
7819,13568,1.0
7819,9916,1.0
7820,11728,1.0
7820,18072,1.0
7821,7822,1.0
7821,16603,1.0
7821,12952,1.0
7822,10893,1.0
7822,15261,1.0
7822,16164,1.0
7823,7824,1.0
7823,13484,1.0
7824,13800,1.0
7825,7826,1.0
7825,16648,1.0
7825,13054,1.0
7825,11286,1.0
7825,16518,1.0
7826,11506,1.0
7826,14460,1.0
7826,18284,1.0
7827,7828,1.0
7827,12055,1.0
7828,9868,1.0
7829,16368,1.0
7830,8657,1.0
7830,14161,1.0
7831,8497,1.0
7831,14806,1.0
7832,7833,1.0
7832,11438,1.0
7833,15007,1.0
7834,11117,1.0
7835,13255,1.0
7836,7837,1.0
7837,19438,1.0
7837,19442,1.0
7838,7839,1.0
7838,8326,1.0
7838,11153,1.0
7838,14625,1.0
7839,10796,1.0
7839,13291,1.0
7839,10125,1.0
7840,11837,1.0
7841,7842,1.0
7841,10062,1.0
7841,14289,1.0
7842,14373,1.0
7842,10567,1.0
7843,7844,1.0
7843,13451,1.0
7843,16653,1.0
7843,13114,1.0
7844,13668,1.0
7845,8873,1.0
7845,16403,1.0
7845,17039,1.0
7846,7847,1.0
7846,8092,1.0
7847,11505,1.0
7848,7849,1.0
7848,11201,1.0
7849,14089,1.0
7849,16532,1.0
7850,10904,1.0
7850,10549,1.0
7852,7853,1.0
7852,10542,1.0
7853,20931,1.0
7853,16155,1.0
7855,8207,1.0
7856,8544,1.0
7857,19224,1.0
7858,8074,1.0
7858,8870,1.0
7858,14559,1.0
7859,12363,1.0
7859,14664,1.0
7860,9364,1.0
7861,7862,1.0
7862,11676,1.0
7862,10911,1.0
7863,9064,1.0
7864,8728,1.0
7864,10576,1.0
7865,16440,1.0
7866,14731,1.0
7866,11061,1.0
7868,7869,1.0
7868,13658,1.0
7868,16652,1.0
7869,8173,1.0
7871,7872,1.0
7871,7967,1.0
7871,8762,1.0
7871,12301,1.0
7872,12302,1.0
7872,11180,1.0
7872,13035,1.0
7873,14010,1.0
7874,16472,1.0
7875,17721,1.0
7875,18508,1.0
7876,9071,1.0
7877,7878,1.0
7877,10590,1.0
7877,9108,1.0
7877,12507,1.0
7877,12545,1.0
7877,10395,1.0
7878,9109,1.0
7878,12546,1.0
7878,20687,1.0
7879,19462,1.0
7879,19769,1.0
7880,9303,1.0
7880,9405,1.0
7881,14831,1.0
7882,14095,1.0
7882,8834,1.0
7884,7885,1.0
7884,12100,1.0
7884,8471,1.0
7884,14009,1.0
7885,9682,1.0
7885,12101,1.0
7885,8472,1.0
7886,7887,1.0
7886,15918,1.0
7886,13546,1.0
7888,10131,1.0
7888,9288,1.0
7888,11680,1.0
7889,15130,1.0
7889,17881,1.0
7890,7891,1.0
7892,7893,1.0
7892,12094,1.0
7894,7905,1.0
7896,12870,1.0
7897,8029,1.0
7897,10747,1.0
7898,12459,1.0
7899,8461,1.0
7900,11136,1.0
7900,13398,1.0
7901,15274,1.0
7901,15279,1.0
7902,8194,1.0
7902,11189,1.0
7903,7904,1.0
7903,15558,1.0
7903,11115,1.0
7904,9027,1.0
7905,9494,1.0
7906,7907,1.0
7906,9460,1.0
7906,16921,1.0
7906,16660,1.0
7908,10988,1.0
7909,11094,1.0
7910,11251,1.0
7911,7923,1.0
7912,7913,1.0
7912,14904,1.0
7912,19189,1.0
7913,14530,1.0
7914,12329,1.0
7914,14286,1.0
7915,8940,1.0
7915,13769,1.0
7916,7917,1.0
7916,20452,1.0
7916,19238,1.0
7916,13258,1.0
7918,7919,1.0
7918,10533,1.0
7919,10534,1.0
7919,11164,1.0
7920,8682,1.0
7920,10664,1.0
7922,13262,1.0
7922,11055,1.0
7923,13115,1.0
7924,7925,1.0
7924,9768,1.0
7924,14524,1.0
7925,13567,1.0
7925,10124,1.0
7925,18266,1.0
7926,14909,1.0
7926,14910,1.0
7927,9313,1.0
7928,7929,1.0
7928,11035,1.0
7929,15050,1.0
7929,15031,1.0
7930,11853,1.0
7930,12651,1.0
7930,13565,1.0
7931,12272,1.0
7931,18975,1.0
7931,16694,1.0
7932,12754,1.0
7934,15958,1.0
7934,10454,1.0
7934,17637,1.0
7935,10845,1.0
7936,13404,1.0
7937,10079,1.0
7937,13371,1.0
7938,7939,1.0
7938,8036,1.0
7939,10123,1.0
7940,13703,1.0
7941,7942,1.0
7941,9366,1.0
7942,11257,1.0
7942,11934,1.0
7942,14369,1.0
7942,12382,1.0
7943,9014,1.0
7943,12200,1.0
7943,20146,1.0
7944,8365,1.0
7946,7947,1.0
7946,8940,1.0
7948,9117,1.0
7948,10450,1.0
7949,10285,1.0
7949,11982,1.0
7949,13287,1.0
7950,14487,1.0
7951,7952,1.0
7951,18498,1.0
7951,14394,1.0
7954,11670,1.0
7954,19550,1.0
7955,13982,1.0
7955,14513,1.0
7956,12874,1.0
7956,16459,1.0
7957,7958,1.0
7957,12379,1.0
7957,12736,1.0
7957,14411,1.0
7960,9560,1.0
7960,12012,1.0
7960,16823,1.0
7962,7963,1.0
7962,11850,1.0
7964,7965,1.0
7964,17981,1.0
7965,8331,1.0
7965,16496,1.0
7966,14780,1.0
7966,8204,1.0
7968,7969,1.0
7968,8969,1.0
7968,8291,1.0
7969,16440,1.0
7969,16486,1.0
7970,7971,1.0
7972,9882,1.0
7973,7974,1.0
7973,10650,1.0
7973,17879,1.0
7975,17541,1.0
7975,17212,1.0
7976,12516,1.0
7979,11017,1.0
7979,14727,1.0
7980,9483,1.0
7980,8154,1.0
7980,12603,1.0
7981,10660,1.0
7981,14081,1.0
7981,10666,1.0
7982,12405,1.0
7983,7984,1.0
7984,10213,1.0
7985,7986,1.0
7986,15455,1.0
7987,7988,1.0
7987,14256,1.0
7988,9150,1.0
7988,7999,1.0
7989,10612,1.0
7990,7991,1.0
7990,11016,1.0
7992,7993,1.0
7993,13626,1.0
7994,7995,1.0
7994,14417,1.0
7995,14279,1.0
7996,16261,1.0
7996,17986,1.0
7997,11097,1.0
7997,12920,1.0
7998,11161,1.0
7998,12058,1.0
7999,8000,1.0
7999,12048,1.0
8000,9048,1.0
8001,8002,1.0
8001,13318,1.0
8001,20956,1.0
8001,20950,1.0
8002,11481,1.0
8002,18275,1.0
8003,13322,1.0
8004,8005,1.0
8005,9776,1.0
8005,17141,1.0
8006,8007,1.0
8007,19175,1.0
8007,19385,1.0
8008,8009,1.0
8008,9178,1.0
8008,9289,1.0
8008,8011,1.0
8009,12977,1.0
8009,14845,1.0
8009,20610,1.0
8010,16470,1.0
8011,16813,1.0
8011,14350,1.0
8012,8013,1.0
8012,11419,1.0
8012,8293,1.0
8013,10080,1.0
8013,13917,1.0
8014,8015,1.0
8014,16821,1.0
8014,16311,1.0
8015,8849,1.0
8015,13847,1.0
8016,8017,1.0
8016,13757,1.0
8018,8019,1.0
8018,10344,1.0
8018,9257,1.0
8018,13624,1.0
8019,11932,1.0
8019,15120,1.0
8020,8021,1.0
8020,11133,1.0
8021,15352,1.0
8023,9346,1.0
8025,8026,1.0
8025,14851,1.0
8026,16731,1.0
8026,11601,1.0
8026,18259,1.0
8026,20465,1.0
8027,20346,1.0
8028,10109,1.0
8028,17447,1.0
8029,10957,1.0
8029,11470,1.0
8031,16912,1.0
8032,12099,1.0
8033,11572,1.0
8034,16635,1.0
8034,15515,1.0
8036,9612,1.0
8037,13701,1.0
8038,9125,1.0
8038,10968,1.0
8039,8040,1.0
8039,10339,1.0
8039,14118,1.0
8040,10134,1.0
8042,8043,1.0
8042,17041,1.0
8042,15158,1.0
8043,9422,1.0
8043,9456,1.0
8045,8046,1.0
8045,13203,1.0
8046,12680,1.0
8047,9058,1.0
8047,17845,1.0
8048,8049,1.0
8048,8835,1.0
8049,14186,1.0
8049,17563,1.0
8050,8051,1.0
8050,8979,1.0
8050,19420,1.0
8051,16786,1.0
8052,8053,1.0
8052,9285,1.0
8052,20991,1.0
8053,13081,1.0
8053,16612,1.0
8053,13846,1.0
8054,13115,1.0
8054,13428,1.0
8055,8056,1.0
8055,11136,1.0
8055,16684,1.0
8055,8436,1.0
8056,8993,1.0
8057,8058,1.0
8057,8355,1.0
8057,14848,1.0
8058,8356,1.0
8058,16367,1.0
8060,11162,1.0
8061,12362,1.0
8061,19126,1.0
8062,12825,1.0
8063,10564,1.0
8063,20670,1.0
8063,20673,1.0
8064,8065,1.0
8064,12454,1.0
8064,17707,1.0
8066,8067,1.0
8066,9388,1.0
8066,8705,1.0
8066,14806,1.0
8067,16540,1.0
8067,8706,1.0
8068,8069,1.0
8068,8700,1.0
8069,12758,1.0
8070,8071,1.0
8070,9387,1.0
8071,11956,1.0
8071,16501,1.0
8071,16780,1.0
8072,19130,1.0
8073,11574,1.0
8074,16014,1.0
8074,14155,1.0
8075,10915,1.0
8075,14522,1.0
8077,8078,1.0
8077,9194,1.0
8077,11314,1.0
8078,13266,1.0
8078,11314,1.0
8078,12422,1.0
8079,8080,1.0
8079,11629,1.0
8079,10307,1.0
8080,12599,1.0
8081,10980,1.0
8081,8664,1.0
8082,15346,1.0
8084,8085,1.0
8085,10509,1.0
8085,14091,1.0
8086,10793,1.0
8086,16015,1.0
8087,11351,1.0
8087,12800,1.0
8088,11887,1.0
8088,16364,1.0
8089,8090,1.0
8089,8383,1.0
8089,10109,1.0
8090,11357,1.0
8090,16545,1.0
8090,8296,1.0
8091,9493,1.0
8091,13776,1.0
8092,10755,1.0
8093,12259,1.0
8093,14886,1.0
8094,8095,1.0
8095,8442,1.0
8095,16084,1.0
8096,8097,1.0
8096,9925,1.0
8097,9893,1.0
8097,14506,1.0
8098,9502,1.0
8098,16023,1.0
8099,9627,1.0
8099,18016,1.0
8100,8101,1.0
8100,16529,1.0
8100,17709,1.0
8102,10371,1.0
8103,17992,1.0
8104,17118,1.0
8104,10791,1.0
8104,12728,1.0
8105,20851,1.0
8105,12680,1.0
8106,8107,1.0
8106,13107,1.0
8106,13335,1.0
8106,9106,1.0
8107,9107,1.0
8107,14165,1.0
8108,8109,1.0
8108,12969,1.0
8110,11853,1.0
8110,12964,1.0
8111,10538,1.0
8112,14616,1.0
8113,10422,1.0
8113,9595,1.0
8114,15922,1.0
8114,18152,1.0
8115,8116,1.0
8115,10802,1.0
8116,8659,1.0
8117,10528,1.0
8117,17853,1.0
8117,11775,1.0
8118,14189,1.0
8119,8120,1.0
8119,12487,1.0
8120,10401,1.0
8120,16213,1.0
8121,8122,1.0
8121,10546,1.0
8121,14675,1.0
8124,12193,1.0
8124,9411,1.0
8125,8774,1.0
8125,13190,1.0
8126,9439,1.0
8128,11296,1.0
8129,8130,1.0
8130,14354,1.0
8130,15463,1.0
8131,8132,1.0
8131,9564,1.0
8131,16327,1.0
8132,14225,1.0
8133,9136,1.0
8134,14923,1.0
8134,17013,1.0
8135,10766,1.0
8136,8137,1.0
8136,9236,1.0
8136,20812,1.0
8137,13396,1.0
8138,11060,1.0
8139,9820,1.0
8139,9986,1.0
8140,12228,1.0
8140,8236,1.0
8140,11612,1.0
8141,8142,1.0
8141,13856,1.0
8141,16097,1.0
8142,10885,1.0
8142,11487,1.0
8142,11149,1.0
8143,16080,1.0
8144,9713,1.0
8144,13034,1.0
8145,15039,1.0
8145,16989,1.0
8147,8148,1.0
8147,10132,1.0
8148,9352,1.0
8148,10132,1.0
8149,9401,1.0
8150,8151,1.0
8150,10529,1.0
8150,12045,1.0
8151,9203,1.0
8151,10406,1.0
8152,8947,1.0
8152,13669,1.0
8153,8154,1.0
8153,10960,1.0
8153,9483,1.0
8154,9034,1.0
8155,13251,1.0
8156,9668,1.0
8157,11239,1.0
8158,9664,1.0
8158,14668,1.0
8159,8160,1.0
8159,15979,1.0
8160,9047,1.0
8160,16031,1.0
8161,19510,1.0
8161,19942,1.0
8162,8163,1.0
8162,13739,1.0
8162,19208,1.0
8163,10210,1.0
8164,8418,1.0
8165,10958,1.0
8167,14299,1.0
8167,13352,1.0
8167,17069,1.0
8168,12171,1.0
8169,8170,1.0
8169,11261,1.0
8170,15032,1.0
8170,8771,1.0
8170,17853,1.0
8171,12404,1.0
8171,11238,1.0
8171,13629,1.0
8173,11113,1.0
8173,16652,1.0
8174,13086,1.0
8174,13194,1.0
8175,8176,1.0
8175,12383,1.0
8176,10202,1.0
8177,10786,1.0
8178,9954,1.0
8178,14644,1.0
8179,8180,1.0
8179,8902,1.0
8181,10558,1.0
8181,16860,1.0
8182,10620,1.0
8182,11172,1.0
8183,9336,1.0
8184,11534,1.0
8184,10272,1.0
8185,13281,1.0
8185,13282,1.0
8186,8187,1.0
8186,9636,1.0
8187,13699,1.0
8188,8189,1.0
8188,9599,1.0
8189,12466,1.0
8189,12695,1.0
8190,13108,1.0
8190,17715,1.0
8192,18141,1.0
8192,19347,1.0
8192,9311,1.0
8193,9999,1.0
8193,11799,1.0
8193,12072,1.0
8194,8719,1.0
8194,13687,1.0
8195,8196,1.0
8195,15161,1.0
8195,21080,1.0
8196,20390,1.0
8196,20391,1.0
8196,21085,1.0
8197,8198,1.0
8197,9070,1.0
8197,10489,1.0
8198,11427,1.0
8199,8200,1.0
8199,14933,1.0
8199,13239,1.0
8200,14933,1.0
8200,16478,1.0
8201,8202,1.0
8201,10905,1.0
8203,8204,1.0
8203,13394,1.0
8204,9149,1.0
8205,8206,1.0
8205,9579,1.0
8206,9144,1.0
8206,13744,1.0
8207,8208,1.0
8207,9549,1.0
8208,17745,1.0
8208,17617,1.0
8209,13385,1.0
8209,19362,1.0
8210,8211,1.0
8211,8778,1.0
8211,14797,1.0
8212,8250,1.0
8212,14426,1.0
8213,13401,1.0
8214,11604,1.0
8214,20873,1.0
8215,8216,1.0
8215,10597,1.0
8216,8255,1.0
8217,9803,1.0
8217,9142,1.0
8218,10106,1.0
8218,10948,1.0
8219,8220,1.0
8219,18228,1.0
8219,19822,1.0
8219,20863,1.0
8221,8222,1.0
8221,13807,1.0
8221,11171,1.0
8222,10133,1.0
8222,13998,1.0
8224,8225,1.0
8224,9982,1.0
8224,13506,1.0
8225,16404,1.0
8225,16410,1.0
8225,9205,1.0
8226,16676,1.0
8226,17043,1.0
8226,11010,1.0
8227,8228,1.0
8227,9350,1.0
8227,10698,1.0
8228,9510,1.0
8228,16392,1.0
8229,8605,1.0
8229,10413,1.0
8230,8231,1.0
8230,11907,1.0
8230,20842,1.0
8231,8538,1.0
8231,9341,1.0
8232,11884,1.0
8233,16919,1.0
8233,16985,1.0
8234,9252,1.0
8234,11408,1.0
8235,11929,1.0
8236,10085,1.0
8236,10792,1.0
8237,9263,1.0
8237,12837,1.0
8238,8260,1.0
8240,9467,1.0
8241,10770,1.0
8242,8243,1.0
8242,9908,1.0
8242,16985,1.0
8243,10217,1.0
8243,11528,1.0
8243,16919,1.0
8245,10055,1.0
8246,8247,1.0
8246,13346,1.0
8246,14777,1.0
8247,8794,1.0
8248,8249,1.0
8248,16018,1.0
8248,16074,1.0
8248,17933,1.0
8249,12156,1.0
8250,8251,1.0
8251,10473,1.0
8251,13798,1.0
8252,8253,1.0
8253,13906,1.0
8253,20415,1.0
8253,11912,1.0
8254,8255,1.0
8254,10942,1.0
8255,9401,1.0
8256,8257,1.0
8256,9421,1.0
8256,11532,1.0
8256,12366,1.0
8257,9654,1.0
8257,11843,1.0
8259,8260,1.0
8259,12193,1.0
8259,9367,1.0
8261,16717,1.0
8261,12626,1.0
8262,8263,1.0
8263,11944,1.0
8264,10048,1.0
8264,12409,1.0
8265,9854,1.0
8265,18251,1.0
8266,8865,1.0
8266,13663,1.0
8267,8633,1.0
8267,9225,1.0
8267,10740,1.0
8268,8269,1.0
8268,14110,1.0
8268,12972,1.0
8270,12576,1.0
8270,11707,1.0
8270,11829,1.0
8271,8272,1.0
8272,20443,1.0
8273,11307,1.0
8273,8800,1.0
8273,18000,1.0
8274,8275,1.0
8274,16581,1.0
8275,9467,1.0
8276,8277,1.0
8276,12227,1.0
8276,8476,1.0
8278,8279,1.0
8278,8895,1.0
8278,10647,1.0
8278,8783,1.0
8279,14647,1.0
8279,11750,1.0
8280,8281,1.0
8280,11765,1.0
8280,19935,1.0
8281,8584,1.0
8281,9169,1.0
8282,13428,1.0
8282,14344,1.0
8283,8284,1.0
8283,11029,1.0
8283,13124,1.0
8284,9357,1.0
8285,9115,1.0
8285,12259,1.0
8286,8287,1.0
8286,17589,1.0
8286,17586,1.0
8287,12560,1.0
8287,14836,1.0
8288,8558,1.0
8288,13489,1.0
8289,8290,1.0
8289,11697,1.0
8289,12243,1.0
8290,13234,1.0
8290,10558,1.0
8291,8292,1.0
8291,12595,1.0
8293,13411,1.0
8294,17120,1.0
8295,13839,1.0
8297,10306,1.0
8297,11106,1.0
8298,9271,1.0
8298,11492,1.0
8299,9633,1.0
8299,15275,1.0
8300,16128,1.0
8300,18128,1.0
8301,8302,1.0
8301,18874,1.0
8301,18637,1.0
8301,19980,1.0
8302,9753,1.0
8303,8809,1.0
8305,8306,1.0
8305,14142,1.0
8305,16629,1.0
8306,9225,1.0
8307,8308,1.0
8307,12063,1.0
8307,20582,1.0
8308,13360,1.0
8308,10382,1.0
8308,12024,1.0
8310,8313,1.0
8310,15938,1.0
8311,8312,1.0
8311,13676,1.0
8311,16421,1.0
8312,9524,1.0
8312,12550,1.0
8312,11939,1.0
8313,12471,1.0
8313,15970,1.0
8314,8315,1.0
8314,17640,1.0
8316,8317,1.0
8316,14969,1.0
8316,12369,1.0
8319,11674,1.0
8319,8765,1.0
8319,15715,1.0
8321,8322,1.0
8321,10348,1.0
8322,13563,1.0
8322,9139,1.0
8323,8324,1.0
8325,17636,1.0
8325,15877,1.0
8327,15956,1.0
8327,9733,1.0
8328,9946,1.0
8328,9218,1.0
8329,8330,1.0
8329,16507,1.0
8330,10522,1.0
8330,19240,1.0
8331,8332,1.0
8331,14532,1.0
8332,10838,1.0
8332,14532,1.0
8334,11682,1.0
8334,17290,1.0
8334,20442,1.0
8335,8336,1.0
8335,8878,1.0
8336,8880,1.0
8336,9164,1.0
8337,11341,1.0
8337,10311,1.0
8338,8339,1.0
8338,10494,1.0
8340,11061,1.0
8341,8342,1.0
8342,16343,1.0
8342,20958,1.0
8343,9187,1.0
8345,16743,1.0
8346,8347,1.0
8346,8579,1.0
8346,17850,1.0
8347,11415,1.0
8349,14184,1.0
8350,12970,1.0
8351,15980,1.0
8351,18118,1.0
8352,8863,1.0
8352,11165,1.0
8353,9692,1.0
8354,10155,1.0
8355,8356,1.0
8355,14203,1.0
8356,12028,1.0
8357,14616,1.0
8357,15924,1.0
8358,13179,1.0
8359,8360,1.0
8359,16497,1.0
8359,8796,1.0
8361,10220,1.0
8363,14872,1.0
8363,13806,1.0
8364,14304,1.0
8364,13718,1.0
8365,9315,1.0
8366,13548,1.0
8366,12992,1.0
8368,8369,1.0
8369,17917,1.0
8369,17621,1.0
8370,8493,1.0
8370,16330,1.0
8370,12213,1.0
8370,12339,1.0
8371,8372,1.0
8372,15149,1.0
8372,17759,1.0
8375,9449,1.0
8375,13832,1.0
8376,8377,1.0
8376,12537,1.0
8376,14135,1.0
8376,13343,1.0
8377,11222,1.0
8377,12427,1.0
8379,8380,1.0
8379,12995,1.0
8379,12943,1.0
8380,17028,1.0
8381,9130,1.0
8381,19540,1.0
8381,20347,1.0
8382,11206,1.0
8382,12525,1.0
8382,14398,1.0
8383,16545,1.0
8384,11542,1.0
8385,8386,1.0
8385,11457,1.0
8385,12407,1.0
8386,10371,1.0
8387,16581,1.0
8387,10521,1.0
8388,16976,1.0
8388,10194,1.0
8390,8391,1.0
8390,13080,1.0
8392,8393,1.0
8392,13839,1.0
8394,11523,1.0
8394,12726,1.0
8396,8397,1.0
8396,16678,1.0
8396,19301,1.0
8396,17023,1.0
8397,16692,1.0
8397,16911,1.0
8398,10212,1.0
8398,13223,1.0
8399,8400,1.0
8399,11051,1.0
8399,11962,1.0
8399,10415,1.0
8400,10416,1.0
8400,12747,1.0
8401,17268,1.0
8401,15338,1.0
8402,10699,1.0
8402,12439,1.0
8402,9110,1.0
8403,8404,1.0
8404,13736,1.0
8405,9037,1.0
8406,8407,1.0
8406,9846,1.0
8407,9972,1.0
8407,9845,1.0
8408,9407,1.0
8409,8410,1.0
8409,8809,1.0
8409,11520,1.0
8411,10665,1.0
8412,8413,1.0
8412,8817,1.0
8412,8748,1.0
8413,11659,1.0
8413,13630,1.0
8414,8415,1.0
8414,8974,1.0
8414,10773,1.0
8415,11117,1.0
8417,8922,1.0
8417,13024,1.0
8418,9826,1.0
8419,13938,1.0
8420,19238,1.0
8420,20826,1.0
8421,8422,1.0
8423,8881,1.0
8424,8425,1.0
8424,9739,1.0
8425,9740,1.0
8425,8603,1.0
8425,11925,1.0
8427,19983,1.0
8428,8429,1.0
8428,13379,1.0
8431,8432,1.0
8431,8814,1.0
8431,13081,1.0
8432,12388,1.0
8433,8434,1.0
8433,12930,1.0
8433,14100,1.0
8434,13205,1.0
8434,14532,1.0
8436,13398,1.0
8436,16391,1.0
8437,12819,1.0
8437,11631,1.0
8437,17294,1.0
8438,8439,1.0
8438,12602,1.0
8438,14366,1.0
8440,8870,1.0
8440,18115,1.0
8441,8442,1.0
8442,14070,1.0
8443,8444,1.0
8443,15529,1.0
8443,12864,1.0
8445,8446,1.0
8445,12944,1.0
8445,11430,1.0
8446,16074,1.0
8446,16138,1.0
8446,13000,1.0
8448,14738,1.0
8448,13880,1.0
8449,13556,1.0
8449,12322,1.0
8450,8451,1.0
8451,9447,1.0
8451,14475,1.0
8452,9888,1.0
8452,16676,1.0
8453,10851,1.0
8453,12185,1.0
8454,8455,1.0
8454,11570,1.0
8456,8457,1.0
8456,14003,1.0
8456,17456,1.0
8457,14887,1.0
8458,9408,1.0
8459,10353,1.0
8460,8461,1.0
8460,10604,1.0
8460,14087,1.0
8463,8464,1.0
8463,14918,1.0
8464,15451,1.0
8464,12426,1.0
8464,20408,1.0
8465,9173,1.0
8465,12674,1.0
8467,15110,1.0
8467,16121,1.0
8468,17777,1.0
8468,11944,1.0
8469,8470,1.0
8470,9228,1.0
8470,11769,1.0
8471,8472,1.0
8471,13195,1.0
8473,11243,1.0
8475,8476,1.0
8476,15303,1.0
8477,10830,1.0
8477,9697,1.0
8478,11227,1.0
8478,10781,1.0
8479,8480,1.0
8479,16383,1.0
8481,8482,1.0
8481,10564,1.0
8482,14944,1.0
8482,16987,1.0
8482,20669,1.0
8484,10989,1.0
8484,11459,1.0
8484,12291,1.0
8485,8486,1.0
8485,12137,1.0
8485,10508,1.0
8486,10532,1.0
8486,14481,1.0
8487,16416,1.0
8488,8489,1.0
8488,15548,1.0
8488,16323,1.0
8489,12235,1.0
8489,17973,1.0
8490,8491,1.0
8490,9029,1.0
8491,15092,1.0
8491,9030,1.0
8492,8493,1.0
8492,18516,1.0
8493,9666,1.0
8494,8495,1.0
8496,8932,1.0
8497,16540,1.0
8497,13575,1.0
8498,8566,1.0
8498,9586,1.0
8498,11622,1.0
8499,11897,1.0
8500,8501,1.0
8501,9016,1.0
8501,11032,1.0
8502,8707,1.0
8503,10662,1.0
8503,12480,1.0
8504,12111,1.0
8504,10801,1.0
8505,16441,1.0
8505,9663,1.0
8506,9755,1.0
8507,12455,1.0
8507,11027,1.0
8508,8726,1.0
8508,13781,1.0
8509,10542,1.0
8509,14410,1.0
8509,20592,1.0
8510,16416,1.0
8510,20825,1.0
8511,8512,1.0
8512,12449,1.0
8513,8514,1.0
8514,12978,1.0
8515,8516,1.0
8516,10226,1.0
8517,15230,1.0
8518,8519,1.0
8518,12340,1.0
8519,20602,1.0
8519,8803,1.0
8520,8521,1.0
8520,14738,1.0
8520,17717,1.0
8523,8524,1.0
8523,13645,1.0
8523,16689,1.0
8523,12809,1.0
8524,10376,1.0
8525,11377,1.0
8526,14721,1.0
8527,11570,1.0
8528,9058,1.0
8528,13402,1.0
8529,8530,1.0
8529,8597,1.0
8529,9821,1.0
8530,9550,1.0
8530,17066,1.0
8531,15750,1.0
8532,8533,1.0
8532,9497,1.0
8533,12149,1.0
8534,8535,1.0
8534,12064,1.0
8534,19563,1.0
8534,9551,1.0
8535,12065,1.0
8535,16604,1.0
8535,17628,1.0
8536,8537,1.0
8537,15193,1.0
8538,11519,1.0
8539,12910,1.0
8539,8599,1.0
8540,15332,1.0
8540,13431,1.0
8541,8542,1.0
8543,8989,1.0
8543,12364,1.0
8544,8545,1.0
8546,8547,1.0
8546,9325,1.0
8546,10995,1.0
8547,12061,1.0
8547,16659,1.0
8548,8549,1.0
8548,9860,1.0
8548,11656,1.0
8549,11640,1.0
8549,16395,1.0
8549,10807,1.0
8550,8551,1.0
8550,10339,1.0
8550,14760,1.0
8551,10749,1.0
8551,15310,1.0
8552,9444,1.0
8552,14080,1.0
8552,9223,1.0
8553,10122,1.0
8553,11179,1.0
8554,9339,1.0
8554,17227,1.0
8555,8556,1.0
8555,13862,1.0
8556,12046,1.0
8557,10409,1.0
8557,15309,1.0
8558,16391,1.0
8558,13780,1.0
8559,11378,1.0
8559,14805,1.0
8560,8561,1.0
8560,16656,1.0
8561,10680,1.0
8562,8563,1.0
8562,9304,1.0
8562,14668,1.0
8563,10000,1.0
8563,12383,1.0
8564,8565,1.0
8564,11655,1.0
8565,18542,1.0
8565,18356,1.0
8566,10338,1.0
8566,9582,1.0
8566,21177,1.0
8567,8568,1.0
8567,12895,1.0
8567,15605,1.0
8569,12415,1.0
8569,9384,1.0
8570,8571,1.0
8570,9622,1.0
8570,20136,1.0
8571,12354,1.0
8571,19571,1.0
8572,10860,1.0
8572,12161,1.0
8573,10799,1.0
8573,14752,1.0
8574,8575,1.0
8574,10555,1.0
8574,12072,1.0
8574,9272,1.0
8575,11974,1.0
8576,9579,1.0
8577,16815,1.0
8577,16579,1.0
8579,12044,1.0
8580,8581,1.0
8580,10294,1.0
8580,16582,1.0
8581,13119,1.0
8581,13263,1.0
8582,13590,1.0
8582,14536,1.0
8584,16109,1.0
8585,8586,1.0
8587,8588,1.0
8587,9125,1.0
8587,14735,1.0
8589,10107,1.0
8591,10444,1.0
8593,9405,1.0
8593,9261,1.0
8593,10644,1.0
8593,16687,1.0
8594,9691,1.0
8594,11665,1.0
8595,12245,1.0
8596,13674,1.0
8596,12531,1.0
8597,18071,1.0
8599,11299,1.0
8599,13652,1.0
8600,8601,1.0
8601,10733,1.0
8602,8603,1.0
8603,11924,1.0
8604,8888,1.0
8604,11202,1.0
8605,11538,1.0
8605,17652,1.0
8605,9098,1.0
8606,8607,1.0
8606,11560,1.0
8608,13673,1.0
8608,9660,1.0
8609,10701,1.0
8609,12176,1.0
8610,11297,1.0
8611,9965,1.0
8612,8613,1.0
8612,9896,1.0
8612,8959,1.0
8614,8615,1.0
8614,8901,1.0
8614,16467,1.0
8615,10141,1.0
8617,8618,1.0
8617,10671,1.0
8617,10468,1.0
8619,9981,1.0
8620,10926,1.0
8620,11490,1.0
8621,8622,1.0
8621,16503,1.0
8621,16765,1.0
8622,12368,1.0
8625,8626,1.0
8625,20626,1.0
8625,9500,1.0
8626,14724,1.0
8628,8629,1.0
8628,11008,1.0
8628,12577,1.0
8629,12578,1.0
8629,11009,1.0
8630,12491,1.0
8631,8632,1.0
8631,10851,1.0
8633,8883,1.0
8634,8635,1.0
8635,10407,1.0
8636,8637,1.0
8636,18281,1.0
8637,18142,1.0
8638,11631,1.0
8638,13939,1.0
8638,13462,1.0
8639,8640,1.0
8639,13140,1.0
8639,9710,1.0
8640,9710,1.0
8640,9368,1.0
8641,13029,1.0
8641,14415,1.0
8641,12945,1.0
8642,8643,1.0
8642,12508,1.0
8642,11709,1.0
8642,19241,1.0
8644,14811,1.0
8645,10236,1.0
8645,9791,1.0
8646,8647,1.0
8646,12439,1.0
8646,16602,1.0
8647,9302,1.0
8647,13874,1.0
8648,8649,1.0
8648,11714,1.0
8648,11267,1.0
8649,8887,1.0
8650,14402,1.0
8650,17924,1.0
8651,11192,1.0
8651,11323,1.0
8652,8653,1.0
8652,10186,1.0
8652,13954,1.0
8653,9021,1.0
8654,8655,1.0
8654,11721,1.0
8654,17001,1.0
8656,8657,1.0
8656,10153,1.0
8656,10070,1.0
8659,10802,1.0
8659,13043,1.0
8660,8661,1.0
8660,13620,1.0
8660,16436,1.0
8662,8663,1.0
8663,11582,1.0
8663,11910,1.0
8664,8665,1.0
8664,17110,1.0
8665,10804,1.0
8666,16779,1.0
8666,11697,1.0
8668,18310,1.0
8668,16930,1.0
8668,9994,1.0
8669,14018,1.0
8669,10154,1.0
8669,19375,1.0
8670,8671,1.0
8670,18487,1.0
8671,13200,1.0
8671,18488,1.0
8671,11380,1.0
8672,10280,1.0
8672,12070,1.0
8673,11019,1.0
8673,9725,1.0
8673,10224,1.0
8674,11397,1.0
8675,11788,1.0
8676,13976,1.0
8677,10356,1.0
8677,18800,1.0
8678,9297,1.0
8679,8680,1.0
8679,10015,1.0
8679,11410,1.0
8680,11573,1.0
8680,17943,1.0
8681,11919,1.0
8681,12052,1.0
8682,9167,1.0
8682,10936,1.0
8683,8684,1.0
8683,18207,1.0
8683,19323,1.0
8684,15105,1.0
8684,12239,1.0
8684,14322,1.0
8685,9758,1.0
8685,12775,1.0
8686,13895,1.0
8686,13999,1.0
8686,10004,1.0
8687,10746,1.0
8688,13433,1.0
8689,8690,1.0
8690,13271,1.0
8691,8692,1.0
8691,9706,1.0
8691,12216,1.0
8693,16426,1.0
8694,8695,1.0
8694,10433,1.0
8694,12384,1.0
8695,12128,1.0
8695,18152,1.0
8696,12711,1.0
8697,8698,1.0
8698,10565,1.0
8698,16947,1.0
8699,8700,1.0
8700,10755,1.0
8701,8702,1.0
8702,16166,1.0
8702,20713,1.0
8703,12469,1.0
8703,13526,1.0
8704,9642,1.0
8704,14098,1.0
8704,17579,1.0
8705,8706,1.0
8705,10016,1.0
8705,12000,1.0
8706,9584,1.0
8708,12263,1.0
8708,9844,1.0
8708,11959,1.0
8709,20601,1.0
8710,8711,1.0
8710,10163,1.0
8710,21053,1.0
8710,21055,1.0
8711,9057,1.0
8711,10091,1.0
8713,9150,1.0
8713,10265,1.0
8714,8715,1.0
8714,11237,1.0
8714,14629,1.0
8715,10418,1.0
8715,9452,1.0
8718,8719,1.0
8718,9650,1.0
8720,8721,1.0
8720,9129,1.0
8721,13211,1.0
8722,8723,1.0
8722,12786,1.0
8722,11855,1.0
8722,20912,1.0
8723,18018,1.0
8723,16842,1.0
8724,8964,1.0
8724,11584,1.0
8725,11624,1.0
8726,10118,1.0
8727,12573,1.0
8728,9665,1.0
8728,10442,1.0
8729,11092,1.0
8729,11082,1.0
8730,8731,1.0
8730,14707,1.0
8732,8733,1.0
8733,11030,1.0
8733,13597,1.0
8734,8735,1.0
8734,12403,1.0
8734,10867,1.0
8734,14970,1.0
8735,15802,1.0
8735,21113,1.0
8737,11561,1.0
8737,19049,1.0
8738,9541,1.0
8738,12572,1.0
8739,8740,1.0
8740,10522,1.0
8740,11922,1.0
8741,8742,1.0
8741,11476,1.0
8742,13797,1.0
8744,8745,1.0
8744,18011,1.0
8744,16767,1.0
8745,9176,1.0
8746,9063,1.0
8746,13523,1.0
8747,9208,1.0
8747,13106,1.0
8747,9331,1.0
8748,14088,1.0
8749,9855,1.0
8750,9939,1.0
8750,16403,1.0
8751,10017,1.0
8752,17036,1.0
8753,13277,1.0
8754,8755,1.0
8754,9188,1.0
8754,10351,1.0
8754,13038,1.0
8755,14301,1.0
8755,12431,1.0
8757,10453,1.0
8758,8759,1.0
8758,18123,1.0
8761,14791,1.0
8762,12976,1.0
8762,8777,1.0
8763,9086,1.0
8763,11586,1.0
8763,9830,1.0
8764,13433,1.0
8765,11510,1.0
8765,9927,1.0
8766,8767,1.0
8766,11920,1.0
8767,10262,1.0
8768,8769,1.0
8768,9012,1.0
8768,14782,1.0
8769,14372,1.0
8770,11536,1.0
8771,12195,1.0
8773,11678,1.0
8773,15620,1.0
8774,15539,1.0
8774,13191,1.0
8774,9587,1.0
8775,14463,1.0
8775,12115,1.0
8776,8777,1.0
8776,12445,1.0
8776,11445,1.0
8776,10840,1.0
8777,12301,1.0
8778,13443,1.0
8779,8780,1.0
8780,11326,1.0
8781,8782,1.0
8782,15239,1.0
8783,8784,1.0
8783,17708,1.0
8784,10107,1.0
8785,15947,1.0
8785,17418,1.0
8787,10636,1.0
8787,10088,1.0
8787,16140,1.0
8788,15506,1.0
8788,15512,1.0
8789,14548,1.0
8790,16302,1.0
8791,12600,1.0
8791,16371,1.0
8791,11023,1.0
8792,10642,1.0
8793,8794,1.0
8793,13821,1.0
8794,10640,1.0
8795,12435,1.0
8795,9516,1.0
8797,15832,1.0
8798,12290,1.0
8799,8800,1.0
8799,8969,1.0
8799,12073,1.0
8799,9836,1.0
8800,16486,1.0
8800,16976,1.0
8801,10574,1.0
8801,15014,1.0
8801,18529,1.0
8801,17861,1.0
8801,12985,1.0
8802,9271,1.0
8802,11492,1.0
8802,9724,1.0
8803,9549,1.0
8804,8805,1.0
8804,12486,1.0
8805,10730,1.0
8805,15717,1.0
8807,8808,1.0
8807,20698,1.0
8808,15169,1.0
8808,14173,1.0
8808,19896,1.0
8809,12996,1.0
8810,8811,1.0
8811,10967,1.0
8811,14208,1.0
8812,8813,1.0
8812,13384,1.0
8812,14779,1.0
8813,20544,1.0
8813,14193,1.0
8814,12388,1.0
8815,16870,1.0
8815,8987,1.0
8817,10200,1.0
8817,10288,1.0
8817,11659,1.0
8818,11796,1.0
8818,14237,1.0
8819,8820,1.0
8819,16346,1.0
8819,16471,1.0
8820,11143,1.0
8821,11085,1.0
8821,11909,1.0
8821,16429,1.0
8821,15851,1.0
8822,8823,1.0
8822,10805,1.0
8822,16203,1.0
8823,20585,1.0
8825,8826,1.0
8825,10076,1.0
8825,14970,1.0
8827,8828,1.0
8827,15754,1.0
8827,10868,1.0
8829,19690,1.0
8829,12974,1.0
8830,13394,1.0
8830,19198,1.0
8831,12968,1.0
8831,17692,1.0
8832,8833,1.0
8832,13779,1.0
8833,13471,1.0
8834,14863,1.0
8835,10938,1.0
8836,13760,1.0
8837,13681,1.0
8837,17658,1.0
8838,8839,1.0
8838,14503,1.0
8838,19484,1.0
8839,13323,1.0
8840,10549,1.0
8841,17845,1.0
8841,16719,1.0
8842,11628,1.0
8843,8844,1.0
8843,12081,1.0
8843,20958,1.0
8845,8846,1.0
8846,10245,1.0
8846,9913,1.0
8846,17010,1.0
8846,20785,1.0
8849,15098,1.0
8849,15218,1.0
8849,13280,1.0
8850,9318,1.0
8851,8852,1.0
8851,10238,1.0
8852,10425,1.0
8853,8854,1.0
8853,16214,1.0
8854,16238,1.0
8854,18431,1.0
8855,9328,1.0
8856,10341,1.0
8858,9558,1.0
8858,13265,1.0
8858,15030,1.0
8858,13168,1.0
8858,20079,1.0
8859,8860,1.0
8859,14355,1.0
8860,12407,1.0
8860,16344,1.0
8860,11456,1.0
8861,13941,1.0
8861,10137,1.0
8862,8863,1.0
8862,13541,1.0
8862,11302,1.0
8863,9998,1.0
8864,13385,1.0
8865,8866,1.0
8868,18854,1.0
8868,12516,1.0
8869,17419,1.0
8871,9133,1.0
8871,15125,1.0
8872,12813,1.0
8873,13554,1.0
8874,13348,1.0
8874,16657,1.0
8875,8876,1.0
8875,16648,1.0
8875,11238,1.0
8876,16518,1.0
8876,9936,1.0
8877,10587,1.0
8877,8889,1.0
8878,8879,1.0
8878,9164,1.0
8879,12462,1.0
8880,14038,1.0
8881,12356,1.0
8881,13961,1.0
8884,10092,1.0
8884,11092,1.0
8885,14168,1.0
8885,10535,1.0
8886,8887,1.0
8886,11714,1.0
8889,8890,1.0
8889,15270,1.0
8889,15290,1.0
8890,13272,1.0
8890,15266,1.0
8891,16395,1.0
8891,16935,1.0
8891,17554,1.0
8891,12652,1.0
8892,13453,1.0
8892,18203,1.0
8893,8894,1.0
8893,10579,1.0
8893,10688,1.0
8894,19994,1.0
8894,20207,1.0
8896,11325,1.0
8897,9618,1.0
8897,10544,1.0
8899,10056,1.0
8899,11634,1.0
8900,8901,1.0
8900,11161,1.0
8901,13885,1.0
8903,8904,1.0
8903,13727,1.0
8904,14940,1.0
8904,14969,1.0
8905,17058,1.0
8905,9605,1.0
8906,10678,1.0
8907,16595,1.0
8908,8909,1.0
8908,17988,1.0
8910,9187,1.0
8910,10262,1.0
8911,10044,1.0
8911,10547,1.0
8912,8913,1.0
8912,9427,1.0
8912,12317,1.0
8913,13463,1.0
8913,16244,1.0
8916,8917,1.0
8916,9798,1.0
8916,12170,1.0
8917,9342,1.0
8917,9883,1.0
8920,8921,1.0
8920,10810,1.0
8921,19490,1.0
8921,19494,1.0
8924,14467,1.0
8924,14494,1.0
8925,8926,1.0
8925,13205,1.0
8926,11786,1.0
8926,11465,1.0
8927,8928,1.0
8928,9997,1.0
8928,12960,1.0
8929,8930,1.0
8931,8932,1.0
8931,12655,1.0
8932,11347,1.0
8932,14282,1.0
8933,10808,1.0
8934,8935,1.0
8934,10130,1.0
8934,14869,1.0
8936,8937,1.0
8936,12484,1.0
8936,10133,1.0
8937,13172,1.0
8937,15772,1.0
8937,16179,1.0
8937,9373,1.0
8938,10650,1.0
8939,8940,1.0
8939,9584,1.0
8939,16527,1.0
8939,13863,1.0
8941,8942,1.0
8941,12231,1.0
8941,9572,1.0
8942,16063,1.0
8942,18285,1.0
8944,14167,1.0
8944,20805,1.0
8945,13477,1.0
8945,10044,1.0
8946,8947,1.0
8946,11210,1.0
8947,9623,1.0
8947,17082,1.0
8952,19156,1.0
8953,9824,1.0
8953,11448,1.0
8953,20510,1.0
8954,8955,1.0
8954,10589,1.0
8954,18317,1.0
8955,14709,1.0
8956,8957,1.0
8958,14298,1.0
8959,11267,1.0
8960,8961,1.0
8960,13097,1.0
8960,20776,1.0
8962,8963,1.0
8962,13201,1.0
8962,20169,1.0
8963,14448,1.0
8963,17966,1.0
8964,10790,1.0
8965,8966,1.0
8966,12763,1.0
8969,12595,1.0
8969,16486,1.0
8970,8971,1.0
8971,10371,1.0
8973,13661,1.0
8974,16434,1.0
8974,14516,1.0
8976,13439,1.0
8976,13718,1.0
8977,8978,1.0
8977,21127,1.0
8978,21128,1.0
8979,10241,1.0
8979,11673,1.0
8980,12111,1.0
8980,14515,1.0
8980,11214,1.0
8981,9126,1.0
8982,9070,1.0
8982,10489,1.0
8983,11943,1.0
8985,9595,1.0
8987,14505,1.0
8989,13889,1.0
8989,14626,1.0
8990,8991,1.0
8990,18317,1.0
8991,12549,1.0
8991,17670,1.0
8992,10527,1.0
8992,14562,1.0
8993,8994,1.0
8993,16684,1.0
8994,10615,1.0
8994,15556,1.0
8995,10363,1.0
8995,10497,1.0
8996,13969,1.0
8998,11155,1.0
9000,13921,1.0
9000,13008,1.0
9002,9991,1.0
9002,11128,1.0
9003,9004,1.0
9005,12319,1.0
9006,16506,1.0
9006,15344,1.0
9007,9008,1.0
9007,16938,1.0
9007,14215,1.0
9008,13732,1.0
9008,12476,1.0
9009,14776,1.0
9009,17673,1.0
9010,17020,1.0
9012,11313,1.0
9013,9995,1.0
9013,10852,1.0
9014,20146,1.0
9015,10386,1.0
9016,9017,1.0
9016,10669,1.0
9017,9531,1.0
9017,10523,1.0
9017,17072,1.0
9018,9019,1.0
9019,11762,1.0
9020,9825,1.0
9020,9243,1.0
9020,16453,1.0
9021,12078,1.0
9021,10186,1.0
9022,9023,1.0
9024,13420,1.0
9024,12165,1.0
9029,9030,1.0
9030,13703,1.0
9031,13905,1.0
9031,12443,1.0
9031,10982,1.0
9032,13672,1.0
9032,14505,1.0
9033,16929,1.0
9033,10628,1.0
9035,9036,1.0
9035,12969,1.0
9035,17109,1.0
9037,9038,1.0
9039,9235,1.0
9039,11994,1.0
9040,9041,1.0
9040,14068,1.0
9041,9553,1.0
9042,16714,1.0
9043,13334,1.0
9043,17453,1.0
9044,9045,1.0
9045,13100,1.0
9046,11734,1.0
9046,9174,1.0
9047,11787,1.0
9049,9050,1.0
9049,11899,1.0
9049,15605,1.0
9049,15614,1.0
9051,16966,1.0
9052,9053,1.0
9052,10735,1.0
9053,13434,1.0
9053,17652,1.0
9054,11829,1.0
9054,14119,1.0
9054,12417,1.0
9055,9056,1.0
9057,20961,1.0
9058,18530,1.0
9059,9060,1.0
9059,11079,1.0
9059,10101,1.0
9059,19982,1.0
9061,9062,1.0
9061,13149,1.0
9062,17733,1.0
9062,13078,1.0
9063,13462,1.0
9065,9066,1.0
9065,15905,1.0
9065,15795,1.0
9066,15795,1.0
9066,16177,1.0
9066,17399,1.0
9067,9334,1.0
9067,11097,1.0
9067,16399,1.0
9068,9069,1.0
9069,12442,1.0
9071,9072,1.0
9071,20303,1.0
9072,12618,1.0
9072,13238,1.0
9073,9074,1.0
9073,11388,1.0
9073,16348,1.0
9074,11774,1.0
9074,12049,1.0
9074,11797,1.0
9075,13107,1.0
9075,12664,1.0
9076,9077,1.0
9076,10479,1.0
9078,9079,1.0
9078,13473,1.0
9079,10714,1.0
9079,11800,1.0
9080,15462,1.0
9080,16594,1.0
9080,18416,1.0
9080,18415,1.0
9080,19207,1.0
9081,9082,1.0
9081,16114,1.0
9081,11568,1.0
9083,9084,1.0
9083,10176,1.0
9083,14626,1.0
9086,13570,1.0
9086,14393,1.0
9086,20775,1.0
9087,9088,1.0
9087,10378,1.0
9087,9662,1.0
9088,10001,1.0
9088,10777,1.0
9090,12770,1.0
9090,14683,1.0
9091,10195,1.0
9091,19340,1.0
9091,21045,1.0
9093,13298,1.0
9093,9608,1.0
9094,9095,1.0
9094,10854,1.0
9094,11458,1.0
9095,19996,1.0
9096,9097,1.0
9096,10902,1.0
9096,13676,1.0
9097,11939,1.0
9097,13362,1.0
9097,13676,1.0
9098,18527,1.0
9099,9183,1.0
9099,9673,1.0
9100,9101,1.0
9101,13435,1.0
9102,9103,1.0
9102,16501,1.0
9102,11956,1.0
9102,20783,1.0
9103,18151,1.0
9103,16531,1.0
9104,11005,1.0
9104,13620,1.0
9105,14224,1.0
9105,13811,1.0
9106,9107,1.0
9106,12664,1.0
9106,10279,1.0
9107,10923,1.0
9108,9109,1.0
9108,12507,1.0
9108,16400,1.0
9109,12013,1.0
9109,13166,1.0
9110,9111,1.0
9110,12434,1.0
9111,10699,1.0
9112,20346,1.0
9113,9114,1.0
9114,15828,1.0
9115,9116,1.0
9115,12765,1.0
9116,11053,1.0
9117,13088,1.0
9119,18302,1.0
9120,9121,1.0
9120,9766,1.0
9120,20188,1.0
9120,20074,1.0
9121,10334,1.0
9121,13688,1.0
9122,9123,1.0
9122,11873,1.0
9123,9157,1.0
9124,14651,1.0
9125,13564,1.0
9127,9128,1.0
9127,16640,1.0
9127,16602,1.0
9128,16417,1.0
9128,17970,1.0
9129,9130,1.0
9129,9696,1.0
9131,14069,1.0
9131,17405,1.0
9132,10612,1.0
9133,9134,1.0
9133,13052,1.0
9133,15189,1.0
9134,13252,1.0
9135,9136,1.0
9135,11679,1.0
9135,11553,1.0
9136,20957,1.0
9137,19987,1.0
9138,18378,1.0
9140,9603,1.0
9140,11452,1.0
9140,16675,1.0
9142,10274,1.0
9143,9309,1.0
9143,15445,1.0
9145,12873,1.0
9146,15160,1.0
9147,9148,1.0
9147,16437,1.0
9147,20193,1.0
9149,13182,1.0
9150,12048,1.0
9151,12818,1.0
9151,11220,1.0
9152,9732,1.0
9152,13666,1.0
9153,11429,1.0
9153,14016,1.0
9154,18001,1.0
9155,9156,1.0
9155,10676,1.0
9155,10623,1.0
9155,9607,1.0
9156,9179,1.0
9156,13269,1.0
9157,9158,1.0
9158,15714,1.0
9159,9160,1.0
9159,17876,1.0
9160,17139,1.0
9160,17176,1.0
9161,9378,1.0
9161,10197,1.0
9161,17974,1.0
9162,14292,1.0
9163,10514,1.0
9163,13350,1.0
9164,12462,1.0
9165,9166,1.0
9165,10207,1.0
9167,12247,1.0
9167,11305,1.0
9168,16135,1.0
9168,16089,1.0
9169,16073,1.0
9169,16109,1.0
9170,9171,1.0
9171,10289,1.0
9171,12342,1.0
9172,11502,1.0
9172,16340,1.0
9173,9323,1.0
9174,11154,1.0
9174,16553,1.0
9175,9176,1.0
9175,16767,1.0
9175,20811,1.0
9176,10782,1.0
9177,16966,1.0
9177,16571,1.0
9178,11177,1.0
9179,13948,1.0
9180,10158,1.0
9180,10652,1.0
9180,11447,1.0
9181,9182,1.0
9181,12453,1.0
9182,11035,1.0
9182,16833,1.0
9183,10060,1.0
9183,13726,1.0
9184,15148,1.0
9184,15603,1.0
9185,9186,1.0
9185,10426,1.0
9186,10024,1.0
9189,12467,1.0
9189,9940,1.0
9189,11738,1.0
9190,12563,1.0
9191,14083,1.0
9191,20108,1.0
9191,13926,1.0
9194,12948,1.0
9195,9196,1.0
9195,16105,1.0
9195,19926,1.0
9196,12581,1.0
9196,10342,1.0
9197,12729,1.0
9198,9199,1.0
9198,14377,1.0
9198,12766,1.0
9200,13539,1.0
9200,14256,1.0
9200,10860,1.0
9201,9202,1.0
9201,16406,1.0
9201,16638,1.0
9202,16252,1.0
9202,19011,1.0
9203,10529,1.0
9203,12191,1.0
9204,18986,1.0
9205,9206,1.0
9205,9780,1.0
9205,12438,1.0
9206,9780,1.0
9206,16568,1.0
9207,11572,1.0
9208,12547,1.0
9209,9210,1.0
9210,11940,1.0
9210,12614,1.0
9211,9395,1.0
9211,16980,1.0
9211,20327,1.0
9212,13242,1.0
9213,9214,1.0
9213,12861,1.0
9213,14914,1.0
9214,9236,1.0
9215,19801,1.0
9216,9217,1.0
9216,11779,1.0
9216,11766,1.0
9217,11766,1.0
9219,9220,1.0
9219,14189,1.0
9219,13250,1.0
9221,15048,1.0
9222,14730,1.0
9222,14903,1.0
9222,11494,1.0
9223,13301,1.0
9223,9444,1.0
9223,15228,1.0
9224,9916,1.0
9224,16791,1.0
9224,19422,1.0
9225,11015,1.0
9228,10385,1.0
9228,16258,1.0
9229,9230,1.0
9229,11638,1.0
9230,10852,1.0
9230,13274,1.0
9231,13785,1.0
9231,15717,1.0
9231,10590,1.0
9232,16793,1.0
9232,14567,1.0
9233,11828,1.0
9233,12007,1.0
9234,9235,1.0
9236,13396,1.0
9237,15123,1.0
9237,9700,1.0
9238,9267,1.0
9239,13839,1.0
9240,11682,1.0
9241,10026,1.0
9241,10014,1.0
9241,10892,1.0
9242,10750,1.0
9242,10842,1.0
9243,9244,1.0
9244,16453,1.0
9245,9354,1.0
9247,13981,1.0
9248,16847,1.0
9248,16856,1.0
9249,13851,1.0
9250,9251,1.0
9250,14441,1.0
9251,12827,1.0
9251,11770,1.0
9252,10368,1.0
9252,16514,1.0
9253,16326,1.0
9254,9255,1.0
9256,9257,1.0
9256,10344,1.0
9257,17728,1.0
9257,19291,1.0
9258,9385,1.0
9258,12333,1.0
9258,9716,1.0
9259,13603,1.0
9259,10108,1.0
9261,11650,1.0
9262,13619,1.0
9264,13046,1.0
9265,9486,1.0
9265,13981,1.0
9266,9418,1.0
9268,9269,1.0
9268,16960,1.0
9269,13915,1.0
9269,16961,1.0
9271,13055,1.0
9275,13830,1.0
9275,17004,1.0
9275,20996,1.0
9277,9278,1.0
9277,14176,1.0
9277,18429,1.0
9277,12278,1.0
9278,15507,1.0
9278,17761,1.0
9279,9280,1.0
9280,15980,1.0
9280,13093,1.0
9281,12248,1.0
9281,15481,1.0
9282,10817,1.0
9282,9544,1.0
9284,14676,1.0
9285,12741,1.0
9287,10711,1.0
9287,13447,1.0
9288,11425,1.0
9288,10131,1.0
9289,11620,1.0
9290,9291,1.0
9290,16934,1.0
9290,16627,1.0
9291,11614,1.0
9292,9293,1.0
9292,17733,1.0
9292,9509,1.0
9293,9509,1.0
9293,13077,1.0
9294,9323,1.0
9295,9296,1.0
9296,11706,1.0
9297,9298,1.0
9297,14726,1.0
9298,17714,1.0
9298,17491,1.0
9299,13127,1.0
9299,15230,1.0
9300,9301,1.0
9300,11260,1.0
9300,12177,1.0
9301,12216,1.0
9301,13705,1.0
9302,12439,1.0
9302,10700,1.0
9303,10378,1.0
9303,19720,1.0
9303,10237,1.0
9305,12959,1.0
9306,9307,1.0
9306,10199,1.0
9308,9968,1.0
9309,12337,1.0
9311,9312,1.0
9313,15039,1.0
9314,12161,1.0
9315,9738,1.0
9316,9317,1.0
9316,10256,1.0
9317,9438,1.0
9319,9320,1.0
9319,10168,1.0
9319,11527,1.0
9320,12288,1.0
9320,20954,1.0
9321,9322,1.0
9321,12968,1.0
9323,13601,1.0
9325,12983,1.0
9326,9327,1.0
9326,9928,1.0
9327,12010,1.0
9327,9927,1.0
9328,9329,1.0
9328,14209,1.0
9329,11818,1.0
9330,16420,1.0
9330,15964,1.0
9331,9332,1.0
9331,12750,1.0
9332,11376,1.0
9333,13160,1.0
9333,13122,1.0
9334,16366,1.0
9335,9336,1.0
9335,11559,1.0
9337,11605,1.0
9337,11395,1.0
9338,9339,1.0
9338,10249,1.0
9338,16932,1.0
9339,10920,1.0
9339,16932,1.0
9340,9341,1.0
9340,9383,1.0
9340,14776,1.0
9341,11519,1.0
9341,11907,1.0
9342,16399,1.0
9342,15395,1.0
9343,13437,1.0
9343,12593,1.0
9344,9345,1.0
9344,13666,1.0
9344,16150,1.0
9345,13957,1.0
9345,13665,1.0
9347,9348,1.0
9347,12645,1.0
9350,10191,1.0
9351,9352,1.0
9351,16517,1.0
9352,11915,1.0
9354,11346,1.0
9354,10186,1.0
9355,18170,1.0
9355,17952,1.0
9355,19151,1.0
9357,20238,1.0
9358,10648,1.0
9359,10754,1.0
9360,12267,1.0
9361,13526,1.0
9362,17075,1.0
9363,17663,1.0
9364,13987,1.0
9364,16765,1.0
9365,11795,1.0
9366,11934,1.0
9366,14257,1.0
9368,17971,1.0
9369,16549,1.0
9369,12369,1.0
9369,9613,1.0
9370,16370,1.0
9370,17017,1.0
9371,9372,1.0
9371,10858,1.0
9371,19190,1.0
9372,13096,1.0
9372,14025,1.0
9372,10340,1.0
9373,9374,1.0
9373,12086,1.0
9373,14847,1.0
9375,11168,1.0
9375,12787,1.0
9375,13850,1.0
9376,11866,1.0
9378,9379,1.0
9378,11298,1.0
9380,9381,1.0
9380,13067,1.0
9380,17893,1.0
9382,11240,1.0
9383,9384,1.0
9383,14723,1.0
9383,11519,1.0
9384,10169,1.0
9384,11840,1.0
9385,16972,1.0
9386,16096,1.0
9386,10131,1.0
9387,19288,1.0
9388,12000,1.0
9388,13304,1.0
9389,10597,1.0
9389,13987,1.0
9390,10537,1.0
9390,10536,1.0
9391,11158,1.0
9393,9394,1.0
9393,14287,1.0
9395,12778,1.0
9395,16369,1.0
9396,17405,1.0
9396,18485,1.0
9397,9398,1.0
9398,18491,1.0
9398,14519,1.0
9398,18671,1.0
9399,14577,1.0
9400,13550,1.0
9400,13156,1.0
9400,16148,1.0
9400,9844,1.0
9402,11276,1.0
9402,13736,1.0
9404,15108,1.0
9405,16687,1.0
9406,14919,1.0
9406,10247,1.0
9407,10383,1.0
9408,11115,1.0
9409,10960,1.0
9411,9412,1.0
9411,16632,1.0
9412,11024,1.0
9415,17392,1.0
9415,17349,1.0
9415,17403,1.0
9416,9417,1.0
9416,14740,1.0
9418,9629,1.0
9418,10288,1.0
9418,11446,1.0
9419,9420,1.0
9419,11314,1.0
9419,13030,1.0
9420,12420,1.0
9420,17273,1.0
9420,12422,1.0
9422,9423,1.0
9423,10656,1.0
9423,12873,1.0
9424,9759,1.0
9424,17388,1.0
9425,9426,1.0
9425,9499,1.0
9426,14826,1.0
9426,14676,1.0
9428,12910,1.0
9429,9430,1.0
9429,14028,1.0
9429,11137,1.0
9431,16904,1.0
9431,16646,1.0
9432,9433,1.0
9432,14906,1.0
9432,10944,1.0
9433,10540,1.0
9434,9435,1.0
9434,10552,1.0
9435,13450,1.0
9436,11941,1.0
9437,17008,1.0
9438,14564,1.0
9439,9723,1.0
9440,16613,1.0
9440,17054,1.0
9441,16345,1.0
9441,16309,1.0
9441,20702,1.0
9442,12959,1.0
9442,11308,1.0
9443,9855,1.0
9443,11829,1.0
9443,12417,1.0
9444,13882,1.0
9445,9446,1.0
9445,10566,1.0
9445,15415,1.0
9445,9756,1.0
9447,13155,1.0
9447,13897,1.0
9447,15574,1.0
9448,9449,1.0
9448,13832,1.0
9450,9498,1.0
9451,9452,1.0
9452,18462,1.0
9453,12509,1.0
9454,9455,1.0
9454,9613,1.0
9455,16549,1.0
9455,16991,1.0
9456,15158,1.0
9456,10656,1.0
9457,16559,1.0
9457,16695,1.0
9458,9459,1.0
9458,11295,1.0
9459,11295,1.0
9459,16662,1.0
9460,16414,1.0
9460,16935,1.0
9461,9462,1.0
9462,17607,1.0
9463,9464,1.0
9463,11857,1.0
9463,11881,1.0
9465,9466,1.0
9465,16924,1.0
9466,13961,1.0
9466,12356,1.0
9467,10521,1.0
9468,9961,1.0
9468,17016,1.0
9469,9470,1.0
9470,13747,1.0
9470,10837,1.0
9472,10947,1.0
9472,11415,1.0
9473,19953,1.0
9473,15955,1.0
9474,15353,1.0
9474,11668,1.0
9475,9476,1.0
9475,15757,1.0
9475,19440,1.0
9477,10255,1.0
9477,10973,1.0
9478,10987,1.0
9478,13436,1.0
9478,14160,1.0
9479,10803,1.0
9479,13075,1.0
9479,13076,1.0
9480,16230,1.0
9481,16586,1.0
9482,12723,1.0
9482,16725,1.0
9483,10959,1.0
9485,9486,1.0
9485,16067,1.0
9485,21201,1.0
9486,11976,1.0
9487,12874,1.0
9487,14694,1.0
9487,10381,1.0
9488,9489,1.0
9489,14646,1.0
9489,16609,1.0
9489,16780,1.0
9490,9491,1.0
9490,17523,1.0
9491,16583,1.0
9491,16918,1.0
9491,11762,1.0
9492,9493,1.0
9492,11311,1.0
9492,13899,1.0
9494,13935,1.0
9496,16346,1.0
9499,13686,1.0
9499,14676,1.0
9500,9501,1.0
9500,9805,1.0
9500,11258,1.0
9503,14112,1.0
9504,9505,1.0
9504,12582,1.0
9504,21063,1.0
9505,12280,1.0
9505,14069,1.0
9506,9507,1.0
9506,16390,1.0
9506,10256,1.0
9507,10256,1.0
9507,14564,1.0
9508,9922,1.0
9508,10811,1.0
9510,12857,1.0
9511,14156,1.0
9511,9709,1.0
9511,15216,1.0
9511,11416,1.0
9512,9513,1.0
9513,10879,1.0
9513,12715,1.0
9513,19041,1.0
9514,10808,1.0
9514,12176,1.0
9515,13586,1.0
9515,12916,1.0
9518,16898,1.0
9518,14036,1.0
9518,15100,1.0
9519,17300,1.0
9520,13625,1.0
9520,12903,1.0
9521,16430,1.0
9521,10335,1.0
9522,12916,1.0
9522,12401,1.0
9523,11555,1.0
9523,13300,1.0
9523,16675,1.0
9524,12912,1.0
9525,10168,1.0
9525,11722,1.0
9526,12810,1.0
9526,10588,1.0
9527,9528,1.0
9527,9704,1.0
9529,16717,1.0
9530,9531,1.0
9532,11813,1.0
9532,13663,1.0
9533,16719,1.0
9533,20850,1.0
9534,9984,1.0
9534,12870,1.0
9535,15856,1.0
9535,17801,1.0
9535,17572,1.0
9536,16366,1.0
9537,16086,1.0
9538,19616,1.0
9539,9540,1.0
9539,11307,1.0
9539,13711,1.0
9540,11777,1.0
9540,12429,1.0
9541,12361,1.0
9542,9625,1.0
9543,9544,1.0
9543,13688,1.0
9544,14455,1.0
9545,13471,1.0
9545,17027,1.0
9546,9547,1.0
9546,10284,1.0
9546,12506,1.0
9547,9872,1.0
9547,12289,1.0
9547,13752,1.0
9549,19432,1.0
9550,9977,1.0
9550,13020,1.0
9551,9552,1.0
9551,16873,1.0
9553,9554,1.0
9554,13808,1.0
9554,12933,1.0
9556,9557,1.0
9557,12275,1.0
9558,9559,1.0
9559,13028,1.0
9559,16991,1.0
9560,10469,1.0
9561,9562,1.0
9561,15107,1.0
9561,17003,1.0
9562,16704,1.0
9562,20803,1.0
9563,13650,1.0
9563,19858,1.0
9564,16636,1.0
9566,13826,1.0
9566,11662,1.0
9567,9568,1.0
9567,11451,1.0
9568,20517,1.0
9569,9570,1.0
9569,16667,1.0
9570,16484,1.0
9570,16674,1.0
9571,9572,1.0
9572,15257,1.0
9573,9574,1.0
9573,9621,1.0
9574,10504,1.0
9574,11605,1.0
9575,9576,1.0
9576,15041,1.0
9576,12715,1.0
9577,9578,1.0
9578,11955,1.0
9578,13098,1.0
9578,20339,1.0
9579,11698,1.0
9580,9581,1.0
9580,10008,1.0
9580,17073,1.0
9580,15682,1.0
9581,11215,1.0
9581,17073,1.0
9582,9715,1.0
9582,21176,1.0
9585,11850,1.0
9586,9587,1.0
9586,21177,1.0
9589,9590,1.0
9589,10957,1.0
9589,11718,1.0
9589,10273,1.0
9590,11470,1.0
9590,13049,1.0
9591,9592,1.0
9591,12455,1.0
9592,10094,1.0
9593,13117,1.0
9593,13382,1.0
9594,9595,1.0
9594,11826,1.0
9594,13644,1.0
9595,13632,1.0
9597,9598,1.0
9597,10742,1.0
9598,13307,1.0
9598,11445,1.0
9598,13859,1.0
9599,12015,1.0
9600,9601,1.0
9600,12160,1.0
9600,19449,1.0
9602,10268,1.0
9603,9604,1.0
9603,16787,1.0
9604,9686,1.0
9604,16788,1.0
9604,16675,1.0
9605,12606,1.0
9606,13012,1.0
9607,9608,1.0
9607,17621,1.0
9609,16475,1.0
9611,9612,1.0
9614,13630,1.0
9614,17722,1.0
9615,14711,1.0
9616,9799,1.0
9616,12532,1.0
9616,12738,1.0
9619,13125,1.0
9619,15179,1.0
9620,14582,1.0
9620,10435,1.0
9621,11605,1.0
9622,11970,1.0
9622,12304,1.0
9622,16570,1.0
9623,13669,1.0
9623,17486,1.0
9623,17497,1.0
9624,9625,1.0
9624,12149,1.0
9624,10447,1.0
9626,11861,1.0
9626,18218,1.0
9627,9628,1.0
9628,13062,1.0
9628,18016,1.0
9628,16832,1.0
9630,9631,1.0
9630,19794,1.0
9631,14260,1.0
9632,14319,1.0
9632,9694,1.0
9633,15272,1.0
9634,9635,1.0
9634,12756,1.0
9634,15200,1.0
9637,9638,1.0
9637,14280,1.0
9639,13099,1.0
9639,15131,1.0
9640,11521,1.0
9641,9642,1.0
9642,12887,1.0
9643,9644,1.0
9643,11387,1.0
9643,20929,1.0
9644,20927,1.0
9644,17581,1.0
9645,16581,1.0
9646,16514,1.0
9646,11394,1.0
9646,11010,1.0
9647,9648,1.0
9647,17103,1.0
9648,16718,1.0
9649,10362,1.0
9651,9652,1.0
9651,13278,1.0
9652,10526,1.0
9654,12907,1.0
9655,13294,1.0
9655,17055,1.0
9656,9657,1.0
9656,10658,1.0
9657,14572,1.0
9659,17334,1.0
9659,15947,1.0
9660,9661,1.0
9661,13673,1.0
9661,12277,1.0
9662,10237,1.0
9663,10000,1.0
9665,10159,1.0
9669,11208,1.0
9670,12297,1.0
9670,21018,1.0
9671,9914,1.0
9671,11911,1.0
9672,9673,1.0
9672,19067,1.0
9673,10060,1.0
9673,13910,1.0
9677,13693,1.0
9678,9679,1.0
9679,12147,1.0
9680,9681,1.0
9680,12339,1.0
9680,9750,1.0
9680,12213,1.0
9681,11439,1.0
9681,16939,1.0
9682,12409,1.0
9683,11068,1.0
9683,17967,1.0
9684,9685,1.0
9684,11782,1.0
9684,11867,1.0
9684,11900,1.0
9686,9687,1.0
9686,16841,1.0
9686,16492,1.0
9687,13932,1.0
9687,16566,1.0
9688,16583,1.0
9688,21102,1.0
9688,20989,1.0
9688,18066,1.0
9689,9690,1.0
9689,10659,1.0
9689,19933,1.0
9690,14531,1.0
9690,16142,1.0
9693,9694,1.0
9693,14002,1.0
9693,13930,1.0
9694,11678,1.0
9695,13780,1.0
9695,20605,1.0
9697,17765,1.0
9698,16716,1.0
9698,16779,1.0
9699,16358,1.0
9701,15213,1.0
9702,10397,1.0
9702,11337,1.0
9703,12684,1.0
9703,16225,1.0
9704,19175,1.0
9706,13705,1.0
9706,20032,1.0
9707,9708,1.0
9707,14434,1.0
9708,13480,1.0
9708,14592,1.0
9709,9710,1.0
9711,9712,1.0
9712,20166,1.0
9712,13811,1.0
9713,11952,1.0
9714,9715,1.0
9714,10371,1.0
9715,10338,1.0
9717,9718,1.0
9717,11689,1.0
9717,17150,1.0
9718,17779,1.0
9718,17038,1.0
9718,16349,1.0
9719,16483,1.0
9720,12453,1.0
9720,12929,1.0
9721,9722,1.0
9721,14596,1.0
9722,9987,1.0
9723,9724,1.0
9723,11492,1.0
9723,16917,1.0
9727,20308,1.0
9727,18523,1.0
9728,10326,1.0
9728,10179,1.0
9728,11383,1.0
9730,9731,1.0
9730,17759,1.0
9730,18134,1.0
9732,12790,1.0
9732,16135,1.0
9733,14964,1.0
9735,15306,1.0
9736,10442,1.0
9737,17187,1.0
9737,17140,1.0
9738,13331,1.0
9739,9740,1.0
9739,20870,1.0
9740,18136,1.0
9741,10549,1.0
9741,13429,1.0
9741,13235,1.0
9742,17273,1.0
9742,17285,1.0
9743,9744,1.0
9743,17046,1.0
9743,14212,1.0
9744,10089,1.0
9744,10098,1.0
9745,15044,1.0
9746,9747,1.0
9746,11333,1.0
9746,15080,1.0
9747,13663,1.0
9747,13945,1.0
9748,14028,1.0
9748,14441,1.0
9750,16939,1.0
9750,16579,1.0
9751,9943,1.0
9751,13126,1.0
9752,9753,1.0
9752,12610,1.0
9752,18686,1.0
9752,19980,1.0
9756,9757,1.0
9756,11881,1.0
9757,11882,1.0
9757,10566,1.0
9757,20912,1.0
9758,13224,1.0
9760,9761,1.0
9760,15435,1.0
9760,15635,1.0
9760,15636,1.0
9761,10293,1.0
9761,14696,1.0
9762,11037,1.0
9762,17417,1.0
9762,11093,1.0
9763,13734,1.0
9764,12652,1.0
9764,16660,1.0
9766,11743,1.0
9769,10396,1.0
9771,9802,1.0
9771,10360,1.0
9772,9773,1.0
9773,16794,1.0
9774,10804,1.0
9774,13726,1.0
9775,12284,1.0
9776,9777,1.0
9776,20677,1.0
9777,17745,1.0
9777,11733,1.0
9778,16812,1.0
9778,12449,1.0
9779,11045,1.0
9780,16351,1.0
9780,19724,1.0
9780,16569,1.0
9781,9782,1.0
9781,12807,1.0
9781,14833,1.0
9781,21142,1.0
9782,11225,1.0
9783,10749,1.0
9783,16163,1.0
9784,11138,1.0
9785,13250,1.0
9785,9937,1.0
9786,9787,1.0
9786,20231,1.0
9787,13366,1.0
9787,14157,1.0
9788,13721,1.0
9788,18767,1.0
9788,18853,1.0
9789,14084,1.0
9790,9791,1.0
9790,10760,1.0
9790,11081,1.0
9791,10761,1.0
9792,13154,1.0
9792,17002,1.0
9793,9794,1.0
9794,12421,1.0
9794,16736,1.0
9794,19365,1.0
9795,13901,1.0
9795,13629,1.0
9797,9798,1.0
9797,12719,1.0
9799,11427,1.0
9799,10270,1.0
9799,14603,1.0
9800,10921,1.0
9801,13056,1.0
9801,13057,1.0
9802,10906,1.0
9802,16926,1.0
9803,9804,1.0
9803,10274,1.0
9803,12981,1.0
9805,11732,1.0
9806,18433,1.0
9807,9808,1.0
9807,14554,1.0
9808,14339,1.0
9808,14425,1.0
9808,14238,1.0
9809,9810,1.0
9809,17277,1.0
9809,17989,1.0
9809,12767,1.0
9810,12014,1.0
9810,13534,1.0
9811,16107,1.0
9811,17414,1.0
9812,11311,1.0
9812,14164,1.0
9812,16740,1.0
9813,11235,1.0
9813,17994,1.0
9815,11491,1.0
9816,9817,1.0
9817,14610,1.0
9818,20305,1.0
9818,13334,1.0
9818,11804,1.0
9820,18430,1.0
9820,20594,1.0
9821,10715,1.0
9821,17066,1.0
9821,16756,1.0
9822,10784,1.0
9822,14776,1.0
9823,14075,1.0
9823,20045,1.0
9825,16452,1.0
9825,14461,1.0
9827,9828,1.0
9827,18511,1.0
9827,13684,1.0
9828,18517,1.0
9829,9830,1.0
9829,11482,1.0
9829,13570,1.0
9829,17460,1.0
9830,16109,1.0
9831,9832,1.0
9832,15068,1.0
9833,13378,1.0
9833,21077,1.0
9836,9837,1.0
9836,12595,1.0
9837,12073,1.0
9838,17573,1.0
9839,17704,1.0
9839,18867,1.0
9839,19611,1.0
9840,9841,1.0
9841,13185,1.0
9843,9844,1.0
9844,13156,1.0
9845,9846,1.0
9846,12998,1.0
9847,11628,1.0
9847,12145,1.0
9848,12589,1.0
9849,9850,1.0
9849,10720,1.0
9849,17899,1.0
9850,14487,1.0
9850,10530,1.0
9851,9852,1.0
9851,16902,1.0
9851,17080,1.0
9852,16354,1.0
9852,16879,1.0
9854,10028,1.0
9855,10626,1.0
9856,9857,1.0
9856,16435,1.0
9856,11008,1.0
9857,11009,1.0
9858,9859,1.0
9859,12231,1.0
9859,10940,1.0
9860,16395,1.0
9860,16510,1.0
9861,11849,1.0
9861,13246,1.0
9864,11862,1.0
9864,13652,1.0
9866,9867,1.0
9868,12055,1.0
9868,12731,1.0
9869,12017,1.0
9869,20038,1.0
9870,9871,1.0
9871,10182,1.0
9871,13226,1.0
9872,18280,1.0
9874,9875,1.0
9874,11665,1.0
9874,12637,1.0
9880,9881,1.0
9883,10981,1.0
9883,12170,1.0
9885,12732,1.0
9885,10739,1.0
9885,10525,1.0
9886,17638,1.0
9887,10540,1.0
9887,13254,1.0
9888,10745,1.0
9889,15567,1.0
9889,15845,1.0
9890,12904,1.0
9890,20352,1.0
9890,21180,1.0
9892,15490,1.0
9893,19504,1.0
9894,9895,1.0
9894,16680,1.0
9895,12806,1.0
9895,17014,1.0
9895,20762,1.0
9898,11494,1.0
9899,9900,1.0
9900,11733,1.0
9900,11898,1.0
9901,13304,1.0
9902,16769,1.0
9902,14541,1.0
9903,12979,1.0
9903,11607,1.0
9904,10286,1.0
9905,9906,1.0
9905,17093,1.0
9906,10985,1.0
9906,13585,1.0
9906,13985,1.0
9907,11336,1.0
9907,16589,1.0
9907,15443,1.0
9908,16499,1.0
9909,9964,1.0
9909,14023,1.0
9910,9911,1.0
9911,13348,1.0
9911,15914,1.0
9912,9913,1.0
9912,11343,1.0
9913,19165,1.0
9913,17011,1.0
9913,18480,1.0
9914,11391,1.0
9915,11107,1.0
9915,14431,1.0
9916,16945,1.0
9917,9918,1.0
9917,11792,1.0
9917,12480,1.0
9919,9920,1.0
9919,14890,1.0
9920,16633,1.0
9922,16423,1.0
9923,9924,1.0
9924,13493,1.0
9924,17459,1.0
9925,12564,1.0
9925,12256,1.0
9926,16560,1.0
9926,14614,1.0
9927,9928,1.0
9927,12054,1.0
9928,11510,1.0
9929,16904,1.0
9930,9931,1.0
9931,10195,1.0
9932,10275,1.0
9932,13561,1.0
9934,13352,1.0
9934,14546,1.0
9935,9936,1.0
9935,11238,1.0
9936,10554,1.0
9936,15538,1.0
9936,15542,1.0
9937,9938,1.0
9938,10449,1.0
9939,11817,1.0
9942,11095,1.0
9942,13940,1.0
9943,12396,1.0
9943,15142,1.0
9944,9945,1.0
9944,11568,1.0
9944,13730,1.0
9946,18869,1.0
9946,13569,1.0
9947,9948,1.0
9949,13849,1.0
9949,17883,1.0
9950,9951,1.0
9950,13457,1.0
9951,11992,1.0
9951,10156,1.0
9952,16462,1.0
9952,13388,1.0
9953,12562,1.0
9957,13060,1.0
9957,16576,1.0
9957,16302,1.0
9959,13887,1.0
9959,18579,1.0
9960,17049,1.0
9961,9962,1.0
9961,16746,1.0
9963,14294,1.0
9965,9966,1.0
9965,11554,1.0
9966,15308,1.0
9968,14860,1.0
9969,9970,1.0
9969,11541,1.0
9972,11468,1.0
9973,9974,1.0
9973,14233,1.0
9973,13158,1.0
9973,16414,1.0
9974,13159,1.0
9974,16921,1.0
9975,12685,1.0
9975,16745,1.0
9976,16560,1.0
9977,11037,1.0
9977,12997,1.0
9978,9979,1.0
9979,11688,1.0
9979,13404,1.0
9980,13083,1.0
9981,12185,1.0
9982,9983,1.0
9982,15716,1.0
9982,16404,1.0
9983,10513,1.0
9983,16286,1.0
9985,12953,1.0
9985,17095,1.0
9986,15916,1.0
9987,13286,1.0
9987,11773,1.0
9988,10873,1.0
9988,20358,1.0
9989,15411,1.0
9989,15733,1.0
9991,10932,1.0
9992,9993,1.0
9992,14458,1.0
9992,14122,1.0
9994,12044,1.0
9994,16449,1.0
9994,16930,1.0
9995,10102,1.0
9995,12305,1.0
9997,14948,1.0
9998,13346,1.0
9998,11165,1.0
9998,13541,1.0
9999,15711,1.0
9999,10713,1.0
10000,14668,1.0
10001,10377,1.0
10002,11471,1.0
10002,14789,1.0
10003,15091,1.0
10003,19964,1.0
10003,19939,1.0
10004,16937,1.0
10005,14383,1.0
10006,10007,1.0
10007,10212,1.0
10008,12785,1.0
10008,13812,1.0
10010,14704,1.0
10011,11218,1.0
10014,10080,1.0
10016,11319,1.0
10017,10018,1.0
10017,13590,1.0
10018,16552,1.0
10019,10353,1.0
10019,11185,1.0
10020,10021,1.0
10020,10826,1.0
10023,16466,1.0
10024,10025,1.0
10025,13261,1.0
10026,10891,1.0
10026,12614,1.0
10028,10029,1.0
10028,16466,1.0
10029,16466,1.0
10030,10031,1.0
10032,11406,1.0
10033,10034,1.0
10033,11647,1.0
10033,10208,1.0
10033,16484,1.0
10034,10924,1.0
10035,10036,1.0
10035,12442,1.0
10035,10331,1.0
10036,10900,1.0
10036,14911,1.0
10037,10038,1.0
10037,11912,1.0
10037,19078,1.0
10037,20192,1.0
10038,12627,1.0
10038,19515,1.0
10038,19544,1.0
10040,10041,1.0
10041,15362,1.0
10041,14367,1.0
10042,10043,1.0
10042,14661,1.0
10044,12385,1.0
10045,10046,1.0
10045,14868,1.0
10045,18274,1.0
10046,14868,1.0
10046,16908,1.0
10046,17794,1.0
10047,10089,1.0
10048,10363,1.0
10049,11491,1.0
10050,13106,1.0
10051,14317,1.0
10051,10079,1.0
10052,14302,1.0
10053,10054,1.0
10053,16596,1.0
10053,11044,1.0
10055,14021,1.0
10057,10058,1.0
10057,10982,1.0
10058,16159,1.0
10058,10982,1.0
10058,16770,1.0
10060,14721,1.0
10062,16399,1.0
10063,10064,1.0
10063,11380,1.0
10065,12016,1.0
10066,19409,1.0
10067,20819,1.0
10067,17011,1.0
10068,10069,1.0
10068,11293,1.0
10068,11113,1.0
10069,10514,1.0
10070,17624,1.0
10071,10072,1.0
10071,17703,1.0
10072,12735,1.0
10073,12236,1.0
10073,16091,1.0
10074,10075,1.0
10076,18138,1.0
10077,10078,1.0
10077,10487,1.0
10077,12375,1.0
10079,11671,1.0
10079,14153,1.0
10080,10081,1.0
10081,12345,1.0
10082,11606,1.0
10082,17598,1.0
10082,14775,1.0
10083,10084,1.0
10083,14614,1.0
10084,11277,1.0
10084,10576,1.0
10085,11836,1.0
10085,12228,1.0
10086,11878,1.0
10086,13621,1.0
10086,10374,1.0
10087,10088,1.0
10089,16363,1.0
10091,10771,1.0
10091,14701,1.0
10094,12455,1.0
10095,13514,1.0
10096,10097,1.0
10096,12242,1.0
10097,13507,1.0
10098,16363,1.0
10098,17046,1.0
10099,12551,1.0
10100,10101,1.0
10100,10649,1.0
10100,11079,1.0
10101,13130,1.0
10102,10103,1.0
10104,12450,1.0
10104,12496,1.0
10107,14218,1.0
10108,18289,1.0
10110,11501,1.0
10111,11888,1.0
10111,11506,1.0
10112,10113,1.0
10113,12742,1.0
10113,14074,1.0
10114,17125,1.0
10114,17749,1.0
10114,10423,1.0
10115,10116,1.0
10118,14192,1.0
10119,10120,1.0
10120,10663,1.0
10120,14121,1.0
10121,10257,1.0
10123,10124,1.0
10123,13567,1.0
10123,13918,1.0
10124,12087,1.0
10124,12981,1.0
10125,13199,1.0
10126,17249,1.0
10126,17254,1.0
10127,10128,1.0
10130,16228,1.0
10130,17189,1.0
10131,14491,1.0
10133,12484,1.0
10134,14118,1.0
10134,16282,1.0
10135,13860,1.0
10136,10137,1.0
10137,13194,1.0
10138,10139,1.0
10138,19120,1.0
10140,16427,1.0
10140,16672,1.0
10141,12285,1.0
10141,16467,1.0
10142,14195,1.0
10142,16595,1.0
10143,11000,1.0
10143,16670,1.0
10145,12920,1.0
10145,12127,1.0
10146,10147,1.0
10146,10916,1.0
10146,14602,1.0
10146,20397,1.0
10146,20968,1.0
10147,10916,1.0
10147,18979,1.0
10149,12178,1.0
10149,10867,1.0
10149,19620,1.0
10151,10152,1.0
10151,19051,1.0
10151,19729,1.0
10151,11479,1.0
10152,14332,1.0
10152,11479,1.0
10153,16959,1.0
10153,17624,1.0
10153,18158,1.0
10154,11002,1.0
10156,14689,1.0
10156,16844,1.0
10158,10651,1.0
10159,11409,1.0
10160,14215,1.0
10161,20720,1.0
10161,20717,1.0
10163,12924,1.0
10165,10166,1.0
10166,17024,1.0
10167,17293,1.0
10168,11527,1.0
10169,12415,1.0
10169,11519,1.0
10170,10171,1.0
10171,11713,1.0
10171,15040,1.0
10172,10173,1.0
10172,11284,1.0
10172,14666,1.0
10173,11592,1.0
10174,14167,1.0
10174,11118,1.0
10175,16443,1.0
10175,19442,1.0
10177,10178,1.0
10177,14433,1.0
10178,14433,1.0
10178,15989,1.0
10179,11383,1.0
10179,17146,1.0
10180,11723,1.0
10181,10925,1.0
10181,13498,1.0
10182,16587,1.0
10184,10185,1.0
10184,15984,1.0
10184,19458,1.0
10185,16495,1.0
10185,19458,1.0
10186,10187,1.0
10187,10568,1.0
10187,12078,1.0
10188,10189,1.0
10188,11474,1.0
10189,11475,1.0
10190,11464,1.0
10190,13413,1.0
10192,12182,1.0
10192,13731,1.0
10193,11663,1.0
10194,13175,1.0
10194,13711,1.0
10196,10197,1.0
10196,13689,1.0
10196,19080,1.0
10197,19080,1.0
10198,12102,1.0
10198,17959,1.0
10199,16555,1.0
10201,15250,1.0
10202,13759,1.0
10203,13287,1.0
10205,12930,1.0
10205,10529,1.0
10206,19166,1.0
10206,11237,1.0
10207,10208,1.0
10207,11647,1.0
10208,10924,1.0
10209,16995,1.0
10210,10211,1.0
10210,11132,1.0
10211,13341,1.0
10212,14794,1.0
10213,14798,1.0
10214,10215,1.0
10214,20081,1.0
10216,10217,1.0
10216,13967,1.0
10216,16942,1.0
10219,10220,1.0
10219,13317,1.0
10221,10222,1.0
10221,13046,1.0
10221,13482,1.0
10221,13446,1.0
10223,10956,1.0
10224,13116,1.0
10224,14834,1.0
10225,10226,1.0
10225,12919,1.0
10229,14828,1.0
10230,14122,1.0
10230,14743,1.0
10231,14276,1.0
10231,19464,1.0
10231,14280,1.0
10232,10233,1.0
10232,16623,1.0
10233,16623,1.0
10233,13368,1.0
10234,10235,1.0
10234,10750,1.0
10234,10494,1.0
10236,13584,1.0
10238,10425,1.0
10239,10240,1.0
10239,11972,1.0
10241,11673,1.0
10241,19419,1.0
10242,17341,1.0
10243,10244,1.0
10243,13293,1.0
10243,20453,1.0
10244,11019,1.0
10244,13660,1.0
10245,11343,1.0
10245,12481,1.0
10245,19262,1.0
10246,10322,1.0
10246,14484,1.0
10246,20949,1.0
10250,10251,1.0
10250,12119,1.0
10252,10253,1.0
10253,17910,1.0
10254,10255,1.0
10254,13094,1.0
10254,13728,1.0
10255,13728,1.0
10256,10918,1.0
10259,13448,1.0
10259,17521,1.0
10260,10261,1.0
10260,13719,1.0
10262,10263,1.0
10262,12655,1.0
10264,16402,1.0
10265,10266,1.0
10267,10268,1.0
10269,12118,1.0
10269,16619,1.0
10270,10489,1.0
10271,10272,1.0
10271,18975,1.0
10273,11269,1.0
10273,13049,1.0
10274,13918,1.0
10276,16688,1.0
10276,13196,1.0
10277,10278,1.0
10277,11476,1.0
10277,19199,1.0
10278,19293,1.0
10279,10923,1.0
10280,16261,1.0
10280,10325,1.0
10280,16297,1.0
10282,10283,1.0
10282,19711,1.0
10283,14046,1.0
10283,19711,1.0
10284,13752,1.0
10285,13022,1.0
10287,16450,1.0
10287,12866,1.0
10289,17958,1.0
10289,18424,1.0
10290,10291,1.0
10290,17225,1.0
10290,18288,1.0
10292,10585,1.0
10292,10651,1.0
10292,16314,1.0
10293,16948,1.0
10293,19653,1.0
10294,13119,1.0
10294,15532,1.0
10295,10296,1.0
10295,16706,1.0
10295,13405,1.0
10296,12932,1.0
10297,11473,1.0
10298,10299,1.0
10299,11054,1.0
10299,15811,1.0
10300,14466,1.0
10300,14528,1.0
10301,14358,1.0
10302,17316,1.0
10302,13580,1.0
10306,10621,1.0
10307,10308,1.0
10307,11558,1.0
10308,11629,1.0
10309,10310,1.0
10310,13887,1.0
10311,10312,1.0
10311,10860,1.0
10313,10482,1.0
10313,12877,1.0
10314,10315,1.0
10314,16801,1.0
10316,11844,1.0
10316,19523,1.0
10317,10318,1.0
10317,11630,1.0
10317,12624,1.0
10319,10857,1.0
10319,17681,1.0
10320,11394,1.0
10320,21012,1.0
10320,16554,1.0
10321,13840,1.0
10321,15108,1.0
10322,16772,1.0
10322,20948,1.0
10323,12755,1.0
10323,15639,1.0
10325,12070,1.0
10326,17142,1.0
10327,10328,1.0
10327,12789,1.0
10327,14822,1.0
10328,11213,1.0
10328,11547,1.0
10329,10572,1.0
10329,12833,1.0
10330,13396,1.0
10331,10900,1.0
10331,13817,1.0
10332,13802,1.0
10333,10334,1.0
10333,11743,1.0
10333,12097,1.0
10334,12098,1.0
10336,10337,1.0
10336,10412,1.0
10336,11502,1.0
10338,11622,1.0
10340,12144,1.0
10340,10858,1.0
10342,10343,1.0
10343,11735,1.0
10343,14838,1.0
10344,11961,1.0
10345,13673,1.0
10345,16160,1.0
10345,14131,1.0
10346,17034,1.0
10346,20056,1.0
10347,16526,1.0
10348,12047,1.0
10349,10350,1.0
10349,13148,1.0
10349,16947,1.0
10350,10909,1.0
10350,10565,1.0
10352,10353,1.0
10354,11734,1.0
10355,11349,1.0
10356,15163,1.0
10358,10359,1.0
10358,13491,1.0
10359,13055,1.0
10359,16332,1.0
10359,16793,1.0
10360,10361,1.0
10360,10543,1.0
10361,16926,1.0
10364,10365,1.0
10365,11315,1.0
10366,13878,1.0
10366,13683,1.0
10367,16937,1.0
10367,20307,1.0
10367,11912,1.0
10368,10908,1.0
10368,11011,1.0
10370,13546,1.0
10370,15065,1.0
10372,12381,1.0
10372,13640,1.0
10373,20656,1.0
10374,10375,1.0
10374,15921,1.0
10377,10378,1.0
10379,11219,1.0
10379,20216,1.0
10380,10381,1.0
10380,14428,1.0
10380,11639,1.0
10381,16957,1.0
10383,12792,1.0
10383,14257,1.0
10383,10450,1.0
10384,12800,1.0
10387,16434,1.0
10387,11117,1.0
10388,10389,1.0
10388,12198,1.0
10388,12995,1.0
10388,10865,1.0
10390,11838,1.0
10390,15484,1.0
10391,12183,1.0
10392,10393,1.0
10392,11068,1.0
10393,11342,1.0
10394,10395,1.0
10395,13785,1.0
10397,10398,1.0
10397,16500,1.0
10398,14285,1.0
10399,11212,1.0
10399,16511,1.0
10399,12601,1.0
10400,12031,1.0
10400,13780,1.0
10402,16323,1.0
10402,16946,1.0
10403,13307,1.0
10403,13859,1.0
10405,14708,1.0
10406,12045,1.0
10408,18261,1.0
10408,17632,1.0
10410,10411,1.0
10410,15944,1.0
10410,16317,1.0
10411,12886,1.0
10412,11178,1.0
10413,13582,1.0
10413,17652,1.0
10414,12136,1.0
10414,14675,1.0
10415,10416,1.0
10415,16081,1.0
10416,11220,1.0
10416,11984,1.0
10417,10418,1.0
10417,10621,1.0
10417,14629,1.0
10420,16698,1.0
10421,10422,1.0
10421,11951,1.0
10422,13731,1.0
10423,10424,1.0
10425,19498,1.0
10426,13082,1.0
10427,14868,1.0
10427,12885,1.0
10427,11591,1.0
10429,10430,1.0
10429,18995,1.0
10429,19012,1.0
10429,21120,1.0
10429,19011,1.0
10430,14183,1.0
10430,15493,1.0
10431,14314,1.0
10431,15532,1.0
10432,10433,1.0
10433,18148,1.0
10434,16949,1.0
10434,14884,1.0
10434,11550,1.0
10435,11074,1.0
10435,10843,1.0
10435,16091,1.0
10436,13201,1.0
10436,14445,1.0
10437,11130,1.0
10438,10439,1.0
10439,16387,1.0
10440,13270,1.0
10440,13457,1.0
10441,13656,1.0
10444,16432,1.0
10445,13596,1.0
10445,14534,1.0
10446,12482,1.0
10448,16479,1.0
10448,11610,1.0
10448,19506,1.0
10451,10452,1.0
10451,14997,1.0
10451,21126,1.0
10451,14184,1.0
10452,21126,1.0
10452,17982,1.0
10453,16513,1.0
10454,10455,1.0
10456,14219,1.0
10457,10458,1.0
10458,11586,1.0
10458,17350,1.0
10459,10460,1.0
10460,16030,1.0
10460,16083,1.0
10461,10462,1.0
10463,11707,1.0
10463,12576,1.0
10464,10465,1.0
10464,11390,1.0
10466,12711,1.0
10466,17799,1.0
10467,11789,1.0
10467,10986,1.0
10469,16823,1.0
10469,19278,1.0
10469,19652,1.0
10469,21171,1.0
10470,11323,1.0
10470,14543,1.0
10471,10472,1.0
10471,12317,1.0
10472,11725,1.0
10472,13463,1.0
10473,10474,1.0
10473,11835,1.0
10473,13276,1.0
10475,10476,1.0
10476,17308,1.0
10477,10478,1.0
10477,12956,1.0
10477,12742,1.0
10478,12038,1.0
10478,10865,1.0
10479,13873,1.0
10480,12334,1.0
10483,10484,1.0
10484,16487,1.0
10485,10486,1.0
10485,13923,1.0
10485,10527,1.0
10486,13243,1.0
10486,16734,1.0
10487,13227,1.0
10487,20435,1.0
10489,11427,1.0
10490,10491,1.0
10490,15358,1.0
10490,21158,1.0
10490,13762,1.0
10491,17401,1.0
10491,17351,1.0
10492,11907,1.0
10492,13670,1.0
10495,10496,1.0
10495,10675,1.0
10496,12235,1.0
10497,14565,1.0
10497,14284,1.0
10498,10499,1.0
10499,16983,1.0
10499,12804,1.0
10500,10501,1.0
10500,13799,1.0
10500,16932,1.0
10501,12267,1.0
10501,16075,1.0
10503,10567,1.0
10505,13844,1.0
10505,14720,1.0
10505,19441,1.0
10508,16869,1.0
10509,14295,1.0
10509,14297,1.0
10510,10976,1.0
10510,13180,1.0
10512,10592,1.0
10512,16504,1.0
10513,12438,1.0
10513,15496,1.0
10513,16928,1.0
10513,16404,1.0
10514,11373,1.0
10515,10516,1.0
10515,17905,1.0
10515,16734,1.0
10515,18305,1.0
10516,14810,1.0
10516,16734,1.0
10517,10518,1.0
10517,17078,1.0
10518,17078,1.0
10518,20584,1.0
10519,13140,1.0
10520,10521,1.0
10523,10524,1.0
10523,10669,1.0
10523,16525,1.0
10524,11453,1.0
10524,16525,1.0
10525,13393,1.0
10526,10527,1.0
10526,13279,1.0
10527,13243,1.0
10530,11936,1.0
10532,12896,1.0
10532,14481,1.0
10533,10534,1.0
10533,15050,1.0
10534,12062,1.0
10535,14168,1.0
10536,10537,1.0
10536,14908,1.0
10538,10539,1.0
10538,11544,1.0
10538,16239,1.0
10539,16240,1.0
10540,10541,1.0
10540,10944,1.0
10542,20592,1.0
10544,10545,1.0
10545,13110,1.0
10546,11633,1.0
10547,10548,1.0
10548,13040,1.0
10548,19296,1.0
10549,14082,1.0
10550,10850,1.0
10551,10911,1.0
10552,10553,1.0
10553,13180,1.0
10555,11974,1.0
10555,13248,1.0
10556,11122,1.0
10557,10558,1.0
10557,16860,1.0
10557,13234,1.0
10559,18025,1.0
10559,20201,1.0
10560,10949,1.0
10561,12311,1.0
10561,11397,1.0
10562,11751,1.0
10562,18784,1.0
10562,19665,1.0
10563,10564,1.0
10563,16837,1.0
10565,12939,1.0
10566,20725,1.0
10566,20912,1.0
10568,19848,1.0
10568,19825,1.0
10569,13591,1.0
10569,10921,1.0
10569,11223,1.0
10571,12340,1.0
10571,17001,1.0
10573,10574,1.0
10573,12123,1.0
10574,17861,1.0
10574,12985,1.0
10577,14006,1.0
10577,16764,1.0
10578,11172,1.0
10578,19195,1.0
10579,16102,1.0
10579,19872,1.0
10580,13870,1.0
10582,20802,1.0
10583,10584,1.0
10583,16327,1.0
10583,12842,1.0
10584,11518,1.0
10584,12667,1.0
10585,16314,1.0
10585,16429,1.0
10586,16630,1.0
10586,13413,1.0
10587,15290,1.0
10587,14409,1.0
10588,11513,1.0
10588,16638,1.0
10588,18072,1.0
10590,13451,1.0
10591,10592,1.0
10591,16504,1.0
10593,12199,1.0
10593,10990,1.0
10595,17543,1.0
10596,16743,1.0
10598,11276,1.0
10598,13821,1.0
10600,10601,1.0
10601,15978,1.0
10601,17292,1.0
10602,10603,1.0
10602,11293,1.0
10602,17588,1.0
10603,11113,1.0
10603,13735,1.0
10605,11079,1.0
10607,12326,1.0
10607,13197,1.0
10608,14113,1.0
10608,11768,1.0
10608,15960,1.0
10609,11074,1.0
10610,10611,1.0
10610,13163,1.0
10611,17062,1.0
10611,17767,1.0
10612,10613,1.0
10614,12145,1.0
10615,11886,1.0
10615,16684,1.0
10615,12641,1.0
10616,12929,1.0
10617,12548,1.0
10618,11212,1.0
10619,11242,1.0
10619,14409,1.0
10619,11654,1.0
10620,12973,1.0
10621,10622,1.0
10622,13122,1.0
10623,13228,1.0
10625,16990,1.0
10625,17090,1.0
10625,16612,1.0
10625,20745,1.0
10626,10627,1.0
10626,13748,1.0
10626,12417,1.0
10630,13205,1.0
10631,10632,1.0
10631,12853,1.0
10631,15810,1.0
10632,12853,1.0
10632,16862,1.0
10634,18534,1.0
10634,19064,1.0
10635,20266,1.0
10636,14669,1.0
10640,12982,1.0
10640,13090,1.0
10640,10965,1.0
10641,10642,1.0
10641,13009,1.0
10641,20515,1.0
10643,11026,1.0
10644,11511,1.0
10645,10646,1.0
10645,13447,1.0
10646,10994,1.0
10647,10648,1.0
10647,11248,1.0
10648,14647,1.0
10649,13130,1.0
10650,11413,1.0
10651,10652,1.0
10651,14772,1.0
10652,11614,1.0
10653,10654,1.0
10653,14187,1.0
10653,17503,1.0
10654,17502,1.0
10654,12043,1.0
10657,10658,1.0
10657,17990,1.0
10660,10661,1.0
10660,15785,1.0
10663,12836,1.0
10663,12753,1.0
10664,10936,1.0
10666,11381,1.0
10668,13220,1.0
10670,10671,1.0
10671,12063,1.0
10671,13334,1.0
10672,10673,1.0
10672,10967,1.0
10673,13018,1.0
10674,14305,1.0
10675,12235,1.0
10676,17433,1.0
10676,13710,1.0
10678,17440,1.0
10680,16656,1.0
10681,10682,1.0
10682,12209,1.0
10685,10686,1.0
10685,20166,1.0
10685,18250,1.0
10686,18206,1.0
10686,21108,1.0
10686,21101,1.0
10687,13418,1.0
10687,17439,1.0
10688,14831,1.0
10688,19994,1.0
10689,14533,1.0
10690,16437,1.0
10690,17593,1.0
10691,14390,1.0
10692,13560,1.0
10693,10694,1.0
10694,13709,1.0
10695,11989,1.0
10697,10881,1.0
10697,16412,1.0
10699,10700,1.0
10700,11373,1.0
10701,16892,1.0
10703,10704,1.0
10703,11905,1.0
10704,14041,1.0
10705,10706,1.0
10706,11217,1.0
10707,10708,1.0
10707,14792,1.0
10709,10710,1.0
10709,14841,1.0
10709,16597,1.0
10710,20314,1.0
10710,16597,1.0
10712,14620,1.0
10712,12179,1.0
10712,14557,1.0
10713,10889,1.0
10716,16958,1.0
10717,12672,1.0
10717,11794,1.0
10719,10720,1.0
10721,10722,1.0
10723,14320,1.0
10724,11776,1.0
10724,12913,1.0
10726,10727,1.0
10726,15121,1.0
10726,13973,1.0
10726,19302,1.0
10727,13388,1.0
10728,11145,1.0
10730,16471,1.0
10730,17619,1.0
10731,12096,1.0
10731,16802,1.0
10732,13047,1.0
10732,13652,1.0
10732,11299,1.0
10733,10734,1.0
10733,18099,1.0
10733,16909,1.0
10735,12737,1.0
10736,14211,1.0
10737,14022,1.0
10739,15621,1.0
10740,11015,1.0
10741,11084,1.0
10741,20947,1.0
10742,11445,1.0
10742,12445,1.0
10744,17514,1.0
10744,16355,1.0
10745,16859,1.0
10746,12488,1.0
10746,13607,1.0
10746,20627,1.0
10747,10748,1.0
10747,13347,1.0
10749,15295,1.0
10751,16083,1.0
10752,10993,1.0
10752,19210,1.0
10754,16760,1.0
10755,11866,1.0
10756,10757,1.0
10756,13615,1.0
10756,13008,1.0
10757,13677,1.0
10758,10759,1.0
10758,13507,1.0
10758,16563,1.0
10759,13685,1.0
10760,10761,1.0
10760,11536,1.0
10760,16827,1.0
10762,16378,1.0
10764,10765,1.0
10764,12773,1.0
10765,17699,1.0
10767,10903,1.0
10767,19569,1.0
10768,16463,1.0
10769,13402,1.0
10771,14701,1.0
10771,17217,1.0
10772,11646,1.0
10772,12237,1.0
10774,11658,1.0
10774,13700,1.0
10774,19393,1.0
10775,10948,1.0
10775,11879,1.0
10776,11356,1.0
10776,13406,1.0
10776,12780,1.0
10778,16107,1.0
10778,13406,1.0
10779,16289,1.0
10779,16622,1.0
10780,13345,1.0
10780,15132,1.0
10782,10783,1.0
10782,19583,1.0
10782,20811,1.0
10783,11825,1.0
10784,12937,1.0
10787,10788,1.0
10787,16550,1.0
10787,18028,1.0
10788,14718,1.0
10790,12643,1.0
10790,19753,1.0
10791,16729,1.0
10794,12656,1.0
10795,16422,1.0
10796,10797,1.0
10796,13713,1.0
10796,14382,1.0
10797,12847,1.0
10797,13470,1.0
10797,14397,1.0
10798,11896,1.0
10799,13239,1.0
10800,11313,1.0
10801,11635,1.0
10801,14769,1.0
10802,18980,1.0
10803,11758,1.0
10803,14329,1.0
10804,17110,1.0
10806,21188,1.0
10807,11640,1.0
10810,10973,1.0
10811,15124,1.0
10811,16423,1.0
10812,14143,1.0
10812,17178,1.0
10813,10814,1.0
10813,13574,1.0
10813,13553,1.0
10814,14782,1.0
10814,16543,1.0
10815,10816,1.0
10815,19434,1.0
10817,17186,1.0
10818,10819,1.0
10818,13898,1.0
10819,12379,1.0
10819,13436,1.0
10820,16396,1.0
10823,10824,1.0
10823,19740,1.0
10823,19828,1.0
10826,12748,1.0
10827,12561,1.0
10828,10829,1.0
10828,16311,1.0
10832,13244,1.0
10832,12986,1.0
10833,16838,1.0
10834,10835,1.0
10834,14866,1.0
10836,10837,1.0
10837,18523,1.0
10839,10840,1.0
10840,12976,1.0
10841,10842,1.0
10841,20522,1.0
10843,10844,1.0
10846,13682,1.0
10847,14508,1.0
10847,11546,1.0
10849,16796,1.0
10853,16764,1.0
10855,10856,1.0
10856,17698,1.0
10859,14878,1.0
10859,16520,1.0
10861,13759,1.0
10861,16562,1.0
10861,12994,1.0
10862,10863,1.0
10862,11080,1.0
10862,20350,1.0
10863,18514,1.0
10864,14250,1.0
10865,12742,1.0
10867,10868,1.0
10868,13177,1.0
10868,15802,1.0
10869,14059,1.0
10869,19297,1.0
10871,10872,1.0
10871,15430,1.0
10872,13025,1.0
10872,15146,1.0
10873,16027,1.0
10873,11106,1.0
10874,10875,1.0
10875,10994,1.0
10875,10997,1.0
10876,13663,1.0
10880,12862,1.0
10880,18008,1.0
10882,12550,1.0
10882,19223,1.0
10883,13057,1.0
10883,20339,1.0
10884,14245,1.0
10885,14473,1.0
10885,18125,1.0
10886,11683,1.0
10886,12791,1.0
10887,14586,1.0
10889,10890,1.0
10890,11504,1.0
10890,11801,1.0
10891,10892,1.0
10891,13376,1.0
10892,10897,1.0
10892,14864,1.0
10893,12952,1.0
10895,10896,1.0
10895,15197,1.0
10896,15197,1.0
10896,11351,1.0
10897,14362,1.0
10897,13376,1.0
10898,10899,1.0
10898,11287,1.0
10898,10927,1.0
10900,12146,1.0
10901,16526,1.0
10902,11208,1.0
10902,13362,1.0
10904,16580,1.0
10904,16866,1.0
10905,11630,1.0
10907,12873,1.0
10908,17043,1.0
10909,12939,1.0
10910,13747,1.0
10910,18523,1.0
10910,15815,1.0
10912,14034,1.0
10912,19364,1.0
10913,10914,1.0
10916,20396,1.0
10917,18186,1.0
10917,18477,1.0
10918,17063,1.0
10919,12055,1.0
10919,11126,1.0
10920,12360,1.0
10920,17227,1.0
10920,12713,1.0
10921,10922,1.0
10921,11713,1.0
10922,10941,1.0
10922,11223,1.0
10923,16497,1.0
10926,16951,1.0
10927,10928,1.0
10927,11703,1.0
10930,10931,1.0
10930,12394,1.0
10930,14399,1.0
10931,18497,1.0
10932,10933,1.0
10932,11128,1.0
10932,12828,1.0
10933,14127,1.0
10934,10935,1.0
10935,12517,1.0
10935,13549,1.0
10936,12762,1.0
10937,10938,1.0
10937,16455,1.0
10937,16394,1.0
10937,15899,1.0
10938,11272,1.0
10939,14999,1.0
10940,12802,1.0
10944,11350,1.0
10944,13254,1.0
10945,10946,1.0
10945,11742,1.0
10945,16851,1.0
10946,11819,1.0
10946,17790,1.0
10946,17080,1.0
10947,12175,1.0
10948,10949,1.0
10949,14707,1.0
10950,10951,1.0
10950,13070,1.0
10952,13433,1.0
10953,14038,1.0
10955,10956,1.0
10956,13804,1.0
10957,16828,1.0
10958,11687,1.0
10959,10960,1.0
10959,11264,1.0
10963,10964,1.0
10965,10966,1.0
10965,12650,1.0
10966,14292,1.0
10966,13090,1.0
10966,12186,1.0
10967,13018,1.0
10968,12660,1.0
10969,13770,1.0
10969,17400,1.0
10970,10971,1.0
10971,11053,1.0
10972,12322,1.0
10972,17731,1.0
10973,15428,1.0
10974,11401,1.0
10974,19481,1.0
10974,19482,1.0
10975,12027,1.0
10976,10977,1.0
10976,11660,1.0
10977,12533,1.0
10978,11223,1.0
10978,16584,1.0
10979,11296,1.0
10979,16375,1.0
10980,17110,1.0
10983,11946,1.0
10984,14903,1.0
10984,20329,1.0
10985,14859,1.0
10985,17093,1.0
10986,20806,1.0
10987,14597,1.0
10988,11635,1.0
10988,13068,1.0
10989,12163,1.0
10991,10992,1.0
10991,12538,1.0
10992,12635,1.0
10992,12243,1.0
10993,12386,1.0
10993,15779,1.0
10994,12171,1.0
10997,11318,1.0
10998,10999,1.0
10999,13486,1.0
11000,16546,1.0
11001,11002,1.0
11002,11938,1.0
11003,11004,1.0
11003,16626,1.0
11003,16777,1.0
11004,20992,1.0
11005,16615,1.0
11006,13169,1.0
11006,16786,1.0
11007,11425,1.0
11008,11009,1.0
11010,11011,1.0
11010,14141,1.0
11011,17043,1.0
11011,16514,1.0
11012,16496,1.0
11012,14283,1.0
11013,11014,1.0
11013,13093,1.0
11015,16629,1.0
11017,16070,1.0
11021,11022,1.0
11021,13712,1.0
11021,11417,1.0
11022,13712,1.0
11022,16982,1.0
11026,12150,1.0
11027,11028,1.0
11027,11274,1.0
11029,18620,1.0
11029,18689,1.0
11031,11887,1.0
11032,11033,1.0
11032,17072,1.0
11034,18250,1.0
11035,15031,1.0
11036,12307,1.0
11037,11621,1.0
11039,11513,1.0
11039,16885,1.0
11040,11041,1.0
11040,11209,1.0
11040,14882,1.0
11041,16597,1.0
11041,14882,1.0
11042,16305,1.0
11042,14750,1.0
11043,12826,1.0
11044,19445,1.0
11046,11047,1.0
11046,11287,1.0
11046,14583,1.0
11047,16089,1.0
11048,13696,1.0
11048,20281,1.0
11049,11050,1.0
11049,20971,1.0
11050,12917,1.0
11050,14651,1.0
11051,12796,1.0
11052,17419,1.0
11053,13571,1.0
11054,15799,1.0
11057,19881,1.0
11057,19853,1.0
11058,11188,1.0
11059,11084,1.0
11059,12489,1.0
11062,12672,1.0
11063,11064,1.0
11063,11846,1.0
11064,11957,1.0
11065,11066,1.0
11065,12061,1.0
11065,12067,1.0
11065,14896,1.0
11066,14916,1.0
11066,12067,1.0
11067,13445,1.0
11068,12344,1.0
11068,12124,1.0
11071,15195,1.0
11073,13599,1.0
11075,11076,1.0
11079,19987,1.0
11080,11646,1.0
11080,18508,1.0
11082,11083,1.0
11082,12118,1.0
11083,12784,1.0
11083,16481,1.0
11085,11908,1.0
11086,16087,1.0
11086,14667,1.0
11087,11088,1.0
11087,16591,1.0
11087,17357,1.0
11090,17058,1.0
11091,12751,1.0
11091,20300,1.0
11092,14051,1.0
11093,11621,1.0
11093,13637,1.0
11094,15301,1.0
11095,16693,1.0
11095,17023,1.0
11096,13450,1.0
11096,11256,1.0
11097,11377,1.0
11098,11099,1.0
11098,20675,1.0
11099,14858,1.0
11099,16778,1.0
11099,17102,1.0
11100,11101,1.0
11100,14269,1.0
11100,20000,1.0
11101,13485,1.0
11101,14703,1.0
11103,16893,1.0
11103,18013,1.0
11103,13755,1.0
11104,12967,1.0
11107,12884,1.0
11108,16396,1.0
11109,11603,1.0
11109,17013,1.0
11110,12017,1.0
11111,11112,1.0
11111,13084,1.0
11111,11266,1.0
11112,16534,1.0
11114,15887,1.0
11114,14801,1.0
11119,11120,1.0
11119,16584,1.0
11119,20601,1.0
11120,13378,1.0
11120,21077,1.0
11121,12062,1.0
11122,12299,1.0
11123,11124,1.0
11123,17878,1.0
11123,13475,1.0
11125,11863,1.0
11125,16433,1.0
11127,11875,1.0
11129,12906,1.0
11130,11131,1.0
11130,11966,1.0
11133,15782,1.0
11136,11886,1.0
11139,11140,1.0
11141,11142,1.0
11141,14998,1.0
11144,14867,1.0
11145,13011,1.0
11146,12779,1.0
11147,11148,1.0
11147,15215,1.0
11147,17736,1.0
11147,20857,1.0
11148,15215,1.0
11148,17246,1.0
11149,11150,1.0
11149,14589,1.0
11151,11152,1.0
11152,14447,1.0
11152,15700,1.0
11153,14356,1.0
11153,12517,1.0
11154,11759,1.0
11154,16344,1.0
11155,12346,1.0
11156,11157,1.0
11158,11727,1.0
11159,13766,1.0
11159,18292,1.0
11159,19854,1.0
11161,12293,1.0
11162,11904,1.0
11162,16274,1.0
11164,16573,1.0
11166,11167,1.0
11166,16494,1.0
11166,16315,1.0
11167,14259,1.0
11169,16365,1.0
11170,11171,1.0
11171,15704,1.0
11171,15730,1.0
11172,14480,1.0
11173,11174,1.0
11173,14043,1.0
11177,16640,1.0
11178,13455,1.0
11178,20401,1.0
11179,13542,1.0
11180,11181,1.0
11182,11183,1.0
11182,16968,1.0
11182,14413,1.0
11182,20928,1.0
11183,14413,1.0
11183,18532,1.0
11184,11704,1.0
11186,12330,1.0
11186,13600,1.0
11187,11188,1.0
11187,16413,1.0
11187,11601,1.0
11188,11602,1.0
11188,18970,1.0
11189,13277,1.0
11190,11191,1.0
11190,19812,1.0
11190,18015,1.0
11192,14684,1.0
11192,14394,1.0
11193,11194,1.0
11193,12611,1.0
11193,13452,1.0
11195,11196,1.0
11196,16741,1.0
11196,14967,1.0
11199,11200,1.0
11200,14903,1.0
11201,11202,1.0
11202,19635,1.0
11203,16338,1.0
11203,20870,1.0
11204,11205,1.0
11204,11368,1.0
11204,17687,1.0
11206,14929,1.0
11207,14860,1.0
11209,14882,1.0
11210,17082,1.0
11210,12367,1.0
11211,17711,1.0
11212,11859,1.0
11217,13779,1.0
11218,13661,1.0
11224,16672,1.0
11224,16444,1.0
11225,12294,1.0
11228,11229,1.0
11228,13344,1.0
11228,15175,1.0
11229,14920,1.0
11229,16044,1.0
11229,16890,1.0
11230,16119,1.0
11231,14420,1.0
11232,15239,1.0
11233,12588,1.0
11237,14629,1.0
11239,20799,1.0
11240,17684,1.0
11241,12099,1.0
11241,12342,1.0
11242,14117,1.0
11243,11496,1.0
11243,13760,1.0
11244,19061,1.0
11244,20446,1.0
11245,11246,1.0
11245,17179,1.0
11245,12320,1.0
11246,16059,1.0
11247,16375,1.0
11249,11945,1.0
11249,15198,1.0
11250,14255,1.0
11250,16919,1.0
11251,12513,1.0
11253,12399,1.0
11254,11255,1.0
11254,12112,1.0
11254,11610,1.0
11257,14120,1.0
11259,11260,1.0
11259,14561,1.0
11260,12216,1.0
11262,16610,1.0
11262,12946,1.0
11263,16378,1.0
11263,16462,1.0
11265,11266,1.0
11265,13942,1.0
11265,13084,1.0
11268,11832,1.0
11268,13003,1.0
11268,19498,1.0
11269,11342,1.0
11269,11718,1.0
11269,11911,1.0
11270,11618,1.0
11270,13202,1.0
11271,16871,1.0
11271,19724,1.0
11271,12474,1.0
11272,20943,1.0
11272,20944,1.0
11272,20945,1.0
11273,11274,1.0
11273,13984,1.0
11273,16353,1.0
11274,14259,1.0
11275,11933,1.0
11277,14062,1.0
11279,11752,1.0
11280,13239,1.0
11280,13658,1.0
11280,16478,1.0
11282,11283,1.0
11282,14269,1.0
11282,19998,1.0
11283,13361,1.0
11283,13329,1.0
11286,13054,1.0
11286,17204,1.0
11287,15365,1.0
11288,12875,1.0
11288,13834,1.0
11289,12218,1.0
11289,13452,1.0
11290,11291,1.0
11290,15809,1.0
11290,20395,1.0
11291,15809,1.0
11291,20382,1.0
11292,12133,1.0
11293,11373,1.0
11295,16289,1.0
11296,11386,1.0
11297,14869,1.0
11298,12851,1.0
11298,16951,1.0
11300,11301,1.0
11301,11539,1.0
11303,11304,1.0
11303,14285,1.0
11304,19306,1.0
11305,11306,1.0
11306,11581,1.0
11307,12867,1.0
11307,12701,1.0
11308,11309,1.0
11308,11676,1.0
11309,12960,1.0
11309,17844,1.0
11310,11317,1.0
11310,12536,1.0
11311,13737,1.0
11312,11313,1.0
11315,11316,1.0
11316,19433,1.0
11317,11801,1.0
11317,16701,1.0
11318,11319,1.0
11318,12171,1.0
11319,12000,1.0
11320,12758,1.0
11320,13575,1.0
11321,11322,1.0
11322,14672,1.0
11322,16461,1.0
11324,13595,1.0
11325,16160,1.0
11327,15205,1.0
11327,17403,1.0
11329,18981,1.0
11332,14656,1.0
11332,20185,1.0
11333,11334,1.0
11333,14353,1.0
11334,13945,1.0
11336,16388,1.0
11336,15443,1.0
11337,16958,1.0
11338,11748,1.0
11338,12277,1.0
11339,13308,1.0
11339,16688,1.0
11340,12952,1.0
11341,14096,1.0
11341,14001,1.0
11342,12124,1.0
11343,14874,1.0
11344,11345,1.0
11344,16736,1.0
11344,19366,1.0
11345,11645,1.0
11346,12220,1.0
11347,13171,1.0
11348,17447,1.0
11350,16321,1.0
11352,20957,1.0
11353,16011,1.0
11354,11355,1.0
11355,13442,1.0
11356,14683,1.0
11357,17042,1.0
11358,15500,1.0
11358,14085,1.0
11359,17940,1.0
11360,11361,1.0
11361,15241,1.0
11361,13339,1.0
11362,17690,1.0
11363,11683,1.0
11363,15813,1.0
11364,11365,1.0
11365,13783,1.0
11365,14430,1.0
11365,15999,1.0
11366,11367,1.0
11367,14313,1.0
11367,17321,1.0
11369,20520,1.0
11369,13303,1.0
11371,11372,1.0
11371,16639,1.0
11371,12494,1.0
11372,12882,1.0
11372,13292,1.0
11372,17661,1.0
11374,11375,1.0
11375,18528,1.0
11377,11820,1.0
11382,13245,1.0
11382,14544,1.0
11384,11385,1.0
11384,15974,1.0
11384,16907,1.0
11389,11390,1.0
11389,13773,1.0
11392,17591,1.0
11392,15030,1.0
11393,14080,1.0
11393,17718,1.0
11394,14141,1.0
11395,12303,1.0
11395,20367,1.0
11396,11397,1.0
11396,12557,1.0
11396,12632,1.0
11396,11405,1.0
11398,11891,1.0
11398,16088,1.0
11399,11876,1.0
11399,20190,1.0
11400,11401,1.0
11401,19480,1.0
11402,11403,1.0
11402,14928,1.0
11402,14926,1.0
11404,13517,1.0
11405,13289,1.0
11406,11848,1.0
11408,16514,1.0
11413,16735,1.0
11414,16769,1.0
11417,13514,1.0
11418,11633,1.0
11419,13919,1.0
11419,19793,1.0
11421,11422,1.0
11421,15315,1.0
11422,14234,1.0
11423,17633,1.0
11423,17733,1.0
11425,18310,1.0
11426,16988,1.0
11426,17624,1.0
11427,16551,1.0
11428,19013,1.0
11429,14155,1.0
11430,12526,1.0
11431,12477,1.0
11432,11433,1.0
11432,13369,1.0
11433,12219,1.0
11434,11435,1.0
11435,16165,1.0
11435,13493,1.0
11435,19788,1.0
11436,11437,1.0
11437,14856,1.0
11437,19400,1.0
11438,17680,1.0
11438,20995,1.0
11439,12213,1.0
11439,12232,1.0
11440,13508,1.0
11440,17242,1.0
11440,12735,1.0
11441,13271,1.0
11442,11486,1.0
11443,17882,1.0
11444,11641,1.0
11446,14363,1.0
11447,16564,1.0
11449,14897,1.0
11449,12126,1.0
11450,12434,1.0
11450,12592,1.0
11451,12476,1.0
11451,20512,1.0
11452,16515,1.0
11453,11454,1.0
11453,11700,1.0
11455,13520,1.0
11455,13945,1.0
11455,11846,1.0
11456,11457,1.0
11459,12291,1.0
11459,12163,1.0
11461,14531,1.0
11462,16909,1.0
11462,18033,1.0
11463,11464,1.0
11463,12997,1.0
11464,12699,1.0
11465,12093,1.0
11466,11467,1.0
11466,15966,1.0
11467,15468,1.0
11467,16255,1.0
11468,13122,1.0
11469,14569,1.0
11471,12724,1.0
11471,19864,1.0
11473,18344,1.0
11474,11475,1.0
11475,13074,1.0
11476,11477,1.0
11476,18966,1.0
11479,11480,1.0
11481,18283,1.0
11482,20769,1.0
11482,20770,1.0
11484,11485,1.0
11486,18477,1.0
11489,12108,1.0
11493,11494,1.0
11493,14903,1.0
11493,14923,1.0
11497,12082,1.0
11498,11499,1.0
11499,14125,1.0
11504,11975,1.0
11505,13761,1.0
11506,11507,1.0
11506,13054,1.0
11507,12623,1.0
11507,13054,1.0
11507,18315,1.0
11509,15846,1.0
11510,11674,1.0
11510,18109,1.0
11511,15308,1.0
11512,16229,1.0
11516,11517,1.0
11516,15800,1.0
11518,19569,1.0
11518,13969,1.0
11520,13458,1.0
11521,11522,1.0
11523,11524,1.0
11523,13751,1.0
11523,14700,1.0
11526,17044,1.0
11526,17072,1.0
11528,16942,1.0
11530,11531,1.0
11530,11674,1.0
11530,17463,1.0
11532,11843,1.0
11532,13978,1.0
11533,13414,1.0
11533,16894,1.0
11534,11612,1.0
11534,14249,1.0
11535,15039,1.0
11535,12453,1.0
11537,13305,1.0
11538,11965,1.0
11539,16942,1.0
11542,16592,1.0
11543,11544,1.0
11543,16235,1.0
11544,16235,1.0
11546,14705,1.0
11547,11548,1.0
11550,11551,1.0
11550,12841,1.0
11550,17456,1.0
11551,13417,1.0
11551,12842,1.0
11552,11553,1.0
11554,16217,1.0
11555,16492,1.0
11555,11742,1.0
11556,11557,1.0
11558,15043,1.0
11559,13995,1.0
11561,18853,1.0
11562,11563,1.0
11562,12218,1.0
11563,16112,1.0
11564,11565,1.0
11564,14250,1.0
11564,12961,1.0
11566,17868,1.0
11567,11568,1.0
11568,16150,1.0
11569,11570,1.0
11573,18980,1.0
11573,13605,1.0
11574,11575,1.0
11576,14865,1.0
11576,13702,1.0
11577,11578,1.0
11579,11580,1.0
11579,12686,1.0
11579,15652,1.0
11580,11726,1.0
11580,15652,1.0
11581,14515,1.0
11582,11980,1.0
11582,15937,1.0
11583,13255,1.0
11584,11814,1.0
11584,19785,1.0
11585,11586,1.0
11585,14717,1.0
11585,14393,1.0
11586,11969,1.0
11587,11588,1.0
11587,12791,1.0
11587,20796,1.0
11588,12630,1.0
11588,14071,1.0
11589,14376,1.0
11589,15168,1.0
11591,16279,1.0
11591,17949,1.0
11593,17744,1.0
11593,14260,1.0
11594,11595,1.0
11594,12958,1.0
11594,17720,1.0
11595,19162,1.0
11595,16278,1.0
11596,11597,1.0
11596,16872,1.0
11596,13103,1.0
11597,11624,1.0
11599,14214,1.0
11601,11602,1.0
11602,16668,1.0
11602,17855,1.0
11604,12852,1.0
11604,20872,1.0
11606,14507,1.0
11606,17598,1.0
11609,11610,1.0
11610,15245,1.0
11611,11612,1.0
11611,12228,1.0
11612,11657,1.0
11614,14772,1.0
11614,16934,1.0
11615,16735,1.0
11616,11938,1.0
11617,13071,1.0
11617,15017,1.0
11617,14888,1.0
11619,13659,1.0
11619,12385,1.0
11619,20782,1.0
11619,20466,1.0
11623,12314,1.0
11624,16872,1.0
11625,11626,1.0
11625,11885,1.0
11626,14105,1.0
11626,16309,1.0
11627,12412,1.0
11627,16251,1.0
11628,12145,1.0
11629,15124,1.0
11631,16409,1.0
11633,11812,1.0
11634,12741,1.0
11635,13175,1.0
11636,16359,1.0
11637,11638,1.0
11638,13274,1.0
11639,16743,1.0
11640,16450,1.0
11641,13511,1.0
11643,12052,1.0
11643,16581,1.0
11645,14222,1.0
11645,19366,1.0
11646,12316,1.0
11646,18507,1.0
11650,11783,1.0
11651,11652,1.0
11651,18057,1.0
11651,21132,1.0
11652,15945,1.0
11652,18005,1.0
11653,11654,1.0
11653,15236,1.0
11654,20993,1.0
11655,20299,1.0
11656,16524,1.0
11657,13788,1.0
11657,14249,1.0
11658,13700,1.0
11659,17722,1.0
11660,12533,1.0
11660,19409,1.0
11661,11662,1.0
11661,13825,1.0
11661,16806,1.0
11661,19524,1.0
11662,17092,1.0
11663,12737,1.0
11664,14885,1.0
11668,11669,1.0
11668,20160,1.0
11671,13371,1.0
11672,11673,1.0
11672,17525,1.0
11673,14217,1.0
11674,15715,1.0
11675,14084,1.0
11677,11678,1.0
11677,15668,1.0
11677,14002,1.0
11678,15830,1.0
11681,11682,1.0
11681,17275,1.0
11681,17274,1.0
11682,17272,1.0
11684,11685,1.0
11685,12694,1.0
11686,15405,1.0
11687,16870,1.0
11688,13404,1.0
11689,17394,1.0
11689,18082,1.0
11691,11692,1.0
11691,13822,1.0
11695,11696,1.0
11696,15029,1.0
11696,16685,1.0
11699,11700,1.0
11700,15316,1.0
11701,11702,1.0
11701,14999,1.0
11702,12273,1.0
11703,14830,1.0
11705,16915,1.0
11705,12452,1.0
11706,13554,1.0
11709,16311,1.0
11710,12972,1.0
11711,13727,1.0
11712,14892,1.0
11712,16914,1.0
11715,14040,1.0
11716,13128,1.0
11718,12124,1.0
11718,16828,1.0
11719,14027,1.0
11720,15251,1.0
11724,11725,1.0
11724,12085,1.0
11724,13463,1.0
11726,16516,1.0
11726,12472,1.0
11727,12056,1.0
11728,16608,1.0
11729,17468,1.0
11733,14485,1.0
11733,17394,1.0
11736,14873,1.0
11736,13778,1.0
11737,11738,1.0
11737,13218,1.0
11737,15298,1.0
11738,13756,1.0
11739,11740,1.0
11741,16912,1.0
11741,12912,1.0
11742,13300,1.0
11742,11819,1.0
11744,11745,1.0
11744,12443,1.0
11745,12444,1.0
11747,14606,1.0
11748,14377,1.0
11748,16108,1.0
11749,13574,1.0
11750,17708,1.0
11751,19383,1.0
11752,11753,1.0
11752,11999,1.0
11753,12685,1.0
11753,13833,1.0
11756,12088,1.0
11757,11758,1.0
11757,12725,1.0
11757,13170,1.0
11758,12497,1.0
11759,12407,1.0
11760,13371,1.0
11761,11762,1.0
11761,16583,1.0
11763,11764,1.0
11764,13134,1.0
11765,19935,1.0
11765,20763,1.0
11767,11768,1.0
11767,16071,1.0
11767,13364,1.0
11767,18116,1.0
11768,20181,1.0
11769,18250,1.0
11770,11771,1.0
11770,14419,1.0
11771,14305,1.0
11771,12827,1.0
11772,12456,1.0
11774,12050,1.0
11776,11965,1.0
11777,11778,1.0
11777,16613,1.0
11777,16819,1.0
11778,12604,1.0
11778,14769,1.0
11780,17978,1.0
11781,11782,1.0
11782,11899,1.0
11782,16800,1.0
11783,16687,1.0
11783,18248,1.0
11784,16677,1.0
11787,11788,1.0
11787,14013,1.0
11788,20393,1.0
11789,20805,1.0
11789,20806,1.0
11790,11791,1.0
11790,13377,1.0
11791,13275,1.0
11791,14201,1.0
11793,12638,1.0
11794,11795,1.0
11798,16454,1.0
11798,16481,1.0
11799,13233,1.0
11799,15706,1.0
11799,15711,1.0
11800,14210,1.0
11800,19413,1.0
11801,16202,1.0
11803,13664,1.0
11805,16855,1.0
11807,12684,1.0
11808,11809,1.0
11808,12107,1.0
11808,17078,1.0
11809,13743,1.0
11810,12284,1.0
11810,21060,1.0
11811,11812,1.0
11813,11844,1.0
11813,15080,1.0
11815,13547,1.0
11816,11817,1.0
11816,11918,1.0
11816,16711,1.0
11818,11819,1.0
11818,13300,1.0
11818,16969,1.0
11819,16970,1.0
11820,15474,1.0
11821,11822,1.0
11821,16381,1.0
11821,14693,1.0
11823,11824,1.0
11824,12760,1.0
11824,12659,1.0
11825,12116,1.0
11825,20819,1.0
11826,11827,1.0
11826,13244,1.0
11827,13644,1.0
11827,17443,1.0
11828,16494,1.0
11831,17632,1.0
11831,12524,1.0
11832,12315,1.0
11832,15533,1.0
11833,16454,1.0
11834,13120,1.0
11834,11915,1.0
11835,15720,1.0
11835,13377,1.0
11836,13115,1.0
11838,14692,1.0
11838,12391,1.0
11839,14876,1.0
11840,14723,1.0
11845,12871,1.0
11845,13846,1.0
11846,11847,1.0
11846,14909,1.0
11848,15121,1.0
11849,16460,1.0
11849,18530,1.0
11851,12721,1.0
11853,14718,1.0
11854,12062,1.0
11854,15050,1.0
11855,11856,1.0
11855,14205,1.0
11857,11882,1.0
11857,17807,1.0
11857,19188,1.0
11858,12121,1.0
11859,13702,1.0
11859,16511,1.0
11860,12204,1.0
11860,12899,1.0
11862,12561,1.0
11862,13483,1.0
11863,15440,1.0
11864,16092,1.0
11864,17012,1.0
11867,12936,1.0
11869,12044,1.0
11869,14666,1.0
11870,11871,1.0
11871,13431,1.0
11873,11994,1.0
11874,13681,1.0
11874,16615,1.0
11876,11877,1.0
11876,20177,1.0
11877,16089,1.0
11877,14641,1.0
11878,19205,1.0
11878,19191,1.0
11880,12224,1.0
11880,17572,1.0
11881,11882,1.0
11882,19188,1.0
11882,12786,1.0
11884,12754,1.0
11884,16106,1.0
11885,16309,1.0
11885,15991,1.0
11889,20769,1.0
11889,20772,1.0
11889,20774,1.0
11890,15623,1.0
11890,12338,1.0
11890,12574,1.0
11891,14073,1.0
11892,12598,1.0
11893,17872,1.0
11894,13904,1.0
11895,11896,1.0
11895,15459,1.0
11895,15643,1.0
11896,14651,1.0
11897,12838,1.0
11897,13487,1.0
11898,12856,1.0
11898,15286,1.0
11899,11900,1.0
11899,16750,1.0
11900,12936,1.0
11901,11902,1.0
11902,13369,1.0
11902,16131,1.0
11903,12683,1.0
11904,11905,1.0
11904,16274,1.0
11905,14041,1.0
11906,16367,1.0
11907,14776,1.0
11908,11909,1.0
11909,16429,1.0
11910,17511,1.0
11910,17538,1.0
11912,20192,1.0
11915,21047,1.0
11916,11917,1.0
11917,13217,1.0
11919,16473,1.0
11920,12655,1.0
11922,16878,1.0
11924,11925,1.0
11924,16331,1.0
11925,17875,1.0
11925,18136,1.0
11926,16504,1.0
11927,11928,1.0
11927,17700,1.0
11928,13241,1.0
11928,16763,1.0
11930,11931,1.0
11930,21061,1.0
11931,17383,1.0
11931,21026,1.0
11934,12382,1.0
11935,20436,1.0
11936,12283,1.0
11939,14281,1.0
11941,11942,1.0
11941,16250,1.0
11942,12935,1.0
11942,19181,1.0
11943,11992,1.0
11945,15199,1.0
11946,16138,1.0
11946,12526,1.0
11948,11949,1.0
11949,14325,1.0
11950,14606,1.0
11953,11954,1.0
11956,14646,1.0
11957,14098,1.0
11957,14910,1.0
11958,11959,1.0
11958,19936,1.0
11959,16140,1.0
11960,13444,1.0
11960,14926,1.0
11961,14685,1.0
11962,13067,1.0
11963,11964,1.0
11964,19855,1.0
11964,20297,1.0
11965,13434,1.0
11966,17531,1.0
11968,14241,1.0
11968,19898,1.0
11968,16299,1.0
11969,13714,1.0
11970,12414,1.0
11970,21130,1.0
11970,20367,1.0
11971,11972,1.0
11971,14658,1.0
11971,17968,1.0
11972,12005,1.0
11973,15431,1.0
11973,15598,1.0
11973,13325,1.0
11973,16832,1.0
11974,11975,1.0
11975,18240,1.0
11976,11977,1.0
11977,13981,1.0
11978,12972,1.0
11979,13701,1.0
11981,16980,1.0
11981,12778,1.0
11982,13022,1.0
11984,12747,1.0
11984,12347,1.0
11986,17721,1.0
11986,18514,1.0
11987,11988,1.0
11987,15048,1.0
11991,16766,1.0
11991,12934,1.0
11995,11996,1.0
11995,12300,1.0
11996,12338,1.0
11998,11999,1.0
12002,13313,1.0
12003,12004,1.0
12003,16645,1.0
12004,16328,1.0
12007,12008,1.0
12007,12860,1.0
12009,13949,1.0
12010,13446,1.0
12011,12922,1.0
12012,13933,1.0
12013,13606,1.0
12013,20687,1.0
12014,13365,1.0
12015,14770,1.0
12015,15817,1.0
12016,19148,1.0
12017,20701,1.0
12018,14334,1.0
12021,14023,1.0
12021,13949,1.0
12022,12521,1.0
12022,13979,1.0
12023,12024,1.0
12023,20975,1.0
12024,13980,1.0
12025,12570,1.0
12026,14090,1.0
12026,21076,1.0
12026,16941,1.0
12027,17962,1.0
12028,16637,1.0
12029,14801,1.0
12030,12031,1.0
12030,16783,1.0
12033,13879,1.0
12033,12282,1.0
12035,12244,1.0
12035,14555,1.0
12035,17873,1.0
12036,12037,1.0
12038,12039,1.0
12038,12956,1.0
12038,15346,1.0
12040,12041,1.0
12040,12698,1.0
12040,16125,1.0
12042,12043,1.0
12042,16401,1.0
12042,17503,1.0
12043,13906,1.0
12046,13014,1.0
12047,13527,1.0
12049,12050,1.0
12049,12706,1.0
12050,12707,1.0
12051,14068,1.0
12051,14679,1.0
12051,20441,1.0
12052,16473,1.0
12053,14800,1.0
12053,13142,1.0
12055,12209,1.0
12056,13653,1.0
12057,16789,1.0
12058,12293,1.0
12059,12060,1.0
12059,12354,1.0
12059,17685,1.0
12061,15547,1.0
12061,14311,1.0
12063,20161,1.0
12064,12065,1.0
12064,13332,1.0
12064,16337,1.0
12065,16578,1.0
12065,17562,1.0
12066,16795,1.0
12067,14037,1.0
12067,14311,1.0
12068,12069,1.0
12068,13184,1.0
12068,19771,1.0
12069,14681,1.0
12069,17179,1.0
12070,14279,1.0
12071,16488,1.0
12072,20337,1.0
12073,16976,1.0
12077,12318,1.0
12077,14567,1.0
12077,16760,1.0
12080,17377,1.0
12080,12265,1.0
12080,21083,1.0
12081,12292,1.0
12081,12164,1.0
12082,16541,1.0
12083,14092,1.0
12083,13763,1.0
12089,16623,1.0
12090,12091,1.0
12090,14264,1.0
12090,16457,1.0
12090,17170,1.0
12091,15944,1.0
12091,16317,1.0
12092,15567,1.0
12093,12094,1.0
12096,15171,1.0
12096,17552,1.0
12097,12098,1.0
12099,14530,1.0
12100,12101,1.0
12100,14811,1.0
12101,12988,1.0
12101,12409,1.0
12102,12103,1.0
12102,15816,1.0
12102,19246,1.0
12103,15457,1.0
12103,17337,1.0
12103,16175,1.0
12104,16396,1.0
12105,12106,1.0
12105,15273,1.0
12107,14541,1.0
12109,15350,1.0
12113,12210,1.0
12113,12906,1.0
12114,12115,1.0
12115,15160,1.0
12116,13881,1.0
12118,12784,1.0
12119,16626,1.0
12119,14066,1.0
12120,13221,1.0
12122,13043,1.0
12124,12125,1.0
12125,16828,1.0
12126,12127,1.0
12128,12129,1.0
12128,14033,1.0
12128,14386,1.0
12129,15923,1.0
12130,17714,1.0
12130,19840,1.0
12132,14893,1.0
12133,20500,1.0
12135,14214,1.0
12137,14481,1.0
12137,16941,1.0
12138,12139,1.0
12140,12141,1.0
12140,16447,1.0
12141,15095,1.0
12141,18104,1.0
12142,12143,1.0
12143,20348,1.0
12144,14025,1.0
12147,12246,1.0
12149,13217,1.0
12150,12197,1.0
12151,12703,1.0
12151,20443,1.0
12153,12269,1.0
12153,15439,1.0
12153,20849,1.0
12154,12155,1.0
12154,16082,1.0
12157,12158,1.0
12157,12582,1.0
12157,14227,1.0
12159,12160,1.0
12159,14916,1.0
12161,14256,1.0
12164,12490,1.0
12167,12168,1.0
12167,13503,1.0
12168,13975,1.0
12169,14134,1.0
12172,12173,1.0
12173,15014,1.0
12174,19178,1.0
12175,16739,1.0
12175,13865,1.0
12177,14561,1.0
12179,14956,1.0
12180,12181,1.0
12181,12370,1.0
12181,12312,1.0
12182,14454,1.0
12183,14694,1.0
12184,17452,1.0
12186,12187,1.0
12188,12189,1.0
12188,19242,1.0
12188,19969,1.0
12189,14685,1.0
12189,19955,1.0
12193,16632,1.0
12194,13528,1.0
12195,12196,1.0
12195,13683,1.0
12197,19347,1.0
12201,12202,1.0
12201,19030,1.0
12206,12207,1.0
12206,14530,1.0
12211,12907,1.0
12212,13717,1.0
12212,14904,1.0
12215,19168,1.0
12215,20060,1.0
12217,12218,1.0
12217,16125,1.0
12219,20229,1.0
12220,14471,1.0
12221,13617,1.0
12222,12600,1.0
12222,12784,1.0
12224,14087,1.0
12225,15710,1.0
12225,15711,1.0
12227,16669,1.0
12230,12679,1.0
12230,16547,1.0
12230,16882,1.0
12231,13617,1.0
12231,19123,1.0
12233,12234,1.0
12233,12658,1.0
12233,13907,1.0
12234,12441,1.0
12234,17074,1.0
12234,20548,1.0
12234,16522,1.0
12235,16701,1.0
12237,12316,1.0
12237,12831,1.0
12238,12239,1.0
12239,14114,1.0
12239,17019,1.0
12240,12241,1.0
12241,12710,1.0
12241,16632,1.0
12242,13507,1.0
12245,16816,1.0
12246,13144,1.0
12247,14515,1.0
12248,12249,1.0
12248,15484,1.0
12250,17288,1.0
12250,17347,1.0
12250,17376,1.0
12251,16784,1.0
12251,16646,1.0
12253,12254,1.0
12253,17386,1.0
12253,17364,1.0
12254,17259,1.0
12254,17415,1.0
12254,15351,1.0
12255,12256,1.0
12255,14835,1.0
12255,16076,1.0
12256,20095,1.0
12257,17260,1.0
12257,17359,1.0
12259,12260,1.0
12261,12262,1.0
12261,17773,1.0
12261,21020,1.0
12261,21069,1.0
12262,13713,1.0
12262,17360,1.0
12263,12264,1.0
12263,13156,1.0
12263,13197,1.0
12264,13358,1.0
12264,13479,1.0
12265,17946,1.0
12265,17403,1.0
12269,17903,1.0
12270,13929,1.0
12272,12428,1.0
12273,13851,1.0
12275,12276,1.0
12275,20233,1.0
12278,12279,1.0
12280,12281,1.0
12280,12582,1.0
12280,16120,1.0
12282,13818,1.0
12284,16677,1.0
12286,16893,1.0
12287,20392,1.0
12287,17778,1.0
12287,14550,1.0
12288,12289,1.0
12292,20289,1.0
12292,20985,1.0
12294,21142,1.0
12295,12296,1.0
12296,19374,1.0
12296,19704,1.0
12299,13795,1.0
12300,20038,1.0
12300,16835,1.0
12301,12302,1.0
12302,15479,1.0
12303,12304,1.0
12303,17231,1.0
12304,16888,1.0
12305,12306,1.0
12306,15013,1.0
12306,15020,1.0
12307,13378,1.0
12308,12309,1.0
12309,16089,1.0
12311,12312,1.0
12311,15911,1.0
12312,20172,1.0
12313,12314,1.0
12314,14427,1.0
12314,16768,1.0
12316,18509,1.0
12317,13463,1.0
12319,16669,1.0
12320,13694,1.0
12324,21123,1.0
12325,14308,1.0
12325,19905,1.0
12329,13672,1.0
12329,17089,1.0
12330,14181,1.0
12331,12485,1.0
12331,18135,1.0
12332,12938,1.0
12333,13953,1.0
12333,16972,1.0
12334,13780,1.0
12337,15445,1.0
12338,16835,1.0
12339,16330,1.0
12339,16579,1.0
12340,12341,1.0
12343,12868,1.0
12344,12376,1.0
12345,17656,1.0
12347,14155,1.0
12347,16126,1.0
12348,13728,1.0
12349,20793,1.0
12350,12351,1.0
12350,12518,1.0
12350,17836,1.0
12351,19898,1.0
12352,21078,1.0
12353,13605,1.0
12354,16794,1.0
12355,16759,1.0
12355,15472,1.0
12357,13278,1.0
12358,12359,1.0
12358,19585,1.0
12358,20349,1.0
12359,12675,1.0
12359,13329,1.0
12360,12713,1.0
12360,21187,1.0
12361,13116,1.0
12362,12561,1.0
12362,13483,1.0
12362,18166,1.0
12364,12365,1.0
12364,13889,1.0
12367,15897,1.0
12367,16723,1.0
12368,16503,1.0
12371,12372,1.0
12372,12402,1.0
12372,13109,1.0
12373,15658,1.0
12373,16030,1.0
12374,14367,1.0
12374,13705,1.0
12375,20435,1.0
12375,20437,1.0
12376,17967,1.0
12378,13801,1.0
12379,18515,1.0
12380,14627,1.0
12382,16853,1.0
12384,14386,1.0
12384,18153,1.0
12385,17770,1.0
12386,13480,1.0
12386,17851,1.0
12387,12388,1.0
12387,14088,1.0
12387,13630,1.0
12390,12391,1.0
12391,12991,1.0
12392,12393,1.0
12392,13543,1.0
12392,14808,1.0
12395,13730,1.0
12395,14880,1.0
12396,12397,1.0
12396,19731,1.0
12396,20903,1.0
12397,17437,1.0
12397,18544,1.0
12398,14057,1.0
12399,12400,1.0
12399,12844,1.0
12400,13602,1.0
12400,12844,1.0
12402,13479,1.0
12402,14630,1.0
12404,13901,1.0
12404,14040,1.0
12405,14374,1.0
12406,17683,1.0
12410,12454,1.0
12410,15034,1.0
12411,17048,1.0
12411,13326,1.0
12411,19853,1.0
12413,13636,1.0
12415,14010,1.0
12415,17706,1.0
12420,13030,1.0
12421,17461,1.0
12421,17388,1.0
12422,12423,1.0
12423,17273,1.0
12425,20509,1.0
12426,13531,1.0
12426,16529,1.0
12427,14135,1.0
12427,13934,1.0
12428,12705,1.0
12429,13711,1.0
12429,16819,1.0
12430,12431,1.0
12431,16530,1.0
12432,12433,1.0
12432,12579,1.0
12433,13912,1.0
12434,16356,1.0
12435,13976,1.0
12438,16404,1.0
12438,15739,1.0
12442,13817,1.0
12443,12444,1.0
12445,12446,1.0
12447,17664,1.0
12448,12449,1.0
12450,13015,1.0
12450,16897,1.0
12450,20391,1.0
12452,14509,1.0
12452,17643,1.0
12452,19344,1.0
12453,16833,1.0
12457,19313,1.0
12458,15550,1.0
12459,12460,1.0
12460,13314,1.0
12461,13564,1.0
12461,17766,1.0
12462,14302,1.0
12463,15219,1.0
12463,14232,1.0
12463,14644,1.0
12464,12465,1.0
12464,14767,1.0
12464,12505,1.0
12468,17086,1.0
12468,12850,1.0
12468,14540,1.0
12470,12471,1.0
12471,16651,1.0
12471,17537,1.0
12472,16473,1.0
12474,12475,1.0
12474,16547,1.0
12474,12679,1.0
12475,14870,1.0
12475,16548,1.0
12476,20852,1.0
12478,12479,1.0
12479,17378,1.0
12480,13099,1.0
12481,17010,1.0
12481,20658,1.0
12482,15073,1.0
12483,15159,1.0
12484,15734,1.0
12484,15759,1.0
12485,18269,1.0
12486,13734,1.0
12486,15717,1.0
12487,16983,1.0
12488,17735,1.0
12489,12591,1.0
12491,14022,1.0
12492,13583,1.0
12492,16373,1.0
12492,15524,1.0
12493,12494,1.0
12493,14771,1.0
12494,13292,1.0
12494,16678,1.0
12495,14105,1.0
12495,16452,1.0
12496,13776,1.0
12499,12500,1.0
12499,13911,1.0
12499,17310,1.0
12501,17431,1.0
12501,18560,1.0
12501,17860,1.0
12502,12503,1.0
12502,14376,1.0
12502,13512,1.0
12505,20057,1.0
12507,13451,1.0
12507,16653,1.0
12508,13935,1.0
12509,12669,1.0
12509,20802,1.0
12511,16500,1.0
12513,12876,1.0
12514,13774,1.0
12514,14398,1.0
12517,14624,1.0
12519,18456,1.0
12522,12523,1.0
12522,20591,1.0
12522,15008,1.0
12523,17754,1.0
12524,16712,1.0
12525,16206,1.0
12525,17071,1.0
12526,16100,1.0
12527,12528,1.0
12527,13183,1.0
12527,20333,1.0
12527,16902,1.0
12528,12746,1.0
12528,13467,1.0
12529,17674,1.0
12531,14050,1.0
12532,15159,1.0
12533,19407,1.0
12535,14831,1.0
12535,14965,1.0
12535,19994,1.0
12536,17276,1.0
12539,12540,1.0
12539,14785,1.0
12540,13147,1.0
12541,12542,1.0
12541,13988,1.0
12541,16910,1.0
12543,12544,1.0
12543,16587,1.0
12545,12546,1.0
12545,13785,1.0
12546,12743,1.0
12546,20686,1.0
12548,13207,1.0
12550,12912,1.0
12551,16396,1.0
12552,12553,1.0
12553,16989,1.0
12553,16056,1.0
12554,12555,1.0
12557,12584,1.0
12559,14357,1.0
12559,20252,1.0
12560,16378,1.0
12560,17584,1.0
12562,16725,1.0
12564,14145,1.0
12565,12566,1.0
12565,14692,1.0
12565,16079,1.0
12566,14667,1.0
12566,14617,1.0
12567,12568,1.0
12567,15168,1.0
12567,18994,1.0
12568,13188,1.0
12568,17791,1.0
12570,12925,1.0
12571,13999,1.0
12573,14848,1.0
12574,12575,1.0
12576,16685,1.0
12577,12578,1.0
12577,16968,1.0
12578,16742,1.0
12579,14179,1.0
12580,13012,1.0
12580,16670,1.0
12581,17894,1.0
12583,14374,1.0
12584,17902,1.0
12584,19249,1.0
12585,12586,1.0
12586,17739,1.0
12586,15780,1.0
12589,17439,1.0
12591,17062,1.0
12592,17888,1.0
12593,12594,1.0
12593,13310,1.0
12595,16798,1.0
12597,12598,1.0
12599,16805,1.0
12599,15885,1.0
12600,16619,1.0
12601,16856,1.0
12603,16472,1.0
12604,16613,1.0
12605,16728,1.0
12605,14352,1.0
12607,12608,1.0
12607,17889,1.0
12608,13400,1.0
12608,14378,1.0
12609,15871,1.0
12609,17286,1.0
12610,18617,1.0
12610,18687,1.0
12610,19840,1.0
12610,20006,1.0
12611,16109,1.0
12612,16428,1.0
12613,13523,1.0
12613,12615,1.0
12615,12616,1.0
12615,13536,1.0
12616,13537,1.0
12616,19437,1.0
12617,16939,1.0
12617,16519,1.0
12618,13755,1.0
12618,20303,1.0
12623,17204,1.0
12624,12625,1.0
12624,14628,1.0
12625,15581,1.0
12626,19512,1.0
12628,12629,1.0
12629,13611,1.0
12629,19412,1.0
12632,20257,1.0
12633,13024,1.0
12633,14788,1.0
12634,17669,1.0
12634,17446,1.0
12636,13264,1.0
12639,12640,1.0
12639,14022,1.0
12640,14018,1.0
12641,12642,1.0
12642,15556,1.0
12643,12644,1.0
12643,19785,1.0
12644,17857,1.0
12644,19753,1.0
12646,16126,1.0
12647,16154,1.0
12647,21141,1.0
12648,12649,1.0
12649,13896,1.0
12649,14453,1.0
12650,14093,1.0
12650,13778,1.0
12651,14718,1.0
12651,16550,1.0
12652,16660,1.0
12652,18307,1.0
12653,16958,1.0
12655,14282,1.0
12657,13425,1.0
12658,16997,1.0
12659,13409,1.0
12661,12662,1.0
12663,14690,1.0
12665,12666,1.0
12665,19136,1.0
12665,19182,1.0
12666,15551,1.0
12666,19196,1.0
12666,13643,1.0
12667,16327,1.0
12668,16604,1.0
12670,12671,1.0
12670,16011,1.0
12671,13249,1.0
12672,12934,1.0
12676,16401,1.0
12678,17007,1.0
12679,17263,1.0
12679,17206,1.0
12680,13950,1.0
12681,18023,1.0
12682,12683,1.0
12687,14414,1.0
12687,18295,1.0
12688,12689,1.0
12690,12691,1.0
12690,19169,1.0
12690,19177,1.0
12690,20138,1.0
12691,19807,1.0
12691,19746,1.0
12693,12694,1.0
12697,12698,1.0
12699,13413,1.0
12703,12704,1.0
12703,12814,1.0
12705,14901,1.0
12706,12707,1.0
12706,17485,1.0
12707,15125,1.0
12708,13770,1.0
12709,17214,1.0
12710,15127,1.0
12711,13042,1.0
12712,12713,1.0
12714,13105,1.0
12715,15040,1.0
12716,14085,1.0
12716,16092,1.0
12717,16838,1.0
12718,14030,1.0
12718,14752,1.0
12719,12720,1.0
12719,16686,1.0
12724,14408,1.0
12724,19773,1.0
12725,14329,1.0
12725,18202,1.0
12725,19161,1.0
12725,20979,1.0
12727,14879,1.0
12728,14444,1.0
12728,12868,1.0
12728,13882,1.0
12730,16352,1.0
12731,17513,1.0
12732,16751,1.0
12733,12734,1.0
12733,14042,1.0
12733,15317,1.0
12738,12739,1.0
12738,14603,1.0
12741,12941,1.0
12742,12943,1.0
12743,16795,1.0
12743,13633,1.0
12744,16507,1.0
12746,13183,1.0
12746,13902,1.0
12746,14438,1.0
12748,13478,1.0
12749,13107,1.0
12749,14273,1.0
12751,16846,1.0
12753,12838,1.0
12755,13598,1.0
12755,16076,1.0
12756,12757,1.0
12756,15240,1.0
12756,14157,1.0
12757,13209,1.0
12757,15979,1.0
12761,13464,1.0
12761,14066,1.0
12763,15982,1.0
12764,15208,1.0
12764,19295,1.0
12766,16085,1.0
12767,12768,1.0
12767,14402,1.0
12769,14598,1.0
12771,13842,1.0
12772,17532,1.0
12772,18022,1.0
12773,12774,1.0
12773,15535,1.0
12775,13224,1.0
12776,13737,1.0
12780,13406,1.0
12782,12783,1.0
12782,15302,1.0
12782,15293,1.0
12782,14538,1.0
12783,12823,1.0
12784,16619,1.0
12786,14205,1.0
12788,12898,1.0
12788,12899,1.0
12788,19548,1.0
12791,20794,1.0
12792,14051,1.0
12794,12795,1.0
12794,14313,1.0
12794,20281,1.0
12798,12799,1.0
12799,13708,1.0
12799,13887,1.0
12802,12803,1.0
12802,15268,1.0
12804,13804,1.0
12805,12806,1.0
12806,14890,1.0
12806,19396,1.0
12808,15494,1.0
12809,13085,1.0
12812,13916,1.0
12812,14213,1.0
12813,12814,1.0
12814,16570,1.0
12814,16054,1.0
12815,12816,1.0
12818,14244,1.0
12821,12822,1.0
12822,13032,1.0
12823,13756,1.0
12824,14128,1.0
12825,17034,1.0
12825,13681,1.0
12827,14305,1.0
12828,12829,1.0
12831,18516,1.0
12832,12833,1.0
12834,17210,1.0
12834,17211,1.0
12835,13151,1.0
12835,19338,1.0
12836,12838,1.0
12836,14121,1.0
12837,17998,1.0
12839,12840,1.0
12839,17017,1.0
12839,20086,1.0
12840,16370,1.0
12840,16351,1.0
12841,12842,1.0
12841,14887,1.0
12841,16327,1.0
12843,13385,1.0
12844,14068,1.0
12845,12846,1.0
12846,16042,1.0
12847,14500,1.0
12847,14382,1.0
12852,20874,1.0
12852,17278,1.0
12853,12854,1.0
12853,16940,1.0
12854,14539,1.0
12854,16940,1.0
12855,15976,1.0
12855,17969,1.0
12856,15339,1.0
12856,14485,1.0
12857,16392,1.0
12860,13146,1.0
12862,14057,1.0
12863,13671,1.0
12863,20468,1.0
12864,16560,1.0
12866,16803,1.0
12867,18000,1.0
12867,13711,1.0
12868,13882,1.0
12871,12872,1.0
12872,13846,1.0
12872,20453,1.0
12874,14428,1.0
12875,17076,1.0
12876,14125,1.0
12878,13647,1.0
12878,20858,1.0
12878,20859,1.0
12879,15454,1.0
12879,14299,1.0
12882,16639,1.0
12882,18410,1.0
12883,16509,1.0
12883,16965,1.0
12884,13015,1.0
12884,19830,1.0
12885,13023,1.0
12886,15944,1.0
12886,16703,1.0
12888,15756,1.0
12888,20225,1.0
12889,12890,1.0
12889,14807,1.0
12889,15170,1.0
12891,14815,1.0
12892,12948,1.0
12894,16419,1.0
12895,15614,1.0
12895,16903,1.0
12897,20457,1.0
12898,12899,1.0
12898,15420,1.0
12899,16903,1.0
12899,17000,1.0
12899,15441,1.0
12901,15341,1.0
12901,19484,1.0
12904,13495,1.0
12904,20353,1.0
12906,13417,1.0
12907,14627,1.0
12908,12909,1.0
12909,16443,1.0
12911,20287,1.0
12911,14151,1.0
12911,21119,1.0
12912,14615,1.0
12913,13434,1.0
12914,12915,1.0
12915,18143,1.0
12917,13799,1.0
12918,13542,1.0
12918,18256,1.0
12921,18631,1.0
12922,12923,1.0
12922,13889,1.0
12923,14543,1.0
12923,14296,1.0
12924,21052,1.0
12925,14833,1.0
12926,12927,1.0
12927,16886,1.0
12928,14723,1.0
12929,16833,1.0
12930,17027,1.0
12931,13886,1.0
12933,14878,1.0
12933,15734,1.0
12935,16250,1.0
12935,16649,1.0
12936,14487,1.0
12937,13215,1.0
12938,13461,1.0
12938,13774,1.0
12939,15130,1.0
12940,12941,1.0
12941,14200,1.0
12942,12943,1.0
12944,14680,1.0
12945,13029,1.0
12945,18041,1.0
12949,12950,1.0
12949,16721,1.0
12951,12952,1.0
12953,12954,1.0
12953,16517,1.0
12955,12956,1.0
12957,20608,1.0
12959,12960,1.0
12961,12962,1.0
12961,14044,1.0
12962,20708,1.0
12962,17420,1.0
12963,16705,1.0
12965,13414,1.0
12967,16122,1.0
12967,19035,1.0
12969,12980,1.0
12970,16863,1.0
12973,14004,1.0
12974,12975,1.0
12974,19685,1.0
12976,13878,1.0
12977,16417,1.0
12977,14845,1.0
12979,13302,1.0
12980,17109,1.0
12981,13918,1.0
12984,20719,1.0
12985,19448,1.0
12986,14699,1.0
12990,14789,1.0
12991,12992,1.0
12991,16104,1.0
12992,13548,1.0
12995,20809,1.0
12995,17932,1.0
12996,14231,1.0
12997,13021,1.0
12999,13000,1.0
12999,16110,1.0
12999,16146,1.0
13000,17271,1.0
13001,13002,1.0
13001,15027,1.0
13003,15950,1.0
13004,19032,1.0
13004,20417,1.0
13005,13176,1.0
13005,14773,1.0
13005,16822,1.0
13006,13007,1.0
13006,17108,1.0
13011,16592,1.0
13013,13014,1.0
13014,19358,1.0
13015,13016,1.0
13017,17909,1.0
13018,14208,1.0
13019,16635,1.0
13020,13021,1.0
13020,15143,1.0
13020,15534,1.0
13021,15087,1.0
13022,16368,1.0
13025,14820,1.0
13025,18293,1.0
13026,13027,1.0
13029,13256,1.0
13031,13032,1.0
13032,14462,1.0
13034,13313,1.0
13034,13937,1.0
13035,13036,1.0
13037,14011,1.0
13038,13039,1.0
13038,13922,1.0
13040,14678,1.0
13040,20759,1.0
13041,15185,1.0
13041,15192,1.0
13042,17855,1.0
13042,18970,1.0
13043,17943,1.0
13044,13045,1.0
13045,16094,1.0
13046,13482,1.0
13047,13652,1.0
13047,17051,1.0
13047,17119,1.0
13050,13051,1.0
13051,14593,1.0
13051,17056,1.0
13053,13111,1.0
13056,13057,1.0
13056,13141,1.0
13058,17123,1.0
13061,13855,1.0
13061,20461,1.0
13062,15598,1.0
13063,13064,1.0
13064,17539,1.0
13064,13423,1.0
13066,20170,1.0
13066,20173,1.0
13067,14489,1.0
13070,13474,1.0
13070,19074,1.0
13070,19227,1.0
13071,14889,1.0
13071,16923,1.0
13072,13073,1.0
13072,16288,1.0
13072,16075,1.0
13075,13076,1.0
13075,17777,1.0
13076,15643,1.0
13077,13078,1.0
13077,14103,1.0
13080,13081,1.0
13084,13607,1.0
13084,17675,1.0
13086,19439,1.0
13086,14240,1.0
13088,13089,1.0
13088,16854,1.0
13089,14199,1.0
13091,19476,1.0
13092,18391,1.0
13092,20404,1.0
13093,17475,1.0
13096,13983,1.0
13096,16119,1.0
13097,20776,1.0
13097,20773,1.0
13098,20339,1.0
13099,13405,1.0
13100,13163,1.0
13100,14710,1.0
13101,14967,1.0
13101,16464,1.0
13101,18971,1.0
13103,13104,1.0
13103,13854,1.0
13103,16963,1.0
13108,14112,1.0
13110,14520,1.0
13112,13113,1.0
13112,14904,1.0
13116,19155,1.0
13117,13118,1.0
13120,16054,1.0
13126,15140,1.0
13126,17776,1.0
13128,13592,1.0
13129,16443,1.0
13130,16783,1.0
13131,16560,1.0
13131,13794,1.0
13132,19621,1.0
13132,14875,1.0
13133,13134,1.0
13136,13137,1.0
13136,14453,1.0
13136,18689,1.0
13138,13501,1.0
13142,13143,1.0
13142,20879,1.0
13143,15071,1.0
13143,20927,1.0
13144,13145,1.0
13144,17726,1.0
13146,13619,1.0
13147,16333,1.0
13150,13165,1.0
13150,13717,1.0
13152,16749,1.0
13152,15631,1.0
13153,15218,1.0
13153,13762,1.0
13153,13613,1.0
13158,13159,1.0
13158,16316,1.0
13158,16337,1.0
13159,13459,1.0
13159,16578,1.0
13163,13164,1.0
13164,14710,1.0
13164,17767,1.0
13165,16495,1.0
13166,13167,1.0
13166,13606,1.0
13166,16400,1.0
13167,16611,1.0
13167,16400,1.0
13168,17489,1.0
13168,20928,1.0
13169,17003,1.0
13171,14282,1.0
13173,13174,1.0
13173,15444,1.0
13173,15440,1.0
13174,15443,1.0
13174,18414,1.0
13175,16819,1.0
13176,16973,1.0
13177,15544,1.0
13179,14192,1.0
13181,17061,1.0
13181,15457,1.0
13182,17081,1.0
13183,17031,1.0
13183,17790,1.0
13185,13186,1.0
13185,18010,1.0
13185,18015,1.0
13187,14148,1.0
13189,19919,1.0
13190,13191,1.0
13191,21177,1.0
13192,17630,1.0
13192,18438,1.0
13193,14832,1.0
13195,14009,1.0
13196,18441,1.0
13202,13203,1.0
13204,15954,1.0
13204,16470,1.0
13205,13206,1.0
13206,13587,1.0
13207,13208,1.0
13208,17854,1.0
13208,19298,1.0
13211,13212,1.0
13213,13903,1.0
13213,18989,1.0
13216,18509,1.0
13219,14235,1.0
13219,20454,1.0
13220,14679,1.0
13221,14179,1.0
13222,13223,1.0
13222,15881,1.0
13223,17736,1.0
13224,13844,1.0
13227,16123,1.0
13228,13710,1.0
13230,13885,1.0
13230,16925,1.0
13232,13233,1.0
13232,13642,1.0
13232,15649,1.0
13232,17361,1.0
13233,15706,1.0
13233,15711,1.0
13234,16779,1.0
13235,14082,1.0
13235,16726,1.0
13236,15461,1.0
13236,15460,1.0
13237,14394,1.0
13237,17882,1.0
13238,13755,1.0
13241,14095,1.0
13243,14810,1.0
13243,14562,1.0
13244,14613,1.0
13246,18530,1.0
13247,13248,1.0
13247,13775,1.0
13247,16248,1.0
13248,16748,1.0
13248,18225,1.0
13252,13566,1.0
13255,16773,1.0
13256,14415,1.0
13256,16145,1.0
13256,18041,1.0
13257,13258,1.0
13257,16294,1.0
13257,16812,1.0
13259,14417,1.0
13259,14744,1.0
13260,13831,1.0
13260,18874,1.0
13260,19851,1.0
13261,20199,1.0
13261,20204,1.0
13263,16582,1.0
13263,19224,1.0
13265,16968,1.0
13265,20928,1.0
13266,16916,1.0
13267,13742,1.0
13267,18483,1.0
13268,13997,1.0
13270,17975,1.0
13270,16612,1.0
13271,15051,1.0
13272,16906,1.0
13275,13276,1.0
13275,13377,1.0
13275,19990,1.0
13276,13955,1.0
13277,13687,1.0
13278,13279,1.0
13281,13282,1.0
13281,18391,1.0
13282,14791,1.0
13283,13284,1.0
13284,15217,1.0
13285,20895,1.0
13285,17552,1.0
13291,21022,1.0
13291,21042,1.0
13291,21069,1.0
13292,14771,1.0
13292,16974,1.0
13295,13428,1.0
13299,17633,1.0
13301,18294,1.0
13303,21040,1.0
13304,14806,1.0
13305,16674,1.0
13306,15005,1.0
13308,14523,1.0
13309,13310,1.0
13310,13437,1.0
13311,13312,1.0
13311,16384,1.0
13312,16338,1.0
13312,16384,1.0
13314,13315,1.0
13314,18113,1.0
13315,13647,1.0
13316,14304,1.0
13317,17683,1.0
13317,17222,1.0
13319,14255,1.0
13320,13321,1.0
13320,13819,1.0
13320,15519,1.0
13321,15566,1.0
13323,13511,1.0
13325,15816,1.0
13327,13328,1.0
13327,13625,1.0
13330,17765,1.0
13331,19444,1.0
13332,16318,1.0
13332,19593,1.0
13334,15021,1.0
13335,13336,1.0
13335,14273,1.0
13336,14165,1.0
13336,13368,1.0
13338,13339,1.0
13339,17408,1.0
13340,17820,1.0
13342,13343,1.0
13342,13843,1.0
13344,19402,1.0
13348,14246,1.0
13349,13905,1.0
13350,14596,1.0
13352,13353,1.0
13352,14005,1.0
13353,14546,1.0
13354,13355,1.0
13355,14131,1.0
13356,13357,1.0
13356,20206,1.0
13356,17993,1.0
13357,15703,1.0
13357,19470,1.0
13359,16764,1.0
13359,13851,1.0
13361,14269,1.0
13361,20590,1.0
13362,16561,1.0
13363,19443,1.0
13364,18127,1.0
13366,16072,1.0
13367,16810,1.0
13368,13492,1.0
13369,16013,1.0
13372,14128,1.0
13373,13374,1.0
13374,16831,1.0
13374,17217,1.0
13374,18512,1.0
13375,13376,1.0
13375,19130,1.0
13376,16533,1.0
13377,15720,1.0
13379,17391,1.0
13380,13381,1.0
13380,14573,1.0
13380,15552,1.0
13381,16523,1.0
13381,16871,1.0
13382,17940,1.0
13383,14008,1.0
13383,17359,1.0
13384,21137,1.0
13384,21138,1.0
13386,13387,1.0
13387,16487,1.0
13387,15907,1.0
13388,13973,1.0
13390,13391,1.0
13391,16576,1.0
13392,16370,1.0
13393,15668,1.0
13394,20721,1.0
13396,14846,1.0
13398,15104,1.0
13401,13540,1.0
13404,17060,1.0
13411,13919,1.0
13411,14907,1.0
13415,18445,1.0
13416,13923,1.0
13416,14232,1.0
13418,15445,1.0
13419,13841,1.0
13422,13423,1.0
13422,15827,1.0
13422,17979,1.0
13423,14112,1.0
13424,20449,1.0
13425,17693,1.0
13429,16726,1.0
13431,13432,1.0
13432,14749,1.0
13432,17221,1.0
13435,13436,1.0
13435,14160,1.0
13437,13502,1.0
13438,20310,1.0
13438,20315,1.0
13439,16811,1.0
13439,14231,1.0
13440,16926,1.0
13441,13442,1.0
13441,16152,1.0
13442,16152,1.0
13444,21117,1.0
13453,13454,1.0
13454,19379,1.0
13454,19374,1.0
13455,13456,1.0
13455,14934,1.0
13456,14677,1.0
13456,17226,1.0
13456,19522,1.0
13458,14751,1.0
13459,13460,1.0
13459,14775,1.0
13460,17561,1.0
13465,18528,1.0
13465,20760,1.0
13465,18525,1.0
13468,14813,1.0
13470,13713,1.0
13470,16139,1.0
13470,17360,1.0
13474,13476,1.0
13474,15162,1.0
13476,15905,1.0
13476,15178,1.0
13476,17599,1.0
13480,14387,1.0
13480,14478,1.0
13483,16849,1.0
13485,14269,1.0
13485,20475,1.0
13486,13924,1.0
13487,13903,1.0
13489,16391,1.0
13491,16332,1.0
13492,14165,1.0
13493,13494,1.0
13495,21175,1.0
13495,21184,1.0
13496,13497,1.0
13496,17147,1.0
13496,17255,1.0
13497,17145,1.0
13497,15718,1.0
13499,19861,1.0
13500,14739,1.0
13501,14277,1.0
13503,16383,1.0
13503,20577,1.0
13504,13931,1.0
13504,16444,1.0
13506,13509,1.0
13506,15716,1.0
13506,20084,1.0
13509,16351,1.0
13509,20086,1.0
13510,17933,1.0
13510,20797,1.0
13512,14137,1.0
13513,14937,1.0
13515,13516,1.0
13515,15005,1.0
13515,18446,1.0
13516,18445,1.0
13518,13519,1.0
13518,18142,1.0
13518,18135,1.0
13521,13522,1.0
13521,16469,1.0
13521,16755,1.0
13524,13525,1.0
13524,14090,1.0
13525,17886,1.0
13525,21045,1.0
13529,20033,1.0
13529,18090,1.0
13529,20000,1.0
13532,13533,1.0
13532,14176,1.0
13533,15797,1.0
13533,15801,1.0
13533,14962,1.0
13536,13537,1.0
13537,19437,1.0
13539,13745,1.0
13540,16618,1.0
13541,14777,1.0
13544,13545,1.0
13545,13742,1.0
13546,15971,1.0
13546,17005,1.0
13547,19206,1.0
13547,19580,1.0
13548,14692,1.0
13551,13552,1.0
13551,14828,1.0
13552,15557,1.0
13552,14337,1.0
13553,16542,1.0
13553,13574,1.0
13554,16403,1.0
13561,13702,1.0
13562,17029,1.0
13562,13866,1.0
13564,14735,1.0
13565,16550,1.0
13569,18877,1.0
13570,14459,1.0
13572,13989,1.0
13573,20374,1.0
13576,13577,1.0
13576,16554,1.0
13576,16414,1.0
13577,13815,1.0
13577,15345,1.0
13577,14233,1.0
13578,19207,1.0
13578,21167,1.0
13578,20312,1.0
13580,17316,1.0
13583,15162,1.0
13583,14094,1.0
13585,16227,1.0
13585,17569,1.0
13588,13589,1.0
13588,20356,1.0
13589,14840,1.0
13589,19273,1.0
13591,15040,1.0
13595,19462,1.0
13595,19844,1.0
13595,17759,1.0
13597,14637,1.0
13599,19910,1.0
13600,14704,1.0
13601,19394,1.0
13603,13604,1.0
13603,13999,1.0
13608,14767,1.0
13610,13611,1.0
13612,13613,1.0
13612,16821,1.0
13613,15218,1.0
13615,13677,1.0
13616,14417,1.0
13617,17631,1.0
13619,16526,1.0
13620,16436,1.0
13622,13623,1.0
13624,20073,1.0
13627,13628,1.0
13627,17336,1.0
13627,15349,1.0
13629,16809,1.0
13632,13644,1.0
13632,16465,1.0
13633,20686,1.0
13634,14175,1.0
13634,14649,1.0
13636,16571,1.0
13641,13642,1.0
13641,17361,1.0
13642,15711,1.0
13646,16125,1.0
13647,18113,1.0
13651,16778,1.0
13651,15121,1.0
13652,16849,1.0
13653,15479,1.0
13654,18499,1.0
13654,18540,1.0
13654,14109,1.0
13655,17636,1.0
13655,17541,1.0
13655,19048,1.0
13656,16473,1.0
13658,16478,1.0
13658,16652,1.0
13659,13825,1.0
13660,20459,1.0
13664,14612,1.0
13664,17075,1.0
13665,13666,1.0
13665,14388,1.0
13668,16653,1.0
13670,20837,1.0
13671,19384,1.0
13671,20546,1.0
13671,17743,1.0
13672,16505,1.0
13674,13841,1.0
13676,16421,1.0
13677,14092,1.0
13678,13679,1.0
13678,14464,1.0
13678,20850,1.0
13679,14748,1.0
13679,13951,1.0
13681,17034,1.0
13682,16128,1.0
13684,17653,1.0
13686,13946,1.0
13688,14455,1.0
13688,20074,1.0
13690,16108,1.0
13690,17261,1.0
13691,13692,1.0
13692,14043,1.0
13695,13696,1.0
13695,20175,1.0
13696,14252,1.0
13697,13698,1.0
13698,18069,1.0
13700,19460,1.0
13701,14872,1.0
13706,13707,1.0
13707,17854,1.0
13708,15012,1.0
13709,16343,1.0
13709,16709,1.0
13709,20988,1.0
13712,17068,1.0
13713,21069,1.0
13715,13716,1.0
13716,14760,1.0
13725,19181,1.0
13725,19272,1.0
13727,20760,1.0
13727,18525,1.0
13731,18578,1.0
13732,14215,1.0
13734,16436,1.0
13735,17588,1.0
13735,16652,1.0
13739,17929,1.0
13739,20236,1.0
13741,15912,1.0
13742,16617,1.0
13742,18221,1.0
13742,18425,1.0
13746,16710,1.0
13746,18143,1.0
13747,14029,1.0
13748,13749,1.0
13752,18280,1.0
13753,13754,1.0
13753,16238,1.0
13756,14538,1.0
13757,13758,1.0
13757,16382,1.0
13761,14192,1.0
13762,15098,1.0
13764,16551,1.0
13765,15410,1.0
13765,17200,1.0
13767,13768,1.0
13768,17822,1.0
13768,14555,1.0
13768,14109,1.0
13770,17313,1.0
13771,13772,1.0
13771,17061,1.0
13771,16908,1.0
13775,14404,1.0
13775,16748,1.0
13778,14873,1.0
13779,18576,1.0
13781,16008,1.0
13782,18198,1.0
13784,19737,1.0
13784,19749,1.0
13784,17890,1.0
13786,13787,1.0
13786,17558,1.0
13787,14355,1.0
13787,19088,1.0
13792,13793,1.0
13793,14601,1.0
13794,13898,1.0
13795,16374,1.0
13797,14079,1.0
13798,15720,1.0
13805,16650,1.0
13807,13808,1.0
13807,15704,1.0
13807,15734,1.0
13808,15745,1.0
13809,13810,1.0
13809,13869,1.0
13809,15010,1.0
13809,15778,1.0
13810,16944,1.0
13810,16234,1.0
13813,13814,1.0
13813,16247,1.0
13814,16456,1.0
13815,14310,1.0
13815,18106,1.0
13819,15518,1.0
13819,15985,1.0
13819,16961,1.0
13822,13823,1.0
13822,19453,1.0
13824,16859,1.0
13825,13826,1.0
13827,16738,1.0
13827,16574,1.0
13829,13830,1.0
13829,17168,1.0
13829,20438,1.0
13830,15920,1.0
13831,18753,1.0
13831,18904,1.0
13833,16541,1.0
13836,13837,1.0
13836,14368,1.0
13837,21025,1.0
13837,21013,1.0
13838,19268,1.0
13838,19754,1.0
13840,16992,1.0
13840,19329,1.0
13840,20601,1.0
13840,18406,1.0
13841,15031,1.0
13842,17705,1.0
13844,15630,1.0
13847,16311,1.0
13849,19439,1.0
13849,13904,1.0
13850,14223,1.0
13850,16617,1.0
13852,13853,1.0
13852,20343,1.0
13852,20588,1.0
13853,17277,1.0
13853,20892,1.0
13854,13855,1.0
13854,17640,1.0
13855,16963,1.0
13855,18973,1.0
13856,14589,1.0
13858,16485,1.0
13858,20128,1.0
13858,18070,1.0
13860,14552,1.0
13861,16389,1.0
13863,16958,1.0
13864,19235,1.0
13864,19237,1.0
13865,16460,1.0
13867,13868,1.0
13867,14423,1.0
13867,18610,1.0
13868,18615,1.0
13872,13911,1.0
13872,14582,1.0
13873,16697,1.0
13874,16602,1.0
13877,13878,1.0
13880,20797,1.0
13881,20819,1.0
13883,17123,1.0
13885,16467,1.0
13892,13893,1.0
13893,18429,1.0
13894,13895,1.0
13896,16007,1.0
13896,18186,1.0
13896,15478,1.0
13897,14136,1.0
13899,16740,1.0
13903,18990,1.0
13906,16401,1.0
13906,15631,1.0
13907,16997,1.0
13907,15919,1.0
13908,13909,1.0
13908,16663,1.0
13910,14721,1.0
13910,19067,1.0
13911,18432,1.0
13916,14084,1.0
13919,17744,1.0
13920,14391,1.0
13920,19263,1.0
13923,14232,1.0
13924,17812,1.0
13927,14894,1.0
13927,19145,1.0
13929,14933,1.0
13930,13931,1.0
13930,14319,1.0
13931,18011,1.0
13932,16785,1.0
13932,16841,1.0
13933,13934,1.0
13933,18506,1.0
13934,17671,1.0
13935,19241,1.0
13936,14001,1.0
13936,14364,1.0
13937,15541,1.0
13940,14642,1.0
13940,16815,1.0
13943,13944,1.0
13944,19394,1.0
13947,15296,1.0
13952,15993,1.0
13952,14853,1.0
13955,19991,1.0
13957,14388,1.0
13958,13959,1.0
13958,14812,1.0
13958,15509,1.0
13959,20439,1.0
13961,16925,1.0
13962,16708,1.0
13962,17050,1.0
13964,13965,1.0
13964,15249,1.0
13964,16192,1.0
13965,15217,1.0
13965,14958,1.0
13965,15354,1.0
13967,17916,1.0
13969,19569,1.0
13969,21151,1.0
13970,13971,1.0
13970,17518,1.0
13972,13973,1.0
13973,16342,1.0
13977,13978,1.0
13978,17941,1.0
13982,16365,1.0
13984,16353,1.0
13984,16715,1.0
13985,14859,1.0
13988,16233,1.0
13988,20552,1.0
13991,17930,1.0
13991,16895,1.0
13991,20149,1.0
13993,16813,1.0
13994,13995,1.0
14000,14067,1.0
14000,15736,1.0
14000,16671,1.0
14002,14504,1.0
14003,14884,1.0
14005,14299,1.0
14007,17075,1.0
14009,14811,1.0
14014,14015,1.0
14014,16220,1.0
14014,20749,1.0
14015,16224,1.0
14015,20845,1.0
14016,14578,1.0
14016,17914,1.0
14017,16886,1.0
14018,16745,1.0
14018,19356,1.0
14019,14020,1.0
14019,16829,1.0
14019,17029,1.0
14023,14865,1.0
14025,16119,1.0
14026,16363,1.0
14026,16335,1.0
14026,20318,1.0
14036,14037,1.0
14036,16324,1.0
14037,14406,1.0
14038,14435,1.0
14040,16610,1.0
14041,21148,1.0
14041,17473,1.0
14043,15687,1.0
14044,14045,1.0
14044,16146,1.0
14046,18199,1.0
14048,14049,1.0
14048,15187,1.0
14053,15165,1.0
14053,20261,1.0
14055,14412,1.0
14055,18453,1.0
14056,14057,1.0
14056,16801,1.0
14059,19297,1.0
14059,20214,1.0
14060,14927,1.0
14060,17017,1.0
14061,16450,1.0
14061,16502,1.0
14063,14064,1.0
14063,16759,1.0
14063,19194,1.0
14066,16774,1.0
14067,16671,1.0
14067,16913,1.0
14069,16121,1.0
14071,20795,1.0
14073,16088,1.0
14074,17114,1.0
14076,16555,1.0
14077,16641,1.0
14078,15611,1.0
14078,14820,1.0
14079,14126,1.0
14080,16577,1.0
14082,16866,1.0
14082,17568,1.0
14083,17426,1.0
14091,18442,1.0
14094,16373,1.0
14097,14167,1.0
14097,20808,1.0
14099,16800,1.0
14099,14226,1.0
14100,17027,1.0
14101,14102,1.0
14102,14641,1.0
14102,17723,1.0
14108,14109,1.0
14110,14210,1.0
14111,17398,1.0
14111,15783,1.0
14111,15681,1.0
14113,16071,1.0
14115,16140,1.0
14117,17560,1.0
14117,18012,1.0
14118,17060,1.0
14119,16978,1.0
14120,14369,1.0
14120,15762,1.0
14123,16899,1.0
14123,16699,1.0
14124,14836,1.0
14125,14832,1.0
14130,14131,1.0
14132,20354,1.0
14137,14138,1.0
14137,14631,1.0
14139,18276,1.0
14141,16676,1.0
14144,20223,1.0
14144,20226,1.0
14145,14493,1.0
14147,16909,1.0
14147,18032,1.0
14147,19170,1.0
14149,15850,1.0
14150,14151,1.0
14151,20410,1.0
14152,16886,1.0
14153,17687,1.0
14153,14317,1.0
14154,16158,1.0
14157,17362,1.0
14158,14159,1.0
14160,16340,1.0
14162,14163,1.0
14162,14344,1.0
14162,16732,1.0
14164,19692,1.0
14164,19693,1.0
14164,19694,1.0
14167,20807,1.0
14169,16886,1.0
14170,19992,1.0
14173,14174,1.0
14173,18435,1.0
14173,15169,1.0
14176,15821,1.0
14180,15090,1.0
14180,15096,1.0
14181,14364,1.0
14182,15460,1.0
14182,16266,1.0
14183,15493,1.0
14183,16262,1.0
14183,15460,1.0
14185,14186,1.0
14186,16771,1.0
14187,16385,1.0
14188,15721,1.0
14190,17597,1.0
14190,21195,1.0
14193,20678,1.0
14199,14890,1.0
14199,16854,1.0
14201,15550,1.0
14201,19990,1.0
14205,18392,1.0
14205,19188,1.0
14206,14842,1.0
14206,21081,1.0
14206,17940,1.0
14208,14209,1.0
14209,16312,1.0
14210,16601,1.0
14211,14212,1.0
14211,16575,1.0
14216,16102,1.0
14216,16076,1.0
14218,14219,1.0
14218,19145,1.0
14218,17708,1.0
14220,17332,1.0
14221,14418,1.0
14223,17395,1.0
14227,16089,1.0
14227,16133,1.0
14229,18210,1.0
14229,18271,1.0
14230,16449,1.0
14230,17850,1.0
14233,16316,1.0
14233,16414,1.0
14235,14236,1.0
14237,20352,1.0
14238,14737,1.0
14239,17759,1.0
14239,19779,1.0
14240,14688,1.0
14240,19452,1.0
14242,14243,1.0
14243,15724,1.0
14243,19091,1.0
14245,16789,1.0
14247,16763,1.0
14248,18740,1.0
14250,16143,1.0
14251,15799,1.0
14251,19208,1.0
14251,17630,1.0
14252,14253,1.0
14252,19105,1.0
14253,19102,1.0
14253,19104,1.0
14258,16445,1.0
14258,16787,1.0
14259,16315,1.0
14261,14262,1.0
14262,14381,1.0
14263,18524,1.0
14264,17026,1.0
14266,14267,1.0
14266,16072,1.0
14268,16587,1.0
14270,14271,1.0
14270,17530,1.0
14270,19207,1.0
14274,14275,1.0
14274,16028,1.0
14276,19037,1.0
14277,14278,1.0
14278,14570,1.0
14278,14639,1.0
14279,14417,1.0
14280,19464,1.0
14281,16561,1.0
14286,17089,1.0
14288,16572,1.0
14288,16693,1.0
14289,14373,1.0
14295,17748,1.0
14295,18442,1.0
14296,15165,1.0
14297,17748,1.0
14299,16339,1.0
14300,14301,1.0
14301,15029,1.0
14306,19443,1.0
14306,18169,1.0
14308,18723,1.0
14308,19698,1.0
14314,16336,1.0
14316,14436,1.0
14316,20741,1.0
14316,16035,1.0
14318,16187,1.0
14318,15424,1.0
14318,15818,1.0
14321,14322,1.0
14322,15074,1.0
14324,14325,1.0
14324,15583,1.0
14324,19081,1.0
14325,15583,1.0
14325,15597,1.0
14326,14327,1.0
14326,17696,1.0
14327,19619,1.0
14329,14330,1.0
14331,19529,1.0
14331,19036,1.0
14331,19530,1.0
14331,15608,1.0
14332,15845,1.0
14332,19728,1.0
14333,14334,1.0
14333,19556,1.0
14333,15425,1.0
14335,14336,1.0
14335,18490,1.0
14335,19630,1.0
14336,16943,1.0
14336,19650,1.0
14336,14370,1.0
14339,14737,1.0
14340,19712,1.0
14340,19714,1.0
14341,16085,1.0
14343,16119,1.0
14345,16137,1.0
14347,14348,1.0
14347,15981,1.0
14347,18296,1.0
14348,14796,1.0
14348,19234,1.0
14349,14350,1.0
14349,17877,1.0
14349,20611,1.0
14351,14807,1.0
14356,16151,1.0
14357,14506,1.0
14357,19500,1.0
14359,14360,1.0
14360,16091,1.0
14361,18492,1.0
14361,15701,1.0
14362,16533,1.0
14363,14818,1.0
14364,16721,1.0
14366,14747,1.0
14367,21164,1.0
14369,15761,1.0
14369,16853,1.0
14375,19905,1.0
14386,20564,1.0
14391,14691,1.0
14391,19218,1.0
14392,14393,1.0
14392,17191,1.0
14392,20775,1.0
14393,14571,1.0
14395,19757,1.0
14395,19762,1.0
14397,16139,1.0
14397,14500,1.0
14398,17071,1.0
14401,15695,1.0
14401,20506,1.0
14402,14403,1.0
14404,14405,1.0
14404,16248,1.0
14404,16451,1.0
14408,14789,1.0
14408,20296,1.0
14409,16161,1.0
14410,20996,1.0
14412,16532,1.0
14418,19395,1.0
14418,18159,1.0
14421,14422,1.0
14421,17260,1.0
14421,15790,1.0
14422,17385,1.0
14422,17396,1.0
14422,17402,1.0
14423,15156,1.0
14425,14554,1.0
14429,14430,1.0
14430,16084,1.0
14430,20178,1.0
14432,16944,1.0
14433,19765,1.0
14434,18747,1.0
14434,14592,1.0
14435,15750,1.0
14435,14804,1.0
14436,14437,1.0
14436,15110,1.0
14438,16881,1.0
14438,17018,1.0
14438,16628,1.0
14439,14440,1.0
14440,14586,1.0
14440,20923,1.0
14441,14472,1.0
14442,14443,1.0
14442,16947,1.0
14444,15568,1.0
14444,17935,1.0
14444,20696,1.0
14446,14447,1.0
14449,15477,1.0
14449,16681,1.0
14450,16379,1.0
14450,16679,1.0
14452,14497,1.0
14452,20087,1.0
14453,18785,1.0
14453,19739,1.0
14455,17139,1.0
14456,14457,1.0
14457,15113,1.0
14457,16103,1.0
14460,16518,1.0
14463,15919,1.0
14463,16420,1.0
14463,16470,1.0
14464,14465,1.0
14468,14469,1.0
14468,19719,1.0
14472,16437,1.0
14473,14474,1.0
14473,16097,1.0
14476,14477,1.0
14477,15183,1.0
14477,14502,1.0
14477,19484,1.0
14479,14480,1.0
14480,19056,1.0
14482,14483,1.0
14482,19695,1.0
14483,18769,1.0
14483,18826,1.0
14483,18606,1.0
14484,16772,1.0
14485,14486,1.0
14486,19005,1.0
14486,20738,1.0
14490,15097,1.0
14490,17764,1.0
14491,19178,1.0
14491,19463,1.0
14492,14493,1.0
14494,14495,1.0
14494,16001,1.0
14497,14498,1.0
14501,17306,1.0
14501,15241,1.0
14502,14503,1.0
14502,17882,1.0
14505,16505,1.0
14507,16335,1.0
14507,17598,1.0
14508,16118,1.0
14509,16915,1.0
14509,19344,1.0
14510,14511,1.0
14510,15047,1.0
14514,17420,1.0
14517,14518,1.0
14517,17815,1.0
14519,18761,1.0
14519,18826,1.0
14521,15939,1.0
14521,17330,1.0
14521,17813,1.0
14522,17907,1.0
14522,15091,1.0
14525,17625,1.0
14528,15724,1.0
14528,16090,1.0
14529,17332,1.0
14531,18117,1.0
14534,15412,1.0
14534,16220,1.0
14534,15401,1.0
14535,20408,1.0
14535,19570,1.0
14536,16096,1.0
14537,14538,1.0
14539,17835,1.0
14542,16150,1.0
14545,15057,1.0
14546,16585,1.0
14548,16872,1.0
14550,14551,1.0
14550,16260,1.0
14550,17566,1.0
14551,14853,1.0
14551,18086,1.0
14551,18154,1.0
14552,16757,1.0
14553,17379,1.0
14553,20513,1.0
14554,16101,1.0
14555,14984,1.0
14556,14557,1.0
14557,15589,1.0
14570,17333,1.0
14570,19249,1.0
14572,16087,1.0
14573,14898,1.0
14573,16523,1.0
14576,14577,1.0
14580,18314,1.0
14580,19978,1.0
14580,20296,1.0
14582,18125,1.0
14584,14585,1.0
14584,15165,1.0
14586,15410,1.0
14587,14588,1.0
14587,17152,1.0
14589,17763,1.0
14592,18846,1.0
14593,14594,1.0
14593,16967,1.0
14595,15493,1.0
14595,16258,1.0
14595,15461,1.0
14597,16340,1.0
14599,15659,1.0
14599,15657,1.0
14600,14601,1.0
14601,16097,1.0
14603,16551,1.0
14608,14768,1.0
14608,14728,1.0
14608,20164,1.0
14609,16133,1.0
14609,21029,1.0
14609,21063,1.0
14610,14611,1.0
14610,16408,1.0
14611,16408,1.0
14611,21006,1.0
14611,17284,1.0
14616,15924,1.0
14617,14618,1.0
14620,14621,1.0
14620,18129,1.0
14621,18126,1.0
14621,17739,1.0
14622,14623,1.0
14623,15113,1.0
14624,14625,1.0
14624,21068,1.0
14625,21042,1.0
14631,14632,1.0
14631,17322,1.0
14634,15296,1.0
14636,14637,1.0
14636,15056,1.0
14636,15299,1.0
14637,15077,1.0
14638,14639,1.0
14639,16090,1.0
14641,16020,1.0
14641,15232,1.0
14642,16624,1.0
14642,16639,1.0
14643,20335,1.0
14643,20417,1.0
14643,16768,1.0
14645,14646,1.0
14648,20294,1.0
14648,20267,1.0
14649,16118,1.0
14653,14654,1.0
14654,15740,1.0
14654,20221,1.0
14656,15215,1.0
14656,17736,1.0
14659,14660,1.0
14661,17449,1.0
14662,16425,1.0
14666,16930,1.0
14672,16837,1.0
14672,17006,1.0
14674,21057,1.0
14674,21062,1.0
14677,18188,1.0
14677,20104,1.0
14684,17657,1.0
14686,14687,1.0
14686,18445,1.0
14686,18452,1.0
14687,16512,1.0
14687,15006,1.0
14688,19217,1.0
14690,20298,1.0
14694,16459,1.0
14696,15646,1.0
14696,16707,1.0
14696,16750,1.0
14697,16929,1.0
14700,14761,1.0
14701,18521,1.0
14701,21053,1.0
14705,14706,1.0
14707,17306,1.0
14712,14713,1.0
14712,16070,1.0
14712,18122,1.0
14715,14716,1.0
14715,18781,1.0
14715,19768,1.0
14715,19287,1.0
14716,19851,1.0
14719,15126,1.0
14720,16617,1.0
14720,15630,1.0
14720,21079,1.0
14728,14729,1.0
14728,17454,1.0
14728,16079,1.0
14730,16702,1.0
14732,14733,1.0
14733,16978,1.0
14736,16596,1.0
14737,20135,1.0
14738,16098,1.0
14739,16416,1.0
14740,14741,1.0
14740,16087,1.0
14744,15165,1.0
14746,14747,1.0
14748,17512,1.0
14748,17535,1.0
14749,15332,1.0
14750,16954,1.0
14751,16940,1.0
14753,14754,1.0
14753,20351,1.0
14756,17402,1.0
14756,17421,1.0
14756,17375,1.0
14760,17060,1.0
14761,16664,1.0
14761,18520,1.0
14761,19566,1.0
14763,14764,1.0
14764,17409,1.0
14764,15911,1.0
14768,14787,1.0
14768,20163,1.0
14769,16819,1.0
14770,17257,1.0
14770,15817,1.0
14772,16933,1.0
14773,16973,1.0
14773,18162,1.0
14775,17624,1.0
14775,16988,1.0
14779,16884,1.0
14779,20853,1.0
14781,17712,1.0
14782,14783,1.0
14786,20786,1.0
14786,17868,1.0
14790,15600,1.0
14790,17310,1.0
14792,16402,1.0
14793,15086,1.0
14795,16910,1.0
14795,21153,1.0
14796,14801,1.0
14796,15981,1.0
14797,15065,1.0
14797,16273,1.0
14803,14804,1.0
14804,18442,1.0
14805,16784,1.0
14805,16372,1.0
14806,16540,1.0
14808,14825,1.0
14810,18305,1.0
14812,19727,1.0
14812,20284,1.0
14812,20424,1.0
14813,15233,1.0
14814,16136,1.0
14815,20849,1.0
14816,14817,1.0
14817,16981,1.0
14820,15587,1.0
14821,19877,1.0
14823,14824,1.0
14823,18419,1.0
14831,16076,1.0
14838,17281,1.0
14838,17649,1.0
14838,20763,1.0
14841,15503,1.0
14841,16249,1.0
14842,14843,1.0
14842,20837,1.0
14843,17880,1.0
14845,16640,1.0
14848,16367,1.0
14849,16352,1.0
14850,17458,1.0
14850,16300,1.0
14853,16287,1.0
14853,16267,1.0
14854,14855,1.0
14854,16905,1.0
14859,15083,1.0
14862,16637,1.0
14865,16511,1.0
14869,16225,1.0
14869,16464,1.0
14870,16799,1.0
14870,17282,1.0
14871,17085,1.0
14871,20614,1.0
14874,20817,1.0
14874,19262,1.0
14875,17029,1.0
14876,17108,1.0
14878,16521,1.0
14878,15759,1.0
14880,14881,1.0
14880,17353,1.0
14881,17496,1.0
14883,14884,1.0
14883,16949,1.0
14883,14891,1.0
14884,17456,1.0
14886,18155,1.0
14886,19792,1.0
14887,17456,1.0
14887,16636,1.0
14888,14889,1.0
14888,17501,1.0
14889,16259,1.0
14890,16633,1.0
14893,14894,1.0
14893,17462,1.0
14894,17478,1.0
14896,16659,1.0
14899,16336,1.0
14899,19224,1.0
14899,16604,1.0
14900,16477,1.0
14901,16894,1.0
14904,14912,1.0
14906,16722,1.0
14909,14910,1.0
14911,20380,1.0
14912,18008,1.0
14913,14936,1.0
14913,19555,1.0
14913,15773,1.0
14915,17352,1.0
14915,15770,1.0
14916,16324,1.0
14920,17152,1.0
14921,14922,1.0
14921,17808,1.0
14922,14924,1.0
14922,19196,1.0
14922,21169,1.0
14923,17013,1.0
14923,20329,1.0
14925,14926,1.0
14927,18050,1.0
14929,18982,1.0
14930,15420,1.0
14930,16989,1.0
14930,19548,1.0
14931,14932,1.0
14931,15154,1.0
14931,15157,1.0
14932,14944,1.0
14932,14938,1.0
14932,16987,1.0
14933,16999,1.0
14934,14935,1.0
14934,20916,1.0
14934,20918,1.0
14935,18188,1.0
14935,20918,1.0
14936,16781,1.0
14936,15775,1.0
14937,17220,1.0
14937,15179,1.0
14938,14939,1.0
14938,15150,1.0
14938,15157,1.0
14939,19080,1.0
14939,17122,1.0
14940,14953,1.0
14940,14954,1.0
14940,16549,1.0
14942,14943,1.0
14942,14950,1.0
14944,15154,1.0
14944,19229,1.0
14945,14946,1.0
14945,18025,1.0
14945,20772,1.0
14945,18068,1.0
14946,17191,1.0
14946,18025,1.0
14947,16335,1.0
14947,16761,1.0
14947,16959,1.0
14948,16158,1.0
14949,17208,1.0
14949,20152,1.0
14951,14952,1.0
14952,14987,1.0
14952,15815,1.0
14952,20673,1.0
14953,17949,1.0
14953,14955,1.0
14954,14955,1.0
14954,16544,1.0
14954,21054,1.0
14955,17216,1.0
14956,18479,1.0
14957,19221,1.0
14957,20253,1.0
14957,19249,1.0
14958,14959,1.0
14958,16249,1.0
14958,15536,1.0
14960,19230,1.0
14960,14967,1.0
14962,14963,1.0
14962,19284,1.0
14963,19251,1.0
14963,19281,1.0
14964,19231,1.0
14965,14966,1.0
14965,19247,1.0
14966,19213,1.0
14966,19279,1.0
14968,14969,1.0
14970,17925,1.0
14971,16012,1.0
14971,19380,1.0
14972,16364,1.0
14972,16808,1.0
14973,14974,1.0
14973,14978,1.0
14973,14979,1.0
14974,14982,1.0
14974,14976,1.0
14975,15374,1.0
14975,18293,1.0
14975,15209,1.0
14976,14977,1.0
14976,14981,1.0
14977,16683,1.0
14977,14978,1.0
14977,15262,1.0
14979,14980,1.0
14979,14982,1.0
14980,15284,1.0
14980,15288,1.0
14981,14983,1.0
14981,16682,1.0
14982,14983,1.0
14983,15289,1.0
14984,20090,1.0
14985,14986,1.0
14985,15363,1.0
14985,15803,1.0
14987,20668,1.0
14987,17113,1.0
14988,14989,1.0
14988,15002,1.0
14988,15001,1.0
14989,20543,1.0
14989,15026,1.0
14990,14991,1.0
14990,15003,1.0
14990,14995,1.0
14991,20501,1.0
14995,14996,1.0
14995,15001,1.0
14996,16607,1.0
14996,15025,1.0
15000,16655,1.0
15000,16725,1.0
15001,15025,1.0
15002,15003,1.0
15002,15004,1.0
15003,15023,1.0
15005,15006,1.0
15005,16372,1.0
15006,16372,1.0
15008,19232,1.0
15008,16180,1.0
15009,15010,1.0
15009,15022,1.0
15009,16386,1.0
15009,16235,1.0
15010,15011,1.0
15010,16236,1.0
15014,15015,1.0
15015,15018,1.0
15017,17881,1.0
15017,15130,1.0
15022,16836,1.0
15022,16240,1.0
15022,18449,1.0
15023,15024,1.0
15023,19519,1.0
15025,15037,1.0
15027,15091,1.0
15027,20100,1.0
15028,15029,1.0
15030,20079,1.0
15032,15033,1.0
15032,21178,1.0
15034,15035,1.0
15038,15039,1.0
15038,15094,1.0
15038,20545,1.0
15044,16189,1.0
15045,15046,1.0
15046,18508,1.0
15046,18514,1.0
15047,16620,1.0
15047,16193,1.0
15049,15097,1.0
15049,15066,1.0
15051,17205,1.0
15056,15063,1.0
15056,15607,1.0
15056,17379,1.0
15057,16153,1.0
15058,15059,1.0
15058,15062,1.0
15058,19535,1.0
15059,19533,1.0
15059,19534,1.0
15060,15061,1.0
15060,15078,1.0
15060,18788,1.0
15061,18737,1.0
15061,18645,1.0
15062,15070,1.0
15062,19536,1.0
15063,19090,1.0
15064,15067,1.0
15064,19537,1.0
15064,16565,1.0
15065,15311,1.0
15065,15463,1.0
15066,15482,1.0
15066,15518,1.0
15067,15069,1.0
15067,19538,1.0
15069,15070,1.0
15069,19531,1.0
15069,19539,1.0
15070,19532,1.0
15071,20916,1.0
15072,15073,1.0
15073,18524,1.0
15074,15075,1.0
15074,16041,1.0
15074,20998,1.0
15076,18683,1.0
15076,18691,1.0
15076,18880,1.0
15078,18760,1.0
15078,18835,1.0
15088,15089,1.0
15088,19506,1.0
15088,19505,1.0
15091,20268,1.0
15094,15103,1.0
15097,16961,1.0
15098,15358,1.0
15100,15101,1.0
15100,19014,1.0
15101,16325,1.0
15101,19014,1.0
15105,18460,1.0
15105,18461,1.0
15105,20534,1.0
15106,16559,1.0
15106,20808,1.0
15110,15111,1.0
15110,15200,1.0
15112,15113,1.0
15114,15115,1.0
15114,16147,1.0
15114,17422,1.0
15116,15117,1.0
15116,15118,1.0
15116,15363,1.0
15119,15120,1.0
15120,17923,1.0
15124,15194,1.0
15125,17474,1.0
15128,15129,1.0
15130,21118,1.0
15130,20542,1.0
15132,15561,1.0
15133,15430,1.0
15133,20268,1.0
15135,16022,1.0
15135,17710,1.0
15135,19553,1.0
15136,15139,1.0
15136,15137,1.0
15136,20709,1.0
15137,15138,1.0
15137,16024,1.0
15138,20706,1.0
15138,20707,1.0
15139,15565,1.0
15139,15985,1.0
15140,17983,1.0
15141,15142,1.0
15141,15207,1.0
15141,15465,1.0
15141,20288,1.0
15142,17428,1.0
15143,15535,1.0
15144,15145,1.0
15144,15840,1.0
15144,15807,1.0
15144,16171,1.0
15145,15385,1.0
15145,15808,1.0
15146,15147,1.0
15146,15437,1.0
15147,20424,1.0
15147,15611,1.0
15148,18097,1.0
15148,16971,1.0
15150,16987,1.0
15150,17121,1.0
15150,17126,1.0
15150,17807,1.0
15151,15152,1.0
15151,20274,1.0
15151,20270,1.0
15152,19529,1.0
15152,16130,1.0
15153,16326,1.0
15153,15171,1.0
15153,17100,1.0
15154,19229,1.0
15155,15156,1.0
15155,18772,1.0
15155,18832,1.0
15155,18721,1.0
15156,15164,1.0
15157,17192,1.0
15161,21081,1.0
15162,15178,1.0
15162,16004,1.0
15163,15164,1.0
15163,18800,1.0
15163,18616,1.0
15164,18610,1.0
15164,18663,1.0
15166,15167,1.0
15166,18491,1.0
15166,18838,1.0
15167,18774,1.0
15167,18787,1.0
15169,20642,1.0
15171,16182,1.0
15171,17829,1.0
15172,15173,1.0
15172,20065,1.0
15172,20413,1.0
15173,18096,1.0
15173,20064,1.0
15174,20616,1.0
15174,20403,1.0
15174,20398,1.0
15176,15177,1.0
15176,15180,1.0
15176,19752,1.0
15176,19887,1.0
15177,19782,1.0
15177,19795,1.0
15178,15796,1.0
15178,15839,1.0
15179,15377,1.0
15180,19483,1.0
15180,19487,1.0
15180,15403,1.0
15181,15182,1.0
15181,15229,1.0
15181,15227,1.0
15183,15403,1.0
15183,19483,1.0
15186,15187,1.0
15186,15195,1.0
15187,19115,1.0
15188,20118,1.0
15188,16843,1.0
15188,17550,1.0
15195,15196,1.0
15195,20309,1.0
15196,19812,1.0
15197,16739,1.0
15198,15199,1.0
15199,19115,1.0
15200,15201,1.0
15202,15203,1.0
15202,18122,1.0
15202,19038,1.0
15203,18122,1.0
15203,20271,1.0
15204,15651,1.0
15204,19526,1.0
15204,15467,1.0
15204,20197,1.0
15204,18325,1.0
15205,17245,1.0
15205,17363,1.0
15206,15702,1.0
15206,16176,1.0
15206,21160,1.0
15206,21161,1.0
15206,16826,1.0
15207,17426,1.0
15207,17428,1.0
15208,17248,1.0
15208,18495,1.0
15208,19648,1.0
15209,15210,1.0
15209,15214,1.0
15209,20382,1.0
15210,20385,1.0
15210,20661,1.0
15210,20383,1.0
15211,15220,1.0
15211,15222,1.0
15211,15223,1.0
15211,15221,1.0
15213,19009,1.0
15215,20175,1.0
15217,16249,1.0
15218,16821,1.0
15220,17548,1.0
15220,17547,1.0
15224,15225,1.0
15224,15555,1.0
15224,17756,1.0
15229,18075,1.0
15229,17841,1.0
15229,20118,1.0
15230,15695,1.0
15231,15232,1.0
15232,16142,1.0
15234,15283,1.0
15234,15287,1.0
15234,15291,1.0
15235,17427,1.0
15235,16405,1.0
15235,16252,1.0
15236,15278,1.0
15236,15356,1.0
15238,15239,1.0
15240,20260,1.0
15241,15242,1.0
15243,15244,1.0
15243,15326,1.0
15243,15298,1.0
15243,15302,1.0
15246,15247,1.0
15246,17426,1.0
15246,19023,1.0
15248,15292,1.0
15248,15306,1.0
15249,15354,1.0
15249,16192,1.0
15250,15269,1.0
15250,15267,1.0
15251,17057,1.0
15251,15258,1.0
15252,16603,1.0
15252,15271,1.0
15253,15254,1.0
15253,15263,1.0
15255,16724,1.0
15255,15504,1.0
15255,16476,1.0
15256,15257,1.0
15256,15599,1.0
15256,16950,1.0
15256,15268,1.0
15257,16062,1.0
15258,17057,1.0
15259,15260,1.0
15260,15526,1.0
15260,17083,1.0
15261,16603,1.0
15261,16164,1.0
15262,16683,1.0
15262,17035,1.0
15264,15265,1.0
15265,15294,1.0
15265,17038,1.0
15266,15270,1.0
15266,16620,1.0
15267,15357,1.0
15267,16195,1.0
15268,15279,1.0
15269,15276,1.0
15269,15360,1.0
15270,15290,1.0
15271,15310,1.0
15272,15280,1.0
15272,15275,1.0
15273,16839,1.0
15273,15282,1.0
15274,15300,1.0
15274,15279,1.0
15275,16328,1.0
15276,19214,1.0
15277,15278,1.0
15278,15360,1.0
15278,15285,1.0
15279,19226,1.0
15280,15359,1.0
15281,15282,1.0
15282,15283,1.0
15283,15291,1.0
15284,15288,1.0
15284,15289,1.0
15285,17035,1.0
15285,15794,1.0
15286,16679,1.0
15286,16616,1.0
15288,15599,1.0
15288,16157,1.0
15289,16682,1.0
15290,15366,1.0
15290,16161,1.0
15291,15520,1.0
15291,19023,1.0
15292,15293,1.0
15292,15302,1.0
15294,15728,1.0
15295,15310,1.0
15295,16168,1.0
15296,15297,1.0
15298,15323,1.0
15300,15305,1.0
15301,15537,1.0
15301,15502,1.0
15301,15359,1.0
15302,15527,1.0
15303,15304,1.0
15304,17242,1.0
15305,15729,1.0
15306,15505,1.0
15306,15705,1.0
15307,15897,1.0
15307,19261,1.0
15309,16993,1.0
15309,15502,1.0
15310,15366,1.0
15311,15526,1.0
15311,16273,1.0
15311,16300,1.0
15313,15314,1.0
15313,16250,1.0
15313,16273,1.0
15313,16649,1.0
15314,15329,1.0
15314,16649,1.0
15314,19200,1.0
15315,15316,1.0
15315,20574,1.0
15316,20578,1.0
15316,20579,1.0
15317,18182,1.0
15319,15320,1.0
15320,15326,1.0
15320,15526,1.0
15320,19202,1.0
15321,15408,1.0
15321,15407,1.0
15322,15330,1.0
15322,16649,1.0
15322,16839,1.0
15322,19509,1.0
15323,15329,1.0
15323,17052,1.0
15324,15325,1.0
15324,15333,1.0
15324,20366,1.0
15325,15380,1.0
15325,15381,1.0
15326,15527,1.0
15326,15329,1.0
15327,15328,1.0
15327,15381,1.0
15327,15335,1.0
15329,17517,1.0
15330,15331,1.0
15330,19509,1.0
15330,17517,1.0
15331,17052,1.0
15331,16405,1.0
15331,19509,1.0
15332,16818,1.0
15333,15334,1.0
15333,15382,1.0
15334,15335,1.0
15334,19727,1.0
15335,15405,1.0
15336,15667,1.0
15336,15676,1.0
15336,15693,1.0
15337,15338,1.0
15337,17984,1.0
15338,15351,1.0
15338,17259,1.0
15339,15340,1.0
15339,16616,1.0
15339,15728,1.0
15340,16616,1.0
15340,15729,1.0
15341,19483,1.0
15341,19752,1.0
15343,15686,1.0
15343,15689,1.0
15343,15683,1.0
15344,15345,1.0
15344,16554,1.0
15344,17663,1.0
15344,19547,1.0
15345,19547,1.0
15347,17283,1.0
15348,15349,1.0
15348,17360,1.0
15348,17773,1.0
15349,16139,1.0
15351,17268,1.0
15351,17423,1.0
15352,15367,1.0
15353,16051,1.0
15353,16028,1.0
15354,15355,1.0
15354,15536,1.0
15355,15359,1.0
15355,15712,1.0
15355,15537,1.0
15356,15357,1.0
15356,16161,1.0
15357,15360,1.0
15357,16162,1.0
15360,15765,1.0
15361,15362,1.0
15362,17636,1.0
15363,15369,1.0
15364,17695,1.0
15364,18916,1.0
15364,18921,1.0
15366,16621,1.0
15366,16162,1.0
15370,15371,1.0
15371,17384,1.0
15371,19315,1.0
15372,15373,1.0
15373,17545,1.0
15373,15379,1.0
15373,18334,1.0
15374,15375,1.0
15374,20377,1.0
15376,17079,1.0
15376,17941,1.0
15378,15379,1.0
15379,17384,1.0
15381,15383,1.0
15383,15384,1.0
15383,15660,1.0
15385,15386,1.0
15385,19345,1.0
15385,15878,1.0
15386,17224,1.0
15386,20469,1.0
15387,15388,1.0
15387,17316,1.0
15387,18577,1.0
15387,15392,1.0
15387,21097,1.0
15388,15400,1.0
15388,17316,1.0
15389,15390,1.0
15389,19579,1.0
15389,19581,1.0
15390,19588,1.0
15390,19586,1.0
15391,15392,1.0
15391,18254,1.0
15391,19589,1.0
15392,15399,1.0
15393,15394,1.0
15393,15854,1.0
15393,20035,1.0
15393,17480,1.0
15394,15398,1.0
15394,17037,1.0
15395,15396,1.0
15395,16955,1.0
15395,18255,1.0
15395,19576,1.0
15396,19576,1.0
15396,19590,1.0
15397,15398,1.0
15397,20979,1.0
15398,19587,1.0
15399,15400,1.0
15399,19579,1.0
15400,19578,1.0
15401,15402,1.0
15401,16224,1.0
15402,16295,1.0
15402,17986,1.0
15403,19480,1.0
15404,15405,1.0
15404,15406,1.0
15404,17346,1.0
15405,17244,1.0
15410,15411,1.0
15411,17432,1.0
15411,17270,1.0
15412,19896,1.0
15413,15414,1.0
15413,18881,1.0
15413,20910,1.0
15413,19821,1.0
15414,18669,1.0
15414,18721,1.0
15414,18877,1.0
15416,15417,1.0
15416,15590,1.0
15416,15422,1.0
15417,15422,1.0
15417,17959,1.0
15417,15644,1.0
15418,15419,1.0
15418,17188,1.0
15418,15613,1.0
15419,17593,1.0
15419,19162,1.0
15421,19557,1.0
15422,15423,1.0
15422,17959,1.0
15423,15434,1.0
15423,15647,1.0
15424,15467,1.0
15424,19526,1.0
15424,20197,1.0
15424,17809,1.0
15425,15602,1.0
15426,15427,1.0
15426,16341,1.0
15426,15612,1.0
15426,17030,1.0
15427,15650,1.0
15427,15612,1.0
15428,15602,1.0
15429,15430,1.0
15429,15648,1.0
15429,16292,1.0
15431,15598,1.0
15431,16832,1.0
15432,15433,1.0
15434,15647,1.0
15434,18533,1.0
15435,19634,1.0
15435,17934,1.0
15437,20661,1.0
15438,15439,1.0
15438,15446,1.0
15438,18415,1.0
15439,20849,1.0
15440,15449,1.0
15441,15442,1.0
15441,15606,1.0
15442,15606,1.0
15442,19628,1.0
15443,15444,1.0
15443,18405,1.0
15444,15449,1.0
15446,15448,1.0
15446,15450,1.0
15447,15448,1.0
15447,15462,1.0
15447,17831,1.0
15447,16200,1.0
15447,20867,1.0
15447,15763,1.0
15448,15464,1.0
15451,15452,1.0
15452,15631,1.0
15452,16529,1.0
15453,15454,1.0
15453,15735,1.0
15453,16931,1.0
15454,16339,1.0
15454,16911,1.0
15455,16289,1.0
15455,17115,1.0
15456,15457,1.0
15456,16279,1.0
15456,18089,1.0
15456,17342,1.0
15457,17342,1.0
15458,15459,1.0
15458,15643,1.0
15458,19161,1.0
15459,20866,1.0
15459,15533,1.0
15460,15461,1.0
15462,18044,1.0
15462,20867,1.0
15463,16255,1.0
15465,20288,1.0
15465,15587,1.0
15466,15467,1.0
15466,18417,1.0
15466,15908,1.0
15469,15470,1.0
15469,16597,1.0
15473,19492,1.0
15473,17338,1.0
15473,15476,1.0
15478,18476,1.0
15478,20001,1.0
15479,15480,1.0
15480,18295,1.0
15481,15484,1.0
15482,15486,1.0
15482,19167,1.0
15483,15519,1.0
15483,15485,1.0
15483,15523,1.0
15485,15486,1.0
15485,15518,1.0
15486,15523,1.0
15487,15524,1.0
15487,17224,1.0
15488,15489,1.0
15488,16635,1.0
15488,16752,1.0
15489,15515,1.0
15489,15516,1.0
15489,15798,1.0
15490,20707,1.0
15490,15566,1.0
15490,20694,1.0
15491,15492,1.0
15491,20018,1.0
15491,20023,1.0
15493,21118,1.0
15494,16954,1.0
15495,17627,1.0
15495,16317,1.0
15495,20505,1.0
15496,16928,1.0
15497,15498,1.0
15498,15517,1.0
15498,16025,1.0
15499,15500,1.0
15499,17760,1.0
15500,16158,1.0
15501,15502,1.0
15501,15503,1.0
15501,15537,1.0
15501,17526,1.0
15502,16993,1.0
15503,15536,1.0
15503,16790,1.0
15504,15505,1.0
15504,17526,1.0
15504,15705,1.0
15505,16993,1.0
15506,15508,1.0
15506,18492,1.0
15509,15510,1.0
15509,18159,1.0
15513,15514,1.0
15514,15645,1.0
15514,19396,1.0
15515,17928,1.0
15515,16423,1.0
15517,20694,1.0
15517,20414,1.0
15518,15519,1.0
15520,15521,1.0
15520,19021,1.0
15520,17527,1.0
15521,17427,1.0
15521,19022,1.0
15523,15584,1.0
15524,16004,1.0
15525,16267,1.0
15526,15527,1.0
15527,15705,1.0
15528,15559,1.0
15528,19237,1.0
15529,15530,1.0
15529,15543,1.0
15530,15531,1.0
15530,19332,1.0
15532,16336,1.0
15533,15622,1.0
15533,17808,1.0
15536,15537,1.0
15538,15542,1.0
15539,15540,1.0
15539,16922,1.0
15540,16922,1.0
15542,16587,1.0
15544,15545,1.0
15544,20502,1.0
15546,17927,1.0
15546,20502,1.0
15548,15549,1.0
15548,20037,1.0
15549,16600,1.0
15549,16599,1.0
15549,18087,1.0
15552,15553,1.0
15552,19724,1.0
15554,15555,1.0
15555,17841,1.0
15558,15560,1.0
15558,17515,1.0
15559,19489,1.0
15560,16354,1.0
15562,15563,1.0
15562,18022,1.0
15565,15566,1.0
15565,15985,1.0
15569,15697,1.0
15569,16536,1.0
15569,18078,1.0
15570,16365,1.0
15571,15572,1.0
15571,15580,1.0
15571,19079,1.0
15571,19619,1.0
15571,17696,1.0
15571,17928,1.0
15572,20658,1.0
15572,20782,1.0
15573,16124,1.0
15573,16147,1.0
15574,16296,1.0
15574,18253,1.0
15575,17809,1.0
15575,20196,1.0
15575,15576,1.0
15576,15577,1.0
15576,17509,1.0
15577,17509,1.0
15577,16606,1.0
15578,15579,1.0
15578,15653,1.0
15578,15603,1.0
15579,15654,1.0
15579,19553,1.0
15580,19583,1.0
15580,19619,1.0
15583,20274,1.0
15584,19167,1.0
15584,19735,1.0
15585,15586,1.0
15585,17355,1.0
15587,20428,1.0
15588,15589,1.0
15589,15592,1.0
15590,15816,1.0
15590,18533,1.0
15591,15592,1.0
15592,15594,1.0
15593,15594,1.0
15594,16098,1.0
15595,17353,1.0
15595,17355,1.0
15595,15596,1.0
15597,16755,1.0
15597,17924,1.0
15597,17958,1.0
15598,16832,1.0
15599,19226,1.0
15599,15764,1.0
15602,19550,1.0
15603,15604,1.0
15604,15654,1.0
15604,20881,1.0
15605,15606,1.0
15606,19649,1.0
15607,16293,1.0
15607,20641,1.0
15608,19036,1.0
15608,19529,1.0
15609,15610,1.0
15610,16291,1.0
15610,19550,1.0
15611,19660,1.0
15612,15613,1.0
15613,15650,1.0
15613,20889,1.0
15613,21139,1.0
15614,17067,1.0
15615,15857,1.0
15615,17301,1.0
15616,19558,1.0
15616,17297,1.0
15617,15618,1.0
15617,17555,1.0
15617,15671,1.0
15618,17297,1.0
15618,19574,1.0
15619,17297,1.0
15619,15886,1.0
15620,15621,1.0
15620,15885,1.0
15621,19558,1.0
15623,15668,1.0
15623,18322,1.0
15624,15846,1.0
15624,19631,1.0
15624,19625,1.0
15625,15847,1.0
15625,15863,1.0
15626,15666,1.0
15626,20441,1.0
15626,20304,1.0
15627,15628,1.0
15627,20979,1.0
15627,19587,1.0
15628,17805,1.0
15628,19319,1.0
15629,15630,1.0
15629,18321,1.0
15629,18205,1.0
15630,18205,1.0
15630,18220,1.0
15631,19226,1.0
15632,15633,1.0
15632,19393,1.0
15634,15886,1.0
15634,16873,1.0
15634,15673,1.0
15635,15636,1.0
15635,17934,1.0
15638,15639,1.0
15641,15642,1.0
15641,17544,1.0
15641,17546,1.0
15642,17524,1.0
15644,15645,1.0
15644,17959,1.0
15645,18533,1.0
15646,19634,1.0
15646,20482,1.0
15647,19624,1.0
15648,16292,1.0
15648,20376,1.0
15650,20464,1.0
15651,16290,1.0
15651,15902,1.0
15652,16516,1.0
15653,15654,1.0
15653,19553,1.0
15655,15656,1.0
15655,19564,1.0
15655,20035,1.0
15656,17805,1.0
15656,16867,1.0
15656,20730,1.0
15657,15659,1.0
15659,15741,1.0
15660,15661,1.0
15660,17298,1.0
15661,15662,1.0
15661,15663,1.0
15664,15665,1.0
15664,15843,1.0
15664,15859,1.0
15665,18321,1.0
15665,18322,1.0
15666,17152,1.0
15666,18247,1.0
15668,15831,1.0
15669,15670,1.0
15669,15860,1.0
15669,20034,1.0
15670,17296,1.0
15670,17482,1.0
15671,17557,1.0
15672,15673,1.0
15672,15861,1.0
15672,19592,1.0
15673,19547,1.0
15674,15675,1.0
15674,19573,1.0
15674,19588,1.0
15675,19206,1.0
15675,19580,1.0
15676,19479,1.0
15676,15684,1.0
15677,15678,1.0
15677,18323,1.0
15677,18322,1.0
15677,16835,1.0
15678,15849,1.0
15678,19513,1.0
15680,15681,1.0
15681,20121,1.0
15682,16996,1.0
15683,19180,1.0
15683,19057,1.0
15684,15685,1.0
15684,21157,1.0
15685,15693,1.0
15685,19745,1.0
15687,15688,1.0
15687,15700,1.0
15689,15698,1.0
15689,15727,1.0
15690,15691,1.0
15690,15701,1.0
15690,15727,1.0
15693,15723,1.0
15695,15725,1.0
15696,15697,1.0
15696,16175,1.0
15697,20106,1.0
15699,15700,1.0
15701,15743,1.0
15702,15746,1.0
15702,20016,1.0
15702,17834,1.0
15704,15745,1.0
15705,16477,1.0
15706,15707,1.0
15706,17833,1.0
15707,15767,1.0
15707,15777,1.0
15707,16198,1.0
15708,15709,1.0
15708,16565,1.0
15708,15751,1.0
15708,17620,1.0
15710,15775,1.0
15710,16187,1.0
15712,16482,1.0
15712,16645,1.0
15712,16621,1.0
15713,15762,1.0
15714,16186,1.0
15716,16286,1.0
15716,19421,1.0
15719,15722,1.0
15719,17285,1.0
15719,17021,1.0
15724,15804,1.0
15726,15727,1.0
15728,15729,1.0
15729,17758,1.0
15731,15732,1.0
15731,20499,1.0
15731,18545,1.0
15731,19215,1.0
15732,15776,1.0
15732,15737,1.0
15734,15759,1.0
15735,16339,1.0
15737,15738,1.0
15737,17291,1.0
15738,17832,1.0
15739,15766,1.0
15739,16701,1.0
15741,15742,1.0
15741,17298,1.0
15746,16176,1.0
15746,18077,1.0
15747,15748,1.0
15747,20755,1.0
15747,16190,1.0
15749,15750,1.0
15751,16310,1.0
15751,20363,1.0
15752,15753,1.0
15752,16187,1.0
15752,15773,1.0
15752,15818,1.0
15753,15774,1.0
15753,17838,1.0
15753,15819,1.0
15754,15755,1.0
15754,20220,1.0
15756,15757,1.0
15756,15784,1.0
15756,15792,1.0
15757,20096,1.0
15757,20647,1.0
15759,15772,1.0
15760,17839,1.0
15760,18289,1.0
15761,15762,1.0
15761,16913,1.0
15761,19414,1.0
15762,16671,1.0
15763,18081,1.0
15763,19207,1.0
15764,15765,1.0
15764,17077,1.0
15764,16683,1.0
15765,17035,1.0
15765,16439,1.0
15768,15769,1.0
15768,16197,1.0
15768,16199,1.0
15768,17840,1.0
15770,15771,1.0
15770,19404,1.0
15773,15774,1.0
15773,15775,1.0
15775,16187,1.0
15778,18443,1.0
15778,18494,1.0
15779,18231,1.0
15780,15786,1.0
15784,20097,1.0
15784,20857,1.0
15785,15787,1.0
15789,15790,1.0
15790,17404,1.0
15793,15794,1.0
15793,17035,1.0
15794,15823,1.0
15795,15796,1.0
15795,16172,1.0
15796,15905,1.0
15796,16171,1.0
15797,16270,1.0
15799,15940,1.0
15801,15824,1.0
15801,15869,1.0
15802,15909,1.0
15805,15806,1.0
15805,20405,1.0
15805,16817,1.0
15806,16817,1.0
15806,16446,1.0
15807,15808,1.0
15807,16172,1.0
15807,17129,1.0
15808,17129,1.0
15809,20816,1.0
15809,16036,1.0
15810,16862,1.0
15811,15833,1.0
15812,15895,1.0
15812,15837,1.0
15813,15814,1.0
15815,15896,1.0
15817,17418,1.0
15818,15819,1.0
15818,20197,1.0
15819,17834,1.0
15819,16977,1.0
15820,16289,1.0
15820,16622,1.0
15820,16662,1.0
15821,15822,1.0
15821,15898,1.0
15821,19191,1.0
15824,15884,1.0
15824,15906,1.0
15825,15826,1.0
15826,15874,1.0
15826,15955,1.0
15828,15829,1.0
15830,15831,1.0
15831,19562,1.0
15832,20806,1.0
15834,15835,1.0
15834,15883,1.0
15834,19545,1.0
15835,15889,1.0
15835,17801,1.0
15838,16271,1.0
15838,21113,1.0
15839,15840,1.0
15839,16171,1.0
15840,15878,1.0
15841,19340,1.0
15842,19589,1.0
15842,15852,1.0
15843,19217,1.0
15843,19447,1.0
15844,15932,1.0
15845,20557,1.0
15846,16508,1.0
15847,15848,1.0
15847,15849,1.0
15848,15858,1.0
15848,21162,1.0
15849,15850,1.0
15851,15852,1.0
15851,19562,1.0
15852,17555,1.0
15853,15854,1.0
15853,15889,1.0
15853,17487,1.0
15854,19564,1.0
15855,15856,1.0
15855,17476,1.0
15855,16304,1.0
15856,15883,1.0
15857,15858,1.0
15857,19595,1.0
15858,19080,1.0
15859,19559,1.0
15859,19595,1.0
15860,17481,1.0
15860,19565,1.0
15861,17296,1.0
15861,17302,1.0
15862,15863,1.0
15862,19080,1.0
15862,21163,1.0
15863,19563,1.0
15864,15865,1.0
15864,15868,1.0
15864,15870,1.0
15864,15866,1.0
15865,15933,1.0
15865,15871,1.0
15866,15867,1.0
15866,15875,1.0
15870,15879,1.0
15870,15933,1.0
15872,15873,1.0
15872,16816,1.0
15872,17629,1.0
15873,15879,1.0
15873,15875,1.0
15875,15879,1.0
15876,15877,1.0
15877,17541,1.0
15878,16004,1.0
15879,15931,1.0
15880,15881,1.0
15880,15901,1.0
15880,17931,1.0
15881,17688,1.0
15882,15883,1.0
15882,17484,1.0
15882,19516,1.0
15884,15904,1.0
15884,19682,1.0
15885,19513,1.0
15886,19559,1.0
15886,21162,1.0
15887,15888,1.0
15887,16439,1.0
15889,17484,1.0
15890,15891,1.0
15892,15893,1.0
15892,19558,1.0
15893,17557,1.0
15893,19590,1.0
15894,18190,1.0
15894,18063,1.0
15894,15903,1.0
15896,16544,1.0
15896,17113,1.0
15897,16753,1.0
15897,15910,1.0
15899,15978,1.0
15899,16662,1.0
15900,15901,1.0
15901,15936,1.0
15902,15903,1.0
15902,18412,1.0
15903,15907,1.0
15907,15908,1.0
15907,16826,1.0
15907,17793,1.0
15908,20652,1.0
15908,18064,1.0
15910,17163,1.0
15912,15913,1.0
15912,17606,1.0
15914,15937,1.0
15914,16657,1.0
15914,16651,1.0
15915,15916,1.0
15915,17004,1.0
15915,17169,1.0
15916,15976,1.0
15916,16644,1.0
15917,15918,1.0
15917,17166,1.0
15917,19095,1.0
15918,17005,1.0
15918,17167,1.0
15919,17074,1.0
15921,17539,1.0
15921,20280,1.0
15922,15923,1.0
15922,17147,1.0
15923,17145,1.0
15924,17224,1.0
15925,15926,1.0
15925,19350,1.0
15925,19852,1.0
15928,15929,1.0
15929,15936,1.0
15929,17929,1.0
15930,15931,1.0
15931,15933,1.0
15934,15935,1.0
15934,17816,1.0
15934,17817,1.0
15936,20099,1.0
15937,15938,1.0
15938,16651,1.0
15938,15971,1.0
15941,19062,1.0
15941,19052,1.0
15942,15943,1.0
15943,17165,1.0
15943,15953,1.0
15943,17162,1.0
15944,17170,1.0
15947,15948,1.0
15948,17162,1.0
15948,17257,1.0
15949,16771,1.0
15949,17168,1.0
15949,15976,1.0
15950,15951,1.0
15950,19498,1.0
15952,15953,1.0
15953,17171,1.0
15954,16705,1.0
15954,17074,1.0
15955,20268,1.0
15956,16017,1.0
15957,15958,1.0
15957,16033,1.0
15960,16034,1.0
15961,15962,1.0
15961,16014,1.0
15963,15964,1.0
15963,16804,1.0
15964,16420,1.0
15965,16622,1.0
15965,16986,1.0
15966,16690,1.0
15966,16782,1.0
15966,16651,1.0
15967,15968,1.0
15967,16723,1.0
15967,17157,1.0
15968,16753,1.0
15968,19272,1.0
15969,15970,1.0
15970,16255,1.0
15971,17611,1.0
15972,15973,1.0
15973,17167,1.0
15973,17157,1.0
15974,15975,1.0
15974,16329,1.0
15974,17425,1.0
15975,16531,1.0
15975,16329,1.0
15976,17169,1.0
15977,15978,1.0
15978,16455,1.0
15979,16000,1.0
15980,16021,1.0
15981,18285,1.0
15981,16064,1.0
15983,15984,1.0
15984,16801,1.0
15984,17025,1.0
15986,15987,1.0
15986,16027,1.0
15986,20358,1.0
15987,17151,1.0
15989,15990,1.0
15991,20700,1.0
15992,15993,1.0
15994,15995,1.0
15994,16042,1.0
15996,15997,1.0
15997,16013,1.0
15997,16001,1.0
15998,15999,1.0
15999,16019,1.0
15999,16078,1.0
16001,16002,1.0
16004,17224,1.0
16005,16006,1.0
16005,17551,1.0
16006,16248,1.0
16006,16451,1.0
16006,16701,1.0
16007,16055,1.0
16009,16010,1.0
16009,16032,1.0
16009,16052,1.0
16010,17441,1.0
16013,16124,1.0
16014,18972,1.0
16016,17151,1.0
16016,21193,1.0
16018,16037,1.0
16022,16036,1.0
16023,19833,1.0
16024,20709,1.0
16024,20705,1.0
16027,16424,1.0
16027,16591,1.0
16028,16030,1.0
16028,17400,1.0
16038,16039,1.0
16040,16041,1.0
16040,17098,1.0
16040,21018,1.0
16041,17098,1.0
16042,16043,1.0
16044,20024,1.0
16044,20263,1.0
16045,16256,1.0
16045,17932,1.0
16047,16048,1.0
16047,19750,1.0
16049,16050,1.0
16049,18127,1.0
16053,16054,1.0
16054,16570,1.0
16056,16057,1.0
16056,16834,1.0
16057,16215,1.0
16057,19017,1.0
16060,16061,1.0
16060,16065,1.0
16060,16063,1.0
16061,16064,1.0
16061,17096,1.0
16061,18285,1.0
16062,16063,1.0
16062,16950,1.0
16064,17077,1.0
16065,16950,1.0
16065,17096,1.0
16067,21201,1.0
16069,16072,1.0
16071,18116,1.0
16072,16134,1.0
16073,17460,1.0
16074,20250,1.0
16075,16932,1.0
16077,16117,1.0
16078,16143,1.0
16079,16080,1.0
16080,20764,1.0
16082,20251,1.0
16084,20256,1.0
16087,20131,1.0
16088,17277,1.0
16090,16137,1.0
16092,16093,1.0
16092,16535,1.0
16093,16145,1.0
16094,19382,1.0
16095,20575,1.0
16095,21067,1.0
16095,21066,1.0
16097,16149,1.0
16098,17353,1.0
16099,17993,1.0
16100,16110,1.0
16102,20066,1.0
16103,16124,1.0
16104,17985,1.0
16105,19924,1.0
16107,17256,1.0
16108,19183,1.0
16110,16111,1.0
16112,17821,1.0
16114,16136,1.0
16115,16116,1.0
16115,17815,1.0
16115,20228,1.0
16116,17358,1.0
16116,19805,1.0
16116,17283,1.0
16120,16121,1.0
16120,20183,1.0
16121,16132,1.0
16122,19035,1.0
16123,18493,1.0
16123,19160,1.0
16123,18234,1.0
16126,20972,1.0
16127,20070,1.0
16127,19781,1.0
16130,18115,1.0
16130,20270,1.0
16130,18122,1.0
16132,17895,1.0
16133,21041,1.0
16133,21037,1.0
16134,17751,1.0
16135,18117,1.0
16137,17333,1.0
16138,20174,1.0
16141,20101,1.0
16142,20387,1.0
16142,21068,1.0
16143,17420,1.0
16145,16673,1.0
16146,17995,1.0
16147,20243,1.0
16148,18128,1.0
16151,20215,1.0
16153,17154,1.0
16156,16157,1.0
16157,16747,1.0
16161,16162,1.0
16162,16195,1.0
16163,16168,1.0
16163,16195,1.0
16164,16645,1.0
16165,19890,1.0
16166,16167,1.0
16166,16169,1.0
16168,16195,1.0
16169,16170,1.0
16169,16193,1.0
16171,16172,1.0
16172,16177,1.0
16173,16174,1.0
16173,17841,1.0
16173,17842,1.0
16174,18077,1.0
16174,18974,1.0
16174,17756,1.0
16174,17528,1.0
16175,17843,1.0
16175,17953,1.0
16176,18077,1.0
16176,16200,1.0
16177,17129,1.0
16178,17464,1.0
16178,17465,1.0
16180,16781,1.0
16180,19555,1.0
16181,19822,1.0
16181,19425,1.0
16182,16802,1.0
16182,16326,1.0
16183,16184,1.0
16183,16185,1.0
16183,18080,1.0
16183,17505,1.0
16183,16989,1.0
16185,16196,1.0
16185,16834,1.0
16185,17505,1.0
16186,16377,1.0
16186,19985,1.0
16188,16189,1.0
16190,16191,1.0
16190,19194,1.0
16192,16362,1.0
16193,16482,1.0
16196,19107,1.0
16202,17832,1.0
16203,19428,1.0
16204,16205,1.0
16204,16245,1.0
16204,17800,1.0
16206,16207,1.0
16206,16211,1.0
16208,16209,1.0
16209,16219,1.0
16211,16212,1.0
16211,16852,1.0
16214,16238,1.0
16214,18017,1.0
16215,16216,1.0
16215,19326,1.0
16215,19333,1.0
16216,17507,1.0
16216,19016,1.0
16218,16219,1.0
16219,16852,1.0
16220,16224,1.0
16222,16223,1.0
16222,20679,1.0
16225,17556,1.0
16226,16464,1.0
16231,16232,1.0
16231,16233,1.0
16231,16247,1.0
16233,16456,1.0
16234,16880,1.0
16235,16236,1.0
16235,16239,1.0
16236,16237,1.0
16239,16240,1.0
16240,16347,1.0
16241,16242,1.0
16241,19896,1.0
16242,19913,1.0
16242,20698,1.0
16243,16244,1.0
16246,16247,1.0
16251,17563,1.0
16252,16406,1.0
16252,16266,1.0
16253,16254,1.0
16253,16257,1.0
16253,17519,1.0
16254,17522,1.0
16258,16259,1.0
16259,16700,1.0
16260,16267,1.0
16260,17778,1.0
16261,16285,1.0
16263,16264,1.0
16263,19803,1.0
16263,18488,1.0
16263,16299,1.0
16265,16266,1.0
16267,16287,1.0
16268,16269,1.0
16268,16272,1.0
16268,20483,1.0
16269,16272,1.0
16269,16750,1.0
16272,19649,1.0
16272,16775,1.0
16274,16883,1.0
16275,16276,1.0
16276,17369,1.0
16277,16278,1.0
16277,18457,1.0
16277,16931,1.0
16278,20697,1.0
16279,17411,1.0
16279,17794,1.0
16280,16281,1.0
16281,18934,1.0
16281,19721,1.0
16281,19708,1.0
16284,16285,1.0
16284,16295,1.0
16284,16297,1.0
16285,17986,1.0
16286,20085,1.0
16286,18308,1.0
16287,17519,1.0
16288,17798,1.0
16288,19001,1.0
16288,20357,1.0
16290,19554,1.0
16290,18412,1.0
16292,20428,1.0
16293,17258,1.0
16293,20623,1.0
16294,19237,1.0
16294,21140,1.0
16295,20261,1.0
16297,20261,1.0
16298,16301,1.0
16298,19236,1.0
16300,20310,1.0
16301,16302,1.0
16303,16304,1.0
16303,19077,1.0
16303,17802,1.0
16304,19520,1.0
16305,16306,1.0
16305,16307,1.0
16306,16307,1.0
16310,16565,1.0
16312,16313,1.0
16312,16319,1.0
16312,16934,1.0
16314,16933,1.0
16315,16353,1.0
16316,16318,1.0
16317,17223,1.0
16318,16337,1.0
16318,18106,1.0
16319,16933,1.0
16320,16321,1.0
16321,16722,1.0
16322,16323,1.0
16322,17040,1.0
16322,18189,1.0
16322,20901,1.0
16324,16325,1.0
16325,18026,1.0
16325,18065,1.0
16327,16636,1.0
16328,16645,1.0
16329,16670,1.0
16330,16489,1.0
16330,18516,1.0
16331,17875,1.0
16333,18455,1.0
16334,16922,1.0
16335,16761,1.0
16336,16582,1.0
16337,16578,1.0
16339,17069,1.0
16341,16342,1.0
16341,19638,1.0
16342,20322,1.0
16344,16553,1.0
16345,17303,1.0
16346,16795,1.0
16347,18448,1.0
16348,17485,1.0
16349,16350,1.0
16349,17038,1.0
16350,16747,1.0
16350,20150,1.0
16351,16410,1.0
16354,16355,1.0
16355,17515,1.0
16357,17054,1.0
16357,18990,1.0
16358,16359,1.0
16359,17682,1.0
16361,16421,1.0
16361,16442,1.0
16362,16482,1.0
16362,17570,1.0
16363,20379,1.0
16366,16686,1.0
16369,16461,1.0
16369,20327,1.0
16371,16619,1.0
16374,16719,1.0
16376,16377,1.0
16376,17079,1.0
16378,16493,1.0
16379,16593,1.0
16379,16417,1.0
16380,16796,1.0
16380,16392,1.0
16381,16382,1.0
16383,17315,1.0
16385,16759,1.0
16385,17502,1.0
16386,16836,1.0
16386,16880,1.0
16387,16890,1.0
16388,16974,1.0
16388,17942,1.0
16388,17661,1.0
16389,16390,1.0
16389,16634,1.0
16390,17063,1.0
16393,16394,1.0
16393,16662,1.0
16394,20943,1.0
16395,16510,1.0
16398,16415,1.0
16398,18102,1.0
16398,17088,1.0
16400,16653,1.0
16405,16406,1.0
16405,17527,1.0
16407,17935,1.0
16408,16409,1.0
16409,16876,1.0
16409,17275,1.0
16411,17055,1.0
16411,19394,1.0
16414,16921,1.0
16415,17088,1.0
16417,16744,1.0
16418,17098,1.0
16420,16997,1.0
16424,16425,1.0
16424,17357,1.0
16425,17469,1.0
16430,16431,1.0
16435,17960,1.0
16437,16438,1.0
16439,17077,1.0
16439,19214,1.0
16444,16445,1.0
16446,16447,1.0
16446,17930,1.0
16447,18104,1.0
16448,16734,1.0
16448,21009,1.0
16449,17850,1.0
16451,19417,1.0
16452,16453,1.0
16455,16771,1.0
16456,19457,1.0
16456,20414,1.0
16457,17170,1.0
16457,20379,1.0
16458,16459,1.0
16458,19401,1.0
16461,17006,1.0
16461,20328,1.0
16462,20322,1.0
16463,16797,1.0
16465,19435,1.0
16467,16924,1.0
16469,17044,1.0
16469,16865,1.0
16470,17074,1.0
16474,19340,1.0
16475,20969,1.0
16476,16477,1.0
16477,17083,1.0
16479,17620,1.0
16479,19508,1.0
16480,21089,1.0
16482,16830,1.0
16483,16900,1.0
16487,17494,1.0
16488,16489,1.0
16488,16579,1.0
16490,16981,1.0
16490,19557,1.0
16491,16513,1.0
16491,20925,1.0
16492,16675,1.0
16493,17584,1.0
16493,20326,1.0
16495,16864,1.0
16498,18206,1.0
16499,16985,1.0
16501,19493,1.0
16505,16770,1.0
16506,18106,1.0
16508,16614,1.0
16508,17009,1.0
16508,19546,1.0
16512,18977,1.0
16512,19345,1.0
16515,16672,1.0
16517,21047,1.0
16518,16648,1.0
16519,20697,1.0
16520,16521,1.0
16520,17492,1.0
16528,20433,1.0
16531,16986,1.0
16533,16631,1.0
16533,19130,1.0
16535,16673,1.0
16535,17012,1.0
16536,17134,1.0
16536,20106,1.0
16537,17101,1.0
16538,16539,1.0
16539,16559,1.0
16539,20063,1.0
16541,17086,1.0
16542,16543,1.0
16542,17049,1.0
16543,19211,1.0
16544,17216,1.0
16545,16633,1.0
16545,17042,1.0
16547,16548,1.0
16548,17106,1.0
16549,16991,1.0
16550,16889,1.0
16552,17463,1.0
16556,16557,1.0
16556,21102,1.0
16557,16583,1.0
16557,20443,1.0
16558,16829,1.0
16558,19454,1.0
16558,19455,1.0
16559,20807,1.0
16563,17587,1.0
16563,20051,1.0
16564,16975,1.0
16564,16699,1.0
16566,16567,1.0
16566,16785,1.0
16567,16850,1.0
16567,17081,1.0
16568,16569,1.0
16568,19724,1.0
16570,20136,1.0
16570,20767,1.0
16572,17197,1.0
16573,16877,1.0
16576,16754,1.0
16577,16814,1.0
16577,16634,1.0
16578,17561,1.0
16583,17468,1.0
16583,20301,1.0
16586,16899,1.0
16586,16984,1.0
16586,19577,1.0
16588,17361,1.0
16588,17787,1.0
16589,17942,1.0
16590,16591,1.0
16590,17469,1.0
16590,20440,1.0
16593,16679,1.0
16593,16744,1.0
16594,16820,1.0
16598,16599,1.0
16598,17105,1.0
16598,17551,1.0
16599,16600,1.0
16599,18087,1.0
16600,18087,1.0
16601,17064,1.0
16601,19521,1.0
16603,16621,1.0
16604,17628,1.0
16604,16873,1.0
16605,16606,1.0
16605,17803,1.0
16605,17814,1.0
16605,20196,1.0
16605,17033,1.0
16606,17033,1.0
16606,17528,1.0
16606,17756,1.0
16606,20196,1.0
16606,21186,1.0
16607,20503,1.0
16609,16780,1.0
16614,19068,1.0
16618,16650,1.0
16620,16621,1.0
16620,16906,1.0
16622,16733,1.0
16624,16625,1.0
16624,16815,1.0
16625,16639,1.0
16626,16774,1.0
16627,16628,1.0
16627,16881,1.0
16627,16969,1.0
16628,17018,1.0
16630,16999,1.0
16633,20762,1.0
16634,16814,1.0
16638,20542,1.0
16641,16642,1.0
16642,19725,1.0
16642,19726,1.0
16643,16729,1.0
16643,17746,1.0
16643,19422,1.0
16644,17004,1.0
16646,16647,1.0
16647,16727,1.0
16648,16809,1.0
16649,17517,1.0
16654,17037,1.0
16654,19587,1.0
16656,16737,1.0
16657,16782,1.0
16658,17596,1.0
16658,20505,1.0
16658,18404,1.0
16660,16935,1.0
16661,19334,1.0
16663,16664,1.0
16663,18520,1.0
16666,16820,1.0
16666,18384,1.0
16667,18279,1.0
16668,18259,1.0
16668,16806,1.0
16671,19418,1.0
16673,18041,1.0
16674,16728,1.0
16674,18279,1.0
16678,19301,1.0
16679,17546,1.0
16680,17042,1.0
16682,16683,1.0
16689,17264,1.0
16690,16705,1.0
16692,16693,1.0
16692,17197,1.0
16694,18975,1.0
16695,16696,1.0
16696,17025,1.0
16696,17056,1.0
16696,18088,1.0
16700,19623,1.0
16703,16761,1.0
16703,20318,1.0
16703,20370,1.0
16704,17003,1.0
16705,16782,1.0
16706,16774,1.0
16707,16775,1.0
16707,19634,1.0
16708,16709,1.0
16708,20290,1.0
16708,20292,1.0
16709,16936,1.0
16709,18988,1.0
16709,20990,1.0
16710,16998,1.0
16711,16975,1.0
16712,16713,1.0
16718,17103,1.0
16720,20408,1.0
16721,17102,1.0
16723,17164,1.0
16723,16753,1.0
16724,16790,1.0
16728,18279,1.0
16729,16792,1.0
16729,16885,1.0
16730,16794,1.0
16731,17770,1.0
16731,19524,1.0
16731,20465,1.0
16732,17926,1.0
16735,16736,1.0
16737,16738,1.0
16738,16797,1.0
16741,19335,1.0
16741,17093,1.0
16742,18532,1.0
16743,16957,1.0
16744,16813,1.0
16746,17892,1.0
16746,20627,1.0
16747,20154,1.0
16748,16749,1.0
16749,19417,1.0
16749,19466,1.0
16751,16979,1.0
16755,19081,1.0
16756,17808,1.0
16756,18166,1.0
16756,18071,1.0
16757,17107,1.0
16757,16928,1.0
16758,16982,1.0
16758,18144,1.0
16762,16763,1.0
16762,17700,1.0
16768,19397,1.0
16770,19489,1.0
16770,20964,1.0
16771,17292,1.0
16775,16910,1.0
16776,16777,1.0
16776,16846,1.0
16776,20300,1.0
16777,17446,1.0
16785,19002,1.0
16785,16874,1.0
16786,19420,1.0
16787,16788,1.0
16787,19314,1.0
16788,16841,1.0
16790,17526,1.0
16791,16792,1.0
16791,16945,1.0
16792,19422,1.0
16799,16859,1.0
16799,17282,1.0
16800,17000,1.0
16804,17818,1.0
16805,16998,1.0
16805,16835,1.0
16806,16807,1.0
16806,18259,1.0
16807,17092,1.0
16809,20107,1.0
16814,19398,1.0
16816,17286,1.0
16817,17536,1.0
16818,17351,1.0
16820,18416,1.0
16822,18162,1.0
16825,16826,1.0
16825,16977,1.0
16825,17834,1.0
16826,19526,1.0
16826,17793,1.0
16829,19455,1.0
16829,20728,1.0
16830,20471,1.0
16830,20473,1.0
16831,16832,1.0
16831,18016,1.0
16834,17097,1.0
16834,17506,1.0
16836,18441,1.0
16836,18451,1.0
16839,17527,1.0
16840,17084,1.0
16840,19225,1.0
16842,18055,1.0
16842,20656,1.0
16844,18526,1.0
16844,17975,1.0
16846,19656,1.0
16847,16848,1.0
16848,20445,1.0
16849,17119,1.0
16850,16851,1.0
16851,17080,1.0
16853,16854,1.0
16854,16913,1.0
16855,17087,1.0
16855,20803,1.0
16861,19013,1.0
16862,17445,1.0
16862,18018,1.0
16864,16865,1.0
16864,19434,1.0
16865,19586,1.0
16866,17565,1.0
16867,16868,1.0
16867,17076,1.0
16867,19126,1.0
16867,19564,1.0
16869,21028,1.0
16869,16941,1.0
16871,20703,1.0
16872,17600,1.0
16874,19002,1.0
16876,17274,1.0
16876,17768,1.0
16879,16902,1.0
16880,18447,1.0
16881,17031,1.0
16882,17070,1.0
16882,17051,1.0
16883,16884,1.0
16883,17065,1.0
16884,17053,1.0
16884,18519,1.0
16885,19398,1.0
16887,17064,1.0
16887,19466,1.0
16888,16889,1.0
16888,18028,1.0
16888,20440,1.0
16889,18028,1.0
16890,16891,1.0
16891,17099,1.0
16891,20024,1.0
16894,17087,1.0
16895,16896,1.0
16895,20406,1.0
16895,20405,1.0
16896,18411,1.0
16896,17540,1.0
16896,20287,1.0
16896,20149,1.0
16898,17823,1.0
16899,19577,1.0
16900,16901,1.0
16900,20355,1.0
16901,20354,1.0
16902,20333,1.0
16903,17067,1.0
16905,16996,1.0
16905,17559,1.0
16906,17865,1.0
16907,16986,1.0
16908,17342,1.0
16911,17197,1.0
16914,17295,1.0
16914,17563,1.0
16915,19358,1.0
16916,16920,1.0
16916,17285,1.0
16918,16962,1.0
16918,17529,1.0
16920,17109,1.0
16924,16925,1.0
16927,19092,1.0
16927,19107,1.0
16928,17107,1.0
16931,18464,1.0
16931,20676,1.0
16932,19164,1.0
16933,16934,1.0
16936,20974,1.0
16937,20194,1.0
16938,17904,1.0
16943,18490,1.0
16943,19651,1.0
16944,19629,1.0
16944,18489,1.0
16945,18072,1.0
16946,18157,1.0
16946,18189,1.0
16948,16989,1.0
16949,18513,1.0
16951,18018,1.0
16952,19274,1.0
16954,17634,1.0
16954,18271,1.0
16955,17926,1.0
16955,19576,1.0
16959,18158,1.0
16960,16961,1.0
16963,18973,1.0
16964,18210,1.0
16964,20964,1.0
16968,18532,1.0
16969,16970,1.0
16970,17790,1.0
16970,17031,1.0
16971,17099,1.0
16971,20022,1.0
16973,18450,1.0
16973,19624,1.0
16976,18000,1.0
16977,17793,1.0
16978,17382,1.0
16981,19557,1.0
16984,20336,1.0
16987,17126,1.0
16987,20669,1.0
16990,17022,1.0
16990,20407,1.0
16992,21077,1.0
16992,21078,1.0
16993,17526,1.0
16996,17858,1.0
16998,18143,1.0
17000,20617,1.0
17004,20355,1.0
17008,17009,1.0
17010,17011,1.0
17011,18459,1.0
17014,17042,1.0
17014,20762,1.0
17016,19397,1.0
17016,19400,1.0
17017,18054,1.0
17018,19193,1.0
17018,17039,1.0
17019,17955,1.0
17020,17211,1.0
17021,17022,1.0
17021,17285,1.0
17022,20407,1.0
17024,17089,1.0
17026,20122,1.0
17028,17045,1.0
17030,17088,1.0
17030,17955,1.0
17030,20026,1.0
17033,17811,1.0
17037,19320,1.0
17038,19226,1.0
17040,17153,1.0
17040,17551,1.0
17040,20902,1.0
17044,19578,1.0
17045,20206,1.0
17045,17932,1.0
17047,18254,1.0
17049,17050,1.0
17050,20291,1.0
17051,17206,1.0
17052,17517,1.0
17053,20311,1.0
17053,20361,1.0
17053,20876,1.0
17054,18989,1.0
17055,17469,1.0
17059,17918,1.0
17061,18135,1.0
17063,17211,1.0
17064,19413,1.0
17064,17832,1.0
17065,19995,1.0
17066,20717,1.0
17067,20618,1.0
17070,20056,1.0
17073,17085,1.0
17076,18320,1.0
17077,17096,1.0
17079,17085,1.0
17080,20333,1.0
17082,17163,1.0
17082,17497,1.0
17084,19225,1.0
17087,20803,1.0
17089,19309,1.0
17090,18526,1.0
17090,17975,1.0
17091,18443,1.0
17091,18489,1.0
17091,19548,1.0
17094,17095,1.0
17094,20779,1.0
17094,20823,1.0
17097,19092,1.0
17097,19103,1.0
17099,20021,1.0
17100,20896,1.0
17100,21000,1.0
17104,17105,1.0
17104,18098,1.0
17105,20036,1.0
17106,20056,1.0
17107,18098,1.0
17108,19361,1.0
17111,17112,1.0
17112,20472,1.0
17113,17216,1.0
17115,17116,1.0
17115,17117,1.0
17118,17935,1.0
17119,17206,1.0
17119,17263,1.0
17121,17122,1.0
17121,17807,1.0
17122,19244,1.0
17125,17132,1.0
17126,17127,1.0
17126,17807,1.0
17127,17133,1.0
17127,17807,1.0
17130,20198,1.0
17131,21012,1.0
17136,20555,1.0
17139,17181,1.0
17140,17590,1.0
17140,19254,1.0
17140,19277,1.0
17142,17146,1.0
17143,17144,1.0
17143,17176,1.0
17143,17149,1.0
17146,19004,1.0
17147,20882,1.0
17148,17149,1.0
17148,17180,1.0
17148,17186,1.0
17149,17175,1.0
17149,17186,1.0
17151,17182,1.0
17155,17156,1.0
17156,17174,1.0
17156,18569,1.0
17158,17159,1.0
17158,17409,1.0
17158,17334,1.0
17159,17162,1.0
17160,17161,1.0
17161,17818,1.0
17162,20516,1.0
17163,17486,1.0
17166,17167,1.0
17166,19308,1.0
17168,17292,1.0
17168,17169,1.0
17170,20370,1.0
17170,20379,1.0
17171,17816,1.0
17172,17173,1.0
17173,17753,1.0
17175,17176,1.0
17175,17180,1.0
17176,17181,1.0
17179,20071,1.0
17180,17181,1.0
17182,17183,1.0
17182,17209,1.0
17191,17413,1.0
17191,17350,1.0
17191,20768,1.0
17191,20795,1.0
17192,19080,1.0
17193,17222,1.0
17194,17195,1.0
17195,17200,1.0
17195,20083,1.0
17196,17210,1.0
17196,20474,1.0
17199,17210,1.0
17199,17215,1.0
17199,18987,1.0
17199,20155,1.0
17199,20157,1.0
17200,17219,1.0
17202,17203,1.0
17203,17937,1.0
17203,18531,1.0
17203,18027,1.0
17207,17208,1.0
17207,18522,1.0
17208,20153,1.0
17208,21194,1.0
17212,17213,1.0
17212,17219,1.0
17212,19732,1.0
17213,17437,1.0
17213,17432,1.0
17215,18522,1.0
17218,17219,1.0
17223,20751,1.0
17223,20750,1.0
17226,17228,1.0
17227,17230,1.0
17229,17232,1.0
17231,18028,1.0
17233,17234,1.0
17233,20488,1.0
17233,20554,1.0
17234,17314,1.0
17234,17235,1.0
17235,17236,1.0
17235,17329,1.0
17235,20554,1.0
17236,20643,1.0
17236,17323,1.0
17237,17238,1.0
17237,17241,1.0
17237,17245,1.0
17238,19646,1.0
17238,17241,1.0
17239,17240,1.0
17239,20650,1.0
17239,19633,1.0
17240,19633,1.0
17240,17547,1.0
17241,17311,1.0
17242,17243,1.0
17244,17245,1.0
17244,17542,1.0
17244,17327,1.0
17246,17247,1.0
17246,19641,1.0
17246,20855,1.0
17247,20646,1.0
17247,17248,1.0
17248,19644,1.0
17249,17250,1.0
17249,20649,1.0
17250,17254,1.0
17250,20643,1.0
17251,17252,1.0
17251,20554,1.0
17251,17253,1.0
17252,17253,1.0
17252,19888,1.0
17252,17254,1.0
17253,20481,1.0
17259,17386,1.0
17260,17402,1.0
17260,17421,1.0
17262,17263,1.0
17264,18303,1.0
17264,18223,1.0
17265,17266,1.0
17265,17354,1.0
17265,17374,1.0
17266,17339,1.0
17266,17340,1.0
17266,17368,1.0
17267,17629,1.0
17268,17269,1.0
17268,17416,1.0
17269,17771,1.0
17269,17389,1.0
17271,17995,1.0
17272,17768,1.0
17272,17274,1.0
17272,17290,1.0
17274,17275,1.0
17275,17284,1.0
17278,17289,1.0
17279,17280,1.0
17279,18344,1.0
17281,20771,1.0
17281,20774,1.0
17282,21005,1.0
17284,21006,1.0
17287,17288,1.0
17287,17347,1.0
17287,17366,1.0
17288,17343,1.0
17289,20834,1.0
17290,17769,1.0
17290,21008,1.0
17291,19404,1.0
17291,21006,1.0
17295,17563,1.0
17296,19020,1.0
17298,17299,1.0
17300,17301,1.0
17300,20732,1.0
17301,19593,1.0
17302,17303,1.0
17302,17487,1.0
17303,20732,1.0
17304,17305,1.0
17304,17342,1.0
17304,17794,1.0
17306,17922,1.0
17307,19730,1.0
17307,17311,1.0
17308,17309,1.0
17308,17416,1.0
17310,18424,1.0
17311,19632,1.0
17312,17313,1.0
17312,17405,1.0
17314,17322,1.0
17315,17316,1.0
17315,19206,1.0
17315,19573,1.0
17317,17318,1.0
17317,20646,1.0
17317,20485,1.0
17318,17320,1.0
17318,20431,1.0
17319,17320,1.0
17319,20283,1.0
17319,20412,1.0
17320,17321,1.0
17321,17325,1.0
17322,17323,1.0
17323,20490,1.0
17323,20478,1.0
17324,17325,1.0
17324,20279,1.0
17324,19644,1.0
17325,20065,1.0
17326,17327,1.0
17327,17542,1.0
17328,17329,1.0
17328,20645,1.0
17328,20498,1.0
17329,20645,1.0
17329,20478,1.0
17330,17331,1.0
17330,18004,1.0
17331,17345,1.0
17331,17980,1.0
17333,17334,1.0
17335,18580,1.0
17335,20117,1.0
17337,20105,1.0
17337,20111,1.0
17338,17397,1.0
17338,17359,1.0
17339,17407,1.0
17339,17369,1.0
17339,17406,1.0
17339,17344,1.0
17340,17344,1.0
17340,17354,1.0
17340,17396,1.0
17341,17395,1.0
17343,17370,1.0
17343,18395,1.0
17344,17406,1.0
17344,17385,1.0
17345,20189,1.0
17347,17376,1.0
17348,17349,1.0
17350,17371,1.0
17351,19405,1.0
17351,21158,1.0
17356,17357,1.0
17363,17412,1.0
17363,21083,1.0
17364,17365,1.0
17364,17415,1.0
17366,17367,1.0
17366,17385,1.0
17367,17370,1.0
17367,17947,1.0
17368,17369,1.0
17368,17374,1.0
17370,17947,1.0
17371,20089,1.0
17372,17373,1.0
17372,20064,1.0
17372,21082,1.0
17373,17403,1.0
17373,17392,1.0
17373,17377,1.0
17375,17376,1.0
17375,17948,1.0
17377,17775,1.0
17377,21082,1.0
17378,18331,1.0
17378,18469,1.0
17378,18339,1.0
17379,20506,1.0
17381,17382,1.0
17382,21158,1.0
17383,21014,1.0
17383,21068,1.0
17384,20054,1.0
17385,17948,1.0
17386,19492,1.0
17387,17870,1.0
17387,20101,1.0
17388,17576,1.0
17389,17390,1.0
17389,17423,1.0
17393,19492,1.0
17393,17421,1.0
17394,17617,1.0
17395,18210,1.0
17396,17404,1.0
17396,17424,1.0
17398,20127,1.0
17399,17599,1.0
17400,21043,1.0
17402,17948,1.0
17406,17947,1.0
17408,18110,1.0
17408,20387,1.0
17410,17411,1.0
17411,20814,1.0
17411,18089,1.0
17412,19243,1.0
17412,17775,1.0
17415,17423,1.0
17422,17651,1.0
17422,19872,1.0
17425,20714,1.0
17426,17954,1.0
17426,20878,1.0
17426,19022,1.0
17428,19660,1.0
17429,17430,1.0
17429,17438,1.0
17431,17432,1.0
17431,18545,1.0
17434,17435,1.0
17434,17505,1.0
17434,18020,1.0
17437,19731,1.0
17437,19732,1.0
17439,17499,1.0
17441,17442,1.0
17441,18435,1.0
17443,18317,1.0
17445,18019,1.0
17445,19447,1.0
17446,20300,1.0
17448,17449,1.0
17449,20317,1.0
17450,17451,1.0
17450,17471,1.0
17450,19138,1.0
17451,17472,1.0
17451,19137,1.0
17452,17453,1.0
17453,18262,1.0
17453,21170,1.0
17454,17467,1.0
17457,17458,1.0
17457,17495,1.0
17457,20310,1.0
17459,19738,1.0
17460,17466,1.0
17461,17485,1.0
17462,17478,1.0
17462,17498,1.0
17463,17489,1.0
17464,17465,1.0
17464,17471,1.0
17465,17472,1.0
17470,18968,1.0
17471,17472,1.0
17476,17482,1.0
17476,18324,1.0
17480,17481,1.0
17480,18320,1.0
17481,20040,1.0
17482,17502,1.0
17483,17484,1.0
17483,19546,1.0
17483,20441,1.0
17486,17497,1.0
17486,18070,1.0
17487,20037,1.0
17489,17490,1.0
17491,18438,1.0
17499,17795,1.0
17499,19283,1.0
17499,21136,1.0
17500,19917,1.0
17500,20508,1.0
17502,19194,1.0
17503,17504,1.0
17505,19107,1.0
17507,19018,1.0
17507,19019,1.0
17507,19134,1.0
17507,20854,1.0
17508,20734,1.0
17509,17550,1.0
17510,20285,1.0
17510,20286,1.0
17510,17530,1.0
17512,17520,1.0
17512,17535,1.0
17512,17513,1.0
17514,17515,1.0
17514,17532,1.0
17520,17525,1.0
17521,21195,1.0
17523,17529,1.0
17524,17546,1.0
17524,17758,1.0
17525,19419,1.0
17527,19509,1.0
17528,17550,1.0
17530,17536,1.0
17532,18022,1.0
17535,20850,1.0
17536,17540,1.0
17536,18394,1.0
17542,17547,1.0
17545,18372,1.0
17545,18546,1.0
17547,20365,1.0
17548,20537,1.0
17548,20540,1.0
17552,20895,1.0
17552,20896,1.0
17561,17562,1.0
17562,20716,1.0
17565,17567,1.0
17565,20883,1.0
17572,17573,1.0
17575,17576,1.0
17575,19365,1.0
17576,20899,1.0
17577,17582,1.0
17577,20714,1.0
17579,17580,1.0
17579,20740,1.0
17579,20736,1.0
17582,20735,1.0
17582,20737,1.0
17583,19638,1.0
17584,17589,1.0
17585,17586,1.0
17585,17589,1.0
17585,19638,1.0
17585,20326,1.0
17587,20458,1.0
17591,17592,1.0
17593,17594,1.0
17593,19292,1.0
17596,18414,1.0
17596,20527,1.0
17598,18158,1.0
17599,19083,1.0
17599,19074,1.0
17600,17604,1.0
17600,19087,1.0
17602,17603,1.0
17602,17605,1.0
17602,17604,1.0
17603,17604,1.0
17603,19060,1.0
17605,19063,1.0
17606,17813,1.0
17606,18969,1.0
17607,17608,1.0
17607,18165,1.0
17609,17610,1.0
17609,17622,1.0
17609,17623,1.0
17610,17623,1.0
17610,20804,1.0
17611,17612,1.0
17611,17616,1.0
17611,17900,1.0
17613,17614,1.0
17614,17615,1.0
17614,18316,1.0
17614,18319,1.0
17614,20104,1.0
17618,20193,1.0
17620,18031,1.0
17620,19393,1.0
17621,20477,1.0
17623,17804,1.0
17623,19045,1.0
17625,17626,1.0
17627,19637,1.0
17627,20319,1.0
17630,19876,1.0
17631,18145,1.0
17634,20600,1.0
17636,19416,1.0
17640,17641,1.0
17642,18169,1.0
17642,20139,1.0
17648,19276,1.0
17649,17650,1.0
17649,20160,1.0
17649,20163,1.0
17653,18510,1.0
17653,18511,1.0
17659,17911,1.0
17659,21154,1.0
17661,20761,1.0
17663,20444,1.0
17667,17852,1.0
17671,18506,1.0
17671,18513,1.0
17680,20017,1.0
17680,20043,1.0
17691,17692,1.0
17694,17695,1.0
17695,18540,1.0
17696,19079,1.0
17701,17702,1.0
17701,20053,1.0
17704,18623,1.0
17704,18642,1.0
17710,19759,1.0
17711,20604,1.0
17712,20631,1.0
17712,20632,1.0
17714,20009,1.0
17720,17956,1.0
17720,20534,1.0
17735,19400,1.0
17738,17748,1.0
17738,19122,1.0
17739,21197,1.0
17743,19474,1.0
17744,19794,1.0
17745,19432,1.0
17752,17753,1.0
17754,17755,1.0
17754,19094,1.0
17754,19108,1.0
17756,17757,1.0
17766,18256,1.0
17768,17769,1.0
17770,19524,1.0
17771,17772,1.0
17771,20054,1.0
17773,21024,1.0
17774,17775,1.0
17780,17781,1.0
17780,17782,1.0
17780,18470,1.0
17781,18465,1.0
17781,18998,1.0
17783,17784,1.0
17783,18997,1.0
17783,20722,1.0
17784,18993,1.0
17784,20835,1.0
17785,17786,1.0
17786,20839,1.0
17786,18993,1.0
17788,17789,1.0
17788,18066,1.0
17788,20301,1.0
17789,18436,1.0
17789,18440,1.0
17789,19285,1.0
17790,20333,1.0
17791,17792,1.0
17796,17797,1.0
17796,18363,1.0
17799,18970,1.0
17800,19153,1.0
17801,17802,1.0
17802,18246,1.0
17803,17809,1.0
17803,17812,1.0
17804,20020,1.0
17804,20655,1.0
17805,17806,1.0
17806,20034,1.0
17806,20040,1.0
17807,19188,1.0
17809,18325,1.0
17810,17811,1.0
17810,17814,1.0
17810,21155,1.0
17811,17814,1.0
17811,18077,1.0
17811,21156,1.0
17812,19549,1.0
17815,17817,1.0
17816,20254,1.0
17817,20255,1.0
17818,20354,1.0
17827,17828,1.0
17828,20092,1.0
17828,20094,1.0
17830,19194,1.0
17834,20197,1.0
17835,20145,1.0
17841,20118,1.0
17847,19438,1.0
17847,21135,1.0
17852,19234,1.0
17853,21178,1.0
17854,19132,1.0
17857,19785,1.0
17859,19799,1.0
17859,20218,1.0
17860,18555,1.0
17860,18397,1.0
17868,19735,1.0
17875,18084,1.0
17897,17898,1.0
17897,20003,1.0
17897,20004,1.0
17898,18618,1.0
17898,20003,1.0
17906,19438,1.0
17907,17908,1.0
17907,20266,1.0
17908,19978,1.0
17909,17910,1.0
17909,17998,1.0
17918,17919,1.0
17918,19570,1.0
17928,20580,1.0
17929,20239,1.0
17930,18104,1.0
17933,20201,1.0
17933,20794,1.0
17934,19630,1.0
17936,17937,1.0
17936,18468,1.0
17937,18032,1.0
17943,18980,1.0
17949,20144,1.0
17951,17952,1.0
17953,19624,1.0
17953,19597,1.0
17954,19625,1.0
17954,19660,1.0
17954,20878,1.0
17955,17956,1.0
17956,19162,1.0
17957,17958,1.0
17957,20273,1.0
17957,19591,1.0
17958,19591,1.0
17982,21127,1.0
17982,21128,1.0
17993,18126,1.0
17993,20790,1.0
17993,20787,1.0
17995,20708,1.0
18005,18074,1.0
18005,20861,1.0
18007,19435,1.0
18007,19436,1.0
18014,18015,1.0
18016,18512,1.0
18018,18103,1.0
18023,18024,1.0
18026,18061,1.0
18026,18062,1.0
18028,20367,1.0
18029,18030,1.0
18029,18164,1.0
18029,18063,1.0
18029,18047,1.0
18030,18052,1.0
18030,18048,1.0
18030,18176,1.0
18031,19505,1.0
18031,19321,1.0
18032,19307,1.0
18032,19312,1.0
18032,19327,1.0
18034,18035,1.0
18034,18184,1.0
18034,18053,1.0
18034,18048,1.0
18035,20085,1.0
18035,19421,1.0
18035,18049,1.0
18036,18037,1.0
18036,18040,1.0
18036,18042,1.0
18036,18044,1.0
18038,18051,1.0
18038,18050,1.0
18038,20885,1.0
18041,20869,1.0
18042,18044,1.0
18042,20867,1.0
18043,18044,1.0
18043,18416,1.0
18043,20162,1.0
18045,18046,1.0
18045,18056,1.0
18045,20861,1.0
18045,21192,1.0
18046,18060,1.0
18046,18056,1.0
18047,18048,1.0
18047,18184,1.0
18048,18049,1.0
18049,18130,1.0
18049,18052,1.0
18050,18053,1.0
18050,20919,1.0
18051,20919,1.0
18051,20884,1.0
18052,18058,1.0
18052,20907,1.0
18053,18054,1.0
18053,18193,1.0
18054,20084,1.0
18054,19421,1.0
18056,18057,1.0
18056,18211,1.0
18057,21134,1.0
18058,18059,1.0
18058,20902,1.0
18059,18308,1.0
18061,19257,1.0
18061,18062,1.0
18062,19257,1.0
18063,18064,1.0
18063,18177,1.0
18063,20908,1.0
18063,18176,1.0
18063,18189,1.0
18064,19528,1.0
18066,20989,1.0
18068,18069,1.0
18068,18298,1.0
18073,18671,1.0
18073,18869,1.0
18073,18792,1.0
18074,18235,1.0
18074,20861,1.0
18074,20862,1.0
18077,19096,1.0
18077,20019,1.0
18079,20358,1.0
18082,18083,1.0
18082,19135,1.0
18083,18107,1.0
18085,18086,1.0
18087,20039,1.0
18089,20526,1.0
18091,18092,1.0
18092,18093,1.0
18092,20042,1.0
18094,18095,1.0
18094,20479,1.0
18094,20425,1.0
18095,18096,1.0
18095,20064,1.0
18096,19730,1.0
18097,20025,1.0
18097,20022,1.0
18098,20302,1.0
18099,18100,1.0
18104,18121,1.0
18107,18108,1.0
18107,18119,1.0
18112,18113,1.0
18112,20858,1.0
18112,20860,1.0
18112,18529,1.0
18114,19111,1.0
18114,19305,1.0
18115,18116,1.0
18117,19923,1.0
18117,19938,1.0
18126,18129,1.0
18127,19929,1.0
18129,20788,1.0
18130,18308,1.0
18130,20085,1.0
18132,19615,1.0
18133,18205,1.0
18135,18142,1.0
18136,18137,1.0
18138,18241,1.0
18138,18267,1.0
18139,18140,1.0
18140,21057,1.0
18141,19317,1.0
18146,18147,1.0
18147,18150,1.0
18147,20861,1.0
18147,19425,1.0
18147,19551,1.0
18152,18183,1.0
18155,18156,1.0
18155,18230,1.0
18156,18300,1.0
18156,18318,1.0
18157,18164,1.0
18157,20908,1.0
18159,18258,1.0
18160,18161,1.0
18161,20092,1.0
18161,20121,1.0
18162,19614,1.0
18163,20298,1.0
18164,20833,1.0
18164,20908,1.0
18166,19310,1.0
18166,19126,1.0
18167,18168,1.0
18168,18169,1.0
18170,18171,1.0
18172,18173,1.0
18172,18191,1.0
18172,20917,1.0
18172,18175,1.0
18173,18185,1.0
18173,20926,1.0
18174,18175,1.0
18174,18178,1.0
18174,20967,1.0
18175,20942,1.0
18176,18177,1.0
18177,20907,1.0
18179,18180,1.0
18180,20113,1.0
18180,20094,1.0
18181,18182,1.0
18182,20880,1.0
18184,18193,1.0
18185,20917,1.0
18185,20938,1.0
18185,20916,1.0
18186,18257,1.0
18187,18188,1.0
18187,18192,1.0
18187,20106,1.0
18187,20917,1.0
18188,20106,1.0
18189,18190,1.0
18189,19528,1.0
18190,20320,1.0
18193,20919,1.0
18194,18216,1.0
18195,18196,1.0
18195,18979,1.0
18196,18197,1.0
18196,18201,1.0
18197,18200,1.0
18197,18427,1.0
18199,18203,1.0
18203,18204,1.0
18205,21079,1.0
18206,18219,1.0
18212,18213,1.0
18220,18221,1.0
18220,18323,1.0
18220,21079,1.0
18221,18421,1.0
18223,19015,1.0
18224,18225,1.0
18226,18227,1.0
18226,18244,1.0
18226,18237,1.0
18227,18229,1.0
18227,20690,1.0
18229,20691,1.0
18229,18237,1.0
18232,18239,1.0
18232,18233,1.0
18235,18236,1.0
18235,18242,1.0
18235,19551,1.0
18235,20862,1.0
18237,18238,1.0
18241,18249,1.0
18243,20739,1.0
18246,18247,1.0
18246,18324,1.0
18247,20442,1.0
18248,18251,1.0
18254,18255,1.0
18255,19589,1.0
18259,19524,1.0
18261,18262,1.0
18261,20352,1.0
18262,20353,1.0
18262,21170,1.0
18265,20880,1.0
18268,18269,1.0
18268,18272,1.0
18268,18270,1.0
18269,18272,1.0
18270,18283,1.0
18271,20964,1.0
18273,21123,1.0
18274,18275,1.0
18274,20950,1.0
18275,18283,1.0
18276,19476,1.0
18276,18569,1.0
18276,20103,1.0
18277,18278,1.0
18277,20781,1.0
18277,20844,1.0
18280,18281,1.0
18280,21124,1.0
18281,18282,1.0
18284,18286,1.0
18285,18296,1.0
18287,18288,1.0
18290,18291,1.0
18290,18306,1.0
18290,18292,1.0
18292,18293,1.0
18292,18309,1.0
18293,18314,1.0
18298,18299,1.0
18301,18302,1.0
18302,18305,1.0
18306,18312,1.0
18310,18467,1.0
18314,20384,1.0
18320,20703,1.0
18321,19513,1.0
18323,21121,1.0
18324,19515,1.0
18325,20162,1.0
18325,20016,1.0
18327,18328,1.0
18327,18422,1.0
18327,20295,1.0
18327,18553,1.0
18328,18395,1.0
18328,18396,1.0
18329,18330,1.0
18329,18380,1.0
18329,18469,1.0
18329,18332,1.0
18330,18418,1.0
18330,18502,1.0
18330,18382,1.0
18332,18333,1.0
18332,18503,1.0
18332,18342,1.0
18333,18376,1.0
18333,18426,1.0
18333,20983,1.0
18334,18335,1.0
18334,18338,1.0
18334,18343,1.0
18336,18337,1.0
18336,18341,1.0
18336,18552,1.0
18337,18377,1.0
18337,18551,1.0
18338,18347,1.0
18338,18352,1.0
18339,18340,1.0
18339,18346,1.0
18339,18397,1.0
18341,18558,1.0
18341,19215,1.0
18342,20986,1.0
18342,20983,1.0
18343,18557,1.0
18343,19275,1.0
18344,18345,1.0
18346,18502,1.0
18346,18418,1.0
18346,18375,1.0
18347,18351,1.0
18347,18548,1.0
18348,18349,1.0
18348,18350,1.0
18348,18356,1.0
18351,18352,1.0
18351,18360,1.0
18352,19204,1.0
18353,18354,1.0
18353,18358,1.0
18353,18355,1.0
18355,18356,1.0
18355,18357,1.0
18357,18359,1.0
18357,18366,1.0
18361,18362,1.0
18361,18364,1.0
18361,19772,1.0
18362,18558,1.0
18362,20986,1.0
18362,18422,1.0
18365,18553,1.0
18365,18505,1.0
18365,20748,1.0
18367,18368,1.0
18367,19278,1.0
18369,18370,1.0
18369,18401,1.0
18369,18546,1.0
18370,18371,1.0
18370,18400,1.0
18370,18420,1.0
18371,18547,1.0
18371,18400,1.0
18371,18549,1.0
18371,18396,1.0
18373,18374,1.0
18373,18500,1.0
18373,18556,1.0
18373,18397,1.0
18373,18377,1.0
18374,18375,1.0
18374,19654,1.0
18375,18418,1.0
18376,18377,1.0
18376,18500,1.0
18377,18559,1.0
18378,18379,1.0
18378,18390,1.0
18379,18398,1.0
18379,18413,1.0
18381,18382,1.0
18381,18383,1.0
18381,18426,1.0
18382,18543,1.0
18384,18409,1.0
18386,18387,1.0
18387,18388,1.0
18387,18399,1.0
18387,18404,1.0
18388,18389,1.0
18388,18408,1.0
18388,18414,1.0
18390,18398,1.0
18390,18410,1.0
18391,20651,1.0
18392,18561,1.0
18392,19184,1.0
18393,18394,1.0
18393,18409,1.0
18393,18411,1.0
18394,20406,1.0
18395,18396,1.0
18395,20295,1.0
18396,18549,1.0
18398,18404,1.0
18398,18399,1.0
18399,18405,1.0
18399,18410,1.0
18400,18403,1.0
18401,18504,1.0
18401,18420,1.0
18402,18403,1.0
18403,18546,1.0
18405,20761,1.0
18406,18407,1.0
18406,20651,1.0
18407,20404,1.0
18407,20405,1.0
18409,20652,1.0
18410,20761,1.0
18411,19329,1.0
18412,20651,1.0
18414,20750,1.0
18415,18416,1.0
18416,19549,1.0
18417,20652,1.0
18417,20653,1.0
18418,18500,1.0
18419,18501,1.0
18419,20220,1.0
18420,18505,1.0
18421,21079,1.0
18421,19615,1.0
18422,18423,1.0
18422,20295,1.0
18423,18553,1.0
18423,18554,1.0
18423,19772,1.0
18424,20082,1.0
18426,18543,1.0
18428,18429,1.0
18435,20486,1.0
18436,18437,1.0
18436,18440,1.0
18436,20821,1.0
18437,18439,1.0
18437,19198,1.0
18438,18957,1.0
18439,19318,1.0
18439,19198,1.0
18440,18482,1.0
18441,18449,1.0
18441,18451,1.0
18444,18446,1.0
18447,18451,1.0
18448,18449,1.0
18450,19617,1.0
18450,19624,1.0
18458,18459,1.0
18458,20841,1.0
18458,20030,1.0
18459,20839,1.0
18465,18466,1.0
18465,19165,1.0
18466,19045,1.0
18466,19047,1.0
18466,19046,1.0
18469,18502,1.0
18469,20267,1.0
18470,20027,1.0
18470,20841,1.0
18472,18473,1.0
18472,19027,1.0
18472,20004,1.0
18473,20003,1.0
18473,20001,1.0
18474,18475,1.0
18474,18476,1.0
18474,20015,1.0
18475,20012,1.0
18475,18477,1.0
18476,20015,1.0
18480,18481,1.0
18480,18484,1.0
18481,18484,1.0
18481,18482,1.0
18482,20020,1.0
18483,18484,1.0
18483,20804,1.0
18484,20804,1.0
18484,19165,1.0
18487,18488,1.0
18489,18490,1.0
18491,18690,1.0
18495,19146,1.0
18496,18497,1.0
18497,19803,1.0
18498,19185,1.0
18498,21150,1.0
18498,21152,1.0
18499,18967,1.0
18500,18543,1.0
18501,19620,1.0
18501,20893,1.0
18505,18549,1.0
18506,18513,1.0
18507,18508,1.0
18507,18509,1.0
18510,18511,1.0
18510,21052,1.0
18511,18517,1.0
18512,18521,1.0
18515,20106,1.0
18517,21053,1.0
18517,18521,1.0
18519,20042,1.0
18519,20597,1.0
18521,21053,1.0
18522,20156,1.0
18526,20744,1.0
18528,18529,1.0
18531,19469,1.0
18535,18536,1.0
18535,18537,1.0
18535,18568,1.0
18536,18573,1.0
18536,20116,1.0
18538,18539,1.0
18538,18564,1.0
18538,18597,1.0
18540,20187,1.0
18541,20267,1.0
18541,20818,1.0
18542,18554,1.0
18542,20818,1.0
18544,18545,1.0
18544,20298,1.0
18550,20055,1.0
18551,19215,1.0
18551,20987,1.0
18553,18554,1.0
18558,18559,1.0
18559,19775,1.0
18562,18563,1.0
18562,18597,1.0
18562,18600,1.0
18564,18568,1.0
18564,18567,1.0
18565,18566,1.0
18565,18581,1.0
18565,18582,1.0
18567,18568,1.0
18567,18573,1.0
18570,18571,1.0
18570,18572,1.0
18570,18589,1.0
18572,18573,1.0
18572,18585,1.0
18574,18575,1.0
18574,18587,1.0
18574,19124,1.0
18575,18598,1.0
18575,18595,1.0
18577,21100,1.0
18582,18583,1.0
18582,18595,1.0
18583,18587,1.0
18583,18600,1.0
18584,18585,1.0
18584,18598,1.0
18585,18594,1.0
18587,18588,1.0
18588,18590,1.0
18588,18601,1.0
18589,18598,1.0
18589,18595,1.0
18590,18591,1.0
18590,18596,1.0
18592,18593,1.0
18593,18600,1.0
18593,18602,1.0
18597,18599,1.0
18602,18603,1.0
18604,18605,1.0
18604,18613,1.0
18604,18682,1.0
18604,18789,1.0
18604,18612,1.0
18605,18613,1.0
18605,18820,1.0
18606,18607,1.0
18606,18648,1.0
18607,18797,1.0
18607,18630,1.0
18608,18609,1.0
18608,18851,1.0
18608,18910,1.0
18609,18733,1.0
18609,18750,1.0
18610,18763,1.0
18611,18612,1.0
18611,18747,1.0
18611,19748,1.0
18612,18798,1.0
18613,18614,1.0
18613,18762,1.0
18614,18678,1.0
18614,18750,1.0
18614,18912,1.0
18615,18616,1.0
18615,18902,1.0
18616,19789,1.0
18617,18618,1.0
18617,18805,1.0
18618,18736,1.0
18618,19739,1.0
18619,18802,1.0
18619,18792,1.0
18620,18688,1.0
18620,18791,1.0
18621,18622,1.0
18621,18634,1.0
18621,18757,1.0
18623,18697,1.0
18623,19030,1.0
18623,18628,1.0
18624,18625,1.0
18625,18711,1.0
18625,18703,1.0
18626,18627,1.0
18626,19357,1.0
18626,18791,1.0
18627,18632,1.0
18627,18638,1.0
18628,18629,1.0
18628,18680,1.0
18629,18875,1.0
18629,18879,1.0
18630,18766,1.0
18630,18892,1.0
18630,18802,1.0
18631,18700,1.0
18631,18739,1.0
18631,18800,1.0
18632,18633,1.0
18632,19357,1.0
18633,19350,1.0
18633,19369,1.0
18634,18635,1.0
18634,18673,1.0
18635,18881,1.0
18635,19760,1.0
18636,18637,1.0
18636,18753,1.0
18636,18755,1.0
18636,18874,1.0
18637,18640,1.0
18637,18686,1.0
18638,18639,1.0
18638,19369,1.0
18639,18773,1.0
18639,19233,1.0
18639,19912,1.0
18640,18641,1.0
18640,18755,1.0
18640,19702,1.0
18641,18686,1.0
18641,19784,1.0
18642,18717,1.0
18642,18662,1.0
18642,19612,1.0
18643,18644,1.0
18643,18651,1.0
18643,18652,1.0
18643,18949,1.0
18644,18805,1.0
18644,18756,1.0
18644,18708,1.0
18644,18823,1.0
18645,18735,1.0
18645,18737,1.0
18646,18647,1.0
18646,18732,1.0
18646,18791,1.0
18646,18675,1.0
18648,18738,1.0
18648,18826,1.0
18649,18650,1.0
18649,18673,1.0
18649,18881,1.0
18649,19496,1.0
18650,20909,1.0
18650,18775,1.0
18651,18652,1.0
18651,18745,1.0
18651,19786,1.0
18652,18937,1.0
18652,18898,1.0
18653,18654,1.0
18653,18818,1.0
18653,18713,1.0
18653,18659,1.0
18654,18729,1.0
18654,18856,1.0
18655,18656,1.0
18655,19608,1.0
18655,19667,1.0
18655,19742,1.0
18656,18810,1.0
18656,18870,1.0
18657,18658,1.0
18658,18677,1.0
18658,18882,1.0
18659,18660,1.0
18659,18720,1.0
18661,18662,1.0
18662,18697,1.0
18663,18664,1.0
18663,18800,1.0
18664,18803,1.0
18664,18700,1.0
18665,18666,1.0
18665,18884,1.0
18665,18731,1.0
18667,18668,1.0
18667,18672,1.0
18667,18728,1.0
18668,18715,1.0
18668,18910,1.0
18669,18670,1.0
18669,19818,1.0
18670,18713,1.0
18670,18770,1.0
18670,18721,1.0
18671,18794,1.0
18671,18852,1.0
18672,18775,1.0
18672,18809,1.0
18673,18706,1.0
18673,18850,1.0
18674,18675,1.0
18674,18823,1.0
18674,18732,1.0
18675,18785,1.0
18675,18824,1.0
18676,18677,1.0
18676,18768,1.0
18676,18909,1.0
18676,18679,1.0
18676,21143,1.0
18677,18678,1.0
18678,18750,1.0
18679,18853,1.0
18679,20212,1.0
18680,18692,1.0
18680,18718,1.0
18681,18682,1.0
18681,18704,1.0
18681,18764,1.0
18682,18819,1.0
18683,18872,1.0
18683,18886,1.0
18684,18685,1.0
18684,18695,1.0
18684,18869,1.0
18685,18706,1.0
18685,18696,1.0
18685,18757,1.0
18686,18687,1.0
18687,18708,1.0
18688,18689,1.0
18688,18785,1.0
18690,18691,1.0
18690,18852,1.0
18691,18890,1.0
18692,18693,1.0
18692,18694,1.0
18692,18944,1.0
18693,18875,1.0
18693,18945,1.0
18694,18718,1.0
18694,18891,1.0
18694,18717,1.0
18695,18696,1.0
18695,18852,1.0
18696,20933,1.0
18697,18718,1.0
18698,18699,1.0
18698,18751,1.0
18698,18735,1.0
18698,19602,1.0
18699,18804,1.0
18699,18796,1.0
18700,18741,1.0
18701,18702,1.0
18701,18764,1.0
18701,18821,1.0
18702,18912,1.0
18702,18819,1.0
18703,18704,1.0
18703,18798,1.0
18704,18714,1.0
18704,18924,1.0
18705,18706,1.0
18705,18850,1.0
18705,20933,1.0
18706,18757,1.0
18707,18708,1.0
18707,19784,1.0
18707,18951,1.0
18708,18893,1.0
18709,18710,1.0
18709,18915,1.0
18709,19233,1.0
18709,19832,1.0
18710,18860,1.0
18710,18887,1.0
18711,18747,1.0
18711,20230,1.0
18711,21144,1.0
18712,18713,1.0
18712,18731,1.0
18712,18825,1.0
18713,19743,1.0
18714,18715,1.0
18714,18841,1.0
18715,18764,1.0
18715,18837,1.0
18716,18717,1.0
18716,19610,1.0
18716,19669,1.0
18716,18883,1.0
18717,19670,1.0
18719,18720,1.0
18719,18772,1.0
18719,18895,1.0
18720,18744,1.0
18722,18723,1.0
18723,18781,1.0
18723,19831,1.0
18724,18725,1.0
18724,18818,1.0
18724,18749,1.0
18726,18727,1.0
18727,18745,1.0
18727,18829,1.0
18727,18873,1.0
18729,18730,1.0
18729,19819,1.0
18731,18733,1.0
18731,18743,1.0
18732,19343,1.0
18733,18734,1.0
18733,18953,1.0
18734,18814,1.0
18734,19841,1.0
18735,18959,1.0
18736,18746,1.0
18736,18756,1.0
18737,18835,1.0
18738,18864,1.0
18738,18761,1.0
18738,18794,1.0
18739,18740,1.0
18739,18741,1.0
18740,18818,1.0
18740,19819,1.0
18741,18749,1.0
18742,18743,1.0
18742,18801,1.0
18742,18885,1.0
18743,18770,1.0
18743,19870,1.0
18745,18934,1.0
18746,18785,1.0
18746,18929,1.0
18746,19250,1.0
18747,18798,1.0
18748,18749,1.0
18748,18772,1.0
18748,18776,1.0
18749,18803,1.0
18752,18753,1.0
18752,18781,1.0
18752,18754,1.0
18752,19806,1.0
18753,19768,1.0
18754,18755,1.0
18754,18834,1.0
18755,19811,1.0
18756,18805,1.0
18756,18824,1.0
18758,18759,1.0
18758,19518,1.0
18758,19743,1.0
18760,18962,1.0
18760,21145,1.0
18761,18861,1.0
18764,18866,1.0
18765,18766,1.0
18766,18793,1.0
18767,18768,1.0
18767,18789,1.0
18767,19748,1.0
18768,18853,1.0
18770,18771,1.0
18770,19818,1.0
18772,18831,1.0
18775,18812,1.0
18777,18778,1.0
18777,18782,1.0
18777,18891,1.0
18777,18905,1.0
18779,18780,1.0
18780,18840,1.0
18780,18885,1.0
18780,19873,1.0
18781,18906,1.0
18782,18833,1.0
18782,18903,1.0
18783,18784,1.0
18783,18907,1.0
18783,19604,1.0
18784,18842,1.0
18784,19601,1.0
18786,18787,1.0
18787,18844,1.0
18788,18961,1.0
18788,18962,1.0
18789,18790,1.0
18789,18900,1.0
18792,18793,1.0
18793,18794,1.0
18795,18796,1.0
18795,18883,1.0
18795,19613,1.0
18796,19680,1.0
18798,18799,1.0
18803,18868,1.0
18806,18807,1.0
18806,18830,1.0
18806,20939,1.0
18806,19823,1.0
18807,19889,1.0
18807,19873,1.0
18808,18809,1.0
18809,18822,1.0
18810,18811,1.0
18810,18815,1.0
18812,18813,1.0
18812,19496,1.0
18812,18836,1.0
18816,18817,1.0
18817,18949,1.0
18817,19786,1.0
18819,18820,1.0
18820,18912,1.0
18823,18824,1.0
18827,18828,1.0
18827,18908,1.0
18827,19835,1.0
18828,18908,1.0
18828,19900,1.0
18829,18935,1.0
18829,20381,1.0
18830,19774,1.0
18830,20909,1.0
18835,18847,1.0
18835,18901,1.0
18836,18837,1.0
18836,18927,1.0
18836,18918,1.0
18837,18845,1.0
18838,18839,1.0
18838,20230,1.0
18842,18961,1.0
18842,18959,1.0
18842,19669,1.0
18843,18844,1.0
18844,18886,1.0
18848,18849,1.0
18848,18856,1.0
18848,19518,1.0
18849,18899,1.0
18849,19829,1.0
18850,19496,1.0
18850,19499,1.0
18854,18855,1.0
18854,18859,1.0
18855,18858,1.0
18856,18857,1.0
18862,18863,1.0
18862,18865,1.0
18862,19671,1.0
18863,18878,1.0
18863,19742,1.0
18865,19602,1.0
18865,19676,1.0
18870,18871,1.0
18870,19809,1.0
18870,19837,1.0
18871,18911,1.0
18871,19866,1.0
18875,18888,1.0
18876,18877,1.0
18883,19834,1.0
18883,19897,1.0
18885,18976,1.0
18885,19869,1.0
18886,18918,1.0
18887,18916,1.0
18887,18917,1.0
18889,18898,1.0
18889,18943,1.0
18889,18941,1.0
18891,19850,1.0
18893,18894,1.0
18893,18951,1.0
18896,18897,1.0
18896,18950,1.0
18896,19845,1.0
18898,18935,1.0
18903,19796,1.0
18903,19850,1.0
18908,19816,1.0
18910,20258,1.0
18912,18913,1.0
18914,18915,1.0
18915,18922,1.0
18916,18925,1.0
18918,18919,1.0
18920,18921,1.0
18921,18926,1.0
18923,18924,1.0
18924,18928,1.0
18930,18931,1.0
18930,18933,1.0
18930,19478,1.0
18932,18933,1.0
18933,19783,1.0
18933,21112,1.0
18934,19076,1.0
18935,18936,1.0
18937,18940,1.0
18937,18942,1.0
18937,19343,1.0
18938,18939,1.0
18939,18943,1.0
18939,18942,1.0
18941,18942,1.0
18941,19372,1.0
18942,19342,1.0
18943,20098,1.0
18945,18946,1.0
18945,18947,1.0
18948,19351,1.0
18949,18951,1.0
18949,18955,1.0
18950,19723,1.0
18950,19712,1.0
18952,18953,1.0
18953,18954,1.0
18954,18956,1.0
18954,19869,1.0
18955,20666,1.0
18955,19778,1.0
18957,20642,1.0
18957,20644,1.0
18958,18959,1.0
18960,18961,1.0
18962,18963,1.0
18965,18966,1.0
18973,20966,1.0
18977,18978,1.0
18977,18985,1.0
18978,18982,1.0
18978,18985,1.0
18979,19374,1.0
18982,18985,1.0
18983,18984,1.0
18983,20868,1.0
18983,21132,1.0
18989,18990,1.0
18991,18992,1.0
18992,19024,1.0
18992,19026,1.0
18993,18997,1.0
18993,19007,1.0
18996,18997,1.0
18996,19029,1.0
18996,20721,1.0
18998,18999,1.0
18998,20827,1.0
18999,19029,1.0
18999,19046,1.0
19001,19990,1.0
19001,20125,1.0
19001,20126,1.0
19002,20722,1.0
19002,20836,1.0
19011,20815,1.0
19014,19996,1.0
19020,20702,1.0
19020,20700,1.0
19021,19022,1.0
19021,19023,1.0
19021,20556,1.0
19023,19043,1.0
19024,19034,1.0
19025,19790,1.0
19027,19028,1.0
19027,20007,1.0
19028,20013,1.0
19028,20002,1.0
19029,20844,1.0
19030,19031,1.0
19035,19036,1.0
19037,19038,1.0
19037,19530,1.0
19038,19530,1.0
19041,19700,1.0
19041,20148,1.0
19042,19043,1.0
19043,19044,1.0
19045,19047,1.0
19045,19165,1.0
19045,20831,1.0
19046,19047,1.0
19047,20844,1.0
19049,19050,1.0
19049,19252,1.0
19052,19065,1.0
19052,19061,1.0
19053,19054,1.0
19054,19055,1.0
19057,19058,1.0
19057,19065,1.0
19059,19060,1.0
19059,19063,1.0
19060,19063,1.0
19061,19062,1.0
19062,19066,1.0
19065,19430,1.0
19066,19776,1.0
19066,19803,1.0
19070,19071,1.0
19070,19902,1.0
19070,19905,1.0
19071,19766,1.0
19074,19082,1.0
19077,19078,1.0
19077,19516,1.0
19078,20194,1.0
19079,20811,1.0
19080,19184,1.0
19081,19578,1.0
19085,19086,1.0
19085,20462,1.0
19085,20458,1.0
19090,19091,1.0
19092,19093,1.0
19097,19098,1.0
19097,19100,1.0
19097,19104,1.0
19099,19100,1.0
19100,19101,1.0
19101,19102,1.0
19101,19105,1.0
19102,19104,1.0
19105,19641,1.0
19106,19107,1.0
19111,19112,1.0
19111,19113,1.0
19117,19129,1.0
19117,19118,1.0
19120,19125,1.0
19121,19127,1.0
19121,20137,1.0
19128,19131,1.0
19131,20528,1.0
19132,19133,1.0
19132,19298,1.0
19133,20050,1.0
19137,19138,1.0
19137,19140,1.0
19138,19139,1.0
19139,19140,1.0
19139,19143,1.0
19140,19144,1.0
19141,19142,1.0
19142,19143,1.0
19142,19144,1.0
19143,19145,1.0
19143,19144,1.0
19146,19147,1.0
19146,19148,1.0
19147,19687,1.0
19147,19685,1.0
19148,19152,1.0
19149,19150,1.0
19149,20500,1.0
19161,19320,1.0
19162,20886,1.0
19163,19549,1.0
19164,20866,1.0
19167,20561,1.0
19170,19176,1.0
19171,19174,1.0
19171,19970,1.0
19174,20061,1.0
19175,20158,1.0
19179,19289,1.0
19179,19294,1.0
19184,19244,1.0
19186,19187,1.0
19186,20073,1.0
19188,19244,1.0
19189,19190,1.0
19191,19682,1.0
19196,19197,1.0
19200,19201,1.0
19200,19259,1.0
19202,19203,1.0
19202,19259,1.0
19207,20876,1.0
19208,19209,1.0
19210,19252,1.0
19211,19212,1.0
19211,20974,1.0
19213,19253,1.0
19213,19220,1.0
19214,19267,1.0
19216,19269,1.0
19216,19282,1.0
19217,19447,1.0
19218,19219,1.0
19218,19256,1.0
19220,19221,1.0
19220,19286,1.0
19228,19229,1.0
19228,19637,1.0
19233,20421,1.0
19234,19239,1.0
19242,20712,1.0
19243,21082,1.0
19243,20648,1.0
19257,20689,1.0
19259,19260,1.0
19262,19296,1.0
19263,19270,1.0
19263,19878,1.0
19266,20893,1.0
19266,19976,1.0
19268,19270,1.0
19270,19826,1.0
19270,19799,1.0
19271,19272,1.0
19285,20989,1.0
19296,19328,1.0
19296,19331,1.0
19297,20346,1.0
19298,20047,1.0
19299,19300,1.0
19299,19304,1.0
19299,19316,1.0
19300,19303,1.0
19300,19318,1.0
19303,19304,1.0
19303,19325,1.0
19304,19596,1.0
19316,19596,1.0
19319,19320,1.0
19319,20979,1.0
19321,19322,1.0
19321,19460,1.0
19325,20980,1.0
19325,21102,1.0
19329,19330,1.0
19334,21011,1.0
19335,19353,1.0
19335,19392,1.0
19336,19337,1.0
19336,19491,1.0
19338,19339,1.0
19338,19367,1.0
19342,19343,1.0
19342,19381,1.0
19343,19357,1.0
19344,19358,1.0
19346,19348,1.0
19346,19349,1.0
19347,19378,1.0
19350,19351,1.0
19351,19381,1.0
19352,19371,1.0
19354,19355,1.0
19354,19364,1.0
19354,19373,1.0
19356,19360,1.0
19361,19370,1.0
19361,19377,1.0
19364,20549,1.0
19366,19376,1.0
19369,19920,1.0
19381,19389,1.0
19395,19399,1.0
19397,20419,1.0
19400,20419,1.0
19402,20262,1.0
19404,19465,1.0
19406,19412,1.0
19407,19408,1.0
19407,19415,1.0
19407,20799,1.0
19409,19410,1.0
19411,19412,1.0
19413,19466,1.0
19419,19420,1.0
19421,19431,1.0
19425,21192,1.0
19426,19427,1.0
19432,19543,1.0
19433,21188,1.0
19434,19446,1.0
19435,19436,1.0
19438,19444,1.0
19440,20241,1.0
19440,20494,1.0
19442,19444,1.0
19450,19451,1.0
19456,19457,1.0
19457,20420,1.0
19460,21007,1.0
19461,20262,1.0
19461,20265,1.0
19462,19770,1.0
19464,19517,1.0
19470,19477,1.0
19471,19472,1.0
19472,19473,1.0
19472,19475,1.0
19476,20103,1.0
19479,19481,1.0
19479,19485,1.0
19479,19487,1.0
19479,19482,1.0
19480,19481,1.0
19480,19487,1.0
19481,19482,1.0
19482,19486,1.0
19483,19484,1.0
19487,21157,1.0
19491,19494,1.0
19494,19495,1.0
19496,19497,1.0
19499,19502,1.0
19499,19501,1.0
19505,19508,1.0
19506,19507,1.0
19506,19508,1.0
19510,19511,1.0
19510,19963,1.0
19511,19949,1.0
19514,19515,1.0
19514,19545,1.0
19514,19521,1.0
19516,19520,1.0
19518,19904,1.0
19520,19527,1.0
19521,19554,1.0
19525,19541,1.0
19527,20653,1.0
19528,20319,1.0
19541,19542,1.0
19541,20596,1.0
19544,19545,1.0
19544,20194,1.0
19546,19631,1.0
19551,19552,1.0
19554,19555,1.0
19559,21163,1.0
19560,19561,1.0
19561,19585,1.0
19563,20444,1.0
19565,19570,1.0
19568,20345,1.0
19571,19572,1.0
19571,20136,1.0
19573,19588,1.0
19574,19575,1.0
19574,19579,1.0
19576,19581,1.0
19580,19581,1.0
19582,20293,1.0
19583,20658,1.0
19585,19618,1.0
19586,19591,1.0
19593,19594,1.0
19594,19595,1.0
19596,20980,1.0
19597,19598,1.0
19597,19657,1.0
19597,19661,1.0
19598,19599,1.0
19598,19659,1.0
19599,19614,1.0
19599,19661,1.0
19600,19601,1.0
19601,19606,1.0
19602,19603,1.0
19604,19609,1.0
19604,19673,1.0
19605,19606,1.0
19606,19612,1.0
19606,19610,1.0
19607,19608,1.0
19607,19672,1.0
19607,19664,1.0
19608,19850,1.0
19610,19674,1.0
19610,19683,1.0
19611,19665,1.0
19611,19666,1.0
19612,19675,1.0
19614,19617,1.0
19615,21121,1.0
19617,19661,1.0
19620,20306,1.0
19621,19622,1.0
19625,20878,1.0
19626,19627,1.0
19626,20416,1.0
19626,20427,1.0
19627,20373,1.0
19627,20432,1.0
19628,19649,1.0
19628,19650,1.0
19629,19630,1.0
19629,19651,1.0
19631,20442,1.0
19632,20373,1.0
19632,20372,1.0
19633,19639,1.0
19635,19636,1.0
19637,20328,1.0
19639,19640,1.0
19639,19645,1.0
19639,19647,1.0
19640,20278,1.0
19640,20284,1.0
19641,19642,1.0
19643,19644,1.0
19643,20430,1.0
19643,20480,1.0
19645,20278,1.0
19645,20426,1.0
19647,20372,1.0
19647,20412,1.0
19648,20484,1.0
19648,20497,1.0
19648,20480,1.0
19650,19651,1.0
19655,19657,1.0
19657,19659,1.0
19658,19659,1.0
19661,19662,1.0
19663,19664,1.0
19664,19667,1.0
19665,19678,1.0
19667,19668,1.0
19667,19670,1.0
19669,19677,1.0
19670,19679,1.0
19673,19681,1.0
19673,20212,1.0
19682,19684,1.0
19685,19686,1.0
19687,19688,1.0
19689,19690,1.0
19695,19696,1.0
19695,19815,1.0
19696,19698,1.0
19696,20482,1.0
19698,20483,1.0
19701,19702,1.0
19702,19703,1.0
19702,19736,1.0
19704,19705,1.0
19704,19707,1.0
19705,19706,1.0
19705,19708,1.0
19706,19714,1.0
19706,19713,1.0
19708,19723,1.0
19709,19710,1.0
19710,19713,1.0
19710,19717,1.0
19711,19715,1.0
19714,20143,1.0
19718,19719,1.0
19720,20142,1.0
19722,19723,1.0
19727,19730,1.0
19731,19732,1.0
19735,20786,1.0
19736,19767,1.0
19736,19838,1.0
19736,19804,1.0
19737,19765,1.0
19737,19885,1.0
19739,19901,1.0
19739,19914,1.0
19740,19741,1.0
19740,19756,1.0
19742,19837,1.0
19743,19908,1.0
19744,19745,1.0
19744,19828,1.0
19744,19883,1.0
19745,19827,1.0
19745,19824,1.0
19747,19787,1.0
19747,19763,1.0
19748,19814,1.0
19749,19877,1.0
19750,19761,1.0
19750,19756,1.0
19752,19795,1.0
19753,19857,1.0
19754,19826,1.0
19754,19757,1.0
19755,19756,1.0
19757,19758,1.0
19758,19865,1.0
19758,19762,1.0
19759,20297,1.0
19759,20377,1.0
19761,19765,1.0
19763,19764,1.0
19763,19808,1.0
19766,19767,1.0
19766,19838,1.0
19766,19911,1.0
19767,19831,1.0
19767,19811,1.0
19768,19851,1.0
19769,19770,1.0
19769,19892,1.0
19770,19844,1.0
19772,19859,1.0
19773,19854,1.0
19773,20296,1.0
19777,19778,1.0
19778,19845,1.0
19780,19781,1.0
19781,19872,1.0
19782,19887,1.0
19782,19828,1.0
19784,19804,1.0
19786,19845,1.0
19787,19808,1.0
19787,20615,1.0
19790,19871,1.0
19790,20069,1.0
19791,19792,1.0
19792,19886,1.0
19793,19794,1.0
19795,19907,1.0
19798,19799,1.0
19798,21168,1.0
19801,19802,1.0
19801,19864,1.0
19805,20237,1.0
19806,19810,1.0
19806,19918,1.0
19807,19808,1.0
19807,20398,1.0
19807,20620,1.0
19809,19842,1.0
19809,19879,1.0
19810,19811,1.0
19810,19831,1.0
19812,19813,1.0
19815,19849,1.0
19816,19829,1.0
19816,19862,1.0
19817,19818,1.0
19819,19893,1.0
19820,19821,1.0
19821,19870,1.0
19822,19894,1.0
19824,19895,1.0
19824,19839,1.0
19826,19865,1.0
19826,19909,1.0
19828,19880,1.0
19829,19868,1.0
19830,21089,1.0
19830,21093,1.0
19831,19911,1.0
19835,19836,1.0
19835,19842,1.0
19837,19906,1.0
19840,19844,1.0
19840,20007,1.0
19841,19867,1.0
19841,21112,1.0
19842,19843,1.0
19845,19846,1.0
19849,19878,1.0
19854,19916,1.0
19855,19856,1.0
19855,19916,1.0
19859,19860,1.0
19859,20681,1.0
19859,20685,1.0
19864,19916,1.0
19865,19878,1.0
19869,19891,1.0
19870,19921,1.0
19873,19874,1.0
19883,19887,1.0
19883,21157,1.0
19898,19899,1.0
19902,19903,1.0
19902,19911,1.0
19922,19923,1.0
19923,19932,1.0
19924,19926,1.0
19924,19928,1.0
19926,19930,1.0
19939,19964,1.0
19939,19968,1.0
19940,19941,1.0
19940,19960,1.0
19941,19965,1.0
19941,19959,1.0
19941,19970,1.0
19943,19957,1.0
19943,21122,1.0
19944,19945,1.0
19944,19962,1.0
19945,19951,1.0
19945,19962,1.0
19946,19947,1.0
19946,19974,1.0
19947,19956,1.0
19947,19971,1.0
19948,19961,1.0
19948,19976,1.0
19948,19969,1.0
19950,19967,1.0
19950,19968,1.0
19952,19953,1.0
19952,19970,1.0
19952,20801,1.0
19953,19967,1.0
19954,19955,1.0
19954,19958,1.0
19954,19969,1.0
19955,19972,1.0
19956,19957,1.0
19956,19965,1.0
19957,19971,1.0
19958,19959,1.0
19958,19960,1.0
19959,19972,1.0
19960,19961,1.0
19962,19963,1.0
19962,19973,1.0
19963,19973,1.0
19964,19978,1.0
19965,19967,1.0
19965,19974,1.0
19968,19973,1.0
19971,19977,1.0
19972,19974,1.0
19975,19976,1.0
19976,20894,1.0
19979,19980,1.0
19981,19984,1.0
19981,19988,1.0
19982,19987,1.0
19983,19997,1.0
19985,19986,1.0
19986,19988,1.0
19989,19995,1.0
19989,19999,1.0
19990,19991,1.0
19991,19992,1.0
19993,20208,1.0
19995,20000,1.0
20001,20002,1.0
20002,20015,1.0
20002,20013,1.0
20004,20006,1.0
20005,20008,1.0
20005,20012,1.0
20005,20009,1.0
20006,20007,1.0
20007,20010,1.0
20008,20009,1.0
20008,20011,1.0
20010,20011,1.0
20010,20013,1.0
20011,20014,1.0
20012,20014,1.0
20013,20014,1.0
20014,20015,1.0
20016,21156,1.0
20020,20654,1.0
20021,20022,1.0
20021,20024,1.0
20028,20029,1.0
20029,20829,1.0
20029,20830,1.0
20030,20031,1.0
20030,20830,1.0
20034,20039,1.0
20035,20039,1.0
20036,20037,1.0
20036,20040,1.0
20042,20340,1.0
20047,20049,1.0
20048,20049,1.0
20048,20052,1.0
20050,20051,1.0
20054,20055,1.0
20055,20059,1.0
20057,20058,1.0
20057,20299,1.0
20061,20062,1.0
20062,20663,1.0
20065,20280,1.0
20066,20070,1.0
20066,20068,1.0
20069,20071,1.0
20070,20072,1.0
20071,20077,1.0
20072,20078,1.0
20073,20076,1.0
20074,20075,1.0
20080,20081,1.0
20081,20583,1.0
20084,20086,1.0
20087,20088,1.0
20091,20092,1.0
20093,20094,1.0
20101,20249,1.0
20102,20103,1.0
20104,20106,1.0
20107,20112,1.0
20113,20114,1.0
20113,20117,1.0
20114,20116,1.0
20114,20117,1.0
20115,20116,1.0
20118,20124,1.0
20119,20120,1.0
20119,20123,1.0
20119,20128,1.0
20121,20813,1.0
20129,20130,1.0
20129,20132,1.0
20129,20133,1.0
20130,20134,1.0
20130,20135,1.0
20131,20133,1.0
20131,20132,1.0
20132,20135,1.0
20133,20134,1.0
20141,21153,1.0
20146,21159,1.0
20147,20148,1.0
20148,20151,1.0
20148,20149,1.0
20159,20165,1.0
20159,20202,1.0
20160,20164,1.0
20162,21155,1.0
20163,20164,1.0
20165,20628,1.0
20165,21073,1.0
20166,20167,1.0
20175,20176,1.0
20200,21189,1.0
20201,20795,1.0
20210,20211,1.0
20211,20221,1.0
20212,20213,1.0
20214,20215,1.0
20216,20217,1.0
20216,20221,1.0
20220,20235,1.0
20224,20227,1.0
20224,20244,1.0
20230,20247,1.0
20269,20270,1.0
20269,20274,1.0
20269,20272,1.0
20271,20272,1.0
20271,20273,1.0
20272,20273,1.0
20272,20276,1.0
20275,20276,1.0
20276,20277,1.0
20278,20424,1.0
20279,20368,1.0
20279,20424,1.0
20280,20369,1.0
20281,20282,1.0
20282,20283,1.0
20282,20284,1.0
20282,20371,1.0
20283,20427,1.0
20285,20286,1.0
20286,20287,1.0
20288,20304,1.0
20294,20299,1.0
20297,21107,1.0
20301,20831,1.0
20301,20832,1.0
20304,20881,1.0
20305,20520,1.0
20305,21021,1.0
20307,20334,1.0
20307,20755,1.0
20311,20312,1.0
20311,20313,1.0
20312,21166,1.0
20314,20315,1.0
20315,20316,1.0
20317,20323,1.0
20317,20324,1.0
20318,20325,1.0
20319,20321,1.0
20320,20321,1.0
20322,20326,1.0
20324,20331,1.0
20325,20379,1.0
20325,20370,1.0
20327,20328,1.0
20351,20354,1.0
20352,20353,1.0
20353,20621,1.0
20356,20359,1.0
20367,20767,1.0
20368,20373,1.0
20368,20413,1.0
20372,20426,1.0
20374,20375,1.0
20374,20410,1.0
20376,20383,1.0
20376,20378,1.0
20377,20384,1.0
20377,20662,1.0
20378,20664,1.0
20378,20381,1.0
20378,20622,1.0
20381,20383,1.0
20382,20385,1.0
20383,20664,1.0
20385,20660,1.0
20386,20387,1.0
20386,20389,1.0
20390,20391,1.0
20395,20615,1.0
20395,20617,1.0
20396,20403,1.0
20396,20619,1.0
20397,20402,1.0
20397,20622,1.0
20398,20399,1.0
20398,20400,1.0
20399,20615,1.0
20399,20400,1.0
20400,20620,1.0
20401,20916,1.0
20402,20403,1.0
20402,20616,1.0
20406,20905,1.0
20407,20409,1.0
20410,20411,1.0
20412,20416,1.0
20413,20432,1.0
20414,20418,1.0
20416,20432,1.0
20417,20419,1.0
20418,20422,1.0
20418,20420,1.0
20420,20423,1.0
20424,20479,1.0
20426,20479,1.0
20427,20428,1.0
20429,20432,1.0
20430,20485,1.0
20430,20489,1.0
20431,20644,1.0
20431,20553,1.0
20434,20437,1.0
20434,20436,1.0
20443,20767,1.0
20444,20700,1.0
20446,20447,1.0
20446,20563,1.0
20448,20453,1.0
20448,20460,1.0
20450,20451,1.0
20450,20559,1.0
20450,20462,1.0
20454,20455,1.0
20456,20457,1.0
20457,20461,1.0
20458,20562,1.0
20460,20463,1.0
20463,20560,1.0
20465,20466,1.0
20466,20785,1.0
20478,20644,1.0
20480,20496,1.0
20482,20487,1.0
20483,20492,1.0
20485,20491,1.0
20486,20493,1.0
20486,20497,1.0
20487,20488,1.0
20489,20498,1.0
20489,20493,1.0
20490,20492,1.0
20493,20494,1.0
20494,20553,1.0
20495,20496,1.0
20496,20553,1.0
20497,20558,1.0
20498,20642,1.0
20500,20535,1.0
20502,20504,1.0
20505,20751,1.0
20506,20524,1.0
20506,20525,1.0
20508,20509,1.0
20508,20515,1.0
20510,20625,1.0
20515,20518,1.0
20519,20520,1.0
20519,20624,1.0
20519,20630,1.0
20519,20633,1.0
20519,20524,1.0
20524,20635,1.0
20524,20626,1.0
20529,20530,1.0
20529,20531,1.0
20529,20532,1.0
20529,20536,1.0
20531,20533,1.0
20531,20537,1.0
20531,20541,1.0
20532,20535,1.0
20532,20537,1.0
20534,20538,1.0
20535,20536,1.0
20536,20539,1.0
20542,21120,1.0
20561,20786,1.0
20564,20565,1.0
20566,20567,1.0
20592,20996,1.0
20604,20731,1.0
20616,20619,1.0
20617,20620,1.0
20618,20619,1.0
20618,20622,1.0
20621,21183,1.0
20621,21185,1.0
20626,20636,1.0
20628,20629,1.0
20628,21017,1.0
20633,20634,1.0
20633,21105,1.0
20636,20637,1.0
20636,20638,1.0
20638,20639,1.0
20638,20640,1.0
20643,20645,1.0
20646,20647,1.0
20647,20855,1.0
20654,20655,1.0
20654,20821,1.0
20655,20824,1.0
20655,20777,1.0
20656,20725,1.0
20657,20658,1.0
20657,20792,1.0
20657,20798,1.0
20658,20659,1.0
20660,20661,1.0
20660,20663,1.0
20663,20664,1.0
20665,20666,1.0
20666,20672,1.0
20667,20668,1.0
20667,20673,1.0
20667,20671,1.0
20668,20671,1.0
20669,20670,1.0
20670,20671,1.0
20674,20675,1.0
20675,20680,1.0
20675,20684,1.0
20677,20682,1.0
20677,20683,1.0
20686,20687,1.0
20693,20695,1.0
20698,20699,1.0
20702,20703,1.0
20705,20706,1.0
20705,20710,1.0
20706,20711,1.0
20707,20711,1.0
20709,20710,1.0
20710,20711,1.0
20714,20715,1.0
20717,20724,1.0
20721,20722,1.0
20730,20731,1.0
20731,20732,1.0
20741,20742,1.0
20744,20747,1.0
20744,20745,1.0
20745,20746,1.0
20749,20752,1.0
20750,20751,1.0
20753,20754,1.0
20753,20843,1.0
20753,20755,1.0
20763,20764,1.0
20764,20765,1.0
20764,20766,1.0
20768,20769,1.0
20768,20775,1.0
20768,20772,1.0
20769,20770,1.0
20769,20775,1.0
20770,20771,1.0
20770,20774,1.0
20772,20780,1.0
20773,20776,1.0
20777,20778,1.0
20777,20821,1.0
20778,20779,1.0
20778,20965,1.0
20782,20798,1.0
20784,20785,1.0
20785,20798,1.0
20787,20810,1.0
20787,20791,1.0
20788,20789,1.0
20788,20791,1.0
20789,20790,1.0
20789,20797,1.0
20790,20791,1.0
20791,20793,1.0
20793,20794,1.0
20793,20797,1.0
20794,20796,1.0
20795,20796,1.0
20799,20800,1.0
20805,20807,1.0
20807,20808,1.0
20809,20810,1.0
20818,20820,1.0
20822,20823,1.0
20822,20824,1.0
20822,20965,1.0
20823,20824,1.0
20823,20965,1.0
20827,20828,1.0
20827,20830,1.0
20831,20832,1.0
20832,20844,1.0
20835,20840,1.0
20835,20836,1.0
20836,20839,1.0
20837,20838,1.0
20841,20847,1.0
20845,20846,1.0
20855,20857,1.0
20856,20859,1.0
20856,20860,1.0
20858,20859,1.0
20862,20869,1.0
20863,20864,1.0
20863,20879,1.0
20864,20865,1.0
20864,21191,1.0
20865,21133,1.0
20865,21192,1.0
20869,20871,1.0
20872,20874,1.0
20872,20873,1.0
20873,20887,1.0
20873,20888,1.0
20874,20875,1.0
20875,20890,1.0
20876,20877,1.0
20878,20881,1.0
20879,20880,1.0
20884,20885,1.0
20884,20888,1.0
20884,20963,1.0
20884,20919,1.0
20885,20887,1.0
20887,20888,1.0
20890,21002,1.0
20890,21003,1.0
20891,20892,1.0
20893,20894,1.0
20894,20897,1.0
20896,21002,1.0
20898,21000,1.0
20901,20902,1.0
20901,20907,1.0
20902,20907,1.0
20903,20904,1.0
20905,20906,1.0
20909,20910,1.0
20910,20911,1.0
20911,20939,1.0
20911,20941,1.0
20912,20913,1.0
20917,20918,1.0
20921,20922,1.0
20921,20924,1.0
20922,20924,1.0
20923,20924,1.0
20925,20942,1.0
20926,20937,1.0
20927,20929,1.0
20929,20930,1.0
20931,20932,1.0
20931,20934,1.0
20933,20935,1.0
20936,20937,1.0
20937,20942,1.0
20939,20940,1.0
20943,20946,1.0
20947,20954,1.0
20947,20955,1.0
20948,20949,1.0
20948,20951,1.0
20949,20955,1.0
20950,20956,1.0
20951,20957,1.0
20952,20953,1.0
20952,20956,1.0
20952,20954,1.0
20958,20959,1.0
20960,20963,1.0
20961,20962,1.0
20969,20970,1.0
20973,20974,1.0
20975,20976,1.0
20975,20977,1.0
20977,20978,1.0
20977,20984,1.0
20980,20982,1.0
20982,20989,1.0
20983,20986,1.0
20994,20995,1.0
20998,20999,1.0
20998,21018,1.0
20999,21001,1.0
20999,21004,1.0
21000,21003,1.0
21002,21003,1.0
21013,21031,1.0
21013,21034,1.0
21014,21025,1.0
21014,21032,1.0
21015,21067,1.0
21016,21017,1.0
21017,21021,1.0
21019,21020,1.0
21019,21023,1.0
21019,21030,1.0
21019,21034,1.0
21020,21022,1.0
21020,21024,1.0
21022,21030,1.0
21023,21024,1.0
21023,21034,1.0
21025,21026,1.0
21025,21031,1.0
21028,21049,1.0
21028,21050,1.0
21028,21065,1.0
21030,21031,1.0
21031,21035,1.0
21032,21033,1.0
21032,21035,1.0
21035,21036,1.0
21035,21039,1.0
21037,21038,1.0
21037,21067,1.0
21040,21051,1.0
21042,21068,1.0
21047,21048,1.0
21051,21070,1.0
21051,21071,1.0
21052,21055,1.0
21052,21056,1.0
21052,21060,1.0
21053,21055,1.0
21054,21059,1.0
21056,21060,1.0
21057,21058,1.0
21063,21074,1.0
21066,21075,1.0
21072,21073,1.0
21077,21078,1.0
21079,21121,1.0
21080,21081,1.0
21083,21084,1.0
21085,21095,1.0
21085,21092,1.0
21086,21087,1.0
21086,21096,1.0
21086,21092,1.0
21087,21088,1.0
21087,21099,1.0
21088,21093,1.0
21088,21090,1.0
21089,21090,1.0
21090,21091,1.0
21091,21094,1.0
21091,21099,1.0
21092,21093,1.0
21095,21096,1.0
21095,21100,1.0
21096,21098,1.0
21097,21098,1.0
21097,21100,1.0
21098,21099,1.0
21101,21103,1.0
21103,21111,1.0
21104,21105,1.0
21104,21110,1.0
21105,21106,1.0
21107,21109,1.0
21112,21114,1.0
21113,21115,1.0
21118,21120,1.0
21126,21127,1.0
21127,21128,1.0
21128,21129,1.0
21132,21134,1.0
21133,21134,1.0
21133,21173,1.0
21143,21145,1.0
21143,21147,1.0
21145,21146,1.0
21153,21154,1.0
21155,21156,1.0
21162,21163,1.0
21164,21165,1.0
21170,21172,1.0
21170,21182,1.0
21176,21177,1.0
21178,21179,1.0
21178,21181,1.0
21197,21198,1.0
