Node ID,Longitude,Latitude,Degree Centrality,Betweenness Centrality,Log Betweenness Centrality
16384.0,1260378.84202342,256648.260090858,3.0,17822.128971238075,9.788196164777503
8197.0,1278447.76453792,251947.252790034,4.0,92629.46524177704,11.436362569174916
8198.0,1278713.47103418,251942.012342036,3.0,60080.20423286879,11.00343568578092
8201.0,1282859.12742244,256451.443258643,3.0,52531.62525743839,10.869170653074153
8202.0,1282913.91999848,256480.498618677,1.0,0.0,
8203.0,1277421.66917686,245344.208559275,4.0,131617.9911344846,11.787658999277655
16396.0,1270073.45585734,244869.653102785,4.0,139295.16456755335,11.844350446800394
16397.0,1268263.02999948,256213.54380241,3.0,304267.5323387887,12.6256626339678
8204.0,1277436.72031288,245992.741423935,4.0,86182.52159168656,11.364222670334332
16403.0,1276177.2543276,250004.198260054,4.0,55147.48287770691,10.917766382256675
8215.0,1282288.68895784,253197.075127319,3.0,66656.95777634117,11.107314712901616
8216.0,1282291.99993385,253858.727991998,4.0,58027.511000522085,10.96867250466599
24.0,1267581.43787079,255034.246649206,4.0,356581.0613360891,12.784316874016238
8217.0,1272063.74616338,245276.967279211,4.0,174523.44322430916,12.069814356726102
26.0,1284988.93945661,243227.259757102,3.0,98497.93054597812,11.497790817253973
27.0,1285233.68665686,243221.913645104,3.0,28322.488114843087,10.25141140111098
16413.0,1271784.80081908,241586.946731433,3.0,99691.34550729246,11.509834146839022
8223.0,1283994.90105559,241020.392746851,1.0,0.0,
16416.0,1266667.91313384,242293.089004144,5.0,342004.381983362,12.742578828779507
8227.0,1260369.9732874,251053.125941128,3.0,149657.23727701718,11.916102873468086
35.0,1258809.9760378,246596.084016562,4.0,627119.5844431502,13.34889252621911
16419.0,1281511.01663706,252552.882166654,4.0,120818.88095227307,11.702047851543176
8233.0,1286133.99257779,252187.512502283,3.0,7551.412995194444,8.929489976413763
16426.0,1279845.88511534,246336.767280295,3.0,85845.01002852563,11.360298740332619
16427.0,1274773.80568615,246865.526064828,3.0,25285.55492170188,10.137988559949228
8236.0,1272584.74968392,252425.967414528,4.0,70295.99695084113,11.160470133799684
16429.0,1274235.2785176,249245.055411264,3.0,397172.7716881621,12.892126658169419
46.0,1279509.896635,249937.870963976,4.0,198073.21001401937,12.196391988882446
47.0,1279510.548475,250601.042228654,4.0,249369.79424594212,12.426692191204133
48.0,1259622.40195863,247186.093681157,3.0,28605.312758124244,10.261347740330123
49.0,1259624.42359065,247281.280817255,3.0,5087.42583085861,8.53452725094357
16434.0,1282834.00972641,249878.573875919,4.0,464284.61621884553,13.048253040180708
16435.0,1266046.25815721,241439.278379276,3.0,84491.67102589764,11.34440824074629
52.0,1263328.80791444,257652.461179882,4.0,91822.98614910296,11.42761793904637
53.0,1263339.08772244,258310.205628559,4.0,168529.1500290518,12.034864011017318
8246.0,1268608.65559983,258449.497340694,3.0,86009.38523834404,11.362211699959744
8247.0,1268952.72350419,258441.043260694,3.0,81017.20539123293,11.302416823335735
8245.0,1261617.97341669,246875.62872085,4.0,436263.8569006601,12.986002515663454
8244.0,1279464.04959495,249278.928051308,4.0,19966.965317597897,9.901834452799257
8242.0,1285802.23705745,251802.656309888,4.0,52714.60381333888,10.872647808348527
51.0,1270458.83204973,249104.497331128,4.0,176411.9313772546,12.080577058460522
16444.0,1274669.30360605,244748.726510659,4.0,294699.934643094,12.593712946951394
16445.0,1274930.22763832,244741.222894654,4.0,272125.92848227266,12.514020210500794
8254.0,1282038.40172559,254506.815608665,4.0,56346.62797368956,10.939277676926542
8255.0,1282295.96550186,254501.557368651,4.0,68315.58530494363,11.131893208472746
16449.0,1265180.58730833,245326.603631258,3.0,67892.62521664715,11.125682695227518
8259.0,1281578.49548513,257273.958971485,3.0,61091.7466090118,11.020132055986648
8260.0,1282238.31833379,257258.385211483,3.0,23193.296166709628,10.051618557566417
16454.0,1263295.52023439,247653.858481646,3.0,63353.83118718053,11.056490660434948
8264.0,1258228.80074121,249644.683891684,4.0,323786.584108949,12.687839886720463
79.0,1270277.30814555,258143.212860376,4.0,398837.0173962308,12.896308134718575
80.0,1270642.56068993,258133.419196367,3.0,580991.964609264,13.272492205461756
8273.0,1263604.29815471,254583.552312732,4.0,70625.24752458345,11.165142973215463
8271.0,1281447.09254098,244723.719022647,3.0,398821.3410497213,12.896268828801837
16467.0,1265729.65905289,250295.080244347,4.0,127981.6552769733,11.759642214482081
16468.0,1272829.27909216,244800.855342716,4.0,339616.18931715644,12.735571404006144
8275.0,1276841.66015227,252967.781943083,3.0,378284.8731300459,12.843402823382428
8274.0,1276193.0377516,252985.86059910097,3.0,419276.6640603308,12.946286277091435
16472.0,1260282.02691931,254364.084216505,4.0,563228.8056115604,13.241441228845385
16473.0,1275403.41464679,252683.399926797,4.0,91838.58544809876,11.427787809083934
8282.0,1271883.4495872,254130.34879227,3.0,15106.173463545414,9.62285877789666
16481.0,1262763.60855386,247665.382449657,4.0,314744.2092172863,12.659515553698544
8290.0,1275199.35928659,254677.28472884,3.0,466022.8299396735,13.051989903194603
8289.0,1274874.20050226,254687.39167285,3.0,430013.3531325684,12.971571540984257
8294.0,1284173.56019178,256818.59577103,3.0,111488.41436760408,11.621675957466598
8296.0,1258818.76938182,247022.716720998,4.0,467049.6721930884,13.0541908954339
105.0,1284175.52505578,256967.10431517696,3.0,670624.3253098138,13.415964386304806
106.0,1284180.06182379,257310.038331524,3.0,686706.65030167,13.4396624789971
16491.0,1257492.46429245,247780.354609773,4.0,638758.5688291958,13.367281835406855
16492.0,1276099.0369835,246032.43819198,4.0,119200.95292910031,11.688566027953078
16494.0,1268540.80830377,243169.515757054,3.0,22118.51986455775,10.0041705394986
16497.0,1285215.53382485,251153.181237221,3.0,134015.77576252632,11.805712801574558
113.0,1276913.66789635,256953.11122717,4.0,303706.73673156626,12.623817832979345
115.0,1257852.12694882,251724.168245807,4.0,45171.76981279309,10.71822760903657
116.0,1257580.66192454,251728.783733815,4.0,108979.80213470652,11.59891784252438
16499.0,1286128.29740977,251132.887285203,4.0,102204.38099004918,11.534729822663211
114.0,1277566.93592902,256933.55941914,3.0,203942.80354597236,12.225594858739353
16503.0,1282832.96735841,251202.12242128,4.0,109092.18159930842,11.599948506552154
8319.0,1263313.61041042,243275.850157157,4.0,99037.80725608276,11.503256947690321
8320.0,1261870.00304894,255012.932025179,4.0,402036.2470215383,12.904297530256628
16513.0,1257790.17757276,247774.80868975804,3.0,46559.09547256563,10.748477655080992
8321.0,1286137.12614579,255213.700985387,3.0,28.0,3.332204510175204
16515.0,1275016.0017184,246065.999472022,4.0,305416.595542067,12.629432010637592
132.0,1286124.69273777,250469.927988529,4.0,290747.6631561032,12.58021103305232
16517.0,1282270.03871782,243554.75678144404,3.0,276842.2178430432,12.53120301220475
133.0,1286452.71635412,250462.30827651903,3.0,75306.04159280783,11.229315644205665
16516.0,1274859.36421424,252702.976694807,4.0,29987.57894884981,10.30853853986978
8322.0,1286141.24160179,255388.922425568,3.0,42391.0,10.654691354537883
8333.0,1266249.95102142,254796.327800959,4.0,187672.6831096097,12.142454677138463
16526.0,1268631.87473586,244897.729838818,4.0,344892.8766344051,12.75098914528864
16527.0,1258449.60374944,255753.577529937,3.0,107209.83516437396,11.582543269346761
8340.0,1280866.1393244,256225.969978422,4.0,76931.56035490402,11.250671479035589
149.0,1266148.59358132,250294.497588351,3.0,225549.5614359305,12.326295198414037
16534.0,1262702.4361378,259656.643837929,4.0,334038.4986819141,12.719011530830992
150.0,1266156.64676532,250609.36146067097,3.0,313110.87992124807,12.65431265574062
8344.0,1266934.39121412,256110.66738629303,3.0,37387.88431696715,10.5291019821757
8345.0,1271400.6739707,246169.72664012,3.0,159726.0379038939,11.981215363517324
8346.0,1265370.79396452,245508.135407448,3.0,42963.16185084564,10.668098326354427
8347.0,1265728.37265289,245500.295215443,4.0,377850.4689960077,12.842253811670824
16537.0,1277845.3212093,257431.783483654,3.0,519518.94264375226,13.160658552078504
8349.0,1285915.73190556,244094.292461991,3.0,334733.4492605458,12.721089820241636
8352.0,1267634.42923084,259199.635901466,4.0,62655.20040142674,11.045401964084842
16545.0,1259327.02749434,246356.950320318,4.0,36293.81904055977,10.499402731389871
8354.0,1266190.17028536,244950.059118867,3.0,59914.33224734024,11.000671025054766
163.0,1264958.1405881,256952.308411166,4.0,210458.01637031545,12.257041465040443
164.0,1265288.06122844,256943.776891157,4.0,102201.26749299724,11.534699358758958
8358.0,1254437.84764932,253112.47915923604,3.0,74052.846330276,11.212534256908286
16551.0,1278979.44127446,252600.696694702,4.0,693982.8833415707,13.450202575411833
8359.0,1285216.58598484,251409.099637493,3.0,84777.99999999999,11.347791354158918
16550.0,1282803.91756637,247224.191025198,4.0,120622.92106837108,11.700424603826415
8360.0,1285216.95641685,251499.098165572,1.0,0.0,
8363.0,1263614.24010673,250325.980468377,3.0,34083.93120799554,10.436581326637969
16556.0,1280114.76057161,245664.645615608,3.0,104109.40687513008,11.553197614354598
8365.0,1260136.17520717,261679.26944001,3.0,130189.75198715832,11.77674829588278
178.0,1268902.42276815,254477.183736622,5.0,646623.842571007,13.379520017350233
16564.0,1275259.14821465,250033.35045208,4.0,51293.21347340598,10.845313731440895
16566.0,1276641.67596006,245352.331567287,4.0,119980.51849520768,11.695084662711396
16567.0,1276656.22156008,246015.989743963,4.0,96556.39203605508,11.477882490078038
8375.0,1280918.65394844,245935.228719875,3.0,20809.500803475425,9.943164930799881
187.0,1264704.14833184,249662.072947696,4.0,187530.6840556264,12.141697759300355
188.0,1264455.25706759,249709.06501174,4.0,166613.56240000503,12.023432412364327
8383.0,1259538.57629456,246518.294832483,4.0,48650.18742925684,10.792410940212214
8384.0,1270641.62923393,242752.782316625,4.0,262854.1941585431,12.479354762591827
194.0,1267571.34635077,254506.137080655,4.0,443660.4607275118,13.002814820769487
8387.0,1276455.23864788,252648.61099875,3.0,289124.0691816739,12.574611180096388
8389.0,1271575.34718688,255931.147066116,3.0,77481.5596157349,11.25779524658699
16581.0,1276191.31826361,252653.505654767,4.0,643486.3348477873,13.374656070125065
16586.0,1274176.86494954,250067.792308107,4.0,156489.7340697679,11.96074568981248
8395.0,1261664.10877673,249037.880307063,3.0,217577.65544105132,12.29031110229909
206.0,1257046.966116,252397.156406492,4.0,101780.27409516343,11.530571593155148
207.0,1257058.92675601,253057.077687174,4.0,217757.5882921647,12.291137742751244
16592.0,1270041.75377731,242777.229164645,4.0,275680.86814360664,12.526999200855778
208.0,1272767.9543561,247459.440881446,4.0,92479.25226839732,11.434739598540444
209.0,1273438.45598878,247439.566897422,3.0,85412.4006035915,11.35524657536632
8403.0,1267607.74391882,256623.219514832,4.0,27183.52896946844,10.210366516269994
8404.0,1268267.60446349,256607.30482681104,3.0,29168.49722569985,10.280844543732137
212.0,1262725.32292181,260986.9804793,3.0,253764.5198951487,12.44416202896273
213.0,1262584.74640967,260990.464383304,3.0,199830.80235586743,12.205226299259525
8405.0,1280324.62463583,251249.719093323,3.0,187919.28992488628,12.143767840722454
8408.0,1263447.49994655,246325.403824285,3.0,124563.85610694913,11.732573763855841
219.0,1275560.70565496,255996.255546182,4.0,273807.6214315158,12.52018102721064
220.0,1275569.99435897,256328.123322517,4.0,124501.81768956422,11.7320755946965
8414.0,1283157.37715073,249208.869811237,4.0,312590.9127718305,12.652650626719181
8415.0,1283488.01068707,249202.677235231,4.0,520299.756961174,13.162160380165416
16613.0,1264285.03069942,255651.352697834,4.0,574435.4001713851,13.261142924641947
8423.0,1265248.7787964,251596.606837675,4.0,352699.1276879969,12.773370642980362
8424.0,1259790.00560682,256397.194362596,4.0,68277.13913352259,11.131330276990203
8425.0,1259527.13898253,256401.437114596,4.0,66138.01529841872,11.099498978501916
8426.0,1277845.39077729,250643.022452697,3.0,175303.79180389747,12.0742757010456
16619.0,1260938.17194398,247706.206513688,4.0,124605.322290145,11.73290659943242
232.0,1271871.00305918,250735.363508791,4.0,144035.0442348151,11.877811911692001
237.0,1269589.64907284,256172.180026367,4.0,749772.9664973312,13.527525728349277
238.0,1269597.61067285,256834.457595035,4.0,520447.5158937224,13.162444327935244
16623.0,1283746.82975934,251184.563381255,3.0,14008.642665890398,9.54742975140348
231.0,1271726.48536304,250747.195124805,3.0,43864.46883439737,10.68885990539074
241.0,1260984.10000803,249850.284211889,4.0,584161.6955419651,13.27793309941532
242.0,1260335.19971937,249864.353715912,4.0,800661.0228851117,13.593192944076213
16627.0,1275872.89138328,248339.426674336,4.0,403982.1406412085,12.909125949632516
16628.0,1276063.40447147,248556.440690562,3.0,144205.27305637315,11.878993070823027
16633.0,1259596.91741461,246015.238767967,4.0,16284.959164746504,9.697997210169364
252.0,1285134.09536076,248468.497586474,3.0,789.399550328995,6.671272593592145
253.0,1285043.06464067,248891.980338901,5.0,138187.29729180556,11.836365270691847
50.0,1270588.07550587,248855.032242864,4.0,116616.22944162498,11.666643732248868
264.0,1274266.19845363,251901.893941984,3.0,18040.36046665722,9.800366774939006
8458.0,1278011.73324147,249091.348403111,3.0,32644.6074526333,10.393434958816725
8459.0,1258093.57098107,250426.075700477,3.0,81612.9335285023,11.309743027516342
8465.0,1286784.10317045,249376.594547406,3.0,84778.0,11.347791354158918
8471.0,1260319.12951136,249066.432755083,4.0,381788.1763675048,12.852621221663053
8472.0,1259661.38218267,249080.895347103,4.0,462161.61815997947,13.043669931747225
8474.0,1261013.91191207,251671.772021756,3.0,34332.250334895936,10.443840434402345
284.0,1266093.37226926,250037.735284075,3.0,17902.757913084413,9.792710053317437
285.0,1266208.31396538,250034.761524081,3.0,6732.233406499136,8.814662225906803
16668.0,1272527.24190785,242688.812332556,3.0,1335.932432837311,7.1973847785941025
16671.0,1260936.12963998,245348.212847278,4.0,42531.55728353323,10.65800160369614
16672.0,1274752.64133413,246074.605104029,4.0,385935.768676178,12.863426232207232
287.0,1274844.53752622,250577.064244628,4.0,66452.49990969487,11.104242684347135
290.0,1266928.21111812,255582.142521754,4.0,139600.98515032203,11.846543526236239
291.0,1266931.30103812,255846.406394035,3.0,21643.33051380392,9.982452626561994
16675.0,1275819.04178323,246040.707503989,4.0,165985.31889443786,12.019654623032645
286.0,1274176.87346154,250599.453620657,3.0,65316.45830767678,11.086999324972597
8487.0,1266824.78289402,242005.89732386204,3.0,124911.45875955308,11.735360435376696
16680.0,1258882.27805388,246034.507759988,3.0,159148.34033130348,11.977592004326008
8499.0,1265957.66647713,257587.825531811,4.0,220098.93185215467,12.301832414491212
16694.0,1272668.561204,251210.898613289,3.0,306576.5585065878,12.63322278622356
8503.0,1283282.36742286,257048.726203263,3.0,148151.73829395857,11.905992286270429
8504.0,1262981.59569007,256475.298874676,4.0,53424.34570852593,10.886021833196603
16697.0,1264031.20874715,244659.958638579,3.0,9146.410059501028,9.121116738058895
8507.0,1269046.10718429,241717.358251557,4.0,116427.47023373692,11.665023785007815
8508.0,1255925.79645085,253068.48088719,3.0,10863.203635899952,9.293136544083325
16699.0,1274839.24715821,250046.697524086,4.0,57838.12681818935,10.965403470730584
8510.0,1266831.87537402,242289.050348148,3.0,53427.71850484993,10.886084963400963
16704.0,1272357.63205168,251021.559093088,3.0,218884.85396032943,12.296301089524276
322.0,1256233.67869116,251223.321525291,3.0,22170.95280743917,10.00653827901835
323.0,1255563.68105848,251229.0350613,4.0,124244.1484206186,11.730003847643571
8516.0,1264585.00356372,246900.536496863,3.0,45872.80866021108,10.733627816591136
8515.0,1264797.01655594,246708.699632674,1.0,0.0,
16711.0,1275264.06552665,250576.873972639,3.0,28026.900869680565,10.240920073282652
329.0,1259633.64829464,247734.430513725,4.0,70082.29878158883,11.15742552732099
16715.0,1268103.00011133,242129.065387979,4.0,311065.4027346321,12.647758467233905
332.0,1285257.01568088,244540.88273444804,3.0,229031.5178961311,12.341614905800057
16717.0,1268255.32331148,255550.050361723,4.0,193138.1992814821,12.171161270092762
8525.0,1269929.3455852,256825.176123038,3.0,608871.373712059,13.319362315372873
8526.0,1269988.67288125,240900.405162722,4.0,407879.763302443,12.918727712166243
333.0,1285262.80768089,245200.360111132,3.0,70149.25681476142,11.15838049124443
16718.0,1274192.79768556,252728.420534834,3.0,28286.35330316441,10.250134751892189
16722.0,1262854.94301794,250338.543092385,4.0,769488.4393827831,13.553481208604074
16716.0,1273540.19659689,254069.664568216,4.0,116890.30309070584,11.66899119355513
16731.0,1272917.80875625,242528.208940387,4.0,40432.86256085238,10.60739816301865
16732.0,1272362.50046769,254112.839992255,3.0,232577.9769130181,12.356980832352836
352.0,1271075.48568237,248046.229746044,4.0,230760.6313014122,12.349136224115966
353.0,1271438.86974673,248035.366578028,4.0,33292.28703495671,10.413081028568477
16742.0,1264872.43870001,242332.556780189,3.0,68917.22914236573,11.140661485863347
16743.0,1270733.97387402,246188.430320144,4.0,286466.1931891832,12.565375808834787
8553.0,1261647.5373207,256226.497210413,3.0,70358.92788857096,11.161364961222198
362.0,1283070.97311865,252521.099382624,3.0,166502.8087546578,12.022767457657693
363.0,1283068.69196665,253181.110583305,3.0,124707.48351671944,11.733726142030417
364.0,1263313.31057042,248469.24856247,4.0,389619.0152662142,12.87292465671096
365.0,1263325.08906643,249002.108083025,4.0,373563.14815993846,12.830842340642738
16751.0,1272868.2156682,246128.233584076,3.0,16396.030165478496,9.704794521429713
375.0,1270694.24363397,244460.160814375,4.0,162682.24312696702,11.999554148510848
376.0,1270708.24920198,244857.596718773,4.0,225557.19170326376,12.326329027512276
8569.0,1276260.47787967,256972.525883183,4.0,228994.54605909792,12.341453465916945
16762.0,1270820.6751221,248661.610418677,3.0,71679.62302455623,11.179961788490957
16763.0,1270825.33688211,248843.846258864,3.0,12926.728724924347,9.467052440910537
16764.0,1264167.44074729,250316.497204363,4.0,496931.28542068624,13.116207036809257
381.0,1253990.96144088,251776.016885862,4.0,85202.44563804832,11.352785417077364
380.0,1253983.31184086,251334.928885415,4.0,544665.8357105849,13.20792774010965
16767.0,1274879.81234226,243350.605293229,3.0,3305.977482659316,8.103487467304936
16765.0,1282832.3886704,251873.292341962,3.0,336979.5278535788,12.727777459280286
8579.0,1265373.81630053,245633.731631577,3.0,36166.972969076494,10.495901632449733
16773.0,1260306.06883934,255724.809849903,4.0,267822.8457563527,12.498081017623576
8583.0,1266022.09943719,251407.317493483,1.0,0.0,
8587.0,1261068.91543213,260361.850494653,4.0,174785.24611856506,12.07131333428529
8588.0,1260851.0444559,260367.114878654,1.0,0.0,
16779.0,1274869.27992626,254023.829368159,4.0,247150.78305799983,12.41775388708129
16785.0,1276618.90303203,244696.913966611,4.0,162251.00482782535,11.996899827630829
402.0,1265401.32804455,246789.716208756,3.0,59111.53638969536,10.987181385524197
403.0,1265406.24369256,246954.268656924,3.0,15986.336922384142,9.679489694054455
16787.0,1275495.0998309,244724.876846641,4.0,199871.61124169847,12.205430495604528
16788.0,1275779.90015118,244716.62027064,4.0,176216.29116197184,12.07946744656419
8598.0,1280454.93247597,252572.957878679,3.0,143676.7378946179,11.875321179315439
407.0,1273862.04011722,253270.108727396,4.0,11516.744649796545,9.351557311832991
406.0,1273664.10021302,253277.453879401,3.0,50004.41903208444,10.819866661146634
16786.0,1271066.48696235,250176.207476228,3.0,79532.67454659003,11.283923216790855
8602.0,1259500.55703051,255054.109113216,4.0,176433.97179345033,12.080701987876033
8603.0,1259512.44778253,255737.107385918,4.0,104629.14086988868,11.558177385215402
16796.0,1261394.33770445,250359.22085240495,3.0,405029.52278653154,12.911715239201122
413.0,1266440.14225362,249498.323635533,4.0,99679.17807503184,11.509712088351568
414.0,1266446.57591763,249758.489139795,4.0,283858.275797367,12.55623036370448
8609.0,1285514.08243315,248437.865778446,3.0,46393.74563641587,10.744919936810422
8614.0,1265725.26078089,250029.784180075,4.0,31574.688924005128,10.360111095198826
8615.0,1265958.37745312,250040.74117209003,3.0,4886.739006019337,8.494280490077562
16807.0,1272666.86667599,243472.041389361,3.0,100398.6656853498,11.516904196164898
16806.0,1272644.90571597,242720.396588594,4.0,170634.37390129475,12.047278382027937
8621.0,1282832.5044464,251739.045173824,3.0,24532.750306114,10.107764251070034
8622.0,1283100.02489468,251733.724341825,3.0,6837.707037849754,8.830207726030462
16819.0,1262968.99364206,255688.473017871,4.0,469321.53064344806,13.05904337893906
8628.0,1265279.05988443,241713.000939563,3.0,65266.5020777569,11.086234198615994
8629.0,1265292.60452445,242325.029612184,4.0,93582.82366102522,11.44660213773102
438.0,1253499.28067237,251003.048949078,1.0,0.0,
439.0,1253507.26819238,251316.269493386,3.0,254290.0,12.446230627003512
440.0,1256231.22889917,251077.274869144,3.0,10111.449847949982,9.22142370904721
16824.0,1266693.70897388,245209.564847142,4.0,184808.34713384183,12.127074605642827
441.0,1286958.33875462,249158.007027179,1.0,0.0,
16828.0,1281511.47033305,249902.467187941,4.0,312576.9833040532,12.652606064393229
8639.0,1285940.86963359,243334.39927721,3.0,40893.76502170991,10.618732885953085
8640.0,1286129.25478578,243330.257261217,3.0,239044.3082427122,12.384404203867891
8644.0,1261525.54282458,249572.589875609,4.0,160039.63638206813,11.983176790924528
16840.0,1277918.02213737,244957.432110876,3.0,22110.552017018148,10.003810240388226
16841.0,1276059.82149547,244708.534638628,4.0,130412.5556023048,11.778458209133307
16850.0,1276674.08108009,246575.505968541,4.0,61935.26496704188,11.033845005126269
16851.0,1276699.28248812,247351.98340933,4.0,68036.38665650472,11.127797938934194
16853.0,1261596.86845666,245866.101551816,4.0,234023.05133026687,12.363174899446456
16854.0,1260900.32323995,245881.449007824,4.0,122798.611111035,11.718300984460495
470.0,1279723.95423523,249274.821811303,4.0,561086.9460801164,13.237631156596068
8664.0,1268422.92503965,240942.712106764,4.0,727155.1786751653,13.496895184460666
8665.0,1268744.48375998,240932.444778755,4.0,125176.98123563998,11.737483864799191
8666.0,1274871.32683825,254294.508600444,3.0,77519.07705385707,11.258279340583776
8667.0,1254487.82198538,251489.628725573,1.0,0.0,
8668.0,1264804.49885994,245333.131823272,4.0,374685.3155554168,12.833841794143051
16860.0,1275670.56600706,253996.14796014095,3.0,36096.805277437874,10.493959643935064
16861.0,1273534.73432489,253534.421879664,3.0,35929.01832206185,10.48930055777667
16855.0,1272375.81406769,250129.43589218,3.0,19270.4758854518,9.866329456767817
8238.0,1282878.66284645,257243.269755453,3.0,13743.57138154114,9.528326457877819
8681.0,1275667.08440706,253334.569591463,3.0,20734.838023574062,9.939570560910113
8682.0,1264636.63537177,257620.179771841,4.0,47340.810493975245,10.765128003622204
16874.0,1276671.0895921,244695.812910616,4.0,523766.57640784833,13.16880139918371
8687.0,1263349.46007445,258974.96902123105,3.0,100657.8566507241,11.519482487144424
16879.0,1276986.61324042,247986.179377988,3.0,6966.752784371692,8.848904510601457
16881.0,1276152.79864757,248334.46046634004,3.0,185757.17750297143,12.132195602495502
8240.0,1276983.27666442,252638.56799075,4.0,511622.3944243633,13.145342121036784
499.0,1275298.70815068,251615.483125702,3.0,66170.17735109432,11.099985147236673
500.0,1284269.33331187,241482.847531319,3.0,247344.59805230403,12.418537777130146
8693.0,1280120.38751562,246046.181935996,3.0,36999.98812455132,10.518672870668237
501.0,1284051.12569565,242379.337196246,4.0,668520.9425935434,13.412823002772464
498.0,1274853.81765424,251630.758645713,4.0,100636.85625621896,11.519273833928668
8696.0,1272289.41566761,244402.860078305,4.0,110109.26402265954,11.609228461066223
16889.0,1282799.22399837,246845.396208808,3.0,78986.84408685024,11.277036587035209
8699.0,1256783.02377973,252401.5586465,4.0,132366.3368449269,11.793328636720052
8700.0,1256519.08035547,252405.961526513,4.0,156621.02889565253,11.961584337659245
509.0,1264679.54801181,247127.6282731,3.0,42784.974921257,10.663942266694615
16892.0,1285557.5232652,249707.748403743,3.0,76814.1926341808,11.249144701986591
508.0,1264923.37527606,247206.99652917695,3.0,3712.991225959227,8.21959309111456
16893.0,1266305.05655748,258901.078141153,4.0,561596.5958083029,13.238539070080465
8705.0,1258150.47773314,253717.730871856,4.0,249280.07231987573,12.426332331779513
8706.0,1258161.99242114,254385.047160536,4.0,776862.8314358547,13.563019077646858
16899.0,1274351.75762172,250062.2414601,3.0,23504.69644114697,10.064955528724633
16894.0,1272851.17566818,250112.440500155,3.0,106952.59656722016,11.580140992544218
16902.0,1276738.98124017,247855.001777843,4.0,55259.60666697838,10.919797480590663
16913.0,1260894.79901594,245615.143727556,4.0,148415.61230615532,11.907771808401217
8726.0,1255592.58486651,253071.037943184,4.0,28132.48615297239,10.244680278416526
8728.0,1254250.05865714,252042.788662136,4.0,20260.14332490463,9.916410852057249
8729.0,1262154.20234522,247130.708273098,3.0,146641.17961538248,11.895743926775983
536.0,1285607.83520125,246509.837808475,3.0,21057.13157894737,9.954994574082402
537.0,1285970.26195362,246502.319792464,3.0,21194.14824561404,9.961480396407593
16924.0,1265661.63294081,250896.834612966,3.0,79848.82014143384,11.287890377597034
16925.0,1265541.8159167,250982.085429043,3.0,29574.071326497404,10.29465328772796
16929.0,1266675.92292586,244049.210541949,3.0,9141.751472011065,9.120607273224751
16930.0,1264833.68874797,245648.512431592,3.0,373785.0713231829,12.83143623560089
548.0,1260213.23050325,245141.546607062,3.0,103914.19844477825,11.551320822657319
16933.0,1274814.16159019,248748.249330759,4.0,445567.770702994,13.007104637113613
16934.0,1275203.36683859,248605.028530613,4.0,564347.3128957073,13.243425143957902
8744.0,1274890.68306227,243670.831661567,4.0,360014.77032532974,12.793900338272111
8745.0,1275170.45253456,243660.517421558,4.0,226813.9890947629,12.331885529245588
16942.0,1285268.9799049,252476.45349457895,3.0,216867.2982495492,12.287040916658672
8750.0,1276178.6831276,250268.190516323,3.0,29746.31760288071,10.30046062525821
8757.0,1258592.30493358,247757.471473753,3.0,5021.786945287317,8.521541114541872
571.0,1265938.5218371,255606.07551378,3.0,94385.21468925566,11.455139715812269
572.0,1265947.02020511,256271.109626472,4.0,111739.32947687994,11.623924022251265
16956.0,1264072.0662832,246824.941168785,3.0,468947.6871717543,13.058246499995622
8765.0,1263250.54922636,243379.130797267,4.0,116087.23135881312,11.662097181954856
16955.0,1271967.68401928,254976.992121145,3.0,563825.7261790058,13.242500486594539
577.0,1271248.29765055,257452.468795672,3.0,403526.05506364646,12.90799633725586
16968.0,1264748.16401188,241902.385387748,4.0,254361.51361943493,12.446511816061212
16969.0,1275871.74213527,248260.008498266,4.0,425174.7726797368,12.960255593209414
16970.0,1276150.12543157,248157.712114155,4.0,306157.6103219183,12.631855314744842
16972.0,1257543.98678851,250431.632116482,4.0,435932.57197704446,12.985242858942609
16975.0,1275261.56357466,250312.885684371,4.0,116521.4498922192,11.665830654286541
16979.0,1272731.78616406,246131.999984086,3.0,98565.9683518152,11.49848133245154
16984.0,1273869.57195723,250077.579060122,3.0,231894.67410296333,12.354038556627858
8793.0,1268946.65560019,257911.615548149,3.0,339641.29405238293,12.735645322176655
8794.0,1268949.78552018,258176.480508417,3.0,378176.1647842527,12.843115410439546
16985.0,1286131.79052979,251795.685493886,3.0,19448.51457705516,9.87552597477052
8796.0,1284966.83091259,251504.663797587,1.0,0.0,
8798.0,1262680.34263377,258325.68326057505,3.0,58675.3871150777,10.97977561831276
610.0,1272871.12837221,253435.45522356,4.0,173003.5844478242,12.061067592616858
16995.0,1273855.57061321,250877.118772939,3.0,226344.81858261983,12.329814861427456
611.0,1273010.55627635,253430.246199563,1.0,0.0,
616.0,1273548.29074089,254859.931705013,3.0,30379.71867344394,10.321530515851586
617.0,1274211.72152558,254840.366072997,4.0,137639.89091719582,11.832396067388549
8810.0,1273807.82437316,247695.282289684,1.0,0.0,
8811.0,1274118.94251747,247686.113649681,4.0,55632.98934763183,10.926531637876396
618.0,1278199.49733765,246301.03870426104,3.0,43596.16262340141,10.682724412238997
619.0,1278522.01701799,246290.46782425,3.0,121806.13688141391,11.710186017893534
17003.0,1272168.67339548,251003.737269074,3.0,181210.6540173276,12.107415467867659
8816.0,1268887.02219212,245692.894255638,4.0,555899.5920935152,13.228342967164561
625.0,1285410.53702505,244018.709613919,3.0,4291.951523410808,8.364496809048129
624.0,1284750.94880037,244032.86801393295,3.0,37944.60030852665,10.543882488340097
17014.0,1259247.72419825,246022.250543967,3.0,9026.273321731454,9.10789486152956
632.0,1269706.14161696,247540.63825751803,3.0,69322.81112530794,11.146529295882484
633.0,1270104.52600136,247532.551345512,4.0,133217.64787236662,11.799739519846481
17018.0,1276157.50827956,248662.751154676,4.0,69659.93472590607,11.151380606881167
8830.0,1277666.22968911,244675.615790591,4.0,480874.20316050405,13.083360982991625
8831.0,1271215.33381051,240658.945962474,3.0,47953.07466904113,10.77797820065502
640.0,1263453.81521057,246582.64606455,4.0,312667.7101095041,12.652896276551903
641.0,1263458.97233057,246848.643568814,4.0,449674.0752762664,13.01627832216723
8834.0,1272799.82014813,248524.762930527,4.0,384110.8894398696,12.858686564465502
17031.0,1276151.17330356,248229.787442237,3.0,76480.98318196,11.24479740305531
17032.0,1282031.00575759,252542.30309464,3.0,68404.62736171403,11.13319575280943
8841.0,1267465.90558267,249473.701939508,3.0,71194.3554362676,11.173168816676922
8842.0,1286233.21945788,245838.582895786,3.0,406.75807285772976,6.0082185931246395
8848.0,1281975.49926153,252328.278262421,1.0,0.0,
17042.0,1259104.7750141,246209.385008156,4.0,89097.39751049677,11.39748540439592
8855.0,1275323.35871072,247386.322929367,4.0,82905.65790524792,11.325458588556213
8856.0,1262104.51933718,253674.820855811,4.0,693637.3568268111,13.449704562321653
17054.0,1265271.19409242,255623.54008980104,3.0,41555.10079654005,10.6347755556018
8863.0,1267630.47479884,258869.395773128,4.0,257005.81366082435,12.456853984869843
8862.0,1267626.52075084,258539.100476786,4.0,92500.78967205404,11.434972460459255
17058.0,1281505.86770904,254168.133880317,3.0,156235.2219036486,11.959117983309046
8872.0,1282158.64460571,244067.554989964,3.0,18338.14509871513,9.816738601039832
8873.0,1276435.48805586,249622.594035655,3.0,53829.56409325258,10.893578113681839
687.0,1262189.41943327,248760.33822678,4.0,88772.2458238151,11.39382933309815
688.0,1261658.51172072,248771.853938788,4.0,126227.56761974467,11.745841649130407
8881.0,1265516.70474868,251606.838133693,4.0,80702.52375178649,11.29852512702538
8884.0,1263465.34698658,247114.689969093,4.0,90809.3418185294,11.416517442761224
693.0,1262383.60080947,260330.550974622,3.0,98668.96452771324,11.499525733499128
694.0,1262396.96036148,260995.117567301,3.0,79106.30000354451,11.278547796646675
17080.0,1276703.92223212,247684.673393667,4.0,101196.30561192708,11.52481752935815
17081.0,1276705.40716013,246014.581231967,4.0,202950.62390569388,12.22071799644657
698.0,1267610.81278282,256887.418747097,4.0,177789.11070494817,12.088353355557324
699.0,1267610.24683082,257151.780411363,4.0,92595.80767344208,11.43599914610445
700.0,1261883.11658496,255703.289913878,4.0,291476.9797676701,12.582716310016766
701.0,1261893.34391296,256223.160890415,3.0,16167.985674465835,9.690788373040625
17084.0,1278040.7985215,245330.449071258,3.0,8815.066830127256,9.084217676213017
17087.0,1272783.69022812,250114.862132162,3.0,16936.35015418689,9.737217487741908
8897.0,1285007.02668864,254163.050168306,3.0,13.766666666666664,2.6222502112988773
8900.0,1265476.29770863,249761.107251793,3.0,29923.5332008388,10.306400513379872
8901.0,1265482.46698864,250008.48075605897,3.0,14037.656803844568,9.549498769338332
17092.0,1272790.30341212,243468.540717348,3.0,59467.708701174335,10.993188733308221
17094.0,1281410.01356494,243574.13009347,3.0,607164.5606837703,13.316555138214941
17095.0,1281634.87366118,243569.675053462,3.0,558310.6839147015,13.232670867627444
8905.0,1281506.73842904,253877.384760007,4.0,154257.37795853062,11.946377771797378
17101.0,1277912.95525737,257343.912251562,3.0,671459.4116322657,13.41720884878839
8911.0,1273561.7109649,242294.385644153,3.0,265.54071810542405,5.581768192785196
17103.0,1274090.21618146,252755.723958865,3.0,187260.95391222436,12.140258398532156
723.0,1268957.1260642,258837.487357095,4.0,592678.01039012,13.292406546345516
724.0,1268960.7963362,259167.991613433,3.0,129724.33683735156,11.773166992157748
8915.0,1272351.49918768,242207.376940057,1.0,0.0,
8916.0,1271040.74392232,254160.209016308,4.0,456144.7768584716,13.030565531216935
17120.0,1284622.84505624,256627.479354829,1.0,0.0,
8929.0,1286331.74547398,246824.922800794,3.0,42406.0,10.655045140642496
8930.0,1286560.29165022,246820.313904792,1.0,0.0,
739.0,1268997.22865623,244890.673710808,4.0,125512.32584196524,11.74015924661151
740.0,1269004.50059225,245160.535087094,4.0,159491.85330299343,11.979748123432328
8933.0,1285084.07539271,248425.62923443303,3.0,42020.35711224622,10.645909472988443
17123.0,1271666.99102697,247492.498929471,3.0,24566.349759836183,10.10913288955513
751.0,1264870.80286001,248798.705970809,3.0,568454.0980747887,13.250675846740148
752.0,1265451.7127486,248771.317874789,4.0,640181.1915795067,13.36950652711024
8945.0,1273165.9358605,242106.007083952,3.0,143479.89050842394,11.873950168532073
17138.0,1284748.62790437,256429.127994627,1.0,0.0,
8956.0,1264006.87415513,243669.392045557,4.0,184147.67534300857,12.123493298079214
8957.0,1263745.58167486,243674.249645561,3.0,64506.18456238922,11.074516382875427
768.0,1280716.89746824,253227.928695351,4.0,197685.85142982457,12.194434440739503
769.0,1280714.74822024,253891.970040023,3.0,272603.3312661328,12.515773018515217
8974.0,1282826.5356144,249214.984627232,4.0,576927.9085171566,13.265472595773005
783.0,1285218.04691285,248371.357682377,3.0,50656.793803853165,10.83282863303832
784.0,1285202.62668884,248447.66795446,3.0,9660.697207536292,9.175821099295293
8977.0,1286394.21024205,244081.218989983,3.0,91438.1779565912,11.423418372161144
8978.0,1286642.3665943,244055.59863795305,3.0,40306.10063343016,10.604258116960043
8979.0,1270937.68177822,249620.36241965,4.0,325575.25094221253,12.693348899601828
8980.0,1263642.99626675,256722.248506933,4.0,66659.81690243357,11.107357605119788
8982.0,1278183.45304964,252615.834806725,4.0,603597.5749774247,13.31066298826906
790.0,1271510.85944282,249880.248371914,4.0,138195.22844648996,11.836422663283258
791.0,1271519.25086682,250160.051956207,3.0,18652.40322375642,9.83373027595298
798.0,1265067.05015621,243130.16874900495,3.0,38840.31866885872,10.56721412702811
799.0,1265312.59722847,243125.89738901,3.0,8562.785204937269,9.055180790621574
801.0,1282209.94662176,256466.796602666,4.0,111106.03749494231,11.61824031703997
802.0,1282219.40364577,256730.659898937,4.0,57057.07242811079,10.951807316548177
8995.0,1256893.81155585,249408.039027438,3.0,63335.747351709535,11.056205177827739
8998.0,1262786.70468187,248747.01803475604,3.0,34867.200853927934,10.459301862685841
807.0,1281644.54687719,243837.773613736,4.0,71373.86310117322,11.17568701830148
9000.0,1267340.31761454,244264.046382174,3.0,51904.19208563599,10.857154838254997
808.0,1281654.06194919,244087.396781996,4.0,66815.54570622617,11.10969105260269
813.0,1274530.8061979,252146.087030247,3.0,110259.16274091412,11.610588898616877
9009.0,1272911.80152425,257069.739579275,3.0,43870.40719287762,10.688995275924286
9018.0,1279429.00473092,247051.148721024,3.0,479670.04995582113,13.080853750593798
9027.0,1277221.74565665,249288.94347532105,3.0,28238.725567108668,10.24844956194539
9033.0,1266428.7032776,244054.75281395,4.0,259849.24976412047,12.467856933244121
9034.0,1259752.66711077,254369.01042451,4.0,244698.93387672323,12.407783892562765
17226.0,1254155.43747304,248001.962098002,3.0,42457.093589928816,10.65624928237104
17228.0,1254140.91811302,248002.860722005,1.0,0.0,
9037.0,1280448.47967596,251247.617397323,3.0,66716.70283273603,11.10821061783694
9038.0,1280448.98789996,251576.566837654,1.0,0.0,
17231.0,1282578.47084615,246548.177328512,3.0,50336.67687610313,10.826489252924759
851.0,1272803.71051614,243927.62218982,4.0,121315.81571917146,11.706152471586664
852.0,1273067.6309644,243919.856109813,4.0,96528.47650039676,11.477593337063983
855.0,1275881.38648729,250013.627060056,4.0,54393.688652427336,10.904003408694878
856.0,1275885.30968729,250277.505460322,3.0,19131.133109613267,9.859072292756116
859.0,1271791.2407551,241815.48727566,4.0,70847.6984571155,11.168287759864517
9052.0,1263020.24682611,252449.455542549,3.0,61414.62873403516,11.025403338754812
9053.0,1262899.58532199,252451.389238551,3.0,456133.7900417564,13.03054144467777
860.0,1271803.53963511,242245.374252096,4.0,44739.72642790628,10.708617120316134
861.0,1274209.36946158,254578.205560729,4.0,64730.01732866591,11.077980319246393
872.0,1260506.50122355,252369.943862468,4.0,131047.06813991614,11.783311836428926
873.0,1260518.55728756,253032.286071151,3.0,25451.376972653823,10.144525125530912
875.0,1266640.67729382,241275.201323107,4.0,200380.49133646497,12.207973294833728
9068.0,1267150.30718234,249087.175859109,4.0,25257.44455185617,10.136876224985459
9069.0,1267153.55684635,249220.985587239,4.0,6491.528717646959,8.778253331675135
876.0,1266805.473518,241235.02685907495,3.0,48289.13731327858,10.78496191400059
9071.0,1265651.67959681,259577.545277849,4.0,145697.0443071435,11.889284705822028
9072.0,1265824.53521299,259573.39340584,3.0,52983.24481155512,10.87773100692182
9070.0,1278181.86220165,251952.525110036,4.0,104210.89232390518,11.5541719356972
880.0,1274886.81464627,255682.602937862,3.0,37831.73033032401,10.54090345621425
9075.0,1284696.37702431,249841.593587875,3.0,21729.593062740947,9.986430346095876
9076.0,1263386.90820248,245029.137006953,3.0,26926.94047316607,10.200882568997473
9077.0,1263246.51409034,245032.213166952,4.0,69181.66749236237,11.14449118587749
886.0,1266028.8323652,245223.755439147,4.0,186670.32142947763,12.137099352938042
885.0,1266021.87140518,244953.755950883,3.0,52588.87438842887,10.870259862825693
879.0,1274222.12011759,255700.761657879,4.0,28340.058934854955,10.252031592806905
889.0,1268844.42846408,240101.564201906,3.0,145213.2865474249,11.885958882334046
890.0,1269369.78763261,239738.56496954,3.0,5060.170072762208,8.529155372934495
888.0,1271486.83749078,250623.743924677,3.0,11297.499051918436,9.332336657365842
892.0,1272126.28472345,248284.857202291,4.0,71079.2088265804,11.171550151460726
891.0,1272118.23653144,248015.108082011,4.0,31806.305285716404,10.367419828538544
899.0,1278703.22796218,249952.372595996,3.0,302680.29917009186,12.620432409211867
900.0,1278708.14917818,250625.829556689,4.0,251865.7095381895,12.436651325794628
901.0,1282885.17497446,257507.21215573,3.0,34903.14835545223,10.460332314879716
9099.0,1269376.37124862,240020.827817827,4.0,164977.8365771373,12.013566420085546
9100.0,1256193.84381112,249375.069939405,3.0,14823.158526314244,9.603946002074109
9101.0,1255531.05744244,249386.947571412,4.0,49061.81908204476,10.800836395845929
9106.0,1284812.06086443,250500.433204561,4.0,37253.35017601892,10.525497157374808
9107.0,1284812.44275244,251162.07032524,3.0,11767.259588455378,9.373076342937463
919.0,1280148.67679566,247938.044913933,1.0,0.0,
920.0,1280294.39634781,247934.995057926,4.0,155216.30411594058,11.952574933507082
923.0,1260258.56995928,253036.461879149,4.0,578273.2808683614,13.267801840188316
926.0,1267638.48331085,242269.915820122,4.0,358893.2938888147,12.790780391780896
927.0,1267960.12772718,242262.349932119,4.0,318324.98553736106,12.670828107008072
9125.0,1261397.96336846,260353.900670648,4.0,197238.6414436974,12.192169652480723
934.0,1254160.14480105,248164.371890157,4.0,70897.184547288,11.168986001538348
935.0,1254169.42102505,248484.428338498,4.0,399404.8116373447,12.897730747055393
936.0,1256220.58787516,250442.887348503,4.0,337888.228824656,12.73047043582644
937.0,1256224.95856316,250703.43870876695,3.0,60580.68366662314,11.011731369869532
941.0,1267064.25745426,245731.366255671,4.0,84301.81387019216,11.342158660605344
942.0,1267371.65252657,245724.52145566,4.0,425341.996452733,12.96064882184692
943.0,1272148.23352346,249016.966963038,4.0,48391.92989881289,10.787088341174627
944.0,1272817.71806815,248993.044787019,3.0,33887.68039251883,10.430806817068852
9139.0,1286051.8392337,255498.578681678,3.0,169508.0,12.040655402328987
9140.0,1275539.24575093,246048.917807996,4.0,199888.5724907433,12.205515352725097
9141.0,1268906.29086414,254741.39090490303,3.0,43910.80145230648,10.689915615548303
9142.0,1272052.55224337,244821.656174734,4.0,171799.83430784708,12.054085324083905
953.0,1269388.25182463,245683.26763162,4.0,89630.06916638663,11.403446136039012
954.0,1269394.75672065,245943.249071896,4.0,106610.07092131209,11.57693326018501
9149.0,1277268.1412407,245998.162031949,4.0,64071.94163461644,11.067761819068787
960.0,1260933.56695198,253690.89631182,4.0,543949.8168648289,13.206612273172693
961.0,1260600.00528763,253695.732215822,4.0,620921.1057697046,13.338959308995756
967.0,1280437.59519595,254932.723513097,3.0,167928.47710470646,12.0312934362164
968.0,1280437.43807594,255192.750905365,3.0,489924.8267641403,13.1020072435505
9167.0,1264628.21866776,256960.839547172,4.0,85911.09736607279,11.361068288988688
977.0,1266955.07755014,257879.702524111,3.0,20288.601439320777,9.917814501874476
978.0,1266959.11134215,258224.718268469,4.0,64090.8101376767,11.0680562650437
9172.0,1255523.36912245,248906.311666921,4.0,178984.3691165094,12.095053757638528
9173.0,1286660.81965032,249378.913139403,3.0,155984.9271093589,11.957514660469702
9175.0,1274870.73919025,243131.238573015,4.0,28527.30769954832,10.258617072406203
984.0,1272348.71569967,241839.521067694,1.0,0.0,
985.0,1272345.75512366,242010.374699861,4.0,121228.87833573663,11.705435594332377
9176.0,1275150.47749454,243120.850476995,4.0,35132.5027188226,10.466881984362574
9180.0,1275247.55602264,249428.687923461,4.0,663814.5728597422,13.405758131717516
9183.0,1269387.63896063,240439.98250626,4.0,131072.99087502915,11.783509629267025
997.0,1266291.24951747,241331.728427172,5.0,415499.88743091474,12.93723762235321
9190.0,1264008.66877913,252045.742070138,4.0,93372.11926221986,11.444348070684454
1007.0,1264862.34519601,248350.868274361,3.0,185854.74627280683,12.132720713590356
1011.0,1280719.01260424,252567.885430679,3.0,130991.21160441272,11.78288551294364
9212.0,1280854.26988438,255700.758393884,4.0,312431.8718560596,12.652141714330336
9213.0,1278226.01989768,257245.734011456,4.0,307663.9662156253,12.636763447581043
9214.0,1278877.56716235,257226.281275436,4.0,417122.7650434939,12.941135858037509
1029.0,1264279.18263541,255363.197433531,4.0,585877.8921408798,13.280866671659812
1030.0,1267750.25444695,243925.594925821,4.0,95977.6151222568,11.471870267450443
1031.0,1267759.40369497,244255.778990164,4.0,94545.30835801177,11.456834452104653
9233.0,1268566.07070379,243669.782125562,4.0,109300.48612850062,11.601856121807993
9236.0,1278881.75839436,257557.898363784,4.0,148869.43844207033,11.910824948727697
9249.0,1263853.98333897,248990.668147013,4.0,344813.37159973255,12.750758597761406
1062.0,1282826.54611039,255131.832697302,4.0,411341.80019538046,12.927179778510903
17447.0,1258971.05450197,247749.225777745,3.0,48989.42460278352,10.79935972936633
1064.0,1285468.6143371,250485.063476533,4.0,297493.825758092,12.603148749998146
1065.0,1285470.4092811,251147.305909216,4.0,201678.46073721265,12.214429929629247
9258.0,1257293.91875625,251068.219765142,4.0,46238.90058600779,10.741576726809443
9262.0,1268989.84350424,244630.728686541,3.0,77005.80675980588,11.251636110457456
17455.0,1278306.38194577,246020.948015973,1.0,0.0,
9264.0,1263238.62929034,244505.042286411,4.0,243810.7040507256,12.404147400113605
17468.0,1278756.74028224,246487.686960444,3.0,643997.9840812872,13.375450874773032
1085.0,1279997.2296275,248606.309682623,4.0,704608.4537144826,13.465397542708986
1091.0,1267576.39358278,254770.295352921,4.0,151847.72639303052,11.930633497645507
1092.0,1268242.51921546,254757.32524091,4.0,129327.23202955438,11.770101153795306
9287.0,1259166.15773417,251041.820533112,3.0,63592.63527767629,11.06025294510235
9288.0,1264623.67735575,244549.994606465,4.0,645812.3915798301,13.37826432507489
9290.0,1275594.05176699,248435.333298445,4.0,485551.5879938303,13.093040818522415
1099.0,1271828.62917113,243120.059820995,4.0,108167.3844898674,11.591435162706112
1100.0,1271841.92209914,243578.124525473,4.0,52323.520119826055,10.86520126444556
9291.0,1275597.64459899,248691.508018702,3.0,59993.52732187666,11.00199195741627
9294.0,1286411.56256206,249799.971635833,3.0,69370.8256064543,11.147221677799866
9295.0,1276962.7336884,249620.314227656,3.0,35367.566236359016,10.473550471134304
9296.0,1276969.20223241,249987.935220033,4.0,65429.59568021558,11.08872996841959
1115.0,1286390.69715405,251126.952949196,3.0,2760.1169235206225,7.923028321408313
1116.0,1286396.13017805,252138.452854231,3.0,15710.979460166986,9.662115075593105
9315.0,1260247.49712728,261048.14470335803,3.0,151078.55332941742,11.92555520125379
1123.0,1273390.51845273,245449.53220738503,3.0,65403.98692054556,11.08833849767503
17512.0,1269823.79588908,248814.179634824,4.0,449314.03045429295,13.015477321933904
9321.0,1270564.92830583,239988.139561787,4.0,120554.60500397476,11.699858082829737
9322.0,1270576.45777786,240407.906090215,4.0,66710.74981546198,11.108121385566372
17515.0,1278086.44146554,247641.097393632,4.0,253913.1107167329,12.444747403684277
17514.0,1278107.14872956,247382.71339336,3.0,183343.6079557917,12.119117310365398
9323.0,1286612.02937828,249795.216115832,3.0,257390.85610114707,12.4583510494306
17513.0,1269995.48190525,248565.947250575,4.0,217692.42660994385,12.290838458422494
9327.0,1262968.08260207,243832.001325727,4.0,126181.61648993664,11.745477548826546
9328.0,1275329.41023073,247704.340977699,4.0,174827.80813076984,12.071556814967133
9329.0,1275583.48152699,247700.719601691,4.0,216267.4654469648,12.284271186605473
17520.0,1270319.04260959,249360.717299387,3.0,269316.831640564,12.50364377829685
17523.0,1278376.89164184,247113.792625085,3.0,1427.4846341672442,7.263669177316185
17525.0,1270588.06571387,249681.031283721,3.0,203607.53980364665,12.223949595407236
1143.0,1266940.57367814,256639.310330838,3.0,3888.7910676306014,8.265853608781118
1144.0,1266943.66123013,256903.430523112,4.0,156602.0155880782,11.961462933388821
17529.0,1278343.9963458,247175.883057147,3.0,158909.6788769353,11.976091262418883
9337.0,1282285.47404584,245910.783535853,4.0,53957.98143862928,10.895960901145871
17532.0,1278140.20575359,247112.059377089,4.0,247678.36053486023,12.419886250074045
1149.0,1280225.95359573,256246.346554443,4.0,59145.3451658505,10.987753170888931
1148.0,1279534.87423503,256265.78284245697,3.0,109187.8014191093,11.600824627436854
9340.0,1274244.83890161,257030.115003243,4.0,155254.0082248174,11.952817817335669
9341.0,1274250.54392561,257362.467387587,4.0,757221.6476213685,13.537411286949016
17535.0,1269247.08446449,248102.935986102,3.0,460304.6545222158,13.039643841686026
9349.0,1267263.26526245,241123.42538695,3.0,204792.3525741285,12.22975183050366
9350.0,1260381.44765541,251682.413109764,3.0,30778.26122206452,10.334563915285997
9351.0,1282324.42873389,242984.739244863,3.0,162043.190105438,11.99561818427069
9352.0,1282945.62527852,243380.107501268,3.0,70151.58595807721,11.158413693373083
1164.0,1271703.57432301,246551.706800506,3.0,587591.729048708,13.283787647363713
1165.0,1272007.12849931,246683.24792064697,5.0,598073.7358570349,13.301469329440197
1166.0,1282036.54348558,247899.243825898,4.0,126804.35909936724,11.750400698149623
1167.0,1282310.47564587,247893.783857882,4.0,419325.7315725223,12.946403299204663
9362.0,1284613.80435222,245213.485743135,4.0,52504.29347643432,10.868650225739383
9364.0,1282832.2357744,252022.111222118,3.0,334507.92114029825,12.720415838809048
1174.0,1256771.70915572,251732.598069817,4.0,93874.03970790777,11.449709159537766
1175.0,1256507.73987545,251734.890677825,4.0,143479.17064701105,11.873945151360562
9366.0,1262723.96957782,245841.258799791,4.0,288579.3010150602,12.572725200695219
9368.0,1286326.23929799,243325.925549209,3.0,197311.5165915061,12.192539061272754
9367.0,1281573.95711711,257147.36639536903,3.0,97669.0094255531,11.489339586335756
1182.0,1266427.4920136,248978.48510699,4.0,228477.32671047564,12.33919225774311
1183.0,1266433.83287761,249238.650291264,4.0,74042.78699210254,11.212398407687573
9376.0,1256254.48841919,252810.000438914,3.0,46481.500328580245,10.746809670019042
1186.0,1263667.05425078,258302.658748552,4.0,201167.2779832239,12.211892069703122
1187.0,1263677.14909878,258966.675133228,4.0,235246.25909508552,12.368388155493712
9383.0,1274916.66040629,257011.081275225,4.0,114354.29729482542,11.647056778935674
9384.0,1275588.56882298,256991.803707197,4.0,101595.9556980385,11.528759007212566
9385.0,1257569.19837253,251069.493365139,4.0,221005.15075017384,12.30594128679017
9386.0,1264881.18833202,243636.492525533,3.0,11299.162099098006,9.332483851428846
9388.0,1257875.26301284,253066.121975183,4.0,157637.99122350826,11.968056488418236
9389.0,1282808.76863837,253186.447159305,4.0,326832.5918791389,12.697203367347566
9390.0,1272886.29010022,254753.679288909,4.0,110713.81836445526,11.614703938046986
1204.0,1266197.94583736,252121.445686221,4.0,309164.976372067,12.641630317520512
1205.0,1266864.60625406,252107.697014198,4.0,395774.14506779663,12.888598986792584
9401.0,1282294.57145385,255144.410745308,3.0,112618.77524077371,11.631763723600955
9402.0,1268273.74353549,257135.877563357,4.0,183940.94894091343,12.122370055413226
9407.0,1263274.80541837,246330.530736282,3.0,238153.8170427277,12.380672033993601
1216.0,1280410.21535592,245946.025647894,3.0,63005.71130171485,11.050980656847477
9409.0,1259452.91799046,252356.871734455,4.0,143984.54191205505,11.877461224962996
9410.0,1259201.0832382,253045.045559168,4.0,98060.56471486764,11.493340574059411
1217.0,1280656.71289217,245940.846191883,3.0,707.8028604424047,6.5621656092177
9408.0,1277752.88696921,249096.67909111097,3.0,143914.66439656666,11.876975794539227
9411.0,1280924.06796445,257828.750844061,4.0,780989.8843406279,13.568317476549247
9412.0,1280927.77465245,258161.943420395,3.0,94828.72402632024,11.459827638407308
1225.0,1280605.79698813,248593.499634609,3.0,42095.2069685536,10.647689164461271
1226.0,1280752.77996427,248590.666994601,3.0,6934.7455379660105,8.844299639641143
17613.0,1253450.97398432,248485.384050488,1.0,0.0,
1230.0,1267613.32721482,257416.060731634,4.0,66694.26086478228,11.107874184195454
1231.0,1267616.39806283,257679.572027907,3.0,54995.66731979909,10.915009685107963
17614.0,1253438.3532483,248503.526386514,6.0,586655.0172442023,13.282192221178963
17615.0,1253443.61180831,248479.07371448,1.0,0.0,
1236.0,1280452.94789997,253232.794167355,4.0,241230.84964233876,12.39350963632962
1237.0,1280438.26284395,253897.064504027,4.0,724567.0734349994,13.493329615388005
9432.0,1262460.94416954,250344.915764391,3.0,140469.23714306895,11.85274379106392
9433.0,1262467.87325755,250988.633973062,4.0,289007.58239840314,12.574208203423069
9440.0,1264941.29054008,255632.844857812,4.0,680031.0291494927,13.429893707213418
1251.0,1269490.62200074,244070.817069978,4.0,116516.60739541982,11.6657890945786
1252.0,1269503.01963276,244493.533806399,3.0,64320.463962008565,11.071633117166517
1253.0,1262133.3644572,246120.344816074,4.0,424129.1678768665,12.957793329039406
1254.0,1261602.42781666,246132.02948808705,3.0,311549.1750331547,12.649312470025208
9448.0,1281180.46022071,245130.593199059,3.0,19980.406373067435,9.902507390988074
9449.0,1281190.72230072,245929.39441587,3.0,6536.192047616941,8.785110019158493
17645.0,1262061.36426513,260671.645118967,1.0,0.0,
17652.0,1262905.30513,252721.978934824,3.0,599633.0103752738,13.304073097689951
17654.0,1278471.17330594,254198.078648344,1.0,0.0,
9465.0,1265740.12490889,250951.57662901297,3.0,134415.84705020627,11.808693609720144
9466.0,1265741.7991489,251283.965045363,4.0,79445.30559777602,11.282824083973463
9467.0,1276839.98661627,252641.304886743,3.0,327253.3019981632,12.698489773860777
1276.0,1286783.77081846,250843.417396903,3.0,57037.90960549163,10.951471406546565
1277.0,1286785.86598645,251118.308917195,4.0,261944.309434787,12.475887200740072
9471.0,1275891.1433513,251669.139829755,1.0,0.0,
9472.0,1266042.07838121,245753.62903969,4.0,362091.80229817535,12.799653056166267
17668.0,1281856.6563174,252056.307062149,1.0,0.0,
1288.0,1285529.86816117,253068.314167187,3.0,39919.27094427751,10.594614467339731
1289.0,1285778.56185742,252926.867319047,4.0,289686.860314065,12.576555826546786
17674.0,1253676.41219255,251117.031349182,1.0,0.0,
9483.0,1259993.28963901,253038.030135155,4.0,195274.97960026815,12.182163996011807
9481.0,1274170.42238954,249754.298163787,3.0,94151.1740813017,11.4526570043347
17673.0,1272909.93246825,256910.395451114,1.0,0.0,
9490.0,1278596.70585006,247104.823473081,3.0,21974.427406505587,9.997634665627123
17682.0,1277844.2604733,250301.367604345,1.0,0.0,
17691.0,1271371.61304267,240768.850602597,1.0,0.0,
17692.0,1271333.61278664,240869.31991469895,3.0,42395.0,10.654785709738103
17693.0,1264045.32945116,245346.17246328303,3.0,75014.7357691858,11.225439850141862
17696.0,1274341.24715771,242722.260396585,4.0,728098.9688842762,13.498192264208576
17700.0,1270849.90078613,248582.927474588,3.0,99756.92987680422,11.510491804788176
17701.0,1263058.28349815,261682.54208,3.0,84778.0,11.347791354158918
17702.0,1262923.35396202,261685.882944003,1.0,0.0,
9510.0,1259958.02922298,251027.921973094,4.0,64006.27446771047,11.066736396094319
9511.0,1285759.2561294,242672.67390054505,5.0,169628.43177226314,12.041365628456543
17705.0,1283657.46771125,255112.035193279,1.0,0.0,
9514.0,1285166.19040079,248326.813170329,3.0,46384.69187511542,10.744724767295349
17706.0,1276786.84920821,257288.632187501,1.0,0.0,
9517.0,1262037.40106511,259384.744509652,1.0,0.0,
1330.0,1265524.95313267,251864.592181951,3.0,81269.54493693574,11.305526624333712
1331.0,1266191.66078137,251851.519413933,4.0,301637.5270188279,12.616981333830608
9523.0,1275835.61720724,246600.43211256,4.0,76041.7525020262,11.239037843443915
17719.0,1285803.31513745,245188.751215115,1.0,0.0,
9529.0,1267594.18027081,255566.038521737,4.0,160967.29475726697,11.98895648517763
1338.0,1266439.69962962,244514.620974422,4.0,194809.59299575,12.179777914336118
1339.0,1266449.97751763,244944.397678867,3.0,139801.75259374786,11.84798064513923
9539.0,1263615.31588273,255111.436729282,4.0,335056.6702305209,12.722054961367668
9540.0,1263620.82506673,255375.379129544,4.0,299320.8008060267,12.609271189608418
1351.0,1274225.9917976,246089.554224044,3.0,559463.0491213206,13.234732761874598
1352.0,1274244.97112562,246881.036208853,4.0,151409.8724498789,11.927745825586626
9561.0,1272145.12849946,250712.935028777,4.0,221310.3980941259,12.307321511352512
9562.0,1272421.97477174,250726.889396787,4.0,333924.4604459914,12.718670080050009
9566.0,1273054.24088439,243461.137197345,3.0,52493.729298652455,10.86844899951553
1374.0,1284701.00793631,253614.741559744,3.0,64086.92278966461,11.067995609453614
1375.0,1284757.64627238,254306.11026445,3.0,5776.258554671381,8.661511443191193
1378.0,1275556.06264696,255830.352954015,1.0,0.0,
9573.0,1281683.96607722,245450.48983939,3.0,308511.9412941689,12.639515829177062
9574.0,1281704.61894125,245920.004335865,4.0,256264.30090799968,12.453964616298984
17770.0,1273197.48958854,242668.356332541,3.0,78362.60574266085,11.269102124985185
1388.0,1267568.61207877,252092.747254193,4.0,502203.6194015138,13.126760932771473
1389.0,1268157.60990338,252079.12325416497,3.0,623788.2770736647,13.34356629021501
9584.0,1258173.85789315,255071.115641236,4.0,624773.435288956,13.345144359460578
9585.0,1264758.51569189,252033.245750129,4.0,112724.6811532637,11.632703674749145
1393.0,1284622.06124824,245871.451951817,4.0,26409.215961627862,10.181468317672461
1392.0,1284366.74188797,245877.029039815,4.0,2433.75941159002,7.797192423793476
17780.0,1277311.10143276,241367.244779199,3.0,83799.18698133063,11.336178584529682
17781.0,1277419.57599287,241428.055659264,3.0,259272.14959656104,12.465633559651716
17782.0,1277605.04901706,240733.902826548,1.0,0.0,
9591.0,1269254.34136049,241459.658923298,3.0,18812.37068905909,9.84226994779633
1400.0,1256242.29846717,251737.194165826,4.0,65261.29906538614,11.086154475946525
1401.0,1256242.72067517,252030.096438125,3.0,20412.32503449815,9.923894165753836
1402.0,1269747.729137,242785.218924657,4.0,341041.3796299437,12.739759096791992
1403.0,1269759.91185702,243211.079021096,4.0,277295.9227169706,12.532840527986831
9592.0,1269414.66417666,241455.340075299,4.0,111743.79548221592,11.623963989522506
17783.0,1277442.23672889,243850.711213753,3.0,6809.194090153915,8.826029050019272
17790.0,1276427.29746385,248001.730481997,4.0,200413.556045782,12.208138290844063
17784.0,1277022.49183245,243421.658605307,3.0,23523.128151099307,10.065739392790467
17789.0,1278786.24780226,244381.991342291,4.0,313443.2034867466,12.655373453540722
17786.0,1276750.75775218,243124.785517007,3.0,190541.77239445745,12.157626727172254
17788.0,1278684.23685816,244360.66135826695,3.0,89295.72040817753,11.3997088419556
9603.0,1275519.66968691,245389.373871326,4.0,173270.92175050869,12.062611670225888
9604.0,1275799.5569192,245381.12254332,4.0,151620.5681096802,11.929136416534288
9605.0,1281242.53420478,253882.298104018,3.0,94315.4556005739,11.454400353395034
17799.0,1272013.74955532,243517.780141398,3.0,78346.91802124897,11.268901910970268
9610.0,1257500.90813246,248330.546098337,4.0,235077.32657108823,12.367669788240141
9611.0,1271534.54968284,243128.723501012,4.0,46465.10013199445,10.746456774987385
9612.0,1271548.05560285,243585.718317479,4.0,49681.81430743787,10.813394235816489
9616.0,1278716.87948219,253928.529016063,4.0,39641.61001234558,10.587634603470423
1426.0,1265258.52254041,252024.858294114,4.0,473282.4358810302,13.067447605298778
1427.0,1265267.35191642,252413.044214517,3.0,669969.0757384024,13.414986834687621
9618.0,1284988.36960061,253615.916151747,4.0,21468.02360664149,9.974319832916084
9621.0,1281934.75724548,245446.422639385,4.0,38788.12811257593,10.565869502311008
9632.0,1274194.09784555,244762.54046267303,3.0,192665.37431481996,12.168710151255361
1447.0,1286780.82630645,250454.741364509,3.0,114359.015747051,11.647098039780209
9645.0,1276279.8181037,251983.080502078,3.0,294481.9178292625,12.59297288062767
17837.0,1277718.75320917,257260.916027471,1.0,0.0,
9647.0,1273875.23922123,253011.445559129,3.0,114084.03835265482,11.64469063432606
9648.0,1274195.38066156,252997.73394312,3.0,3970.7644663728006,8.286713915942979
1459.0,1282367.37644593,242877.504876748,3.0,74060.68827275423,11.212640147872357
1460.0,1282929.5698545,242566.72887642696,3.0,20253.850906105472,9.916100222657745
17845.0,1267459.03819066,249213.12837123903,3.0,58623.73895596955,10.978894995171295
17850.0,1265366.12567651,245323.441583261,3.0,8334.289931881038,9.028133600419876
17855.0,1272388.59000371,243479.945261359,3.0,122503.8118571132,11.715897425683712
9665.0,1254581.59638548,252033.962934121,4.0,22125.5814910886,10.004489751613862
9671.0,1281481.13087702,247250.048305228,4.0,670434.9268919862,13.415681925378824
9673.0,1269670.40248093,240012.747817814,4.0,170356.43898599054,12.045648220942365
9682.0,1258866.49725387,249364.816371396,4.0,227612.31862143372,12.335399103765416
17875.0,1259133.68899813,256408.524410605,3.0,42676.95497269022,10.661414357338382
9683.0,1280763.82156429,249258.173875287,4.0,212123.1103756909,12.264922094427037
9686.0,1276079.39231148,245372.77284731,4.0,107414.1788133279,11.584447471089263
1495.0,1266913.42935811,254783.045048937,4.0,166705.63784897633,12.023984888496782
1496.0,1266918.31185411,255046.999545217,4.0,353224.4012401896,12.774858831509604
9687.0,1276359.21291977,245364.39063929,4.0,36767.77490942215,10.512377058714549
9688.0,1278812.05714628,245803.349039748,4.0,197359.77146475887,12.192783593241273
17879.0,1279123.6161866,258544.28095679,1.0,0.0,
9694.0,1274143.45362151,244763.989934683,3.0,289503.525911156,12.575922755234167
1504.0,1263011.10973811,258317.911612555,4.0,125880.5945369278,11.743089074212374
9698.0,1274204.68216556,254046.739704192,4.0,131940.8206868185,11.79010877290924
1507.0,1268932.25176017,243233.533357114,4.0,88507.70357192443,11.390844873218182
1508.0,1269191.90673643,243226.485101104,4.0,251950.2226151573,12.436986817677147
9699.0,1277510.01119295,249976.833204016,4.0,138628.39578461225,11.839552220544615
1510.0,1261938.89860101,261809.67008014,1.0,0.0,
1511.0,1261842.94634491,261883.273280218,3.0,108305.15417423545,11.59270802349316
1512.0,1273702.28779705,251148.97912521695,3.0,90302.42636337652,11.410919609070403
1513.0,1273836.8239892,251144.115637213,1.0,0.0,
1515.0,1261665.92279273,250355.578484401,3.0,59220.026056093375,10.989015041643553
1516.0,1261673.15306474,251015.003701076,4.0,120022.5631555174,11.695435030385433
9709.0,1285549.03840119,243452.737325341,3.0,612379.3690259424,13.325107253475037
9710.0,1285789.54611343,243337.727021217,3.0,359189.82681900787,12.791606293235748
9716.0,1257299.64803626,251728.015349805,4.0,43185.32028382104,10.673255908239414
1527.0,1269112.17726435,242594.631724462,3.0,44119.17075824763,10.694649678046828
1528.0,1269147.6279524,242801.708076671,4.0,403068.8513892572,12.906862673455858
17916.0,1284746.60460836,252534.728950635,1.0,0.0,
17926.0,1272411.45707573,254208.202040359,3.0,523466.5628219108,13.168228434897332
1543.0,1273867.35410123,253525.533111647,3.0,68390.32662885559,11.132986670054645
9736.0,1254258.58979315,252577.786294684,3.0,50625.99519604931,10.832220462409188
1544.0,1274199.98597357,253516.564279646,4.0,178087.0230689618,12.090027603450514
9738.0,1260230.76554327,260601.744318902,4.0,339433.59186826024,12.735033601157644
9739.0,1259802.44189481,256967.040635183,3.0,53255.35541364214,10.882853649662941
9740.0,1259539.71440655,256971.236155182,3.0,27585.76958752086,10.22505532408557
9745.0,1263561.45572267,247647.99697764203,3.0,40648.18203564957,10.612709391605637
1561.0,1285331.02604896,247702.696945697,4.0,493692.1870277445,13.109667498777888
1564.0,1285416.86150505,244538.608174458,3.0,317499.21996545955,12.668230640510163
1565.0,1285671.59264131,244532.98385444295,3.0,270441.7770973611,12.50781211231659
1568.0,1269742.628401,245416.677615345,4.0,166555.60015258664,12.023084467509173
1569.0,1269748.66155301,245676.593775615,4.0,208648.50888315943,12.248406339496006
17960.0,1266066.16170923,242305.145132169,3.0,60589.274049453634,11.011873160508182
9768.0,1270713.972914,245397.159279332,3.0,20536.957218683176,9.929981333204221
17961.0,1271963.57112327,242240.692140102,1.0,0.0,
9772.0,1284379.05875199,246936.0443369,3.0,8174.601501893343,9.008787248631563
9773.0,1284634.06188825,246933.772976905,4.0,403805.97455139767,12.908689780569638
9774.0,1269010.67512025,240450.780714259,3.0,15483.28506848782,9.647516338356173
17967.0,1280774.8035163,249915.484851956,3.0,42461.11014667511,10.656343880621415
17971.0,1286321.63526598,243201.646253079,1.0,0.0,
1589.0,1262102.67024918,258612.349052861,1.0,0.0,
17982.0,1286559.01702622,244678.605614588,3.0,1554.9783219938115,7.349216883676167
9797.0,1270389.22129767,253510.427511632,3.0,201599.97768637235,12.214040704496668
9798.0,1271050.96401834,253827.57515996703,3.0,321509.1451606069,12.680781267544853
9799.0,1278715.77285819,253267.425655395,4.0,73583.54757946785,11.206176741406106
9803.0,1271889.38821121,245281.451823205,4.0,44067.65246411685,10.693481288074063
9804.0,1271880.9837312,246156.18302410803,3.0,36936.73411879019,10.516961839416812
18000.0,1262945.50647403,254596.167800754,3.0,22708.44115888246,10.030491991567224
1617.0,1271561.45253086,254787.508920953,4.0,235992.0772200192,12.371553512342611
9814.0,1260892.99319194,261032.246783346,1.0,0.0,
9815.0,1265303.93322845,242787.873132661,3.0,54983.1351761679,10.914781784032463
18011.0,1274613.71678999,243681.038381577,3.0,390992.4303785837,12.876443479134537
1628.0,1266343.19690952,245486.935983419,4.0,231875.22626652164,12.353954688155852
18013.0,1265815.88689297,258912.773949176,1.0,0.0,
1629.0,1266349.62110153,245746.938095689,4.0,356324.2091384274,12.783596295225722
9822.0,1273569.01771691,256717.087418929,4.0,89840.38340523811,11.405789857048344
18022.0,1277967.81567343,246972.062256947,3.0,21347.21688313485,9.968676653397756
1639.0,1272817.16658016,244387.570094302,4.0,150642.05868827843,11.922661829516716
1640.0,1273081.11352442,244379.698670283,4.0,149070.87565867038,11.912177147391386
1642.0,1264933.49009207,247639.522545621,3.0,69564.04090320492,11.15000305912142
1643.0,1264523.45476365,247646.368689626,3.0,146786.7296607797,11.896735993670328
1647.0,1266649.21694183,258232.099132478,4.0,435459.1333092018,12.984156232316362
1648.0,1266663.01482984,258892.524349153,4.0,729183.3474524781,13.499680484790389
1649.0,1271677.80069098,250154.408308208,3.0,3154.372176009085,8.056544761832493
1650.0,1270987.97989027,252696.43896681105,3.0,16652.000237653887,9.720285622586658
1651.0,1271146.43595444,252946.071991056,3.0,1377.7218148775708,7.2281865551979445
1652.0,1282171.57337372,252050.04754214,3.0,43370.97071124036,10.67754561866887
1653.0,1282171.46150173,252324.33605442903,3.0,54308.79896304703,10.902441536312756
9847.0,1285428.47660907,245855.174447805,3.0,24954.859840427023,10.124823865395332
1656.0,1277229.63736866,244684.56817460095,3.0,46374.913125473606,10.74451392660283
1657.0,1277248.86636068,245338.345711276,4.0,62276.24104477654,11.039335268390689
1658.0,1282038.56409359,250555.251316607,4.0,143709.6127018294,11.875549964066606
9851.0,1276747.18559217,247683.181617677,4.0,85978.54209539066,11.361853033584003
9852.0,1277163.8937526,247754.35601773896,3.0,34007.89407071509,10.434347955199474
1659.0,1282039.03788559,251217.522613287,4.0,91762.05410848786,11.426954137216253
1662.0,1283588.64403118,253170.509879291,4.0,144035.76192812543,11.877816894448289
1663.0,1283591.73388718,253828.750007957,4.0,399261.1693903362,12.897371041616651
9856.0,1265788.68586895,241531.373355374,3.0,51646.04097312761,10.852168820557234
9857.0,1265806.76292497,242313.22839617697,3.0,24043.90897750436,10.087636978488286
9861.0,1267070.72657426,245991.285679936,4.0,105116.21382817748,11.562821815453516
1671.0,1269065.37617631,256849.347643062,3.0,411936.0555727388,12.928623411365596
1672.0,1269330.27755257,256841.936251044,3.0,429122.9734752005,12.969498808290819
1675.0,1263590.7588267,248996.239667013,4.0,325668.98289643973,12.693636754603084
1676.0,1263601.12164271,249662.176307693,4.0,263051.98706782085,12.480106961085262
1677.0,1266178.93143734,251273.617973343,4.0,175481.42119428227,12.075288454143424
1678.0,1266186.06302136,251611.141941696,4.0,201482.6334487229,12.213458470295922
9868.0,1270180.87755345,248345.163890347,3.0,136272.95409185495,11.822415168734882
1681.0,1278098.07071355,253278.899063393,3.0,139018.93432583465,11.842365421007448
18066.0,1278601.13330607,245345.15511927,3.0,32517.050119097185,10.389519849802511
18067.0,1267616.98238282,241677.540715516,1.0,0.0,
1682.0,1278172.57970563,253710.297847837,3.0,874.3405852751197,6.773469985417267
1689.0,1266172.00990134,250939.070773005,4.0,250082.1296694291,12.429544661571654
9883.0,1271298.96913859,254789.911480948,4.0,393839.6604325335,12.883699152235218
1692.0,1263228.07453834,243838.857581735,4.0,420433.77264682745,12.949042249313061
1693.0,1263232.24445833,244114.135598019,4.0,258060.82798443272,12.460950603496515
9887.0,1261937.06692101,251010.813045084,4.0,77333.94910558534,11.25588832452086
1697.0,1274476.73016585,244754.345262676,3.0,237139.7837429209,12.376405051073217
1698.0,1274495.01624587,245418.204527348,4.0,127398.0808366513,11.755071957930216
18084.0,1259132.47773413,256430.809786633,1.0,0.0,
9894.0,1259585.19171859,245443.710383371,3.0,26664.21607278437,10.19107772349451
9895.0,1259589.4705666,245644.084655583,4.0,58034.94951471064,10.968800685891267
9901.0,1257592.14518856,252388.217142493,4.0,98669.989247681,11.499536118878682
1709.0,1275585.42904699,250287.026804343,3.0,51818.14030949861,10.855495565967278
9908.0,1285799.42995344,251140.050037205,4.0,183377.2607898732,12.119300844148416
1717.0,1274503.26392588,249745.468467787,4.0,140010.23949394902,11.849470838159391
1718.0,1274833.28587821,249736.719795778,4.0,110144.97921144388,11.60955276981572
1720.0,1269796.78219305,244485.556398392,4.0,58727.72381915685,10.980667191068022
9912.0,1275561.33887096,241186.46231502303,3.0,312382.386729464,12.65198331485075
9914.0,1281175.1560927,247256.474097237,3.0,68403.29538560807,11.133176280602276
9917.0,1283752.29459135,257503.376187727,3.0,84778.0,11.347791354158918
9918.0,1283754.53676735,257672.873915896,1.0,0.0,
9919.0,1260234.07063127,246161.67051211,3.0,22849.38983112432,10.036679692732742
9920.0,1259600.83011861,246176.06123213505,3.0,752.179164528246,6.6229745462751035
9926.0,1254892.1705938,250714.81528477403,3.0,273261.59328186075,12.518184832519779
9927.0,1263064.50333816,243684.021293581,4.0,139155.08047915544,11.843344277097131
18120.0,1264393.61943552,248505.213746518,1.0,0.0,
1734.0,1279452.86981894,248615.785074621,4.0,102972.68680463286,11.542219055392177
1739.0,1254709.2952656,253766.092343897,4.0,180817.65617720693,12.105244378019576
1740.0,1254449.02480134,253772.324599907,3.0,80156.14399881911,11.29173181135452
1746.0,1259605.93245462,246414.937072366,4.0,132726.01635534002,11.796042255025416
9939.0,1276180.76811959,250663.29765272103,3.0,226033.84909407643,12.328440041791856
18136.0,1259276.19459829,256975.364795193,3.0,45469.73506695589,10.724802220256137
18137.0,1259226.09040622,256976.149883181,1.0,0.0,
1754.0,1264489.34199563,245649.393967584,3.0,59276.46966352209,10.989967704612273
1753.0,1264481.26884361,245338.77943927,4.0,138619.67209447932,11.839489289969823
1757.0,1279855.58981936,252584.106486693,4.0,261389.64217265905,12.473767454952068
1758.0,1279855.27679536,253245.91749537,3.0,81938.94097223798,11.313729626587733
9956.0,1261680.23671274,251660.444981739,3.0,75879.26648281864,11.23689875719699
9976.0,1255548.67715447,250448.596020505,4.0,503456.4141223456,13.129252421598974
1788.0,1270360.59435363,243620.905581504,4.0,141644.0543968094,11.86107253047593
1789.0,1270666.18923394,243608.576877505,4.0,113134.77326682524,11.63633507078942
9985.0,1281884.69074944,243563.736749455,3.0,424147.2325205373,12.95783592044868
1798.0,1266060.96580523,248727.567602739,3.0,458223.4695636939,13.035112268911275
1799.0,1266067.59313324,248987.491955012,4.0,169306.24565182434,12.0394644584734
1800.0,1266859.49406205,251837.747765929,4.0,369699.7483291973,12.82044646418118
1801.0,1285796.61075343,250477.460788533,4.0,515319.8447354851,13.152543044608134
9994.0,1265095.24830024,245397.756079331,4.0,110078.11778258852,11.60894555438898
9998.0,1268293.69361551,258853.54214111,4.0,364591.98171341146,12.806534148975578
1806.0,1262013.51952909,261006.523071319,4.0,72901.76895307329,11.196868183176605
1807.0,1261745.13783281,261011.243839324,4.0,234201.4111214583,12.36393675541137
10009.0,1283767.25983936,255631.740473807,1.0,0.0,
10013.0,1266681.75396587,244509.142318428,3.0,36468.26861416478,10.504197808427495
1823.0,1283325.18815891,254477.711992621,4.0,19148.781577027738,9.859994367364138
10016.0,1258414.46634141,253715.553399846,4.0,196328.787485407,12.18754601997298
10017.0,1263991.70353112,243048.919852927,3.0,95615.07442224809,11.468085768850043
1826.0,1261533.69898459,251662.087989748,3.0,164886.17531253202,12.013010668238357
1827.0,1261418.04727247,251664.973493755,3.0,259091.8932510877,12.464938077952219
10019.0,1258357.54717334,250423.397556484,3.0,293739.87080103724,12.590449861466528
1824.0,1283563.10604715,254465.992824614,3.0,429308.6627400237,12.969931432765234
10022.0,1282322.13932589,249887.573811933,4.0,391396.0969795321,12.87747536194634
10020.0,1277518.93240896,252628.43615073,4.0,727336.948722468,13.49714512744052
10021.0,1277521.43634497,253289.645111412,4.0,784937.1386846316,13.573358915449372
10035.0,1267166.36881436,249740.471091777,4.0,478892.6988306205,13.079231840506862
10036.0,1267190.92023839,250009.78488405,4.0,63323.05576946523,11.056004771981891
1849.0,1284579.13414419,255199.332601368,1.0,0.0,
1850.0,1284536.31929615,255606.692025781,3.0,140413.43985786746,11.852346491475842
10044.0,1273398.73758875,242298.08375616404,3.0,209422.54061183773,12.252109215425957
10048.0,1257528.17219649,249659.572019696,4.0,323796.5983736639,12.687870814839002
10049.0,1264885.20503603,242852.690284729,4.0,165923.9563475549,12.019284868089597
10051.0,1265423.44151658,247630.347057611,3.0,86318.39914420532,11.365798054164648
18243.0,1266162.96465333,242475.961388335,3.0,49185.56996355474,10.803355566037787
10053.0,1254782.23478568,254424.843320578,3.0,125601.64094916804,11.740870597812801
10054.0,1254783.83516969,254590.388280749,1.0,0.0,
1863.0,1266840.66571003,250920.823732987,4.0,327219.83113193227,12.698387490468027
10055.0,1260921.27171996,246891.383280858,4.0,369852.107761236,12.820858495962154
1867.0,1272526.39320385,243476.00401336,3.0,59536.159134661146,10.994339123497726
10060.0,1269681.74436894,240432.098986238,4.0,127376.4265072904,11.754901969734467
1868.0,1272539.81310786,243935.345901832,4.0,121199.46487441265,11.705192937379985
10062.0,1270584.62673786,256142.472762331,4.0,633280.5191333785,13.358668761149316
18256.0,1261296.84938435,257746.924283981,3.0,169863.40960926743,12.042749920188394
18259.0,1272643.88145997,242685.387436554,4.0,126375.05561017824,11.747009396363651
10067.0,1275987.49157539,242781.20452465105,3.0,99660.84514712356,11.509528152103709
18260.0,1271448.29201874,255427.1926976,1.0,0.0,
18266.0,1271013.71480229,245543.282031476,1.0,0.0,
1882.0,1274526.74315789,251641.370229721,4.0,18282.70421184672,9.813710766881533
1883.0,1274528.4761499,251893.392693982,4.0,30622.280777276337,10.3294831529588
1886.0,1283227.46463881,242561.13866843295,3.0,294519.5124924625,12.593100536220053
10079.0,1265427.09732458,247779.026225775,4.0,221182.63543196357,12.306744043885082
1887.0,1283226.81503882,242685.868076548,3.0,706841.3502541762,13.468561521188652
10083.0,1254562.19651346,250876.656500936,3.0,74083.18897408471,11.212943916099862
10084.0,1254557.75689745,251318.313781396,3.0,108534.84809760156,11.594826581018252
18277.0,1278239.3256257,243611.851501495,3.0,84777.99999999999,11.347791354158918
18278.0,1278005.42322546,244365.156078279,1.0,0.0,
10085.0,1272386.55256371,252220.69157432,3.0,186389.0875545246,12.13559163635749
10092.0,1263965.18263508,247103.979313076,1.0,0.0,
10094.0,1269421.28196867,241706.752299547,3.0,31088.059492771023,10.344579085304629
10099.0,1270052.54808132,245410.497839347,4.0,163627.84810812908,12.005349909374718
1911.0,1261870.14743294,262145.546048477,3.0,75914.85478769078,11.237367659486832
10109.0,1259124.03517413,247061.417073041,3.0,51955.45992466725,10.858142090613406
1918.0,1268258.42174348,245965.252271906,4.0,187959.25089160696,12.143980467741727
1919.0,1268666.05278389,245957.2299999,4.0,146851.20589866315,11.897175148364674
1920.0,1271485.71416278,249040.533875063,4.0,51270.6687717203,10.844874108806586
10110.0,1272755.49637209,246925.110256895,4.0,183360.42143726992,12.1192090109203
1923.0,1279530.18169102,256002.785018191,3.0,43098.60231925087,10.671245846778332
1924.0,1280213.81778772,255983.628602177,4.0,61799.15832770459,11.031645024060232
1925.0,1268019.22372724,244249.361710161,3.0,8920.687351591298,9.096128279958574
10118.0,1255288.3600982,253073.248567194,3.0,27492.31192176252,10.221661678087306
10119.0,1266575.58782175,255590.670393765,3.0,62857.701538563306,11.048628744913138
10120.0,1266598.45886178,255989.25714618,3.0,39893.38040849571,10.593965684565292
18310.0,1264778.76695591,245010.892334938,4.0,457141.3513882425,13.032747924870998
10122.0,1261627.5383447,255706.773817882,4.0,388370.289859505,12.86971451880592
1926.0,1268023.04164724,244389.309230298,3.0,34231.82777580312,10.440911126996216
18316.0,1253460.43952033,248488.013298497,1.0,0.0,
10123.0,1271290.15813059,244842.039342761,4.0,372427.0919995039,12.827796571469054
10124.0,1271301.58328259,245296.675183222,4.0,476102.9274309304,13.073389343936928
18319.0,1253457.24956833,248485.504498497,1.0,0.0,
10131.0,1264897.88222004,244313.408814222,5.0,214258.93039886773,12.27494051773309
10132.0,1282680.25606225,242871.549164742,3.0,7836.972922725617,8.966607931990831
1941.0,1267358.50916655,245194.847023129,4.0,515996.6652407683,13.153855581731127
1940.0,1276708.81592813,250661.072948724,4.0,266019.9100933259,12.491326434937626
1939.0,1276444.82136786,250662.147124723,4.0,296918.5639867916,12.601213184855755
10140.0,1274767.22763814,246621.241776586,3.0,36190.79026771612,10.496559952951484
10141.0,1265974.76881315,250298.546100348,4.0,177171.58884141062,12.084873970446187
1951.0,1282815.03071839,248204.545394212,3.0,296304.2628822523,12.599142120505928
1952.0,1283476.35551906,248191.914802194,4.0,559110.2367039499,13.234101936101194
10150.0,1271783.37989108,256106.157882303,1.0,0.0,
10155.0,1266329.47806151,244946.991534874,3.0,90742.83314941556,11.415784775448362
10159.0,1254577.08067347,251759.090741843,3.0,14111.56866340099,9.554750212544256
10162.0,1267971.03153518,242722.219756588,4.0,462385.9461979193,13.044155202707833
10164.0,1271880.33541119,241812.947627664,1.0,0.0,
10169.0,1275597.858487,257323.715771541,4.0,324087.0564569204,12.688767451451302
10173.0,1264544.87895568,246314.298864275,4.0,171944.39057402834,12.054926392903331
1982.0,1281766.75103731,253871.344440013,4.0,91823.74902546806,11.427626247131611
1983.0,1282026.33055758,253865.239800006,4.0,36990.56757539377,10.518418228731322
10180.0,1267365.18731056,245464.635183394,4.0,376341.6582406993,12.838252675319197
10188.0,1279773.49682727,250596.325684652,4.0,380716.5359363184,12.849810377036217
10189.0,1280033.50053954,250591.624628648,4.0,719290.1193504602,13.486020059281831
1998.0,1253995.40336087,252050.839862138,4.0,49314.71131923838,10.805977719558497
10191.0,1260493.93335153,251680.522997767,3.0,16350.773673760536,9.702030494701924
10193.0,1263551.13655466,252053.27851814,3.0,165920.1062354409,12.019261663744254
2001.0,1280324.18796383,249923.455667958,3.0,20830.79520310396,9.944187709383465
2002.0,1280324.47404383,250586.323764637,4.0,547156.4071404841,13.212489976803585
10209.0,1273600.50258096,250809.910580873,3.0,234974.15560024683,12.36723081090931
2020.0,1267604.67793481,256359.218682557,4.0,78400.49852919423,11.269585565109026
2021.0,1268264.53751948,256343.313530535,3.0,120410.72019414789,11.69866384605057
10216.0,1285269.9736969003,252630.83211873495,6.0,437510.1678545582,12.988855225320162
10217.0,1285724.04198536,252622.585462734,3.0,777905.9506577655,13.564360909809219
10221.0,1262686.80784978,244513.599022418,4.0,129821.50107234209,11.773915717240856
10222.0,1262582.00004166,244516.782446429,1.0,0.0,
2029.0,1275177.93509457,253490.023991615,4.0,652597.7379019005,13.38871619684957
10225.0,1264727.46717986,246971.527536944,4.0,94735.42299546774,11.458843264095474
10226.0,1264587.46250772,246974.743024945,3.0,69451.67625457645,11.148386484026227
2037.0,1273537.47218089,253800.537143931,3.0,8967.44033063818,9.10135555542703
2038.0,1274202.35211757,253782.566711918,4.0,39418.64140463413,10.58199411549164
10232.0,1283825.01919942,250657.762292713,3.0,27813.069946121133,10.233261331143433
10233.0,1283994.8275836,251179.812085256,3.0,686.2003379919017,6.531169622980191
10241.0,1270844.97886613,249623.77483566097,3.0,79709.95236359516,11.286149729800352
18436.0,1279006.03999448,244319.283438221,4.0,587192.41590419,13.283107840504535
10245.0,1275391.25919078,241925.637675777,4.0,219827.26878360347,12.300597375056464
18437.0,1279142.39173862,244437.565038353,3.0,529149.9613911379,13.179027151557941
18439.0,1279422.14188291,244580.679598495,3.0,225927.71908494545,12.327970400041078
2058.0,1264972.89975612,246572.673968539,4.0,219476.9444658032,12.299002469378369
2059.0,1265147.84394829,246568.212016523,3.0,162565.0170705565,11.998833305780826
2070.0,1264926.93758006,247359.369905338,3.0,18510.66650087162,9.826102412529853
2071.0,1265166.64906831,247353.14385733,3.0,65875.96886602443,11.095528993379142
18458.0,1276401.49240781,242400.062892258,3.0,357344.7587567314,12.786456305566256
2075.0,1263243.09713034,244788.092590705,3.0,48339.8972287518,10.78601252824677
2074.0,1273860.65298122,253030.03013514,3.0,69720.18821306423,11.152245199186599
10269.0,1260932.30583198,247423.319281399,4.0,189965.5844006285,12.154598200002212
10270.0,1278450.05720991,253272.311159387,3.0,79130.56808252865,11.278854527681837
10271.0,1273099.64990844,251528.57874161,4.0,227994.31459186928,12.337075971625097
2076.0,1262711.84656981,244799.726382717,3.0,15698.36699490631,9.661311972863373
10272.0,1273516.07851687,251653.371189743,4.0,103424.4131164963,11.54659631682955
10273.0,1281770.09580532,248571.113202587,4.0,123308.51317923942,11.722444731207254
10274.0,1271878.00113919,244826.348078743,4.0,89408.56620484988,11.400971775417469
18465.0,1277777.87973723,241077.243050903,3.0,342426.2039802154,12.743811450637478
18466.0,1277991.36453745,241459.794795305,4.0,58733.94476500457,10.980773114062792
18467.0,1264788.20855592,245010.926126927,1.0,0.0,
10279.0,1285140.61862476,250492.66648455,4.0,133204.81633250066,11.799643195087125
18470.0,1276947.58514437,241321.117867157,3.0,48565.91554978312,10.790677237708216
2096.0,1284502.97881612,248636.654130653,4.0,217605.81998080376,12.290440539841562
2097.0,1284145.76691175,248893.250354916,3.0,249601.1516885031,12.427619529603396
2098.0,1277004.93112844,246565.733680531,4.0,96147.6462990992,11.473640271248751
2099.0,1277284.74847272,246557.535216525,4.0,83489.46812964091,11.332475772699926
2111.0,1264653.57329179,258941.959613204,4.0,41226.19599873244,10.626829158498362
2112.0,1264662.0929718,259604.335933879,3.0,35231.641280619835,10.469699857835124
10317.0,1283506.21932709,255904.39020209,3.0,535674.1919427131,13.191281404383565
10318.0,1284077.97241569,255889.894202068,1.0,0.0,
2127.0,1268777.81144001,245434.910831362,4.0,488319.9915825859,13.098726190400678
2128.0,1269011.62955225,245430.441007361,4.0,151676.38052538544,11.929504454634152
10329.0,1277882.60524133,256592.303866789,3.0,781566.7647878346,13.569055856784917
10330.0,1279566.14783506,257869.420412108,4.0,755687.9719258243,13.53538383441506
10331.0,1266806.42167799,249749.173875779,4.0,364046.5977858731,12.805037154320798
10332.0,1283069.88915065,253840.92319198,3.0,92558.57938136616,11.435597013666005
2141.0,1280579.1838681,247268.957361251,3.0,166913.437392539,12.025230618047978
2142.0,1280592.55193211,247928.748337924,4.0,156652.8316890596,11.961787372751013
10336.0,1255514.58864243,248374.550962374,4.0,35368.12675353417,10.473566319347604
10337.0,1254856.19817775,248388.475442395,4.0,55119.298248807616,10.917255174271366
2147.0,1279193.00946668,248620.809330627,4.0,170001.5662259637,12.043562929083862
2148.0,1261026.42666407,252361.49080646,4.0,168703.70762396808,12.035899245909437
2149.0,1260766.45904781,252365.710646465,4.0,147551.89239841458,11.901935205760982
18532.0,1264757.6206519,242334.585004196,3.0,113810.6127113534,11.642291053895162
10347.0,1268421.61892764,244901.790510818,3.0,28162.157659527868,10.245734428768804
10348.0,1285447.33222508,255229.900089398,3.0,42402.66666666666,10.654966532324122
2158.0,1271577.55915488,256112.460346296,3.0,46483.78646620853,10.746858852627035
2159.0,1271578.29534689,256172.89657037,3.0,81809.57719001731,11.312149596300003
10353.0,1258245.05757323,250424.53899647304,3.0,417722.67992001865,12.94257304616234
10363.0,1256899.44310784,249673.926323712,4.0,296573.4797196214,12.600050290391648
2181.0,1281177.71743672,250571.040308625,4.0,140275.8667854392,11.851366239786959
2182.0,1281511.28633305,250564.991476625,4.0,334923.3630442732,12.721657017604015
2185.0,1264517.56669965,252425.28331852,3.0,8527.861882009312,9.051093950450047
2186.0,1264260.12721139,252429.462134525,4.0,766427.6872798711,13.549495631395262
10380.0,1270070.94110534,246201.116656154,4.0,604264.7748228179,13.311767749773322
10383.0,1262734.98231383,246346.732848302,4.0,524343.0679263878,13.169901458857412
10384.0,1265654.68318081,247279.21355325,3.0,22384.225323008013,10.016111763107636
10387.0,1283164.73510274,249872.621107906,3.0,214333.41532651335,12.275288097101402
10392.0,1281012.76498854,248585.65125060096,3.0,6055.067487021242,8.708650801593329
10393.0,1281201.57401273,248581.991474584,3.0,17238.74821981586,9.754914932522114
2210.0,1285268.9851529,253615.900343746,4.0,37133.6603916252,10.522279125442353
2211.0,1285548.13849719,253616.470583752,4.0,37485.57522185877,10.531711477207146
10412.0,1255510.07190643,248109.249650106,4.0,41832.25010357859,10.641422854612252
10419.0,1277856.3884093,254109.86956025695,3.0,95972.43479597406,11.47181629167616
2244.0,1267935.01982315,241749.868331596,4.0,431763.0915717351,12.975632317660938
2245.0,1267941.85771115,242000.12471585,4.0,269797.715646398,12.50542775587932
10441.0,1275300.93618269,252119.616950214,3.0,750.9026376228541,6.621275999715003
10442.0,1254254.44419314,252317.770102412,4.0,45107.39104098128,10.716801393238468
10450.0,1262138.29520921,246359.414896309,4.0,757341.93398698,13.537570126587477
10451.0,1286048.5495697,244555.770862475,4.0,104449.05335351598,11.556454703789175
10452.0,1286104.16851376,244629.055150539,3.0,31057.513951670408,10.343596053308383
10453.0,1258189.83587717,247766.170609757,5.0,84234.77065192274,11.34136306809947
2270.0,1281244.87737277,253217.995639339,4.0,89987.44455633374,11.40742543465106
2271.0,1281508.96479705,253213.008439332,4.0,107550.4935664122,11.585715723866306
10466.0,1272027.28030734,243975.878957868,4.0,97896.5264853158,11.491666347657455
2287.0,1265415.25290857,247308.578673288,4.0,14696.16666349358,9.595341967569196
2288.0,1265420.87722857,247531.565105513,3.0,20316.70216591017,9.919198593536427
10479.0,1263706.98660281,245022.124590948,3.0,43072.488650977866,10.67063975792003
10489.0,1278448.82034591,252610.72715871,4.0,473414.62243364734,13.067726863700006
2304.0,1263053.73495415,260978.846591279,3.0,431673.6203451282,12.975425073225551
10497.0,1256888.18070784,249142.16689916,4.0,733974.2980718149,13.506229290732636
10503.0,1271584.19134688,256656.394938856,3.0,396449.5788760008,12.890304146462626
2312.0,1264534.69559567,245782.968175724,3.0,235868.36177610536,12.371029139301244
2313.0,1264052.36881118,245801.614831746,4.0,359394.2159529986,12.792175159582166
2314.0,1260308.13872734,248534.578162536,4.0,215081.5247808732,12.278772420264643
2315.0,1259650.41827866,248548.645426556,4.0,243275.34681490925,12.401949195297679
10504.0,1281746.28025329,246579.971888542,4.0,205992.2495076665,12.235593823314735
10511.0,1285398.80838503,243218.306349099,3.0,134396.1909030729,11.808547365174565
2320.0,1265313.37284446,258925.254909188,4.0,20241.71724398697,9.91550096387285
2321.0,1265643.27377281,258916.903229177,3.0,12896.980610732771,9.464748501769664
10519.0,1286125.57664178,243589.405677482,3.0,12008.39576329276,9.39336133107238
10520.0,1276715.88741614,251981.190390065,4.0,259867.2585094045,12.467926235431003
10521.0,1276719.23423214,252643.61951075503,3.0,88032.02427399272,11.385455939464821
2336.0,1273207.74187654,253849.20504798004,3.0,128971.32752097106,11.767345391359482
2337.0,1273200.83870853,254082.10546422,4.0,542671.8743649428,13.204260133326061
2339.0,1276699.23423213,249621.253491655,5.0,231945.11142904684,12.354256033989031
2340.0,1268037.22366326,244909.214062825,4.0,105083.43352607352,11.562509918618462
2341.0,1268229.68753545,244905.496878833,4.0,59962.55797107324,11.001475612598648
10536.0,1272564.08568388,255416.918777585,4.0,180407.2035001173,12.102971816523635
10537.0,1272893.96856423,255406.725881577,4.0,90972.968325723,11.418317690004809
2346.0,1263833.54410695,247924.837937921,4.0,547914.5851136395,13.213874687200745
2347.0,1263845.10410696,248456.027506456,4.0,569907.5108960582,13.253229365059035
10540.0,1262203.59722528,251006.566709071,4.0,643585.3646355228,13.374809953996445
10541.0,1262210.55127329,251651.098229736,3.0,498115.45566640166,13.118587167823907
2344.0,1272904.00069223,256404.555258602,4.0,47676.5695655504,10.772195352119677
2345.0,1272907.90098023,256737.147386938,3.0,31999.169567450364,10.373465230427954
10544.0,1285266.24006489,254313.670328453,4.0,15984.27314470924,9.679360589375285
2349.0,1276904.70264833,256621.686330825,4.0,619482.8630175496,13.336640317065893
2350.0,1277559.274169,256601.969530806,4.0,721669.6205422785,13.48932272387242
10545.0,1285265.43232089,254601.16844075904,3.0,34.16666666666667,3.5312505099103535
10547.0,1273827.77643718,242289.019180149,3.0,78117.06791852518,11.26596385124124
10548.0,1274087.65285344,242293.41022014603,3.0,112192.17477881044,11.627968526134179
2360.0,1268003.81854323,243684.522285581,3.0,33784.650672643715,10.427761856215303
2361.0,1268261.50110349,243677.766701564,4.0,425286.1244717432,12.960517455437332
10556.0,1268016.98948723,251812.296373904,3.0,400698.3576175101,12.900964197832481
10557.0,1275509.4961189,254001.74079214,4.0,583522.5454043235,13.276838368187372
10558.0,1275527.18904692,254667.069176823,3.0,184669.46686837825,12.12632284049352
2369.0,1271509.46315481,242253.979500115,4.0,25901.56609407165,10.16205871281215
2370.0,1271522.92408282,242718.401516587,4.0,52140.04191701972,10.86168849141927
2375.0,1267042.23550223,244931.246510848,4.0,95252.7467909214,11.46428913027311
2376.0,1267277.00113447,244927.220590845,3.0,5552.6745314312975,8.622034988220332
10567.0,1270923.04664221,256676.489722878,3.0,202339.71290749536,12.217703310897035
10576.0,1254233.07120112,251327.704501405,4.0,596668.2391188884,13.29911652454014
10577.0,1264469.5169076,250310.615988359,4.0,92514.45733804617,11.435120206834085
2386.0,1284103.9507197,245224.879407153,4.0,79295.54417877414,11.280937216621481
2387.0,1284111.52582371,245882.603503823,4.0,50695.38277221728,10.833590115850676
2390.0,1264949.78398009,256297.929466486,4.0,406804.40303415374,12.916087766682416
2393.0,1266966.95518216,258885.258621141,4.0,167437.22361451865,12.028363775607103
2394.0,1266970.87639816,259215.52697348603,3.0,11057.954343142304,9.310905298036245
10585.0,1274291.64062966,249150.97297917295,3.0,359418.0058961367,12.792241351954592
2403.0,1283069.60959865,254484.056120634,3.0,32380.575624865927,10.385314004246743
10596.0,1270727.11627401,245917.13591986903,3.0,163801.88363509148,12.006412949938719
10597.0,1282548.74847811,253191.760503307,4.0,458718.1441029261,13.03619123529223
10598.0,1268279.88689551,257664.711163893,4.0,131335.6593900893,11.785511610547172
10599.0,1268044.51761526,245178.839471102,4.0,177649.23542879295,12.087566297633511
2404.0,1283068.47705464,255126.034489289,3.0,57320.19899816454,10.956408353641674
2409.0,1273023.10808437,251248.747637317,5.0,175189.6608256097,12.073624442190605
2410.0,1273299.14718865,251312.543093383,3.0,44886.41779516141,10.711890528974118
2422.0,1266265.93854144,255598.158905774,4.0,212574.642775336,12.267048465788443
10614.0,1285434.40147308,246513.435568467,3.0,137394.737749526,11.830613359270783
2429.0,1276745.69215217,247351.25150533,4.0,89407.50626959669,11.400959920384098
2430.0,1277027.88876046,247343.600561321,3.0,44956.9676148794,10.7134610360047
10628.0,1266168.73662134,244060.580909967,4.0,120630.38273061856,11.700486461319203
10638.0,1266473.65822165,241782.644523636,1.0,0.0,
10639.0,1269298.08798455,242591.631724462,1.0,0.0,
10640.0,1269221.69214447,258169.66553241,4.0,440959.0103709523,12.9967072031045
10645.0,1258908.0241019,251546.218805626,3.0,44140.81240839694,10.695140084906349
10646.0,1258641.22870964,251550.793269634,3.0,6318.224312152297,8.751193484396287
10655.0,1265572.76996472,243631.016493514,4.0,763195.8802907284,13.545270001159727
2469.0,1274207.08011757,254314.130296454,4.0,89201.89737034595,11.398657589309881
10662.0,1283209.33542278,257429.582395658,1.0,0.0,
10663.0,1266601.86302179,256255.264186442,4.0,90322.81022511989,11.411145312435169
10664.0,1264974.99063613,258271.768380508,4.0,144867.69253426496,11.883576139571925
2480.0,1264770.90577191,245333.813615263,4.0,64103.296218083975,11.068251064645674
10673.0,1274803.47621419,248195.333490193,3.0,28477.53672132164,10.256870870258677
10672.0,1274130.3059735,248215.536178216,3.0,123459.66753662778,11.723669803060961
2484.0,1264327.65597945,244554.932270467,4.0,367308.6487160224,12.813957778266237
2485.0,1264028.72151515,244560.124846473,3.0,39718.529584283126,10.589573097944239
10679.0,1253871.39932875,252054.357558146,1.0,0.0,
10683.0,1280514.70431603,249920.09349195697,3.0,49118.89619437981,10.801999090955745
10691.0,1280842.28831637,255181.299833342,3.0,285711.4239809319,12.562737573352006
10698.0,1260625.00887166,251047.756917119,3.0,105851.750028791,11.569794809527815
10701.0,1285547.29363318,248494.827634498,3.0,47065.58530167052,10.759297339932264
2516.0,1254594.64227349,252828.935734943,3.0,98314.085918208,11.49592259106997
2517.0,1254344.98403323,252835.484278947,3.0,60541.68245383791,11.011087372969829
2518.0,1283494.83974308,250527.997748584,4.0,241695.59413520808,12.395434337875072
2519.0,1283825.34239942,250521.827828571,4.0,254957.9088936345,12.448853747353922
10711.0,1259155.36119016,250413.873972461,3.0,92020.21001359726,11.429763505967204
2520.0,1268215.47467144,244385.4582223,4.0,220580.82251785384,12.304019448740002
2522.0,1262326.1891614,257015.04940322,4.0,514484.0329477455,13.150919799659505
2523.0,1261994.33418506,257021.080251232,3.0,285898.2049781777,12.563391099795338
2521.0,1268222.57732745,244645.338926554,4.0,178189.49549556462,12.090602844445016
10724.0,1262736.86717783,251641.821941718,3.0,57124.26485342929,10.952984259027122
10728.0,1269720.33022498,241872.672555715,4.0,285539.6042610534,12.56213601741052
10735.0,1263270.21649037,252445.450294554,3.0,699200.237649201,13.457692443210707
10739.0,1273402.00856474,245884.666159824,3.0,319636.92979733285,12.674941036253097
2547.0,1284358.87673597,245219.182895154,4.0,61275.31872647595,11.02313240995726
10744.0,1277719.84639317,247393.796657369,3.0,35888.082957796774,10.488160568332127
10747.0,1281775.16537333,251222.585269302,4.0,68612.67124941488,11.136232508747394
10748.0,1281775.19686133,251569.609205648,1.0,0.0,
2557.0,1263634.89028275,256189.897530377,4.0,104883.80350928272,11.560608383124048
2558.0,1263638.97725876,256458.298554659,4.0,58617.061339471096,10.978781082327151
10755.0,1256248.45955518,252410.475638509,3.0,38830.61764908368,10.566964329091189
10756.0,1267334.27499053,243934.424301833,4.0,406971.099435435,12.916497453145347
10757.0,1267490.3189587,243931.112301826,4.0,502590.6829046205,13.127531366125572
2566.0,1264951.8600761,249578.911731616,4.0,109265.15744344491,11.601532844235306
2567.0,1265206.74474835,249580.480307609,4.0,174001.77590652462,12.066820784503918
10766.0,1282008.34367757,254867.342393026,1.0,0.0,
2576.0,1256794.99581175,253062.113079175,4.0,241646.11757781947,12.395229610840914
10769.0,1266787.32983798,248969.477938995,4.0,189959.5677437373,12.154566527148452
18964.0,1253880.08924876,248171.777394176,1.0,0.0,
10773.0,1283160.83353475,249520.616243556,1.0,0.0,
2584.0,1258765.60016575,247092.360945061,3.0,31963.00678665365,10.372334475137524
2585.0,1258554.12355754,246930.963312894,4.0,72128.85991816138,11.18620951944131
18970.0,1272128.63608344,243487.26116538,3.0,110022.61946413088,11.608441255127396
10782.0,1275142.01163852,242892.369644761,4.0,70158.96620368167,11.158518892098305
10783.0,1275426.92677481,242883.221676752,4.0,47940.10157470148,10.77770762677423
2591.0,1284984.02118461,242983.11063686,3.0,84710.5797979798,11.346995781906715
10784.0,1273565.19422892,256384.399418578,4.0,32157.71524246414,10.37840767731348
2594.0,1278712.32505019,251278.347957358,4.0,168408.20053719834,12.034146076381425
18975.0,1272843.14059618,251487.88920556,5.0,480161.73001079535,13.081878263655865
10792.0,1272386.5627397,252616.91781471705,3.0,12034.897991307573,9.395565874178557
10794.0,1280131.40357964,246765.568304732,3.0,5760.925543550215,8.658853425425677
18989.0,1265274.88081242,255912.089658096,3.0,6193.455442969157,8.731248439808233
18990.0,1265606.22526076,255906.787514091,3.0,34324.15367058382,10.443604573976302
18991.0,1276843.87077627,240132.301033944,1.0,0.0,
18992.0,1276897.46220033,240214.282474026,3.0,84778.0,11.347791354158918
10801.0,1262977.32170607,256208.449658394,4.0,80277.3724981147,11.29324307315337
18993.0,1277394.89656883,243013.444524884,4.0,124704.51158017707,11.733702310485816
10804.0,1268731.10647996,240459.635050267,3.0,79988.33599400957,11.289636102951274
18996.0,1277873.06949733,243419.307565302,3.0,158587.237557535,11.974060115572636
2614.0,1266908.53694209,254518.608888671,4.0,378186.9040853963,12.843143807651378
18997.0,1277757.69535321,243498.379245386,3.0,37071.78160202789,10.520611355470836
18999.0,1277832.34220128,242396.02974025896,3.0,29546.95973660433,10.293736132147078
18998.0,1277691.55212113,241874.55773972,3.0,120431.6346262076,11.698837523410003
10808.0,1285095.68102472,248350.498802349,3.0,82715.22650106694,11.323158981368588
19007.0,1277537.17420098,242464.103468329,1.0,0.0,
2625.0,1267499.4671827,244260.90763016,4.0,487102.9678456063,13.096230812663789
10820.0,1270091.17361736,244477.562670395,4.0,153340.61400761106,11.940416961328236
19013.0,1273533.81573288,253444.214711577,4.0,135472.15737487393,11.816521417559619
2633.0,1268800.47544004,256856.759355068,3.0,157501.42892075834,11.967189809719422
10826.0,1277516.68735296,251971.603126064,4.0,270838.1383846628,12.509276646088523
19024.0,1276150.82034357,240841.774378672,3.0,169542.0,12.040855962718982
19026.0,1277280.46143273,240037.090921834,1.0,0.0,
19029.0,1277844.8481213,243244.429997131,3.0,228035.8713770889,12.337258226162684
19033.0,1278441.76389791,244695.68100661,1.0,0.0,
19034.0,1276490.5903279,240081.766697884,1.0,0.0,
10849.0,1261531.0634646,250357.387188405,3.0,110099.36254212934,11.60913853288592
10853.0,1264234.21687536,250965.089397028,4.0,463291.5467058648,13.046111825405916
19046.0,1277940.89119339,241650.04337149896,3.0,29091.397821391096,10.278197801946737
2663.0,1268065.94801529,245969.038063914,4.0,177048.8361738877,12.084180884086576
19047.0,1278060.37586552,241597.845675439,4.0,331741.5529647224,12.712111489819717
2667.0,1274855.12082224,251882.804789975,4.0,206575.26258589883,12.238420092709319
2668.0,1275299.81119069,251867.540341958,4.0,54709.305562047775,10.909789093905623
2669.0,1277502.23064895,249616.655091643,4.0,191527.1500806857,12.162784853431843
2670.0,1277761.05202521,249611.461555645,4.0,121556.18101343515,11.708131830063342
10874.0,1258913.58250192,251865.885813951,3.0,10163.396778591688,9.226547993858663
10875.0,1258646.78186163,251870.24734996297,3.0,35493.54798155264,10.477106211947003
19073.0,1269599.84587285,256859.829243064,1.0,0.0,
10882.0,1275896.97765531,255323.09215349,3.0,50949.14911928307,10.838583338202941
19079.0,1274454.30174983,242827.287084699,3.0,140887.3917826821,11.855716210438475
10895.0,1265629.69534078,246283.27691224203,3.0,83693.45480499903,11.334916055152288
10896.0,1265632.71569279,246402.388912365,3.0,229810.7649895509,12.345011488336809
2704.0,1286332.77209799,247154.23025712403,3.0,42655.66666666666,10.660915408494288
10900.0,1266813.15691,250019.114292055,4.0,65773.53843417685,11.093972884972548
10901.0,1268644.53086388,245167.467119098,5.0,493972.13956245215,13.110234396932794
2713.0,1269465.93246472,243219.0461891,4.0,334790.86671808374,12.721261337410791
10905.0,1282852.61497442,256187.500858381,3.0,24811.04405191536,10.119044157699475
2722.0,1263471.20721057,247380.574257359,4.0,382034.0486886749,12.853265016309496
2723.0,1262757.74538584,247395.194993377,4.0,425526.0845789516,12.96108152847488
2726.0,1281805.57702135,254513.145272657,4.0,115293.54955079028,11.65523675977275
10919.0,1270475.69784175,247526.047089517,3.0,27758.028457788987,10.231280391125614
10923.0,1285071.1912327,251156.28882122,3.0,28563.01982563036,10.259868147055382
2736.0,1274856.42591023,252134.895158231,4.0,466242.2998723177,13.05246073478463
10929.0,1259731.64611875,261707.958336025,1.0,0.0,
2737.0,1275116.2843425,252125.96402221904,3.0,54451.15945007989,10.90505942198343
10936.0,1264645.05297178,258279.521276519,4.0,36675.80290619248,10.509872495237598
2744.0,1261646.87261671,248239.90520224,4.0,95485.7257205558,11.46673204640253
2745.0,1260950.00292,248255.043314263,4.0,110857.06053832796,11.615996907543138
10939.0,1265191.41834834,248966.415922984,3.0,132354.1758565522,11.793236758774825
10942.0,1282049.95026961,254763.283256918,1.0,0.0,
10944.0,1262186.27805726,250348.599796399,4.0,786254.6484189903,13.575035999117931
10945.0,1276418.01042384,247356.41912134,4.0,74598.65148795978,11.219877709459565
10946.0,1276423.15768784,247686.815793678,4.0,130827.06176871258,11.781631590861783
2765.0,1266968.15889415,241195.366827026,3.0,180392.1748304866,12.102888508898722
10957.0,1281785.07871734,249897.507891938,3.0,21005.128460318607,9.95252189928669
10959.0,1259980.84087101,252347.716918454,4.0,133818.54353100513,11.804240008485957
10960.0,1259716.87946273,252352.294326454,4.0,217769.21251725263,12.291191122819104
10963.0,1285238.46681687,242365.14398022,1.0,0.0,
10964.0,1285166.05132879,243012.774572894,3.0,42498.24646464647,10.657218094405929
10965.0,1269493.59640074,258162.851900399,3.0,260819.3791330729,12.471583412765888
10967.0,1274124.73285349,247955.838833943,3.0,66116.28393492753,11.099170348524476
10968.0,1261423.79172048,261763.853888094,3.0,40635.537161036285,10.61239826227149
2781.0,1267685.57508689,245977.554735929,4.0,239580.66469425216,12.386645443696082
2784.0,1268058.88766328,245709.074991643,4.0,122363.0421630096,11.714747660353696
10980.0,1268083.0847833,240626.051370442,4.0,550075.2205386478,13.217810312472949
10981.0,1271306.0517626,255414.085433587,1.0,0.0,
2793.0,1271948.02853125,253469.448247597,4.0,92689.19259471928,11.437007160018682
19178.0,1265340.27530849,244286.47281418703,3.0,24344.16314097944,10.100047393040526
10987.0,1254178.36918506,248804.336498812,4.0,306312.3992432388,12.632360772717309
10988.0,1262403.96759349,256216.232122406,4.0,263645.18895212456,12.48235949693369
2794.0,1272208.96171552,253459.929911584,4.0,128817.1975096117,11.766149604776608
10991.0,1274214.08568558,255106.154297277,4.0,103692.56470807148,11.549185691628452
2800.0,1277853.57509731,253283.43941541,4.0,389577.7127796467,12.872818643723175
2801.0,1275577.14066297,249722.51576376,3.0,20382.97672422183,9.92245535716196
10994.0,1258644.01738164,251710.708981797,3.0,62660.37676814415,11.045484577385395
2803.0,1263975.47325909,256977.717115194,3.0,43913.0598116298,10.689967044836228
2804.0,1263985.2495151,257636.257467866,4.0,104488.2812893236,11.556830203326733
10997.0,1258655.42160565,252369.712246463,4.0,63397.98546460447,11.057187364914242
2802.0,1275581.54130298,250023.137844071,4.0,25317.98866880257,10.139270436641675
2807.0,1280246.93023576,257848.897148088,4.0,717317.7051298888,13.483274124829407
2808.0,1280241.84524375,258181.641212419,3.0,48978.59299954319,10.799138604073615
19193.0,1276167.37541558,248672.231474683,1.0,0.0,
2810.0,1270870.07761815,240248.509098053,3.0,1235.9144802125732,7.119566444857318
2811.0,1270874.29643416,240399.872682214,4.0,47617.36301250988,10.770952742877787
2812.0,1279754.39282726,251641.49976572403,3.0,65720.67356716498,11.093168821142582
2813.0,1279748.67698725,251751.62520583,3.0,23012.350702545373,10.043786337852515
19198.0,1279157.12729064,244644.803822562,3.0,512990.4007681299,13.148012412024872
11007.0,1264472.9043636,245016.94545494,3.0,142776.78835808948,11.869037769163526
11006.0,1271203.5769465,250693.16869275304,3.0,120648.74956903375,11.700638706880396
2817.0,1264305.78756343,243664.356653556,4.0,496649.62261652655,13.115640071785219
11023.0,1260302.63741533,248268.409778267,4.0,137187.39353391668,11.82910310618876
11024.0,1280459.76773998,258175.383356422,1.0,0.0,
11027.0,1269062.5854563,242236.4021561,3.0,37870.01213831258,10.541914841421603
11028.0,1269064.57169631,242316.576812178,3.0,38932.90451229838,10.569595046408585
2839.0,1282891.71756646,258102.260476336,3.0,182541.68188117415,12.114733819796221
19223.0,1275882.31755929,255345.128569514,1.0,0.0,
19225.0,1277926.63698538,245333.089839265,3.0,22041.46519635567,10.000680740020728
2846.0,1261713.39351279,259680.452541962,4.0,702108.5176106779,13.461843254552146
2847.0,1261726.87511279,260345.953854635,4.0,318022.0210859836,12.669875908062796
2848.0,1258922.20842192,252365.443894461,4.0,51319.211503436665,10.845820454298147
2849.0,1258932.43088593,253049.557047173,4.0,98799.61774745448,11.500849014775586
11044.0,1254721.35171361,254425.980792582,3.0,42523.81904761904,10.657819646099354
11055.0,1269514.37720077,244880.823022798,3.0,49935.08136489824,10.818479068092113
11058.0,1271816.72139512,242709.637740582,4.0,253330.5145766124,12.442450296861235
2868.0,1282839.59174241,255659.615417838,4.0,375530.55800254055,12.836095126375968
11061.0,1281540.65599708,256218.548026413,4.0,67552.62497810806,11.120662202412865
2872.0,1273924.06949328,245435.131631374,3.0,57350.00395541293,10.956928191527226
2873.0,1274210.11192557,245426.648047358,4.0,198759.07539318243,12.19984869382972
11068.0,1281023.83385256,249254.074483275,4.0,104272.64993315822,11.554764381608189
19262.0,1274676.24747805,241969.915819824,3.0,57005.79609294079,10.9509082274881
11072.0,1261983.09175305,260682.545342982,1.0,0.0,
2884.0,1273289.31589264,252761.206518874,4.0,60639.106985637176,11.012695293717666
2885.0,1273526.69797288,252752.395190865,3.0,37609.52828705392,10.535012709164349
11082.0,1262159.88240923,247397.246449381,4.0,300995.9700567893,12.614852155125735
11083.0,1262165.91031325,247680.161585674,4.0,202494.5749551016,12.218468374824687
2896.0,1275572.72767097,249422.430387452,4.0,421436.6990148985,12.951424864872784
2897.0,1275874.32773528,249533.979763567,3.0,178782.75937571854,12.093926712999288
11090.0,1281504.68754904,254520.262712672,3.0,135168.8568548663,11.814280067350053
11092.0,1262751.96848984,247128.984881103,4.0,183102.37514334984,12.117800702415442
19285.0,1278790.49906626,244554.61406247303,3.0,263432.4122000561,12.481552113872214
2909.0,1260915.75203995,246625.281136587,4.0,650652.7362689701,13.385731347635192
11103.0,1265974.16183715,258908.988861173,4.0,190376.32956917043,12.156758074121443
19296.0,1274312.89483768,242222.526188076,4.0,89441.60595047034,11.401341243845685
11105.0,1270935.40984222,240398.22634621,3.0,78534.79677842694,11.27129707661767
2911.0,1277871.38476132,244872.249198794,3.0,102906.51302825748,11.541576214554366
2912.0,1278196.55800965,244865.059630781,1.0,0.0,
11108.0,1269808.11780907,244875.356526792,3.0,20400.970352457047,9.923337744997982
19300.0,1279548.47167504,244891.569710806,3.0,14832.852944317665,9.604599793185454
19299.0,1279376.54021886,244823.093166739,3.0,14933.567598884752,9.611366817037238
11111.0,1262364.29930544,259166.429949433,4.0,496921.0534312917,13.116186446246665
11112.0,1262372.15920946,259664.706173941,4.0,296217.64720249764,12.598849757712594
19303.0,1279608.45516311,245037.75806295904,3.0,13838.918304544091,9.535240068931108
19304.0,1279373.93426687,245037.782062963,3.0,635.8033353307168,6.454889294343277
11115.0,1277748.6586812,248830.143218845,3.0,794521.3459965789,13.585495131805768
11117.0,1283495.45785508,249866.609331906,4.0,336291.1180972449,12.725732486726145
2926.0,1256765.99881971,251072.717813149,4.0,121855.10584118526,11.7105879608524
2927.0,1256502.03971544,251074.96715714,4.0,146003.78259571837,11.891387808544714
11122.0,1267967.21758318,251552.218165636,3.0,302806.4044818313,12.620848951186455
19314.0,1275475.28850287,244189.676142097,4.0,204720.67901581564,12.229401787630708
19316.0,1279208.1937867,244830.45860675,3.0,76506.94041054032,11.245136740020213
19318.0,1279560.86469905,244615.367854536,3.0,207243.7920689966,12.24165111872019
2935.0,1276922.99954435,257284.538363501,3.0,156399.78280018666,11.960170718346774
2936.0,1277574.64031301,257265.242171481,4.0,243552.6382528745,12.403088371665751
11126.0,1269982.52459325,248192.996210188,3.0,23361.08281488988,10.058826789245014
19325.0,1279618.84818712,245398.887599334,3.0,67060.86287672057,11.113355887171565
19328.0,1274405.12990977,242375.521260232,1.0,0.0,
2947.0,1260279.7057033,247170.951345146,4.0,235496.9339361111,12.369453172974286
19331.0,1274234.3740056,242080.986411929,1.0,0.0,
2950.0,1261806.09770487,252348.484598443,4.0,260479.2312595296,12.470278410546294
2951.0,1261546.08445661,252352.933110446,4.0,317244.17778076685,12.667427033259349
11145.0,1270014.71384127,241864.921899706,4.0,390156.5705507337,12.87430340049174
2954.0,1262177.44240925,249824.631411865,4.0,513097.3728686517,13.148220916801282
2955.0,1261521.49002458,249838.732083872,4.0,523105.69285538245,13.167538812219352
11155.0,1262792.99959388,249013.130035028,4.0,314411.34499051207,12.658457423461575
2967.0,1280247.86917976,257517.499835745,4.0,214671.02117316535,12.276862001180806
11161.0,1265469.64778863,249500.154355526,4.0,79470.5729682974,11.283142080777335
2972.0,1268940.38430418,257381.067067608,3.0,64055.87957344677,11.067511099730826
11165.0,1268297.52894352,259183.756349444,4.0,113116.39446859836,11.636172607112867
2973.0,1268943.52862418,257647.03865186905,3.0,140912.95128846954,11.85589761196254
11166.0,1268527.01534376,242908.458540782,3.0,16938.227175595315,9.737328309576943
11167.0,1268913.16548815,242962.531884834,3.0,22633.63186470675,10.02719221469037
11178.0,1255504.93769842,247807.647217795,3.0,29986.039644214456,10.308487207144765
11179.0,1261662.38634473,257027.03826724,4.0,503229.5324075817,13.12880167185048
2988.0,1266677.69886187,244189.30929409,3.0,42577.0275684081,10.659070127847501
2989.0,1267015.2673742,244181.594414085,4.0,375007.8958648623,12.834702360370514
11182.0,1264431.25386757,242014.36682786,4.0,27793.4793324069,10.232556715777836
11183.0,1264425.78538756,242339.887148201,4.0,8330.576827380164,9.02768797974784
2990.0,1276968.9820724,245346.372271284,4.0,160581.67129658596,11.986557947559628
11185.0,1258621.52464561,250420.718132481,3.0,52588.82830502444,10.87025898652961
11187.0,1272086.0889474,242023.71818786897,3.0,364782.6576490002,12.80705699671292
11188.0,1272105.70206742,242701.012396574,4.0,432935.43983256223,12.97834389617431
3007.0,1281855.5710694,255154.867129326,3.0,170498.29223690572,12.046480559449714
3008.0,1282151.97465371,255147.806777313,3.0,169283.63403588778,12.039330895024953
19394.0,1286953.45261063,249786.140979826,3.0,436999.7508749221,12.987687903997294
3011.0,1268519.42283174,255541.890297711,3.0,151573.4743640829,11.928825765667986
3012.0,1268527.91857575,256205.352186397,4.0,539930.2396023124,13.199195224273593
3014.0,1281925.04332547,244765.46430268895,3.0,109464.68545850182,11.603357268993758
3015.0,1281929.62175748,245086.420719013,4.0,76371.36229265705,11.243363065783528
3016.0,1266453.25310163,250028.425268069,4.0,48791.90041529482,10.79531960296943
3017.0,1266464.80132565,250298.124852344,3.0,33281.50021535558,10.41275697250554
11214.0,1263647.01527476,256986.208891198,4.0,57003.79485089746,10.950873120932116
19414.0,1261236.15952829,245825.052079767,1.0,0.0,
11224.0,1274735.00357412,245411.094255343,4.0,234703.9199291873,12.36608008357091
19418.0,1260936.14275998,245387.174703315,1.0,0.0,
19419.0,1270815.25784209,249858.003379896,3.0,177780.3252810038,12.088303939476768
19420.0,1270886.59198616,249920.519987956,3.0,121564.47001457088,11.70820001843898
19423.0,1263457.00087456,243040.321132913,1.0,0.0,
3042.0,1282181.57599774,255675.208249852,4.0,304245.62419760745,12.625590628487046
11236.0,1253573.00752044,250904.556724966,1.0,0.0,
3046.0,1270252.96600153,256152.235834345,4.0,530797.436653151,13.18213575221442
11251.0,1284384.88032,242478.400364339,4.0,452912.78699053393,13.023454862730496
3061.0,1268934.14219217,256853.019579068,3.0,350779.0826551251,12.767911910151417
3062.0,1268937.26353617,257117.043963328,3.0,263029.27630683745,12.480020621720687
19445.0,1254514.70121741,254429.828856573,1.0,0.0,
3064.0,1270911.03160219,255709.766265884,3.0,301202.6229920648,12.615538483342947
3065.0,1271572.39934687,255689.39756186295,3.0,99279.97487135968,11.50569916676967
3066.0,1262177.76855326,248228.28158623,4.0,67506.99059688573,11.119986435896505
11257.0,1262116.61642519,245322.540655255,4.0,377260.948282316,12.840692397500744
19453.0,1284460.34636807,241918.166251764,1.0,0.0,
11264.0,1260246.50531928,252359.460982457,4.0,629847.8513823779,13.35323356345825
11265.0,1261697.79543276,258848.37580511,3.0,401317.15405668976,12.902507301557936
11266.0,1261704.08343276,259181.247869447,3.0,639217.976467638,13.368000796423663
11269.0,1281496.14655703,248576.24478659,4.0,469230.0023230868,13.058848337287246
19463.0,1265208.27070035,244986.302126914,3.0,43944.283438211314,10.690677824988258
3080.0,1281177.71410871,251233.809653312,3.0,4790.561928973624,8.474402996462462
11273.0,1268492.22244772,242249.8620601,4.0,427999.707523669,12.966877791207787
11274.0,1268782.66411202,242243.046508104,4.0,238531.60687301285,12.382257104106634
3079.0,1280983.31327651,251237.359541312,3.0,25795.09940542712,10.157939807341693
11276.0,1268276.8078555,257399.649019614,4.0,76973.2738280721,11.251213547443133
11277.0,1254902.21680181,251308.350517377,3.0,72250.5922138956,11.187895802673205
3090.0,1277551.80408899,256270.422266468,4.0,389428.5916981119,12.872435794232745
3091.0,1277799.60312925,256263.00825046,1.0,0.0,
3107.0,1270270.63851354,240416.313898236,4.0,86984.93095466842,11.373490175216979
3108.0,1270283.70641756,240892.457642719,4.0,574419.3075220506,13.261114909525277
11301.0,1284938.46316856,252220.038966313,3.0,84778.0,11.347791354158918
11302.0,1266963.03294216,258554.985340804,3.0,27982.91298782837,10.239349352444055
3111.0,1286140.8620178,243851.183021754,4.0,238076.0635470246,12.38034549632949
11300.0,1284952.63443257,251821.011893913,1.0,0.0,
11305.0,1264619.87620376,256307.2542665,3.0,128733.76168264708,11.7655016877186
11306.0,1264294.60945143,256316.447802514,3.0,56694.57984179672,10.945433891527378
11307.0,1263609.80701873,254847.494713008,4.0,43085.28750528549,10.670936860630261
3119.0,1262588.94717768,261255.361791566,3.0,114648.50739840836,11.649626269434698
3120.0,1262550.94493763,261576.890367895,3.0,52826.07095416404,10.874760115902301
3122.0,1286383.99181004,248612.786674619,1.0,0.0,
3123.0,1286386.24409804,248942.657778963,3.0,44062.69791601471,10.693368851255508
11318.0,1258391.46934937,252374.15154247,4.0,117817.98436644004,11.676896207192453
11319.0,1258403.31056538,253057.847031176,4.0,133718.0081806671,11.8034884449749
19512.0,1268305.22481553,254973.06431312897,3.0,390923.12356088223,12.876266204702448
3136.0,1264017.62705114,252433.370934531,3.0,89334.51968214451,11.400143250760712
3137.0,1263767.65777089,252437.435510546,3.0,34355.816300241655,10.444526607923446
19522.0,1253932.82243282,247825.590769812,1.0,0.0,
19524.0,1272922.14795625,242677.375020549,4.0,60136.487104336746,11.004372042870008
3143.0,1275893.65906329,254655.670904815,3.0,86081.54703326599,11.363050347274845
11342.0,1281272.65682881,248580.60696259103,3.0,39437.18060165009,10.582464320401964
11343.0,1275367.19986276,241273.087147102,3.0,49581.045055465096,10.811363883532936
11348.0,1259271.90429428,247742.49150572703,3.0,16971.172941805013,9.739271474390373
3157.0,1280898.40434842,257167.214139387,4.0,250509.65011307035,12.43125272217052
3156.0,1280244.73893975,257186.418811396,4.0,304121.8442354338,12.625183703494162
11351.0,1265636.13662079,246535.720624492,3.0,205311.02689185904,12.232281312679389
11357.0,1258923.14480592,246447.63550441,3.0,57368.17316573176,10.957244954065242
3166.0,1280238.76293975,256523.649786726,4.0,261580.55998305508,12.474497583812528
3167.0,1280241.70847575,256854.982779056,4.0,743282.6599819346,13.518831682016591
11377.0,1269870.00843313,256161.99961035,4.0,449450.9908288995,13.015782096535547
3192.0,1279848.15410735,246490.108208448,3.0,12861.563309615243,9.461998554137027
3193.0,1280127.10143563,246484.60068844297,3.0,6882.264655175133,8.836703041760863
3194.0,1281313.76831685,245014.774190933,3.0,11770.810505558717,9.373378059868042
3195.0,1281452.110589,245106.382319033,4.0,751912.7169881496,13.530375528360677
3196.0,1264869.301548,248715.700530723,3.0,751746.3802801694,13.530154285781212
19577.0,1274175.83736554,250271.074356318,3.0,70317.37558662596,11.160774210653312
3199.0,1267660.09777486,243190.684333071,4.0,271677.2206017422,12.512369951641062
19583.0,1275141.17931853,242810.927916676,4.0,83709.1955420428,11.335104113549901
11391.0,1280877.1615964,247262.708657235,3.0,50480.243753843606,10.829337325924586
3202.0,1276184.43768759,251326.469557405,4.0,432044.6855481301,12.976284300645647
11395.0,1282428.30150199,245920.448239863,4.0,136612.0640696302,11.8249005389807
3201.0,1275889.3641513,251339.145717412,3.0,52895.69526430944,10.876077239569474
3209.0,1264928.99594808,247447.375985429,3.0,26904.451820005062,10.20004704706459
19596.0,1279212.7075787,245038.791854963,4.0,19283.58474071019,9.867009481416359
3213.0,1269280.52497652,242311.707436174,3.0,50713.66330603436,10.83395064648817
3214.0,1269439.81636868,242307.355756164,4.0,185317.27184877143,12.129824618122697
11409.0,1254910.18627381,251767.880757853,4.0,49416.50336840134,10.808039723668385
11412.0,1269215.50974447,244078.248493984,3.0,54352.21698301803,10.903240682573328
11415.0,1265734.64689289,245760.204463705,4.0,524632.4054016161,13.170453116145733
3223.0,1282308.82015787,251212.327413291,4.0,227196.1002638112,12.333568801350008
3224.0,1282309.48716587,251881.563957974,3.0,166450.026738203,12.022450403641205
11416.0,1284907.91468853,241659.623787507,1.0,0.0,
11425.0,1264635.03133976,245014.118702933,3.0,567326.3291878032,13.248689953638712
19619.0,1274582.02718996,242823.753324687,4.0,20878.433078811413,9.946471995062398
11427.0,1278714.36869818,252605.716726705,4.0,421290.3744739741,12.951077600504526
11428.0,1273528.11589287,252884.362806991,3.0,48600.49180151265,10.791388929210074
3247.0,1263501.49290662,244669.50059057804,3.0,24857.923497599688,10.120931833724073
3248.0,1263381.27069849,244671.861166582,3.0,10651.359911553447,9.273442854211416
11447.0,1275253.33195864,249728.676211759,4.0,71596.20564060296,11.178797357698187
11449.0,1268918.49880016,255529.55960971105,3.0,500451.66179108754,13.123266293235293
11452.0,1275285.88799068,246057.030640006,4.0,242366.8886784861,12.398207925985927
3262.0,1277852.6407613,257256.897339478,3.0,778054.291634596,13.564551584317792
3265.0,1273542.91870889,254331.979000479,4.0,79203.81662119384,11.27977976630297
3268.0,1285657.7028493,246838.458544806,3.0,147754.07271967796,11.903304499827037
3276.0,1270718.719602,253004.13061511505,3.0,111279.10788715076,11.619796809735128
3277.0,1270963.90385824,253162.545335278,3.0,44379.314405834615,10.700528748098549
11470.0,1282059.06015761,249892.541043937,3.0,75030.39458725929,11.22564857158578
3281.0,1265408.50910056,247036.75934501,3.0,14433.483593727631,9.577306035919156
3282.0,1258207.00682119,248580.807730585,4.0,285089.1684003791,12.560557281896958
3283.0,1258212.56682119,248846.150066867,4.0,240271.6377674462,12.389525386325225
11475.0,1279994.52357949,249929.309299976,4.0,505691.6706491117,13.133682415999289
11474.0,1279752.89087525,249933.57995598,4.0,394605.92806886736,12.88564289544024
11491.0,1265305.45092446,242845.44030071804,3.0,52494.06504875768,10.868455395499126
11498.0,1283873.51321547,242445.473900303,3.0,708848.8133345874,13.471397543473117
11501.0,1273425.58987677,246905.04043287,3.0,289092.1306316983,12.574500707404622
11502.0,1255519.11485043,248640.411314651,4.0,285850.11394674133,12.563222875316287
11503.0,1263492.2658986,244109.689070016,4.0,160087.35747355246,11.983474929430518
11505.0,1254923.75318582,252560.803702667,4.0,451407.4262603741,13.020125594848265
3316.0,1276249.36210366,256640.882810846,4.0,463447.0836342263,13.04644749055406
3317.0,1279420.67993091,246508.908656463,3.0,417269.61196436826,12.941487843329888
3318.0,1279424.85573891,246780.895984754,3.0,251600.536365733,12.435597935625438
3319.0,1268207.82340743,244105.487982005,4.0,308030.1172963864,12.637952840605049
3321.0,1274257.87333362,247417.367793396,3.0,41131.87664127812,10.624538687250888
11519.0,1274924.12888631,257343.304315567,4.0,515085.4169269804,13.152088024003579
3333.0,1273463.6783888,248505.108402506,3.0,580662.9984820801,13.271925830511481
3334.0,1273469.76958881,248765.363506779,4.0,726669.765922495,13.496227411119023
11528.0,1285474.69504111,252472.292406574,3.0,239466.31945193777,12.386168057350817
11533.0,1272842.78034018,249832.551283866,3.0,105473.89478112248,11.566218758446267
11534.0,1273520.67038886,252186.508854285,4.0,85977.59713550561,11.361842042875683
3346.0,1254860.40880176,248654.756722659,4.0,305367.05878759705,12.629269803433035
3347.0,1254671.40560156,248471.340466484,3.0,254986.7647378485,12.448966919804727
11539.0,1284938.48780856,252483.138230592,3.0,192441.81081210024,12.167549105518132
3349.0,1282833.50547041,250540.403252602,4.0,255730.98882928863,12.451881346072549
11542.0,1270335.9428336,242769.23831664,4.0,271260.43549826887,12.510834654979801
3350.0,1283164.20787074,250534.170292586,4.0,192530.4663984139,12.168009687191823
3357.0,1270832.98315412,249145.917171165,3.0,44164.8949937626,10.695685521586972
11555.0,1276115.02251953,246592.32254456,4.0,63187.88412959092,11.05386785494658
3365.0,1265377.11121254,245768.318639711,4.0,374410.615383682,12.83310837623834
3381.0,1271823.35454713,250149.188148201,3.0,19507.303193708216,9.878544197189965
11579.0,1274857.62309423,252383.21157448,4.0,99751.82875397618,11.510440667957251
3388.0,1266832.72049402,250591.734836653,4.0,482527.12934100913,13.08679242479401
11581.0,1264296.40900342,256441.293690637,3.0,22300.974433204785,10.012385653049812
11580.0,1274902.46059829,252540.251958638,3.0,4099.619395766279,8.318649418082492
11583.0,1260652.70531969,256383.251450583,3.0,127225.20358093946,11.753714051620339
3395.0,1284155.73215976,250515.680820569,4.0,335332.35714127513,12.722877429859958
11592.0,1264410.82084355,246317.003888279,1.0,0.0,
11598.0,1286457.14323412,251125.561525196,3.0,34278.381270894984,10.442270150794416
3407.0,1266370.43831755,242471.499116331,3.0,61597.89623532166,11.028382996914418
11602.0,1272365.71537969,242693.377900556,4.0,392260.0878566677,12.879680388191074
11605.0,1282013.45887756,245915.465007856,4.0,36509.294646544455,10.505322155003855
3418.0,1278375.80012184,254073.59858422,4.0,59794.62773002494,10.99867109861256
3419.0,1278300.92786576,254331.089208484,3.0,23980.454438471126,10.084994379130514
11612.0,1272959.1459083,252034.068214133,5.0,217303.5971533475,12.289050719965527
11611.0,1272714.38494805,251868.653237954,3.0,271871.01386014867,12.51308301905378
3422.0,1267618.54705483,257863.91942009295,3.0,32475.621853811022,10.388244990048646
3423.0,1267622.56734283,258208.915772453,4.0,104813.53189371496,11.559938163656899
11614.0,1275235.32408662,248797.169202805,4.0,59919.39422926385,11.000755508481518
11628.0,1285871.02464151,245846.05009579696,3.0,664.494914962993,6.499027225698125
3438.0,1279983.84249149,249270.663347289,4.0,627722.7467598344,13.349853861915458
3439.0,1280243.80095576,249266.484851286,4.0,378129.2755675576,12.842991414989418
11630.0,1282846.04281442,255921.128698111,4.0,559231.2065597773,13.234318274066718
11635.0,1262663.17277776,256212.713402405,4.0,460675.01297542127,13.040448112369168
11636.0,1278027.21324149,249966.288244009,3.0,17774.70734479556,9.785531790108084
11639.0,1270380.93720165,246195.24395214,3.0,47267.16451651965,10.76357113714614
11643.0,1275922.45003933,252663.613878772,3.0,671574.53657823,13.417380288901873
3462.0,1268029.66366325,244629.673582539,4.0,80601.2556579623,11.297269507256278
3463.0,1264892.08759603,243133.15166100895,3.0,76187.30906729575,11.24095018013085
3465.0,1263749.05969086,251623.746549711,4.0,45100.8028429862,10.716655326728917
3466.0,1263758.84938687,252049.849398136,4.0,40307.858785409895,10.604301736005496
3467.0,1267024.07415822,243932.198637828,4.0,360077.7205685955,12.79407517759962
3468.0,1279239.15269873,250274.409652323,1.0,0.0,
11661.0,1272924.73131625,242763.789868638,4.0,263338.85389700206,12.48119689972118
11662.0,1272945.14040428,243464.22974135,3.0,71413.50320920482,11.176242251023732
11663.0,1263517.78289063,251626.810165703,4.0,136168.79265927192,11.82165051765699
3469.0,1279239.80722673,250605.977908671,4.0,309453.4602416852,12.642562989013813
11657.0,1273525.31768487,252609.482422709,4.0,107478.20875744772,11.585043396768517
11671.0,1265667.07620482,247774.010161757,3.0,53866.11732595655,10.894256938192273
11672.0,1270796.10040207,249506.89451554403,3.0,145855.43185051763,11.890371217321041
11673.0,1270842.41822612,249535.047987565,4.0,172789.45467170168,12.059829107284488
3483.0,1283561.79270315,255268.04338543105,3.0,579157.9860106187,13.269330579457547
3484.0,1283650.79974324,255524.32927370103,3.0,71423.4028270887,11.176380865310115
11678.0,1273908.20869327,244770.817326695,4.0,451550.27173161134,13.020441989454008
3488.0,1262823.90340191,249677.684467718,3.0,425829.1118654506,12.961793398915235
11680.0,1264316.20522745,244095.426605999,4.0,419440.53220744064,12.946677036097986
3492.0,1265395.47210854,246552.64676851,4.0,282380.7555357948,12.551011636159465
3495.0,1264996.87377214,259595.272253871,4.0,249583.6222376151,12.427549297289387
11691.0,1284634.10323225,241623.934187472,3.0,105442.39286019508,11.565920043524685
11692.0,1284876.65164849,241795.943339646,1.0,0.0,
3499.0,1277243.78533669,251979.005366072,4.0,233290.167463126,12.36003831165685
3502.0,1264062.04330719,246311.148592263,4.0,297497.4962225693,12.603161087873815
3500.0,1277247.14591269,252633.549622744,4.0,533687.1968267618,13.187565172577214
11697.0,1274873.22507825,254558.62092071804,3.0,38326.930439570526,10.553908072714673
3507.0,1274559.83435793,252520.836278617,3.0,385208.563017128,12.861540188713873
3508.0,1274590.39794196,252712.949430823,4.0,118421.62268307646,11.682006608770777
11701.0,1264873.94161202,248972.297778994,3.0,196253.79721986817,12.187163984348516
11702.0,1264686.66577183,248975.37752299,3.0,163560.6007615667,12.004938847506601
11706.0,1276705.21388014,249993.356468037,4.0,142741.93545998115,11.868793631771657
3518.0,1273545.18514089,254596.707128748,4.0,63259.052497262725,11.054993518835088
3519.0,1259419.31671043,250409.58757245503,3.0,78416.08362859917,11.269784333622429
3520.0,1259430.11690244,251037.119797111,3.0,80768.53606476261,11.299342763532241
3523.0,1266004.89111717,242307.13950017103,3.0,45504.523735815936,10.725567022762112
11716.0,1261264.32484032,253686.161719814,4.0,584029.5603176468,13.27770687751164
3524.0,1266007.75070117,242480.597164348,4.0,177233.54479562445,12.085223603952954
11718.0,1281503.76038104,249246.369075269,4.0,384469.0751462355,12.859618635944859
11723.0,1267672.63979088,245457.675567389,4.0,294195.60940111405,12.59200016318058
3532.0,1271485.67448278,241398.093099236,4.0,66159.82112010395,11.099828625947001
3533.0,1271614.78315492,241394.434347227,3.0,8821.915131675116,9.084994260540977
11726.0,1274989.48370238,252698.1479588,4.0,57246.2847086993,10.955118023392739
11729.0,1278570.74098603,246332.334896281,3.0,162973.97425801354,12.001345799911995
11736.0,1270005.40152127,258150.026172385,4.0,127037.24240646083,11.752235569747112
11739.0,1279241.07692273,251268.652085349,4.0,170952.02772830197,12.049138256525628
11740.0,1279511.52421901,251263.868661344,3.0,101151.90782393212,11.524378703752
11742.0,1276138.40991154,247362.295409337,4.0,86994.52314520763,11.373600443301203
3563.0,1264150.06609127,247210.736369193,1.0,0.0,
3564.0,1264246.39530738,247413.689009398,3.0,55207.15233747962,10.9188477952027
3565.0,1266073.89790124,249247.424499273,4.0,46308.82958905176,10.743087925759863
11760.0,1265685.54206085,248518.779314533,3.0,10186.937903291822,9.228861580889916
11776.0,1262573.45936966,251644.702197731,3.0,397825.301535302,12.893768247037759
11777.0,1263626.97329074,255669.916281849,4.0,500908.2226604176,13.124178174983415
11778.0,1263630.99204274,255933.905914113,4.0,122006.89053810168,11.711832801940973
3587.0,1266819.00075001,241775.055915624,4.0,71009.93034521429,11.170575010260496
3588.0,1266982.13521418,241771.47261962295,7.0,719021.6276251135,13.48564671639698
3589.0,1269478.13323273,243644.99050954,3.0,108917.92754169067,11.598349919262667
3584.0,1270058.59102532,245670.446127608,4.0,268873.95315425005,12.50199797313335
11792.0,1283855.85215946,257500.236795723,1.0,0.0,
11793.0,1268015.36350323,244111.198254019,3.0,18200.20297548693,9.80918802550198
11798.0,1263029.58378613,247659.720049649,3.0,144454.92304995414,11.880722786656333
3609.0,1267601.60382281,256094.570938289,4.0,84557.24595239434,11.345184050860402
3610.0,1268261.46372749,256078.652346268,3.0,115715.32468152228,11.658888356282205
11803.0,1284975.4680326,244547.63934245697,3.0,216464.5196495325,12.285181931468228
11805.0,1272181.8941955,250136.522164181,3.0,8042.580367318932,8.992505251891222
3616.0,1283149.65017472,248545.090610549,3.0,274483.04543581133,12.522644772763009
3617.0,1283480.29715107,248538.847858548,4.0,463781.5616708478,13.047168948099237
11816.0,1275266.28568666,250840.772404909,4.0,248568.59184568515,12.42347410995522
11817.0,1276181.6614316,250827.586036891,3.0,259882.0337967904,12.467983090871149
11818.0,1275863.29989527,247696.69009769,4.0,199275.9251024752,12.20244570162621
11819.0,1276143.30821556,247692.729457676,4.0,164091.91378849317,12.008181999742765
11820.0,1270109.47313738,256156.45957835004,3.0,43272.87998599294,10.675281389497032
3632.0,1260427.48035946,261043.751679346,4.0,46967.96260498118,10.757221001562925
11825.0,1275711.78507911,242874.075372741,4.0,138788.79307935733,11.840708582291882
11828.0,1268544.74564777,243244.051373124,3.0,21965.998637934037,9.99725102034037
20020.0,1279023.2450505,242523.66794838,3.0,57775.06533062779,10.96431256591871
11833.0,1263301.7072424,247937.43204993,4.0,506275.0853235643,13.134835447431687
20027.0,1277229.98840867,240958.519850791,1.0,0.0,
20028.0,1276995.82028043,242078.644907936,1.0,0.0,
20029.0,1276986.68018442,242103.203243956,3.0,84778.0,11.347791354158918
20030.0,1277084.25349651,242544.92580440603,3.0,189683.8606702034,12.153114074128757
20031.0,1277109.17208855,242555.140012413,1.0,0.0,
11836.0,1271877.28721918,252589.404726699,3.0,150266.30969069744,11.92016439686035
11840.0,1275579.27979897,256659.901498869,4.0,110042.19620936044,11.608619173121431
11849.0,1267077.71575826,246251.151024207,3.0,148986.57712536448,11.911611494462623
11850.0,1264767.28695591,252421.255094528,3.0,23759.48378192486,10.075737046890596
11853.0,1283472.70399906,247874.953521863,4.0,410366.7464136098,12.924806542298525
3662.0,1262780.85360987,248481.005490482,4.0,227974.37399315147,12.336988506852933
3663.0,1262183.75242525,248494.289202496,4.0,197796.6025055901,12.194994521610644
11858.0,1256496.55907543,250440.53995649505,3.0,224711.51682898492,12.322572711105561
20053.0,1263037.83901814,261816.846912146,1.0,0.0,
11865.0,1273906.71160527,248487.18264249,1.0,0.0,
11866.0,1256250.56649919,252550.029174656,3.0,53400.26771683474,10.88557103835959
3675.0,1259764.61751078,255050.756729215,4.0,152350.2075370211,11.933937146651333
3676.0,1259776.5121668,255733.015865907,4.0,101630.01519505844,11.529094195645316
11869.0,1264955.7741241,245775.568943724,4.0,252817.32777171352,12.440422482306614
3681.0,1266994.59319818,242285.041772142,4.0,564420.5284446868,13.243554870455062
3682.0,1276194.70866361,253315.287159443,4.0,509793.0622162323,13.14176016199717
3683.0,1276460.13042387,253312.00434343505,3.0,50134.32118197193,10.822461106063269
3684.0,1278019.98655348,249606.280435637,4.0,47371.35481138392,10.765772996129114
3685.0,1278169.29202563,249603.28145963,4.0,14740.258146343347,9.598337678910415
3686.0,1272553.31307589,244395.259694308,4.0,129781.09293744472,11.773604409602518
3687.0,1272565.3888519,244807.912750721,4.0,230580.9228097818,12.348357154903066
11883.0,1280281.2385878,247275.245745257,3.0,374497.6598035374,12.83334083306418
3700.0,1262380.40688947,255005.207609162,3.0,195523.85753960087,12.183437684412725
3701.0,1262129.9746972,255008.998329177,4.0,378195.9098921611,12.843167620478955
11897.0,1265955.40369312,256927.149307132,4.0,173532.52048605029,12.064120298764696
3705.0,1267249.32369445,240829.056554645,4.0,448711.8545832103,13.014136211457311
3706.0,1272573.4026119,256414.63199460495,3.0,62297.57603681345,11.039677796102294
3707.0,1272577.3422599,256747.17823495,4.0,134384.69994436062,11.808461860891258
3714.0,1270604.25297788,241423.07076326,4.0,698856.5721370061,13.45720081008577
11909.0,1274162.24459752,249366.953139395,4.0,80480.43157434318,11.295769347823452
11911.0,1281488.59442903,247909.981681898,4.0,560058.4612895105,13.235796452422377
20104.0,1253150.66812801,249082.625651106,3.0,758027.8943544924,13.538475463887371
11915.0,1282948.78310253,243540.076333433,3.0,79345.15163358985,11.281562623061848
11918.0,1274847.18936622,250843.010548905,4.0,234044.7065584024,12.363267429759796
11919.0,1275438.33522283,253341.425847471,3.0,186777.9722259367,12.137675876120875
11924.0,1259249.44432625,255741.182841927,4.0,156043.46229238182,11.957889851867009
11925.0,1259264.27338228,256405.6782666,4.0,101099.44624031642,11.523859927647532
11927.0,1271213.27966651,248572.108594581,4.0,62422.60422951452,11.04168273602968
11928.0,1271102.56337839,248835.565426856,3.0,36776.8020169848,10.512622545410789
3737.0,1265660.86622082,247526.58904151604,3.0,14582.535173603052,9.587579870666923
3740.0,1268974.33105621,244084.76394999,4.0,77069.78665833235,11.252466610613704
3741.0,1268982.46161622,244370.927406281,3.0,55979.8752316684,10.932747534265038
11934.0,1262127.8804892,245854.396207795,4.0,195144.5706189309,12.181495950643107
3751.0,1278185.19154565,253277.273783401,4.0,118676.23963836946,11.684154389022174
3752.0,1278435.5926339,253641.969207779,3.0,8754.02176848914,9.077268504438306
3755.0,1284715.31008033,252487.325174585,3.0,77642.6258415813,11.259871857442379
3759.0,1283795.89593539,241767.28298761,3.0,176256.5690204767,12.079695991018133
3760.0,1284020.44633561,241952.691755801,3.0,115375.43995364572,11.65594678504725
3765.0,1280179.40677969,252578.021558687,4.0,427625.4678640636,12.966003016378258
3766.0,1280178.85324369,253239.844727367,4.0,480341.9515276557,13.082253528264296
3767.0,1280712.75999624,251242.359861314,3.0,43194.08059016102,10.673458741467739
3768.0,1280844.75846037,251239.921205312,3.0,48016.19881001483,10.77929370816672
3780.0,1282294.24799785,246572.223536536,4.0,36098.02654193834,10.493993476398408
3781.0,1282303.02681386,247234.004017204,4.0,366167.0198837481,12.810844846772952
3783.0,1262053.61360912,251653.86098173296,3.0,135752.5825791652,11.818589262139454
3784.0,1262066.23332115,252344.04331845,4.0,308431.9661606522,12.639256566923239
11979.0,1263224.86391433,250332.98078838,3.0,572059.4590847093,13.256998214408357
3798.0,1266852.98916604,251579.056373656,4.0,267811.46855538205,12.49803853639835
3799.0,1276988.27071242,248057.062770054,4.0,24849.00448664371,10.120572969822666
3800.0,1276991.29432842,248278.711602286,3.0,45981.12063346045,10.735986170213748
11990.0,1279131.28645861,258213.140220448,1.0,0.0,
12000.0,1258139.28675711,253061.985463172,4.0,148560.12819059944,11.908745058913933
12001.0,1264457.26333959,247134.517361104,3.0,14084.239975524,9.552811719005387
3810.0,1274149.38110951,248744.582706764,4.0,328474.52154503315,12.702214553914192
3814.0,1284168.10547177,256406.28620261,3.0,88446.9065866707,11.390157725394326
12007.0,1268574.1989598,243822.158125713,3.0,46021.25282091726,10.736858586619878
12008.0,1268837.16337608,243811.964269713,1.0,0.0,
12010.0,1262781.81392987,244122.425582021,4.0,139148.30365999864,11.843295576150291
3826.0,1263258.35428236,245564.047727495,4.0,229623.57288210536,12.34419660750456
3827.0,1263264.13841036,245831.301103771,4.0,391712.2457680576,12.878282782295335
3831.0,1256198.62627514,248358.584114358,4.0,117771.66345309342,11.67650297332694
3832.0,1256204.80509114,248624.551730633,4.0,285216.5074222206,12.56100384600935
3848.0,1258857.24957386,248832.496562853,4.0,258714.22733183648,12.46347936214641
12044.0,1265100.28599624,245629.161455572,3.0,54954.40436564628,10.91425910886081
3853.0,1282202.84857376,245406.273071334,4.0,5425.785365315707,8.598917935730944
3854.0,1282345.78630191,245387.464751318,3.0,19892.001950108064,9.898073017869416
12047.0,1284879.6860805,255243.234041408,3.0,70637.33333333765,11.165314084470975
3857.0,1267981.9465432,243182.565613061,4.0,320609.4274396317,12.677978924338577
3858.0,1268250.38891147,243175.971117049,4.0,505410.1171650074,13.133125491870036
12052.0,1275663.66546306,252673.168310776,3.0,6186.172479630062,8.730071835111413
12054.0,1263225.40388232,243682.828397572,3.0,24441.0953726888,10.104021231130984
12055.0,1270778.86616206,247518.338097498,4.0,139612.87873352808,11.846628719593388
12058.0,1265703.80119686,249256.181427285,4.0,40810.71298349,10.616699899050719
3867.0,1266811.38097399,241470.872491315,1.0,0.0,
3870.0,1277825.78904928,254332.827064484,3.0,34908.487467711304,10.4604852725409
3890.0,1274264.15250163,251649.890869737,3.0,28747.71773738459,10.266313660027004
12083.0,1267740.79710294,243584.363053471,3.0,73819.91899356506,11.209383879232602
12087.0,1271306.8700026,245507.041583449,1.0,0.0,
3897.0,1279180.95794666,247832.228529826,4.0,129559.04008081816,11.771891964187258
3898.0,1277849.3195453,251959.040822044,3.0,76109.21893601248,11.239924678904384
3899.0,1277851.2391613,252622.10936673,4.0,730068.00124397,13.50089296117516
12089.0,1283493.93555108,251189.41963726297,3.0,58213.612942192914,10.971874505719734
12100.0,1260329.84080736,249598.285363629,4.0,314435.1436645412,12.65853311339376
12101.0,1259671.96419869,249612.812915653,4.0,339832.5660964886,12.736208322640325
12104.0,1270374.48868965,244863.841134787,4.0,157722.13626953406,11.968590132596349
3915.0,1274503.73010187,245740.08574368095,3.0,72899.6581261851,11.196839228358662
12111.0,1262985.82365808,256739.239290938,3.0,29529.163271221987,10.293133639464262
20303.0,1265645.9147968,259110.71257337896,3.0,32745.134664629844,10.396509670168658
3921.0,1284643.23641627,242044.171883896,3.0,106513.64523504303,11.576028380197108
3922.0,1285023.46035264,242035.993771881,1.0,0.0,
12116.0,1275720.12498312,243099.681580976,4.0,71912.31926272373,11.183202867874092
12118.0,1261629.09968869,247407.806513384,4.0,296256.180933762,12.598979835125263
12120.0,1283176.97651076,252518.937014624,3.0,80230.51749172762,11.29265923882945
12121.0,1256760.50966771,250438.294516489,3.0,142150.3764593912,11.864640765400585
12124.0,1281283.79628482,249249.85003528,4.0,61727.90395650077,11.0304913597896
12125.0,1281294.78905283,249906.317235947,3.0,11416.180684944842,9.342786986374172
12126.0,1269049.56254429,255525.509433702,3.0,562116.7801063429,13.239464901073218
3938.0,1286097.20889774,248483.068466485,4.0,703088.9734761986,13.463238725339485
3939.0,1286279.54252994,248478.924786478,1.0,0.0,
12138.0,1278163.02168962,249228.22443525505,3.0,52629.76305208503,10.871037076192241
12139.0,1278282.04306574,249226.034803256,1.0,0.0,
20333.0,1276703.23884013,247856.105777845,4.0,124250.98320001038,11.73005885700612
20336.0,1273802.32926916,250494.493556544,1.0,0.0,
12145.0,1285432.62950507,246316.584240273,3.0,32225.28012369161,10.380506520514109
12146.0,1266826.77137402,250288.79352434,4.0,90158.06260356608,11.40931966005738
3955.0,1283848.36499144,253822.764791951,4.0,247822.30804641283,12.4204672685256
12151.0,1281669.80012521,244560.899758473,4.0,582718.382641195,13.275459299984158
3967.0,1266935.98769413,256247.178554446,3.0,22945.445819750385,10.04087475657046
3968.0,1266937.48542213,256375.299066573,3.0,26802.52831164857,10.196251502036098
3969.0,1271393.08869068,253490.063991621,4.0,130261.25666409556,11.777297379406042
3970.0,1271398.4210427,254148.050232291,3.0,72132.87582923446,11.186265194787975
12166.0,1280437.85407595,254677.696504831,3.0,24245.62846004062,10.095991610426049
12170.0,1271291.72965059,254151.944248289,3.0,113787.06094410967,11.64208409424615
12171.0,1258380.05405337,251715.195189804,4.0,212200.19156343705,12.26528540791108
12174.0,1265335.01028448,244079.272813976,3.0,48980.96634420898,10.799187059674725
3984.0,1260893.95056795,251673.789429754,3.0,19155.64823301538,9.860352898014261
3985.0,1260757.0502798,251674.54366976,3.0,24261.370422570097,10.096640669879108
12176.0,1285238.33196887,247999.991665989,4.0,177076.30350796226,12.084336011927284
20380.0,1267448.42436665,250244.86514028895,3.0,64930.91709529949,11.081079169772098
3997.0,1258967.48227796,255060.877113223,4.0,308192.9341452431,12.638481275405614
3998.0,1258979.30282198,255745.372473925,3.0,91574.9975986663,11.424913561424425
3999.0,1265219.35530837,250297.12357235,4.0,223951.07547738665,12.319182893934192
4000.0,1265234.06526038,250946.718709007,4.0,238297.6787475646,12.381275922156322
12193.0,1281585.58374113,257506.974267736,4.0,143033.5787211238,11.870834697908663
4003.0,1260028.77482305,255047.563193217,4.0,179852.07600350762,12.099889992029114
4004.0,1260040.75479107,255728.920441911,4.0,190676.0292952588,12.158331085183642
4005.0,1283337.58348691,253834.678455964,3.0,19741.054548585493,9.890455733474731
20401.0,1255784.4808027,247803.711217791,3.0,803626.2803069678,13.5968896146074
12209.0,1270760.76907404,247248.483313233,4.0,445902.3027966172,13.00785515498128
4024.0,1266636.49713382,257571.596859798,4.0,262896.2946416621,12.479514916444675
4025.0,1266951.38596614,257564.074875787,3.0,24599.22248837024,10.110470115257158
12223.0,1267348.20702255,244694.39723061,4.0,357086.75514303066,12.785734042844366
4034.0,1265690.95870085,248753.019378766,4.0,379588.1238958971,12.846842059390504
4035.0,1276725.53208815,253305.635895431,3.0,28839.033906201985,10.269485092439812
4036.0,1276843.30546427,253302.835063428,3.0,11203.008975268876,9.323937679707102
12228.0,1272582.8671239,252028.167990118,3.0,223025.6454606163,12.31504204589557
4039.0,1259609.24675862,246570.123440534,3.0,947.0746029622186,6.853377868290439
4040.0,1259611.04631062,246654.399536625,3.0,51394.800389084085,10.847292286580819
4045.0,1277728.25944918,247672.51198566,3.0,7497.378742294144,8.922308737407237
12240.0,1281122.62892465,258135.031100377,1.0,0.0,
12241.0,1281593.58502114,258132.960572377,4.0,293177.8054368191,12.588534548437806
12243.0,1274875.19199026,254822.42124098504,3.0,357452.2667746286,12.786757112690147
12247.0,1264304.01297143,256969.221435174,4.0,153121.26768055875,11.938985485653024
4061.0,1265346.6821565,244538.594734445,3.0,46971.94579443296,10.757305804486881
4062.0,1265609.03562877,244532.691502452,4.0,400456.4963575986,12.900360416263766
4063.0,1280890.48242842,247922.509873912,4.0,89432.99160687487,11.40124492671939
4064.0,1281188.39391673,247916.250353903,4.0,83447.99107579388,11.331978855412482
4066.0,1266025.6151492,251614.702901691,3.0,52298.98479493335,10.864732238677872
4069.0,1266793.63268597,249229.398323253,4.0,45771.45771563674,10.731415981854461
12268.0,1261831.95920891,253011.188983127,4.0,345365.36083221406,12.75235815255565
12272.0,1272883.44466022,250994.335093066,3.0,419921.33171432937,12.947822667273623
12273.0,1264436.72823557,248979.487091005,3.0,90964.16156895131,11.41822087901539
12285.0,1265996.25694117,250627.90994069,1.0,0.0,
4094.0,1265619.69700478,244962.885230884,4.0,340352.6497648057,12.737737564257296
12286.0,1266297.00471747,258240.487932488,4.0,456967.24144175526,13.032366985560376
4095.0,1265879.90878105,244957.038766876,3.0,22341.172106796967,10.014186537979043
12290.0,1262501.32298559,258329.889660567,1.0,0.0,
12293.0,1265464.00407661,249266.121651292,3.0,28904.96257352894,10.271768574706153
4102.0,1278440.23109791,249957.889651999,4.0,197001.4240439344,12.190966236343412
4101.0,1278434.8505539,249598.43205162897,3.0,46604.27858091122,10.749447630940008
12298.0,1284157.11071976,255575.138233751,1.0,0.0,
12299.0,1267929.63070314,251222.15122129,3.0,320011.31848252274,12.67611164440828
12303.0,1282487.42086205,246259.595888212,3.0,14051.713521428472,9.55049962614605
12304.0,1282793.20467037,246359.73444831403,3.0,349973.4686764001,12.765612626810631
4124.0,1263024.43479413,259149.532349408,3.0,57192.474503934,10.954177604095968
4125.0,1262693.88100179,259158.010365427,3.0,17007.999410311517,9.741439065910487
4129.0,1269754.68644901,245936.570927888,4.0,235094.7002492943,12.367743691735981
4130.0,1270064.73438533,245930.472495869,4.0,423817.9381002375,12.957059250726239
4133.0,1272097.78315541,247208.61400118505,3.0,33091.09364969435,10.407019451130882
4134.0,1272763.43832409,247188.971313164,4.0,174830.09170663435,12.071569876739028
4136.0,1264998.80753215,251601.234485686,4.0,223435.0164442477,12.316875896594134
4137.0,1265008.56900415,252029.051190123,4.0,302133.9077902056,12.618625601361648
4138.0,1255559.32899448,250969.098933041,4.0,194513.2681599601,12.1782556564747
12333.0,1257288.40925224,250433.802420482,3.0,47069.10837849438,10.759372191757617
4141.0,1282020.28166157,246576.428208545,4.0,16887.791853057035,9.734346264313466
4142.0,1282029.06182158,247239.374385223,4.0,103076.312233965,11.5432248883596
12336.0,1258690.12522168,254380.081272528,4.0,406565.6356848256,12.915500660335193
4145.0,1285511.86227314,242673.05450853697,3.0,42496.023809523824,10.657165793112771
4144.0,1285509.00601715,242534.412716404,1.0,0.0,
4147.0,1261652.91594471,248505.843634516,4.0,187237.3428991778,12.140132304430907
4148.0,1264332.52471545,258950.084285215,4.0,455060.3800860541,13.028185392614592
4149.0,1264004.83773912,258958.37919721,4.0,301908.7865671875,12.61788021950191
4151.0,1284153.58252776,251960.009014055,3.0,119365.29180914108,11.689943749316933
12344.0,1281034.82892457,249910.88907595,3.0,33326.2053171533,10.414099312949581
4152.0,1284153.21964775,252219.071478322,3.0,197084.5440396695,12.191388073220132
12346.0,1262805.3148579,249278.8683393,3.0,29608.3459727774,10.29581155910909
12356.0,1265749.43754891,251620.832501709,3.0,18566.811134105566,9.829130918228065
12368.0,1283112.16403069,251197.003957272,4.0,68899.27134539803,11.140400881407338
4180.0,1272868.4328842,253172.946551293,3.0,48323.40307113892,10.785671257925525
4183.0,1278155.90060161,248823.93688283896,3.0,664620.516461213,13.406971504816179
12376.0,1280844.03865236,249914.265715957,3.0,6248.585598921559,8.740110412947244
4185.0,1264926.90513207,254822.374008983,4.0,143064.78925464675,11.871052878346864
4186.0,1264931.85815607,255086.335417256,4.0,371794.5096910864,12.826096587326363
12377.0,1266813.786158,241566.890987411,1.0,0.0,
20572.0,1277713.65349716,246047.177007988,1.0,0.0,
4184.0,1278160.68472962,249088.424819112,3.0,107615.19606851682,11.586317144140743
12382.0,1261730.72548079,245863.148463801,3.0,4411.960911112751,8.392074520658886
4189.0,1286485.76358615,243581.589741468,3.0,124219.8914482546,11.72980859224602
4192.0,1266035.6604612,245493.708591431,4.0,233751.88395646669,12.362015506825264
12385.0,1273383.39704473,242664.32350052905,3.0,354799.4568756524,12.779307998626233
4190.0,1286617.96243428,243820.441261709,3.0,81284.08309946055,11.305705496534095
4209.0,1272584.87569991,245471.249967411,4.0,46863.85518460006,10.755001978942394
4210.0,1272604.24440393,246135.64990408704,3.0,43241.40807202902,10.674553835330924
4213.0,1273431.94782878,247169.187889144,3.0,177725.74190076417,12.087996865220054
12408.0,1260603.86423165,261039.393407345,1.0,0.0,
12409.0,1258872.60880587,249630.941491663,4.0,329550.86238321423,12.705485983328343
4218.0,1253371.64899224,251303.642229378,3.0,84778.0,11.347791354158918
4217.0,1253361.61788823,251070.049525142,1.0,0.0,
20603.0,1286695.55219436,255188.265337363,1.0,0.0,
12415.0,1276271.58712769,257304.126907527,4.0,215467.46004122667,12.280565179636163
12416.0,1281688.08025323,251903.999285996,1.0,0.0,
12418.0,1254454.57660934,254067.757112205,1.0,0.0,
12428.0,1273424.56005277,250091.975028142,3.0,432572.4984029791,12.977505217671611
12429.0,1262962.53335406,255388.06380155697,3.0,113841.639601883,11.642563635346972
4239.0,1270627.98065791,242279.767852142,4.0,404745.35551761865,12.911013396533015
4240.0,1270921.75697821,242271.190764129,4.0,406705.3270388334,12.915844190011732
12433.0,1284152.17798376,253158.994807273,3.0,92019.95064387275,11.429760687346272
12432.0,1284152.85382375,252498.980662599,4.0,223471.29367958245,12.317038244874265
4243.0,1281427.44492497,244095.696942002,1.0,0.0,
12436.0,1274595.25061397,253368.861495495,1.0,0.0,
4248.0,1259729.65207075,245374.206575304,3.0,24104.73295284565,10.090163488282013
4249.0,1262659.25904974,256480.566586673,4.0,296489.8381061029,12.599768224003258
4250.0,1262668.23312975,257008.936571226,4.0,232272.62838552837,12.355667083084029
12442.0,1267159.83467035,249480.255731508,4.0,94526.63820915416,11.456636959570648
4261.0,1257310.91050027,252392.752886489,4.0,89910.69259899922,11.406572152196832
4262.0,1257322.74902828,253058.263351172,4.0,203422.61136233617,12.223040923391144
12455.0,1269261.28452851,241711.012139559,4.0,42289.42935485359,10.65229243675652
12459.0,1267005.51281419,242745.350892618,3.0,626332.605823077,13.347636828188357
20654.0,1279119.6355786,242822.334060699,3.0,20728.308594242964,9.939255609927484
20657.0,1275109.9208225,242343.100716203,3.0,51702.13794349106,10.853254412513682
20658.0,1275130.48901452,242581.09406045097,5.0,288886.39384076087,12.573788788913136
20659.0,1275110.0497825,242575.488044441,1.0,0.0,
4276.0,1283842.87545544,241404.328043237,1.0,0.0,
4277.0,1284030.78060763,241276.439147115,4.0,134391.66571556593,11.808513694103526
12472.0,1275119.2416545,252693.352374807,3.0,7085.093717570511,8.865748379640756
4282.0,1267769.37022299,244615.477422535,4.0,75184.73115293354,11.2277034461428
4287.0,1258827.75197382,247449.261809438,4.0,371264.7085994703,12.824670587437382
4288.0,1258834.13187782,247752.246065736,4.0,264666.7217652371,12.486226659742139
4289.0,1263867.08177099,249656.183859691,4.0,249773.1512968937,12.428308390100076
4290.0,1263880.17066699,250321.199924365,3.0,38717.84347913627,10.564055844569234
12481.0,1275415.35032681,242570.489388436,4.0,156636.12806009324,11.96168073874134
12483.0,1278379.14232984,253846.300151989,4.0,197544.9236239064,12.193721298844762
12480.0,1283522.39942311,257510.346299738,3.0,185708.4570260848,12.131933287639766
4304.0,1258127.51907711,252378.591158479,4.0,46511.88533280551,10.747463157470659
4305.0,1257863.58160484,252383.337526485,4.0,50539.02022990757,10.830500994721579
4306.0,1270909.5962102,241840.369771689,4.0,635102.0140984291,13.36154091709517
4307.0,1271203.2596985,241832.081451684,4.0,712092.6996787748,13.475963378097381
4311.0,1274136.02680551,248480.155698493,4.0,248409.51062141889,12.422833915834353
4312.0,1274808.56152619,248459.931058466,3.0,52006.24314362022,10.85911905081112
4314.0,1277855.05279331,253713.838519841,3.0,20874.20323616698,9.946269380663297
12512.0,1266706.84279789,245739.208431676,4.0,289785.09676519746,12.576894881615365
12513.0,1284219.03942382,243244.033005118,3.0,35751.40337130337,10.484344802493045
4323.0,1258943.96106194,253711.185591847,4.0,147782.12912996297,11.903494367668566
4324.0,1258678.56886967,253713.374903843,3.0,140281.669506474,11.85140760542705
4327.0,1263969.61898708,250319.59134836504,3.0,18837.183513471653,9.843588041916197
4328.0,1263984.3433391,250969.441781029,4.0,49395.0920501446,10.807606347028708
12527.0,1276706.37464812,247925.945201918,5.0,65035.67140464296,11.082691189187813
4336.0,1270309.37726559,241857.162091702,4.0,492145.66662176006,13.106530022023694
12529.0,1253681.20054455,251332.488629401,3.0,339022.0,12.733820281012047
4337.0,1270616.0187379,241848.987563699,4.0,573100.0753058636,13.258815631940735
4339.0,1266329.03550151,242300.672684163,3.0,246240.8438522808,12.414065376017293
20721.0,1277549.773241,244315.18801422403,3.0,288828.9564364976,12.573589945643956
20722.0,1277209.31160864,244089.833133996,3.0,255504.9008197712,12.450996869732627
12528.0,1276712.26015213,248359.956786364,4.0,84702.91893996325,11.346905342147442
12530.0,1273968.56875733,248750.059378758,1.0,0.0,
4342.0,1279242.47161072,252111.70655021103,3.0,28603.28587404027,10.261276880909222
4343.0,1279243.34789872,252595.738678709,4.0,343879.0786697667,12.748045359064617
12532.0,1278629.47481009,253929.914488062,3.0,86946.97211098215,11.373053695840627
12538.0,1273550.9469329,255123.970873296,3.0,25607.82768606783,10.15065335271687
20739.0,1266166.95678134,242468.232684329,1.0,0.0,
12551.0,1270046.28593731,245140.602671072,4.0,119102.25811195766,11.68773771496179
12563.0,1264258.63607538,252041.631542131,4.0,587389.0257418663,13.283442614803773
4373.0,1271494.1232508,249320.449011341,4.0,94352.33449593488,11.454791293425782
4374.0,1272156.63672347,249296.823411331,4.0,96198.0608350095,11.474164478810396
20759.0,1274275.17413364,242343.350444198,1.0,0.0,
12569.0,1283970.95065556,246552.228464514,1.0,0.0,
20762.0,1259595.45840661,245928.391471878,3.0,424.5893646009452,6.051122500912455
12577.0,1265008.74385215,241808.75601165,3.0,39632.10803557096,10.587394877693606
12578.0,1265020.74385217,242329.530860186,3.0,925.1912697360513,6.83000049422981
4387.0,1264498.84164363,251610.471989691,4.0,54456.64316927807,10.905160125864528
4388.0,1264248.86673138,251615.101877704,4.0,505120.3170724919,13.132551931508782
4389.0,1269784.48235305,244062.766573966,3.0,63613.76162778356,11.060585103717253
4390.0,1270078.75697735,244054.707245961,4.0,181760.79590113432,12.11044679336281
12579.0,1283851.00147144,252505.11915861105,3.0,57689.18972309808,10.96282508179085
4392.0,1265634.8692288,258256.258876503,4.0,199686.65041449288,12.20450466896963
4393.0,1265965.93418913,258248.373052493,4.0,348350.3531087885,12.760964014118692
20777.0,1279799.4671953,243669.511469558,3.0,102636.58959998983,11.538949771925237
20779.0,1280949.33305247,244279.344878182,3.0,52860.047452041,10.87540308585067
20778.0,1280513.94316404,243998.50423789,3.0,73898.44643381759,11.21044708416887
20781.0,1278364.67384984,244027.78538993,1.0,0.0,
12590.0,1270066.34494533,243628.936109513,4.0,198803.50993860187,12.200072228675522
20782.0,1274573.76837395,242601.613996461,3.0,680152.3292517482,13.430072065670501
12596.0,1286559.72013022,247149.725297123,1.0,0.0,
20792.0,1275257.29323864,242266.610412121,1.0,0.0,
4411.0,1256871.34774782,248344.100530341,4.0,167235.81172633,12.0271601416645
12604.0,1264288.83287542,255915.348218098,3.0,126779.22144105312,11.750202438795899
20798.0,1274842.79704623,242418.953964278,3.0,120972.8700765514,11.703321585195729
12606.0,1280978.79756451,253887.12357603,3.0,167804.05371185608,12.030552230720202
20803.0,1272454.72369978,250671.477428734,3.0,38914.57024462569,10.569124015894907
4422.0,1277847.2877373,251295.883061364,4.0,255746.94560408656,12.451943740845534
4423.0,1277848.2880573,251627.279669717,1.0,0.0,
12618.0,1265819.46270098,259170.848573431,3.0,14854.44582688843,9.606054481706963
4427.0,1271481.78174677,241258.751211092,3.0,103122.1532718998,11.543669518619843
20811.0,1274886.47768627,242900.588140771,3.0,105178.34151408303,11.56341267894603
12621.0,1264866.29988401,248549.677874565,3.0,412554.9620795348,12.930124717285958
12622.0,1262012.20752908,258351.268860593,1.0,0.0,
20812.0,1278173.12402563,257579.15820381,1.0,0.0,
12624.0,1283534.44467112,256133.753914326,3.0,495358.6299167634,13.113037284106213
20817.0,1274378.93406975,242140.103083998,1.0,0.0,
12626.0,1268246.78263947,255021.270585179,4.0,371374.4758673196,12.824966201433908
20819.0,1275991.58571939,242865.139372736,3.0,62416.73552743163,11.041588715953978
12625.0,1283525.70483111,256411.345914602,3.0,510045.34888926806,13.142254920138136
20821.0,1279340.75026684,243639.002989531,3.0,4915.697815083666,8.500188999122802
20822.0,1280528.57138805,242934.743596807,3.0,12647.021378288478,9.445177002262708
20823.0,1280810.51570833,243028.493420899,4.0,641513.6581201414,13.371585753723325
20824.0,1280147.32121165,242744.465772614,3.0,724781.1107738389,13.493624972076933
20825.0,1266818.41643001,242085.079915941,1.0,0.0,
20827.0,1277378.17976882,241967.844267815,3.0,68474.8588339427,11.1342219325584
20828.0,1276983.38232842,241785.664491639,1.0,0.0,
20829.0,1276813.97317624,242026.279851884,1.0,0.0,
12638.0,1268010.22276722,243919.335469812,3.0,15076.628268324905,9.620901026928431
20830.0,1277259.68984869,242224.35460408,3.0,131011.284170378,11.783038737178739
20832.0,1278330.1440578,243563.045485452,3.0,129700.4817549933,11.772983084676921
12635.0,1274879.19915827,255350.523897529,3.0,91485.16795968282,11.4239321393229
20835.0,1276953.31967239,243497.936685383,3.0,70831.10373992709,11.168053501570306
4453.0,1275269.40178266,251104.658357173,4.0,539536.1358741728,13.198465041741551
4454.0,1276182.96658359,251063.78373313,3.0,414757.4590964792,12.935449192451498
20840.0,1276869.4153523,243590.460781485,1.0,0.0,
20841.0,1276400.11410382,242145.422956005,3.0,91922.80236709128,11.428704399080234
12650.0,1269485.86283274,257500.326971725,3.0,74578.90502685109,11.21961297176463
12651.0,1282807.85292637,247570.951153561,3.0,21550.14127437477,9.978137651165847
20844.0,1278327.1637058,243529.334573418,4.0,396012.8734926584,12.889201998528062
12653.0,1257635.7953646,255193.411961362,3.0,459462.531703406,13.037812676002499
20847.0,1276203.44946362,242136.451883987,1.0,0.0,
12656.0,1279852.31813936,246771.62142473497,3.0,38110.25324416533,10.548238638930197
12657.0,1264050.54461917,245647.366447583,3.0,60985.671718813785,11.018394225708994
4464.0,1281247.10930878,251895.137077987,4.0,28044.06425497684,10.241532275544346
4467.0,1259177.50122218,251701.581045792,3.0,56352.015566535774,10.939373287533398
12660.0,1261750.82973681,261364.816319674,3.0,138863.68837245795,11.84124807176106
4468.0,1259180.27779819,251861.526581943,3.0,18963.792887350985,9.850286802603533
4463.0,1280979.10726051,251900.135733992,3.0,36725.97669507095,10.511239595516786
4471.0,1254586.11344148,252308.943350405,4.0,75419.43795385923,11.230820318568448
4472.0,1254590.38544148,252568.997622669,4.0,103257.11347000864,11.54497740404339
20856.0,1267234.64555043,241731.730219573,3.0,1020.9649393231064,6.928503478028631
4470.0,1281330.69510086,254232.69868037096,3.0,4573.7887212659125,8.42809718227537
20859.0,1267450.48369466,241717.953387558,3.0,10437.460398355652,9.253156574982395
4476.0,1262177.58122525,249026.469619051,4.0,264529.4439065381,12.485707843202324
4477.0,1262166.23543324,249292.885043323,4.0,87927.07479104363,11.384263054346043
20860.0,1267082.07927828,241637.84330748,3.0,323420.2755813222,12.686707919216545
12664.0,1284810.80460843,249838.881331876,3.0,1689.376233103132,7.432114646947209
12674.0,1287133.75865881,249372.956403404,1.0,0.0,
20870.0,1259825.55082284,257037.506747246,3.0,280848.6748876785,12.545571279728613
4492.0,1271243.85208254,256887.023419097,1.0,0.0,
4493.0,1278176.40056963,249963.205556005,4.0,77784.5783788551,11.261698469166557
4494.0,1271854.23870715,244004.049197897,4.0,60842.582660958855,11.016045195520885
12686.0,1274723.2201501,252388.005878493,1.0,0.0,
4501.0,1281678.67046122,245090.509935021,4.0,791858.9174310685,13.582138520371986
12701.0,1264268.4683954,254835.307064995,4.0,83887.65699206399,11.337233765924305
4511.0,1260016.73053505,254366.18789652,4.0,295687.6493200958,12.597058937366302
12703.0,1281920.22444548,244565.203246474,4.0,164318.18886119785,12.009560003078747
4513.0,1261687.17303275,258360.81113261,4.0,744239.6097768969,13.520118318118021
12704.0,1282291.75193384,244937.626734853,1.0,0.0,
12705.0,1273356.0585487,250094.395956144,3.0,178973.97281856628,12.094995671002582
12710.0,1281589.17260513,258477.545532718,4.0,357285.6521191718,12.786290886807707
12711.0,1272275.9464836,243943.083117843,4.0,121656.04730070944,11.70895305762726
12714.0,1266946.75147013,257167.68293938003,3.0,26015.755293515853,10.166457606303757
12719.0,1270260.46334553,253635.747127771,3.0,130258.48700581932,11.777276116846535
12720.0,1270681.73611397,254171.26540032,3.0,36891.16069931349,10.515727253888468
4529.0,1271497.4284028,241823.803883672,4.0,59457.593175943024,10.993018617696219
20920.0,1263576.66372268,248448.329970449,1.0,0.0,
12730.0,1279215.19506671,249943.115699992,3.0,236631.0924055354,12.374257635271713
12731.0,1270147.03838542,248390.575858399,4.0,190407.3897397282,12.156921212244486
12732.0,1273132.03403647,246120.704048067,3.0,32243.24433040246,10.381063822153255
20925.0,1257508.26147647,247674.117297664,3.0,242172.0212968216,12.397403584422603
20926.0,1256845.89174779,247619.082673609,3.0,314370.91325653536,12.658328820170048
4541.0,1285798.00249743,244530.19217445,3.0,176684.44673337467,12.082120633683166
20928.0,1264344.16023546,242044.868395895,3.0,43667.97796689211,10.684370342840449
12737.0,1263252.89597836,251632.563125715,4.0,664240.7948404743,13.40640000555159
12738.0,1278977.42719446,253923.952568054,4.0,368142.7473337794,12.816226042300702
12739.0,1279591.41221909,253912.666168049,1.0,0.0,
20936.0,1257075.20458002,247596.252337575,1.0,0.0,
20937.0,1257080.31709203,247600.244401589,3.0,56366.40043205205,10.93962852294399
4554.0,1262971.87229806,244118.638830021,4.0,53537.903875738746,10.888145165686696
4555.0,1262972.42410606,244246.971950158,3.0,57099.7964536364,10.952555830902833
12746.0,1276433.63307986,248440.50814645,4.0,139673.71223709412,11.84706435457548
12748.0,1277661.87436111,251962.794102058,3.0,46845.31514153576,10.754606285687577
20942.0,1257472.13949244,247508.91947349897,3.0,333754.8403709516,12.718161991575554
12749.0,1284422.79264003,249848.287859887,3.0,49242.89246834801,10.804520320822279
12752.0,1263053.25265016,244117.354414016,4.0,152070.14462713787,11.932097171190394
12753.0,1266623.77540581,256911.107387125,4.0,259833.86921088563,12.467797741199286
4567.0,1263056.55748215,261412.529471725,3.0,169542.0,12.040855962718982
4568.0,1262851.61034594,261417.644607738,1.0,0.0,
4569.0,1266654.14935784,241778.676971629,4.0,131557.78016589832,11.78720142699173
12762.0,1264322.99191545,258287.085884526,4.0,264479.18496692687,12.485517831406602
4574.0,1283818.41785541,249196.70513922,4.0,369275.1371829186,12.8192972744013
4575.0,1284149.17535976,249190.499443218,4.0,291541.3268256088,12.582937047710494
12771.0,1283310.45689489,255120.286137283,3.0,21449.201808416507,9.973442711934956
12772.0,1277967.03058542,247125.457009107,3.0,22396.409758345395,10.016655946351841
20965.0,1280659.53535618,243167.514797047,3.0,1970.521205745669,7.586053358183683
4582.0,1269203.39294446,243652.645677537,4.0,109198.48443276668,11.600922463375811
12784.0,1261635.0196247,247691.011633679,4.0,179065.56893718947,12.095507324660568
20980.0,1279221.38962671,245381.148143306,3.0,3770.86438815747,8.235059534839634
4596.0,1280492.90412401,248595.682738602,3.0,9344.672258623094,9.14256164796626
4598.0,1264017.34852314,244100.246830001,4.0,146839.08680363695,11.897092618602308
4599.0,1263752.12925887,244104.853422001,4.0,134515.6004875399,11.809435460052798
12792.0,1262740.16048983,246585.245168552,4.0,473511.03966825496,13.067930506369752
20982.0,1279067.72882655,245373.210159302,3.0,34684.78868207004,10.454056503313312
20989.0,1278805.13721028,245362.492015287,4.0,86394.87982773293,11.366683691783038
12800.0,1265648.49911681,247031.82596901097,3.0,94780.01428541992,11.459313846243449
4611.0,1263657.03594677,257644.358203873,4.0,119090.42285413566,11.687638339466424
4613.0,1261008.15671206,257538.307899758,4.0,172958.59559781072,12.060807513030927
12806.0,1260223.17731926,245629.725743562,4.0,151146.1626010551,11.926002611867164
12805.0,1260215.42800725,245363.67051129,4.0,57344.593241148286,10.956833841585713
12813.0,1282167.86834972,244317.404206231,3.0,41443.48856987997,10.632086057026221
12814.0,1282166.95724572,244631.939310551,4.0,101358.87140456989,11.526422680408267
12821.0,1284475.61139208,240014.161193818,1.0,0.0,
12822.0,1284542.78252816,240181.152297989,3.0,42398.0,10.654856470296197
12832.0,1277762.43583322,256926.795003131,1.0,0.0,
12833.0,1277867.62136932,256924.634875134,3.0,711651.1303259577,13.47534308481474
12836.0,1266274.43620545,256263.187066451,4.0,127550.70128426614,11.756269221667475
4645.0,1270946.99870624,243146.004333019,4.0,156750.88325011768,11.962413093248783
12838.0,1266282.83153346,256919.290427133,4.0,238903.15355283348,12.383813533531647
4644.0,1270935.11685023,242735.971372604,4.0,257560.41152528604,12.459009579434994
4646.0,1280033.88537154,251254.923765332,3.0,186646.38184701712,12.13697109946166
4647.0,1280177.89919569,251252.348021328,3.0,298294.66970386374,12.60583710143224
4660.0,1277681.68178514,245338.756143272,4.0,197274.57783412808,12.192351833400268
4661.0,1277669.75429712,246009.70167996,4.0,90257.27400184463,11.410419471305643
21047.0,1282579.83270214,243548.05636543,3.0,48947.041051237655,10.79849419774011
21048.0,1282637.98188621,244252.277998164,1.0,0.0,
12857.0,1259947.22967097,250401.013748452,3.0,43636.8340126074,10.683656889483192
12860.0,1268588.76427183,244095.180909991,4.0,107887.08831426516,11.588840480640805
12861.0,1278229.14783369,257389.750779614,1.0,0.0,
12865.0,1273845.34398921,246892.748144865,1.0,0.0,
12867.0,1262951.18135405,254860.133113027,3.0,7517.898901423147,8.925041976497544
4677.0,1269381.74891263,245423.36657536,4.0,83296.70460980097,11.330164266865806
4680.0,1266300.14647748,241059.323754892,4.0,566295.304147778,13.24687095990396
12874.0,1269555.01464081,246211.303664163,3.0,73735.37017890571,11.208237884068529
12876.0,1284069.08268768,243247.248877123,3.0,79312.02504888548,11.281145036087487
4693.0,1274227.72344559,256033.019898221,4.0,78060.76912783715,11.265242893720105
4694.0,1274894.07019827,256014.666234195,4.0,150525.86934147685,11.921890237711931
4702.0,1262669.28855376,257667.392955899,4.0,182760.2389413898,12.115930403081638
12894.0,1281245.23564477,252558.066550657,4.0,62238.561941429325,11.038730053531191
4710.0,1274849.84159023,251108.876853183,4.0,697901.5663712687,13.455833349409184
4713.0,1265585.53566074,254809.880568966,4.0,156394.27022846867,11.960135471054409
4714.0,1266815.67262201,248968.779442981,3.0,4800.417454046182,8.476458162707301
4715.0,1267147.23268634,248960.608178973,4.0,103478.50448026675,11.547119183936802
12905.0,1266014.84484518,242770.570028633,4.0,208699.8291365164,12.248652274361154
4717.0,1285815.97651346,248488.662578493,4.0,474994.7305626156,13.071058989402855
21102.0,1279775.53093928,245738.232047677,3.0,109415.64549174378,11.602909170552334
4719.0,1284953.27974458,255501.57573767,3.0,268340.00000004744,12.50001011214464
4720.0,1285298.03494492,255799.99800998,4.0,688896.8179161686,13.442846782491172
4718.0,1286415.68723407,255235.828537405,3.0,42391.0,10.654691354537883
12919.0,1264913.33655606,246785.273584753,3.0,122363.82007300056,11.714754017726841
4735.0,1271324.00907461,248308.666226313,3.0,13196.32047091591,9.487693317512505
12928.0,1274901.75755829,256346.824378535,4.0,68614.4300285376,11.136258141863689
21125.0,1272890.21624422,241945.531627789,1.0,0.0,
21126.0,1286179.31929784,244512.120046422,4.0,66664.11460823753,11.107422075252895
21127.0,1286437.71705809,244499.956974417,4.0,55835.25208156528,10.930160706628639
21128.0,1286688.58502635,244495.182702407,4.0,42436.02597402598,10.655752949654241
21129.0,1286716.62400238,245169.251247093,1.0,0.0,
12937.0,1273561.37074091,256051.713402241,4.0,62183.90714531838,11.037851517684292
21131.0,1286733.6321304,243808.437037706,1.0,0.0,
12953.0,1282139.81817369,243557.57367745004,3.0,357568.1445356772,12.787081237037453
12954.0,1282144.8440937,243693.723693579,1.0,0.0,
4765.0,1277307.98693675,247337.713137314,4.0,60540.36096264814,11.011065544940626
4766.0,1277468.0191289,247334.35025730697,3.0,34789.83519166131,10.457080530901692
4769.0,1259465.12471047,253041.151223153,4.0,139673.1084173286,11.847060031492338
4770.0,1259476.87235849,253706.380151838,4.0,169490.5081996214,12.040552205412357
4773.0,1266700.37694189,245479.353967413,4.0,164252.6112886976,12.009160834477392
4774.0,1267057.78174224,245471.454063401,4.0,86869.72882545923,11.37216490563587
12965.0,1272165.10289948,249576.792627603,4.0,603755.9774665656,13.31092538446565
12971.0,1281418.56959696,243845.860525742,1.0,0.0,
4783.0,1260956.09316,248521.012274534,4.0,191925.2111426256,12.164861049826408
12982.0,1269215.12779246,257639.910715863,1.0,0.0,
4791.0,1268943.52241617,243659.88618955,4.0,106064.08607461271,11.571798776015509
4799.0,1282171.64223772,251882.444533974,3.0,116208.17174819345,11.663138445782636
4800.0,1275760.03077516,244179.148590088,4.0,181088.389731283,12.106740532105086
4801.0,1276039.79397544,244168.792302072,4.0,165568.97350142105,12.017143145296371
4802.0,1278178.17650564,250636.382708699,4.0,200300.3088090069,12.207573063385157
4803.0,1278179.88940164,251289.050677359,4.0,196926.5023060587,12.19058585336588
4806.0,1261613.03082468,255016.820473179,4.0,448470.6411955771,13.013598498350824
4807.0,1261289.02884035,255021.93925719,4.0,527236.6334945855,13.17540474665805
4808.0,1278681.32447416,249218.68965123605,3.0,84778.0,11.347791354158918
4809.0,1278830.14700231,249215.949875236,1.0,0.0,
4813.0,1262729.87767382,250986.177973047,4.0,41178.12774463648,10.625662514386395
4814.0,1264044.19031517,245280.401967213,3.0,198152.0455825029,12.196789921969296
4815.0,1263252.25719436,245298.150255233,4.0,192779.79124035136,12.16930383844678
13008.0,1267338.66993454,244174.201710075,3.0,96566.05169074454,11.477982526661162
4817.0,1271240.76715453,243137.369197011,4.0,159479.84985788434,11.97967286004692
4818.0,1271254.01419455,243593.330541477,4.0,107017.89383014968,11.580751331519796
13011.0,1270027.7226733,242291.294764146,4.0,356752.36558772874,12.784797166256773
13018.0,1274798.55627818,247940.835249931,3.0,2374.1555192548467,7.772397082398377
4829.0,1282200.48966175,256202.933562398,4.0,52529.8327649915,10.869136530333412
13026.0,1278375.99205784,248916.571826935,1.0,0.0,
13027.0,1278675.35794614,248911.248690933,3.0,169542.0,12.040855962718982
13028.0,1266658.61194985,240940.004138768,5.0,701566.1921105518,13.461070532035517
4835.0,1273209.42891654,253160.309751272,1.0,0.0,
4838.0,1260997.83293605,257040.055931255,4.0,294928.146816538,12.594487035540508
13031.0,1284356.10572797,240316.910250127,1.0,0.0,
4840.0,1272301.48945962,244814.983918726,4.0,153333.4280145808,11.940370097283374
4841.0,1272314.83128363,245270.449903205,3.0,12413.07279285885,9.426505453742598
13032.0,1284518.64972813,240389.65482620904,3.0,127062.0,11.752430435291636
4844.0,1268251.41188747,245705.288879648,4.0,47147.33582338698,10.761032782189185
13040.0,1274091.28210145,242422.475564286,4.0,159667.49738845066,11.98084879056183
13041.0,1282891.79007846,258435.266364679,3.0,84778.0,11.347791354158918
13042.0,1272262.50987558,243483.470509365,3.0,70375.66901318502,11.161602871800856
13046.0,1262805.39588189,244512.813614428,4.0,140304.96212880712,11.851573633453766
4857.0,1265598.09764476,244073.375469968,4.0,481769.0700735948,13.085220170492825
4858.0,1265858.10404502,244067.545133963,4.0,80272.91689087925,11.29318756895897
13049.0,1282044.0273896,248565.90161857,4.0,133794.59044262997,11.80406099568428
4864.0,1280118.94789962,245952.146031901,3.0,150387.46227597172,11.920970324496244
4865.0,1264087.14461921,247653.654065639,4.0,621052.3502145204,13.339170657224933
4866.0,1263907.35729103,247645.680689633,3.0,17127.237947669717,9.74842533766774
13058.0,1271555.45841886,247757.955697745,4.0,33159.87928796597,10.409095968952073
4871.0,1267447.93649465,241079.183978915,3.0,96961.86423524392,11.482073027966946
4872.0,1267608.18321481,241039.34052287004,3.0,82558.4829751185,11.321262205729692
13068.0,1262153.14000922,256219.635322407,3.0,44589.99445529244,10.705264773272836
13074.0,1280254.84261976,249924.707315966,3.0,40412.04570371563,10.606883180491149
4885.0,1255576.76400249,252035.129270121,4.0,73554.26359736314,11.205778693042369
4886.0,1257909.83811688,255074.522425234,4.0,605609.9341335082,13.313991384758003
4887.0,1257633.7739886,255076.003065243,3.0,309916.8990817969,12.644059473046745
13079.0,1265869.36087704,244526.764014438,4.0,67103.7431220378,11.113995105636944
4893.0,1258333.98979732,246752.895088717,3.0,83524.7335787106,11.33289807750075
13088.0,1260905.84029596,246147.4284641,3.0,20505.18457819089,9.928433039404318
13089.0,1260281.82775131,246161.308976114,3.0,14211.8664336718,9.561832558959392
4899.0,1285406.99667305,243758.653997645,3.0,24413.566713762848,10.10289426962255
4908.0,1256210.39299515,248890.531890914,4.0,150766.13873132432,11.923485165120177
13105.0,1266949.84132615,257431.934395656,3.0,30154.33453470082,10.314083957483758
13107.0,1284556.14342417,249844.902003884,3.0,14024.61580900742,9.54856933671854
13110.0,1285835.88723348,253685.764407814,3.0,83975.61136064453,11.33828169472365
4922.0,1263484.51101859,250978.52472505,4.0,123682.9110191303,11.725476400244865
4923.0,1263238.54858634,250982.921077043,4.0,654785.2389784805,13.392062581431011
4924.0,1274867.36786225,253764.599863902,3.0,33682.75777811639,10.424741346777186
13115.0,1271678.85515498,252620.93387872,3.0,100725.1612757852,11.520150911207784
4929.0,1266684.28874987,244709.086830631,3.0,50756.506382253145,10.834795093262946
4930.0,1267029.01246223,244701.476910621,4.0,349117.5129487594,12.763163857829584
4935.0,1284707.87667233,248789.660658807,4.0,178804.2264952944,12.094046779559035
13140.0,1285747.45990539,243596.44369348895,3.0,58797.67303830373,10.981857558925132
13146.0,1268603.96235183,244378.098286286,4.0,167618.6915572557,12.02944698561632
4956.0,1279529.31717902,255881.831226066,1.0,0.0,
4961.0,1258667.33558966,253053.71058316497,3.0,79529.4676686187,11.283882894462398
13161.0,1273315.50578065,248769.404466778,3.0,139653.00155938824,11.846916064585868
4970.0,1273451.1961488,247975.305713966,3.0,24065.486240795908,10.088533986843533
4971.0,1273457.5153168,248245.252018243,3.0,124168.8590685502,11.729397684905681
4974.0,1276448.34501587,251322.365621403,4.0,513400.48260104365,13.14881148742856
4975.0,1276451.83973587,251982.30456607,4.0,329205.5274771179,12.704437538279322
13169.0,1271894.67595521,251026.571573094,3.0,151750.73813749943,11.92999457307795
13179.0,1254697.67587359,253106.292791218,3.0,77849.15390110003,11.26252830888067
13182.0,1276988.27071242,246006.064239949,4.0,130252.7115988236,11.777231777815985
4991.0,1258368.56259735,251055.598069131,4.0,247334.06716627808,12.418495200456567
4992.0,1258104.60906108,251060.187317133,4.0,62066.035847538486,11.03595419153185
13183.0,1276428.25778385,248071.630642071,4.0,68221.1413248378,11.13050978589481
4994.0,1279678.86277917,253249.228535369,1.0,0.0,
13193.0,1284745.42451236,243772.927597672,3.0,72962.90232800152,11.197706403671955
13195.0,1260967.25162402,249052.674291074,4.0,293748.3049897248,12.590478574176112
5007.0,1282552.33407812,253853.122359991,4.0,216246.01521518308,12.284171997873752
5008.0,1282556.08083013,254495.451128647,4.0,89084.39881080225,11.39733950060568
5011.0,1269250.35281649,255519.3056577,3.0,525894.1575759833,13.172855250133683
5012.0,1279244.02117872,252924.806967035,1.0,0.0,
5013.0,1270434.70609771,254177.026872322,3.0,4414.118182345516,8.392563360890858
5014.0,1270455.04990573,254826.81592898103,3.0,55746.06589375562,10.928562119904251
5016.0,1265721.37758088,245230.622191161,4.0,393455.6600283446,12.882723659495303
5017.0,1262988.58743408,250987.390517056,4.0,451048.4354579327,13.019330008412174
5018.0,1263002.9358501,251637.079221725,4.0,258918.13281098165,12.46426720118196
13213.0,1265279.69079643,256288.605626479,4.0,58661.94728830509,10.979546538167046
13215.0,1273557.5446929,255718.877497897,3.0,9209.968921890686,9.128041754856111
13221.0,1283330.89555092,252515.796278626,3.0,45410.54355113757,10.723499593875843
13230.0,1265503.63460466,250941.262709007,3.0,29580.19536850339,10.294860340992924
5040.0,1280232.77509974,248600.709938616,3.0,233308.12279623008,12.36011527436112
13234.0,1275181.72152656,254013.049528152,4.0,613575.0362258658,13.327057844090655
13238.0,1265982.39114915,259569.605629846,3.0,147435.4447436642,11.901145696204896
13241.0,1271479.32209878,248824.292530835,4.0,83501.46550718826,11.332619461669221
13242.0,1281521.73542106,255690.842425868,4.0,323916.9332812141,12.688242383142128
13246.0,1267378.13118258,245984.449071929,4.0,534366.5796350269,13.188837361140875
13251.0,1262829.91453792,261148.814463466,1.0,0.0,
13254.0,1261929.903209,250352.038132399,3.0,26355.75910291191,10.179442091868701
13255.0,1260636.03376767,255720.308217898,4.0,363795.6119663405,12.804347483328602
13262.0,1269347.9615206,244753.860014677,1.0,0.0,
5072.0,1273789.70526914,251917.339766011,4.0,744168.7853973372,13.52002315017911
13265.0,1264741.35492387,241597.922091439,4.0,334102.3213429883,12.719202576369163
5073.0,1273791.43230915,252169.365238264,3.0,240169.16853231227,12.389098822905364
5082.0,1272747.61221208,246661.238768622,4.0,561855.8649902502,13.239000627993411
5083.0,1273419.27883677,246641.164336607,3.0,623718.1812388002,13.343453912704703
5092.0,1267480.71857469,250573.194548637,5.0,790779.7038562957,13.580774704618303
5093.0,1267486.87211069,250903.111476973,4.0,422079.6301326809,12.952949272213983
5098.0,1284896.53574452,247697.648433685,4.0,647026.5880055838,13.380142666928618
13295.0,1271554.06801885,254142.369784281,3.0,26414.70867877559,10.181676280909002
13300.0,1275858.48754327,247370.332145348,4.0,96742.96692097906,11.479812914926526
5110.0,1275031.48197442,246617.72049658,4.0,70854.73924595282,11.168387134144272
5111.0,1275301.60549469,246614.183728576,4.0,70746.79692694549,11.166862541363248
13304.0,1257603.63267657,253070.199351192,4.0,200938.1553720481,12.21075245498038
5118.0,1278079.00869754,253858.756855994,3.0,245210.6587728816,12.409872951809371
13311.0,1260552.35447159,257048.031291261,3.0,67932.5935639517,11.12627122140575
13312.0,1260334.40509537,257052.471611261,3.0,47611.203055407495,10.77082337083397
13315.0,1267478.48823868,242273.668140128,3.0,8464.651503493034,9.04365412461085
5124.0,1272134.10885145,248544.630322546,4.0,210516.81352860303,12.25732080315994
5125.0,1268575.89713581,254749.799992904,4.0,97720.0887082691,11.489862433151341
13319.0,1286790.96601845,251781.466677874,3.0,42197.41598233647,10.650114265503253
5128.0,1286119.74560177,249807.063155845,4.0,466089.8320730623,13.05213366721849
5129.0,1284872.9498245,247994.255793989,4.0,294865.7990109896,12.59427561320828
5136.0,1272528.99883585,252789.425654903,4.0,79515.14056963006,11.283702729926347
5137.0,1272864.4095882,252780.983414888,4.0,42786.50362374751,10.66397799594732
5140.0,1264347.52439548,246980.253232956,3.0,440884.2280487535,12.996537598532802
5142.0,1262712.3951138,245042.381742969,4.0,84054.41218161317,11.339219632183687
5143.0,1262469.72631355,245048.721326977,4.0,162915.11237154726,12.000984561137692
5144.0,1263485.48343459,243678.420909569,3.0,184842.5644344912,12.127259738694992
5145.0,1263327.42762643,243681.141997576,5.0,725447.2552666173,13.494543647445898
5146.0,1284402.75392002,251954.636662051,3.0,44183.69668196666,10.69611114667349
13336.0,1284308.67475192,251173.375093251,3.0,28730.261173157465,10.265706242539654
13335.0,1284309.61107191,250512.146420568,4.0,115168.3233777892,11.654150018753645
5151.0,1264195.59261931,245503.40247944,1.0,0.0,
5152.0,1264198.51517932,245648.049839586,3.0,53773.70169611687,10.892539810583052
5153.0,1259688.1318147,250405.222068459,4.0,498343.34301275946,13.119044562250316
13346.0,1268613.45713584,258845.803325102,3.0,416593.5677608243,12.939866367845417
13347.0,1281511.22297305,251227.5967253,4.0,222200.217372992,12.311334134463479
13351.0,1274533.18379791,247409.301233396,3.0,33506.96879392239,10.419508719878404
13359.0,1264133.88305126,249664.581171706,4.0,661627.3340671494,13.402457736933624
5169.0,1258217.7646452,249112.640051141,4.0,604221.44449728,13.311696039686995
5170.0,1258223.27971721,249378.52267541,4.0,197668.38587540528,12.194346086788627
5176.0,1265027.74410817,243633.91082952905,3.0,4270.460111955706,8.359476854973936
13368.0,1284154.72198376,251176.782901242,4.0,194557.2378852253,12.178481680934377
13371.0,1265673.29137284,248023.953202024,3.0,43739.98641806184,10.686017983715434
5186.0,1256192.73225912,248092.609906092,4.0,538034.5224283307,13.195678005167638
5189.0,1262143.22269721,246598.311408564,4.0,556387.4701400121,13.229220219259547
5190.0,1262148.70032923,246863.953904837,4.0,468502.4892239397,13.057296693824599
5192.0,1270259.11947353,239996.572969794,4.0,159027.9353132926,11.976835159564315
5193.0,1285337.25536098,248915.58795493803,3.0,1117.6029973164116,7.0189414898615
5194.0,1285312.26489694,249495.317107528,3.0,37053.79318321312,10.520126005597461
13394.0,1277406.27845685,244680.948782593,4.0,248857.888599775,12.42463728400437
5208.0,1266336.42884551,245217.010671139,4.0,202631.3752598236,12.21914372188576
5209.0,1277512.42162496,250653.86558871,4.0,250114.54654608012,12.429674278093467
5210.0,1277514.46917696,251309.837749392,4.0,411593.8124198835,12.927792249835555
5213.0,1280584.4902361,250581.66072464,4.0,393268.79083121073,12.882248603202228
5214.0,1280844.39852437,250577.151220635,4.0,253570.65299490004,12.443397773220001
5220.0,1280503.78438002,249262.364467293,4.0,316401.83919018146,12.66476832772278
13421.0,1260523.92637555,260365.361278653,1.0,0.0,
13425.0,1264048.80516317,245546.931247488,3.0,55966.94861214765,10.93251659212422
5234.0,1271478.81617878,247086.345841065,4.0,544308.3706033117,13.207271222961605
5235.0,1271251.18545854,247628.162673607,4.0,494671.9940938901,13.111650183714945
13428.0,1271695.904691,254137.192952275,3.0,3597.887982644096,8.188102280797397
13435.0,1254865.40982577,249398.502323434,4.0,61656.14254317976,11.029328139366077
13436.0,1254195.47939308,249415.98885144305,3.0,66611.20604379257,11.10662810129034
13447.0,1259174.75159018,251541.645365626,3.0,69434.12970725654,11.148133808134812
5263.0,1270914.0348662,255951.447866142,3.0,126718.49836193342,11.749723356930167
5264.0,1270917.0387702,256193.127802387,4.0,279154.9077707163,12.539522131707788
13455.0,1254846.03612974,247814.105905801,4.0,113799.81749291335,11.642196196920123
13456.0,1254150.24848104,247822.930673808,4.0,210184.9926459456,12.25574333928127
13467.0,1276715.53836013,248601.728306606,1.0,0.0,
13472.0,1271571.00664288,255575.244857758,1.0,0.0,
5283.0,1283177.29542276,252238.84082233897,3.0,1031.0616019056984,6.93834423189807
5284.0,1283893.22643149,252224.338550314,3.0,195939.20242004536,12.185559698358785
13477.0,1273171.73278852,242310.812396169,1.0,0.0,
13478.0,1277660.93637711,251646.026037723,1.0,0.0,
5288.0,1282868.15430243,256817.304379031,1.0,0.0,
5289.0,1282872.11366245,256977.787707195,4.0,203389.8640795897,12.222879928904524
13482.0,1262701.01648979,244685.3880786,4.0,87441.5026195349,11.378725307281163
13484.0,1274852.49349423,251374.763125449,4.0,138021.49714511188,11.83516472842131
13487.0,1265617.97918078,256935.247099146,4.0,124493.57957648396,11.732009423890343
13492.0,1284154.43225576,251406.72926949,3.0,152531.54450478638,11.935126702850969
5301.0,1269733.828209,242299.323244154,4.0,303431.5151447265,12.622911213754346
5302.0,1262974.92081007,250337.47717239,3.0,566142.9465051885,13.246601880961384
13500.0,1266671.68209386,242754.553644627,3.0,118240.11531514292,11.68047271144494
5309.0,1275174.41509457,253003.433079123,3.0,91288.08762883456,11.421775583030303
13504.0,1274633.64914201,244220.929646119,3.0,443029.8250685137,13.001392371972123
5322.0,1284478.94080009,243238.459501117,3.0,28851.93915763872,10.26993248484686
5323.0,1284733.94816035,243232.991021112,4.0,309992.7283146394,12.644304119136658
5328.0,1281177.73055671,249908.331699952,3.0,4544.385431425612,8.421647778860493
13527.0,1284718.53612834,255086.860025257,1.0,0.0,
5339.0,1266687.00196587,244939.296686858,4.0,102160.7489386226,11.5343028217154
5341.0,1281894.31308544,243827.895341724,4.0,25101.842706434465,10.130696537024138
5342.0,1272173.50181149,249856.512883902,4.0,148259.79490927726,11.90672138489178
5343.0,1266026.0787652,243229.804333106,3.0,180704.3452080653,12.104617522821728
5344.0,1266035.6174532,243619.706157506,3.0,104034.22304596388,11.552475191742245
13538.0,1262344.24260142,261540.046271861,1.0,0.0,
13541.0,1268289.85739151,258523.220924765,3.0,62525.45924617816,11.043329100719696
5351.0,1268238.25611146,254493.403192639,4.0,525505.1119126499,13.172115196963817
5356.0,1273444.7322128,247701.43448169497,3.0,21805.090249573164,9.98989871920768
5357.0,1266245.01630142,254532.227640688,4.0,333118.1521160847,12.7162525171914
5362.0,1263465.74071458,243055.204972938,4.0,455626.0231237485,13.02942762728163
5363.0,1263447.96151455,243055.584876925,4.0,42690.78956908309,10.661738474991678
13554.0,1276441.25874385,249998.777012035,4.0,101967.50744532463,11.532409487059557
13563.0,1286244.8772499,255540.455609724,1.0,0.0,
13564.0,1261383.97450444,259688.381693959,4.0,656857.0859389112,13.39522174859757
13565.0,1283465.30406305,247229.255665213,3.0,35542.26628085112,10.478477866722631
13567.0,1270996.24568228,244849.905134767,4.0,344473.52306732105,12.749772510364187
5379.0,1267598.5339348,255830.290618017,4.0,44109.0886848335,10.69442113282738
5380.0,1268258.39351948,255814.350073993,3.0,29579.02959608473,10.294820929644331
5381.0,1278442.15199392,250631.093044683,4.0,194523.44308056083,12.17830796475466
5382.0,1278446.35180192,251283.695413351,4.0,164990.81833184237,12.013645104860712
5393.0,1270372.95787364,244046.648493946,4.0,136770.70673985852,11.826061129222476
5394.0,1270385.24132966,244469.576494381,4.0,155733.1916798438,11.955899512237586
5395.0,1254378.82710527,251528.135861605,1.0,0.0,
5396.0,1254381.19030526,251764.370613843,3.0,64107.09755316987,11.068310363037561
13590.0,1263994.03396311,243148.146029025,3.0,71024.72963324867,11.170783400073097
5400.0,1264014.64938714,259621.86572589,3.0,173302.655292082,12.062794797525624
13593.0,1282516.00966208,256718.887290925,1.0,0.0,
5406.0,1273215.89509256,254609.836408764,4.0,161268.657840012,11.990826935499376
5407.0,1273216.10213256,254751.221624911,4.0,113980.57320354902,11.64378330235993
13601.0,1286775.77907445,249791.212467834,3.0,395342.0619068797,12.88750664865042
5414.0,1264878.72836402,242592.731116459,4.0,111114.7469728898,11.618318702848685
5415.0,1265298.87582044,242585.128812447,3.0,62312.80232142402,11.039922178390302
5417.0,1284982.7111046,245205.916527137,4.0,111166.33542268816,11.618782875959313
5420.0,1284137.60057575,248179.232114181,4.0,536435.0263144632,13.192700727128893
5421.0,1284141.57830374,248526.321330532,4.0,447177.1087026133,13.010710011459683
13615.0,1267328.03383853,243593.992237478,4.0,741141.9967621973,13.515947514478787
13618.0,1273207.64082055,254345.941880494,4.0,397441.5528166033,12.89280316532617
13619.0,1268617.91377585,244637.811694548,4.0,284078.8953338011,12.557007279035068
5442.0,1269374.99563262,245153.460271075,4.0,110364.3200122238,11.611542172293465
13635.0,1278687.75097016,249593.901555628,1.0,0.0,
5452.0,1276949.69599238,244690.299758613,3.0,158593.3683388067,11.97409877355587
5453.0,1282028.71046159,253202.397239327,4.0,42478.86402680507,10.656761914193035
5454.0,1259616.72016662,246920.092592895,3.0,30447.588655307667,10.323762079700442
5455.0,1259618.86160663,247020.372528985,3.0,3707.156759872174,8.218020489786225
13647.0,1267471.30686267,241768.559915617,3.0,34597.457345118244,10.451535471210192
5458.0,1268535.57406376,256864.170811072,3.0,236559.53965849595,12.373955208542457
13656.0,1275376.18245476,252117.03032621703,3.0,13247.182544033063,9.49154017061748
5465.0,1266179.81431735,244520.303406432,4.0,107386.33922836711,11.584188257700298
5466.0,1272250.76088357,257089.708027303,3.0,368308.2538116663,12.81667551274861
13659.0,1273583.35627693,242795.678892672,3.0,457408.21464159817,13.033331519835867
5467.0,1272581.28056391,257079.724155292,4.0,204985.51215030788,12.230694583185608
5472.0,1267679.11479889,245717.574959651,4.0,234295.73670455551,12.364339428447094
5475.0,1265296.49393244,257603.891067833,4.0,117204.71728221075,11.67167740516326
5476.0,1265626.42468478,257595.748411819,4.0,164566.67474384297,12.011071084660328
13677.0,1267480.86750269,243590.42730948297,3.0,256594.9482755976,12.455254043813206
13679.0,1269446.9373927,247579.804849565,3.0,673043.8023040979,13.419565691656167
5497.0,1284211.36454381,248528.942066535,3.0,129133.9809160884,11.76860575611241
5501.0,1284152.35091175,255215.314169377,3.0,84777.99999999999,11.347791354158918
5502.0,1284302.20588791,255211.788601384,1.0,0.0,
5507.0,1263318.52842642,256994.702971205,3.0,31832.22540422405,10.368234433139248
5508.0,1262990.04970609,257003.19673121,4.0,57120.60288462566,10.952920151660596
13701.0,1263351.28458646,250330.707828388,3.0,62782.650926011214,11.047434055149756
5511.0,1259481.38384649,261243.627583563,1.0,0.0,
5512.0,1259579.28688659,261394.067903712,3.0,84777.99999999999,11.347791354158918
5517.0,1284972.2583686,248211.678578213,3.0,148375.5392029615,11.907501765960708
13711.0,1262956.85751405,255124.097465292,4.0,356033.72211611905,12.782780730393313
5526.0,1271572.58699487,244437.450862348,4.0,154766.5999210452,11.94967345407368
5527.0,1271866.51160318,244429.823278338,4.0,65934.35898825245,11.096414965320763
5531.0,1264066.86813919,246558.19268852504,3.0,199820.88102897056,12.205176649390344
13724.0,1271893.8882432,254985.489529148,1.0,0.0,
13726.0,1269226.30001648,240444.30730626,3.0,30631.41267740616,10.329781319475215
5537.0,1270960.33265825,243600.969261497,4.0,106216.46591512456,11.573234422053318
5538.0,1270972.45931426,244026.767341927,4.0,102340.4727042206,11.536060501306991
13733.0,1281436.31993297,244345.541294247,1.0,0.0,
13736.0,1268270.67364749,256871.582203075,4.0,236187.71584076676,12.3723821739449
5556.0,1278977.39077845,251273.330613345,4.0,601354.834469037,13.306940446066283
13755.0,1265975.46698914,259013.780989274,3.0,27911.94475437847,10.23681000358615
13763.0,1267991.08305521,243578.36958146104,3.0,67344.77743722445,11.117580635212315
13764.0,1278978.87276246,252227.31192632,3.0,406892.68087214895,12.91630474629335
5578.0,1263734.43210685,250973.976181045,4.0,43971.64302846578,10.69130022851029
13777.0,1280307.80741982,248599.273266613,3.0,56144.89083857938,10.935690964727954
13778.0,1269725.29412898,257493.97759571704,3.0,108976.45229867456,11.59888710391547
5588.0,1281462.909757,245923.557167873,4.0,721672.0952956806,13.489326153071998
13781.0,1255937.60285087,253738.983479872,4.0,37709.04981173718,10.537655392685867
5595.0,1263827.39319494,247642.13476963303,3.0,13594.002962147028,9.517384015807622
5596.0,1255535.31235445,249652.946035683,4.0,345349.66128885554,12.752312693740196
13788.0,1273586.31365293,252607.441078708,1.0,0.0,
5601.0,1281663.36306921,244336.999982238,4.0,198503.95428868747,12.198564299760775
5602.0,1281913.01318146,244327.65060623,4.0,64645.90084831849,11.076679976904707
13795.0,1267879.55275109,250893.160052955,3.0,487140.561224178,13.096307987163733
5603.0,1270368.70161764,245664.436271608,4.0,59226.70284908936,10.989127780814398
5604.0,1270720.557234,245657.63543959,3.0,81654.83504638833,11.310256313380071
13800.0,1275592.28466299,251679.409525767,1.0,0.0,
13802.0,1283082.48396666,254313.60076046,1.0,0.0,
5611.0,1275342.37867874,248364.29016237,3.0,2245.9256898798744,7.716873049212259
5612.0,1275593.22725499,248362.329842359,5.0,594547.4224081133,13.295555760490274
5613.0,1262712.3895458,245309.438319236,4.0,98982.367727262,11.502697009489337
13806.0,1263719.68573883,250324.084788382,3.0,15318.1689288553,9.636794914536116
5614.0,1262301.01828139,245318.484527245,4.0,79876.47612020178,11.288236671887189
5618.0,1279553.93522705,256543.255418748,4.0,352046.6588338578,12.771518999301072
5622.0,1266255.08158143,255060.277049229,4.0,379981.3551734719,12.847877465165856
5623.0,1257070.68592402,253727.712823868,4.0,386133.572929649,12.863938632446795
13817.0,1266799.93681398,249489.330547526,4.0,97853.71008163146,11.49122888811597
5625.0,1280979.08198051,252562.949046671,4.0,138166.98631030408,11.836218278350904
5626.0,1280980.88582051,253222.96248734,4.0,151990.8394444058,11.931575531199176
13821.0,1268282.95351951,257928.794620156,3.0,138571.893347817,11.83914455547504
13822.0,1284640.35680026,241914.293867767,4.0,84822.03809523811,11.348310671214769
13823.0,1284974.6871686,241905.971051753,1.0,0.0,
13825.0,1273185.62578052,242780.265196651,3.0,446833.1097176033,13.009940447544418
5634.0,1259212.83191022,253708.761079848,4.0,143380.86550680676,11.873259763842869
5635.0,1263567.61284268,247931.08824192,3.0,454862.0730885504,13.027749515908942
13826.0,1273205.26059654,243456.922669336,3.0,171130.27706094115,12.050180399578784
5637.0,1270269.19332954,257479.554363698,4.0,542144.2174440551,13.203287328872875
13828.0,1284585.0268802,242736.685228601,3.0,16.533333333333335,2.8053785450627724
13832.0,1280809.43762833,245459.161455393,4.0,138510.7938905603,11.838703535800688
5649.0,1269730.14123298,244876.85783879497,3.0,46660.713020559866,10.75065782665369
5650.0,1269736.37547299,245146.77457507,4.0,144288.2224852631,11.879568123172266
13842.0,1283552.39116713,255114.537785277,4.0,529683.4313990452,13.18003480782696
5657.0,1272076.6266754,246150.237168103,4.0,301836.7087771726,12.61764145071303
5658.0,1284676.4830723,242566.077996433,3.0,2587.761954146956,7.8585486707670364
5659.0,1263998.91485912,251619.421109706,4.0,76638.41993792282,11.246853795755843
13851.0,1264118.25252324,248985.057586998,4.0,777964.9342277878,13.564436730458121
5669.0,1269018.86872026,245690.361775637,4.0,195240.6189492362,12.181988020192925
5672.0,1285492.22521713,243006.32478088103,3.0,56646.04026913452,10.944577365851371
5675.0,1258701.9428217,255064.30264923,4.0,332075.10453275184,12.71311644078723
5676.0,1258713.73738171,255749.484025925,4.0,187578.6730609628,12.141953626047947
5680.0,1279280.03551477,256551.175994754,3.0,194355.24896709216,12.177442943721644
13873.0,1263732.84484285,244664.60657458,4.0,62487.50341519781,11.042721870375921
5685.0,1261273.79626432,251667.399669752,3.0,130752.8504965074,11.781064182810043
5686.0,1261162.04586421,251669.27992574903,3.0,30757.91454395889,10.333902623660581
5688.0,1280653.14758018,245649.760111585,3.0,192.31422366631227,5.259130615882848
5689.0,1264273.82570741,255099.252089262,4.0,334243.7848070809,12.719625900347275
13881.0,1275999.92267941,243088.966060966,3.0,25314.26129726049,10.139123203542166
5691.0,1279899.8357714,258523.305276766,1.0,0.0,
5692.0,1280931.66937245,258495.129468739,4.0,344882.70048123406,12.750959639595749
13885.0,1265489.48996465,250292.299060345,4.0,119242.00931762,11.688910398686764
5694.0,1257522.56426048,249393.801523417,4.0,161292.15000905754,11.9909725959052
5690.0,1273547.05746089,254741.14514489504,3.0,18192.1313430582,9.808744435789354
5696.0,1273338.85714068,250740.445492804,4.0,391464.1972404316,12.877649340015157
13888.0,1285829.24947347,255686.248569861,1.0,0.0,
5697.0,1273733.82546109,250081.821812123,4.0,564776.5234345602,13.244185398140333
13883.0,1271783.83921909,247214.491889194,4.0,74410.36876132087,11.217350576182291
5700.0,1267357.40977456,249475.296435505,4.0,89491.17370806426,11.401895281612902
5701.0,1267361.99275056,249735.741107777,4.0,738265.8011806688,13.5120592029405
5702.0,1263315.19837841,243378.527789265,4.0,23697.479023202668,10.073123951136497
13902.0,1276438.69247186,248787.671154797,1.0,0.0,
13903.0,1265609.59863676,256279.279866472,4.0,52566.12732473689,10.869827224079533
13910.0,1269964.46424122,240004.668713808,4.0,166570.7329555307,12.023175320746821
5720.0,1266080.20202924,249507.320691541,4.0,69814.60441559825,11.153598499179598
13912.0,1284151.50444776,253815.693943948,3.0,149620.3142525752,11.915856125762215
5723.0,1267658.50334287,244917.800942838,3.0,30555.856984131333,10.327311664199039
13918.0,1271584.07979488,244834.173870757,4.0,374248.0147206516,12.832673997580168
13921.0,1267343.44030254,244434.410542339,3.0,69590.04426580152,11.150376793932981
13931.0,1274628.363702,244077.20420597505,3.0,497004.42258858925,13.116354203607763
13932.0,1276339.76287176,244702.803054616,3.0,20584.719337433075,9.932304299786699
13942.0,1261691.39191276,258519.521788761,3.0,45281.42368147066,10.720652154111376
13943.0,1286996.61689867,249530.553587556,1.0,0.0,
13944.0,1287023.4734107,249784.638003826,3.0,472125.9463422781,13.065001064444369
5752.0,1270729.75371401,254170.182072312,3.0,71131.58003914045,11.172286680880825
5753.0,1270749.91019402,254815.68146497,3.0,140368.40761928743,11.852025728297091
5751.0,1273065.9564044,248776.850994796,3.0,162002.106803074,11.995364619087205
5758.0,1253772.69872065,251341.020725414,3.0,423738.0,12.956870618691747
13951.0,1269588.97515284,247542.993201524,3.0,702147.1858484647,13.461898327481814
13953.0,1257024.45897998,250436.04811649,3.0,55498.10229968112,10.9241041063514
13956.0,1282039.0621416,251481.095925555,1.0,0.0,
13961.0,1265511.90391667,251288.717365369,3.0,23969.285161621647,10.084528504773544
5769.0,1280201.68325971,255720.949945897,3.0,262915.25583413866,12.479587038072538
5774.0,1259655.89431067,248814.484786823,4.0,227241.35183342727,12.333767955577093
13967.0,1284782.3814404,252643.03749474895,3.0,42390.0,10.654667764346684
5780.0,1280860.17113239,255963.400570154,4.0,110157.53182500476,11.609666727786651
5781.0,1281531.19570906,255954.695866138,4.0,171254.3034048061,12.050904885179865
5788.0,1280584.1356121,249918.871347964,3.0,9291.284664054949,9.136832106860467
13984.0,1268245.31908746,242243.599596098,4.0,354067.93924383115,12.777244092469745
13986.0,1278423.79999389,249324.674035355,1.0,0.0,
13987.0,1282821.44838239,252526.22738263,4.0,384612.3095663863,12.859991117777481
5796.0,1282171.37222172,252539.428470641,3.0,175003.65308805017,12.072562127476633
5797.0,1284964.53625658,245863.658671811,4.0,266141.52200887544,12.49178348390935
14000.0,1260885.49520794,245177.658095106,4.0,57260.05595746929,10.955358555903974
14006.0,1264719.46391585,250306.113332361,4.0,121497.4239861894,11.707648339778222
14009.0,1260972.86807202,249318.544435352,4.0,141607.42393577233,11.860813887792354
5817.0,1263498.6694186,244500.304110408,3.0,80444.35079172472,11.29532092983969
5820.0,1259224.53923823,254374.691192523,4.0,256787.11063789445,12.456002657318235
5822.0,1285472.7692171,251809.852149904,3.0,26124.9785820637,10.170647169441462
5824.0,1255568.03107448,251488.954485565,4.0,34104.27209299507,10.437177936744062
5825.0,1254905.5153618,251494.865269572,4.0,51268.7932477948,10.844837527301499
5826.0,1282325.65804589,249226.856307253,4.0,418981.0694764052,12.945581017636373
14021.0,1260274.09155931,246905.228080869,4.0,433783.8060398013,12.98030154620278
5833.0,1265456.88695662,248993.72459501,4.0,195737.45325416667,12.184529516034674
5834.0,1265697.66014086,249005.751475021,4.0,156022.84919825988,11.95775774472572
5836.0,1260285.32675931,247436.891761422,4.0,136333.6382361148,11.822860382805048
5837.0,1259627.88816664,247451.450417429,3.0,21083.691779858444,9.956255119193345
14031.0,1268075.05559929,245178.290287107,1.0,0.0,
5847.0,1262042.76029712,259672.573629946,4.0,144349.46636366338,11.879992488261687
5848.0,1262055.16772112,260338.904318631,4.0,50781.81813825017,10.835293658836898
5854.0,1268239.47691146,242715.88343659,4.0,473519.5397830335,13.067948457458055
14047.0,1253337.4928962,251300.029685378,1.0,0.0,
14051.0,1262745.92458583,246850.812528819,4.0,468259.1377638148,13.056777134827756
5859.0,1265084.87556423,245006.278126925,3.0,69036.49035180415,11.142390489468124
5860.0,1265089.18494023,245175.138415098,1.0,0.0,
5863.0,1254869.97571377,249664.353843704,3.0,366603.2915178733,12.812035592846817
5866.0,1269266.09886451,241885.346091732,3.0,25240.40168147935,10.13620123100868
5867.0,1269425.87281668,241881.122027725,4.0,116405.30834807764,11.664833417604555
5869.0,1268286.0230235,258193.11366044,3.0,84342.6352574271,11.34264277245419
14062.0,1254901.0675538,251234.862133309,3.0,2532.755364014836,7.837063065793487
14067.0,1260889.28426394,245349.222383276,4.0,52410.07655513835,10.866854152492309
5887.0,1273334.00114068,243912.146477804,3.0,91813.36040298684,11.42751310417783
5888.0,1273347.28920469,244372.131118283,3.0,147758.02603348112,11.903331255508581
14092.0,1267669.37860687,243586.028013483,3.0,99269.95963362497,11.505598282951519
14093.0,1269272.28024052,257506.419835731,1.0,0.0,
14095.0,1272141.88773146,248804.475954816,4.0,133672.88177802926,11.803150913632129
5906.0,1275423.88408682,242801.026348665,4.0,64808.947321888816,11.079198948763834
5907.0,1275708.71557511,242791.050284654,4.0,226476.13157062387,12.330394838973286
5914.0,1264338.99089147,245019.279086947,3.0,317705.04817861976,12.668878709897246
5915.0,1264038.92292316,245018.881774947,4.0,221035.51983994764,12.306078690842973
14120.0,1261585.75069664,245334.216495261,4.0,619691.1541631853,13.336976494462625
14121.0,1266271.03722945,255997.169530183,3.0,95578.8521740775,11.467706863000378
5930.0,1281569.03551711,257010.10681122504,3.0,240899.1930743658,12.392133838968318
5931.0,1282228.86098978,256994.5222352,3.0,225667.7587992002,12.326819102797458
5932.0,1267509.45572671,244620.952814534,4.0,481906.2838859236,13.085504942356486
5933.0,1267517.87825473,244921.937774837,4.0,522266.7961167018,13.165933839967625
14123.0,1274509.75045387,250057.2316681,3.0,34106.134685294244,10.437232549885593
14133.0,1271986.7328513,243115.401005,1.0,0.0,
14153.0,1265007.21265215,247788.551793784,3.0,91406.29885018432,11.423069670277592
5963.0,1274604.46974997,252143.648694232,3.0,654879.6411974116,13.39220674383549
14156.0,1285871.02496152,242548.357548416,1.0,0.0,
5968.0,1272904.05022824,242051.627563909,4.0,97605.99765741968,11.488694221921111
5969.0,1272914.75461225,242422.428332284,1.0,0.0,
14162.0,1272215.40165153,254118.233016267,4.0,193983.57914276049,12.175528790868976
14163.0,1272219.28293154,254442.457144588,1.0,0.0,
14165.0,1284444.67283206,251170.296309248,3.0,19960.732529384943,9.901522249061017
14166.0,1263000.5812261,257660.558971882,4.0,88569.63283493761,11.39154433331618
5978.0,1271502.4782588,249600.307379633,4.0,440446.8087326785,12.995544965041557
5981.0,1265161.27306831,243631.75889352,3.0,43908.4066958067,10.689861077217774
14179.0,1283590.98815918,252510.47474262104,3.0,42349.81073364913,10.65371923097102
5989.0,1264984.10577212,250951.284341022,4.0,144207.66498301364,11.879009657642305
5992.0,1274519.02238989,246873.105776846,4.0,116867.29958100084,11.668794378482454
5993.0,1263995.02506712,258294.793916538,4.0,192396.5501902838,12.167313886649062
14184.0,1285921.80211356,244527.367342442,3.0,146768.3866868493,11.896611022426887
5996.0,1276976.3370164,251320.060469389,4.0,378251.0037873336,12.843313285413991
5997.0,1276979.95186441,251980.072950065,4.0,291641.82274082943,12.583281693869392
5999.0,1281472.11186901,246583.501360551,3.0,677436.9940553021,13.426071829707087
14191.0,1272902.05483623,256238.683834434,1.0,0.0,
14199.0,1260277.15715931,245894.88363184,4.0,72459.9089426843,11.190788707791976
14202.0,1273822.80856518,247429.452785417,1.0,0.0,
14204.0,1267777.41380699,244914.698286831,3.0,29663.835071293932,10.297683908455774
14208.0,1274793.68952617,247693.422385678,4.0,26490.04602945356,10.184524319880822
14209.0,1275059.46360645,247708.222257704,4.0,378534.5175659328,12.844062543384348
6025.0,1263477.15409058,247650.385713637,3.0,69699.26709253316,11.15194508152164
14217.0,1270837.96382612,249343.863667369,3.0,54445.58303957648,10.90495700550373
6033.0,1279440.88031493,247827.250225812,3.0,43461.00000260913,10.679619263269796
14230.0,1265364.00100452,245238.410927162,4.0,127732.36004111225,11.75769241666181
6040.0,1284762.48684838,252921.153719038,4.0,143576.75369132357,11.874625040119497
6046.0,1274175.40760554,250356.069940403,4.0,228866.85738804852,12.340895704666933
6047.0,1274841.88530222,250311.178292364,4.0,174432.84724477874,12.069295117015912
6048.0,1269965.01675323,248279.910066277,3.0,22780.654933360376,10.033666986954895
6049.0,1269926.45150518,248471.354866475,3.0,7355.595010662692,8.903216528561869
6051.0,1258955.57520595,254377.584888533,4.0,316763.18725141103,12.66590973031253
14247.0,1270830.82769811,249063.953459084,3.0,21360.44205590681,9.969295988361237
6057.0,1262775.43172187,248214.902322218,3.0,30541.51467523218,10.326842173981273
14249.0,1273522.66251688,252334.723126441,3.0,135611.81063517614,11.817551749774998
6060.0,1282308.70726186,250550.173236609,4.0,318275.2362985308,12.670671810364668
14255.0,1286793.69894646,252139.458742231,3.0,5172.137175779196,8.551041262312491
14257.0,1262729.77271383,246107.215280056,4.0,637749.9095080603,13.365701494111551
6066.0,1274593.71742997,243141.475757018,3.0,68226.17011235279,11.130583496215143
14259.0,1268883.17278412,242798.558508664,4.0,325417.9428123051,12.692865613034538
6067.0,1274752.02091813,243135.612909019,4.0,42611.452354121015,10.659878330731695
14261.0,1265634.00375679,243239.746285126,1.0,0.0,
14262.0,1265823.34622099,243234.945389122,3.0,84778.0,11.347791354158918
14258.0,1275210.18539859,244733.13630265,4.0,232364.7039292986,12.356063416045554
14273.0,1284310.22655992,249850.919411898,3.0,49534.76523759458,10.81043003007208
6085.0,1271940.90059525,252811.254006922,3.0,13291.709819634663,9.494895798032047
6086.0,1272198.20024352,252801.796662912,4.0,17304.50163241839,9.758721956603509
14284.0,1257517.06589249,249128.049139157,4.0,702414.4677773049,13.462278918723753
6093.0,1269722.43486498,248088.204082087,3.0,37628.33510456594,10.535512638775742
14289.0,1270632.3933939,257469.921851695,4.0,611784.0863443933,13.324134699155008
4469.0,1280437.88159595,254622.401656777,3.0,26055.650963762266,10.167989951247767
6102.0,1282318.10687788,248560.768114567,4.0,426014.3563642351,12.96222832506919
6108.0,1279565.88044307,258200.726844445,4.0,122404.88397614556,11.715089550030203
6109.0,1278684.98354615,248614.525554627,4.0,757421.7476921659,13.537675507652821
6121.0,1267051.10359824,245201.683247134,6.0,239049.071564906,12.384424130193564
6122.0,1270054.04939333,243203.10622108,4.0,139778.83417843533,11.8478166965931
6123.0,1270348.27089763,243195.131501079,4.0,154098.03098973454,11.945344243742698
14317.0,1265003.50039615,247638.354289621,3.0,62861.17441926443,11.048683993270643
14319.0,1274388.56696576,244756.881646678,3.0,272336.6269900871,12.514794179311743
6127.0,1271833.18129914,247097.07972906495,3.0,98745.73638267204,11.500303505959588
6129.0,1258426.05558941,254382.563896537,4.0,503633.8277786661,13.129604750815908
6130.0,1258437.92298143,255067.709177226,4.0,282919.5782254733,12.552917960358037
6128.0,1272168.16555548,246942.640432909,3.0,3847.546359018115,8.25519091476796
14326.0,1274346.20517372,242872.812268749,3.0,49260.19679677391,10.80487166672895
14327.0,1274585.83691797,242927.3043008,3.0,11405.77231556243,9.341874849704377
6150.0,1271438.78712274,241019.330410853,3.0,93351.85260219211,11.44413099453826
10992.0,1274877.26021425,255086.51948125695,3.0,178676.93531980863,12.093334623538173
14344.0,1271955.15710726,254127.73036027,3.0,73370.58862034744,11.203278434305645
6160.0,1284527.91411214,249064.502643079,3.0,94008.44542680882,11.451139902182375
6162.0,1272783.99768412,247995.257393986,4.0,35627.58241295756,10.48087540372854
6171.0,1265590.64260475,255073.862649232,4.0,355630.7724189623,12.781648315489065
14369.0,1261591.30973665,245600.136879534,4.0,408567.5286497056,12.920412488432207
14373.0,1270932.80875422,257461.955643684,3.0,391416.2541049476,12.877526861198726
6183.0,1272680.43486801,250827.553588897,4.0,390107.03131781967,12.87417641973072
6184.0,1272525.15435585,251086.389045149,3.0,267787.94905172265,12.497950711419827
14380.0,1272775.75749211,247721.526321709,4.0,33281.877111089365,10.412768296922929
6189.0,1255572.59869049,251761.896885842,4.0,48770.2858971428,10.794876510838707
14381.0,1265790.18423696,242906.969388783,1.0,0.0,
6196.0,1261564.86423263,253015.147319138,4.0,318931.52386515186,12.672731699994568
6197.0,1261587.59351265,253681.547575817,4.0,595322.0039312834,13.296857721218805
6198.0,1259705.42211872,251692.31595777,4.0,252390.2977787552,12.438731969048064
6199.0,1259441.46167046,251696.948533773,4.0,117948.4450634323,11.678002901734361
14390.0,1281502.56620504,255163.330361336,4.0,315020.2165973752,12.66039209542255
6205.0,1285207.54662484,251816.634613901,1.0,0.0,
6206.0,1274186.20286955,250865.573172927,3.0,202436.55644343296,12.218181814925646
6218.0,1263999.58967511,243368.820781246,3.0,165953.69137223106,12.01946406078281
14413.0,1264164.95876329,242344.629292205,4.0,11825.409034089624,9.378005803382578
6222.0,1259694.06551071,251032.418357104,4.0,331324.7679138497,12.710854345269798
14416.0,1280270.61029978,258313.419836551,1.0,0.0,
6231.0,1280438.24876395,254157.152888298,3.0,264494.33390758693,12.485575108151556
14428.0,1269760.78584102,246207.240304157,3.0,124591.58516920645,11.732796348297343
6237.0,1260588.49776763,253031.16267915105,3.0,29937.7143563826,10.306874314257328
14438.0,1276155.58047156,248526.172018528,4.0,171229.6472252911,12.050760900741983
6251.0,1285326.85971296,243009.594476879,3.0,271.0215007215008,5.602198156188295
6257.0,1270356.30763362,245134.582703054,4.0,33319.687621238365,10.413903721123939
6258.0,1270362.62161763,245404.508975342,4.0,46997.92241883705,10.757858675860646
6263.0,1285804.59596945,249776.460851818,4.0,483967.6035206712,13.089773248583883
14462.0,1284362.24121597,241204.725739032,4.0,254500.2685296429,12.447057170098455
6272.0,1283362.67302294,251191.97246927,3.0,5340.450225208419,8.58306524023698
6273.0,1264459.84010759,247647.43102563903,3.0,109904.65590073491,11.607368504378195
6275.0,1256238.03862718,251483.24286955604,3.0,7271.911163773412,8.89177441957992
6279.0,1264734.14858787,250955.929653019,4.0,104751.72317685516,11.559348288024784
6280.0,1264484.18122761,250960.642869025,4.0,64120.270710533725,11.068515828650536
6286.0,1272872.8570762,253645.635575771,1.0,0.0,
6287.0,1260270.3586313,245362.539567292,4.0,337564.41035388206,12.729511616579021
6288.0,1260272.8523913,245627.874991566,4.0,372727.7273800588,12.82860347867558
6290.0,1266158.04074933,243616.714349508,3.0,71897.60832578309,11.182998279258568
14491.0,1265178.23959632,244289.587630197,4.0,86169.11060513473,11.364067046782552
6300.0,1279827.21420333,252427.455926523,3.0,16402.470777705053,9.705187259641775
6310.0,1263579.17482668,248462.709234476,4.0,397370.76711161126,12.892625046030824
6316.0,1273553.5968529,255386.299385563,4.0,61181.67745394647,11.02160303566747
6317.0,1274216.43768558,255368.342393547,4.0,79143.88810460414,11.279022843181734
14515.0,1264300.21111542,256705.257082909,3.0,74279.62867110198,11.215592016411362
6324.0,1275601.708855,241094.243626922,3.0,254290.0,12.446230627003512
14516.0,1282819.00025439,248551.343602553,4.0,635935.8345035857,13.362852948087301
6327.0,1277855.6955453,253891.494008034,4.0,473336.2348807034,13.0675612709202
6328.0,1263241.29591434,244674.004846588,3.0,102710.13686478882,11.53966609469512
14520.0,1286686.34848236,255041.649465203,1.0,0.0,
14524.0,1270707.16452999,245127.804143056,3.0,13564.56170241233,9.51521591365413
6332.0,1280135.58073165,247038.36433701203,3.0,445243.4756754317,13.006376547873144
6333.0,1280139.25394765,247278.25553725695,3.0,418276.4499484693,12.943897856415509
14536.0,1264791.66813993,243134.857005015,3.0,42748.28099520077,10.663084262917858
6351.0,1259615.36490263,246856.612720817,3.0,12630.66134916487,9.44388257732793
6352.0,1259537.61795855,246958.351024926,4.0,24586.87890747196,10.109968201878901
6366.0,1261844.57303292,253678.209335804,4.0,600366.0570515036,13.305294843251778
6372.0,1284130.39788774,247545.11492952696,3.0,160077.70009219018,11.983414601914214
14565.0,1256885.57539584,249019.154995039,3.0,5051.244138731122,8.527389856031926
6380.0,1275555.80971895,246608.601392567,4.0,75226.57670007163,11.22825986106685
6381.0,1275578.71909498,247378.854449362,4.0,94635.80571317072,11.457791179339358
6385.0,1283701.5633913,242036.97994789496,3.0,218437.748032115,12.294256346892837
6386.0,1283708.8675193,242320.660140187,3.0,157537.83713245043,11.967420944157425
6391.0,1266831.84587002,251257.518965334,4.0,244670.1163331236,12.40766611828333
6392.0,1267492.2815187,251232.982581303,4.0,305911.4906787077,12.631051092946768
6394.0,1261944.08100101,251655.79570174203,3.0,53047.52311339411,10.87894345328944
6395.0,1261793.57968886,251658.444341734,3.0,81317.26200573686,11.306113597791994
6397.0,1280772.8976603,244611.748078525,5.0,264572.33937201544,12.485869987677837
6398.0,1281112.19916464,244864.576686785,4.0,64131.10669635393,11.0686848090711
6399.0,1268244.30891147,245445.245423377,4.0,85690.26967483333,11.358494558756279
6400.0,1268651.65387188,245437.323567376,4.0,63860.5562705051,11.064457177012311
14597.0,1254862.65584177,248786.835570797,3.0,253310.7513639535,12.44237228026844
6408.0,1285268.54156891,245858.495279804,3.0,109695.19590314728,11.605460852261054
14603.0,1278980.86713046,253260.853495389,3.0,332251.85173555894,12.713648549879927
6419.0,1285269.7230089,252918.896183029,4.0,117485.65266125396,11.674071500100322
14612.0,1284756.47302437,244292.808430195,3.0,688978.4391659715,13.44296525656853
6420.0,1285009.58937663,253068.33221519,3.0,31912.595136653777,10.37075604271737
14614.0,1254894.7680338,250866.654900923,3.0,82035.1832250858,11.314903497945432
6423.0,1259236.50179824,255057.46181722,4.0,311718.476553975,12.64985574071976
14628.0,1284025.22252762,256151.127610341,1.0,0.0,
6447.0,1267022.13943821,244441.52075035905,3.0,318482.5033025451,12.671322817799503
14652.0,1280034.05202754,251526.665717602,3.0,12395.348425142516,9.425076554210756
6466.0,1257506.26608448,248596.4104186,4.0,349289.27847054176,12.763655735993874
6467.0,1261612.42026468,246609.974448577,4.0,656956.5072068401,13.395373096199146
6472.0,1270552.84100983,253255.520823374,3.0,184794.2450533338,12.126998296218526
6473.0,1271047.19569834,253502.64632763,3.0,175402.0369919908,12.074835972262083
14666.0,1264734.41661987,245779.459375724,4.0,512772.8226340548,13.147588185200641
14671.0,1265528.48196468,252020.32971811303,3.0,9407.75085225689,9.149289187247017
14677.0,1254141.15958503,247509.32139349,3.0,243961.1246685982,12.404764166453047
14678.0,1274094.67218146,242600.749804467,1.0,0.0,
6498.0,1274497.91416587,246081.934128031,4.0,441989.8547950026,12.99904220784393
6501.0,1269453.73361671,242793.206444666,4.0,410628.3230394578,12.925443760826216
6504.0,1271170.82763447,246964.801776931,4.0,549386.0894621692,13.216556732814519
14697.0,1266674.54462186,243940.409901842,3.0,40334.938083310335,10.604973322308792
6505.0,1271055.46763435,247239.724785224,3.0,172975.2827916692,12.060903989235854
6509.0,1274233.41765361,256365.364026561,4.0,31757.85585919159,10.365895402351377
6510.0,1274239.1532056,256697.749882907,4.0,64119.84921446166,11.068509255105965
6511.0,1282191.03231774,255939.07122612,4.0,263928.0099128458,12.483431655217782
6522.0,1270653.37201793,243171.386157051,4.0,154825.77426159076,11.950055726675984
6525.0,1270321.8759536,242283.258988142,4.0,392921.52446582704,12.881365187618973
6526.0,1276686.01016811,245353.705263287,4.0,314656.2950657349,12.659236195320133
14719.0,1271779.87761909,241405.889003247,3.0,50635.80560697014,10.832414225721191
14718.0,1282811.33651038,247884.00536187,4.0,731010.311439061,13.502182844568216
14721.0,1269975.80382524,240424.215466231,4.0,106063.45905661212,11.571792864308001
14723.0,1274909.19256629,256678.918202877,4.0,68923.44121343186,11.140751619944302
6532.0,1269400.47192065,240916.249258742,4.0,226856.50574647656,12.33207296330763
6533.0,1269694.66526495,240908.324714735,4.0,310666.1175753534,12.646474037536748
14731.0,1281558.3633251,256744.78386695695,3.0,76281.55835624033,11.242186488926762
6544.0,1257029.95830798,251070.46814914,4.0,40406.22759058616,10.606739200351452
6545.0,1257035.67875598,251730.306677818,4.0,43971.374582151126,10.691294123504527
14736.0,1255312.46339422,254417.339384571,4.0,198648.49609799933,12.199292190602456
14739.0,1266669.31006186,242464.00241231904,3.0,245114.4744626164,12.40948062310754
6546.0,1273787.78501314,251665.346549749,4.0,302065.7605808546,12.61840002292059
6554.0,1282827.7236464,254489.054776639,4.0,272938.9190200799,12.517003309280415
14748.0,1269462.09553671,248096.280498087,4.0,43899.71810396311,10.689663177720622
6558.0,1260320.23747934,256388.638266578,4.0,189684.6482205953,12.153118226030529
6559.0,1260052.86691907,256392.95289059,4.0,263645.10606363806,12.482359182539561
6565.0,1277948.78783341,246000.285039946,3.0,51350.00559226029,10.846420324261475
6566.0,1278041.3651135,245997.407407939,1.0,0.0,
6572.0,1275435.33061484,243110.256044984,4.0,29451.01295295672,10.290483584174352
6573.0,1275455.31019884,243649.989549547,4.0,145720.47036694063,11.889445478999123
14769.0,1262973.22167407,255952.461626142,3.0,40177.29693194448,10.601057362137402
14772.0,1274817.41650219,248919.059698939,3.0,30617.72319648488,10.329334309702624
14774.0,1253777.43004864,251781.851893872,1.0,0.0,
6583.0,1256806.67792375,253730.416567862,4.0,422871.8882898096,12.954824547592583
6584.0,1274197.68312556,253257.609079376,3.0,14670.292438234032,9.593579805378287
14777.0,1268289.09323151,258457.3493727,3.0,55236.65204733863,10.919381998288602
14776.0,1273572.83659692,257049.433851257,4.0,216254.2160286054,12.284209920690117
14780.0,1277463.4571449,247142.16164912295,3.0,18188.1596693334,9.808526093734903
6591.0,1277236.87756068,250658.782900721,4.0,184715.2106520665,12.126570516083255
6592.0,1277240.35128868,251318.925941393,4.0,333171.35085758305,12.716412203758198
6593.0,1271891.3281792,254777.374072939,4.0,87911.81322645658,11.384089468573322
6594.0,1271974.36638728,254774.823224932,1.0,0.0,
14799.0,1253777.34147266,251550.544565633,1.0,0.0,
14806.0,1257610.46301258,253722.200055853,4.0,337810.11418253754,12.730239224241345
14809.0,1273633.19838898,248762.446194783,1.0,0.0,
14811.0,1260978.48324002,249584.353331611,4.0,216810.7395657346,12.286780084063043
6644.0,1270374.78168164,245924.37476787,4.0,64115.76876408304,11.068445615214891
6652.0,1256213.39267515,249033.286195055,3.0,21533.89420070063,9.977383447235546
14844.0,1275648.78456704,241235.952363074,1.0,0.0,
14851.0,1272618.03902794,241794.52765964,1.0,0.0,
6659.0,1279051.56684253,244840.052142754,3.0,181550.4028586365,12.109288595835539
6660.0,1279055.66687454,245039.649134964,3.0,28916.813141492225,10.272178474540002
14856.0,1264342.05623546,259613.000253886,4.0,670731.8870163732,13.416124763847776
14863.0,1272792.12491612,248265.011826262,4.0,108818.60828186107,11.597437630782073
6672.0,1273533.60997288,251394.198453471,4.0,111361.3972474085,11.620536022610658
6673.0,1262474.95888956,251646.43646973404,3.0,294814.42534958967,12.594101370764978
6674.0,1262313.54487339,251649.287861735,3.0,444432.22757586825,13.004552853415849
14867.0,1280001.02092351,247281.128241256,3.0,361993.1865982449,12.799380669078971
6676.0,1261083.79831213,261027.531199336,4.0,122127.89710618585,11.71282411152992
6677.0,1261097.48720814,261873.389120206,3.0,100166.2605948235,11.514586690319243
14872.0,1263469.73841058,250328.582452387,3.0,62065.09544638711,11.035939039794465
14873.0,1269997.24472126,257486.76601171505,3.0,59089.47251671724,10.98680805752237
14874.0,1274630.08875801,241798.292779639,3.0,42467.33333333333,10.656490431915996
6681.0,1281329.28402886,254653.336632803,3.0,4925.190793336831,8.502118292619647
6682.0,1281329.41266887,254851.76895301,3.0,76891.87059370024,11.250155435909521
6693.0,1265356.57879651,244987.270958915,4.0,104768.0257677885,11.559503906681721
14890.0,1260228.62384726,245895.70155184,4.0,53504.28563014553,10.887517034912209
6699.0,1264917.41726007,246967.165296942,4.0,42840.73209929185,10.665244613568138
6700.0,1265157.22846031,246960.838192925,4.0,131863.60514545263,11.789523372999232
6701.0,1273981.85189334,247425.375025406,3.0,96587.10493258722,11.478200521979428
6702.0,1274113.24235748,247421.447217405,3.0,34818.65327387414,10.457908535775653
14897.0,1268784.30718403,255533.70559370503,3.0,100039.40266536456,11.513319414015758
6708.0,1276721.81983215,246574.013552532,4.0,129399.28655780488,11.770658147570098
14901.0,1273106.32606845,250103.346036151,4.0,160726.7305621049,11.987460876176092
6710.0,1265717.07281289,249765.434675798,4.0,116311.88149307706,11.66403049573975
6711.0,1266086.66916525,249767.806067809,4.0,203167.697757552,12.221787014321173
14906.0,1262722.99152981,250340.61035639,3.0,12764.941353893228,9.454457735375428
6716.0,1277688.13189714,246569.558832526,4.0,76421.6722825348,11.244021603547841
6717.0,1277712.01336916,247133.989425108,4.0,25897.56402341094,10.161904190114198
6718.0,1273574.41406892,242381.711852238,3.0,45412.19647863584,10.723535992854732
14911.0,1267368.84375857,250005.22027604296,3.0,124298.83380282484,11.730443895337531
6719.0,1273831.92696519,242482.669036344,4.0,409713.2832566481,12.92321288491968
14908.0,1272246.78315556,256757.209082961,3.0,228937.64880913103,12.341204969519893
14914.0,1278222.76991369,257062.399355277,1.0,0.0,
6735.0,1260946.33629599,254355.968760505,4.0,716716.1590166022,13.4824351681442
6737.0,1271471.49112277,248564.41112257505,3.0,103298.4360169474,11.545377514789315
6746.0,1262143.24829721,255699.740665883,4.0,297072.17409748764,12.601730398691837
6751.0,1262326.22884141,252339.720182434,4.0,608891.4613775801,13.319395306469241
6752.0,1262337.76100142,253003.063991114,4.0,776531.6708188916,13.562592707370024
6753.0,1277226.04620066,249618.254515648,4.0,16189.562615481944,9.692122030586054
6754.0,1277233.14655267,249982.513588026,4.0,44970.21661920839,10.713755696724652
6799.0,1260778.32579982,253028.11384715105,3.0,28431.209121330063,10.255242733509588
14994.0,1271042.68945833,253213.450039327,1.0,0.0,
6804.0,1273093.19518843,244793.776622713,4.0,491998.80544107285,13.106231567506198
6805.0,1273112.61413245,245457.017071396,4.0,71878.93318877184,11.182738499228813
14997.0,1286053.2696977,245183.41393511,1.0,0.0,
14999.0,1264936.58090807,248971.137330994,3.0,43429.47184955057,10.67889356449592
6817.0,1255584.6908505,252555.124918655,4.0,179445.9737489706,12.097629459706443
6818.0,1255588.65571451,252815.123446926,4.0,184322.7255688696,12.12444344353783
15016.0,1261936.964201,262201.451136544,1.0,0.0,
6831.0,1276990.87538442,253299.918391421,4.0,581945.8101683985,13.274132612702308
6832.0,1277256.25381669,253294.764855415,4.0,696516.0279943778,13.453846084133025
6833.0,1261150.5317522,251037.075509101,3.0,58864.07728042294,10.982986290207634
6834.0,1260882.45616792,251042.512821108,3.0,45413.913351421535,10.723573798564766
6839.0,1266674.95313385,243605.607405499,4.0,269968.35021722224,12.506060009691849
6840.0,1267035.43825422,243600.818669483,4.0,459909.1573972844,13.038784265043814
6848.0,1272320.89521964,245478.312943414,3.0,4679.556931136262,8.450958711595804
6849.0,1272340.39621165,246143.120368093,3.0,15064.96255627837,9.620126966083607
6851.0,1264983.47326012,258933.606909186,4.0,156714.15212811955,11.962178737783129
15044.0,1263742.55972286,247644.908081636,3.0,49789.81879508696,10.815565800245933
6868.0,1260921.68343197,253025.81099914,3.0,41353.18309198552,10.62990467673904
6876.0,1270680.21476996,244034.334893927,4.0,107506.27278771358,11.585304476361086
6877.0,1267269.85054247,249218.28446725,4.0,15693.812365012527,9.661021796773747
6885.0,1281247.08767678,251232.506165311,3.0,21908.39255951316,9.994625064289414
6899.0,1268658.85303989,245697.275439635,4.0,41588.385865442055,10.635576221342834
6906.0,1260397.18154342,259797.06553407,3.0,676797.0177497794,13.425126680866363
6907.0,1260411.29469545,260377.738238677,4.0,157132.86758112215,11.964847016754318
15107.0,1272119.63710743,250399.29528445,1.0,0.0,
6922.0,1264313.50346744,257628.154811859,4.0,179463.92820700057,12.097729509651831
6927.0,1280712.75999624,251568.749301642,1.0,0.0,
6930.0,1257829.5921648,250428.756468475,3.0,81441.44635574344,11.307639591397564
6931.0,1257840.65552481,251064.774901137,4.0,76816.98847491811,11.24918109877424
6932.0,1268233.34302345,245040.089134961,4.0,63818.79473543857,11.063803014280017
6933.0,1261301.80247235,255711.223609895,4.0,746332.9568159711,13.522927102423113
15126.0,1271777.42456308,241285.011947125,1.0,0.0,
15127.0,1281834.34047738,258483.987772733,1.0,0.0,
6936.0,1269709.00446497,241447.102507278,4.0,228878.919606356,12.34094840736313
6949.0,1264921.96023606,254558.39288871,4.0,208959.68462156807,12.249896615792496
6950.0,1264263.11146739,254571.361400723,4.0,130694.12091450737,11.780614917074274
6951.0,1266388.97732556,243221.158061102,4.0,272125.7627056488,12.514019601309766
6952.0,1266675.42884585,243213.299757093,4.0,389951.8536730023,12.873778558364481
6957.0,1284970.0316806,249835.107379869,3.0,22841.97408849033,10.036355091229835
6958.0,1285060.93900868,249832.59294787,4.0,10264.387301120874,9.236435639519737
6965.0,1267346.92292655,244624.378030539,4.0,126371.72980016704,11.746983079035768
15159.0,1278537.977594,253794.009271935,3.0,117849.32192301778,11.677162154618559
6982.0,1284502.45452811,241174.380971,3.0,85068.13333333333,11.351207783015342
6983.0,1284512.10182412,241307.404651135,3.0,190478.32384672255,12.157293681493313
6989.0,1271228.94430652,242727.173164591,4.0,256627.2758730084,12.455380022759293
6990.0,1270447.25924972,248687.251442701,3.0,112617.76735171412,11.631754773995816
15185.0,1282891.82687846,258560.393468812,1.0,0.0,
15192.0,1282244.5308778,258455.562300697,1.0,0.0,
15197.0,1265663.37476483,246324.34641628,3.0,375901.98319780827,12.837083705403764
7009.0,1261623.54455268,247142.08491312,3.0,177413.59332915716,12.08623897122733
7010.0,1260926.78186397,247157.050737128,4.0,194173.76767134693,12.176508746783078
7011.0,1259644.94352666,248282.851314291,4.0,157492.32897550604,11.96713203114428
7012.0,1272848.86494818,245464.140079394,4.0,61612.92039056938,11.02862687412802
7015.0,1272102.12760341,247479.527793467,4.0,27950.182330933298,10.238179002030064
7016.0,1272110.00920342,247741.32945773,4.0,16812.35713158311,9.729869438558385
15216.0,1286400.36281806,243143.162797019,1.0,0.0,
1398.0,1281770.97017331,252547.578678653,3.0,40426.69553180436,10.607245626220145
1399.0,1281768.78706932,253207.738807321,4.0,50278.96422959802,10.825342062444228
7046.0,1280885.49164441,256836.234171048,4.0,559112.6175441948,13.234106194358366
7047.0,1281562.41087711,256818.146939024,3.0,378828.9121556646,12.84483996302994
7048.0,1258172.45994115,246959.67646493003,3.0,48385.24970215189,10.786950288036497
7049.0,1258182.26966916,247389.600817367,4.0,46827.63460713296,10.754228790697612
7051.0,1283866.75667146,254086.155320227,1.0,0.0,
7065.0,1266288.91415747,257579.906875804,4.0,278845.53445210506,12.538413267531698
7068.0,1268463.85732768,241734.694507584,4.0,676654.422921856,13.424915967982004
7069.0,1268766.24388801,241725.690859571,4.0,238008.06163224688,12.380059824484354
7080.0,1281755.0581093,247244.695281222,4.0,202459.1586977884,12.218293459744467
7081.0,1281762.5187173,247904.630001903,4.0,169884.6468202597,12.042874937598313
7085.0,1265862.62142102,243624.459053516,4.0,172961.48461725234,12.060824216423455
7087.0,1267497.8858707,251563.665973648,4.0,306966.6660164938,12.634494440923293
7088.0,1267504.7595347,251823.198261917,4.0,400977.8497062809,12.901661467122855
7089.0,1284401.81235202,252493.954486594,3.0,70376.04632366792,11.161608233163337
7090.0,1255554.97897847,250709.157492772,4.0,284317.5270727696,12.55784694566062
7110.0,1258632.51382962,251051.011125118,4.0,46048.61795024531,10.737453029294873
7114.0,1255604.64189053,253742.088759869,4.0,85255.22509053272,11.353404684652071
7115.0,1255616.71049854,254413.707512558,4.0,118082.86174792044,11.679141875210679
7121.0,1267219.64625442,250279.434292331,4.0,60793.59189520255,11.015239665939177
7140.0,1280872.70066839,256505.580282703,4.0,260261.7676228681,12.469443202065419
7145.0,1278719.10911418,254070.586168215,3.0,18193.897687002544,9.808841524919044
7146.0,1278813.32844229,254296.654584438,3.0,398771.4665816156,12.896143766319593
15342.0,1278733.86373821,248309.278770313,1.0,0.0,
7151.0,1264964.9837881,246306.804400265,4.0,349009.35486441525,12.762854005594422
7152.0,1265389.96126054,246292.969840243,4.0,476185.5966756049,13.073562966201166
15368.0,1273579.00165293,242601.82071647,1.0,0.0,
7178.0,1274865.36453424,253498.622711629,4.0,299917.8396328684,12.61126384823924
7179.0,1281503.59698905,254848.012089014,3.0,142543.66404226987,11.867403646087277
7180.0,1262817.6967459,249544.579763576,3.0,61275.14448018932,11.02312956629136
7181.0,1262171.83741724,249558.691315591,4.0,131985.65719640066,11.790448538061817
7195.0,1259488.6036225,254371.850936517,4.0,229487.5538298629,12.343604075333989
7208.0,1260959.06820001,255027.152441189,4.0,443984.20734515047,13.003544271739315
7209.0,1272884.84722021,254621.728056774,3.0,127784.10380401208,11.75809742980913
7213.0,1266408.13246159,243610.806509495,4.0,352343.597840664,12.772362108704083
7217.0,1267649.29303886,242730.411308601,4.0,417456.9848515374,12.941936787669343
7223.0,1264292.51991542,256171.340474367,3.0,42734.1387429772,10.662753381962549
7229.0,1267913.57169513,240964.892202795,4.0,334395.10802673106,12.720078530979011
7233.0,1279242.11039473,251835.938741922,3.0,48097.03566180902,10.78097582554211
7234.0,1279512.19218701,251730.304437816,4.0,124951.14770922622,11.735678121568862
7238.0,1272786.37330012,251714.964853793,3.0,336489.955864478,12.726323578778873
7239.0,1273069.39179641,251789.399093881,4.0,206275.5082139683,12.236967972738595
15432.0,1267313.21822251,245175.328687102,3.0,141816.50544023636,11.862289285743767
15433.0,1267217.63217442,245000.75684692,3.0,13940.751232375893,9.542571573276819
7241.0,1269023.89988826,240923.525482744,4.0,119216.20296563325,11.688693955295358
7242.0,1269239.45419249,240920.587178752,4.0,138861.59745142443,11.84123301428419
7246.0,1257511.66698048,248862.274354875,4.0,264147.6489949824,12.484263502287787
7247.0,1256882.54979584,248876.295346886,4.0,152586.10870224683,11.935484362904187
7249.0,1261276.58858433,253019.20306313,4.0,236590.0838728052,12.374084318713246
7250.0,1261038.21309608,253023.939319134,3.0,51119.687177794665,10.841924969662479
7252.0,1271215.53816251,242262.589420125,4.0,416693.8609366813,12.94010708472866
7253.0,1262383.20644146,255136.678521305,3.0,143913.21848487997,11.876965747481435
7254.0,1262395.17853747,255696.303673878,4.0,412546.5278779914,12.930104273251748
7255.0,1264748.83722788,251605.856501684,4.0,122452.69074179269,11.715480036347072
7257.0,1255300.41155422,253744.917815879,4.0,112270.42340280196,11.62866573473637
7265.0,1285656.5503373,255895.855482087,4.0,779439.2036107001,13.566329970353218
7271.0,1253970.83843285,250893.335924953,3.0,330574.5232086774,12.708587399114908
7275.0,1275740.08031113,243639.48036553,4.0,110909.85272233657,11.616473012695431
7276.0,1276019.86981542,243629.215597525,4.0,47213.79895874013,10.762441479668238
15474.0,1270105.14372937,255825.018682003,1.0,0.0,
7283.0,1283848.79609545,253165.194551289,4.0,95034.40279980798,11.461994239762541
9589.0,1281777.72703733,249239.947507262,4.0,89551.20671093668,11.402565882673741
7287.0,1260961.67517601,248786.942834795,4.0,165162.17372460937,12.01468314123946
7288.0,1260313.63447134,248800.51038681,4.0,199158.3521253896,12.201855526597514
9590.0,1282051.56441361,249233.396979257,4.0,143035.21799253995,11.870846158588297
7295.0,1256229.31753916,250963.360053033,3.0,37944.89165607904,10.543890166545468
7305.0,1283488.99430308,245891.489007831,3.0,151611.03981658397,11.929073571548143
7306.0,1283917.91302352,246479.517040431,4.0,46273.35787103369,10.742321650502669
7307.0,1286639.5253783,251121.475573197,3.0,145382.15881830815,11.887121132414604
7308.0,1286645.13689831,252131.81080623003,3.0,55545.15710054787,10.92495161035907
7316.0,1266377.73879756,242761.721324638,4.0,85200.09005555007,11.352757769806873
7318.0,1276378.69253579,246023.936559975,4.0,62287.94154838739,11.039523131440912
7319.0,1276395.37989581,246583.860976547,4.0,43506.42119959858,10.680663819966808
7325.0,1276712.32639214,251321.171061397,4.0,429797.40002931136,12.97106921391518
7329.0,1265324.08702047,243637.223149523,4.0,118299.46566208253,11.680974533152241
7332.0,1261514.24196057,249041.062067062,3.0,218312.52038604103,12.293682894929274
7333.0,1261519.78000858,249306.92440334,4.0,98234.8550542102,11.495116370818694
7334.0,1266214.89002939,250304.655028358,3.0,10351.694623883868,9.24490551706715
7342.0,1272826.08715616,249272.86769929496,3.0,77172.10061948813,11.253793279756152
7344.0,1285414.07737705,244278.754670188,3.0,601828.6206744709,13.307728000495986
7345.0,1260636.48093568,251678.123061761,3.0,27725.405772724564,10.230104447737242
7353.0,1278216.43954568,246808.25553678,3.0,356112.5352817383,12.783002070223782
7354.0,1278575.75212204,246779.153904751,5.0,404881.0125803479,12.911348506824242
7355.0,1254914.85232182,252040.579062134,4.0,108086.37733980476,11.590685976627995
7356.0,1281511.09996505,251890.283061981,3.0,133063.75927798983,11.798583685399338
7357.0,1258844.29686984,248300.870962307,4.0,232448.46245618712,12.35642381258271
7358.0,1258201.63376518,248314.922162324,4.0,177430.7807397931,12.086335844177308
7364.0,1285835.36524948,253617.05816774105,3.0,165945.98407118366,12.019417617223992
15558.0,1277479.59519292,248125.873650119,4.0,464464.04180080106,13.048639421539407
7367.0,1260233.98698327,251683.673909768,4.0,637086.9914921167,13.364661489582069
7368.0,1259969.38256699,251687.684405774,4.0,91791.89759758452,11.42727931124909
15560.0,1277470.84850492,247628.208625615,4.0,147156.40757278533,11.899251297210936
15562.0,1277973.26975343,246560.040112525,4.0,167481.6840702506,12.028629275433914
15563.0,1278207.89855367,246552.148080513,3.0,188994.5435977245,12.149473423771727
7372.0,1273944.6669333,246292.103344247,3.0,354498.3278804527,12.77845890810385
7373.0,1273958.97957332,246889.42072086,4.0,221339.05274194077,12.307450980158135
7377.0,1264577.25092371,246582.304880545,3.0,92406.68549463549,11.43395460885041
15572.0,1274704.15032607,242596.141228467,3.0,622011.6601559509,13.34071411777704
7386.0,1268237.01758346,245175.378223106,4.0,115253.30694277988,11.65488765409392
7388.0,1270984.78014627,244452.651950359,4.0,180069.0806248369,12.101095837496255
15580.0,1274715.5584541,242822.322860688,3.0,12864.991017422337,9.462265026497361
15581.0,1283788.78764738,256406.195962608,1.0,0.0,
7391.0,1261406.55684046,251031.855029106,4.0,413529.7705593871,12.93248478737031
15582.0,1284027.68844762,256407.761594608,1.0,0.0,
7404.0,1265160.28650831,248542.32913854704,3.0,292104.9060505603,12.584868284025816
7405.0,1265445.6091326,248523.875442535,4.0,485780.1827570112,13.093511501710765
7406.0,1265531.07121269,252134.569334224,3.0,91324.73695848836,11.422176971379985
7407.0,1272540.13067587,253447.68875958,4.0,444043.2648844048,13.003677280100403
7408.0,1272546.44856387,254099.543736234,4.0,518130.06314052304,13.157981576868385
7409.0,1282158.84735772,249890.736243933,3.0,70145.01310286846,11.158319993949753
7410.0,1273597.09246895,243391.016301274,3.0,272352.84402734006,12.514853725303066
7411.0,1273598.88018095,243608.010285497,1.0,0.0,
7424.0,1280903.70124443,248587.760178596,3.0,30634.703152163805,10.329888735286264
7425.0,1253446.86966431,251310.637621388,3.0,169542.0,12.040855962718982
7426.0,1253653.18486452,251547.36811763,1.0,0.0,
7438.0,1279505.14495499,252590.542838693,4.0,348383.472499264,12.761059084543819
7439.0,1279497.15449099,252919.407351032,1.0,0.0,
7459.0,1283328.58547091,253175.8241833,3.0,83611.73482751682,11.333939157972223
15652.0,1274858.96466224,252551.115766659,3.0,5371.1338141727,8.588794303795943
7478.0,1258861.87984586,249098.207283124,4.0,541867.0420739325,13.202775940501713
7480.0,1254851.50825775,248132.353586137,4.0,47403.33486298597,10.766447860967515
7481.0,1280584.6250841,251245.288949326,3.0,82375.23076944442,11.319040073250893
7493.0,1270003.21681726,241439.093035281,4.0,346615.424738162,12.755971158268688
7494.0,1270297.64273757,241431.381099269,4.0,505165.1697763288,13.132640723646153
7499.0,1273599.74731696,248761.392690778,3.0,296908.28637379303,12.601178570008033
7504.0,1267905.49329512,240669.234986484,4.0,504914.7158507127,13.132144814492209
7509.0,1284156.77151977,249854.616883889,4.0,279580.012298571,12.54104380001457
15713.0,1261035.27248809,245096.215343028,3.0,58842.051051766335,10.982612032227598
15715.0,1263354.26455446,243212.8289731,4.0,73392.01221073628,11.203570383213878
15736.0,1260822.66986386,245092.89643101403,3.0,27133.178529651534,10.208512558010849
7554.0,1280117.87372363,245882.723567829,3.0,448810.05376244825,13.014355034371196
7555.0,1280603.77759612,245290.748399228,3.0,217905.2857422716,12.291815778290044
7557.0,1273223.84517257,255396.532985568,4.0,87370.82453345062,11.377916690508117
7558.0,1273230.47512457,256061.846266255,3.0,70896.83552881013,11.168981078644173
7560.0,1277920.90207337,251643.323637724,1.0,0.0,
17785.0,1276882.98847231,243265.740653142,1.0,0.0,
7561.0,1277921.83186537,251957.618614048,3.0,47974.37853839772,10.778422366928481
7565.0,1279561.16191505,257206.350523427,4.0,376578.6019654968,12.83888207459331
7566.0,1279564.58450706,257537.63692376,4.0,195292.77714943505,12.18225513281904
7567.0,1259189.88048619,252361.434358463,4.0,68756.99403149394,11.138333741721718
15761.0,1261234.51613629,245608.322863549,4.0,110529.28688464568,11.613035804503184
15762.0,1261226.06832828,245341.966127276,4.0,61941.80031332324,11.033950518544312
7585.0,1272040.53553936,244417.894830331,4.0,116913.82514245973,11.669192405159142
7586.0,1262339.02608941,261261.679039568,1.0,0.0,
7588.0,1262077.78384915,253007.239543125,4.0,469089.9534880866,13.0585498275195
7589.0,1260623.77821566,255032.45004119,4.0,388040.255843004,12.868864365396217
7590.0,1260293.92451933,255037.424761206,4.0,292535.1662064554,12.586340164774295
7599.0,1260666.38506371,257045.724859253,3.0,103757.73729770193,11.549814011675657
7600.0,1260669.96938372,257217.725499436,4.0,118971.99272448232,11.68664338913682
7603.0,1264969.40926011,250301.616628349,4.0,124151.51081013224,11.729257960094102
7609.0,1282247.77465381,257522.247547746,3.0,31724.07687781439,10.36483119453322
7612.0,1274525.18904589,251385.828085467,3.0,146118.05250735467,11.892170152784228
7613.0,1256915.91555586,250436.971380487,3.0,200185.58635164943,12.207000147025896
7614.0,1283545.64703913,242567.190508425,4.0,700563.4256317712,13.459640184031946
7630.0,1284727.38451235,242890.023212761,4.0,91067.9824137182,11.419361566080354
7635.0,1282817.24396639,253847.163703978,4.0,316943.3975644571,12.666478480337295
7636.0,1274997.31800638,245403.85969533,4.0,222953.7366773075,12.314719570073537
7637.0,1275267.25547865,245396.477487326,4.0,196259.50416066023,12.187193063316144
7638.0,1262110.83364119,245056.502126977,3.0,351513.3335774823,12.770002922877508
15830.0,1273912.44882128,244948.411502868,3.0,40524.98913804904,10.609674078572972
7646.0,1281331.06425287,254151.759224296,3.0,168933.94347473086,12.03726305048336
7648.0,1285453.43654509,255489.827385664,4.0,268384.0000000697,12.500174069784398
7649.0,1285406.64268903,255678.810617864,3.0,197739.333333287,12.194704944014708
7660.0,1274910.62821428,244210.605230108,4.0,349043.321851038,12.762951324859234
7661.0,1275190.44792658,244200.233518109,4.0,262474.22954769287,12.47790818304287
7676.0,1254896.61974579,250974.863669038,3.0,40902.720120859296,10.618951846441902
7678.0,1274602.27845398,243369.302445248,3.0,518758.07856969535,13.159192923552185
7679.0,1276972.8649524,250659.902324721,4.0,209802.17864564847,12.253920359283402
7684.0,1274788.11506216,247401.795697376,4.0,27979.96393516137,10.239243959268011
7685.0,1275053.43339844,247394.146097377,4.0,97184.28365382372,11.48436428657088
7690.0,1258888.40304588,250418.009460464,4.0,392812.5898928306,12.881087906610796
7691.0,1258899.33251789,251046.426165119,4.0,161992.73553993503,11.995306770862992
7695.0,1272865.7228682,252908.970359027,3.0,3657.925829703781,8.204651552557106
7696.0,1273412.27333276,252888.666295007,3.0,19246.48819852995,9.86508389182813
7701.0,1265304.92862046,258264.015420511,4.0,98610.96866092844,11.498937778429212
7703.0,1270920.04241821,256434.808122635,3.0,136443.87563533607,11.823668641547918
7704.0,1271581.24318688,256414.645754606,3.0,144007.26703750505,11.877619042823024
7727.0,1268113.04177533,241742.154411584,4.0,480874.6669212079,13.083361947402851
7728.0,1285411.67059304,244101.99089400505,3.0,430541.12536576175,12.972798127592194
7729.0,1285665.61785731,244097.735982001,4.0,439357.6225257117,12.993068990325579
7735.0,1283847.84524745,245886.038895831,4.0,73374.83238708225,11.203336272795008
7762.0,1278226.73119369,247134.706993103,3.0,254376.7469148147,12.446571702633802
7768.0,1256199.11414713,249654.075955689,4.0,323296.2251544509,12.686324287661602
7772.0,1281903.84095745,244077.845293984,4.0,13653.765318848358,9.521770610108849
7773.0,1279204.13439469,249283.32830731603,3.0,21033.904834635137,9.95389093071085
7775.0,1256258.89129919,253066.034999177,4.0,120215.5162880956,11.697041380007573
7776.0,1256270.6736992,253735.888951868,4.0,382006.3814717709,12.853192592872663
7788.0,1284726.28345634,240562.894954383,3.0,42482.0,10.65683573578683
7807.0,1264508.64676364,252037.452086136,4.0,33204.536710508575,10.41044179347599
16008.0,1255949.41449888,254409.737720564,4.0,45702.003506759895,10.729897416331834
7823.0,1275282.34962267,251359.889461443,4.0,157364.4857330917,11.966319958840504
7824.0,1275590.34667899,251349.416053429,3.0,113394.22887612386,11.63862577723582
7827.0,1270939.71000223,247513.925041497,4.0,229085.4048424746,12.341850159919334
7828.0,1270661.21316995,248176.60645017,4.0,235740.99210704307,12.370488990251568
7831.0,1257334.70147629,253725.015671864,4.0,357372.1441735698,12.786532938472908
7834.0,1283826.11763142,249860.679219902,4.0,317615.58785356244,12.668597087294186
7835.0,1260971.70762402,255715.7272259,4.0,489778.7413675567,13.101709019878731
7841.0,1270592.81336187,256806.61413902,4.0,648140.2394540374,13.381862370829769
7842.0,1270924.54929821,256797.350395009,3.0,282961.4131966717,12.553065818200619
7845.0,1276172.06341559,249633.868339673,4.0,113371.21508552744,11.638422802829549
7846.0,1255580.7279065,252295.132662401,4.0,151914.78248440413,11.931075001060202
7847.0,1254919.30211382,252300.695350394,4.0,245462.1058670432,12.410897859382372
7851.0,1256876.91990782,248610.454706624,4.0,300153.51293019805,12.612049332526867
7854.0,1261286.39696833,252357.452406451,4.0,273688.0161064867,12.519744109293013
7860.0,1283177.48044676,252012.092214108,3.0,273190.40420564363,12.51792428236369
7864.0,1254245.67779313,251768.02315785,4.0,197221.2330945829,12.192081388247784
7865.0,1265580.42775674,254545.898168698,4.0,260986.27512532403,12.472223099195425
7866.0,1281550.11532509,256482.401530683,4.0,169666.96997359095,12.041592794526553
7874.0,1260611.69066365,254360.158712506,4.0,650272.4701252888,13.385146738846549
7876.0,1265321.81969248,259586.474045858,3.0,48227.17639952036,10.783677966864884
7882.0,1272811.49106014,248784.5071228,4.0,191955.4064423414,12.165018365921021
7884.0,1260324.48451936,249332.33413136,4.0,207142.1057301637,12.24116033782531
7885.0,1259666.53635868,249346.78552337,4.0,233218.50636476255,12.35973108864923
7888.0,1264612.20657174,244090.214701995,4.0,794240.2730401324,13.585141305333613
7895.0,1258851.88867785,248566.644082576,4.0,301560.12499768543,12.616724694829085
7897.0,1281774.89439732,250560.088884622,4.0,103276.52805006148,11.54516540808929
7898.0,1267016.4278222,243205.469101086,4.0,748957.4361426882,13.526437433304753
16096.0,1264803.68586794,243637.857965529,3.0,38238.62723105649,10.551601467751517
7904.0,1277494.94853693,249135.161331162,3.0,215237.89975903477,12.279499205885404
7908.0,1262407.47805749,256477.796858683,3.0,290876.71629126073,12.580654801029851
7910.0,1284652.65433627,242468.916780338,3.0,180434.4266852595,12.103122703688067
7911.0,1271387.74520269,252884.660023004,3.0,39425.40049266168,10.582165570122362
7920.0,1264966.5651001,257612.036091834,4.0,162124.46994750865,11.996119652207131
7922.0,1269368.24036862,244883.507758811,4.0,74786.57291822074,11.22239364140846
7923.0,1271384.87909068,252594.034294695,3.0,47499.22631800437,10.768468701848068
7924.0,1270711.81707399,245311.86545524,3.0,39723.27964582243,10.589692683879933
7925.0,1271007.75973029,245304.250671238,4.0,228650.83595184097,12.33995138511206
7930.0,1283469.05663906,247558.020401537,4.0,17018.425793984432,9.742051906309479
7933.0,1283810.9857914,248532.590002537,3.0,146106.67936315696,11.892092314442959
7937.0,1265433.30110058,248028.921714023,3.0,310065.5212215221,12.644538912907313
7938.0,1271266.31793857,244019.240749925,4.0,101401.43522916683,11.526842524172846
7939.0,1271278.70046657,244445.040430352,4.0,174229.1641818149,12.068126747193798
7941.0,1262718.17559381,245575.314735517,4.0,322473.4854596154,12.683776196208974
7942.0,1262125.3149212,245592.631343529,6.0,538850.3980462583,13.197193256720555
7944.0,1260836.46941587,261944.86764827403,3.0,143628.102840228,11.874982618679077
7956.0,1269401.53099266,246213.986352161,3.0,69896.61214669043,11.154772459904134
7962.0,1264877.89406002,252419.479862526,3.0,111663.06034487144,11.623241226198523
7963.0,1265017.41342016,252417.16786252,3.0,198728.24133337117,12.199693548955528
7966.0,1277450.0417849,246565.877424523,4.0,80046.65305509433,11.290364906871124
7973.0,1279567.88601106,258532.151036784,4.0,199922.44884060745,12.205684814536493
7974.0,1279742.28556325,258527.50342077,1.0,0.0,
7980.0,1260005.05309503,253701.617719829,4.0,316162.7862194606,12.664012506190879
16188.0,1264081.9245232,247367.386929348,3.0,607562.6266681551,13.317210538049205
16189.0,1263892.755243,247371.676017359,4.0,421954.8969247672,12.95265370798095
7998.0,1265710.04919687,249508.403699547,4.0,68172.03735042033,11.129789750230037
8025.0,1272625.28504395,242044.327083901,4.0,239712.72161252832,12.387196492074343
8028.0,1259335.53667834,247222.789489195,3.0,8422.605740187135,9.03867452969132
8029.0,1281840.75052539,249896.46129994103,3.0,44752.3366971389,10.708898939035599
8030.0,1284849.69235247,240614.864682436,1.0,0.0,
8031.0,1276895.09932032,256289.880890489,4.0,659897.3642963718,13.399839593268025
8036.0,1271560.32651486,244011.605933905,4.0,80557.3064404862,11.296724091387665
8037.0,1263338.15402645,249667.422387704,4.0,351485.28643706103,12.769923130002708
8038.0,1261411.97181647,261019.420031324,4.0,115781.8353004437,11.659462969126324
8041.0,1276887.65413631,247492.192817479,1.0,0.0,
8047.0,1267452.46334265,248953.086514965,4.0,166410.62022460977,12.022213628797818
8050.0,1271166.10392246,249892.531507939,4.0,86280.50480953477,11.365358951315077
8051.0,1271394.45912269,250164.500788212,4.0,14784.172713543405,9.60131247627693
8054.0,1271688.49528299,253479.320567608,4.0,75410.24174352073,11.230698376913882
8066.0,1257886.45558886,253719.909367859,4.0,283073.849088049,12.553463093424789
8068.0,1256530.99869147,253064.048439175,4.0,276386.9820434452,12.529557271515573
8069.0,1256542.67024349,253733.119927868,4.0,478804.9205616572,13.079048529475424
8081.0,1268091.8935513,240953.280362785,4.0,438705.907351853,12.991584552647993
8087.0,1265642.5329088,246784.232944757,3.0,140157.61671459107,11.850522901991623
8089.0,1259326.11216633,246796.890416756,4.0,73334.86574615315,11.202791432986512
8090.0,1259125.22019812,246621.321840584,4.0,92340.33179932804,11.433236289289612
8092.0,1256246.64457919,252290.068022385,3.0,40107.61370745392,10.599321463288318
8106.0,1284557.69030418,250506.327860564,4.0,55184.81962268408,10.918443187608439
8107.0,1284558.02630417,251167.766837239,3.0,19325.59105540422,9.86918545800236
8110.0,1284134.02841574,247862.342001855,4.0,378532.7852930903,12.844057967112633
16313.0,1275344.23730274,248459.86117047103,3.0,647642.934473582,13.381094796416274
16314.0,1274484.86366986,248869.427570879,4.0,601281.5667127365,13.306818600833061
16315.0,1268516.53636774,242710.093804583,4.0,165539.23025232577,12.016963486509075
8124.0,1280911.30489244,257497.88012372,4.0,254788.87213833464,12.448190528799982
8127.0,1285850.37606549,255812.574138001,1.0,0.0,
16320.0,1262830.09104992,249810.392883852,3.0,414463.13212559535,12.93473930418688
16321.0,1262842.48605794,250076.14629212,3.0,643205.2446435239,13.37421915079923
8135.0,1281814.91302136,254905.931257069,3.0,99317.79254847288,11.50608001372542
8136.0,1278231.8981697,257577.399355799,3.0,72398.20792071926,11.189936825591207
16331.0,1259117.11063012,255742.992249921,3.0,57932.08357754483,10.96702663060328
8140.0,1272782.53406811,252234.885430336,4.0,171812.01672883585,12.054156232121315
8147.0,1282935.49113451,242866.689900741,3.0,88.72878787878787,4.4855843899716525
16340.0,1254864.93443376,248920.766386941,3.0,133670.59657535364,11.803133818001522
8148.0,1282942.86284652,243240.134701118,3.0,21838.46796770599,9.991428279399546
8149.0,1282555.93875012,255138.182457298,3.0,43155.49840119315,10.672565113682031
8153.0,1259729.20816675,253039.59051916,4.0,212311.02491482568,12.265807577171183
8154.0,1259741.06243876,253703.997943833,4.0,237427.54774195823,12.377617793776789
8155.0,1263054.80548215,261143.204223454,3.0,254290.0,12.446230627003512
16353.0,1268502.66635174,242447.536556304,3.0,87329.34827970352,11.377441862648952
16354.0,1277470.84818491,247569.510577559,4.0,95512.83540805492,11.467015919616243
16355.0,1277727.00351317,247627.577393621,4.0,42957.71607566415,10.667971563795193
16357.0,1265601.09898876,255614.235257789,4.0,199963.4407909973,12.205889832775927
16358.0,1277768.58444121,249971.551668018,3.0,81409.26273520368,11.30724433833249
16359.0,1277843.16402529,249970.011316016,3.0,48459.81100011393,10.788490094241448
8168.0,1258116.09066109,251719.682037801,4.0,41683.97561510248,10.637872056117963
16371.0,1260291.29955932,247719.728113711,4.0,106317.03223200828,11.574180779453597
8181.0,1275673.69695108,254662.540344819,3.0,6164.784451600759,8.72660845174322
8184.0,1273518.26885286,251915.247926012,4.0,212248.70127665403,12.265513985316966
16380.0,1260995.18954404,250364.574516416,3.0,411992.881737338,12.92876135084585
