transport_node,power_node,transport_community,power_community,pair,multilayer_community_id
2,6496,28,31,"(28, 31)",164
3,1780,28,31,"(28, 31)",164
6,2872,28,105,"(28, 105)",169
7,21245,15,82,"(15, 82)",92
8,405,15,82,"(15, 82)",92
11,10536,33,81,"(33, 81)",188
12,18697,33,81,"(33, 81)",188
13,9773,23,78,"(23, 78)",133
14,35220,28,21,"(28, 21)",160
15,36064,28,21,"(28, 21)",160
16,28852,21,12,"(21, 12)",117
17,22683,21,83,"(21, 83)",124
18,8834,30,54,"(30, 54)",179
20,2976,11,23,"(11, 23)",73
21,14202,11,9,"(11, 9)",72
22,14674,4,45,"(4, 45)",44
23,27050,4,45,"(4, 45)",44
24,2104,3,70,"(3, 70)",33
25,511,3,96,"(3, 96)",38
26,72,20,14,"(20, 14)",113
27,10030,20,14,"(20, 14)",113
34,10189,5,45,"(5, 45)",52
35,3491,5,22,"(5, 22)",49
36,4301,33,81,"(33, 81)",188
37,12205,33,81,"(33, 81)",188
38,2903,30,54,"(30, 54)",179
39,17896,30,54,"(30, 54)",179
40,3926,40,23,"(40, 23)",227
41,13769,40,77,"(40, 77)",234
44,4834,15,16,"(15, 16)",87
45,5608,15,16,"(15, 16)",87
46,4433,24,90,"(24, 90)",142
47,374,24,13,"(24, 13)",135
48,8706,5,22,"(5, 22)",49
49,6776,5,22,"(5, 22)",49
50,18755,1,84,"(1, 84)",10
51,2454,1,84,"(1, 84)",10
52,10661,3,66,"(3, 66)",32
53,2766,3,5,"(3, 5)",23
54,30049,9,74,"(9, 74)",68
55,19843,9,72,"(9, 72)",67
56,19844,9,72,"(9, 72)",67
59,26564,54,46,"(54, 46)",285
60,26564,54,46,"(54, 46)",285
64,30246,9,92,"(9, 92)",69
69,11678,36,43,"(36, 43)",194
70,28903,36,85,"(36, 85)",199
73,27416,32,17,"(32, 17)",184
74,24684,32,17,"(32, 17)",184
75,23458,18,104,"(18, 104)",111
76,23458,18,104,"(18, 104)",111
77,4576,38,19,"(38, 19)",211
78,4012,38,19,"(38, 19)",211
79,8776,3,96,"(3, 96)",38
80,3360,3,96,"(3, 96)",38
82,15962,18,41,"(18, 41)",109
83,2308,29,95,"(29, 95)",176
84,20740,29,95,"(29, 95)",176
85,391,28,64,"(28, 64)",165
86,2032,28,64,"(28, 64)",165
87,3731,21,58,"(21, 58)",121
88,35352,21,58,"(21, 58)",121
91,15318,42,106,"(42, 106)",242
92,22074,42,106,"(42, 106)",242
93,8402,14,86,"(14, 86)",84
94,8438,14,86,"(14, 86)",84
98,3106,42,108,"(42, 108)",243
99,33321,42,106,"(42, 106)",242
100,34186,42,106,"(42, 106)",242
105,8203,11,88,"(11, 88)",77
106,15853,11,88,"(11, 88)",77
111,29957,39,103,"(39, 103)",223
112,29957,39,103,"(39, 103)",223
113,17252,40,51,"(40, 51)",230
114,988,40,51,"(40, 51)",230
115,33739,15,16,"(15, 16)",87
116,16115,15,16,"(15, 16)",87
117,9515,40,12,"(40, 12)",225
122,13731,37,94,"(37, 94)",207
123,23179,37,94,"(37, 94)",207
127,14438,37,50,"(37, 50)",202
128,7494,37,50,"(37, 50)",202
129,32537,54,46,"(54, 46)",285
132,35127,51,97,"(51, 97)",274
133,962,51,80,"(51, 80)",271
136,32851,18,104,"(18, 104)",111
139,1743,40,28,"(40, 28)",229
140,6692,40,7,"(40, 7)",224
141,35221,28,21,"(28, 21)",160
142,22832,28,3,"(28, 3)",157
143,595,30,91,"(30, 91)",182
144,30439,30,67,"(30, 67)",180
149,16403,16,71,"(16, 71)",98
150,15945,16,71,"(16, 71)",98
156,8509,42,109,"(42, 109)",244
157,8508,42,109,"(42, 109)",244
163,3738,3,47,"(3, 47)",30
164,13010,3,47,"(3, 47)",30
167,8174,23,78,"(23, 78)",133
168,4794,23,78,"(23, 78)",133
169,36313,2,93,"(2, 93)",21
170,2796,2,93,"(2, 93)",21
177,400,3,96,"(3, 96)",38
178,11208,3,70,"(3, 70)",33
179,10367,15,107,"(15, 107)",94
180,13608,15,107,"(15, 107)",94
181,34821,40,12,"(40, 12)",225
182,722,40,12,"(40, 12)",225
185,6730,21,83,"(21, 83)",124
186,25928,21,83,"(21, 83)",124
187,33378,16,38,"(16, 38)",96
188,33378,16,38,"(16, 38)",96
189,21900,52,42,"(52, 42)",281
190,20323,52,42,"(52, 42)",281
191,4475,37,113,"(37, 113)",209
192,9115,37,113,"(37, 113)",209
193,8148,3,96,"(3, 96)",38
194,6290,3,96,"(3, 96)",38
198,10760,36,35,"(36, 35)",193
199,17772,36,35,"(36, 35)",193
204,6667,2,18,"(2, 18)",13
205,6083,2,18,"(2, 18)",13
206,9368,15,16,"(15, 16)",87
207,16849,15,16,"(15, 16)",87
208,899,1,59,"(1, 59)",8
209,24456,1,59,"(1, 59)",8
210,25971,38,42,"(38, 42)",213
211,33653,38,19,"(38, 19)",211
212,6905,15,100,"(15, 100)",93
213,6905,15,100,"(15, 100)",93
215,12326,21,83,"(21, 83)",124
216,26481,21,83,"(21, 83)",124
217,2883,23,40,"(23, 40)",130
218,16322,23,40,"(23, 40)",130
219,10416,40,51,"(40, 51)",230
220,14508,40,51,"(40, 51)",230
221,1902,18,6,"(18, 6)",106
222,22226,18,104,"(18, 104)",111
225,1427,33,48,"(33, 48)",186
226,7543,33,48,"(33, 48)",186
227,9281,28,3,"(28, 3)",157
228,768,28,3,"(28, 3)",157
231,17822,1,59,"(1, 59)",8
232,16930,1,59,"(1, 59)",8
233,5463,9,72,"(9, 72)",67
234,29749,9,72,"(9, 72)",67
237,23471,3,70,"(3, 70)",33
238,5428,3,70,"(3, 70)",33
239,29200,49,68,"(49, 68)",261
240,34344,49,68,"(49, 68)",261
241,5364,5,82,"(5, 82)",54
242,925,5,82,"(5, 82)",54
243,7153,29,76,"(29, 76)",175
244,15867,29,76,"(29, 76)",175
245,14983,43,67,"(43, 67)",250
250,5991,28,26,"(28, 26)",162
251,3745,28,31,"(28, 31)",164
252,33738,51,80,"(51, 80)",271
253,26133,51,102,"(51, 102)",275
254,12368,39,36,"(39, 36)",220
255,10003,39,36,"(39, 36)",220
256,7035,40,12,"(40, 12)",225
257,13944,40,12,"(40, 12)",225
258,315,21,57,"(21, 57)",120
259,33968,21,62,"(21, 62)",122
264,23355,1,27,"(1, 27)",3
271,3422,14,86,"(14, 86)",84
272,1490,14,86,"(14, 86)",84
273,10655,43,67,"(43, 67)",250
274,19676,43,67,"(43, 67)",250
277,19178,36,61,"(36, 61)",197
278,22837,36,85,"(36, 85)",199
284,26114,16,71,"(16, 71)",98
285,27099,16,71,"(16, 71)",98
286,3065,1,59,"(1, 59)",8
287,497,1,59,"(1, 59)",8
290,1192,3,47,"(3, 47)",30
291,7815,3,71,"(3, 71)",34
294,35134,43,8,"(43, 8)",246
295,17986,43,8,"(43, 8)",246
298,36040,26,88,"(26, 88)",149
299,14370,26,88,"(26, 88)",149
306,33271,9,92,"(9, 92)",69
307,953,9,92,"(9, 92)",69
308,17878,28,105,"(28, 105)",169
309,7465,28,76,"(28, 76)",167
314,25988,38,101,"(38, 101)",218
315,20461,38,101,"(38, 101)",218
320,37018,28,21,"(28, 21)",160
321,35599,28,21,"(28, 21)",160
322,26098,15,107,"(15, 107)",94
323,4477,15,107,"(15, 107)",94
324,7567,40,12,"(40, 12)",225
327,31503,54,61,"(54, 61)",286
328,31230,54,61,"(54, 61)",286
329,9407,5,22,"(5, 22)",49
330,32770,5,22,"(5, 22)",49
331,9605,11,9,"(11, 9)",72
332,10205,20,102,"(20, 102)",116
333,33141,20,102,"(20, 102)",116
338,5462,9,72,"(9, 72)",67
339,23437,9,72,"(9, 72)",67
342,688,14,2,"(14, 2)",80
343,21102,14,2,"(14, 2)",80
346,12488,28,26,"(28, 26)",162
347,7726,28,64,"(28, 64)",165
351,30591,37,50,"(37, 50)",202
352,18453,1,59,"(1, 59)",8
353,18453,1,59,"(1, 59)",8
354,433,40,28,"(40, 28)",229
355,2615,40,28,"(40, 28)",229
356,30216,23,40,"(23, 40)",130
358,10642,43,91,"(43, 91)",251
359,10642,43,91,"(43, 91)",251
360,23552,29,6,"(29, 6)",170
361,23552,29,6,"(29, 6)",170
362,14824,51,97,"(51, 97)",274
363,23450,51,97,"(51, 97)",274
364,26907,5,82,"(5, 82)",54
365,29475,5,82,"(5, 82)",54
373,30960,29,95,"(29, 95)",176
374,30098,29,95,"(29, 95)",176
375,25366,4,11,"(4, 11)",40
376,9333,4,11,"(4, 11)",40
377,7887,14,2,"(14, 2)",80
378,16153,14,94,"(14, 94)",85
379,24968,40,62,"(40, 62)",232
380,19557,15,37,"(15, 37)",88
381,20609,15,37,"(15, 37)",88
392,33410,42,106,"(42, 106)",242
393,27586,42,106,"(42, 106)",242
394,650,33,48,"(33, 48)",186
395,32802,33,48,"(33, 48)",186
398,33640,4,111,"(4, 111)",48
399,33640,4,111,"(4, 111)",48
402,9189,5,49,"(5, 49)",53
403,142,5,49,"(5, 49)",53
406,8250,1,96,"(1, 96)",11
407,7170,1,20,"(1, 20)",2
409,7365,27,60,"(27, 60)",153
411,5504,38,33,"(38, 33)",212
412,5503,38,33,"(38, 33)",212
413,21453,16,71,"(16, 71)",98
414,21453,16,71,"(16, 71)",98
422,1819,28,105,"(28, 105)",169
423,18794,28,105,"(28, 105)",169
424,615,37,50,"(37, 50)",202
425,106,36,43,"(36, 43)",194
426,106,36,43,"(36, 43)",194
427,10042,37,50,"(37, 50)",202
432,25173,14,10,"(14, 10)",81
433,4124,14,10,"(14, 10)",81
436,31976,37,114,"(37, 114)",210
437,31976,37,114,"(37, 114)",210
438,29605,15,37,"(15, 37)",88
439,4946,15,37,"(15, 37)",88
440,26098,15,107,"(15, 107)",94
441,20739,51,80,"(51, 80)",271
442,7537,11,57,"(11, 57)",74
443,11972,11,57,"(11, 57)",74
444,215,29,30,"(29, 30)",173
445,1991,29,30,"(29, 30)",173
446,27922,49,89,"(49, 89)",262
447,36983,49,89,"(49, 89)",262
454,9,42,92,"(42, 92)",241
455,964,42,92,"(42, 92)",241
456,4248,36,46,"(36, 46)",195
457,19323,9,10,"(9, 10)",65
458,1256,9,10,"(9, 10)",65
459,33282,54,46,"(54, 46)",285
460,1847,54,46,"(54, 46)",285
463,20189,14,86,"(14, 86)",84
464,6757,14,86,"(14, 86)",84
465,1944,28,6,"(28, 6)",158
466,3712,28,76,"(28, 76)",167
467,14858,37,44,"(37, 44)",201
468,2898,37,56,"(37, 56)",203
469,19453,24,90,"(24, 90)",142
471,12825,30,15,"(30, 15)",178
472,6477,30,54,"(30, 54)",179
479,26770,42,108,"(42, 108)",243
480,6364,42,58,"(42, 58)",239
487,15223,40,77,"(40, 77)",234
488,12817,40,77,"(40, 77)",234
496,27015,30,15,"(30, 15)",178
497,830,30,15,"(30, 15)",178
498,168,1,27,"(1, 27)",3
499,8811,1,27,"(1, 27)",3
500,833,20,53,"(20, 53)",114
501,5246,20,14,"(20, 14)",113
505,14411,49,3,"(49, 3)",256
506,1827,2,18,"(2, 18)",13
507,1828,2,18,"(2, 18)",13
508,10082,5,49,"(5, 49)",53
509,10082,5,49,"(5, 49)",53
512,5073,28,105,"(28, 105)",169
513,10544,28,105,"(28, 105)",169
516,106,36,43,"(36, 43)",194
517,14464,36,43,"(36, 43)",194
525,33603,33,15,"(33, 15)",185
526,33603,33,15,"(33, 15)",185
536,536,20,102,"(20, 102)",116
537,36777,20,102,"(20, 102)",116
538,24974,50,9,"(50, 9)",266
540,26292,15,107,"(15, 107)",94
541,2701,15,107,"(15, 107)",94
542,11773,18,104,"(18, 104)",111
543,15770,18,104,"(18, 104)",111
547,28131,5,45,"(5, 45)",52
548,28131,5,45,"(5, 45)",52
550,2229,4,4,"(4, 4)",39
551,12016,4,4,"(4, 4)",39
552,22718,14,2,"(14, 2)",80
557,2059,43,8,"(43, 8)",246
558,26784,43,8,"(43, 8)",246
564,9074,54,46,"(54, 46)",285
565,25232,38,99,"(38, 99)",217
566,21216,38,99,"(38, 99)",217
567,822,9,92,"(9, 92)",69
568,822,9,92,"(9, 92)",69
571,1319,3,47,"(3, 47)",30
572,34114,3,47,"(3, 47)",30
575,27646,21,109,"(21, 109)",126
576,23737,21,109,"(21, 109)",126
577,11290,3,96,"(3, 96)",38
578,11036,3,96,"(3, 96)",38
581,30149,39,103,"(39, 103)",223
582,3268,39,103,"(39, 103)",223
585,30622,36,61,"(36, 61)",197
586,14182,36,61,"(36, 61)",197
587,1865,42,92,"(42, 92)",241
588,1865,42,92,"(42, 92)",241
591,9375,36,61,"(36, 61)",197
592,12066,36,46,"(36, 46)",195
594,12748,38,33,"(38, 33)",212
595,14463,30,15,"(30, 15)",178
596,2019,30,15,"(30, 15)",178
600,266,42,106,"(42, 106)",242
601,1223,42,106,"(42, 106)",242
602,16462,54,46,"(54, 46)",285
603,24824,54,46,"(54, 46)",285
606,36345,23,40,"(23, 40)",130
607,34235,23,40,"(23, 40)",130
608,35255,2,65,"(2, 65)",19
609,8867,2,65,"(2, 65)",19
610,5388,1,96,"(1, 96)",11
611,5389,1,96,"(1, 96)",11
614,16000,40,77,"(40, 77)",234
615,11453,40,77,"(40, 77)",234
616,3899,40,28,"(40, 28)",229
617,11126,40,28,"(40, 28)",229
618,11277,24,52,"(24, 52)",140
619,11397,24,52,"(24, 52)",140
624,473,20,14,"(20, 14)",113
625,3264,20,14,"(20, 14)",113
626,20652,52,60,"(52, 60)",282
627,20651,52,60,"(52, 60)",282
628,2967,38,19,"(38, 19)",211
629,16722,38,19,"(38, 19)",211
630,15209,38,99,"(38, 99)",217
631,10471,38,33,"(38, 33)",212
632,9543,1,84,"(1, 84)",10
633,2519,1,84,"(1, 84)",10
634,19625,27,61,"(27, 61)",154
635,105,27,75,"(27, 75)",155
636,19640,23,40,"(23, 40)",130
637,7432,23,40,"(23, 40)",130
638,18266,51,13,"(51, 13)",270
639,11011,51,97,"(51, 97)",274
640,30412,5,38,"(5, 38)",51
641,21684,5,82,"(5, 82)",54
642,2108,9,2,"(9, 2)",64
643,36873,21,34,"(21, 34)",119
644,19284,21,34,"(21, 34)",119
649,12531,48,10,"(48, 10)",253
650,19547,48,1,"(48, 1)",252
653,24621,36,46,"(36, 46)",195
654,4016,36,46,"(36, 46)",195
655,34,48,1,"(48, 1)",252
656,34,48,1,"(48, 1)",252
657,33394,30,91,"(30, 91)",182
658,6364,42,58,"(42, 58)",239
663,2510,38,19,"(38, 19)",211
664,2510,38,19,"(38, 19)",211
665,16154,21,62,"(21, 62)",122
666,20884,21,58,"(21, 58)",121
667,31838,49,89,"(49, 89)",262
671,19568,54,46,"(54, 46)",285
672,19849,54,46,"(54, 46)",285
677,27337,36,43,"(36, 43)",194
678,27616,36,43,"(36, 43)",194
679,2484,36,43,"(36, 43)",194
680,29099,36,43,"(36, 43)",194
683,3510,48,10,"(48, 10)",253
684,3511,48,10,"(48, 10)",253
685,11252,28,105,"(28, 105)",169
686,3091,28,105,"(28, 105)",169
687,21121,5,82,"(5, 82)",54
688,19544,5,82,"(5, 82)",54
693,23522,15,100,"(15, 100)",93
694,10107,15,100,"(15, 100)",93
697,1701,38,33,"(38, 33)",212
698,9754,3,70,"(3, 70)",33
699,9959,3,70,"(3, 70)",33
700,6426,15,66,"(15, 66)",90
701,2423,15,66,"(15, 66)",90
702,6893,2,18,"(2, 18)",13
711,16749,27,75,"(27, 75)",155
712,16749,27,75,"(27, 75)",155
713,16532,36,61,"(36, 61)",197
714,16532,36,61,"(36, 61)",197
715,20862,37,63,"(37, 63)",204
716,33078,37,63,"(37, 63)",204
717,592,33,15,"(33, 15)",185
718,13952,33,15,"(33, 15)",185
719,22509,48,10,"(48, 10)",253
720,27213,32,17,"(32, 17)",184
721,13543,32,17,"(32, 17)",184
722,15089,54,61,"(54, 61)",286
723,7768,3,70,"(3, 70)",33
724,1321,3,70,"(3, 70)",33
725,20424,36,46,"(36, 46)",195
726,24621,36,46,"(36, 46)",195
727,12664,36,46,"(36, 46)",195
738,31653,42,106,"(42, 106)",242
739,981,4,84,"(4, 84)",47
740,11486,4,84,"(4, 84)",47
741,9679,48,10,"(48, 10)",253
742,18545,36,61,"(36, 61)",197
743,6224,36,61,"(36, 61)",197
747,7908,51,80,"(51, 80)",271
751,20993,16,38,"(16, 38)",96
752,9265,16,38,"(16, 38)",96
755,36987,28,25,"(28, 25)",161
756,35160,28,25,"(28, 25)",161
757,6623,43,54,"(43, 54)",249
758,6623,43,54,"(43, 54)",249
764,30919,42,106,"(42, 106)",242
765,33384,42,106,"(42, 106)",242
768,14599,24,97,"(24, 97)",143
769,19448,24,97,"(24, 97)",143
772,15988,2,93,"(2, 93)",21
773,35284,2,87,"(2, 87)",20
774,30919,42,106,"(42, 106)",242
777,777,42,106,"(42, 106)",242
778,11733,33,81,"(33, 81)",188
779,17904,38,33,"(38, 33)",212
780,17904,38,33,"(38, 33)",212
783,33738,51,80,"(51, 80)",271
784,33738,51,80,"(51, 80)",271
786,6902,28,3,"(28, 3)",157
787,8837,28,3,"(28, 3)",157
790,20997,1,84,"(1, 84)",10
791,11986,1,59,"(1, 59)",8
792,33319,14,86,"(14, 86)",84
793,19514,14,86,"(14, 86)",84
794,10689,36,61,"(36, 61)",197
795,36721,36,61,"(36, 61)",197
796,5579,32,17,"(32, 17)",184
797,5579,32,17,"(32, 17)",184
798,5100,4,45,"(4, 45)",44
799,5101,4,45,"(4, 45)",44
800,16316,50,80,"(50, 80)",267
801,9242,26,88,"(26, 88)",149
802,9243,26,88,"(26, 88)",149
803,5022,28,91,"(28, 91)",168
804,34831,28,91,"(28, 91)",168
805,148,29,95,"(29, 95)",176
806,9731,29,95,"(29, 95)",176
807,8217,51,90,"(51, 90)",273
808,8217,51,90,"(51, 90)",273
809,198,42,108,"(42, 108)",243
810,3770,42,108,"(42, 108)",243
813,8269,1,27,"(1, 27)",3
814,15154,52,19,"(52, 19)",277
815,29807,52,19,"(52, 19)",277
816,34317,36,61,"(36, 61)",197
817,28227,36,61,"(36, 61)",197
818,28002,9,72,"(9, 72)",67
821,14200,14,86,"(14, 86)",84
822,30943,14,86,"(14, 86)",84
825,30042,39,98,"(39, 98)",221
826,34929,39,98,"(39, 98)",221
827,4351,15,100,"(15, 100)",93
828,7892,15,66,"(15, 66)",90
831,15169,42,109,"(42, 109)",244
832,15604,42,109,"(42, 109)",244
835,5074,54,46,"(54, 46)",285
836,34024,54,46,"(54, 46)",285
837,5464,36,46,"(36, 46)",195
838,5361,36,46,"(36, 46)",195
839,7464,3,96,"(3, 96)",38
840,3396,3,96,"(3, 96)",38
841,33745,28,21,"(28, 21)",160
842,8291,28,3,"(28, 3)",157
847,3231,30,54,"(30, 54)",179
848,6118,30,15,"(30, 15)",178
849,30319,15,37,"(15, 37)",88
850,12164,15,37,"(15, 37)",88
851,10143,4,59,"(4, 59)",46
852,87,4,59,"(4, 59)",46
853,19625,27,61,"(27, 61)",154
854,105,27,75,"(27, 75)",155
855,236,1,27,"(1, 27)",3
856,18422,1,27,"(1, 27)",3
859,1260,4,111,"(4, 111)",48
860,11186,4,11,"(4, 11)",40
861,16779,40,20,"(40, 20)",226
862,9814,29,76,"(29, 76)",175
863,3140,29,76,"(29, 76)",175
870,37322,40,28,"(40, 28)",229
871,2290,40,77,"(40, 77)",234
872,11849,15,82,"(15, 82)",92
873,6884,15,55,"(15, 55)",89
874,22729,2,87,"(2, 87)",20
875,785,4,4,"(4, 4)",39
876,6340,4,4,"(4, 4)",39
877,18195,30,54,"(30, 54)",179
878,5272,30,54,"(30, 54)",179
879,16948,40,28,"(40, 28)",229
880,30940,40,28,"(40, 28)",229
881,14855,37,114,"(37, 114)",210
882,30892,37,114,"(37, 114)",210
885,14454,4,45,"(4, 45)",44
886,14730,4,45,"(4, 45)",44
887,6493,38,33,"(38, 33)",212
888,17822,1,59,"(1, 59)",8
889,3779,4,4,"(4, 4)",39
890,4703,4,4,"(4, 4)",39
891,7012,1,59,"(1, 59)",8
893,33700,28,73,"(28, 73)",166
894,23248,28,73,"(28, 73)",166
895,11498,28,31,"(28, 31)",164
896,11497,28,31,"(28, 31)",164
899,1795,24,27,"(24, 27)",138
900,5204,24,13,"(24, 13)",135
901,19300,26,88,"(26, 88)",149
902,6383,26,88,"(26, 88)",149
910,36721,36,61,"(36, 61)",197
919,10770,24,90,"(24, 90)",142
920,14381,24,90,"(24, 90)",142
923,17662,15,82,"(15, 82)",92
924,6889,23,44,"(23, 44)",131
925,13337,23,78,"(23, 78)",133
926,4094,4,4,"(4, 4)",39
927,18682,4,4,"(4, 4)",39
928,1286,28,6,"(28, 6)",158
929,12583,28,6,"(28, 6)",158
930,16847,30,54,"(30, 54)",179
931,31671,30,54,"(30, 54)",179
932,18378,28,25,"(28, 25)",161
933,21743,28,25,"(28, 25)",161
934,21523,5,37,"(5, 37)",50
935,18958,5,37,"(5, 37)",50
936,8369,15,37,"(15, 37)",88
937,21747,15,37,"(15, 37)",88
938,26090,3,79,"(3, 79)",36
939,34425,3,79,"(3, 79)",36
940,4708,54,46,"(54, 46)",285
941,15173,4,49,"(4, 49)",45
942,25498,4,49,"(4, 49)",45
943,11958,1,59,"(1, 59)",8
944,1500,1,59,"(1, 59)",8
947,8758,40,77,"(40, 77)",234
948,8606,40,77,"(40, 77)",234
951,24693,38,33,"(38, 33)",212
952,18942,38,33,"(38, 33)",212
953,25630,4,84,"(4, 84)",47
954,21621,4,84,"(4, 84)",47
955,27086,37,114,"(37, 114)",210
956,27086,37,114,"(37, 114)",210
958,11058,28,31,"(28, 31)",164
959,11058,28,31,"(28, 31)",164
960,973,15,55,"(15, 55)",89
961,5178,15,55,"(15, 55)",89
962,11960,27,35,"(27, 35)",151
963,11380,27,75,"(27, 75)",155
964,6706,27,61,"(27, 61)",154
967,4680,26,13,"(26, 13)",144
968,5923,26,13,"(26, 13)",144
971,705,43,8,"(43, 8)",246
972,3370,43,8,"(43, 8)",246
973,26590,52,60,"(52, 60)",282
974,26590,52,60,"(52, 60)",282
975,33954,28,21,"(28, 21)",160
976,35632,28,21,"(28, 21)",160
977,15914,3,71,"(3, 71)",34
978,3110,3,70,"(3, 70)",33
983,2486,15,100,"(15, 100)",93
984,11697,4,111,"(4, 111)",48
985,482,4,111,"(4, 111)",48
986,10191,28,31,"(28, 31)",164
987,28672,49,89,"(49, 89)",262
988,5225,49,89,"(49, 89)",262
989,15325,33,48,"(33, 48)",186
990,10015,33,48,"(33, 48)",186
991,31044,23,40,"(23, 40)",130
992,37040,23,40,"(23, 40)",130
993,24536,40,77,"(40, 77)",234
994,12089,40,77,"(40, 77)",234
995,10359,15,37,"(15, 37)",88
996,21756,15,37,"(15, 37)",88
997,32990,4,45,"(4, 45)",44
998,14693,36,35,"(36, 35)",193
999,26134,36,35,"(36, 35)",193
1004,18811,49,89,"(49, 89)",262
1005,37285,23,5,"(23, 5)",127
1006,14871,23,5,"(23, 5)",127
1007,23347,16,38,"(16, 38)",96
1008,21394,5,49,"(5, 49)",53
1009,437,30,54,"(30, 54)",179
1010,15892,30,54,"(30, 54)",179
1011,13705,24,97,"(24, 97)",143
1020,30104,27,61,"(27, 61)",154
1021,20707,27,61,"(27, 61)",154
1028,31648,3,47,"(3, 47)",30
1029,2569,3,66,"(3, 66)",32
1030,8661,4,45,"(4, 45)",44
1031,16485,4,45,"(4, 45)",44
1034,28534,15,107,"(15, 107)",94
1035,17179,15,107,"(15, 107)",94
1036,9188,29,104,"(29, 104)",177
1037,23028,18,104,"(18, 104)",111
1038,3758,43,54,"(43, 54)",249
1039,3758,43,54,"(43, 54)",249
1044,3994,43,67,"(43, 67)",250
1045,3994,43,67,"(43, 67)",250
1054,24166,28,91,"(28, 91)",168
1055,24166,28,91,"(28, 91)",168
1056,7902,52,36,"(52, 36)",279
1057,6938,52,36,"(52, 36)",279
1058,10763,36,61,"(36, 61)",197
1059,4545,36,61,"(36, 61)",197
1060,17579,52,42,"(52, 42)",281
1061,18686,52,42,"(52, 42)",281
1062,12895,26,69,"(26, 69)",147
1063,12895,26,69,"(26, 69)",147
1064,24097,51,80,"(51, 80)",271
1065,21238,51,80,"(51, 80)",271
1068,30395,29,95,"(29, 95)",176
1069,5408,29,95,"(29, 95)",176
1070,479,32,17,"(32, 17)",184
1071,36084,32,17,"(32, 17)",184
1074,19965,9,106,"(9, 106)",70
1075,26684,9,106,"(9, 106)",70
1076,32239,18,76,"(18, 76)",110
1077,14123,29,104,"(29, 104)",177
1078,12352,23,78,"(23, 78)",133
1079,12352,23,78,"(23, 78)",133
1083,2509,33,48,"(33, 48)",186
1084,6117,33,48,"(33, 48)",186
1085,1077,24,90,"(24, 90)",142
1089,24238,38,19,"(38, 19)",211
1090,28240,38,19,"(38, 19)",211
1091,661,3,96,"(3, 96)",38
1092,14195,3,70,"(3, 70)",33
1093,2029,28,105,"(28, 105)",169
1094,11158,28,105,"(28, 105)",169
1095,23147,11,9,"(11, 9)",72
1096,11952,11,23,"(11, 23)",73
1097,26433,23,78,"(23, 78)",133
1098,1483,23,12,"(23, 12)",128
1099,25188,4,4,"(4, 4)",39
1100,18145,4,11,"(4, 11)",40
1101,21738,2,93,"(2, 93)",21
1102,31819,2,26,"(2, 26)",15
1103,29559,23,40,"(23, 40)",130
1104,3165,23,40,"(23, 40)",130
1107,11636,36,61,"(36, 61)",197
1108,13708,36,61,"(36, 61)",197
1110,26716,8,36,"(8, 36)",62
1111,3004,33,81,"(33, 81)",188
1112,8562,33,81,"(33, 81)",188
1113,9324,33,48,"(33, 48)",186
1114,33412,33,48,"(33, 48)",186
1115,278,51,80,"(51, 80)",271
1116,8851,51,97,"(51, 97)",274
1117,13120,29,6,"(29, 6)",170
1118,21680,29,6,"(29, 6)",170
1119,9864,2,18,"(2, 18)",13
1120,30083,2,18,"(2, 18)",13
1121,9977,11,9,"(11, 9)",72
1122,6631,17,59,"(17, 59)",104
1123,12193,17,59,"(17, 59)",104
1124,14485,40,12,"(40, 12)",225
1133,29414,54,46,"(54, 46)",285
1134,21310,54,46,"(54, 46)",285
1135,28359,9,72,"(9, 72)",67
1136,28359,9,72,"(9, 72)",67
1139,25851,42,92,"(42, 92)",241
1140,17140,42,92,"(42, 92)",241
1143,26062,3,70,"(3, 70)",33
1144,33555,3,70,"(3, 70)",33
1145,13219,38,19,"(38, 19)",211
1148,22210,26,69,"(26, 69)",147
1149,5046,26,69,"(26, 69)",147
1152,775,11,23,"(11, 23)",73
1153,14913,11,23,"(11, 23)",73
1154,15749,5,37,"(5, 37)",50
1155,24600,5,37,"(5, 37)",50
1156,14000,30,54,"(30, 54)",179
1157,25718,30,54,"(30, 54)",179
1162,17594,40,24,"(40, 24)",228
1163,22996,40,24,"(40, 24)",228
1164,17963,1,84,"(1, 84)",10
1165,11688,1,59,"(1, 59)",8
1166,20673,51,90,"(51, 90)",273
1167,20673,51,90,"(51, 90)",273
1168,34125,2,87,"(2, 87)",20
1169,7066,2,26,"(2, 26)",15
1174,26060,15,16,"(15, 16)",87
1175,26059,15,16,"(15, 16)",87
1176,34855,28,73,"(28, 73)",166
1177,37284,28,73,"(28, 73)",166
1180,11091,37,78,"(37, 78)",206
1181,23280,37,113,"(37, 113)",209
1182,19297,16,49,"(16, 49)",97
1183,1557,16,49,"(16, 49)",97
1184,5460,28,73,"(28, 73)",166
1185,33163,28,3,"(28, 3)",157
1186,11110,3,47,"(3, 47)",30
1187,28511,3,5,"(3, 5)",23
1188,13192,40,12,"(40, 12)",225
1189,15943,40,12,"(40, 12)",225
1195,399,48,1,"(48, 1)",252
1196,8030,48,1,"(48, 1)",252
1197,6016,9,72,"(9, 72)",67
1198,31131,9,106,"(9, 106)",70
1201,13436,54,46,"(54, 46)",285
1202,9122,37,50,"(37, 50)",202
1203,9122,37,50,"(37, 50)",202
1204,8256,16,71,"(16, 71)",98
1205,17146,16,71,"(16, 71)",98
1206,21740,37,63,"(37, 63)",204
1207,4514,37,113,"(37, 113)",209
1208,17748,18,17,"(18, 17)",108
1209,13157,18,17,"(18, 17)",108
1210,22648,30,54,"(30, 54)",179
1211,16769,30,54,"(30, 54)",179
1212,4549,21,83,"(21, 83)",124
1213,7923,21,62,"(21, 62)",122
1216,2875,51,90,"(51, 90)",273
1217,10660,51,90,"(51, 90)",273
1218,6972,28,21,"(28, 21)",160
1219,33568,28,21,"(28, 21)",160
1220,3607,27,75,"(27, 75)",155
1221,32383,27,75,"(27, 75)",155
1222,17380,21,83,"(21, 83)",124
1225,15352,24,90,"(24, 90)",142
1226,15171,24,90,"(24, 90)",142
1227,34303,3,79,"(3, 79)",36
1228,21697,3,79,"(3, 79)",36
1230,12497,3,70,"(3, 70)",33
1231,22534,3,70,"(3, 70)",33
1232,15292,8,36,"(8, 36)",62
1234,16453,21,58,"(21, 58)",121
1235,16154,21,62,"(21, 62)",122
1236,25326,24,97,"(24, 97)",143
1237,26563,26,97,"(26, 97)",150
1242,35629,50,102,"(50, 102)",268
1243,37247,50,80,"(50, 80)",267
1246,17620,14,86,"(14, 86)",84
1247,13785,9,92,"(9, 92)",69
1248,13785,9,92,"(9, 92)",69
1249,35934,3,79,"(3, 79)",36
1250,6711,3,79,"(3, 79)",36
1251,2425,4,11,"(4, 11)",40
1252,5047,4,11,"(4, 11)",40
1253,5816,5,22,"(5, 22)",49
1254,1131,5,22,"(5, 22)",49
1255,1757,29,6,"(29, 6)",170
1256,4868,29,6,"(29, 6)",170
1257,37439,28,25,"(28, 25)",161
1258,11617,28,25,"(28, 25)",161
1259,35453,28,64,"(28, 64)",165
1260,35453,28,64,"(28, 64)",165
1261,25087,29,95,"(29, 95)",176
1262,27399,29,95,"(29, 95)",176
1268,11948,28,6,"(28, 6)",158
1269,14291,28,30,"(28, 30)",163
1270,9746,23,40,"(23, 40)",130
1271,10121,23,40,"(23, 40)",130
1272,22080,39,98,"(39, 98)",221
1273,16943,39,98,"(39, 98)",221
1274,12838,33,15,"(33, 15)",185
1275,26227,33,15,"(33, 15)",185
1276,5534,51,80,"(51, 80)",271
1277,7908,51,80,"(51, 80)",271
1278,22574,33,81,"(33, 81)",188
1279,3930,33,48,"(33, 48)",186
1280,3114,3,96,"(3, 96)",38
1281,6230,3,96,"(3, 96)",38
1284,1635,15,66,"(15, 66)",90
1285,3373,15,66,"(15, 66)",90
1286,8336,21,58,"(21, 58)",121
1287,3416,21,58,"(21, 58)",121
1288,33225,51,97,"(51, 97)",274
1289,23710,51,97,"(51, 97)",274
1292,33053,2,87,"(2, 87)",20
1293,16021,48,1,"(48, 1)",252
1294,18716,48,1,"(48, 1)",252
1301,11965,28,105,"(28, 105)",169
1302,21743,28,25,"(28, 25)",161
1303,29777,15,37,"(15, 37)",88
1304,16427,32,17,"(32, 17)",184
1305,11531,32,17,"(32, 17)",184
1306,7551,18,6,"(18, 6)",106
1307,189,18,104,"(18, 104)",111
1308,23885,39,36,"(39, 36)",220
1309,23885,39,36,"(39, 36)",220
1312,4537,11,9,"(11, 9)",72
1313,4609,11,9,"(11, 9)",72
1316,2686,29,76,"(29, 76)",175
1317,2445,29,76,"(29, 76)",175
1318,5114,43,67,"(43, 67)",250
1321,14251,38,99,"(38, 99)",217
1322,37190,9,74,"(9, 74)",68
1323,37190,9,74,"(9, 74)",68
1327,15512,14,94,"(14, 94)",85
1328,16937,37,114,"(37, 114)",210
1329,4262,37,50,"(37, 50)",202
1330,31642,16,71,"(16, 71)",98
1331,16515,16,71,"(16, 71)",98
1334,22724,39,103,"(39, 103)",223
1335,22724,39,103,"(39, 103)",223
1338,34921,4,45,"(4, 45)",44
1339,10055,4,45,"(4, 45)",44
1340,778,5,49,"(5, 49)",53
1341,35582,5,49,"(5, 49)",53
1342,9814,29,76,"(29, 76)",175
1343,31469,18,104,"(18, 104)",111
1344,31469,18,104,"(18, 104)",111
1345,23467,18,104,"(18, 104)",111
1346,23467,18,104,"(18, 104)",111
1347,5458,40,77,"(40, 77)",234
1348,12790,40,77,"(40, 77)",234
1349,8962,28,3,"(28, 3)",157
1350,4651,28,3,"(28, 3)",157
1351,20255,17,32,"(17, 32)",101
1352,18819,17,52,"(17, 52)",103
1353,19795,38,99,"(38, 99)",217
1354,19795,38,99,"(38, 99)",217
1355,8882,11,23,"(11, 23)",73
1356,207,11,23,"(11, 23)",73
1359,2842,32,17,"(32, 17)",184
1360,24296,32,17,"(32, 17)",184
1361,4058,29,6,"(29, 6)",170
1362,4924,29,6,"(29, 6)",170
1363,13353,29,76,"(29, 76)",175
1364,16351,29,76,"(29, 76)",175
1367,1870,43,67,"(43, 67)",250
1368,1870,43,67,"(43, 67)",250
1369,29108,9,72,"(9, 72)",67
1370,29108,9,72,"(9, 72)",67
1371,3015,30,91,"(30, 91)",182
1372,33639,37,50,"(37, 50)",202
1373,33639,37,50,"(37, 50)",202
1375,35522,51,97,"(51, 97)",274
1376,33209,48,1,"(48, 1)",252
1377,12306,48,1,"(48, 1)",252
1378,10416,40,51,"(40, 51)",230
1379,15122,43,91,"(43, 91)",251
1380,24524,43,91,"(43, 91)",251
1383,22897,21,12,"(21, 12)",117
1384,32892,2,18,"(2, 18)",13
1385,12810,2,18,"(2, 18)",13
1388,3649,16,71,"(16, 71)",98
1389,35545,16,71,"(16, 71)",98
1390,32996,28,21,"(28, 21)",160
1391,36656,28,21,"(28, 21)",160
1392,20000,20,102,"(20, 102)",116
1393,5811,20,102,"(20, 102)",116
1394,21018,1,84,"(1, 84)",10
1395,14416,1,84,"(1, 84)",10
1396,20179,36,35,"(36, 35)",193
1397,2006,36,35,"(36, 35)",193
1398,1389,24,97,"(24, 97)",143
1399,7831,24,97,"(24, 97)",143
1400,33517,15,16,"(15, 16)",87
1401,35274,15,107,"(15, 107)",94
1402,19486,4,111,"(4, 111)",48
1403,18117,4,11,"(4, 11)",40
1404,33001,40,12,"(40, 12)",225
1405,4583,40,83,"(40, 83)",235
1406,15428,37,63,"(37, 63)",204
1409,19827,38,99,"(38, 99)",217
1412,9816,48,1,"(48, 1)",252
1413,33034,48,1,"(48, 1)",252
1418,10925,28,21,"(28, 21)",160
1419,24410,28,21,"(28, 21)",160
1420,7730,49,68,"(49, 68)",261
1421,5536,49,68,"(49, 68)",261
1426,11847,16,38,"(16, 38)",96
1427,16587,16,38,"(16, 38)",96
1433,9238,23,5,"(23, 5)",127
1434,2307,23,56,"(23, 56)",132
1436,18797,36,85,"(36, 85)",199
1437,149,36,85,"(36, 85)",199
1440,4775,37,50,"(37, 50)",202
1441,4775,37,50,"(37, 50)",202
1442,5087,14,10,"(14, 10)",81
1443,5087,14,10,"(14, 10)",81
1444,27432,18,104,"(18, 104)",111
1445,27013,37,114,"(37, 114)",210
1446,31764,37,114,"(37, 114)",210
1447,962,51,80,"(51, 80)",271
1452,1550,3,96,"(3, 96)",38
1453,7085,32,17,"(32, 17)",184
1454,16820,32,17,"(32, 17)",184
1455,36764,23,40,"(23, 40)",130
1456,36764,23,40,"(23, 40)",130
1459,34177,20,90,"(20, 90)",115
1460,15480,20,90,"(20, 90)",115
1461,22331,37,44,"(37, 44)",201
1462,27275,37,44,"(37, 44)",201
1463,6010,33,99,"(33, 99)",190
1464,5726,33,99,"(33, 99)",190
1466,4261,26,69,"(26, 69)",147
1467,5166,26,69,"(26, 69)",147
1468,37395,52,75,"(52, 75)",283
1469,1928,52,60,"(52, 60)",282
1470,10207,48,10,"(48, 10)",253
1471,16787,48,1,"(48, 1)",252
1472,23767,37,94,"(37, 94)",207
1473,33418,42,106,"(42, 106)",242
1474,33418,42,106,"(42, 106)",242
1482,9923,38,99,"(38, 99)",217
1483,12955,38,33,"(38, 33)",212
1490,17964,40,24,"(40, 24)",228
1491,15767,40,24,"(40, 24)",228
1493,17803,30,54,"(30, 54)",179
1494,16847,30,54,"(30, 54)",179
1495,2719,3,38,"(3, 38)",28
1496,33373,3,96,"(3, 96)",38
1497,1130,23,78,"(23, 78)",133
1498,1371,23,78,"(23, 78)",133
1499,1407,28,64,"(28, 64)",165
1500,5895,28,64,"(28, 64)",165
1501,6703,33,15,"(33, 15)",185
1502,10284,33,15,"(33, 15)",185
1504,7166,3,70,"(3, 70)",33
1505,8308,28,31,"(28, 31)",164
1506,14474,28,31,"(28, 31)",164
1507,22975,4,11,"(4, 11)",40
1508,19104,4,11,"(4, 11)",40
1510,28767,15,100,"(15, 100)",93
1511,28767,15,100,"(15, 100)",93
1512,8715,1,59,"(1, 59)",8
1513,28644,1,59,"(1, 59)",8
1515,9700,15,82,"(15, 82)",92
1516,6095,15,82,"(15, 82)",92
1517,16810,11,9,"(11, 9)",72
1518,20023,38,99,"(38, 99)",217
1519,22382,38,33,"(38, 33)",212
1520,23317,28,6,"(28, 6)",158
1521,31974,28,6,"(28, 6)",158
1522,1691,33,15,"(33, 15)",185
1523,10284,33,15,"(33, 15)",185
1524,13790,37,114,"(37, 114)",210
1525,13271,18,41,"(18, 41)",109
1526,31240,18,41,"(18, 41)",109
1527,34379,4,111,"(4, 111)",48
1528,32075,4,11,"(4, 11)",40
1529,9794,48,10,"(48, 10)",253
1530,10302,48,10,"(48, 10)",253
1531,6303,42,106,"(42, 106)",242
1533,12695,37,94,"(37, 94)",207
1534,9113,37,94,"(37, 94)",207
1535,34466,54,46,"(54, 46)",285
1538,6765,36,46,"(36, 46)",195
1539,2386,36,46,"(36, 46)",195
1540,12892,48,1,"(48, 1)",252
1541,12891,48,1,"(48, 1)",252
1543,358,1,28,"(1, 28)",4
1544,31139,1,28,"(1, 28)",4
1545,1565,28,73,"(28, 73)",166
1550,14856,27,35,"(27, 35)",151
1551,18863,27,75,"(27, 75)",155
1552,23212,3,71,"(3, 71)",34
1553,12289,3,38,"(3, 38)",28
1554,6239,4,45,"(4, 45)",44
1555,4498,4,45,"(4, 45)",44
1560,11329,51,102,"(51, 102)",275
1561,29806,51,102,"(51, 102)",275
1562,6464,27,61,"(27, 61)",154
1563,6540,27,61,"(27, 61)",154
1564,6071,20,102,"(20, 102)",116
1565,577,20,102,"(20, 102)",116
1568,30283,1,84,"(1, 84)",10
1569,20343,1,84,"(1, 84)",10
1570,32467,40,12,"(40, 12)",225
1571,24217,40,12,"(40, 12)",225
1572,6046,14,86,"(14, 86)",84
1574,8175,21,58,"(21, 58)",121
1575,2664,42,92,"(42, 92)",241
1576,6879,42,92,"(42, 92)",241
1578,21317,42,106,"(42, 106)",242
1579,15802,9,74,"(9, 74)",68
1580,11833,9,74,"(9, 74)",68
1585,29976,37,114,"(37, 114)",210
1586,31070,37,114,"(37, 114)",210
1587,26564,54,46,"(54, 46)",285
1588,30790,54,46,"(54, 46)",285
1589,22049,15,100,"(15, 100)",93
1590,34273,40,12,"(40, 12)",225
1591,31974,28,6,"(28, 6)",158
1599,6171,52,35,"(52, 35)",278
1600,25606,52,35,"(52, 35)",278
1601,11020,28,105,"(28, 105)",169
1602,16144,18,41,"(18, 41)",109
1604,23095,40,77,"(40, 77)",234
1611,9238,23,5,"(23, 5)",127
1612,4624,23,56,"(23, 56)",132
1613,24447,39,98,"(39, 98)",221
1614,28090,39,98,"(39, 98)",221
1617,1386,1,96,"(1, 96)",11
1618,2045,33,48,"(33, 48)",186
1619,10015,33,48,"(33, 48)",186
1621,230,15,107,"(15, 107)",94
1622,24752,15,107,"(15, 107)",94
1624,18337,40,51,"(40, 51)",230
1625,17646,40,51,"(40, 51)",230
1628,13624,4,49,"(4, 49)",45
1629,2383,4,49,"(4, 49)",45
1631,2215,28,25,"(28, 25)",161
1632,2644,28,25,"(28, 25)",161
1633,3005,39,98,"(39, 98)",221
1634,14955,39,98,"(39, 98)",221
1635,12270,49,89,"(49, 89)",262
1636,16086,49,54,"(49, 54)",259
1637,35322,28,0,"(28, 0)",156
1638,3889,28,0,"(28, 0)",156
1639,12633,4,59,"(4, 59)",46
1640,30578,4,59,"(4, 59)",46
1641,27433,18,104,"(18, 104)",111
1642,12655,5,49,"(5, 49)",53
1643,23155,5,38,"(5, 38)",51
1647,3110,3,70,"(3, 70)",33
1648,8720,3,71,"(3, 71)",34
1649,14308,1,59,"(1, 59)",8
1650,1061,1,96,"(1, 96)",11
1651,1061,1,96,"(1, 96)",11
1652,17521,51,97,"(51, 97)",274
1653,7564,51,97,"(51, 97)",274
1654,15591,28,6,"(28, 6)",158
1655,16731,3,79,"(3, 79)",36
1656,13044,17,52,"(17, 52)",103
1657,37428,17,52,"(17, 52)",103
1658,17691,51,13,"(51, 13)",270
1659,16089,51,13,"(51, 13)",270
1660,411,5,49,"(5, 49)",53
1662,11796,51,97,"(51, 97)",274
1663,20505,26,97,"(26, 97)",150
1671,23832,3,70,"(3, 70)",33
1672,5427,3,70,"(3, 70)",33
1675,11434,5,82,"(5, 82)",54
1676,3302,16,82,"(16, 82)",99
1677,21371,16,71,"(16, 71)",98
1678,21165,16,71,"(16, 71)",98
1681,1225,24,20,"(24, 20)",136
1682,18110,24,20,"(24, 20)",136
1687,7454,28,31,"(28, 31)",164
1688,11393,28,31,"(28, 31)",164
1689,2530,16,71,"(16, 71)",98
1690,22598,18,104,"(18, 104)",111
1691,17119,18,104,"(18, 104)",111
1692,21642,4,45,"(4, 45)",44
1693,17705,4,45,"(4, 45)",44
1694,4009,30,54,"(30, 54)",179
1697,35105,17,32,"(17, 32)",101
1698,34683,17,32,"(17, 32)",101
1703,2108,9,2,"(9, 2)",64
1704,9101,42,106,"(42, 106)",242
1705,6927,42,106,"(42, 106)",242
1707,10523,3,79,"(3, 79)",36
1708,8955,3,79,"(3, 79)",36
1709,11729,1,27,"(1, 27)",3
1710,16506,32,17,"(32, 17)",184
1714,15700,28,105,"(28, 105)",169
1715,6819,28,105,"(28, 105)",169
1716,13984,39,36,"(39, 36)",220
1717,35804,1,59,"(1, 59)",8
1718,15605,1,59,"(1, 59)",8
1719,21941,28,64,"(28, 64)",165
1720,5627,4,11,"(4, 11)",40
1726,13436,54,46,"(54, 46)",285
1727,9882,54,46,"(54, 46)",285
1728,7093,21,34,"(21, 34)",119
1729,16888,30,67,"(30, 67)",180
1730,16801,30,67,"(30, 67)",180
1731,19825,38,19,"(38, 19)",211
1732,18785,38,33,"(38, 33)",212
1733,18667,38,33,"(38, 33)",212
1734,22879,24,90,"(24, 90)",142
1735,15993,33,98,"(33, 98)",189
1736,23122,33,98,"(33, 98)",189
1738,3926,40,23,"(40, 23)",227
1739,21305,15,107,"(15, 107)",94
1740,28974,15,107,"(15, 107)",94
1745,8075,5,22,"(5, 22)",49
1746,3158,5,22,"(5, 22)",49
1749,9002,26,69,"(26, 69)",147
1750,14968,26,69,"(26, 69)",147
1751,29261,49,89,"(49, 89)",262
1752,7870,49,68,"(49, 68)",261
1753,32753,5,45,"(5, 45)",52
1754,20495,5,45,"(5, 45)",52
1757,9994,24,13,"(24, 13)",135
1758,25353,24,13,"(24, 13)",135
1759,16798,38,19,"(38, 19)",211
1760,16799,38,19,"(38, 19)",211
1761,21519,11,9,"(11, 9)",72
1762,1201,11,23,"(11, 23)",73
1763,23107,37,114,"(37, 114)",210
1764,20964,37,114,"(37, 114)",210
1769,2980,9,106,"(9, 106)",70
1770,19709,9,106,"(9, 106)",70
1780,27098,18,104,"(18, 104)",111
1781,257,1,59,"(1, 59)",8
1782,33775,17,59,"(17, 59)",104
1783,12153,38,99,"(38, 99)",217
1786,14981,28,25,"(28, 25)",161
1787,14981,28,25,"(28, 25)",161
1788,21563,4,11,"(4, 11)",40
1789,26791,4,11,"(4, 11)",40
1790,18162,23,56,"(23, 56)",132
1791,17094,23,78,"(23, 78)",133
1796,3387,23,44,"(23, 44)",131
1797,16496,23,56,"(23, 56)",132
1798,23735,16,49,"(16, 49)",97
1799,22667,16,49,"(16, 49)",97
1800,22371,16,71,"(16, 71)",98
1801,35127,51,97,"(51, 97)",274
1806,934,15,100,"(15, 100)",93
1807,4024,15,100,"(15, 100)",93
1808,28292,14,86,"(14, 86)",84
1809,4714,14,86,"(14, 86)",84
1810,90,9,74,"(9, 74)",68
1811,3181,9,74,"(9, 74)",68
1816,4582,48,1,"(48, 1)",252
1817,9260,48,1,"(48, 1)",252
1818,22502,40,12,"(40, 12)",225
1821,18641,29,6,"(29, 6)",170
1822,2303,29,6,"(29, 6)",170
1823,16609,26,97,"(26, 97)",150
1824,10840,26,97,"(26, 97)",150
1826,28949,15,82,"(15, 82)",92
1827,28949,15,82,"(15, 82)",92
1828,3294,33,98,"(33, 98)",189
1829,7317,33,98,"(33, 98)",189
1832,35560,18,105,"(18, 105)",112
1833,21239,18,105,"(18, 105)",112
1837,33134,28,64,"(28, 64)",165
1840,5221,30,54,"(30, 54)",179
1841,32348,30,54,"(30, 54)",179
1844,20344,33,54,"(33, 54)",187
1845,16016,33,15,"(33, 15)",185
1849,28206,11,97,"(11, 97)",78
1850,36185,11,9,"(11, 9)",72
1853,19957,21,58,"(21, 58)",121
1854,1833,21,58,"(21, 58)",121
1857,6603,28,21,"(28, 21)",160
1858,6602,28,21,"(28, 21)",160
1859,14801,52,42,"(52, 42)",281
1860,34584,52,42,"(52, 42)",281
1863,24338,16,71,"(16, 71)",98
1867,32389,4,59,"(4, 59)",46
1868,3944,4,59,"(4, 59)",46
1869,11571,49,89,"(49, 89)",262
1870,11571,49,89,"(49, 89)",262
1873,8165,15,16,"(15, 16)",87
1877,13997,37,44,"(37, 44)",201
1878,25704,37,44,"(37, 44)",201
1880,15807,28,3,"(28, 3)",157
1881,9370,28,25,"(28, 25)",161
1882,612,1,27,"(1, 27)",3
1883,23355,1,27,"(1, 27)",3
1884,4672,18,41,"(18, 41)",109
1885,13928,18,17,"(18, 17)",108
1886,3226,20,53,"(20, 53)",114
1887,3907,20,53,"(20, 53)",114
1888,35080,7,35,"(7, 35)",58
1889,28602,7,35,"(7, 35)",58
1892,29914,38,60,"(38, 60)",215
1893,35900,38,60,"(38, 60)",215
1894,34759,3,79,"(3, 79)",36
1895,1542,3,79,"(3, 79)",36
1896,32261,42,106,"(42, 106)",242
1897,32261,42,106,"(42, 106)",242
1898,25318,42,108,"(42, 108)",243
1901,16333,21,34,"(21, 34)",119
1903,20004,21,58,"(21, 58)",121
1904,3836,33,48,"(33, 48)",186
1905,11885,37,94,"(37, 94)",207
1910,1931,30,54,"(30, 54)",179
1911,35227,15,100,"(15, 100)",93
1912,28220,38,19,"(38, 19)",211
1913,28220,38,19,"(38, 19)",211
1915,12240,2,30,"(2, 30)",16
1918,108,4,49,"(4, 49)",45
1919,13962,4,49,"(4, 49)",45
1921,7310,38,19,"(38, 19)",211
1922,7310,38,19,"(38, 19)",211
1923,16921,26,69,"(26, 69)",147
1924,276,26,69,"(26, 69)",147
1925,12699,4,45,"(4, 45)",44
1926,32548,4,11,"(4, 11)",40
1927,11921,28,3,"(28, 3)",157
1928,8864,28,3,"(28, 3)",157
1931,16160,30,15,"(30, 15)",178
1932,3861,30,15,"(30, 15)",178
1935,28969,42,108,"(42, 108)",243
1936,28969,42,108,"(42, 108)",243
1937,28736,38,19,"(38, 19)",211
1938,20487,37,44,"(37, 44)",201
1939,12941,24,27,"(24, 27)",138
1940,15880,24,27,"(24, 27)",138
1941,17038,4,49,"(4, 49)",45
1942,29413,4,84,"(4, 84)",47
1951,15655,51,112,"(51, 112)",276
1952,14660,51,112,"(51, 112)",276
1953,8803,1,59,"(1, 59)",8
1954,3830,1,59,"(1, 59)",8
1958,13970,43,54,"(43, 54)",249
1959,13318,43,54,"(43, 54)",249
1962,19235,28,3,"(28, 3)",157
1963,37562,28,3,"(28, 3)",157
1964,4775,37,50,"(37, 50)",202
1965,4775,37,50,"(37, 50)",202
1968,9759,9,10,"(9, 10)",65
1973,22152,14,86,"(14, 86)",84
1976,390,29,30,"(29, 30)",173
1977,12252,29,30,"(29, 30)",173
1980,27641,39,103,"(39, 103)",223
1981,13531,39,103,"(39, 103)",223
1982,22759,24,97,"(24, 97)",143
1983,15725,26,97,"(26, 97)",150
1985,23585,21,83,"(21, 83)",124
1986,31123,21,83,"(21, 83)",124
1989,25606,52,35,"(52, 35)",278
1990,376,28,8,"(28, 8)",159
1991,8000,18,8,"(18, 8)",107
1992,2671,15,16,"(15, 16)",87
1993,23590,15,16,"(15, 16)",87
1994,1519,18,6,"(18, 6)",106
1995,16,29,6,"(29, 6)",170
1998,23075,15,107,"(15, 107)",94
1999,33254,40,12,"(40, 12)",225
2000,13523,40,12,"(40, 12)",225
2001,27323,24,13,"(24, 13)",135
2002,16899,24,13,"(24, 13)",135
2004,4554,28,105,"(28, 105)",169
2005,1376,28,105,"(28, 105)",169
2006,30388,32,17,"(32, 17)",184
2007,30388,32,17,"(32, 17)",184
2011,21163,48,1,"(48, 1)",252
2014,5695,18,104,"(18, 104)",111
2015,1880,18,104,"(18, 104)",111
2020,10526,3,70,"(3, 70)",33
2021,6004,3,70,"(3, 70)",33
2022,32984,3,12,"(3, 12)",25
2023,33230,3,12,"(3, 12)",25
2024,20942,23,24,"(23, 24)",129
2025,7420,23,24,"(23, 24)",129
2029,10799,1,69,"(1, 69)",9
2030,4686,1,69,"(1, 69)",9
2033,27922,49,89,"(49, 89)",262
2035,593,2,18,"(2, 18)",13
2036,30083,2,18,"(2, 18)",13
2037,7682,1,96,"(1, 96)",11
2038,11332,1,20,"(1, 20)",2
2039,19825,38,19,"(38, 19)",211
2040,21446,5,82,"(5, 82)",54
2041,33822,5,82,"(5, 82)",54
2044,27400,29,95,"(29, 95)",176
2047,15129,40,12,"(40, 12)",225
2048,15418,40,12,"(40, 12)",225
2052,27178,30,54,"(30, 54)",179
2053,27178,30,54,"(30, 54)",179
2054,19615,42,109,"(42, 109)",244
2055,16073,42,109,"(42, 109)",244
2058,6635,5,49,"(5, 49)",53
2059,10451,5,49,"(5, 49)",53
2062,33544,43,8,"(43, 8)",246
2065,16130,21,34,"(21, 34)",119
2066,16130,21,34,"(21, 34)",119
2067,27684,40,62,"(40, 62)",232
2070,21355,5,49,"(5, 49)",53
2071,17571,5,49,"(5, 49)",53
2072,4496,23,40,"(23, 40)",130
2073,3166,23,40,"(23, 40)",130
2074,33862,1,28,"(1, 28)",4
2075,824,5,45,"(5, 45)",52
2076,7402,5,45,"(5, 45)",52
2077,8043,7,35,"(7, 35)",58
2080,29294,43,8,"(43, 8)",246
2081,3883,43,8,"(43, 8)",246
2082,29424,38,101,"(38, 101)",218
2083,7298,38,101,"(38, 101)",218
2086,15601,32,17,"(32, 17)",184
2087,34463,32,17,"(32, 17)",184
2090,26158,32,17,"(32, 17)",184
2096,21334,51,112,"(51, 112)",276
2097,6700,51,112,"(51, 112)",276
2098,15891,17,52,"(17, 52)",103
2099,8833,17,52,"(17, 52)",103
2100,34184,21,12,"(21, 12)",117
2101,24732,21,57,"(21, 57)",120
2109,8383,28,105,"(28, 105)",169
2110,34671,28,3,"(28, 3)",157
2111,9625,3,47,"(3, 47)",30
2112,15467,3,47,"(3, 47)",30
2118,22185,37,50,"(37, 50)",202
2119,29758,37,50,"(37, 50)",202
2124,32026,18,104,"(18, 104)",111
2125,21869,18,104,"(18, 104)",111
2127,9300,4,84,"(4, 84)",47
2128,9567,4,84,"(4, 84)",47
2129,10808,33,81,"(33, 81)",188
2130,10808,33,81,"(33, 81)",188
2133,25284,38,60,"(38, 60)",215
2134,23314,38,60,"(38, 60)",215
2135,28134,38,99,"(38, 99)",217
2136,5448,38,33,"(38, 33)",212
2139,9981,52,19,"(52, 19)",277
2140,12781,52,19,"(52, 19)",277
2141,6634,24,90,"(24, 90)",142
2142,14381,24,90,"(24, 90)",142
2143,22601,38,19,"(38, 19)",211
2144,21147,38,19,"(38, 19)",211
2145,22460,21,57,"(21, 57)",120
2146,21901,24,90,"(24, 90)",142
2147,8305,24,90,"(24, 90)",142
2148,3524,15,82,"(15, 82)",92
2149,10831,15,82,"(15, 82)",92
2150,16473,1,59,"(1, 59)",8
2151,22447,1,59,"(1, 59)",8
2152,13850,21,83,"(21, 83)",124
2155,18096,32,17,"(32, 17)",184
2156,5213,38,48,"(38, 48)",214
2157,33526,38,48,"(38, 48)",214
2158,24820,3,96,"(3, 96)",38
2159,24820,3,96,"(3, 96)",38
2162,17773,43,67,"(43, 67)",250
2163,36061,18,8,"(18, 8)",107
2164,36061,18,8,"(18, 8)",107
2168,10686,42,106,"(42, 106)",242
2169,3906,42,106,"(42, 106)",242
2174,285,36,61,"(36, 61)",197
2175,11432,36,61,"(36, 61)",197
2176,3969,9,10,"(9, 10)",65
2181,23202,24,13,"(24, 13)",135
2182,23202,24,13,"(24, 13)",135
2183,32417,33,98,"(33, 98)",189
2184,8194,33,98,"(33, 98)",189
2185,15112,16,82,"(16, 82)",99
2186,5383,16,38,"(16, 38)",96
2187,14400,40,24,"(40, 24)",228
2188,28066,40,24,"(40, 24)",228
2189,36285,33,81,"(33, 81)",188
2190,36285,33,81,"(33, 81)",188
2191,17884,33,48,"(33, 48)",186
2192,34653,33,48,"(33, 48)",186
2193,8840,21,63,"(21, 63)",123
2194,16841,21,63,"(21, 63)",123
2197,4963,24,69,"(24, 69)",141
2202,33342,28,0,"(28, 0)",156
2203,37558,28,0,"(28, 0)",156
2204,5115,29,76,"(29, 76)",175
2205,5115,29,76,"(29, 76)",175
2210,25953,51,97,"(51, 97)",274
2211,35190,51,97,"(51, 97)",274
2212,8313,9,10,"(9, 10)",65
2213,13576,9,10,"(9, 10)",65
2220,13074,36,61,"(36, 61)",197
2221,14241,42,108,"(42, 108)",243
2222,35483,42,106,"(42, 106)",242
2225,11279,30,54,"(30, 54)",179
2226,16393,30,54,"(30, 54)",179
2235,3757,30,54,"(30, 54)",179
2236,25783,43,15,"(43, 15)",247
2237,1719,23,56,"(23, 56)",132
2238,36229,23,56,"(23, 56)",132
2240,28284,29,95,"(29, 95)",176
2241,5409,29,95,"(29, 95)",176
2242,12987,38,33,"(38, 33)",212
2243,9346,38,33,"(38, 33)",212
2244,5559,4,4,"(4, 4)",39
2245,36297,4,4,"(4, 4)",39
2246,7541,38,19,"(38, 19)",211
2247,3922,38,19,"(38, 19)",211
2248,6261,28,25,"(28, 25)",161
2249,12777,28,25,"(28, 25)",161
2256,26459,54,46,"(54, 46)",285
2257,8171,9,106,"(9, 106)",70
2258,21402,9,106,"(9, 106)",70
2259,2013,36,61,"(36, 61)",197
2260,22837,36,85,"(36, 85)",199
2261,1056,21,34,"(21, 34)",119
2262,13012,21,34,"(21, 34)",119
2264,2561,33,15,"(33, 15)",185
2265,1475,38,19,"(38, 19)",211
2266,17293,38,19,"(38, 19)",211
2267,16820,32,17,"(32, 17)",184
2268,35031,50,102,"(50, 102)",268
2269,2995,50,80,"(50, 80)",267
2270,5973,24,97,"(24, 97)",143
2271,35797,24,97,"(24, 97)",143
2272,35386,33,15,"(33, 15)",185
2273,36239,33,15,"(33, 15)",185
2277,2657,39,98,"(39, 98)",221
2278,15688,39,101,"(39, 101)",222
2283,13163,29,95,"(29, 95)",176
2284,2529,29,95,"(29, 95)",176
2285,16995,7,101,"(7, 101)",61
2286,17302,7,35,"(7, 35)",58
2287,2282,5,49,"(5, 49)",53
2288,5451,5,49,"(5, 49)",53
2292,3439,3,7,"(3, 7)",24
2293,2591,3,7,"(3, 7)",24
2294,6637,4,45,"(4, 45)",44
2295,29949,36,61,"(36, 61)",197
2296,15357,36,61,"(36, 61)",197
2299,5443,30,54,"(30, 54)",179
2304,1658,15,100,"(15, 100)",93
2305,13020,28,73,"(28, 73)",166
2306,4937,28,73,"(28, 73)",166
2307,35502,3,78,"(3, 78)",35
2308,4733,3,79,"(3, 79)",36
2309,4162,2,18,"(2, 18)",13
2310,25477,2,18,"(2, 18)",13
2311,37663,33,48,"(33, 48)",186
2312,20495,5,45,"(5, 45)",52
2313,10963,5,45,"(5, 45)",52
2314,15586,5,82,"(5, 82)",54
2315,2127,5,22,"(5, 22)",49
2316,5945,4,4,"(4, 4)",39
2317,239,38,19,"(38, 19)",211
2318,3694,38,19,"(38, 19)",211
2319,4084,29,76,"(29, 76)",175
2320,23884,3,47,"(3, 47)",30
2321,13239,3,70,"(3, 70)",33
2322,12832,37,44,"(37, 44)",201
2323,12832,37,44,"(37, 44)",201
2326,5631,54,46,"(54, 46)",285
2327,23837,54,46,"(54, 46)",285
2331,7559,15,107,"(15, 107)",94
2332,3908,15,107,"(15, 107)",94
2333,16128,23,56,"(23, 56)",132
2334,11715,29,95,"(29, 95)",176
2335,2429,29,95,"(29, 95)",176
2336,7682,1,96,"(1, 96)",11
2337,16167,1,20,"(1, 20)",2
2338,31450,24,13,"(24, 13)",135
2339,28562,24,13,"(24, 13)",135
2340,2616,4,45,"(4, 45)",44
2341,19906,4,11,"(4, 11)",40
2342,23049,3,96,"(3, 96)",38
2343,33325,3,96,"(3, 96)",38
2344,17473,40,28,"(40, 28)",229
2345,8070,40,20,"(40, 20)",226
2346,19067,5,38,"(5, 38)",51
2347,15037,5,38,"(5, 38)",51
2348,1298,33,81,"(33, 81)",188
2349,24643,40,51,"(40, 51)",230
2350,1979,40,51,"(40, 51)",230
2353,5407,27,46,"(27, 46)",152
2356,10714,28,105,"(28, 105)",169
2357,8383,28,105,"(28, 105)",169
2360,14210,4,45,"(4, 45)",44
2361,8896,4,45,"(4, 45)",44
2362,14182,36,61,"(36, 61)",197
2363,935,36,61,"(36, 61)",197
2369,17821,4,111,"(4, 111)",48
2370,398,4,4,"(4, 4)",39
2371,2360,3,47,"(3, 47)",30
2372,8693,3,47,"(3, 47)",30
2375,6218,4,45,"(4, 45)",44
2376,31846,4,45,"(4, 45)",44
2382,10043,43,67,"(43, 67)",250
2383,13177,43,67,"(43, 67)",250
2384,9043,28,0,"(28, 0)",156
2385,6501,28,0,"(28, 0)",156
2386,6914,20,102,"(20, 102)",116
2387,1676,20,102,"(20, 102)",116
2390,349,3,47,"(3, 47)",30
2391,9087,21,63,"(21, 63)",123
2392,16360,21,83,"(21, 83)",124
2393,8720,3,71,"(3, 71)",34
2394,385,3,71,"(3, 71)",34
2395,1473,7,101,"(7, 101)",61
2396,8043,7,35,"(7, 35)",58
2397,33450,2,18,"(2, 18)",13
2398,789,2,18,"(2, 18)",13
2403,23393,26,97,"(26, 97)",150
2404,12895,26,69,"(26, 69)",147
2405,31065,40,12,"(40, 12)",225
2406,10705,40,77,"(40, 77)",234
2409,7233,1,59,"(1, 59)",8
2410,3785,1,59,"(1, 59)",8
2411,2321,52,19,"(52, 19)",277
2412,24429,52,19,"(52, 19)",277
2415,34349,29,95,"(29, 95)",176
2416,19673,29,95,"(29, 95)",176
2421,5099,3,38,"(3, 38)",28
2422,2904,3,47,"(3, 47)",30
2429,16861,17,52,"(17, 52)",103
2430,21187,17,52,"(17, 52)",103
2431,7843,23,113,"(23, 113)",134
2432,7843,23,113,"(23, 113)",134
2435,25599,33,81,"(33, 81)",188
2436,5053,33,81,"(33, 81)",188
2437,13337,23,78,"(23, 78)",133
2438,28296,23,78,"(23, 78)",133
2445,13279,30,91,"(30, 91)",182
2446,13961,30,91,"(30, 91)",182
2450,11136,42,50,"(42, 50)",238
2451,15021,42,50,"(42, 50)",238
2456,3249,38,42,"(38, 42)",213
2457,3249,38,42,"(38, 42)",213
2460,12321,52,60,"(52, 60)",282
2461,16415,52,42,"(52, 42)",281
2462,1629,26,13,"(26, 13)",144
2463,351,26,69,"(26, 69)",147
2464,30130,43,8,"(43, 8)",246
2465,23173,43,8,"(43, 8)",246
2466,6581,49,36,"(49, 36)",258
2467,15496,21,83,"(21, 83)",124
2468,19672,21,83,"(21, 83)",124
2469,5947,40,20,"(40, 20)",226
2470,6507,21,62,"(21, 62)",122
2471,15619,21,62,"(21, 62)",122
2473,12343,40,77,"(40, 77)",234
2475,23301,39,103,"(39, 103)",223
2476,25327,39,98,"(39, 98)",221
2477,17487,33,81,"(33, 81)",188
2478,2508,33,81,"(33, 81)",188
2480,13968,5,49,"(5, 49)",53
2481,9975,18,104,"(18, 104)",111
2484,6111,4,45,"(4, 45)",44
2485,24376,4,45,"(4, 45)",44
2486,33916,28,8,"(28, 8)",159
2487,36101,37,114,"(37, 114)",210
2488,21781,37,114,"(37, 114)",210
2491,16382,38,19,"(38, 19)",211
2492,5032,26,77,"(26, 77)",148
2493,25769,37,114,"(37, 114)",210
2494,4801,2,18,"(2, 18)",13
2497,13536,40,77,"(40, 77)",234
2498,8049,40,77,"(40, 77)",234
2499,23979,18,41,"(18, 41)",109
2506,10609,36,35,"(36, 35)",193
2507,23508,36,85,"(36, 85)",199
2511,3733,20,102,"(20, 102)",116
2512,4726,20,102,"(20, 102)",116
2513,37393,49,89,"(49, 89)",262
2514,30426,49,89,"(49, 89)",262
2516,26531,15,107,"(15, 107)",94
2517,11201,15,107,"(15, 107)",94
2518,26385,51,97,"(51, 97)",274
2519,19230,51,13,"(51, 13)",270
2520,32548,4,11,"(4, 11)",40
2521,2178,4,11,"(4, 11)",40
2522,21362,3,66,"(3, 66)",32
2523,2330,15,100,"(15, 100)",93
2531,481,3,96,"(3, 96)",38
2536,14783,18,41,"(18, 41)",109
2537,3125,18,41,"(18, 41)",109
2538,6194,27,75,"(27, 75)",155
2539,6194,27,75,"(27, 75)",155
2540,2601,26,13,"(26, 13)",144
2541,2991,18,41,"(18, 41)",109
2542,21017,18,41,"(18, 41)",109
2543,16315,50,80,"(50, 80)",267
2544,8491,33,81,"(33, 81)",188
2545,1298,33,81,"(33, 81)",188
2547,9307,20,102,"(20, 102)",116
2550,2163,3,47,"(3, 47)",30
2551,4021,3,70,"(3, 70)",33
2552,24384,43,8,"(43, 8)",246
2553,12985,43,8,"(43, 8)",246
2554,20351,40,77,"(40, 77)",234
2555,12958,21,57,"(21, 57)",120
2556,12271,21,57,"(21, 57)",120
2557,19852,3,47,"(3, 47)",30
2558,8350,3,47,"(3, 47)",30
2566,22932,16,38,"(16, 38)",96
2567,17918,16,49,"(16, 49)",97
2568,17787,43,67,"(43, 67)",250
2571,26502,18,104,"(18, 104)",111
2572,579,37,94,"(37, 94)",207
2573,12640,37,94,"(37, 94)",207
2574,22165,18,105,"(18, 105)",112
2575,21686,18,105,"(18, 105)",112
2576,22506,15,16,"(15, 16)",87
2577,10195,27,75,"(27, 75)",155
2578,20112,28,3,"(28, 3)",157
2579,6134,28,3,"(28, 3)",157
2580,11310,39,98,"(39, 98)",221
2581,11310,39,98,"(39, 98)",221
2584,3436,5,22,"(5, 22)",49
2585,1634,5,45,"(5, 45)",52
2586,2949,33,81,"(33, 81)",188
2587,679,33,81,"(33, 81)",188
2590,2773,18,105,"(18, 105)",112
2591,5722,20,14,"(20, 14)",113
2592,22065,16,38,"(16, 38)",96
2593,22065,3,38,"(3, 38)",28
2594,19420,24,13,"(24, 13)",135
2598,9374,14,86,"(14, 86)",84
2599,34945,14,86,"(14, 86)",84
2600,36196,9,74,"(9, 74)",68
2601,31433,9,74,"(9, 74)",68
2602,3835,28,105,"(28, 105)",169
2608,10665,40,12,"(40, 12)",225
2609,20223,40,12,"(40, 12)",225
2612,33493,27,75,"(27, 75)",155
2613,21663,3,38,"(3, 38)",28
2614,14621,3,38,"(3, 38)",28
2617,27952,27,75,"(27, 75)",155
2618,27166,27,75,"(27, 75)",155
2621,25251,11,23,"(11, 23)",73
2622,25251,11,23,"(11, 23)",73
2625,4398,4,45,"(4, 45)",44
2626,2223,3,38,"(3, 38)",28
2627,17954,3,38,"(3, 38)",28
2628,22026,40,7,"(40, 7)",224
2630,32975,29,95,"(29, 95)",176
2631,5795,29,95,"(29, 95)",176
2632,24595,3,70,"(3, 70)",33
2633,14561,3,70,"(3, 70)",33
2634,8390,38,33,"(38, 33)",212
2638,34197,7,35,"(7, 35)",58
2639,4592,37,114,"(37, 114)",210
2642,8304,37,50,"(37, 50)",202
2643,12042,37,50,"(37, 50)",202
2644,7846,36,61,"(36, 61)",197
2645,6029,36,85,"(36, 85)",199
2651,16203,3,70,"(3, 70)",33
2652,23099,3,70,"(3, 70)",33
2653,34282,18,17,"(18, 17)",108
2654,1303,18,17,"(18, 17)",108
2658,10604,18,41,"(18, 41)",109
2659,14708,18,104,"(18, 104)",111
2663,108,4,49,"(4, 49)",45
2664,2062,4,49,"(4, 49)",45
2665,20709,40,51,"(40, 51)",230
2666,9070,40,51,"(40, 51)",230
2667,14884,1,27,"(1, 27)",3
2668,32613,1,27,"(1, 27)",3
2669,2461,24,13,"(24, 13)",135
2670,2461,24,13,"(24, 13)",135
2671,34658,2,0,"(2, 0)",12
2672,876,2,0,"(2, 0)",12
2673,5805,30,15,"(30, 15)",178
2674,13207,30,15,"(30, 15)",178
2679,3284,51,9,"(51, 9)",269
2680,3284,51,9,"(51, 9)",269
2683,22622,52,60,"(52, 60)",282
2684,29738,52,60,"(52, 60)",282
2685,21923,38,19,"(38, 19)",211
2686,34149,38,19,"(38, 19)",211
2695,10138,42,109,"(42, 109)",244
2696,5623,42,109,"(42, 109)",244
2701,17239,30,54,"(30, 54)",179
2702,3935,30,54,"(30, 54)",179
2703,11329,20,102,"(20, 102)",116
2704,24001,20,102,"(20, 102)",116
2707,16697,40,23,"(40, 23)",227
2708,34814,40,23,"(40, 23)",227
2713,24055,4,11,"(4, 11)",40
2714,19229,27,35,"(27, 35)",151
2716,30468,15,100,"(15, 100)",93
2717,4273,15,100,"(15, 100)",93
2720,7293,39,103,"(39, 103)",223
2721,8358,39,103,"(39, 103)",223
2722,34746,5,38,"(5, 38)",51
2723,3776,5,82,"(5, 82)",54
2724,29087,4,49,"(4, 49)",45
2725,33603,33,15,"(33, 15)",185
2726,995,26,97,"(26, 97)",150
2727,8618,30,91,"(30, 91)",182
2728,5295,30,54,"(30, 54)",179
2730,20248,28,25,"(28, 25)",161
2731,16843,42,106,"(42, 106)",242
2732,7602,42,106,"(42, 106)",242
2735,34474,40,12,"(40, 12)",225
2736,4793,1,27,"(1, 27)",3
2737,3189,1,27,"(1, 27)",3
2745,13860,5,82,"(5, 82)",54
2746,14337,33,81,"(33, 81)",188
2747,31583,33,81,"(33, 81)",188
2750,23789,21,83,"(21, 83)",124
2751,14488,21,83,"(21, 83)",124
2759,12375,21,83,"(21, 83)",124
2762,16229,29,6,"(29, 6)",170
2763,4608,3,79,"(3, 79)",36
2764,6683,3,7,"(3, 7)",24
2765,4821,4,4,"(4, 4)",39
2766,13976,9,92,"(9, 92)",69
2767,30500,9,92,"(9, 92)",69
2772,9122,37,50,"(37, 50)",202
2776,26427,43,8,"(43, 8)",246
2777,35400,43,8,"(43, 8)",246
2778,32241,2,93,"(2, 93)",21
2779,19911,38,33,"(38, 33)",212
2780,7590,38,33,"(38, 33)",212
2781,14433,4,49,"(4, 49)",45
2782,14434,4,49,"(4, 49)",45
2783,5380,4,45,"(4, 45)",44
2784,12084,4,49,"(4, 49)",45
2787,5622,54,46,"(54, 46)",285
2788,17337,54,46,"(54, 46)",285
2789,6325,33,15,"(33, 15)",185
2790,8321,33,15,"(33, 15)",185
2791,28535,38,42,"(38, 42)",213
2792,28535,38,42,"(38, 42)",213
2793,8458,1,96,"(1, 96)",11
2794,7,1,96,"(1, 96)",11
2800,1226,24,20,"(24, 20)",136
2801,8315,1,27,"(1, 27)",3
2802,14477,1,27,"(1, 27)",3
2803,13214,3,47,"(3, 47)",30
2804,8514,3,47,"(3, 47)",30
2805,15269,11,23,"(11, 23)",73
2806,4892,11,23,"(11, 23)",73
2807,1904,26,69,"(26, 69)",147
2808,8653,26,88,"(26, 88)",149
2809,3971,28,105,"(28, 105)",169
2810,933,4,4,"(4, 4)",39
2811,11145,4,4,"(4, 4)",39
2812,27608,24,13,"(24, 13)",135
2814,8543,29,76,"(29, 76)",175
2815,1060,29,76,"(29, 76)",175
2816,18616,4,45,"(4, 45)",44
2817,10469,4,45,"(4, 45)",44
2824,8341,1,59,"(1, 59)",8
2825,35319,1,59,"(1, 59)",8
2828,54,18,17,"(18, 17)",108
2829,29832,32,17,"(32, 17)",184
2837,8562,33,81,"(33, 81)",188
2838,25999,33,81,"(33, 81)",188
2839,11146,26,88,"(26, 88)",149
2840,15014,18,41,"(18, 41)",109
2841,36,18,41,"(18, 41)",109
2842,13718,52,60,"(52, 60)",282
2843,24123,52,60,"(52, 60)",282
2844,9016,30,54,"(30, 54)",179
2845,22647,30,54,"(30, 54)",179
2846,14382,15,100,"(15, 100)",93
2847,33613,15,100,"(15, 100)",93
2848,7502,15,16,"(15, 16)",87
2849,32846,15,16,"(15, 16)",87
2850,211,38,19,"(38, 19)",211
2851,17531,38,19,"(38, 19)",211
2852,1457,29,30,"(29, 30)",173
2853,2254,29,30,"(29, 30)",173
2854,23008,43,8,"(43, 8)",246
2855,27840,43,8,"(43, 8)",246
2856,8328,21,83,"(21, 83)",124
2857,17915,21,83,"(21, 83)",124
2858,32916,37,113,"(37, 113)",209
2859,27086,37,114,"(37, 114)",210
2860,8331,28,21,"(28, 21)",160
2861,35882,28,0,"(28, 0)",156
2862,21095,48,1,"(48, 1)",252
2863,16237,48,1,"(48, 1)",252
2864,16574,38,19,"(38, 19)",211
2867,25707,23,40,"(23, 40)",130
2868,13332,26,69,"(26, 69)",147
2869,15962,18,41,"(18, 41)",109
2870,23242,24,51,"(24, 51)",139
2871,37036,40,51,"(40, 51)",230
2872,1249,17,32,"(17, 32)",101
2873,733,17,32,"(17, 32)",101
2874,3661,28,0,"(28, 0)",156
2875,6276,28,21,"(28, 21)",160
2879,11458,29,6,"(29, 6)",170
2880,1072,40,28,"(40, 28)",229
2881,11605,40,77,"(40, 77)",234
2884,14018,1,96,"(1, 96)",11
2885,14019,1,59,"(1, 59)",8
2886,16921,26,69,"(26, 69)",147
2890,7826,52,42,"(52, 42)",281
2891,27812,52,42,"(52, 42)",281
2892,17973,52,60,"(52, 60)",282
2893,4706,15,66,"(15, 66)",90
2894,4706,15,66,"(15, 66)",90
2896,35817,1,27,"(1, 27)",3
2897,8315,1,27,"(1, 27)",3
2898,21835,38,48,"(38, 48)",214
2899,23520,38,48,"(38, 48)",214
2902,23428,38,99,"(38, 99)",217
2903,2231,38,33,"(38, 33)",212
2906,26854,43,67,"(43, 67)",250
2907,32343,43,67,"(43, 67)",250
2908,18740,43,54,"(43, 54)",249
2909,1184,5,22,"(5, 22)",49
2910,10140,5,22,"(5, 22)",49
2911,15799,17,52,"(17, 52)",103
2912,33928,17,52,"(17, 52)",103
2916,12138,38,33,"(38, 33)",212
2919,34833,5,22,"(5, 22)",49
2920,5,5,37,"(5, 37)",50
2921,6689,11,9,"(11, 9)",72
2926,16795,15,16,"(15, 16)",87
2927,34453,15,16,"(15, 16)",87
2929,4205,1,59,"(1, 59)",8
2930,29790,1,59,"(1, 59)",8
2933,19984,28,3,"(28, 3)",157
2934,3160,28,3,"(28, 3)",157
2935,17424,40,51,"(40, 51)",230
2936,24723,40,51,"(40, 51)",230
2937,20581,37,113,"(37, 113)",209
2945,166,40,23,"(40, 23)",227
2946,21520,40,23,"(40, 23)",227
2947,13302,5,22,"(5, 22)",49
2950,12431,15,82,"(15, 82)",92
2951,12431,15,82,"(15, 82)",92
2952,14655,11,57,"(11, 57)",74
2953,16641,11,57,"(11, 57)",74
2954,5372,5,110,"(5, 110)",55
2955,1879,5,110,"(5, 110)",55
2957,33909,5,37,"(5, 37)",50
2958,33161,15,37,"(15, 37)",88
2959,1379,23,56,"(23, 56)",132
2967,5312,26,69,"(26, 69)",147
2970,2650,33,81,"(33, 81)",188
2971,31583,33,81,"(33, 81)",188
2972,2774,3,70,"(3, 70)",33
2973,2774,3,70,"(3, 70)",33
2974,12562,37,113,"(37, 113)",209
2975,12562,37,113,"(37, 113)",209
2978,21190,52,60,"(52, 60)",282
2979,27603,52,60,"(52, 60)",282
2980,33463,27,35,"(27, 35)",151
2981,11542,18,41,"(18, 41)",109
2984,7887,14,2,"(14, 2)",80
2985,31657,9,74,"(9, 74)",68
2986,20471,9,74,"(9, 74)",68
2987,29282,54,46,"(54, 46)",285
2988,10519,4,45,"(4, 45)",44
2989,1100,4,45,"(4, 45)",44
2990,34217,17,52,"(17, 52)",103
2991,17867,18,41,"(18, 41)",109
2997,1711,18,17,"(18, 17)",108
3000,18265,32,17,"(32, 17)",184
3001,6339,32,17,"(32, 17)",184
3007,14476,26,69,"(26, 69)",147
3008,3909,26,69,"(26, 69)",147
3009,24744,15,107,"(15, 107)",94
3011,17819,3,96,"(3, 96)",38
3012,37242,3,70,"(3, 70)",33
3014,19933,51,102,"(51, 102)",275
3015,9293,51,102,"(51, 102)",275
3016,9786,16,71,"(16, 71)",98
3017,23303,16,71,"(16, 71)",98
3018,795,23,56,"(23, 56)",132
3019,795,23,56,"(23, 56)",132
3020,11251,38,101,"(38, 101)",218
3021,32788,38,101,"(38, 101)",218
3024,17187,14,50,"(14, 50)",83
3025,6091,36,61,"(36, 61)",197
3026,32884,37,114,"(37, 114)",210
3027,26620,37,114,"(37, 114)",210
3028,14673,21,34,"(21, 34)",119
3029,429,29,95,"(29, 95)",176
3030,31667,29,95,"(29, 95)",176
3035,13662,23,40,"(23, 40)",130
3038,21958,26,23,"(26, 23)",145
3039,34642,26,23,"(26, 23)",145
3040,1529,28,31,"(28, 31)",164
3041,1008,28,64,"(28, 64)",165
3042,9807,26,69,"(26, 69)",147
3043,33526,38,48,"(38, 48)",214
3044,33526,38,48,"(38, 48)",214
3045,3452,40,77,"(40, 77)",234
3046,9647,3,96,"(3, 96)",38
3047,10570,3,96,"(3, 96)",38
3048,32796,23,40,"(23, 40)",130
3049,14229,23,40,"(23, 40)",130
3050,6318,15,37,"(15, 37)",88
3053,4236,39,98,"(39, 98)",221
3054,25329,39,98,"(39, 98)",221
3061,23832,3,70,"(3, 70)",33
3062,14885,3,70,"(3, 70)",33
3064,19603,3,96,"(3, 96)",38
3065,9497,3,96,"(3, 96)",38
3066,2398,5,110,"(5, 110)",55
3068,33418,42,106,"(42, 106)",242
3069,33418,42,106,"(42, 106)",242
3072,3054,36,61,"(36, 61)",197
3073,28341,36,43,"(36, 43)",194
3077,1604,32,17,"(32, 17)",184
3078,703,32,17,"(32, 17)",184
3079,24478,24,13,"(24, 13)",135
3080,30624,24,13,"(24, 13)",135
3083,28298,16,71,"(16, 71)",98
3084,28145,16,71,"(16, 71)",98
3085,21900,52,42,"(52, 42)",281
3086,25273,23,40,"(23, 40)",130
3087,19403,23,40,"(23, 40)",130
3090,9465,40,51,"(40, 51)",230
3091,18477,40,51,"(40, 51)",230
3095,4557,3,79,"(3, 79)",36
3096,4734,3,79,"(3, 79)",36
3097,37190,9,74,"(9, 74)",68
3098,37190,9,74,"(9, 74)",68
3099,1716,20,102,"(20, 102)",116
3100,37191,20,102,"(20, 102)",116
3104,18481,39,36,"(39, 36)",220
3105,16561,40,23,"(40, 23)",227
3106,30652,39,98,"(39, 98)",221
3107,21803,4,4,"(4, 4)",39
3108,32922,4,111,"(4, 111)",48
3109,13822,52,60,"(52, 60)",282
3110,13822,52,60,"(52, 60)",282
3111,34582,20,102,"(20, 102)",116
3112,21242,18,104,"(18, 104)",111
3113,8355,18,41,"(18, 41)",109
3114,20329,40,77,"(40, 77)",234
3115,23576,40,77,"(40, 77)",234
3116,23461,40,77,"(40, 77)",234
3117,14142,23,56,"(23, 56)",132
3118,1879,15,110,"(15, 110)",95
3119,6905,15,100,"(15, 100)",93
3121,2398,5,110,"(5, 110)",55
3122,10810,51,80,"(51, 80)",271
3123,4168,51,80,"(51, 80)",271
3125,21423,54,46,"(54, 46)",285
3126,21423,54,46,"(54, 46)",285
3127,9073,30,54,"(30, 54)",179
3128,21073,30,54,"(30, 54)",179
3129,21282,21,62,"(21, 62)",122
3130,6507,21,62,"(21, 62)",122
3132,16374,28,0,"(28, 0)",156
3133,30566,28,0,"(28, 0)",156
3134,18481,39,36,"(39, 36)",220
3135,20104,39,36,"(39, 36)",220
3136,4426,16,82,"(16, 82)",99
3137,8680,16,82,"(16, 82)",99
3138,17773,43,67,"(43, 67)",250
3141,6143,33,54,"(33, 54)",187
3142,6143,33,54,"(33, 54)",187
3143,13747,1,20,"(1, 20)",2
3144,22008,1,51,"(1, 51)",6
3145,36118,27,35,"(27, 35)",151
3146,28193,27,75,"(27, 75)",155
3147,13697,30,15,"(30, 15)",178
3150,1138,38,33,"(38, 33)",212
3151,24744,15,107,"(15, 107)",94
3152,24744,15,107,"(15, 107)",94
3153,1616,38,101,"(38, 101)",218
3154,10552,38,101,"(38, 101)",218
3155,10551,38,101,"(38, 101)",218
3156,854,26,69,"(26, 69)",147
3157,5223,26,69,"(26, 69)",147
3160,20011,21,57,"(21, 57)",120
3161,18497,15,107,"(15, 107)",94
3162,18498,15,107,"(15, 107)",94
3163,18345,32,17,"(32, 17)",184
3166,138,26,69,"(26, 69)",147
3167,10594,26,69,"(26, 69)",147
3168,8813,38,99,"(38, 99)",217
3169,2324,38,99,"(38, 99)",217
3170,13754,38,19,"(38, 19)",211
3171,13754,38,19,"(38, 19)",211
3175,36641,33,15,"(33, 15)",185
3179,13157,18,17,"(18, 17)",108
3180,9909,18,41,"(18, 41)",109
3181,12572,3,38,"(3, 38)",28
3182,24008,39,98,"(39, 98)",221
3183,24008,39,98,"(39, 98)",221
3186,8778,38,98,"(38, 98)",216
3187,653,38,99,"(38, 99)",217
3188,2319,23,40,"(23, 40)",130
3191,5761,26,13,"(26, 13)",144
3192,8866,24,90,"(24, 90)",142
3193,16239,24,90,"(24, 90)",142
3194,17216,51,90,"(51, 90)",273
3195,17216,51,90,"(51, 90)",273
3196,20994,16,38,"(16, 38)",96
3197,4893,16,38,"(16, 38)",96
3198,21096,4,4,"(4, 4)",39
3199,18566,4,4,"(4, 4)",39
3200,37315,21,24,"(21, 24)",118
3201,24107,1,27,"(1, 27)",3
3202,23357,1,27,"(1, 27)",3
3203,13047,40,77,"(40, 77)",234
3204,10182,33,98,"(33, 98)",189
3207,24004,36,43,"(36, 43)",194
3208,24004,36,43,"(36, 43)",194
3209,21355,5,49,"(5, 49)",53
3210,34289,29,95,"(29, 95)",176
3211,9733,23,5,"(23, 5)",127
3212,13306,23,5,"(23, 5)",127
3213,12875,4,111,"(4, 111)",48
3214,12875,4,111,"(4, 111)",48
3215,15597,36,85,"(36, 85)",199
3216,24935,36,61,"(36, 61)",197
3217,34797,3,78,"(3, 78)",35
3218,20045,3,56,"(3, 56)",31
3219,28319,3,38,"(3, 38)",28
3220,18021,3,38,"(3, 38)",28
3223,16715,51,97,"(51, 97)",274
3224,16004,51,97,"(51, 97)",274
3225,3142,24,20,"(24, 20)",136
3226,37597,24,20,"(24, 20)",136
3227,25853,15,107,"(15, 107)",94
3228,25755,40,7,"(40, 7)",224
3229,30492,40,7,"(40, 7)",224
3230,29872,30,91,"(30, 91)",182
3231,16315,50,80,"(50, 80)",267
3234,3356,26,69,"(26, 69)",147
3237,34969,28,105,"(28, 105)",169
3238,2534,28,105,"(28, 105)",169
3239,30122,3,38,"(3, 38)",28
3240,13884,3,66,"(3, 66)",32
3241,1964,37,113,"(37, 113)",209
3242,14413,37,113,"(37, 113)",209
3245,22246,18,104,"(18, 104)",111
3247,28415,5,45,"(5, 45)",52
3248,24648,5,45,"(5, 45)",52
3251,29559,23,40,"(23, 40)",130
3254,31161,9,72,"(9, 72)",67
3255,14688,9,72,"(9, 72)",67
3256,27392,18,104,"(18, 104)",111
3257,27392,18,104,"(18, 104)",111
3258,26550,29,95,"(29, 95)",176
3259,32919,29,95,"(29, 95)",176
3260,2593,43,8,"(43, 8)",246
3262,582,26,69,"(26, 69)",147
3263,582,26,69,"(26, 69)",147
3264,8060,29,76,"(29, 76)",175
3265,17246,40,20,"(40, 20)",226
3266,6539,11,57,"(11, 57)",74
3267,8005,11,57,"(11, 57)",74
3268,36191,20,102,"(20, 102)",116
3269,13014,20,102,"(20, 102)",116
3271,30056,43,8,"(43, 8)",246
3272,23457,43,8,"(43, 8)",246
3273,8160,21,83,"(21, 83)",124
3274,6990,21,34,"(21, 34)",119
3276,1061,1,96,"(1, 96)",11
3277,23201,1,96,"(1, 96)",11
3278,9212,30,81,"(30, 81)",181
3279,23172,18,104,"(18, 104)",111
3280,33290,18,104,"(18, 104)",111
3281,142,5,49,"(5, 49)",53
3282,35854,5,37,"(5, 37)",50
3283,33844,5,82,"(5, 82)",54
3286,25458,52,60,"(52, 60)",282
3287,25550,52,60,"(52, 60)",282
3288,10670,42,106,"(42, 106)",242
3289,3678,42,106,"(42, 106)",242
3290,947,37,114,"(37, 114)",210
3291,2724,37,114,"(37, 114)",210
3294,10042,37,50,"(37, 50)",202
3299,21106,42,108,"(42, 108)",243
3300,21106,42,108,"(42, 108)",243
3303,9122,37,50,"(37, 50)",202
3304,18106,18,41,"(18, 41)",109
3306,19189,52,75,"(52, 75)",283
3307,20839,52,75,"(52, 75)",283
3310,10119,7,101,"(7, 101)",61
3311,10119,7,101,"(7, 101)",61
3312,7045,38,101,"(38, 101)",218
3313,23769,38,101,"(38, 101)",218
3314,22657,52,60,"(52, 60)",282
3315,21647,52,60,"(52, 60)",282
3316,13154,40,51,"(40, 51)",230
3317,8245,24,90,"(24, 90)",142
3318,3784,24,90,"(24, 90)",142
3319,3851,4,45,"(4, 45)",44
3320,2718,29,76,"(29, 76)",175
3321,11791,17,52,"(17, 52)",103
3323,27445,49,89,"(49, 89)",262
3324,6036,33,98,"(33, 98)",189
3325,474,33,98,"(33, 98)",189
3326,1872,39,103,"(39, 103)",223
3327,12166,39,103,"(39, 103)",223
3328,24162,21,83,"(21, 83)",124
3331,18106,18,41,"(18, 41)",109
3333,18531,1,59,"(1, 59)",8
3334,2051,1,59,"(1, 59)",8
3335,15881,42,50,"(42, 50)",238
3338,1822,30,91,"(30, 91)",182
3339,20279,30,54,"(30, 54)",179
3340,27190,42,92,"(42, 92)",241
3341,3805,42,92,"(42, 92)",241
3342,8834,30,54,"(30, 54)",179
3343,8834,30,54,"(30, 54)",179
3344,20610,42,106,"(42, 106)",242
3345,14182,36,61,"(36, 61)",197
3346,12713,5,37,"(5, 37)",50
3347,26224,5,37,"(5, 37)",50
3349,19042,51,97,"(51, 97)",274
3350,19042,51,97,"(51, 97)",274
3351,4951,21,63,"(21, 63)",123
3352,13072,21,34,"(21, 34)",119
3353,26580,23,78,"(23, 78)",133
3354,16205,23,56,"(23, 56)",132
3357,26025,1,59,"(1, 59)",8
3358,29357,33,15,"(33, 15)",185
3359,442,23,78,"(23, 78)",133
3360,4505,33,99,"(33, 99)",190
3361,3015,30,91,"(30, 91)",182
3363,12777,28,25,"(28, 25)",161
3364,1300,28,25,"(28, 25)",161
3365,2507,5,49,"(5, 49)",53
3368,25705,11,57,"(11, 57)",74
3369,7041,11,57,"(11, 57)",74
3370,2837,21,58,"(21, 58)",121
3371,672,21,58,"(21, 58)",121
3372,28913,54,46,"(54, 46)",285
3379,27626,18,104,"(18, 104)",111
3380,33101,18,104,"(18, 104)",111
3381,14308,1,59,"(1, 59)",8
3382,2105,21,63,"(21, 63)",123
3383,13680,21,63,"(21, 63)",123
3384,8288,5,82,"(5, 82)",54
3385,9361,5,37,"(5, 37)",50
3386,48,38,99,"(38, 99)",217
3387,2557,38,33,"(38, 33)",212
3388,11525,16,71,"(16, 71)",98
3391,17393,37,50,"(37, 50)",202
3392,29363,29,95,"(29, 95)",176
3393,2885,29,95,"(29, 95)",176
3394,14392,33,15,"(33, 15)",185
3395,19230,51,13,"(51, 13)",270
3397,14868,40,7,"(40, 7)",224
3399,11862,42,50,"(42, 50)",238
3400,3998,58,92,"(58, 92)",288
3402,36721,36,61,"(36, 61)",197
3403,5442,26,69,"(26, 69)",147
3404,2325,26,69,"(26, 69)",147
3405,11542,18,41,"(18, 41)",109
3406,19648,26,13,"(26, 13)",144
3407,12279,4,45,"(4, 45)",44
3408,11787,32,17,"(32, 17)",184
3409,25275,32,17,"(32, 17)",184
3412,16555,33,81,"(33, 81)",188
3413,7594,33,81,"(33, 81)",188
3414,21058,33,15,"(33, 15)",185
3415,36334,33,15,"(33, 15)",185
3418,7289,24,20,"(24, 20)",136
3419,21276,24,20,"(24, 20)",136
3420,7684,30,54,"(30, 54)",179
3422,24310,3,71,"(3, 71)",34
3423,1351,3,70,"(3, 70)",33
3424,10712,7,101,"(7, 101)",61
3425,11647,7,101,"(7, 101)",61
3426,21647,52,60,"(52, 60)",282
3427,20652,52,60,"(52, 60)",282
3428,7813,29,76,"(29, 76)",175
3429,9247,3,79,"(3, 79)",36
3430,1543,3,79,"(3, 79)",36
3431,31974,28,6,"(28, 6)",158
3433,858,38,101,"(38, 101)",218
3434,18874,38,101,"(38, 101)",218
3437,6867,32,17,"(32, 17)",184
3438,29620,24,90,"(24, 90)",142
3439,29620,24,90,"(24, 90)",142
3440,3435,42,92,"(42, 92)",241
3441,24780,42,106,"(42, 106)",242
3442,10316,9,74,"(9, 74)",68
3443,10317,9,74,"(9, 74)",68
3449,10378,28,3,"(28, 3)",157
3450,1974,28,3,"(28, 3)",157
3457,9443,30,54,"(30, 54)",179
3458,12961,28,0,"(28, 0)",156
3459,21326,28,0,"(28, 0)",156
3462,18783,4,45,"(4, 45)",44
3463,11043,4,45,"(4, 45)",44
3465,26690,16,82,"(16, 82)",99
3466,23626,16,82,"(16, 82)",99
3467,15291,4,45,"(4, 45)",44
3468,27691,24,13,"(24, 13)",135
3469,17268,24,13,"(24, 13)",135
3472,24850,28,21,"(28, 21)",160
3473,24850,28,21,"(28, 21)",160
3480,25153,9,74,"(9, 74)",68
3481,19744,9,74,"(9, 74)",68
3483,18026,26,69,"(26, 69)",147
3484,6812,26,69,"(26, 69)",147
3485,34561,49,89,"(49, 89)",262
3486,20552,49,89,"(49, 89)",262
3487,1110,5,82,"(5, 82)",54
3488,1856,5,82,"(5, 82)",54
3489,31132,33,54,"(33, 54)",187
3492,2988,5,49,"(5, 49)",53
3493,8649,2,18,"(2, 18)",13
3494,8649,2,18,"(2, 18)",13
3495,10319,3,47,"(3, 47)",30
3498,3626,40,51,"(40, 51)",230
3499,28225,24,13,"(24, 13)",135
3500,17922,24,13,"(24, 13)",135
3501,27037,5,38,"(5, 38)",51
3502,1187,5,38,"(5, 38)",51
3503,28670,43,67,"(43, 67)",250
3504,3870,29,30,"(29, 30)",173
3505,3147,29,30,"(29, 30)",173
3507,30379,1,59,"(1, 59)",8
3508,35967,1,20,"(1, 20)",2
3513,27681,9,74,"(9, 74)",68
3514,27681,9,74,"(9, 74)",68
3515,10422,42,92,"(42, 92)",241
3516,36626,42,92,"(42, 92)",241
3518,17246,40,20,"(40, 20)",226
3519,7483,15,82,"(15, 82)",92
3520,34154,15,82,"(15, 82)",92
3521,28064,38,48,"(38, 48)",214
3522,28064,38,48,"(38, 48)",214
3523,7272,4,45,"(4, 45)",44
3524,14390,4,45,"(4, 45)",44
3527,34642,26,23,"(26, 23)",145
3528,701,11,57,"(11, 57)",74
3529,7284,26,69,"(26, 69)",147
3532,31045,4,111,"(4, 111)",48
3533,31045,4,111,"(4, 111)",48
3534,3507,11,23,"(11, 23)",73
3535,1749,11,23,"(11, 23)",73
3536,16230,11,9,"(11, 9)",72
3537,17848,11,9,"(11, 9)",72
3541,37236,42,106,"(42, 106)",242
3542,37236,42,106,"(42, 106)",242
3543,5689,21,58,"(21, 58)",121
3544,35910,21,58,"(21, 58)",121
3547,23936,38,19,"(38, 19)",211
3548,10870,38,19,"(38, 19)",211
3549,32980,28,3,"(28, 3)",157
3550,32870,28,3,"(28, 3)",157
3551,1359,33,98,"(33, 98)",189
3552,13814,33,99,"(33, 99)",190
3553,23467,18,104,"(18, 104)",111
3554,16885,18,104,"(18, 104)",111
3555,27213,32,17,"(32, 17)",184
3556,2131,32,17,"(32, 17)",184
3557,9195,23,5,"(23, 5)",127
3558,1254,28,31,"(28, 31)",164
3559,2369,28,105,"(28, 105)",169
3560,35023,29,76,"(29, 76)",175
3561,35023,29,76,"(29, 76)",175
3562,30292,18,104,"(18, 104)",111
3563,13169,5,38,"(5, 38)",51
3564,13094,5,38,"(5, 38)",51
3565,22667,16,49,"(16, 49)",97
3566,22299,24,20,"(24, 20)",136
3567,10268,24,20,"(24, 20)",136
3569,34297,33,81,"(33, 81)",188
3570,34297,33,81,"(33, 81)",188
3573,12250,14,86,"(14, 86)",84
3575,28341,36,43,"(36, 43)",194
3584,18700,1,84,"(1, 84)",10
3585,16573,21,83,"(21, 83)",124
3586,13993,21,83,"(21, 83)",124
3587,24605,4,4,"(4, 4)",39
3588,23619,4,4,"(4, 4)",39
3589,36907,4,11,"(4, 11)",40
3592,2644,28,25,"(28, 25)",161
3593,1287,28,25,"(28, 25)",161
3594,30789,37,78,"(37, 78)",206
3596,4768,21,83,"(21, 83)",124
3597,34385,21,34,"(21, 34)",119
3598,107,48,1,"(48, 1)",252
3599,20851,48,1,"(48, 1)",252
3600,30089,37,114,"(37, 114)",210
3601,33079,9,72,"(9, 72)",67
3603,22298,58,58,"(58, 58)",287
3604,7822,21,58,"(21, 58)",121
3605,7822,21,58,"(21, 58)",121
3608,24831,42,108,"(42, 108)",243
3609,7876,3,70,"(3, 70)",33
3610,6004,3,70,"(3, 70)",33
3613,2015,37,50,"(37, 50)",202
3614,6112,37,114,"(37, 114)",210
3616,24887,51,112,"(51, 112)",276
3617,12906,51,112,"(51, 112)",276
3618,29040,51,9,"(51, 9)",269
3619,19304,51,9,"(51, 9)",269
3620,19097,38,99,"(38, 99)",217
3621,12778,38,99,"(38, 99)",217
3624,34489,38,33,"(38, 33)",212
3625,1138,38,33,"(38, 33)",212
3626,510,38,19,"(38, 19)",211
3627,23263,39,98,"(39, 98)",221
3628,13470,39,98,"(39, 98)",221
3629,23535,18,8,"(18, 8)",107
3630,24984,18,8,"(18, 8)",107
3631,34995,2,18,"(2, 18)",13
3632,20037,15,100,"(15, 100)",93
3634,13735,9,106,"(9, 106)",70
3635,12885,9,72,"(9, 72)",67
3643,34033,7,36,"(7, 36)",59
3644,7115,7,36,"(7, 36)",59
3648,3216,21,57,"(21, 57)",120
3649,16811,21,57,"(21, 57)",120
3652,26208,28,64,"(28, 64)",165
3653,31027,28,64,"(28, 64)",165
3654,15058,39,101,"(39, 101)",222
3655,22551,7,101,"(7, 101)",61
3656,26267,38,33,"(38, 33)",212
3657,26267,38,33,"(38, 33)",212
3660,10408,30,54,"(30, 54)",179
3661,10408,30,54,"(30, 54)",179
3662,21446,5,82,"(5, 82)",54
3663,21446,5,82,"(5, 82)",54
3664,11747,28,3,"(28, 3)",157
3665,31049,28,3,"(28, 3)",157
3668,35776,28,0,"(28, 0)",156
3669,2447,28,0,"(28, 0)",156
3670,31809,40,7,"(40, 7)",224
3671,7058,49,89,"(49, 89)",262
3672,10789,49,89,"(49, 89)",262
3673,16451,54,46,"(54, 46)",285
3674,16451,54,46,"(54, 46)",285
3675,19690,15,55,"(15, 55)",89
3676,4515,15,55,"(15, 55)",89
3681,3550,4,45,"(4, 45)",44
3682,20081,24,20,"(24, 20)",136
3683,23513,24,20,"(24, 20)",136
3684,21530,24,27,"(24, 27)",138
3685,25778,24,27,"(24, 27)",138
3686,19240,4,59,"(4, 59)",46
3687,9176,4,59,"(4, 59)",46
3688,8314,3,5,"(3, 5)",23
3689,13868,3,5,"(3, 5)",23
3690,9475,37,113,"(37, 113)",209
3691,12047,37,63,"(37, 63)",204
3692,4918,30,54,"(30, 54)",179
3693,17874,30,54,"(30, 54)",179
3694,7396,29,30,"(29, 30)",173
3695,3884,29,30,"(29, 30)",173
3696,9520,15,107,"(15, 107)",94
3697,27379,15,107,"(15, 107)",94
3698,508,49,68,"(49, 68)",261
3699,7988,49,68,"(49, 68)",261
3705,2229,4,4,"(4, 4)",39
3706,32746,40,28,"(40, 28)",229
3707,8070,40,20,"(40, 20)",226
3713,20453,4,4,"(4, 4)",39
3714,33641,4,111,"(4, 111)",48
3715,1396,36,61,"(36, 61)",197
3718,6007,28,31,"(28, 31)",164
3719,36515,28,31,"(28, 31)",164
3722,24684,32,17,"(32, 17)",184
3723,33731,28,64,"(28, 64)",165
3724,33155,5,82,"(5, 82)",54
3725,13139,43,91,"(43, 91)",251
3726,13139,43,91,"(43, 91)",251
3727,414,38,33,"(38, 33)",212
3728,20459,38,19,"(38, 19)",211
3733,30426,49,89,"(49, 89)",262
3734,30426,49,89,"(49, 89)",262
3735,78,28,6,"(28, 6)",158
3736,21952,28,6,"(28, 6)",158
3737,5451,5,49,"(5, 49)",53
3738,11044,52,42,"(52, 42)",281
3739,14122,52,42,"(52, 42)",281
3740,5199,4,11,"(4, 11)",40
3741,30276,4,11,"(4, 11)",40
3742,28112,37,114,"(37, 114)",210
3743,6477,30,54,"(30, 54)",179
3744,13046,30,54,"(30, 54)",179
3745,13493,2,18,"(2, 18)",13
3746,593,2,18,"(2, 18)",13
3747,26625,21,83,"(21, 83)",124
3748,1752,21,83,"(21, 83)",124
3749,37575,43,8,"(43, 8)",246
3750,21382,18,8,"(18, 8)",107
3751,1225,24,20,"(24, 20)",136
3752,11915,24,20,"(24, 20)",136
3753,2558,18,41,"(18, 41)",109
3754,2558,18,41,"(18, 41)",109
3755,22235,51,97,"(51, 97)",274
3759,2451,20,53,"(20, 53)",114
3760,2294,20,53,"(20, 53)",114
3761,29550,43,67,"(43, 67)",250
3762,32343,43,67,"(43, 67)",250
3763,15264,23,56,"(23, 56)",132
3765,30087,24,13,"(24, 13)",135
3766,22604,24,97,"(24, 97)",143
3767,14985,24,13,"(24, 13)",135
3768,3438,24,13,"(24, 13)",135
3770,36875,40,23,"(40, 23)",227
3771,141,28,31,"(28, 31)",164
3772,34279,28,31,"(28, 31)",164
3773,8656,38,101,"(38, 101)",218
3774,2680,38,101,"(38, 101)",218
3778,16260,7,35,"(7, 35)",58
3779,10546,52,35,"(52, 35)",278
3780,15349,51,102,"(51, 102)",275
3781,5701,51,102,"(51, 102)",275
3782,23715,40,28,"(40, 28)",229
3783,637,15,110,"(15, 110)",95
3784,12344,15,82,"(15, 82)",92
3785,12195,40,77,"(40, 77)",234
3786,34806,40,77,"(40, 77)",234
3787,13419,29,30,"(29, 30)",173
3788,6862,29,30,"(29, 30)",173
3789,25959,40,83,"(40, 83)",235
3790,18867,40,83,"(40, 83)",235
3798,20241,16,71,"(16, 71)",98
3799,19081,17,52,"(17, 52)",103
3800,34097,17,52,"(17, 52)",103
3801,28051,52,36,"(52, 36)",279
3802,14260,52,36,"(52, 36)",279
3803,161,28,26,"(28, 26)",162
3804,8048,1,84,"(1, 84)",10
3805,23242,24,51,"(24, 51)",139
3808,7435,7,101,"(7, 101)",61
3809,7435,7,101,"(7, 101)",61
3810,14757,1,59,"(1, 59)",8
3811,30738,1,59,"(1, 59)",8
3812,17229,26,88,"(26, 88)",149
3813,10025,26,88,"(26, 88)",149
3814,16546,11,88,"(11, 88)",77
3815,35310,28,73,"(28, 73)",166
3816,16156,15,100,"(15, 100)",93
3817,16156,15,100,"(15, 100)",93
3818,8124,23,56,"(23, 56)",132
3822,24422,38,42,"(38, 42)",213
3823,19176,38,60,"(38, 60)",215
3824,13322,23,24,"(23, 24)",129
3825,10521,23,24,"(23, 24)",129
3826,6084,5,45,"(5, 45)",52
3827,29675,5,45,"(5, 45)",52
3829,14955,39,98,"(39, 98)",221
3830,11180,39,98,"(39, 98)",221
3831,8009,5,37,"(5, 37)",50
3832,8695,5,37,"(5, 37)",50
3833,9201,50,80,"(50, 80)",267
3834,34382,50,80,"(50, 80)",267
3841,35210,42,92,"(42, 92)",241
3842,4697,42,92,"(42, 92)",241
3843,16175,37,113,"(37, 113)",209
3844,12184,40,12,"(40, 12)",225
3845,14121,40,12,"(40, 12)",225
3846,30750,33,15,"(33, 15)",185
3847,12169,1,84,"(1, 84)",10
3848,496,5,82,"(5, 82)",54
3849,4083,30,54,"(30, 54)",179
3850,4083,30,54,"(30, 54)",179
3853,14665,51,102,"(51, 102)",275
3854,14665,51,102,"(51, 102)",275
3857,29393,4,11,"(4, 11)",40
3858,10504,4,11,"(4, 11)",40
3860,11507,3,70,"(3, 70)",33
3861,3204,3,70,"(3, 70)",33
3862,3431,23,40,"(23, 40)",130
3863,3431,23,40,"(23, 40)",130
3864,20104,39,36,"(39, 36)",220
3865,20104,39,36,"(39, 36)",220
3866,21498,52,42,"(52, 42)",281
3867,6340,4,4,"(4, 4)",39
3870,21276,24,20,"(24, 20)",136
3871,11269,24,20,"(24, 20)",136
3874,14459,18,41,"(18, 41)",109
3877,10991,48,10,"(48, 10)",253
3878,15708,52,60,"(52, 60)",282
3879,27603,52,60,"(52, 60)",282
3884,969,11,88,"(11, 88)",77
3885,17595,11,88,"(11, 88)",77
3886,10445,36,43,"(36, 43)",194
3887,7834,30,91,"(30, 91)",182
3888,7834,30,91,"(30, 91)",182
3889,2176,1,59,"(1, 59)",8
3890,612,1,27,"(1, 27)",3
3891,21823,3,38,"(3, 38)",28
3892,13288,3,38,"(3, 38)",28
3893,30499,28,26,"(28, 26)",162
3894,34427,28,31,"(28, 31)",164
3895,9159,18,41,"(18, 41)",109
3896,3013,24,90,"(24, 90)",142
3897,18676,24,90,"(24, 90)",142
3898,26089,24,13,"(24, 13)",135
3899,15789,24,13,"(24, 13)",135
3900,14629,28,25,"(28, 25)",161
3901,9370,28,25,"(28, 25)",161
3902,25034,28,105,"(28, 105)",169
3903,8241,28,105,"(28, 105)",169
3904,7989,48,1,"(48, 1)",252
3905,18152,48,1,"(48, 1)",252
3907,2528,29,95,"(29, 95)",176
3908,1847,54,46,"(54, 46)",285
3911,26213,52,42,"(52, 42)",281
3912,26213,52,42,"(52, 42)",281
3913,23795,11,57,"(11, 57)",74
3914,18429,11,57,"(11, 57)",74
3915,14228,17,32,"(17, 32)",101
3916,11576,3,79,"(3, 79)",36
3917,19693,3,78,"(3, 78)",35
3918,17721,33,48,"(33, 48)",186
3919,2794,3,79,"(3, 79)",36
3920,284,3,79,"(3, 79)",36
3921,1212,20,53,"(20, 53)",114
3922,1212,20,53,"(20, 53)",114
3925,8637,28,31,"(28, 31)",164
3926,1875,28,6,"(28, 6)",158
3927,3469,15,16,"(15, 16)",87
3928,3469,15,16,"(15, 16)",87
3929,37370,28,3,"(28, 3)",157
3930,13779,40,77,"(40, 77)",234
3931,19667,40,77,"(40, 77)",234
3932,14717,33,48,"(33, 48)",186
3933,2760,33,48,"(33, 48)",186
3938,33480,51,102,"(51, 102)",275
3939,35416,51,102,"(51, 102)",275
3940,7503,21,83,"(21, 83)",124
3941,12063,21,34,"(21, 34)",119
3942,14394,43,54,"(43, 54)",249
3943,6873,43,54,"(43, 54)",249
3944,11816,38,19,"(38, 19)",211
3945,20597,38,19,"(38, 19)",211
3946,13438,30,81,"(30, 81)",181
3947,13438,30,81,"(30, 81)",181
3948,20229,52,36,"(52, 36)",279
3949,20229,52,36,"(52, 36)",279
3950,1425,18,104,"(18, 104)",111
3951,15547,18,104,"(18, 104)",111
3953,26716,8,36,"(8, 36)",62
3955,9111,51,97,"(51, 97)",274
3956,31084,29,95,"(29, 95)",176
3957,15724,3,56,"(3, 56)",31
3958,4763,3,78,"(3, 78)",35
3961,21752,28,73,"(28, 73)",166
3962,5450,28,25,"(28, 25)",161
3964,2798,15,107,"(15, 107)",94
3965,26091,23,40,"(23, 40)",130
3967,27638,3,70,"(3, 70)",33
3968,19519,3,70,"(3, 70)",33
3969,3018,1,96,"(1, 96)",11
3970,16923,1,96,"(1, 96)",11
3972,16413,48,1,"(48, 1)",252
3976,22400,43,8,"(43, 8)",246
3979,3191,28,6,"(28, 6)",158
3980,10150,29,76,"(29, 76)",175
3981,34040,23,44,"(23, 44)",131
3982,24923,23,44,"(23, 44)",131
3984,11524,15,82,"(15, 82)",92
3985,35150,15,82,"(15, 82)",92
3987,34621,18,105,"(18, 105)",112
3988,2773,18,105,"(18, 105)",112
3989,29329,38,19,"(38, 19)",211
3990,8116,38,19,"(38, 19)",211
3993,14114,52,36,"(52, 36)",279
3994,21656,40,77,"(40, 77)",234
3995,19847,29,6,"(29, 6)",170
3996,10704,29,6,"(29, 6)",170
3997,10041,15,16,"(15, 16)",87
3998,12829,15,55,"(15, 55)",89
3999,4480,16,38,"(16, 38)",96
4000,19482,16,38,"(16, 38)",96
4001,14238,30,54,"(30, 54)",179
4002,2624,30,54,"(30, 54)",179
4003,7760,15,55,"(15, 55)",89
4004,8812,15,55,"(15, 55)",89
4005,10607,26,97,"(26, 97)",150
4011,636,9,74,"(9, 74)",68
4012,31141,9,74,"(9, 74)",68
4016,12642,28,105,"(28, 105)",169
4017,2045,33,48,"(33, 48)",186
4018,31429,39,103,"(39, 103)",223
4019,96,39,103,"(39, 103)",223
4020,14481,18,104,"(18, 104)",111
4021,37632,18,104,"(18, 104)",111
4022,371,2,18,"(2, 18)",13
4023,371,2,18,"(2, 18)",13
4024,17703,3,71,"(3, 71)",34
4025,25958,3,70,"(3, 70)",33
4028,34336,28,3,"(28, 3)",157
4029,11663,28,25,"(28, 25)",161
4030,25028,11,9,"(11, 9)",72
4034,1019,16,49,"(16, 49)",97
4035,18582,24,20,"(24, 20)",136
4036,18582,24,20,"(24, 20)",136
4037,14489,18,41,"(18, 41)",109
4038,14489,18,41,"(18, 41)",109
4039,9030,5,22,"(5, 22)",49
4040,9030,5,22,"(5, 22)",49
4041,10681,40,77,"(40, 77)",234
4042,10681,40,77,"(40, 77)",234
4043,9808,18,104,"(18, 104)",111
4044,18217,18,41,"(18, 41)",109
4045,33560,17,52,"(17, 52)",103
4046,14615,21,34,"(21, 34)",119
4047,17374,21,58,"(21, 58)",121
4048,15549,4,45,"(4, 45)",44
4051,29807,52,19,"(52, 19)",277
4052,21704,52,19,"(52, 19)",277
4055,113,9,2,"(9, 2)",64
4056,21161,42,108,"(42, 108)",243
4061,16165,4,45,"(4, 45)",44
4062,436,4,45,"(4, 45)",44
4063,22515,24,90,"(24, 90)",142
4064,22515,24,90,"(24, 90)",142
4066,15100,16,71,"(16, 71)",98
4067,9488,30,54,"(30, 54)",179
4068,857,3,47,"(3, 47)",30
4069,1557,16,49,"(16, 49)",97
4070,14046,48,1,"(48, 1)",252
4071,8399,48,1,"(48, 1)",252
4080,18797,36,85,"(36, 85)",199
4081,22126,28,6,"(28, 6)",158
4082,10404,28,6,"(28, 6)",158
4086,16325,33,48,"(33, 48)",186
4087,21579,33,48,"(33, 48)",186
4088,4233,33,48,"(33, 48)",186
4089,29619,33,48,"(33, 48)",186
4090,34700,2,87,"(2, 87)",20
4091,34700,2,87,"(2, 87)",20
4094,8373,4,45,"(4, 45)",44
4095,11456,4,45,"(4, 45)",44
4100,16393,30,54,"(30, 54)",179
4101,25778,24,27,"(24, 27)",138
4102,35944,24,27,"(24, 27)",138
4103,15939,43,8,"(43, 8)",246
4104,20923,43,8,"(43, 8)",246
4105,34193,18,104,"(18, 104)",111
4106,8355,18,41,"(18, 41)",109
4107,32902,40,62,"(40, 62)",232
4109,35064,28,31,"(28, 31)",164
4111,34809,23,40,"(23, 40)",130
4113,20016,9,74,"(9, 74)",68
4114,32500,9,74,"(9, 74)",68
4115,21626,48,10,"(48, 10)",253
4116,7082,48,10,"(48, 10)",253
4123,5221,30,54,"(30, 54)",179
4124,11207,15,70,"(15, 70)",91
4125,29919,15,100,"(15, 100)",93
4128,8950,30,54,"(30, 54)",179
4129,10358,1,84,"(1, 84)",10
4130,3573,1,84,"(1, 84)",10
4131,17599,23,44,"(23, 44)",131
4132,17787,43,67,"(43, 67)",250
4133,17775,1,59,"(1, 59)",8
4134,899,1,59,"(1, 59)",8
4135,23717,18,41,"(18, 41)",109
4136,17198,16,38,"(16, 38)",96
4137,14677,16,38,"(16, 38)",96
4138,11067,15,37,"(15, 37)",88
4139,23051,33,15,"(33, 15)",185
4140,2725,33,15,"(33, 15)",185
4141,25431,51,102,"(51, 102)",275
4142,6584,51,102,"(51, 102)",275
4143,10315,38,19,"(38, 19)",211
4144,10624,20,14,"(20, 14)",113
4145,6953,20,14,"(20, 14)",113
4146,8020,18,104,"(18, 104)",111
4148,19075,3,47,"(3, 47)",30
4149,28922,3,5,"(3, 5)",23
4150,35033,28,73,"(28, 73)",166
4151,25409,51,97,"(51, 97)",274
4152,19096,51,97,"(51, 97)",274
4153,7460,30,15,"(30, 15)",178
4155,3839,9,10,"(9, 10)",65
4156,11963,9,92,"(9, 92)",69
4161,5098,26,13,"(26, 13)",144
4162,35209,33,15,"(33, 15)",185
4163,15170,33,15,"(33, 15)",185
4172,35287,18,104,"(18, 104)",111
4173,34034,18,104,"(18, 104)",111
4179,24758,38,99,"(38, 99)",217
4180,12218,1,96,"(1, 96)",11
4181,31966,51,9,"(51, 9)",269
4183,20412,24,27,"(24, 27)",138
4184,27799,24,27,"(24, 27)",138
4185,22349,3,66,"(3, 66)",32
4187,8027,38,101,"(38, 101)",218
4188,11272,38,101,"(38, 101)",218
4189,1957,20,102,"(20, 102)",116
4190,32928,20,102,"(20, 102)",116
4191,14311,39,103,"(39, 103)",223
4192,17228,4,49,"(4, 49)",45
4197,12298,37,106,"(37, 106)",208
4198,15527,37,106,"(37, 106)",208
4203,2958,9,10,"(9, 10)",65
4204,4107,9,10,"(9, 10)",65
4206,14600,3,79,"(3, 79)",36
4208,22717,27,61,"(27, 61)",154
4209,3219,4,59,"(4, 59)",46
4210,16181,4,49,"(4, 49)",45
4211,31111,23,44,"(23, 44)",131
4212,31111,23,44,"(23, 44)",131
4213,8051,1,59,"(1, 59)",8
4214,20400,16,38,"(16, 38)",96
4215,23876,16,38,"(16, 38)",96
4216,162,23,113,"(23, 113)",134
4217,29605,15,37,"(15, 37)",88
4218,29605,15,37,"(15, 37)",88
4219,13255,28,3,"(28, 3)",157
4222,3528,37,114,"(37, 114)",210
4223,31764,37,114,"(37, 114)",210
4224,8771,36,61,"(36, 61)",197
4225,25110,36,61,"(36, 61)",197
4226,18887,28,64,"(28, 64)",165
4227,18887,28,64,"(28, 64)",165
4230,29560,21,58,"(21, 58)",121
4231,29560,21,58,"(21, 58)",121
4232,2281,38,99,"(38, 99)",217
4233,7225,21,58,"(21, 58)",121
4234,33771,9,72,"(9, 72)",67
4235,19449,40,12,"(40, 12)",225
4236,4888,23,78,"(23, 78)",133
4238,26554,40,12,"(40, 12)",225
4239,34562,4,111,"(4, 111)",48
4240,32920,4,111,"(4, 111)",48
4243,8474,51,90,"(51, 90)",273
4245,7069,28,105,"(28, 105)",169
4248,2575,5,45,"(5, 45)",52
4249,16954,3,66,"(3, 66)",32
4250,18627,3,66,"(3, 66)",32
4251,15335,36,35,"(36, 35)",193
4252,22401,36,35,"(36, 35)",193
4253,26136,15,66,"(15, 66)",90
4255,10226,28,25,"(28, 25)",161
4259,3309,38,19,"(38, 19)",211
4260,2378,38,19,"(38, 19)",211
4261,2463,15,16,"(15, 16)",87
4262,1280,15,16,"(15, 16)",87
4263,2698,40,23,"(40, 23)",227
4264,35506,40,62,"(40, 62)",232
4269,5187,28,31,"(28, 31)",164
4272,16940,37,63,"(37, 63)",204
4273,11491,37,63,"(37, 63)",204
4274,33307,30,91,"(30, 91)",182
4275,13279,30,91,"(30, 91)",182
4276,5530,20,53,"(20, 53)",114
4277,1332,20,53,"(20, 53)",114
4278,3414,38,99,"(38, 99)",217
4279,30761,38,99,"(38, 99)",217
4280,29891,39,35,"(39, 35)",219
4281,31453,39,35,"(39, 35)",219
4282,18783,4,45,"(4, 45)",44
4285,28163,7,101,"(7, 101)",61
4287,33525,5,22,"(5, 22)",49
4288,15976,5,82,"(5, 82)",54
4289,33481,16,82,"(16, 82)",99
4290,8059,16,82,"(16, 82)",99
4291,10216,23,78,"(23, 78)",133
4294,14489,18,41,"(18, 41)",109
4295,21017,18,41,"(18, 41)",109
4299,12583,28,6,"(28, 6)",158
4300,1376,28,105,"(28, 105)",169
4304,33449,15,16,"(15, 16)",87
4305,11544,15,16,"(15, 16)",87
4306,945,4,111,"(4, 111)",48
4307,8899,4,111,"(4, 111)",48
4308,20542,29,6,"(29, 6)",170
4311,20894,1,59,"(1, 59)",8
4312,29206,1,59,"(1, 59)",8
4313,7608,38,98,"(38, 98)",216
4314,1943,24,20,"(24, 20)",136
4315,38,30,54,"(30, 54)",179
4316,14278,30,54,"(30, 54)",179
4317,5286,49,68,"(49, 68)",261
4318,5017,49,68,"(49, 68)",261
4319,28847,15,110,"(15, 110)",95
4320,35070,15,66,"(15, 66)",90
4321,37238,40,23,"(40, 23)",227
4322,3968,40,23,"(40, 23)",227
4323,7277,15,16,"(15, 16)",87
4324,7277,15,16,"(15, 16)",87
4325,31697,15,55,"(15, 55)",89
4327,30574,16,38,"(16, 38)",96
4329,31352,3,70,"(3, 70)",33
4330,33963,3,70,"(3, 70)",33
4332,16803,14,50,"(14, 50)",83
4333,17975,14,50,"(14, 50)",83
4334,28535,38,42,"(38, 42)",213
4335,33764,38,19,"(38, 19)",211
4336,7635,4,111,"(4, 111)",48
4337,33169,4,111,"(4, 111)",48
4338,2211,40,77,"(40, 77)",234
4339,1516,4,45,"(4, 45)",44
4340,10201,30,15,"(30, 15)",178
4341,13056,30,54,"(30, 54)",179
4342,8869,24,13,"(24, 13)",135
4343,8869,24,13,"(24, 13)",135
4345,18548,21,63,"(21, 63)",123
4346,18549,21,63,"(21, 63)",123
4347,30130,43,8,"(43, 8)",246
4348,6882,33,99,"(33, 99)",190
4351,2267,27,75,"(27, 75)",155
4352,2345,36,75,"(36, 75)",198
4355,4045,24,20,"(24, 20)",136
4356,33868,33,15,"(33, 15)",185
4357,6703,33,15,"(33, 15)",185
4362,9413,36,43,"(36, 43)",194
4363,5345,36,43,"(36, 43)",194
4369,21469,40,7,"(40, 7)",224
4370,7927,18,104,"(18, 104)",111
4373,21683,1,59,"(1, 59)",8
4374,5532,1,84,"(1, 84)",10
4375,16979,1,84,"(1, 84)",10
4376,11584,1,84,"(1, 84)",10
4377,9214,2,18,"(2, 18)",13
4380,3329,29,30,"(29, 30)",173
4381,4565,29,30,"(29, 30)",173
4383,9190,49,89,"(49, 89)",262
4384,32893,5,37,"(5, 37)",50
4385,17169,40,77,"(40, 77)",234
4387,21493,16,38,"(16, 38)",96
4388,30220,16,82,"(16, 82)",99
4389,2919,4,11,"(4, 11)",40
4390,3441,4,11,"(4, 11)",40
4391,292,21,83,"(21, 83)",124
4392,13052,3,70,"(3, 70)",33
4393,3872,3,70,"(3, 70)",33
4398,74,32,17,"(32, 17)",184
4399,33885,28,0,"(28, 0)",156
4400,3891,28,0,"(28, 0)",156
4405,29454,43,67,"(43, 67)",250
4406,29454,43,67,"(43, 67)",250
4407,18728,30,54,"(30, 54)",179
4408,11671,30,54,"(30, 54)",179
4410,6501,28,0,"(28, 0)",156
4411,10147,5,37,"(5, 37)",50
4414,9245,29,30,"(29, 30)",173
4415,20909,29,30,"(29, 30)",173
4416,15141,21,62,"(21, 62)",122
4417,10684,21,58,"(21, 58)",121
4418,9938,50,80,"(50, 80)",267
4419,36957,50,80,"(50, 80)",267
4420,11952,11,23,"(11, 23)",73
4421,24993,11,23,"(11, 23)",73
4422,13728,24,13,"(24, 13)",135
4423,1956,24,13,"(24, 13)",135
4426,3103,51,9,"(51, 9)",269
4427,31045,4,111,"(4, 111)",48
4430,20235,36,35,"(36, 35)",193
4431,4614,14,94,"(14, 94)",85
4432,27821,14,86,"(14, 86)",84
4433,32667,9,74,"(9, 74)",68
4434,34130,9,74,"(9, 74)",68
4438,7968,9,10,"(9, 10)",65
4439,5163,9,10,"(9, 10)",65
4443,35946,54,46,"(54, 46)",285
4444,12773,54,46,"(54, 46)",285
4445,7747,54,46,"(54, 46)",285
4446,19353,29,76,"(29, 76)",175
4448,1231,38,33,"(38, 33)",212
4449,3940,38,33,"(38, 33)",212
4450,21347,27,61,"(27, 61)",154
4451,1356,27,61,"(27, 61)",154
4452,13046,30,54,"(30, 54)",179
4453,1972,1,27,"(1, 27)",3
4454,11919,1,27,"(1, 27)",3
4455,32495,37,113,"(37, 113)",209
4456,30794,37,113,"(37, 113)",209
4459,151,3,79,"(3, 79)",36
4460,12129,3,79,"(3, 79)",36
4461,22181,50,102,"(50, 102)",268
4462,13440,50,102,"(50, 102)",268
4463,28909,24,13,"(24, 13)",135
4464,23622,24,13,"(24, 13)",135
4466,19648,26,13,"(26, 13)",144
4467,23702,15,16,"(15, 16)",87
4468,8654,15,16,"(15, 16)",87
4469,4684,26,13,"(26, 13)",144
4470,19555,26,23,"(26, 23)",145
4471,4367,15,107,"(15, 107)",94
4472,11201,15,107,"(15, 107)",94
4473,16039,30,91,"(30, 91)",182
4474,10152,30,54,"(30, 54)",179
4475,7195,29,95,"(29, 95)",176
4476,19544,5,82,"(5, 82)",54
4477,1850,5,110,"(5, 110)",55
4478,6868,32,17,"(32, 17)",184
4479,683,38,98,"(38, 98)",216
4480,683,38,98,"(38, 98)",216
4481,2206,38,33,"(38, 33)",212
4482,2206,38,33,"(38, 33)",212
4489,1106,40,12,"(40, 12)",225
4490,2985,40,62,"(40, 62)",232
4492,15828,3,96,"(3, 96)",38
4493,17067,24,27,"(24, 27)",138
4494,5937,4,11,"(4, 11)",40
4501,191,51,90,"(51, 90)",273
4504,677,33,99,"(33, 99)",190
4505,17739,33,99,"(33, 99)",190
4509,4651,28,3,"(28, 3)",157
4510,4883,28,105,"(28, 105)",169
4511,6625,15,55,"(15, 55)",89
4512,20091,15,66,"(15, 66)",90
4513,3375,15,66,"(15, 66)",90
4516,22786,37,114,"(37, 114)",210
4517,15941,54,46,"(54, 46)",285
4518,29414,54,46,"(54, 46)",285
4520,32483,42,109,"(42, 109)",244
4521,28887,42,109,"(42, 109)",244
4523,88,48,1,"(48, 1)",252
4524,88,48,1,"(48, 1)",252
4525,3151,21,34,"(21, 34)",119
4526,296,21,34,"(21, 34)",119
4527,18474,43,67,"(43, 67)",250
4528,33245,43,8,"(43, 8)",246
4529,33444,4,111,"(4, 111)",48
4531,9481,20,102,"(20, 102)",116
4532,4261,26,69,"(26, 69)",147
4533,17236,26,69,"(26, 69)",147
4534,6513,15,82,"(15, 82)",92
4535,126,15,82,"(15, 82)",92
4536,2358,38,101,"(38, 101)",218
4537,35551,38,19,"(38, 19)",211
4541,577,20,102,"(20, 102)",116
4542,21869,18,104,"(18, 104)",111
4543,1083,51,9,"(51, 9)",269
4544,1083,51,9,"(51, 9)",269
4547,2018,7,101,"(7, 101)",61
4548,35080,7,35,"(7, 35)",58
4549,1608,37,114,"(37, 114)",210
4550,18559,28,0,"(28, 0)",156
4554,7719,4,45,"(4, 45)",44
4555,8186,4,45,"(4, 45)",44
4556,15215,3,79,"(3, 79)",36
4565,33675,23,44,"(23, 44)",131
4566,20368,38,101,"(38, 101)",218
4567,11278,15,5,"(15, 5)",86
4568,6905,15,100,"(15, 100)",93
4569,24605,4,4,"(4, 4)",39
4570,21535,36,35,"(36, 35)",193
4571,8192,27,35,"(27, 35)",151
4572,25203,43,67,"(43, 67)",250
4573,25203,43,67,"(43, 67)",250
4574,9579,51,112,"(51, 112)",276
4575,6700,51,112,"(51, 112)",276
4582,6525,4,11,"(4, 11)",40
4585,23054,39,103,"(39, 103)",223
4586,32655,39,103,"(39, 103)",223
4588,9843,38,33,"(38, 33)",212
4589,27241,36,75,"(36, 75)",198
4590,331,14,86,"(14, 86)",84
4591,3822,42,106,"(42, 106)",242
4592,3177,42,106,"(42, 106)",242
4596,15352,24,90,"(24, 90)",142
4598,20568,4,45,"(4, 45)",44
4599,15716,4,45,"(4, 45)",44
4601,8583,28,73,"(28, 73)",166
4602,1479,28,3,"(28, 3)",157
4605,12569,24,13,"(24, 13)",135
4606,18931,26,13,"(26, 13)",144
4607,2829,3,47,"(3, 47)",30
4608,8993,3,70,"(3, 70)",33
4609,10746,28,64,"(28, 64)",165
4610,10150,28,76,"(28, 76)",167
4611,8822,3,47,"(3, 47)",30
4612,36340,28,3,"(28, 3)",157
4613,4352,15,100,"(15, 100)",93
4614,35348,43,8,"(43, 8)",246
4615,25122,18,8,"(18, 8)",107
4616,3108,38,60,"(38, 60)",215
4617,295,38,60,"(38, 60)",215
4618,4425,43,8,"(43, 8)",246
4625,16417,42,108,"(42, 108)",243
4626,10582,42,106,"(42, 106)",242
4631,27732,9,72,"(9, 72)",67
4632,17857,9,72,"(9, 72)",67
4636,21477,43,67,"(43, 67)",250
4637,21477,43,67,"(43, 67)",250
4638,16325,33,48,"(33, 48)",186
4639,16325,33,48,"(33, 48)",186
4642,11151,26,69,"(26, 69)",147
4643,11392,26,69,"(26, 69)",147
4644,24265,4,11,"(4, 11)",40
4645,2061,4,11,"(4, 11)",40
4646,12267,24,13,"(24, 13)",135
4647,22643,24,13,"(24, 13)",135
4649,25232,38,99,"(38, 99)",217
4650,18993,38,99,"(38, 99)",217
4651,14926,38,99,"(38, 99)",217
4652,12987,38,33,"(38, 33)",212
4653,2798,15,107,"(15, 107)",94
4654,2798,15,107,"(15, 107)",94
4655,15292,8,36,"(8, 36)",62
4657,19380,24,20,"(24, 20)",136
4660,3666,17,52,"(17, 52)",103
4661,21545,17,52,"(17, 52)",103
4668,28913,54,46,"(54, 46)",285
4669,25122,18,8,"(18, 8)",107
4670,11401,52,60,"(52, 60)",282
4671,7702,52,60,"(52, 60)",282
4675,2155,28,31,"(28, 31)",164
4676,27644,37,44,"(37, 44)",201
4677,17412,4,84,"(4, 84)",47
4679,1700,4,45,"(4, 45)",44
4680,1075,4,45,"(4, 45)",44
4681,33969,21,62,"(21, 62)",122
4682,2827,21,62,"(21, 62)",122
4683,3635,39,103,"(39, 103)",223
4690,35901,33,48,"(33, 48)",186
4691,20322,27,61,"(27, 61)",154
4692,6705,27,61,"(27, 61)",154
4693,15359,40,28,"(40, 28)",229
4694,16919,40,51,"(40, 51)",230
4695,34463,32,17,"(32, 17)",184
4696,710,23,78,"(23, 78)",133
4697,27276,23,78,"(23, 78)",133
4698,8043,7,35,"(7, 35)",58
4699,28163,7,101,"(7, 101)",61
4702,24879,3,66,"(3, 66)",32
4703,500,3,66,"(3, 66)",32
4704,3138,26,88,"(26, 88)",149
4705,37478,26,88,"(26, 88)",149
4708,37332,16,49,"(16, 49)",97
4709,2176,1,59,"(1, 59)",8
4710,455,1,59,"(1, 59)",8
4711,23451,30,54,"(30, 54)",179
4712,23451,30,54,"(30, 54)",179
4713,3780,3,66,"(3, 66)",32
4714,8937,16,49,"(16, 49)",97
4715,13265,16,49,"(16, 49)",97
4716,1171,43,8,"(43, 8)",246
4717,34389,51,102,"(51, 102)",275
4718,37653,11,88,"(11, 88)",77
4719,36719,11,9,"(11, 9)",72
4720,23759,11,9,"(11, 9)",72
4721,22226,18,104,"(18, 104)",111
4722,11133,40,12,"(40, 12)",225
4723,7176,40,12,"(40, 12)",225
4724,20610,42,106,"(42, 106)",242
4725,2000,36,46,"(36, 46)",195
4730,23173,43,8,"(43, 8)",246
4731,3104,51,9,"(51, 9)",269
4732,33574,28,105,"(28, 105)",169
4735,20786,1,59,"(1, 59)",8
4736,12825,30,15,"(30, 15)",178
4743,25521,40,12,"(40, 12)",225
4744,17028,2,93,"(2, 93)",21
4745,33871,2,93,"(2, 93)",21
4746,34635,27,75,"(27, 75)",155
4758,21161,42,108,"(42, 108)",243
4759,28704,42,108,"(42, 108)",243
4764,23821,42,109,"(42, 109)",244
4765,26703,17,52,"(17, 52)",103
4766,26703,17,52,"(17, 52)",103
4769,19111,15,82,"(15, 82)",92
4771,37356,49,68,"(49, 68)",261
4772,17980,49,68,"(49, 68)",261
4773,5325,4,49,"(4, 49)",45
4774,17038,4,49,"(4, 49)",45
4775,13811,11,88,"(11, 88)",77
4776,13733,15,82,"(15, 82)",92
4780,1383,49,36,"(49, 36)",258
4782,33840,2,93,"(2, 93)",21
4783,944,5,82,"(5, 82)",54
4784,4203,3,38,"(3, 38)",28
4785,21126,3,38,"(3, 38)",28
4786,11311,18,41,"(18, 41)",109
4787,9720,18,41,"(18, 41)",109
4791,6525,4,11,"(4, 11)",40
4792,18931,26,13,"(26, 13)",144
4793,9033,26,13,"(26, 13)",144
4794,21587,21,58,"(21, 58)",121
4798,26241,28,21,"(28, 21)",160
4799,16004,51,97,"(51, 97)",274
4800,35276,17,29,"(17, 29)",100
4801,34495,17,29,"(17, 29)",100
4802,37660,24,13,"(24, 13)",135
4803,3531,24,13,"(24, 13)",135
4804,30368,23,40,"(23, 40)",130
4805,30368,23,40,"(23, 40)",130
4806,7900,15,55,"(15, 55)",89
4807,7900,15,55,"(15, 55)",89
4808,20840,24,90,"(24, 90)",142
4809,20840,24,90,"(24, 90)",142
4810,13997,37,44,"(37, 44)",201
4811,34692,37,44,"(37, 44)",201
4812,32660,15,82,"(15, 82)",92
4813,28666,15,82,"(15, 82)",92
4814,3711,5,45,"(5, 45)",52
4815,7251,5,45,"(5, 45)",52
4817,32057,4,11,"(4, 11)",40
4818,30258,4,11,"(4, 11)",40
4819,4889,23,78,"(23, 78)",133
4820,5531,5,82,"(5, 82)",54
4821,7422,27,61,"(27, 61)",154
4822,14673,21,34,"(21, 34)",119
4823,14673,21,34,"(21, 34)",119
4825,27991,37,106,"(37, 106)",208
4827,12223,3,38,"(3, 38)",28
4828,4390,3,38,"(3, 38)",28
4829,15602,26,88,"(26, 88)",149
4830,32223,30,54,"(30, 54)",179
4831,23512,33,81,"(33, 81)",188
4835,18348,1,96,"(1, 96)",11
4836,17527,11,88,"(11, 88)",77
4837,8566,15,100,"(15, 100)",93
4838,13079,15,100,"(15, 100)",93
4839,16893,4,45,"(4, 45)",44
4840,7430,4,49,"(4, 49)",45
4841,7430,4,49,"(4, 49)",45
4842,19469,15,107,"(15, 107)",94
4843,24209,15,107,"(15, 107)",94
4844,14818,4,49,"(4, 49)",45
4846,23597,54,46,"(54, 46)",285
4847,17655,21,83,"(21, 83)",124
4848,23541,14,86,"(14, 86)",84
4849,34130,9,74,"(9, 74)",68
4850,36669,9,74,"(9, 74)",68
4853,7042,42,106,"(42, 106)",242
4854,28665,42,106,"(42, 106)",242
4857,2483,4,45,"(4, 45)",44
4858,17811,4,45,"(4, 45)",44
4859,32295,37,114,"(37, 114)",210
4861,15576,18,41,"(18, 41)",109
4862,10604,18,41,"(18, 41)",109
4864,18121,51,90,"(51, 90)",273
4865,2604,5,38,"(5, 38)",51
4866,24634,5,38,"(5, 38)",51
4867,25642,38,19,"(38, 19)",211
4868,6903,38,19,"(38, 19)",211
4871,9753,4,4,"(4, 4)",39
4872,16242,4,4,"(4, 4)",39
4873,14862,40,24,"(40, 24)",228
4874,15875,40,77,"(40, 77)",234
4875,8666,1,49,"(1, 49)",5
4881,13908,37,50,"(37, 50)",202
4882,30450,37,50,"(37, 50)",202
4884,13446,9,92,"(9, 92)",69
4885,4182,15,107,"(15, 107)",94
4886,4152,15,16,"(15, 16)",87
4887,7182,15,16,"(15, 16)",87
4889,5354,28,64,"(28, 64)",165
4890,5354,28,64,"(28, 64)",165
4891,23468,27,75,"(27, 75)",155
4893,2681,5,45,"(5, 45)",52
4898,1920,20,14,"(20, 14)",113
4899,1921,20,14,"(20, 14)",113
4901,717,40,28,"(40, 28)",229
4907,5666,48,1,"(48, 1)",252
4908,3456,5,37,"(5, 37)",50
4918,32601,52,75,"(52, 75)",283
4919,15954,52,75,"(52, 75)",283
4920,3089,29,95,"(29, 95)",176
4921,4229,43,15,"(43, 15)",247
4924,1367,1,20,"(1, 20)",2
4929,36003,4,45,"(4, 45)",44
4930,12970,4,45,"(4, 45)",44
4931,21974,21,34,"(21, 34)",119
4932,15071,21,34,"(21, 34)",119
4933,15542,38,19,"(38, 19)",211
4934,16687,38,19,"(38, 19)",211
4935,13300,51,112,"(51, 112)",276
4936,15137,21,83,"(21, 83)",124
4937,5183,21,83,"(21, 83)",124
4940,6661,30,15,"(30, 15)",178
4941,14818,4,49,"(4, 49)",45
4956,16921,26,69,"(26, 69)",147
4957,10142,43,8,"(43, 8)",246
4958,16472,27,61,"(27, 61)",154
4959,885,27,75,"(27, 75)",155
4961,32846,15,16,"(15, 16)",87
4962,7092,21,34,"(21, 34)",119
4963,23139,40,24,"(40, 24)",228
4964,1369,39,103,"(39, 103)",223
4966,16042,11,57,"(11, 57)",74
4967,8868,11,57,"(11, 57)",74
4970,2293,1,59,"(1, 59)",8
4971,26824,1,59,"(1, 59)",8
4972,21579,33,48,"(33, 48)",186
4973,34653,33,48,"(33, 48)",186
4974,20341,24,27,"(24, 27)",138
4975,24556,24,27,"(24, 27)",138
4976,919,29,30,"(29, 30)",173
4980,5635,29,95,"(29, 95)",176
4982,3861,30,15,"(30, 15)",178
4984,3519,37,106,"(37, 106)",208
4987,21762,42,106,"(42, 106)",242
4991,963,15,16,"(15, 16)",87
4992,1237,15,82,"(15, 82)",92
4993,35160,28,25,"(28, 25)",161
4994,25353,24,13,"(24, 13)",135
4995,35683,40,7,"(40, 7)",224
4996,33435,40,7,"(40, 7)",224
4997,36559,26,88,"(26, 88)",149
5000,34981,2,93,"(2, 93)",21
5001,28880,2,87,"(2, 87)",20
5002,20366,5,49,"(5, 49)",53
5003,3317,2,18,"(2, 18)",13
5004,14921,11,57,"(11, 57)",74
5006,13229,21,34,"(21, 34)",119
5007,6578,26,97,"(26, 97)",150
5008,8528,26,97,"(26, 97)",150
5010,12537,15,107,"(15, 107)",94
5011,16438,3,96,"(3, 96)",38
5012,29174,24,13,"(24, 13)",135
5013,21329,3,96,"(3, 96)",38
5014,19318,3,96,"(3, 96)",38
5016,18730,4,45,"(4, 45)",44
5017,32660,16,82,"(16, 82)",99
5018,26947,16,82,"(16, 82)",99
5020,10808,33,81,"(33, 81)",188
5021,17422,42,108,"(42, 108)",243
5022,27785,42,108,"(42, 108)",243
5025,14144,38,19,"(38, 19)",211
5026,18906,38,19,"(38, 19)",211
5028,13088,21,58,"(21, 58)",121
5037,19280,27,75,"(27, 75)",155
5040,18930,24,90,"(24, 90)",142
5041,2179,30,103,"(30, 103)",183
5042,27841,30,103,"(30, 103)",183
5045,3660,28,0,"(28, 0)",156
5046,21346,38,60,"(38, 60)",215
5047,32879,38,60,"(38, 60)",215
5048,3614,27,61,"(27, 61)",154
5049,12496,27,61,"(27, 61)",154
5050,26945,15,66,"(15, 66)",90
5053,5181,40,7,"(40, 7)",224
5054,34321,40,7,"(40, 7)",224
5055,16306,4,45,"(4, 45)",44
5056,5502,4,45,"(4, 45)",44
5058,16726,14,2,"(14, 2)",80
5059,16726,14,2,"(14, 2)",80
5060,23955,42,92,"(42, 92)",241
5061,23955,42,92,"(42, 92)",241
5062,8043,7,35,"(7, 35)",58
5065,4399,48,1,"(48, 1)",252
5066,2730,14,94,"(14, 94)",85
5071,541,14,2,"(14, 2)",80
5072,13951,1,59,"(1, 59)",8
5073,29448,1,59,"(1, 59)",8
5074,36575,28,31,"(28, 31)",164
5077,20923,43,8,"(43, 8)",246
5079,32219,39,103,"(39, 103)",223
5082,14704,1,59,"(1, 59)",8
5083,16672,1,59,"(1, 59)",8
5089,33750,42,106,"(42, 106)",242
5090,33750,42,106,"(42, 106)",242
5092,15320,16,71,"(16, 71)",98
5093,3819,16,71,"(16, 71)",98
5094,13500,2,18,"(2, 18)",13
5095,29900,2,18,"(2, 18)",13
5096,11563,18,41,"(18, 41)",109
5097,25969,51,102,"(51, 102)",275
5098,19543,51,102,"(51, 102)",275
5099,24447,39,98,"(39, 98)",221
5100,11310,39,98,"(39, 98)",221
5103,4287,43,67,"(43, 67)",250
5104,18474,43,67,"(43, 67)",250
5108,5101,4,45,"(4, 45)",44
5109,3719,4,45,"(4, 45)",44
5110,5886,17,52,"(17, 52)",103
5111,12740,17,52,"(17, 52)",103
5113,13129,3,79,"(3, 79)",36
5114,7687,20,102,"(20, 102)",116
5115,4939,30,81,"(30, 81)",181
5116,8130,29,30,"(29, 30)",173
5117,19919,29,30,"(29, 30)",173
5118,7289,24,20,"(24, 20)",136
5124,23865,1,59,"(1, 59)",8
5125,25872,3,70,"(3, 70)",33
5127,34700,2,87,"(2, 87)",20
5128,36637,51,102,"(51, 102)",275
5129,19543,51,102,"(51, 102)",275
5131,34232,9,92,"(9, 92)",69
5136,23268,1,96,"(1, 96)",11
5137,2092,1,96,"(1, 96)",11
5140,27384,5,38,"(5, 38)",51
5141,14578,5,38,"(5, 38)",51
5142,5957,5,45,"(5, 45)",52
5143,5957,5,45,"(5, 45)",52
5144,6964,4,45,"(4, 45)",44
5145,6964,4,45,"(4, 45)",44
5146,25409,51,97,"(51, 97)",274
5147,3413,18,17,"(18, 17)",108
5148,3413,18,17,"(18, 17)",108
5149,26213,52,42,"(52, 42)",281
5150,34001,52,75,"(52, 75)",283
5151,3711,5,45,"(5, 45)",52
5152,10963,5,45,"(5, 45)",52
5153,14749,15,82,"(15, 82)",92
5154,18497,15,107,"(15, 107)",94
5158,9836,28,105,"(28, 105)",169
5159,9836,28,105,"(28, 105)",169
5169,2990,5,82,"(5, 82)",54
5170,4329,5,82,"(5, 82)",54
5171,9427,40,23,"(40, 23)",227
5172,884,40,62,"(40, 62)",232
5176,8318,4,45,"(4, 45)",44
5177,1116,28,30,"(28, 30)",163
5178,4443,29,64,"(29, 64)",174
5179,1734,28,3,"(28, 3)",157
5180,32447,28,3,"(28, 3)",157
5181,17486,27,75,"(27, 75)",155
5182,24036,27,75,"(27, 75)",155
5183,12016,4,4,"(4, 4)",39
5184,21987,43,91,"(43, 91)",251
5185,16304,5,37,"(5, 37)",50
5186,3854,5,37,"(5, 37)",50
5187,6767,28,3,"(28, 3)",157
5188,686,28,3,"(28, 3)",157
5189,11423,5,110,"(5, 110)",55
5190,2195,5,110,"(5, 110)",55
5191,15847,4,4,"(4, 4)",39
5192,4896,4,4,"(4, 4)",39
5193,26133,51,102,"(51, 102)",275
5194,15751,51,80,"(51, 80)",271
5200,15603,48,1,"(48, 1)",252
5201,5919,48,10,"(48, 10)",253
5206,8744,15,107,"(15, 107)",94
5207,8744,15,107,"(15, 107)",94
5208,13624,4,49,"(4, 49)",45
5209,21544,24,13,"(24, 13)",135
5210,17850,24,13,"(24, 13)",135
5211,8521,23,40,"(23, 40)",130
5212,4001,23,44,"(23, 44)",131
5213,16899,24,13,"(24, 13)",135
5214,4961,24,13,"(24, 13)",135
5217,23583,27,61,"(27, 61)",154
5218,7398,28,105,"(28, 105)",169
5220,29319,24,90,"(24, 90)",142
5226,13097,18,104,"(18, 104)",111
5227,9953,18,104,"(18, 104)",111
5228,19387,2,93,"(2, 93)",21
5234,15082,1,84,"(1, 84)",10
5235,22044,1,84,"(1, 84)",10
5236,9907,37,50,"(37, 50)",202
5239,11127,14,94,"(14, 94)",85
5245,19651,40,77,"(40, 77)",234
5248,28193,27,75,"(27, 75)",155
5249,10321,18,105,"(18, 105)",112
5250,30163,38,48,"(38, 48)",214
5251,30163,38,48,"(38, 48)",214
5253,13522,30,54,"(30, 54)",179
5254,34005,49,89,"(49, 89)",262
5255,15510,49,89,"(49, 89)",262
5260,32655,39,103,"(39, 103)",223
5262,22007,33,98,"(33, 98)",189
5263,8240,3,96,"(3, 96)",38
5264,26839,3,96,"(3, 96)",38
5265,2101,3,96,"(3, 96)",38
5268,24289,23,78,"(23, 78)",133
5272,12678,28,3,"(28, 3)",157
5273,37617,28,3,"(28, 3)",157
5276,4737,28,25,"(28, 25)",161
5277,7283,28,3,"(28, 3)",157
5278,4850,32,17,"(32, 17)",184
5279,4850,32,17,"(32, 17)",184
5280,5498,23,56,"(23, 56)",132
5281,3824,40,7,"(40, 7)",224
5282,3140,29,76,"(29, 76)",175
5283,18430,51,97,"(51, 97)",274
5284,24572,51,97,"(51, 97)",274
5285,19846,29,6,"(29, 6)",170
5286,19846,29,6,"(29, 6)",170
5288,18908,26,88,"(26, 88)",149
5289,20498,26,88,"(26, 88)",149
5296,8992,40,62,"(40, 62)",232
5297,4379,40,23,"(40, 23)",227
5301,26864,4,111,"(4, 111)",48
5302,21215,16,82,"(16, 82)",99
5303,13841,33,48,"(33, 48)",186
5304,12217,36,61,"(36, 61)",197
5305,8493,36,61,"(36, 61)",197
5306,8519,40,12,"(40, 12)",225
5307,9729,23,78,"(23, 78)",133
5308,28394,23,113,"(23, 113)",134
5309,6110,1,69,"(1, 69)",9
5317,34133,49,68,"(49, 68)",261
5321,1306,18,104,"(18, 104)",111
5322,34627,20,102,"(20, 102)",116
5323,3724,20,14,"(20, 14)",113
5324,17226,23,40,"(23, 40)",130
5325,229,23,56,"(23, 56)",132
5326,11536,36,61,"(36, 61)",197
5327,25068,15,107,"(15, 107)",94
5328,19800,24,13,"(24, 13)",135
5329,2357,38,101,"(38, 101)",218
5330,1616,38,101,"(38, 101)",218
5333,29414,54,46,"(54, 46)",285
5337,36717,38,48,"(38, 48)",214
5338,5213,38,48,"(38, 48)",214
5339,3221,4,45,"(4, 45)",44
5341,21866,51,90,"(51, 90)",273
5342,5243,1,84,"(1, 84)",10
5343,16065,4,45,"(4, 45)",44
5344,26981,4,45,"(4, 45)",44
5345,12427,49,89,"(49, 89)",262
5346,35259,49,89,"(49, 89)",262
5348,8584,21,83,"(21, 83)",124
5349,6732,18,104,"(18, 104)",111
5350,6523,18,104,"(18, 104)",111
5351,25688,3,70,"(3, 70)",33
5354,34155,28,3,"(28, 3)",157
5355,35183,28,21,"(28, 21)",160
5356,6644,1,59,"(1, 59)",8
5357,4751,3,38,"(3, 38)",28
5358,5807,11,57,"(11, 57)",74
5359,5807,11,57,"(11, 57)",74
5360,37199,38,60,"(38, 60)",215
5361,34883,38,60,"(38, 60)",215
5362,12449,4,45,"(4, 45)",44
5363,12449,4,45,"(4, 45)",44
5364,7417,42,108,"(42, 108)",243
5365,16125,42,106,"(42, 106)",242
5371,29892,14,86,"(14, 86)",84
5372,29892,14,86,"(14, 86)",84
5374,9339,40,62,"(40, 62)",232
5375,1577,24,51,"(24, 51)",139
5376,974,30,54,"(30, 54)",179
5377,19363,30,54,"(30, 54)",179
5378,25025,23,5,"(23, 5)",127
5379,36287,3,70,"(3, 70)",33
5380,13361,3,70,"(3, 70)",33
5381,5204,24,13,"(24, 13)",135
5382,11985,24,13,"(24, 13)",135
5383,4154,37,113,"(37, 113)",209
5384,35972,50,80,"(50, 80)",267
5385,32841,50,80,"(50, 80)",267
5391,2900,28,31,"(28, 31)",164
5392,12289,3,38,"(3, 38)",28
5393,2983,4,11,"(4, 11)",40
5394,4215,4,11,"(4, 11)",40
5395,15044,15,107,"(15, 107)",94
5396,22264,15,107,"(15, 107)",94
5397,14787,37,113,"(37, 113)",209
5399,20198,39,103,"(39, 103)",223
5400,37130,3,5,"(3, 5)",23
5403,33867,54,46,"(54, 46)",285
5406,9173,40,20,"(40, 20)",226
5407,20053,40,28,"(40, 28)",229
5409,2189,40,12,"(40, 12)",225
5414,4360,4,45,"(4, 45)",44
5415,3467,4,45,"(4, 45)",44
5416,23596,43,8,"(43, 8)",246
5417,16268,20,102,"(20, 102)",116
5420,14994,51,112,"(51, 112)",276
5421,7568,51,112,"(51, 112)",276
5422,10275,26,69,"(26, 69)",147
5423,6254,28,105,"(28, 105)",169
5424,12001,49,89,"(49, 89)",262
5427,30628,42,58,"(42, 58)",239
5437,27991,37,106,"(37, 106)",208
5438,3912,18,104,"(18, 104)",111
5439,872,28,8,"(28, 8)",159
5440,737,23,5,"(23, 5)",127
5441,23151,23,5,"(23, 5)",127
5442,35942,4,45,"(4, 45)",44
5443,12570,38,19,"(38, 19)",211
5450,1871,43,67,"(43, 67)",250
5451,30247,43,67,"(43, 67)",250
5452,37364,17,52,"(17, 52)",103
5453,23732,26,97,"(26, 97)",150
5454,7418,5,22,"(5, 22)",49
5455,11246,5,22,"(5, 22)",49
5456,12639,11,9,"(11, 9)",72
5457,12639,11,9,"(11, 9)",72
5458,4531,3,70,"(3, 70)",33
5463,11944,3,66,"(3, 66)",32
5464,16619,15,66,"(15, 66)",90
5465,20233,4,45,"(4, 45)",44
5466,10793,40,20,"(40, 20)",226
5467,24264,40,20,"(40, 20)",226
5472,5066,4,49,"(4, 49)",45
5473,19798,33,81,"(33, 81)",188
5474,15145,33,81,"(33, 81)",188
5475,8755,3,47,"(3, 47)",30
5476,2419,3,47,"(3, 47)",30
5477,22961,1,84,"(1, 84)",10
5478,21881,33,81,"(33, 81)",188
5479,13841,33,48,"(33, 48)",186
5480,3095,38,101,"(38, 101)",218
5481,2286,42,109,"(42, 109)",244
5482,22580,42,109,"(42, 109)",244
5488,415,21,58,"(21, 58)",121
5493,1231,38,33,"(38, 33)",212
5494,33518,28,31,"(28, 31)",164
5495,16703,28,31,"(28, 31)",164
5496,35830,28,73,"(28, 73)",166
5497,22271,51,112,"(51, 112)",276
5500,31697,15,55,"(15, 55)",89
5501,19907,51,97,"(51, 97)",274
5502,28206,51,97,"(51, 97)",274
5505,33627,50,102,"(50, 102)",268
5506,31690,50,102,"(50, 102)",268
5507,3154,3,47,"(3, 47)",30
5508,5983,3,66,"(3, 66)",32
5509,24488,43,67,"(43, 67)",250
5510,8100,43,67,"(43, 67)",250
5511,33171,15,100,"(15, 100)",93
5512,33171,15,100,"(15, 100)",93
5517,12097,51,102,"(51, 102)",275
5518,11661,42,92,"(42, 92)",241
5519,36808,42,92,"(42, 92)",241
5521,1177,18,8,"(18, 8)",107
5522,697,18,8,"(18, 8)",107
5523,9709,43,91,"(43, 91)",251
5524,13219,38,19,"(38, 19)",211
5525,1466,38,19,"(38, 19)",211
5526,34685,4,11,"(4, 11)",40
5527,8682,4,11,"(4, 11)",40
5528,1301,30,54,"(30, 54)",179
5529,33506,30,54,"(30, 54)",179
5531,12173,5,38,"(5, 38)",51
5532,28414,40,77,"(40, 77)",234
5535,25827,39,98,"(39, 98)",221
5537,26987,4,11,"(4, 11)",40
5538,1554,4,11,"(4, 11)",40
5539,1656,37,44,"(37, 44)",201
5540,33769,37,44,"(37, 44)",201
5541,14988,36,61,"(36, 61)",197
5542,14988,36,61,"(36, 61)",197
5546,3998,58,92,"(58, 92)",288
5547,3998,58,92,"(58, 92)",288
5550,27714,49,89,"(49, 89)",262
5551,6697,49,89,"(49, 89)",262
5552,1651,30,91,"(30, 91)",182
5553,1651,30,91,"(30, 91)",182
5554,9770,52,75,"(52, 75)",283
5555,18377,52,75,"(52, 75)",283
5556,12376,24,13,"(24, 13)",135
5560,2340,49,68,"(49, 68)",261
5561,3395,49,68,"(49, 68)",261
5562,1867,14,86,"(14, 86)",84
5563,7773,14,86,"(14, 86)",84
5570,23723,32,17,"(32, 17)",184
5571,27416,32,17,"(32, 17)",184
5573,15292,8,36,"(8, 36)",62
5576,20325,28,3,"(28, 3)",157
5577,1711,18,17,"(18, 17)",108
5579,1751,28,6,"(28, 6)",158
5580,4486,28,31,"(28, 31)",164
5581,4593,3,78,"(3, 78)",35
5582,10273,33,81,"(33, 81)",188
5583,8586,33,48,"(33, 48)",186
5584,1688,5,22,"(5, 22)",49
5585,6649,5,22,"(5, 22)",49
5588,17427,51,90,"(51, 90)",273
5589,235,38,33,"(38, 33)",212
5590,3021,38,33,"(38, 33)",212
5593,20126,28,64,"(28, 64)",165
5594,10704,29,6,"(29, 6)",170
5595,24634,5,38,"(5, 38)",51
5596,25921,5,37,"(5, 37)",50
5597,5622,54,46,"(54, 46)",285
5598,15169,42,109,"(42, 109)",244
5599,21106,42,108,"(42, 108)",243
5600,6151,21,58,"(21, 58)",121
5601,14822,51,90,"(51, 90)",273
5602,4898,51,90,"(51, 90)",273
5603,18271,1,84,"(1, 84)",10
5604,10821,1,84,"(1, 84)",10
5608,32892,2,18,"(2, 18)",13
5609,5838,33,15,"(33, 15)",185
5610,25219,33,15,"(33, 15)",185
5611,8426,17,52,"(17, 52)",103
5612,8426,17,52,"(17, 52)",103
5613,34409,5,82,"(5, 82)",54
5614,6180,5,45,"(5, 45)",52
5615,2433,40,12,"(40, 12)",225
5616,6316,40,12,"(40, 12)",225
5618,2325,26,69,"(26, 69)",147
5619,21896,30,15,"(30, 15)",178
5620,676,28,25,"(28, 25)",161
5621,698,28,25,"(28, 25)",161
5622,6719,3,38,"(3, 38)",28
5623,11367,15,16,"(15, 16)",87
5624,30620,27,75,"(27, 75)",155
5625,18943,24,97,"(24, 97)",143
5626,24898,24,97,"(24, 97)",143
5627,4488,43,54,"(43, 54)",249
5628,10942,43,54,"(43, 54)",249
5631,17411,54,46,"(54, 46)",285
5632,12897,54,46,"(54, 46)",285
5633,1349,3,56,"(3, 56)",31
5634,7277,15,16,"(15, 16)",87
5635,18179,5,82,"(5, 82)",54
5637,19777,3,96,"(3, 96)",38
5640,33307,30,91,"(30, 91)",182
5641,2959,30,91,"(30, 91)",182
5642,8463,38,99,"(38, 99)",217
5643,18993,38,99,"(38, 99)",217
5644,11449,27,75,"(27, 75)",155
5645,2117,21,63,"(21, 63)",123
5646,16235,11,57,"(11, 57)",74
5647,16235,11,57,"(11, 57)",74
5649,4264,4,11,"(4, 11)",40
5650,12967,4,84,"(4, 84)",47
5653,33548,43,8,"(43, 8)",246
5654,34247,18,105,"(18, 105)",112
5657,8666,4,49,"(4, 49)",45
5658,1488,20,14,"(20, 14)",113
5659,4928,16,82,"(16, 82)",99
5660,33418,42,106,"(42, 106)",242
5661,35509,48,1,"(48, 1)",252
5662,303,48,1,"(48, 1)",252
5663,27517,54,46,"(54, 46)",285
5664,31131,9,106,"(9, 106)",70
5669,25630,4,84,"(4, 84)",47
5670,19619,4,49,"(4, 49)",45
5671,26126,38,60,"(38, 60)",215
5672,157,20,14,"(20, 14)",113
5675,10356,15,16,"(15, 16)",87
5676,16083,15,16,"(15, 16)",87
5680,16236,26,69,"(26, 69)",147
5681,10960,40,24,"(40, 24)",228
5682,32795,40,24,"(40, 24)",228
5684,22127,3,38,"(3, 38)",28
5685,28949,15,82,"(15, 82)",92
5686,32011,15,82,"(15, 82)",92
5688,3389,51,90,"(51, 90)",273
5689,12014,3,66,"(3, 66)",32
5690,21973,40,28,"(40, 28)",229
5691,24206,26,88,"(26, 88)",149
5692,6518,26,88,"(26, 88)",149
5693,788,2,18,"(2, 18)",13
5694,6157,5,37,"(5, 37)",50
5695,6469,11,57,"(11, 57)",74
5696,34499,1,59,"(1, 59)",8
5697,5051,1,59,"(1, 59)",8
5700,6989,16,49,"(16, 49)",97
5701,19165,16,71,"(16, 71)",98
5702,15159,4,45,"(4, 45)",44
5707,35614,28,25,"(28, 25)",161
5710,24296,32,17,"(32, 17)",184
5711,24296,32,17,"(32, 17)",184
5712,22046,21,83,"(21, 83)",124
5713,28268,21,83,"(21, 83)",124
5714,32816,2,18,"(2, 18)",13
5715,16765,39,103,"(39, 103)",223
5716,16765,39,103,"(39, 103)",223
5720,6852,16,71,"(16, 71)",98
5721,16355,3,66,"(3, 66)",32
5723,13885,4,45,"(4, 45)",44
5724,16844,15,107,"(15, 107)",94
5726,3904,37,63,"(37, 63)",204
5729,7129,33,15,"(33, 15)",185
5730,2042,33,15,"(33, 15)",185
5733,33794,3,7,"(3, 7)",24
5734,27714,49,89,"(49, 89)",262
5735,35266,49,91,"(49, 91)",263
5739,3810,54,46,"(54, 46)",285
5740,27197,54,46,"(54, 46)",285
5741,3601,11,57,"(11, 57)",74
5745,1867,14,86,"(14, 86)",84
5746,22988,38,99,"(38, 99)",217
5747,22988,38,99,"(38, 99)",217
5748,17069,40,12,"(40, 12)",225
5749,17069,40,12,"(40, 12)",225
5750,17282,4,4,"(4, 4)",39
5751,10283,1,59,"(1, 59)",8
5752,23663,1,96,"(1, 96)",11
5753,27463,1,96,"(1, 96)",11
5757,18974,51,97,"(51, 97)",274
5758,4946,15,37,"(15, 37)",88
5759,761,38,42,"(38, 42)",213
5762,14132,15,107,"(15, 107)",94
5763,5513,15,107,"(15, 107)",94
5764,1443,28,105,"(28, 105)",169
5765,12353,37,94,"(37, 94)",207
5768,1230,26,13,"(26, 13)",144
5769,5507,26,13,"(26, 13)",144
5770,12379,40,77,"(40, 77)",234
5773,7408,30,15,"(30, 15)",178
5774,8077,5,82,"(5, 82)",54
5775,25526,29,95,"(29, 95)",176
5776,2214,29,95,"(29, 95)",176
5777,26776,38,19,"(38, 19)",211
5778,17344,38,19,"(38, 19)",211
5780,16191,26,69,"(26, 69)",147
5781,14620,26,69,"(26, 69)",147
5782,34018,40,62,"(40, 62)",232
5783,4930,40,62,"(40, 62)",232
5786,33463,27,35,"(27, 35)",151
5787,6244,38,99,"(38, 99)",217
5788,20374,24,90,"(24, 90)",142
5790,22454,7,101,"(7, 101)",61
5791,10753,7,101,"(7, 101)",61
5793,13048,4,45,"(4, 45)",44
5794,6286,21,63,"(21, 63)",123
5796,10115,51,97,"(51, 97)",274
5797,3082,20,102,"(20, 102)",116
5800,16743,29,6,"(29, 6)",170
5801,27185,36,43,"(36, 43)",194
5802,27185,36,43,"(36, 43)",194
5803,1219,39,103,"(39, 103)",223
5807,15941,54,46,"(54, 46)",285
5809,24149,43,67,"(43, 67)",250
5817,19001,5,45,"(5, 45)",52
5818,18209,52,42,"(52, 42)",281
5819,35567,52,42,"(52, 42)",281
5820,1057,15,16,"(15, 16)",87
5821,6472,5,82,"(5, 82)",54
5822,10905,51,97,"(51, 97)",274
5824,819,15,107,"(15, 107)",94
5825,25383,15,107,"(15, 107)",94
5826,8850,51,90,"(51, 90)",273
5828,23399,33,81,"(33, 81)",188
5833,10715,16,49,"(16, 49)",97
5834,33177,16,49,"(16, 49)",97
5836,222,5,22,"(5, 22)",49
5837,36746,5,22,"(5, 22)",49
5838,15383,2,18,"(2, 18)",13
5841,22593,43,8,"(43, 8)",246
5842,22593,43,8,"(43, 8)",246
5847,12188,15,100,"(15, 100)",93
5848,33613,15,100,"(15, 100)",93
5849,3348,28,3,"(28, 3)",157
5850,33884,28,3,"(28, 3)",157
5852,14777,28,91,"(28, 91)",168
5853,1213,28,91,"(28, 91)",168
5854,10342,4,4,"(4, 4)",39
5855,1839,33,48,"(33, 48)",186
5856,4880,33,48,"(33, 48)",186
5857,19091,38,19,"(38, 19)",211
5858,19091,38,19,"(38, 19)",211
5859,20613,4,45,"(4, 45)",44
5860,18739,4,45,"(4, 45)",44
5861,5889,38,101,"(38, 101)",218
5862,25830,38,101,"(38, 101)",218
5863,1166,5,37,"(5, 37)",50
5864,27192,40,23,"(40, 23)",227
5865,18180,11,23,"(11, 23)",73
5866,17441,4,111,"(4, 111)",48
5867,757,4,111,"(4, 111)",48
5868,13961,30,91,"(30, 91)",182
5869,14147,3,70,"(3, 70)",33
5870,13868,3,5,"(3, 5)",23
5873,21890,42,109,"(42, 109)",244
5874,21890,42,109,"(42, 109)",244
5875,29335,42,108,"(42, 108)",243
5878,27517,54,46,"(54, 46)",285
5879,27517,54,46,"(54, 46)",285
5885,4123,38,98,"(38, 98)",216
5886,3071,38,99,"(38, 99)",217
5887,2700,4,59,"(4, 59)",46
5888,30578,4,59,"(4, 59)",46
5889,17253,30,54,"(30, 54)",179
5890,2624,30,54,"(30, 54)",179
5893,22882,38,42,"(38, 42)",213
5895,23885,39,36,"(39, 36)",220
5897,19872,3,78,"(3, 78)",35
5898,18096,32,17,"(32, 17)",184
5899,4591,40,77,"(40, 77)",234
5900,9021,40,51,"(40, 51)",230
5901,36035,38,101,"(38, 101)",218
5902,36035,38,101,"(38, 101)",218
5906,15784,17,29,"(17, 29)",100
5907,28530,17,29,"(17, 29)",100
5912,14311,39,103,"(39, 103)",223
5913,14311,39,103,"(39, 103)",223
5914,19859,4,45,"(4, 45)",44
5915,7055,5,45,"(5, 45)",52
5919,9796,42,106,"(42, 106)",242
5920,24689,36,61,"(36, 61)",197
5921,18146,42,50,"(42, 50)",238
5922,28287,48,10,"(48, 10)",253
5923,15117,21,58,"(21, 58)",121
5924,1240,21,58,"(21, 58)",121
5925,27124,14,86,"(14, 86)",84
5926,5352,38,101,"(38, 101)",218
5930,9968,26,88,"(26, 88)",149
5931,17455,26,88,"(26, 88)",149
5932,4327,4,45,"(4, 45)",44
5933,13885,4,45,"(4, 45)",44
5935,1784,18,105,"(18, 105)",112
5938,16934,23,40,"(23, 40)",130
5939,34946,23,40,"(23, 40)",130
5940,32196,9,72,"(9, 72)",67
5941,33079,9,72,"(9, 72)",67
5944,31078,9,74,"(9, 74)",68
5945,14046,48,1,"(48, 1)",252
5946,7197,11,23,"(11, 23)",73
5947,1047,11,57,"(11, 57)",74
5948,8871,27,75,"(27, 75)",155
5949,8392,27,75,"(27, 75)",155
5951,15595,29,95,"(29, 95)",176
5952,34378,28,3,"(28, 3)",157
5953,36821,28,6,"(28, 6)",158
5954,11906,38,60,"(38, 60)",215
5955,15331,38,60,"(38, 60)",215
5959,21452,40,83,"(40, 83)",235
5963,12755,1,27,"(1, 27)",3
5964,4706,15,66,"(15, 66)",90
5965,1417,43,67,"(43, 67)",250
5968,8960,4,32,"(4, 32)",43
5969,3591,4,18,"(4, 18)",41
5975,24166,28,91,"(28, 91)",168
5978,21683,1,59,"(1, 59)",8
5981,19932,4,45,"(4, 45)",44
5983,18464,38,99,"(38, 99)",217
5984,24849,38,99,"(38, 99)",217
5985,36723,17,32,"(17, 32)",101
5986,18009,17,32,"(17, 32)",101
5987,22095,23,40,"(23, 40)",130
5988,22094,23,40,"(23, 40)",130
5989,19482,16,38,"(16, 38)",96
5992,8184,17,52,"(17, 52)",103
5993,22222,3,47,"(3, 47)",30
5994,7242,15,66,"(15, 66)",90
5995,7242,15,66,"(15, 66)",90
5996,8760,24,20,"(24, 20)",136
5997,24556,24,27,"(24, 27)",138
5998,4850,32,17,"(32, 17)",184
6004,3981,30,54,"(30, 54)",179
6005,23415,27,35,"(27, 35)",151
6006,27487,42,106,"(42, 106)",242
6007,27487,42,106,"(42, 106)",242
6009,33056,33,15,"(33, 15)",185
6014,33596,14,2,"(14, 2)",80
6015,4288,14,2,"(14, 2)",80
6016,14238,30,54,"(30, 54)",179
6017,36293,30,15,"(30, 15)",178
6018,33848,3,44,"(3, 44)",29
6019,13104,3,44,"(3, 44)",29
6020,6399,33,48,"(33, 48)",186
6021,13102,33,48,"(33, 48)",186
6022,13606,36,35,"(36, 35)",193
6023,3222,36,35,"(36, 35)",193
6024,5360,3,38,"(3, 38)",28
6025,11117,5,82,"(5, 82)",54
6026,25148,38,19,"(38, 19)",211
6027,25148,38,19,"(38, 19)",211
6030,7085,32,17,"(32, 17)",184
6031,7085,32,17,"(32, 17)",184
6032,3014,24,90,"(24, 90)",142
6033,21158,24,90,"(24, 90)",142
6036,33826,17,29,"(17, 29)",100
6040,22899,51,97,"(51, 97)",274
6044,28612,54,46,"(54, 46)",285
6046,341,1,59,"(1, 59)",8
6047,33494,1,27,"(1, 27)",3
6048,33961,1,84,"(1, 84)",10
6049,33961,1,84,"(1, 84)",10
6050,19099,40,7,"(40, 7)",224
6051,26081,15,16,"(15, 16)",87
6052,10947,30,54,"(30, 54)",179
6053,10948,30,54,"(30, 54)",179
6054,21579,33,48,"(33, 48)",186
6055,21579,43,48,"(43, 48)",248
6056,33420,2,93,"(2, 93)",21
6057,23160,5,82,"(5, 82)",54
6058,2045,33,48,"(33, 48)",186
6059,16348,23,56,"(23, 56)",132
6060,17691,51,13,"(51, 13)",270
6061,32223,30,54,"(30, 54)",179
6062,27846,30,54,"(30, 54)",179
6065,1473,7,101,"(7, 101)",61
6066,34530,17,29,"(17, 29)",100
6067,32863,17,29,"(17, 29)",100
6068,23179,37,94,"(37, 94)",207
6069,15854,37,94,"(37, 94)",207
6070,4337,3,66,"(3, 66)",32
6071,30467,3,38,"(3, 38)",28
6072,16429,42,108,"(42, 108)",243
6073,20575,42,108,"(42, 108)",243
6074,15460,48,1,"(48, 1)",252
6075,14513,48,1,"(48, 1)",252
6082,17944,43,67,"(43, 67)",250
6083,11530,38,42,"(38, 42)",213
6085,15047,1,96,"(1, 96)",11
6086,21780,1,96,"(1, 96)",11
6089,4840,29,95,"(29, 95)",176
6090,4840,29,95,"(29, 95)",176
6093,33961,1,84,"(1, 84)",10
6097,31598,9,72,"(9, 72)",67
6098,23944,9,72,"(9, 72)",67
6099,25110,36,61,"(36, 61)",197
6102,17872,51,90,"(51, 90)",273
6103,21844,51,90,"(51, 90)",273
6104,1081,42,50,"(42, 50)",238
6105,8195,42,50,"(42, 50)",238
6106,17583,36,43,"(36, 43)",194
6107,31367,36,43,"(36, 43)",194
6108,13879,26,88,"(26, 88)",149
6109,6792,24,90,"(24, 90)",142
6110,23783,11,57,"(11, 57)",74
6111,25467,11,57,"(11, 57)",74
6119,478,15,107,"(15, 107)",94
6120,26171,15,107,"(15, 107)",94
6121,6218,4,45,"(4, 45)",44
6122,11934,4,11,"(4, 11)",40
6123,21591,4,11,"(4, 11)",40
6126,16009,38,60,"(38, 60)",215
6127,17775,1,59,"(1, 59)",8
6128,21745,1,59,"(1, 59)",8
6129,17930,15,16,"(15, 16)",87
6130,0,15,16,"(15, 16)",87
6133,20626,7,36,"(7, 36)",59
6134,5593,7,36,"(7, 36)",59
6135,13458,11,57,"(11, 57)",74
6139,15529,40,28,"(40, 28)",229
6140,24636,40,28,"(40, 28)",229
6142,13091,37,113,"(37, 113)",209
6144,25426,38,19,"(38, 19)",211
6145,3275,23,44,"(23, 44)",131
6147,5092,54,46,"(54, 46)",285
6148,34643,54,46,"(54, 46)",285
6149,8798,4,4,"(4, 4)",39
6150,8798,4,4,"(4, 4)",39
6151,20763,42,50,"(42, 50)",238
6152,19342,42,50,"(42, 50)",238
6155,26099,40,77,"(40, 77)",234
6156,12481,5,45,"(5, 45)",52
6157,31620,39,103,"(39, 103)",223
6159,19425,40,12,"(40, 12)",225
6160,13300,51,112,"(51, 112)",276
6161,11078,18,104,"(18, 104)",111
6162,7287,1,59,"(1, 59)",8
6163,37315,40,24,"(40, 24)",228
6164,34608,52,75,"(52, 75)",283
6166,30652,39,98,"(39, 98)",221
6171,10501,3,38,"(3, 38)",28
6172,6908,28,73,"(28, 73)",166
6173,35500,28,73,"(28, 73)",166
6174,12033,42,92,"(42, 92)",241
6175,30648,42,92,"(42, 92)",241
6176,16586,37,50,"(37, 50)",202
6178,21412,14,86,"(14, 86)",84
6180,598,30,54,"(30, 54)",179
6181,598,30,54,"(30, 54)",179
6182,8115,28,25,"(28, 25)",161
6183,5980,1,59,"(1, 59)",8
6184,33539,1,59,"(1, 59)",8
6187,6170,52,35,"(52, 35)",278
6188,23869,52,36,"(52, 36)",279
6189,6330,15,107,"(15, 107)",94
6191,4908,23,12,"(23, 12)",128
6192,31147,23,24,"(23, 24)",129
6193,34035,18,105,"(18, 105)",112
6194,23796,18,105,"(18, 105)",112
6195,24737,39,35,"(39, 35)",219
6196,18198,15,82,"(15, 82)",92
6197,19002,15,55,"(15, 55)",89
6198,24897,15,82,"(15, 82)",92
6199,19044,15,16,"(15, 16)",87
6201,10672,21,58,"(21, 58)",121
6202,11247,21,83,"(21, 83)",124
6205,25385,51,80,"(51, 80)",271
6206,37352,1,59,"(1, 59)",8
6213,17218,42,109,"(42, 109)",244
6218,15531,4,45,"(4, 45)",44
6219,1832,4,45,"(4, 45)",44
6220,7636,33,81,"(33, 81)",188
6222,5376,15,82,"(15, 82)",92
6224,6685,7,36,"(7, 36)",59
6225,6685,7,36,"(7, 36)",59
6226,33688,37,78,"(37, 78)",206
6227,4148,37,78,"(37, 78)",206
6230,19193,51,13,"(51, 13)",270
6231,5098,26,13,"(26, 13)",144
6232,18386,27,35,"(27, 35)",151
6233,19601,27,75,"(27, 75)",155
6234,31447,33,48,"(33, 48)",186
6235,25129,7,36,"(7, 36)",59
6236,25129,7,36,"(7, 36)",59
6237,6884,15,55,"(15, 55)",89
6240,8046,2,30,"(2, 30)",16
6241,4941,2,30,"(2, 30)",16
6244,35706,40,20,"(40, 20)",226
6245,29069,40,20,"(40, 20)",226
6248,33031,40,12,"(40, 12)",225
6251,543,20,14,"(20, 14)",113
6253,33178,23,5,"(23, 5)",127
6254,1894,32,17,"(32, 17)",184
6255,1894,32,17,"(32, 17)",184
6257,13699,4,84,"(4, 84)",47
6258,15793,1,84,"(1, 84)",10
6261,11010,5,37,"(5, 37)",50
6262,36209,5,37,"(5, 37)",50
6263,2126,51,80,"(51, 80)",271
6266,636,9,74,"(9, 74)",68
6269,33469,42,92,"(42, 92)",241
6272,18068,51,97,"(51, 97)",274
6273,23155,5,38,"(5, 38)",51
6274,7306,29,76,"(29, 76)",175
6275,27066,15,107,"(15, 107)",94
6276,24282,27,75,"(27, 75)",155
6277,551,3,96,"(3, 96)",38
6278,34015,3,79,"(3, 79)",36
6281,2240,3,96,"(3, 96)",38
6282,7090,28,6,"(28, 6)",158
6283,5339,29,76,"(29, 76)",175
6284,13535,38,60,"(38, 60)",215
6285,13535,38,60,"(38, 60)",215
6286,10097,1,96,"(1, 96)",11
6287,477,5,45,"(5, 45)",52
6288,730,5,45,"(5, 45)",52
6289,8192,27,35,"(27, 35)",151
6290,8236,4,45,"(4, 45)",44
6297,25067,43,8,"(43, 8)",246
6299,8340,38,33,"(38, 33)",212
6300,26484,24,13,"(24, 13)",135
6301,21491,36,61,"(36, 61)",197
6304,22612,36,35,"(36, 35)",193
6305,22612,36,35,"(36, 35)",193
6306,4436,33,48,"(33, 48)",186
6307,3030,33,48,"(33, 48)",186
6310,26907,5,82,"(5, 82)",54
6316,1834,40,28,"(40, 28)",229
6317,2562,40,28,"(40, 28)",229
6318,1598,3,79,"(3, 79)",36
6319,8636,43,8,"(43, 8)",246
6320,19865,26,69,"(26, 69)",147
6321,713,3,96,"(3, 96)",38
6322,17348,38,60,"(38, 60)",215
6325,20876,23,40,"(23, 40)",130
6326,23425,23,40,"(23, 40)",130
6327,7289,24,20,"(24, 20)",136
6328,823,5,45,"(5, 45)",52
6329,15380,27,61,"(27, 61)",154
6330,5998,40,77,"(40, 77)",234
6331,28242,40,77,"(40, 77)",234
6332,13357,24,90,"(24, 90)",142
6333,13357,24,90,"(24, 90)",142
6338,6405,29,76,"(29, 76)",175
6339,12462,40,62,"(40, 62)",232
6340,10364,40,23,"(40, 23)",227
6341,1468,39,103,"(39, 103)",223
6344,5335,38,19,"(38, 19)",211
6345,18341,39,103,"(39, 103)",223
6346,6750,39,103,"(39, 103)",223
6347,10158,43,8,"(43, 8)",246
6348,2,40,28,"(40, 28)",229
6349,35930,40,28,"(40, 28)",229
6350,8882,11,23,"(11, 23)",73
6351,33039,5,22,"(5, 22)",49
6352,33039,5,22,"(5, 22)",49
6355,34999,28,64,"(28, 64)",165
6360,21412,14,86,"(14, 86)",84
6361,16829,21,34,"(21, 34)",119
6364,17660,28,25,"(28, 25)",161
6365,35059,28,25,"(28, 25)",161
6366,30390,15,66,"(15, 66)",90
6367,9566,1,59,"(1, 59)",8
6368,7551,18,6,"(18, 6)",106
6369,1902,18,6,"(18, 6)",106
6370,21647,52,60,"(52, 60)",282
6371,13122,51,102,"(51, 102)",275
6372,19528,51,112,"(51, 112)",276
6373,14216,21,83,"(21, 83)",124
6378,7262,38,98,"(38, 98)",216
6379,33365,38,98,"(38, 98)",216
6380,8243,17,52,"(17, 52)",103
6381,11932,17,52,"(17, 52)",103
6382,17867,18,41,"(18, 41)",109
6383,9158,18,41,"(18, 41)",109
6385,3227,20,53,"(20, 53)",114
6386,8391,20,102,"(20, 102)",116
6388,15696,36,35,"(36, 35)",193
6389,3010,36,61,"(36, 61)",197
6390,9403,36,61,"(36, 61)",197
6391,1208,16,71,"(16, 71)",98
6392,24201,16,71,"(16, 71)",98
6393,34427,28,31,"(28, 31)",164
6394,637,15,110,"(15, 110)",95
6395,637,15,110,"(15, 110)",95
6397,16461,17,90,"(17, 90)",105
6398,13978,51,90,"(51, 90)",273
6399,19817,4,49,"(4, 49)",45
6400,9300,4,84,"(4, 84)",47
6401,8627,32,17,"(32, 17)",184
6403,4623,23,56,"(23, 56)",132
6405,258,30,54,"(30, 54)",179
6408,3083,20,102,"(20, 102)",116
6411,20822,16,82,"(16, 82)",99
6412,5543,28,31,"(28, 31)",164
6414,20573,15,37,"(15, 37)",88
6416,1747,38,33,"(38, 33)",212
6419,33225,51,97,"(51, 97)",274
6420,34989,51,97,"(51, 97)",274
6423,8270,15,16,"(15, 16)",87
6424,12619,43,91,"(43, 91)",251
6425,18762,43,91,"(43, 91)",251
6427,34866,3,78,"(3, 78)",35
6428,13838,3,71,"(3, 71)",34
6429,13904,40,12,"(40, 12)",225
6430,24931,40,12,"(40, 12)",225
6431,37136,16,38,"(16, 38)",96
6432,4874,3,38,"(3, 38)",28
6433,20740,29,95,"(29, 95)",176
6434,20740,29,95,"(29, 95)",176
6441,14995,38,33,"(38, 33)",212
6442,15714,38,33,"(38, 33)",212
6447,13200,4,45,"(4, 45)",44
6448,22080,39,98,"(39, 98)",221
6452,2578,21,62,"(21, 62)",122
6453,14750,21,62,"(21, 62)",122
6464,28964,32,17,"(32, 17)",184
6465,27081,32,17,"(32, 17)",184
6466,14036,5,37,"(5, 37)",50
6467,14399,5,22,"(5, 22)",49
6468,33013,28,31,"(28, 31)",164
6469,23536,28,31,"(28, 31)",164
6472,7281,1,96,"(1, 96)",11
6473,389,1,96,"(1, 96)",11
6474,22912,30,54,"(30, 54)",179
6475,22912,30,54,"(30, 54)",179
6476,20626,7,36,"(7, 36)",59
6477,20626,7,36,"(7, 36)",59
6478,20784,49,68,"(49, 68)",261
6480,35451,5,37,"(5, 37)",50
6481,20869,5,37,"(5, 37)",50
6485,9557,21,34,"(21, 34)",119
6486,5029,21,34,"(21, 34)",119
6487,30425,40,7,"(40, 7)",224
6488,6210,40,77,"(40, 77)",234
6490,4402,30,54,"(30, 54)",179
6491,17029,4,49,"(4, 49)",45
6492,7301,4,49,"(4, 49)",45
6493,31123,21,83,"(21, 83)",124
6494,11280,3,79,"(3, 79)",36
6495,9943,3,79,"(3, 79)",36
6496,14339,27,35,"(27, 35)",151
6497,14273,16,82,"(16, 82)",99
6498,14228,17,32,"(17, 32)",101
6500,29454,43,67,"(43, 67)",250
6501,18881,4,11,"(4, 11)",40
6502,21212,49,89,"(49, 89)",262
6503,25025,23,5,"(23, 5)",127
6504,33742,1,84,"(1, 84)",10
6505,33326,1,84,"(1, 84)",10
6506,3058,38,33,"(38, 33)",212
6507,20020,38,33,"(38, 33)",212
6508,15186,39,103,"(39, 103)",223
6509,348,40,28,"(40, 28)",229
6510,348,40,28,"(40, 28)",229
6511,3069,26,69,"(26, 69)",147
6513,34873,27,75,"(27, 75)",155
6515,33755,40,12,"(40, 12)",225
6516,3718,40,12,"(40, 12)",225
6520,37654,14,94,"(14, 94)",85
6521,14892,14,94,"(14, 94)",85
6522,2060,4,11,"(4, 11)",40
6523,5773,23,78,"(23, 78)",133
6524,3145,23,78,"(23, 78)",133
6525,11426,4,111,"(4, 111)",48
6526,34217,17,52,"(17, 52)",103
6527,1908,38,19,"(38, 19)",211
6528,30652,39,98,"(39, 98)",221
6530,16845,3,78,"(3, 78)",35
6532,27235,4,111,"(4, 111)",48
6533,25747,4,111,"(4, 111)",48
6535,25647,50,80,"(50, 80)",267
6536,841,50,80,"(50, 80)",267
6537,10640,29,6,"(29, 6)",170
6538,4408,29,6,"(29, 6)",170
6539,2725,33,15,"(33, 15)",185
6540,34978,2,93,"(2, 93)",21
6541,1524,2,93,"(2, 93)",21
6542,16553,28,0,"(28, 0)",156
6543,25342,28,0,"(28, 0)",156
6544,16117,15,16,"(15, 16)",87
6545,27873,15,16,"(15, 16)",87
6546,10117,1,59,"(1, 59)",8
6548,24744,15,107,"(15, 107)",94
6550,1697,2,93,"(2, 93)",21
6553,9308,24,20,"(24, 20)",136
6554,8528,26,97,"(26, 97)",150
6555,4127,43,8,"(43, 8)",246
6556,27026,43,8,"(43, 8)",246
6558,2069,15,55,"(15, 55)",89
6559,5377,15,55,"(15, 55)",89
6560,13912,43,91,"(43, 91)",251
6561,13967,43,91,"(43, 91)",251
6562,8519,40,12,"(40, 12)",225
6563,2635,2,93,"(2, 93)",21
6564,37434,2,93,"(2, 93)",21
6565,11892,24,52,"(24, 52)",140
6566,11893,24,52,"(24, 52)",140
6568,19165,16,71,"(16, 71)",98
6570,7279,38,33,"(38, 33)",212
6571,1460,38,33,"(38, 33)",212
6572,15784,17,29,"(17, 29)",100
6573,34118,17,29,"(17, 29)",100
6575,2571,38,101,"(38, 101)",218
6576,20376,38,19,"(38, 19)",211
6577,16710,33,15,"(33, 15)",185
6578,25237,28,3,"(28, 3)",157
6579,8427,18,41,"(18, 41)",109
6581,31402,52,19,"(52, 19)",277
6582,2971,52,39,"(52, 39)",280
6583,51,15,16,"(15, 16)",87
6584,10184,1,20,"(1, 20)",2
6585,7268,2,18,"(2, 18)",13
6586,10465,2,18,"(2, 18)",13
6587,10244,28,105,"(28, 105)",169
6588,12457,28,105,"(28, 105)",169
6589,14287,37,50,"(37, 50)",202
6591,16606,24,27,"(24, 27)",138
6592,15879,24,13,"(24, 13)",135
6593,3296,1,96,"(1, 96)",11
6594,11857,1,96,"(1, 96)",11
6595,4883,28,105,"(28, 105)",169
6596,11347,29,6,"(29, 6)",170
6597,15757,29,6,"(29, 6)",170
6598,6337,52,75,"(52, 75)",283
6600,2042,33,15,"(33, 15)",185
6601,1691,33,15,"(33, 15)",185
6604,19149,26,88,"(26, 88)",149
6605,1674,23,40,"(23, 40)",130
6606,1674,23,40,"(23, 40)",130
6607,451,29,76,"(29, 76)",175
6613,27630,33,81,"(33, 81)",188
6614,27262,18,104,"(18, 104)",111
6615,24069,40,24,"(40, 24)",228
6616,18030,40,24,"(40, 24)",228
6617,25667,38,99,"(38, 99)",217
6618,3894,38,99,"(38, 99)",217
6619,18183,11,9,"(11, 9)",72
6620,12564,11,9,"(11, 9)",72
6622,17884,33,48,"(33, 48)",186
6623,12311,18,104,"(18, 104)",111
6624,1246,28,0,"(28, 0)",156
6627,4828,37,50,"(37, 50)",202
6628,6647,9,74,"(9, 74)",68
6631,7652,36,61,"(36, 61)",197
6632,30649,36,85,"(36, 85)",199
6633,27197,54,46,"(54, 46)",285
6634,30985,42,106,"(42, 106)",242
6637,12140,37,50,"(37, 50)",202
6638,31381,42,109,"(42, 109)",244
6641,15742,38,101,"(38, 101)",218
6644,13518,1,84,"(1, 84)",10
6645,25467,11,57,"(11, 57)",74
6646,8043,7,35,"(7, 35)",58
6648,3896,33,15,"(33, 15)",185
6650,3366,28,31,"(28, 31)",164
6651,35116,23,40,"(23, 40)",130
6652,10301,5,37,"(5, 37)",50
6654,25487,38,42,"(38, 42)",213
6655,26873,38,42,"(38, 42)",213
6656,3323,26,23,"(26, 23)",145
6657,18219,42,108,"(42, 108)",243
6658,12606,42,108,"(42, 108)",243
6659,11868,17,52,"(17, 52)",103
6660,11868,17,52,"(17, 52)",103
6661,26564,54,46,"(54, 46)",285
6662,29188,9,106,"(9, 106)",70
6663,6158,9,106,"(9, 106)",70
6667,32299,37,114,"(37, 114)",210
6668,35770,37,114,"(37, 114)",210
6669,31419,9,92,"(9, 92)",69
6670,6202,18,104,"(18, 104)",111
6671,10218,18,104,"(18, 104)",111
6672,33691,1,59,"(1, 59)",8
6673,35314,15,82,"(15, 82)",92
6674,10569,15,110,"(15, 110)",95
6676,32806,15,100,"(15, 100)",93
6677,33962,15,100,"(15, 100)",93
6679,18308,50,80,"(50, 80)",267
6680,5448,38,33,"(38, 33)",212
6681,35402,26,23,"(26, 23)",145
6682,12807,26,13,"(26, 13)",144
6688,20335,38,60,"(38, 60)",215
6693,8405,4,45,"(4, 45)",44
6694,3139,11,57,"(11, 57)",74
6697,33797,2,18,"(2, 18)",13
6698,4744,2,18,"(2, 18)",13
6699,794,5,49,"(5, 49)",53
6700,7671,5,49,"(5, 49)",53
6701,19991,17,52,"(17, 52)",103
6702,19992,17,52,"(17, 52)",103
6703,425,28,105,"(28, 105)",169
6704,7433,28,105,"(28, 105)",169
6706,11956,49,89,"(49, 89)",262
6707,15241,49,89,"(49, 89)",262
6708,19727,17,52,"(17, 52)",103
6709,3366,28,31,"(28, 31)",164
6710,7222,16,71,"(16, 71)",98
6711,26114,16,71,"(16, 71)",98
6712,3759,40,24,"(40, 24)",228
6713,23764,40,24,"(40, 24)",228
6715,10828,27,75,"(27, 75)",155
6716,8106,17,52,"(17, 52)",103
6717,5111,17,52,"(17, 52)",103
6718,7006,17,32,"(17, 32)",101
6719,924,17,32,"(17, 32)",101
6720,180,28,64,"(28, 64)",165
6721,23979,18,41,"(18, 41)",109
6724,4582,48,1,"(48, 1)",252
6725,4582,48,1,"(48, 1)",252
6726,2247,21,58,"(21, 58)",121
6727,2247,21,58,"(21, 58)",121
6730,13120,29,6,"(29, 6)",170
6731,5212,38,101,"(38, 101)",218
6732,14107,38,19,"(38, 19)",211
6733,1153,28,25,"(28, 25)",161
6734,313,50,80,"(50, 80)",267
6735,3808,15,55,"(15, 55)",89
6736,27614,28,6,"(28, 6)",158
6737,31385,1,59,"(1, 59)",8
6741,9746,23,40,"(23, 40)",130
6742,9746,23,40,"(23, 40)",130
6746,5436,15,66,"(15, 66)",90
6747,1314,18,41,"(18, 41)",109
6748,11090,18,41,"(18, 41)",109
6751,11026,15,82,"(15, 82)",92
6752,33263,15,110,"(15, 110)",95
6753,34803,24,13,"(24, 13)",135
6754,2941,24,27,"(24, 27)",138
6757,2726,49,89,"(49, 89)",262
6758,1056,21,34,"(21, 34)",119
6760,16644,18,104,"(18, 104)",111
6761,26502,18,104,"(18, 104)",111
6762,1845,33,48,"(33, 48)",186
6763,486,33,48,"(33, 48)",186
6764,19424,36,85,"(36, 85)",199
6769,32430,52,35,"(52, 35)",278
6770,22585,38,19,"(38, 19)",211
6771,5231,38,19,"(38, 19)",211
6772,1171,43,8,"(43, 8)",246
6773,1171,43,8,"(43, 8)",246
6774,426,28,3,"(28, 3)",157
6775,21750,3,79,"(3, 79)",36
6776,5884,30,54,"(30, 54)",179
6777,11528,40,57,"(40, 57)",231
6779,29867,9,74,"(9, 74)",68
6780,29867,9,74,"(9, 74)",68
6781,14708,18,104,"(18, 104)",111
6782,2991,18,41,"(18, 41)",109
6786,29645,39,101,"(39, 101)",222
6787,3306,43,8,"(43, 8)",246
6788,4287,43,67,"(43, 67)",250
6790,18174,40,24,"(40, 24)",228
6792,22201,18,41,"(18, 41)",109
6793,4378,18,41,"(18, 41)",109
6794,3859,15,107,"(15, 107)",94
6795,2501,15,107,"(15, 107)",94
6796,36373,30,91,"(30, 91)",182
6797,36639,30,91,"(30, 91)",182
6799,20952,15,55,"(15, 55)",89
6800,15365,15,16,"(15, 16)",87
6801,2927,15,107,"(15, 107)",94
6802,3170,23,12,"(23, 12)",128
6804,28039,4,59,"(4, 59)",46
6805,9752,4,59,"(4, 59)",46
6806,33089,14,94,"(14, 94)",85
6807,24575,14,94,"(14, 94)",85
6810,5708,40,7,"(40, 7)",224
6811,6309,40,7,"(40, 7)",224
6812,3604,28,25,"(28, 25)",161
6813,32850,2,93,"(2, 93)",21
6814,13470,39,98,"(39, 98)",221
6815,17115,38,48,"(38, 48)",214
6816,3957,38,48,"(38, 48)",214
6817,14812,15,107,"(15, 107)",94
6818,3777,15,107,"(15, 107)",94
6819,30149,39,103,"(39, 103)",223
6820,96,39,103,"(39, 103)",223
6824,10349,9,72,"(9, 72)",67
6825,15264,23,56,"(23, 56)",132
6827,34648,3,79,"(3, 79)",36
6828,9511,11,57,"(11, 57)",74
6831,24628,24,20,"(24, 20)",136
6832,10657,24,13,"(24, 13)",135
6833,33135,15,82,"(15, 82)",92
6834,26506,15,82,"(15, 82)",92
6835,2151,2,65,"(2, 65)",19
6836,283,2,30,"(2, 30)",16
6837,9821,18,104,"(18, 104)",111
6838,16028,18,104,"(18, 104)",111
6839,5516,4,45,"(4, 45)",44
6840,4204,4,45,"(4, 45)",44
6841,5941,23,56,"(23, 56)",132
6842,27937,23,40,"(23, 40)",130
6843,21410,3,70,"(3, 70)",33
6844,31559,27,61,"(27, 61)",154
6845,37501,33,15,"(33, 15)",185
6849,16181,4,49,"(4, 49)",45
6850,19403,23,40,"(23, 40)",130
6851,23884,3,47,"(3, 47)",30
6852,375,42,92,"(42, 92)",241
6853,7192,42,92,"(42, 92)",241
6854,5929,21,109,"(21, 109)",126
6855,16484,21,109,"(21, 109)",126
6857,9256,9,10,"(9, 10)",65
6858,9335,9,10,"(9, 10)",65
6859,25005,33,81,"(33, 81)",188
6860,25911,36,43,"(36, 43)",194
6861,25911,36,43,"(36, 43)",194
6862,27715,49,89,"(49, 89)",262
6863,7095,42,109,"(42, 109)",244
6864,15859,42,109,"(42, 109)",244
6865,17145,37,113,"(37, 113)",209
6866,8311,37,113,"(37, 113)",209
6867,28305,2,18,"(2, 18)",13
6868,7692,15,55,"(15, 55)",89
6869,19171,3,79,"(3, 79)",36
6870,19386,2,93,"(2, 93)",21
6872,17634,15,16,"(15, 16)",87
6873,24684,32,17,"(32, 17)",184
6874,18076,32,17,"(32, 17)",184
6875,1652,28,25,"(28, 25)",161
6876,2209,4,11,"(4, 11)",40
6877,6989,16,49,"(16, 49)",97
6878,16788,38,19,"(38, 19)",211
6885,17585,24,13,"(24, 13)",135
6886,1917,3,38,"(3, 38)",28
6887,35410,28,64,"(28, 64)",165
6888,5179,28,64,"(28, 64)",165
6892,17784,52,75,"(52, 75)",283
6896,5656,15,5,"(15, 5)",86
6897,10177,33,103,"(33, 103)",191
6898,24137,39,98,"(39, 98)",221
6899,28233,4,49,"(4, 49)",45
6900,9734,23,40,"(23, 40)",130
6901,37181,28,31,"(28, 31)",164
6902,22272,33,48,"(33, 48)",186
6903,290,33,48,"(33, 48)",186
6905,52,28,6,"(28, 6)",158
6906,2028,15,100,"(15, 100)",93
6907,33092,15,100,"(15, 100)",93
6908,8999,9,72,"(9, 72)",67
6909,14806,9,72,"(9, 72)",67
6910,35690,15,100,"(15, 100)",93
6911,35690,15,100,"(15, 100)",93
6912,1344,18,41,"(18, 41)",109
6915,16504,26,77,"(26, 77)",148
6916,31354,26,69,"(26, 69)",147
6917,16408,43,67,"(43, 67)",250
6918,16408,43,67,"(43, 67)",250
6919,36263,28,73,"(28, 73)",166
6920,1048,28,25,"(28, 25)",161
6922,4230,3,47,"(3, 47)",30
6923,22368,23,40,"(23, 40)",130
6924,25411,23,40,"(23, 40)",130
6925,5440,28,64,"(28, 64)",165
6926,10012,28,6,"(28, 6)",158
6927,28563,24,13,"(24, 13)",135
6930,14389,15,37,"(15, 37)",88
6931,11869,15,16,"(15, 16)",87
6932,19906,4,11,"(4, 11)",40
6933,12589,15,66,"(15, 66)",90
6934,33048,49,89,"(49, 89)",262
6935,23545,49,89,"(49, 89)",262
6936,7867,4,4,"(4, 4)",39
6937,28325,33,15,"(33, 15)",185
6938,33616,37,78,"(37, 78)",206
6939,31738,37,78,"(37, 78)",206
6942,2809,48,1,"(48, 1)",252
6943,2810,48,1,"(48, 1)",252
6946,18772,40,77,"(40, 77)",234
6947,200,40,77,"(40, 77)",234
6948,9906,28,91,"(28, 91)",168
6949,22349,3,66,"(3, 66)",32
6950,12023,3,66,"(3, 66)",32
6951,14593,4,45,"(4, 45)",44
6952,12795,4,45,"(4, 45)",44
6954,5212,38,101,"(38, 101)",218
6955,30729,54,46,"(54, 46)",285
6957,21782,51,80,"(51, 80)",271
6958,21782,51,80,"(51, 80)",271
6959,23588,9,92,"(9, 92)",69
6965,1467,4,45,"(4, 45)",44
6966,34174,30,91,"(30, 91)",182
6968,12894,43,67,"(43, 67)",250
6969,3837,43,54,"(43, 54)",249
6970,35086,33,98,"(33, 98)",189
6971,6037,33,98,"(33, 98)",189
6974,1974,28,3,"(28, 3)",157
6975,26576,37,113,"(37, 113)",209
6976,31229,37,113,"(37, 113)",209
6977,6823,18,104,"(18, 104)",111
6982,1325,20,53,"(20, 53)",114
6983,21,20,53,"(20, 53)",114
6984,31690,50,102,"(50, 102)",268
6985,31037,50,102,"(50, 102)",268
6987,26318,23,40,"(23, 40)",130
6988,9771,23,40,"(23, 40)",130
6989,33959,4,11,"(4, 11)",40
6990,18016,1,84,"(1, 84)",10
6991,23316,28,6,"(28, 6)",158
6992,6098,3,70,"(3, 70)",33
6993,28971,3,78,"(3, 78)",35
6994,15911,23,78,"(23, 78)",133
6995,17271,33,15,"(33, 15)",185
6998,33289,36,61,"(36, 61)",197
6999,25806,36,61,"(36, 61)",197
7000,7036,40,12,"(40, 12)",225
7002,20984,9,74,"(9, 74)",68
7003,838,42,50,"(42, 50)",238
7005,1526,36,46,"(36, 46)",195
7008,28200,39,35,"(39, 35)",219
7009,22887,5,22,"(5, 22)",49
7010,34028,5,82,"(5, 82)",54
7011,1785,5,22,"(5, 22)",49
7012,3219,4,59,"(4, 59)",46
7013,36165,29,95,"(29, 95)",176
7014,36165,29,95,"(29, 95)",176
7015,17775,1,59,"(1, 59)",8
7016,7012,1,59,"(1, 59)",8
7024,26466,18,104,"(18, 104)",111
7025,25538,52,60,"(52, 60)",282
7026,1584,52,39,"(52, 39)",280
7027,5385,30,15,"(30, 15)",178
7028,17900,32,17,"(32, 17)",184
7029,17900,32,17,"(32, 17)",184
7031,23631,9,74,"(9, 74)",68
7032,25084,36,43,"(36, 43)",194
7033,11370,36,43,"(36, 43)",194
7035,33543,36,85,"(36, 85)",199
7036,198,42,108,"(42, 108)",243
7037,20270,42,108,"(42, 108)",243
7040,4929,2,87,"(2, 87)",20
7043,4566,52,75,"(52, 75)",283
7044,4418,30,54,"(30, 54)",179
7045,33781,30,54,"(30, 54)",179
7046,13447,26,69,"(26, 69)",147
7047,622,26,88,"(26, 88)",149
7048,1597,5,45,"(5, 45)",52
7049,32926,5,45,"(5, 45)",52
7051,19775,51,97,"(51, 97)",274
7052,19655,21,63,"(21, 63)",123
7056,6437,48,1,"(48, 1)",252
7057,6438,48,1,"(48, 1)",252
7058,20168,36,43,"(36, 43)",194
7059,5026,36,43,"(36, 43)",194
7060,6152,21,83,"(21, 83)",124
7065,6745,3,47,"(3, 47)",30
7066,12508,40,77,"(40, 77)",234
7067,11483,15,66,"(15, 66)",90
7068,34007,4,4,"(4, 4)",39
7069,1113,4,111,"(4, 111)",48
7074,4332,3,66,"(3, 66)",32
7075,28184,38,19,"(38, 19)",211
7076,85,27,75,"(27, 75)",155
7077,2831,27,75,"(27, 75)",155
7080,3307,51,90,"(51, 90)",273
7081,22362,24,90,"(24, 90)",142
7082,14629,28,25,"(28, 25)",161
7083,10698,15,107,"(15, 107)",94
7084,9125,15,107,"(15, 107)",94
7085,15085,4,45,"(4, 45)",44
7086,10612,3,38,"(3, 38)",28
7087,16635,16,71,"(16, 71)",98
7088,24435,16,71,"(16, 71)",98
7089,10800,51,97,"(51, 97)",274
7090,1790,15,37,"(15, 37)",88
7091,18646,15,107,"(15, 107)",94
7092,12956,15,107,"(15, 107)",94
7094,16909,9,72,"(9, 72)",67
7097,16189,42,108,"(42, 108)",243
7098,19845,42,108,"(42, 108)",243
7099,34493,37,63,"(37, 63)",204
7100,23886,37,63,"(37, 63)",204
7109,13662,23,40,"(23, 40)",130
7110,3053,15,16,"(15, 16)",87
7111,8703,29,30,"(29, 30)",173
7112,16691,29,30,"(29, 30)",173
7113,25530,23,12,"(23, 12)",128
7114,24387,15,107,"(15, 107)",94
7115,21521,15,107,"(15, 107)",94
7117,6702,49,68,"(49, 68)",261
7118,36260,33,48,"(33, 48)",186
7119,34526,18,105,"(18, 105)",112
7120,28697,21,83,"(21, 83)",124
7121,14496,16,71,"(16, 71)",98
7122,17034,18,41,"(18, 41)",109
7123,36942,6,65,"(6, 65)",56
7124,34848,6,93,"(6, 93)",57
7125,19624,7,36,"(7, 36)",59
7126,4587,33,48,"(33, 48)",186
7127,6966,33,48,"(33, 48)",186
7133,11409,42,109,"(42, 109)",244
7135,303,48,1,"(48, 1)",252
7136,401,36,61,"(36, 61)",197
7140,12705,26,69,"(26, 69)",147
7141,4543,26,13,"(26, 13)",144
7142,5923,26,13,"(26, 13)",144
7143,33605,28,64,"(28, 64)",165
7144,16892,28,64,"(28, 64)",165
7145,11875,24,20,"(24, 20)",136
7146,12569,24,13,"(24, 13)",135
7151,24234,5,49,"(5, 49)",53
7152,2110,5,49,"(5, 49)",53
7155,31809,40,7,"(40, 7)",224
7156,23561,27,61,"(27, 61)",154
7157,16401,27,61,"(27, 61)",154
7159,6160,36,35,"(36, 35)",193
7160,6160,36,35,"(36, 35)",193
7163,25670,38,19,"(38, 19)",211
7164,16442,38,48,"(38, 48)",214
7165,11515,38,99,"(38, 99)",217
7166,8541,37,114,"(37, 114)",210
7167,35960,37,114,"(37, 114)",210
7168,3036,23,78,"(23, 78)",133
7169,3036,23,78,"(23, 78)",133
7171,34402,1,84,"(1, 84)",10
7172,30608,1,59,"(1, 59)",8
7175,30292,18,104,"(18, 104)",111
7178,1367,1,20,"(1, 20)",2
7179,35402,26,23,"(26, 23)",145
7180,19897,5,110,"(5, 110)",55
7181,5372,5,110,"(5, 110)",55
7182,24535,40,77,"(40, 77)",234
7186,15932,21,83,"(21, 83)",124
7187,20467,21,83,"(21, 83)",124
7190,6096,52,39,"(52, 39)",280
7192,35023,29,76,"(29, 76)",175
7193,10388,29,76,"(29, 76)",175
7194,8165,15,16,"(15, 16)",87
7195,17126,15,16,"(15, 16)",87
7196,32059,51,80,"(51, 80)",271
7197,3376,51,80,"(51, 80)",271
7198,32829,52,35,"(52, 35)",278
7199,33329,52,35,"(52, 35)",278
7202,31806,36,35,"(36, 35)",193
7205,35690,15,100,"(15, 100)",93
7206,16433,15,107,"(15, 107)",94
7207,34254,39,98,"(39, 98)",221
7208,7899,15,55,"(15, 55)",89
7209,13348,40,28,"(40, 28)",229
7210,33366,28,21,"(28, 21)",160
7211,36144,21,34,"(21, 34)",119
7212,33172,28,105,"(28, 105)",169
7213,9350,4,45,"(4, 45)",44
7214,3793,52,35,"(52, 35)",278
7215,3793,52,35,"(52, 35)",278
7216,24733,42,50,"(42, 50)",238
7217,4280,4,4,"(4, 4)",39
7218,20626,7,36,"(7, 36)",59
7219,20626,7,36,"(7, 36)",59
7220,14142,23,56,"(23, 56)",132
7222,32655,39,103,"(39, 103)",223
7223,10780,3,47,"(3, 47)",30
7224,4365,40,77,"(40, 77)",234
7225,14646,2,18,"(2, 18)",13
7226,11706,7,101,"(7, 101)",61
7229,3192,4,4,"(4, 4)",39
7234,24128,24,13,"(24, 13)",135
7235,4921,2,30,"(2, 30)",16
7237,34653,33,48,"(33, 48)",186
7238,20591,1,59,"(1, 59)",8
7239,5841,1,59,"(1, 59)",8
7240,12810,2,18,"(2, 18)",13
7241,8424,4,4,"(4, 4)",39
7242,17539,4,4,"(4, 4)",39
7243,4758,15,66,"(15, 66)",90
7244,7529,28,91,"(28, 91)",168
7246,2230,5,37,"(5, 37)",50
7247,27016,5,37,"(5, 37)",50
7248,10218,18,104,"(18, 104)",111
7249,35457,15,110,"(15, 110)",95
7250,7692,15,55,"(15, 55)",89
7252,24782,4,111,"(4, 111)",48
7254,9912,3,66,"(3, 66)",32
7255,24350,16,38,"(16, 38)",96
7256,35287,18,104,"(18, 104)",111
7257,29812,15,107,"(15, 107)",94
7259,11449,27,75,"(27, 75)",155
7260,5842,29,95,"(29, 95)",176
7261,5484,52,39,"(52, 39)",280
7262,20224,52,60,"(52, 60)",282
7263,3430,52,39,"(52, 39)",280
7264,26961,52,60,"(52, 60)",282
7265,23006,51,9,"(51, 9)",269
7266,11773,18,104,"(18, 104)",111
7267,6859,18,104,"(18, 104)",111
7268,35232,23,40,"(23, 40)",130
7269,6453,23,40,"(23, 40)",130
7270,6628,33,81,"(33, 81)",188
7271,5900,15,37,"(15, 37)",88
7272,7784,15,66,"(15, 66)",90
7273,10304,15,100,"(15, 100)",93
7274,21019,26,88,"(26, 88)",149
7275,34398,17,29,"(17, 29)",100
7276,35141,17,29,"(17, 29)",100
7277,12081,37,50,"(37, 50)",202
7278,27681,9,74,"(9, 74)",68
7280,9644,15,66,"(15, 66)",90
7281,15776,7,101,"(7, 101)",61
7282,21459,7,101,"(7, 101)",61
7283,11796,51,97,"(51, 97)",274
7287,16657,5,82,"(5, 82)",54
7288,3900,5,82,"(5, 82)",54
7289,53,40,77,"(40, 77)",234
7290,10828,27,75,"(27, 75)",155
7291,17794,27,75,"(27, 75)",155
7294,7607,23,44,"(23, 44)",131
7295,30143,15,37,"(15, 37)",88
7297,32919,29,95,"(29, 95)",176
7299,11141,49,103,"(49, 103)",265
7300,9773,23,78,"(23, 78)",133
7301,36943,23,56,"(23, 56)",132
7302,34225,33,48,"(33, 48)",186
7303,11595,29,6,"(29, 6)",170
7304,539,29,6,"(29, 6)",170
7305,4522,20,102,"(20, 102)",116
7306,19627,20,102,"(20, 102)",116
7307,278,51,80,"(51, 80)",271
7308,34103,51,9,"(51, 9)",269
7313,15089,54,61,"(54, 61)",286
7314,19965,9,106,"(9, 106)",70
7315,7259,3,56,"(3, 56)",31
7316,18199,4,45,"(4, 45)",44
7318,36277,17,52,"(17, 52)",103
7319,8924,17,52,"(17, 52)",103
7321,35725,49,68,"(49, 68)",261
7322,4139,28,91,"(28, 91)",168
7325,15880,24,27,"(24, 27)",138
7326,23977,38,98,"(38, 98)",216
7327,13545,30,15,"(30, 15)",178
7328,5385,30,15,"(30, 15)",178
7329,708,4,45,"(4, 45)",44
7330,1220,38,33,"(38, 33)",212
7331,1221,38,33,"(38, 33)",212
7332,22131,5,82,"(5, 82)",54
7333,3693,5,110,"(5, 110)",55
7334,16403,16,71,"(16, 71)",98
7338,12176,21,58,"(21, 58)",121
7339,12098,21,58,"(21, 58)",121
7340,12223,3,38,"(3, 38)",28
7342,16019,1,59,"(1, 59)",8
7344,3374,20,14,"(20, 14)",113
7345,16507,15,82,"(15, 82)",92
7346,12269,33,99,"(33, 99)",190
7347,7925,33,99,"(33, 99)",190
7348,6460,28,25,"(28, 25)",161
7349,5265,3,70,"(3, 70)",33
7350,11507,3,70,"(3, 70)",33
7351,34809,23,40,"(23, 40)",130
7352,22095,23,40,"(23, 40)",130
7353,2830,24,52,"(24, 52)",140
7354,5548,24,52,"(24, 52)",140
7355,29801,15,107,"(15, 107)",94
7356,23622,24,13,"(24, 13)",135
7357,1027,5,82,"(5, 82)",54
7358,19947,5,22,"(5, 22)",49
7359,21939,50,102,"(50, 102)",268
7360,18308,50,80,"(50, 80)",267
7363,15490,42,108,"(42, 108)",243
7366,14717,33,48,"(33, 48)",186
7367,8300,15,82,"(15, 82)",92
7368,4466,15,82,"(15, 82)",92
7369,14712,37,113,"(37, 113)",209
7370,14712,37,113,"(37, 113)",209
7371,8810,30,54,"(30, 54)",179
7372,21005,17,52,"(17, 52)",103
7373,18819,17,52,"(17, 52)",103
7377,11427,5,49,"(5, 49)",53
7379,11771,21,63,"(21, 63)",123
7380,11771,21,63,"(21, 63)",123
7383,4012,38,19,"(38, 19)",211
7384,35079,21,83,"(21, 83)",124
7385,34750,21,83,"(21, 83)",124
7386,10028,4,45,"(4, 45)",44
7388,31477,4,11,"(4, 11)",40
7391,34977,15,82,"(15, 82)",92
7392,19739,52,75,"(52, 75)",283
7393,32831,52,60,"(52, 60)",282
7394,14439,52,39,"(52, 39)",280
7395,9159,18,41,"(18, 41)",109
7397,12118,1,20,"(1, 20)",2
7398,9865,1,20,"(1, 20)",2
7402,21063,23,12,"(23, 12)",128
7403,21489,15,107,"(15, 107)",94
7404,33137,5,38,"(5, 38)",51
7405,33137,5,38,"(5, 38)",51
7406,3400,16,38,"(16, 38)",96
7407,3129,1,96,"(1, 96)",11
7408,17921,1,96,"(1, 96)",11
7409,15051,51,13,"(51, 13)",270
7410,26144,17,32,"(17, 32)",101
7411,36364,17,32,"(17, 32)",101
7415,37632,18,104,"(18, 104)",111
7420,13134,21,34,"(21, 34)",119
7421,296,21,34,"(21, 34)",119
7424,4839,24,90,"(24, 90)",142
7425,29605,15,37,"(15, 37)",88
7426,25720,15,37,"(15, 37)",88
7428,3691,39,36,"(39, 36)",220
7429,20633,28,6,"(28, 6)",158
7430,3481,11,23,"(11, 23)",73
7431,25528,11,9,"(11, 9)",72
7432,3144,28,25,"(28, 25)",161
7435,1138,38,33,"(38, 33)",212
7436,5703,33,99,"(33, 99)",190
7437,18636,33,99,"(33, 99)",190
7438,12538,24,13,"(24, 13)",135
7439,3462,24,13,"(24, 13)",135
7441,15385,21,58,"(21, 58)",121
7442,22151,14,86,"(14, 86)",84
7443,27492,14,86,"(14, 86)",84
7449,25782,43,15,"(43, 15)",247
7450,4228,43,15,"(43, 15)",247
7457,11149,11,9,"(11, 9)",72
7458,17881,11,9,"(11, 9)",72
7459,17143,51,97,"(51, 97)",274
7460,33393,29,30,"(29, 30)",173
7461,4751,3,38,"(3, 38)",28
7462,8627,32,17,"(32, 17)",184
7465,35995,36,43,"(36, 43)",194
7466,10787,36,43,"(36, 43)",194
7468,5225,49,89,"(49, 89)",262
7469,5225,49,89,"(49, 89)",262
7472,748,23,12,"(23, 12)",128
7473,30028,54,46,"(54, 46)",285
7474,32605,54,46,"(54, 46)",285
7475,10681,40,77,"(40, 77)",234
7476,2508,33,81,"(33, 81)",188
7477,2508,33,81,"(33, 81)",188
7478,1358,5,82,"(5, 82)",54
7479,9977,11,9,"(11, 9)",72
7480,35514,5,37,"(5, 37)",50
7481,14985,24,13,"(24, 13)",135
7482,6552,29,76,"(29, 76)",175
7483,6315,29,76,"(29, 76)",175
7487,4840,29,95,"(29, 95)",176
7489,21168,28,25,"(28, 25)",161
7490,15758,28,25,"(28, 25)",161
7491,33181,33,15,"(33, 15)",185
7492,16337,33,15,"(33, 15)",185
7493,30234,4,111,"(4, 111)",48
7494,18182,4,111,"(4, 111)",48
7495,2274,29,76,"(29, 76)",175
7496,10968,40,77,"(40, 77)",234
7497,2594,40,77,"(40, 77)",234
7499,14119,1,59,"(1, 59)",8
7500,4205,1,59,"(1, 59)",8
7501,10154,38,19,"(38, 19)",211
7502,23180,38,19,"(38, 19)",211
7504,125,4,4,"(4, 4)",39
7508,3431,23,40,"(23, 40)",130
7509,25459,51,13,"(51, 13)",270
7513,14654,40,88,"(40, 88)",236
7514,16085,40,88,"(40, 88)",236
7515,3939,37,44,"(37, 44)",201
7516,36955,28,25,"(28, 25)",161
7517,11877,40,77,"(40, 77)",234
7518,3868,40,77,"(40, 77)",234
7519,16603,54,61,"(54, 61)",286
7521,31245,27,61,"(27, 61)",154
7522,11747,28,3,"(28, 3)",157
7523,422,28,3,"(28, 3)",157
7526,15289,52,60,"(52, 60)",282
7527,36087,28,21,"(28, 21)",160
7528,20864,28,21,"(28, 21)",160
7529,6564,18,41,"(18, 41)",109
7530,13329,52,75,"(52, 75)",283
7531,23302,39,103,"(39, 103)",223
7532,27079,52,35,"(52, 35)",278
7533,27080,52,35,"(52, 35)",278
7534,6940,38,19,"(38, 19)",211
7535,27181,38,19,"(38, 19)",211
7536,27431,15,107,"(15, 107)",94
7539,12288,36,61,"(36, 61)",197
7544,6133,28,6,"(28, 6)",158
7545,542,28,6,"(28, 6)",158
7546,27025,30,54,"(30, 54)",179
7547,17178,30,54,"(30, 54)",179
7549,11585,15,107,"(15, 107)",94
7550,4064,15,107,"(15, 107)",94
7551,14132,15,107,"(15, 107)",94
7554,18121,51,90,"(51, 90)",273
7555,34433,51,90,"(51, 90)",273
7556,19229,27,35,"(27, 35)",151
7557,18397,40,28,"(40, 28)",229
7558,15824,40,28,"(40, 28)",229
7560,19043,24,13,"(24, 13)",135
7561,26089,24,13,"(24, 13)",135
7566,15884,26,88,"(26, 88)",149
7567,11779,15,16,"(15, 16)",87
7569,20769,28,8,"(28, 8)",159
7570,29931,28,8,"(28, 8)",159
7577,19450,14,86,"(14, 86)",84
7578,17750,14,86,"(14, 86)",84
7579,10042,37,50,"(37, 50)",202
7580,24937,43,8,"(43, 8)",246
7583,5938,18,104,"(18, 104)",111
7584,33935,23,24,"(23, 24)",129
7585,8682,4,11,"(4, 11)",40
7586,21225,15,100,"(15, 100)",93
7588,33312,15,82,"(15, 82)",92
7589,7061,15,55,"(15, 55)",89
7590,7760,15,55,"(15, 55)",89
7593,18913,38,19,"(38, 19)",211
7594,3787,23,56,"(23, 56)",132
7595,7262,38,98,"(38, 98)",216
7596,1058,38,98,"(38, 98)",216
7597,14078,37,44,"(37, 44)",201
7598,32959,37,44,"(37, 44)",201
7599,4927,15,100,"(15, 100)",93
7600,1194,15,100,"(15, 100)",93
7601,21128,30,54,"(30, 54)",179
7603,6617,16,38,"(16, 38)",96
7604,19,11,57,"(11, 57)",74
7605,16433,15,107,"(15, 107)",94
7606,22468,15,107,"(15, 107)",94
7609,3338,26,88,"(26, 88)",149
7610,10195,27,75,"(27, 75)",155
7611,31473,27,35,"(27, 35)",151
7612,455,1,59,"(1, 59)",8
7613,9361,15,37,"(15, 37)",88
7614,1188,20,102,"(20, 102)",116
7615,275,20,102,"(20, 102)",116
7616,37422,38,101,"(38, 101)",218
7617,4803,38,101,"(38, 101)",218
7620,12358,38,19,"(38, 19)",211
7621,6285,33,15,"(33, 15)",185
7623,12454,43,54,"(43, 54)",249
7624,9552,40,77,"(40, 77)",234
7625,30616,54,46,"(54, 46)",285
7626,16327,54,46,"(54, 46)",285
7630,1487,20,14,"(20, 14)",113
7633,10411,49,68,"(49, 68)",261
7634,5384,49,68,"(49, 68)",261
7635,19305,26,97,"(26, 97)",150
7636,35248,17,52,"(17, 52)",103
7637,35452,17,52,"(17, 52)",103
7638,6180,5,45,"(5, 45)",52
7639,692,21,58,"(21, 58)",121
7642,20657,40,12,"(40, 12)",225
7643,30762,40,12,"(40, 12)",225
7646,19555,26,23,"(26, 23)",145
7648,33877,11,9,"(11, 9)",72
7649,24507,11,9,"(11, 9)",72
7652,3998,58,92,"(58, 92)",288
7653,3998,58,92,"(58, 92)",288
7660,33673,17,29,"(17, 29)",100
7661,11534,17,29,"(17, 29)",100
7662,32917,11,57,"(11, 57)",74
7663,7302,18,105,"(18, 105)",112
7664,20407,40,88,"(40, 88)",236
7665,6976,7,101,"(7, 101)",61
7666,17083,52,36,"(52, 36)",279
7668,23180,38,19,"(38, 19)",211
7669,14872,15,82,"(15, 82)",92
7670,33630,54,46,"(54, 46)",285
7671,26013,16,71,"(16, 71)",98
7676,30230,15,37,"(15, 37)",88
7677,33361,17,32,"(17, 32)",101
7678,20674,17,29,"(17, 29)",100
7679,21332,24,27,"(24, 27)",138
7684,8880,17,52,"(17, 52)",103
7685,18494,17,52,"(17, 52)",103
7686,12165,38,48,"(38, 48)",214
7687,22267,21,12,"(21, 12)",117
7688,7144,28,6,"(28, 6)",158
7689,4804,28,6,"(28, 6)",158
7690,3539,15,16,"(15, 16)",87
7691,3330,15,16,"(15, 16)",87
7692,5965,39,103,"(39, 103)",223
7693,34158,23,78,"(23, 78)",133
7694,15404,18,41,"(18, 41)",109
7695,24311,1,96,"(1, 96)",11
7696,14018,1,96,"(1, 96)",11
7699,15215,3,79,"(3, 79)",36
7701,10951,3,47,"(3, 47)",30
7702,1310,11,23,"(11, 23)",73
7703,3803,3,96,"(3, 96)",38
7704,14117,3,96,"(3, 96)",38
7705,30229,23,24,"(23, 24)",129
7706,34895,23,24,"(23, 24)",129
7707,16453,21,58,"(21, 58)",121
7709,4586,33,48,"(33, 48)",186
7713,11196,1,27,"(1, 27)",3
7714,33057,2,26,"(2, 26)",15
7722,35163,37,114,"(37, 114)",210
7723,30943,14,86,"(14, 86)",84
7724,13480,14,86,"(14, 86)",84
7725,986,48,1,"(48, 1)",252
7726,985,48,1,"(48, 1)",252
7727,3062,4,4,"(4, 4)",39
7728,3264,20,14,"(20, 14)",113
7729,576,20,102,"(20, 102)",116
7730,29066,29,95,"(29, 95)",176
7731,12222,29,95,"(29, 95)",176
7732,12995,21,63,"(21, 63)",123
7733,1643,21,63,"(21, 63)",123
7734,16881,18,41,"(18, 41)",109
7735,19908,20,102,"(20, 102)",116
7737,11766,5,82,"(5, 82)",54
7738,9406,5,37,"(5, 37)",50
7740,4938,38,101,"(38, 101)",218
7741,677,33,99,"(33, 99)",190
7743,19312,37,114,"(37, 114)",210
7744,1278,26,13,"(26, 13)",144
7745,7926,33,99,"(33, 99)",190
7746,17674,52,75,"(52, 75)",283
7747,10987,52,60,"(52, 60)",282
7748,26829,37,113,"(37, 113)",209
7749,6992,9,10,"(9, 10)",65
7752,2418,21,58,"(21, 58)",121
7755,11418,43,8,"(43, 8)",246
7756,14818,4,49,"(4, 49)",45
7758,34880,49,68,"(49, 68)",261
7759,34880,49,68,"(49, 68)",261
7760,36252,26,23,"(26, 23)",145
7762,8662,24,52,"(24, 52)",140
7763,297,26,69,"(26, 69)",147
7764,20862,37,63,"(37, 63)",204
7765,24693,38,33,"(38, 33)",212
7766,14356,15,107,"(15, 107)",94
7767,7587,15,107,"(15, 107)",94
7768,5789,5,37,"(5, 37)",50
7769,11843,5,37,"(5, 37)",50
7772,4898,51,90,"(51, 90)",273
7773,30265,24,90,"(24, 90)",142
7774,13998,32,17,"(32, 17)",184
7775,3208,15,107,"(15, 107)",94
7776,9610,15,107,"(15, 107)",94
7777,387,38,99,"(38, 99)",217
7778,16532,36,61,"(36, 61)",197
7779,31419,42,92,"(42, 92)",241
7780,31419,42,92,"(42, 92)",241
7781,28036,18,104,"(18, 104)",111
7782,14853,18,104,"(18, 104)",111
7783,21392,11,9,"(11, 9)",72
7784,999,11,9,"(11, 9)",72
7785,36729,24,69,"(24, 69)",141
7786,34874,50,80,"(50, 80)",267
7788,8440,20,53,"(20, 53)",114
7790,17973,52,60,"(52, 60)",282
7791,17973,52,60,"(52, 60)",282
7792,22208,52,36,"(52, 36)",279
7793,19794,21,83,"(21, 83)",124
7794,16630,43,67,"(43, 67)",250
7795,3658,28,64,"(28, 64)",165
7796,2135,28,6,"(28, 6)",158
7797,4077,40,77,"(40, 77)",234
7798,27486,38,99,"(38, 99)",217
7799,3554,3,38,"(3, 38)",28
7800,6979,3,38,"(3, 38)",28
7801,23067,28,8,"(28, 8)",159
7802,29517,28,8,"(28, 8)",159
7803,8175,21,58,"(21, 58)",121
7807,14417,16,82,"(16, 82)",99
7808,10123,33,15,"(33, 15)",185
7809,8339,38,33,"(38, 33)",212
7811,6541,33,54,"(33, 54)",187
7812,9231,33,54,"(33, 54)",187
7813,2627,7,35,"(7, 35)",58
7814,7009,7,35,"(7, 35)",58
7815,2018,7,101,"(7, 101)",61
7816,32804,28,26,"(28, 26)",162
7817,2735,3,56,"(3, 56)",31
7818,10297,40,77,"(40, 77)",234
7819,24995,52,42,"(52, 42)",281
7820,13693,52,42,"(52, 42)",281
7821,8517,38,98,"(38, 98)",216
7822,35893,38,98,"(38, 98)",216
7823,1972,1,27,"(1, 27)",3
7824,19275,1,27,"(1, 27)",3
7825,16062,29,6,"(29, 6)",170
7826,24439,29,104,"(29, 104)",177
7827,7548,1,84,"(1, 84)",10
7828,29129,1,84,"(1, 84)",10
7830,33642,2,93,"(2, 93)",21
7831,680,15,16,"(15, 16)",87
7832,5045,39,98,"(39, 98)",221
7833,5045,39,98,"(39, 98)",221
7834,5867,51,13,"(51, 13)",270
7835,13,15,66,"(15, 66)",90
7836,36650,15,100,"(15, 100)",93
7837,36650,15,100,"(15, 100)",93
7840,10264,42,106,"(42, 106)",242
7841,19138,3,96,"(3, 96)",38
7842,11774,3,96,"(3, 96)",38
7843,35260,28,105,"(28, 105)",169
7844,8115,28,25,"(28, 25)",161
7845,28814,1,13,"(1, 13)",0
7846,8032,15,107,"(15, 107)",94
7847,10270,15,107,"(15, 107)",94
7848,4066,27,46,"(27, 46)",152
7849,4066,27,46,"(27, 46)",152
7851,12618,5,37,"(5, 37)",50
7852,10003,39,36,"(39, 36)",220
7853,10003,39,36,"(39, 36)",220
7854,2917,15,82,"(15, 82)",92
7855,255,30,54,"(30, 54)",179
7857,33386,28,26,"(28, 26)",162
7858,30199,42,106,"(42, 106)",242
7859,21430,37,50,"(37, 50)",202
7860,25744,51,97,"(51, 97)",274
7863,7309,38,19,"(38, 19)",211
7864,22264,15,107,"(15, 107)",94
7865,5782,3,38,"(3, 38)",28
7866,1293,26,88,"(26, 88)",149
7868,4069,30,54,"(30, 54)",179
7869,6892,30,54,"(30, 54)",179
7873,9021,40,51,"(40, 51)",230
7874,305,15,55,"(15, 55)",89
7876,14932,3,47,"(3, 47)",30
7877,37185,28,25,"(28, 25)",161
7878,33364,28,105,"(28, 105)",169
7881,17140,42,92,"(42, 92)",241
7882,4384,1,59,"(1, 59)",8
7884,1308,5,82,"(5, 82)",54
7885,589,5,82,"(5, 82)",54
7886,8419,52,35,"(52, 35)",278
7887,8419,52,35,"(52, 35)",278
7888,2791,4,45,"(4, 45)",44
7889,9402,52,60,"(52, 60)",282
7890,4287,43,67,"(43, 67)",250
7891,4287,43,67,"(43, 67)",250
7892,980,37,114,"(37, 114)",210
7893,18502,37,114,"(37, 114)",210
7895,2458,5,82,"(5, 82)",54
7896,6997,23,56,"(23, 56)",132
7897,17691,51,13,"(51, 13)",270
7898,14274,4,45,"(4, 45)",44
7899,19578,30,54,"(30, 54)",179
7900,17864,43,8,"(43, 8)",246
7901,33990,33,81,"(33, 81)",188
7903,1677,24,13,"(24, 13)",135
7904,1677,24,13,"(24, 13)",135
7908,2826,3,66,"(3, 66)",32
7909,118,38,101,"(38, 101)",218
7910,3544,20,14,"(20, 14)",113
7911,23081,1,96,"(1, 96)",11
7912,30349,37,113,"(37, 113)",209
7913,4671,37,113,"(37, 113)",209
7914,6783,29,95,"(29, 95)",176
7915,16083,15,16,"(15, 16)",87
7916,2653,2,18,"(2, 18)",13
7917,2653,2,18,"(2, 18)",13
7920,4133,3,47,"(3, 47)",30
7921,11344,36,61,"(36, 61)",197
7922,35942,4,45,"(4, 45)",44
7923,23081,1,96,"(1, 96)",11
7924,6815,4,84,"(4, 84)",47
7925,5009,4,84,"(4, 84)",47
7930,17500,51,112,"(51, 112)",276
7931,1152,1,59,"(1, 59)",8
7932,21906,21,83,"(21, 83)",124
7933,24448,51,112,"(51, 112)",276
7934,16047,14,86,"(14, 86)",84
7936,34416,38,99,"(38, 99)",217
7937,2929,5,49,"(5, 49)",53
7938,5291,4,11,"(4, 11)",40
7939,34685,4,11,"(4, 11)",40
7940,2584,33,81,"(33, 81)",188
7941,35283,5,22,"(5, 22)",49
7942,12726,5,22,"(5, 22)",49
7944,6302,15,100,"(15, 100)",93
7945,35690,15,100,"(15, 100)",93
7948,34142,5,22,"(5, 22)",49
7953,6903,38,19,"(38, 19)",211
7954,4708,54,46,"(54, 46)",285
7955,13129,3,79,"(3, 79)",36
7956,23592,4,84,"(4, 84)",47
7957,31807,5,37,"(5, 37)",50
7958,31807,5,37,"(5, 37)",50
7959,376,28,8,"(28, 8)",159
7961,6536,18,104,"(18, 104)",111
7962,17135,16,82,"(16, 82)",99
7963,18635,16,38,"(16, 38)",96
7964,756,37,44,"(37, 44)",201
7965,457,37,44,"(37, 44)",201
7966,596,17,52,"(17, 52)",103
7969,22349,3,66,"(3, 66)",32
7972,25605,18,104,"(18, 104)",111
7973,3961,26,88,"(26, 88)",149
7974,24206,26,88,"(26, 88)",149
7975,14245,36,85,"(36, 85)",199
7978,13908,37,50,"(37, 50)",202
7980,23566,15,82,"(15, 82)",92
7981,33782,37,114,"(37, 114)",210
7982,17714,21,34,"(21, 34)",119
7985,14559,39,103,"(39, 103)",223
7992,1122,37,50,"(37, 50)",202
7997,11377,3,70,"(3, 70)",33
7998,6852,16,71,"(16, 71)",98
8003,26767,23,24,"(23, 24)",129
8004,9587,33,15,"(33, 15)",185
8005,2019,33,15,"(33, 15)",185
8008,11475,30,15,"(30, 15)",178
8009,805,30,15,"(30, 15)",178
8010,19382,7,35,"(7, 35)",58
8011,36195,33,15,"(33, 15)",185
8012,26518,21,83,"(21, 83)",124
8013,21995,21,83,"(21, 83)",124
8016,5225,49,89,"(49, 89)",262
8017,5225,49,89,"(49, 89)",262
8020,30729,54,46,"(54, 46)",285
8021,30729,54,46,"(54, 46)",285
8025,15669,4,111,"(4, 111)",48
8026,12847,4,4,"(4, 4)",39
8028,36746,5,22,"(5, 22)",49
8029,22587,24,13,"(24, 13)",135
8030,8441,20,53,"(20, 53)",114
8031,22962,40,51,"(40, 51)",230
8032,22316,37,63,"(37, 63)",204
8033,35700,28,105,"(28, 105)",169
8034,867,2,18,"(2, 18)",13
8036,5193,4,11,"(4, 11)",40
8037,3301,16,82,"(16, 82)",99
8038,33679,15,100,"(15, 100)",93
8039,5001,33,98,"(33, 98)",189
8040,6448,33,99,"(33, 99)",190
8041,13828,17,52,"(17, 52)",103
8042,9985,18,104,"(18, 104)",111
8043,26231,18,104,"(18, 104)",111
8045,19884,15,107,"(15, 107)",94
8046,26067,15,107,"(15, 107)",94
8047,13265,16,49,"(16, 49)",97
8048,19518,39,35,"(39, 35)",219
8049,4494,39,35,"(39, 35)",219
8050,13909,1,84,"(1, 84)",10
8051,11986,1,59,"(1, 59)",8
8052,17034,18,41,"(18, 41)",109
8053,19006,32,17,"(32, 17)",184
8054,1504,1,96,"(1, 96)",11
8055,32255,43,8,"(43, 8)",246
8056,11754,43,8,"(43, 8)",246
8057,820,29,6,"(29, 6)",170
8058,5931,29,76,"(29, 76)",175
8059,13136,38,19,"(38, 19)",211
8061,13110,28,91,"(28, 91)",168
8062,35877,28,3,"(28, 3)",157
8063,19962,6,65,"(6, 65)",56
8066,1773,15,16,"(15, 16)",87
8067,2957,15,16,"(15, 16)",87
8068,19454,15,107,"(15, 107)",94
8069,4003,15,107,"(15, 107)",94
8071,929,39,103,"(39, 103)",223
8072,803,21,57,"(21, 57)",120
8074,30199,42,106,"(42, 106)",242
8076,24778,23,40,"(23, 40)",130
8077,21634,18,41,"(18, 41)",109
8078,21634,18,41,"(18, 41)",109
8079,4109,2,18,"(2, 18)",13
8080,2986,2,18,"(2, 18)",13
8081,1196,4,4,"(4, 4)",39
8082,12082,37,44,"(37, 44)",201
8086,32430,52,35,"(52, 35)",278
8087,24333,5,49,"(5, 49)",53
8088,2842,32,17,"(32, 17)",184
8089,34956,5,22,"(5, 22)",49
8090,3491,5,22,"(5, 22)",49
8091,11363,40,28,"(40, 28)",229
8092,2952,15,37,"(15, 37)",88
8094,14091,14,2,"(14, 2)",80
8095,14092,14,2,"(14, 2)",80
8096,22296,42,92,"(42, 92)",241
8097,19404,42,92,"(42, 92)",241
8100,23537,49,89,"(49, 89)",262
8101,30598,49,89,"(49, 89)",262
8102,9039,28,6,"(28, 6)",158
8103,3232,39,98,"(39, 98)",221
8104,25516,52,19,"(52, 19)",277
8105,24209,15,107,"(15, 107)",94
8106,15936,51,80,"(51, 80)",271
8107,21379,51,80,"(51, 80)",271
8108,16279,18,104,"(18, 104)",111
8109,36341,18,104,"(18, 104)",111
8110,25348,51,112,"(51, 112)",276
8114,17309,43,8,"(43, 8)",246
8115,7019,27,35,"(27, 35)",151
8116,7736,27,35,"(27, 35)",151
8121,12814,32,17,"(32, 17)",184
8122,37245,32,17,"(32, 17)",184
8123,31785,27,61,"(27, 61)",154
8124,10181,26,69,"(26, 69)",147
8125,3084,28,31,"(28, 31)",164
8127,22056,51,9,"(51, 9)",269
8128,2648,23,44,"(23, 44)",131
8129,2331,52,35,"(52, 35)",278
8130,2331,52,35,"(52, 35)",278
8134,2100,3,96,"(3, 96)",38
8135,14476,26,69,"(26, 69)",147
8136,10718,26,69,"(26, 69)",147
8137,31354,26,69,"(26, 69)",147
8138,12542,3,71,"(3, 71)",34
8139,8921,7,101,"(7, 101)",61
8140,2884,1,96,"(1, 96)",11
8141,30591,37,50,"(37, 50)",202
8142,12081,37,50,"(37, 50)",202
8143,3843,9,74,"(9, 74)",68
8144,17973,52,60,"(52, 60)",282
8147,726,20,53,"(20, 53)",114
8148,26438,20,90,"(20, 90)",115
8149,12895,26,69,"(26, 69)",147
8150,27275,37,44,"(37, 44)",201
8151,23207,37,44,"(37, 44)",201
8152,21647,52,60,"(52, 60)",282
8153,12142,15,82,"(15, 82)",92
8154,23566,15,82,"(15, 82)",92
8155,13751,15,5,"(15, 5)",86
8157,91,38,19,"(38, 19)",211
8158,34679,28,3,"(28, 3)",157
8159,11195,48,10,"(48, 10)",253
8160,11195,48,10,"(48, 10)",253
8165,1238,29,95,"(29, 95)",176
8166,10315,38,19,"(38, 19)",211
8168,23557,15,16,"(15, 16)",87
8171,1282,28,76,"(28, 76)",167
8172,26854,43,67,"(43, 67)",250
8173,19978,30,15,"(30, 15)",178
8174,209,29,30,"(29, 30)",173
8175,9473,28,73,"(28, 73)",166
8176,6271,28,73,"(28, 73)",166
8179,17490,18,104,"(18, 104)",111
8180,26502,18,104,"(18, 104)",111
8181,4935,1,20,"(1, 20)",2
8182,33456,33,48,"(33, 48)",186
8184,2759,1,59,"(1, 59)",8
8191,28191,54,46,"(54, 46)",285
8192,20139,18,8,"(18, 8)",107
8193,6561,49,68,"(49, 68)",261
8195,652,40,20,"(40, 20)",226
8196,14003,40,7,"(40, 7)",224
8197,16312,24,13,"(24, 13)",135
8198,25350,24,13,"(24, 13)",135
8199,32869,30,54,"(30, 54)",179
8200,5717,30,54,"(30, 54)",179
8201,16938,26,88,"(26, 88)",149
8202,16938,26,88,"(26, 88)",149
8203,17396,17,52,"(17, 52)",103
8204,2080,17,52,"(17, 52)",103
8205,11382,21,83,"(21, 83)",124
8206,18555,21,83,"(21, 83)",124
8207,26176,30,54,"(30, 54)",179
8208,26176,33,54,"(33, 54)",187
8210,22209,52,36,"(52, 36)",279
8211,26556,52,35,"(52, 35)",278
8212,16565,43,67,"(43, 67)",250
8215,12360,26,97,"(26, 97)",150
8216,6577,26,97,"(26, 97)",150
8217,24126,4,49,"(4, 49)",45
8223,8934,20,53,"(20, 53)",114
8226,9499,28,21,"(28, 21)",160
8227,2031,15,82,"(15, 82)",92
8228,3262,15,82,"(15, 82)",92
8229,1197,3,82,"(3, 82)",37
8230,10639,40,28,"(40, 28)",229
8231,6468,40,28,"(40, 28)",229
8232,18548,21,63,"(21, 63)",123
8233,31746,51,97,"(51, 97)",274
8234,941,28,0,"(28, 0)",156
8236,246,1,96,"(1, 96)",11
8237,7894,40,12,"(40, 12)",225
8238,10065,26,88,"(26, 88)",149
8239,16644,18,104,"(18, 104)",111
8240,18258,24,20,"(24, 20)",136
8241,24137,39,98,"(39, 98)",221
8242,1675,51,97,"(51, 97)",274
8243,1661,51,97,"(51, 97)",274
8245,600,5,22,"(5, 22)",49
8246,20174,3,70,"(3, 70)",33
8247,734,3,78,"(3, 78)",35
8248,4241,14,94,"(14, 94)",85
8249,1611,14,50,"(14, 50)",83
8250,16565,43,67,"(43, 67)",250
8251,6589,43,67,"(43, 67)",250
8252,35339,49,89,"(49, 89)",262
8253,35339,49,89,"(49, 89)",262
8254,17827,26,97,"(26, 97)",150
8255,17827,26,97,"(26, 97)",150
8256,5838,33,15,"(33, 15)",185
8257,17449,33,81,"(33, 81)",188
8258,7702,52,60,"(52, 60)",282
8259,19914,26,88,"(26, 88)",149
8260,17455,26,88,"(26, 88)",149
8261,21849,3,70,"(3, 70)",33
8262,3332,28,91,"(28, 91)",168
8263,3332,43,91,"(43, 91)",251
8264,4478,5,82,"(5, 82)",54
8267,24875,23,40,"(23, 40)",130
8268,31838,49,89,"(49, 89)",262
8271,6537,51,90,"(51, 90)",273
8272,10277,51,90,"(51, 90)",273
8273,15094,3,66,"(3, 66)",32
8274,22134,24,20,"(24, 20)",136
8275,8012,24,20,"(24, 20)",136
8280,9723,9,74,"(9, 74)",68
8281,33470,9,72,"(9, 72)",67
8282,8699,1,96,"(1, 96)",11
8288,3823,43,8,"(43, 8)",246
8289,2532,40,20,"(40, 20)",226
8290,21798,1,20,"(1, 20)",2
8291,23862,3,66,"(3, 66)",32
8292,886,3,38,"(3, 38)",28
8293,28985,21,83,"(21, 83)",124
8294,16824,11,88,"(11, 88)",77
8296,1472,5,22,"(5, 22)",49
8297,21975,50,80,"(50, 80)",267
8299,13691,38,101,"(38, 101)",218
8300,7011,42,106,"(42, 106)",242
8303,9398,28,64,"(28, 64)",165
8304,5850,30,54,"(30, 54)",179
8305,9112,23,40,"(23, 40)",130
8306,9112,23,40,"(23, 40)",130
8307,24301,21,62,"(21, 62)",122
8308,22645,21,62,"(21, 62)",122
8309,13522,30,54,"(30, 54)",179
8310,27194,52,36,"(52, 36)",279
8311,25537,24,51,"(24, 51)",139
8312,39,24,51,"(24, 51)",139
8313,22513,52,35,"(52, 35)",278
8314,3147,29,30,"(29, 30)",173
8315,3832,29,30,"(29, 30)",173
8319,15159,4,45,"(4, 45)",44
8321,37653,11,88,"(11, 88)",77
8322,28915,11,9,"(11, 9)",72
8323,687,14,86,"(14, 86)",84
8324,2905,14,2,"(14, 2)",80
8325,3983,36,85,"(36, 85)",199
8331,37532,37,44,"(37, 44)",201
8332,23041,37,44,"(37, 44)",201
8333,5597,3,38,"(3, 38)",28
8340,18768,26,69,"(26, 69)",147
8341,16478,52,42,"(52, 42)",281
8342,15294,52,42,"(52, 42)",281
8343,34002,40,12,"(40, 12)",225
8344,27638,3,70,"(3, 70)",33
8345,22497,1,84,"(1, 84)",10
8346,11657,4,49,"(4, 49)",45
8347,9721,4,45,"(4, 45)",44
8348,7355,11,57,"(11, 57)",74
8349,15302,20,102,"(20, 102)",116
8351,33639,37,50,"(37, 50)",202
8352,1476,3,70,"(3, 70)",33
8353,21382,18,8,"(18, 8)",107
8354,10341,4,45,"(4, 45)",44
8355,4464,29,76,"(29, 76)",175
8358,1111,15,107,"(15, 107)",94
8359,25385,51,80,"(51, 80)",271
8360,25385,51,80,"(51, 80)",271
8362,10540,40,24,"(40, 24)",228
8363,10599,16,82,"(16, 82)",99
8364,28968,28,6,"(28, 6)",158
8365,34764,15,100,"(15, 100)",93
8366,7254,48,1,"(48, 1)",252
8367,10432,9,106,"(9, 106)",70
8369,5526,39,36,"(39, 36)",220
8373,8175,21,58,"(21, 58)",121
8375,9861,51,90,"(51, 90)",273
8379,6950,37,50,"(37, 50)",202
8380,1087,37,114,"(37, 114)",210
8381,6221,40,7,"(40, 7)",224
8383,2266,5,22,"(5, 22)",49
8384,34562,4,111,"(4, 111)",48
8385,13621,28,31,"(28, 31)",164
8386,6814,28,31,"(28, 31)",164
8387,20475,24,27,"(24, 27)",138
8388,7837,3,66,"(3, 66)",32
8389,9496,3,96,"(3, 96)",38
8391,10989,18,17,"(18, 17)",108
8394,715,43,8,"(43, 8)",246
8395,19544,5,82,"(5, 82)",54
8399,5775,42,106,"(42, 106)",242
8401,1247,54,46,"(54, 46)",285
8402,6017,30,54,"(30, 54)",179
8403,13644,3,70,"(3, 70)",33
8404,12053,3,70,"(3, 70)",33
8405,10797,24,13,"(24, 13)",135
8406,31690,50,102,"(50, 102)",268
8407,31356,50,102,"(50, 102)",268
8408,908,5,82,"(5, 82)",54
8409,7715,28,64,"(28, 64)",165
8410,11057,28,64,"(28, 64)",165
8411,30652,39,98,"(39, 98)",221
8412,15642,18,41,"(18, 41)",109
8413,8189,18,41,"(18, 41)",109
8414,9151,51,112,"(51, 112)",276
8415,19180,51,112,"(51, 112)",276
8419,33104,43,8,"(43, 8)",246
8420,26670,2,18,"(2, 18)",13
8423,17016,16,38,"(16, 38)",96
8424,6595,15,55,"(15, 55)",89
8425,30760,15,55,"(15, 55)",89
8426,21544,24,13,"(24, 13)",135
8427,16574,38,19,"(38, 19)",211
8428,6970,21,58,"(21, 58)",121
8429,33238,21,34,"(21, 34)",119
8431,10659,18,41,"(18, 41)",109
8432,13271,18,41,"(18, 41)",109
8433,22331,37,44,"(37, 44)",201
8434,35501,37,44,"(37, 44)",201
8435,16573,21,83,"(21, 83)",124
8436,16689,43,8,"(43, 8)",246
8440,32815,42,106,"(42, 106)",242
8441,33094,14,2,"(14, 2)",80
8442,33094,14,2,"(14, 2)",80
8443,12957,15,37,"(15, 37)",88
8444,14876,15,37,"(15, 37)",88
8445,5679,14,2,"(14, 2)",80
8446,11333,14,94,"(14, 94)",85
8448,2152,14,2,"(14, 2)",80
8449,3009,36,61,"(36, 61)",197
8452,10914,28,21,"(28, 21)",160
8454,31429,39,103,"(39, 103)",223
8455,31429,39,103,"(39, 103)",223
8458,19120,24,27,"(24, 27)",138
8459,6263,15,82,"(15, 82)",92
8460,8619,30,54,"(30, 54)",179
8461,29025,30,54,"(30, 54)",179
8462,26481,21,83,"(21, 83)",124
8463,26230,49,89,"(49, 89)",262
8464,29261,49,89,"(49, 89)",262
8465,15967,51,80,"(51, 80)",271
8466,5029,21,34,"(21, 34)",119
8467,665,48,10,"(48, 10)",253
8468,14794,43,91,"(43, 91)",251
8469,15865,52,60,"(52, 60)",282
8470,19185,52,35,"(52, 35)",278
8471,16072,5,82,"(5, 82)",54
8472,251,5,82,"(5, 82)",54
8473,5729,40,12,"(40, 12)",225
8474,28010,15,82,"(15, 82)",92
8477,18378,28,25,"(28, 25)",161
8478,19655,21,63,"(21, 63)",123
8479,3964,3,79,"(3, 79)",36
8480,3964,3,79,"(3, 79)",36
8481,34848,6,93,"(6, 93)",57
8482,27836,2,65,"(2, 65)",19
8484,36263,28,73,"(28, 73)",166
8487,10830,4,45,"(4, 45)",44
8488,558,49,68,"(49, 68)",261
8489,2574,49,68,"(49, 68)",261
8490,11087,33,15,"(33, 15)",185
8491,33181,33,15,"(33, 15)",185
8496,7060,40,7,"(40, 7)",224
8497,1934,15,16,"(15, 16)",87
8498,15128,28,31,"(28, 31)",164
8499,6745,3,47,"(3, 47)",30
8500,13504,40,24,"(40, 24)",228
8501,13504,40,24,"(40, 24)",228
8503,3365,26,88,"(26, 88)",149
8504,657,3,47,"(3, 47)",30
8505,10081,28,3,"(28, 3)",157
8506,3558,33,98,"(33, 98)",189
8507,1390,4,111,"(4, 111)",48
8508,21629,15,107,"(15, 107)",94
8509,22451,7,36,"(7, 36)",59
8510,5271,4,45,"(4, 45)",44
8511,31277,29,95,"(29, 95)",176
8512,10843,29,95,"(29, 95)",176
8513,34297,33,81,"(33, 81)",188
8514,34297,33,81,"(33, 81)",188
8515,23786,5,49,"(5, 49)",53
8516,30340,5,38,"(5, 38)",51
8518,21896,30,15,"(30, 15)",178
8519,9212,30,81,"(30, 81)",181
8520,5963,14,2,"(14, 2)",80
8521,24575,14,94,"(14, 94)",85
8525,24146,3,70,"(3, 70)",33
8526,65,4,111,"(4, 111)",48
8527,30149,39,103,"(39, 103)",223
8528,13002,16,49,"(16, 49)",97
8529,29504,30,91,"(30, 91)",182
8530,8492,30,91,"(30, 91)",182
8534,1844,2,0,"(2, 0)",12
8535,21255,2,0,"(2, 0)",12
8536,5691,26,88,"(26, 88)",149
8537,5692,26,88,"(26, 88)",149
8538,17698,40,77,"(40, 77)",234
8539,10834,28,25,"(28, 25)",161
8541,17352,40,12,"(40, 12)",225
8542,24931,40,12,"(40, 12)",225
8546,23568,38,19,"(38, 19)",211
8547,23568,38,19,"(38, 19)",211
8550,13629,33,98,"(33, 98)",189
8551,2553,38,98,"(38, 98)",216
8552,2971,52,39,"(52, 39)",280
8553,14803,15,66,"(15, 66)",90
8554,19567,43,54,"(43, 54)",249
8557,17456,38,60,"(38, 60)",215
8558,3823,43,8,"(43, 8)",246
8560,9100,40,12,"(40, 12)",225
8561,4130,40,24,"(40, 24)",228
8562,22287,28,25,"(28, 25)",161
8563,8456,28,73,"(28, 73)",166
8564,21710,36,43,"(36, 43)",194
8565,17191,36,43,"(36, 43)",194
8566,11526,28,64,"(28, 64)",165
8569,5598,40,51,"(40, 51)",230
8570,25675,51,112,"(51, 112)",276
8571,10398,51,112,"(51, 112)",276
8573,15474,30,54,"(30, 54)",179
8574,11457,49,68,"(49, 68)",261
8575,33070,49,68,"(49, 68)",261
8576,20434,21,83,"(21, 83)",124
8579,2507,5,49,"(5, 49)",53
8580,35465,28,31,"(28, 31)",164
8581,32318,28,26,"(28, 26)",162
8582,20843,4,45,"(4, 45)",44
8583,29841,16,71,"(16, 71)",98
8584,33470,9,72,"(9, 72)",67
8587,24583,15,100,"(15, 100)",93
8588,24583,15,100,"(15, 100)",93
8594,22024,36,61,"(36, 61)",197
8595,18915,21,83,"(21, 83)",124
8597,22495,30,91,"(30, 91)",182
8598,37391,24,13,"(24, 13)",135
8599,675,28,25,"(28, 25)",161
8602,181,15,16,"(15, 16)",87
8603,19969,15,16,"(15, 16)",87
8604,18230,27,75,"(27, 75)",155
8605,9404,3,82,"(3, 82)",37
8609,34389,51,102,"(51, 102)",275
8612,1662,38,101,"(38, 101)",218
8613,1662,38,101,"(38, 101)",218
8614,17796,16,71,"(16, 71)",98
8615,26114,16,71,"(16, 71)",98
8617,6047,21,57,"(21, 57)",120
8618,33175,21,57,"(21, 57)",120
8620,33057,2,26,"(2, 26)",15
8621,31880,51,97,"(51, 97)",274
8622,26572,51,97,"(51, 97)",274
8623,12042,37,50,"(37, 50)",202
8628,1373,4,45,"(4, 45)",44
8629,34592,4,45,"(4, 45)",44
8633,35116,23,40,"(23, 40)",130
8639,2787,20,102,"(20, 102)",116
8640,10932,20,102,"(20, 102)",116
8644,3693,5,110,"(5, 110)",55
8645,16743,29,6,"(29, 6)",170
8646,18883,30,54,"(30, 54)",179
8647,14929,30,54,"(30, 54)",179
8648,1840,38,101,"(38, 101)",218
8649,2513,38,101,"(38, 101)",218
8650,9269,42,63,"(42, 63)",240
8654,12009,30,15,"(30, 15)",178
8655,14463,30,15,"(30, 15)",178
8656,34655,2,93,"(2, 93)",21
8657,33622,2,93,"(2, 93)",21
8658,30621,52,75,"(52, 75)",283
8659,7736,27,35,"(27, 35)",151
8660,30274,28,0,"(28, 0)",156
8661,30274,28,0,"(28, 0)",156
8662,22989,52,36,"(52, 36)",279
8663,22989,52,36,"(52, 36)",279
8664,407,4,4,"(4, 4)",39
8665,14247,4,4,"(4, 4)",39
8666,6323,40,20,"(40, 20)",226
8667,15044,15,107,"(15, 107)",94
8668,35887,5,45,"(5, 45)",52
8673,34463,32,17,"(32, 17)",184
8676,26466,18,104,"(18, 104)",111
8679,23291,27,75,"(27, 75)",155
8680,23290,27,75,"(27, 75)",155
8681,5049,1,20,"(1, 20)",2
8682,18226,3,47,"(3, 47)",30
8685,36165,29,95,"(29, 95)",176
8687,28047,3,5,"(3, 5)",23
8688,10291,16,38,"(16, 38)",96
8693,18121,24,90,"(24, 90)",142
8694,17309,18,8,"(18, 8)",107
8695,17309,18,8,"(18, 8)",107
8696,32670,4,11,"(4, 11)",40
8697,10310,52,60,"(52, 60)",282
8698,11694,52,39,"(52, 39)",280
8699,11218,15,16,"(15, 16)",87
8700,12299,15,16,"(15, 16)",87
8701,23758,39,101,"(39, 101)",222
8702,24999,39,101,"(39, 101)",222
8703,1702,39,103,"(39, 103)",223
8705,18799,15,16,"(15, 16)",87
8706,17930,15,16,"(15, 16)",87
8708,871,9,106,"(9, 106)",70
8714,18206,50,80,"(50, 80)",267
8715,16316,50,80,"(50, 80)",267
8720,14809,40,7,"(40, 7)",224
8721,755,40,7,"(40, 7)",224
8722,9920,2,30,"(2, 30)",16
8723,9920,2,30,"(2, 30)",16
8725,11916,29,76,"(29, 76)",175
8726,5247,15,107,"(15, 107)",94
8727,8447,29,6,"(29, 6)",170
8728,4366,15,107,"(15, 107)",94
8729,2840,5,110,"(5, 110)",55
8736,12892,48,1,"(48, 1)",252
8738,21224,32,17,"(32, 17)",184
8744,25965,17,29,"(17, 29)",100
8745,35360,17,29,"(17, 29)",100
8746,10298,39,103,"(39, 103)",223
8747,2257,40,12,"(40, 12)",225
8748,17576,18,41,"(18, 41)",109
8750,20548,1,27,"(1, 27)",3
8751,12927,4,45,"(4, 45)",44
8756,7890,38,19,"(38, 19)",211
8757,4598,5,22,"(5, 22)",49
8758,16708,27,35,"(27, 35)",151
8759,34156,27,61,"(27, 61)",154
8763,1101,9,72,"(9, 72)",67
8764,16911,16,38,"(16, 38)",96
8765,15159,4,45,"(4, 45)",44
8766,35671,40,7,"(40, 7)",224
8767,28821,40,77,"(40, 77)",234
8768,6528,38,19,"(38, 19)",211
8769,9769,38,19,"(38, 19)",211
8770,9835,29,76,"(29, 76)",175
8773,32751,17,59,"(17, 59)",104
8774,1010,28,31,"(28, 31)",164
8775,13645,7,35,"(7, 35)",58
8778,26556,52,35,"(52, 35)",278
8779,3519,37,106,"(37, 106)",208
8786,32046,42,92,"(42, 92)",241
8787,15675,9,106,"(9, 106)",70
8790,27388,28,73,"(28, 73)",166
8791,611,5,22,"(5, 22)",49
8793,5024,3,78,"(3, 78)",35
8794,1573,3,78,"(3, 78)",35
8795,19112,18,104,"(18, 104)",111
8796,25385,51,80,"(51, 80)",271
8797,28539,3,78,"(3, 78)",35
8798,2699,3,66,"(3, 66)",32
8799,14541,3,66,"(3, 66)",32
8800,25089,3,66,"(3, 66)",32
8803,774,30,81,"(30, 81)",181
8804,18103,28,0,"(28, 0)",156
8805,18103,28,0,"(28, 0)",156
8806,29974,9,72,"(9, 72)",67
8809,46,28,64,"(28, 64)",165
8810,14022,17,59,"(17, 59)",104
8811,11739,17,59,"(17, 59)",104
8814,31240,18,41,"(18, 41)",109
8815,34221,29,95,"(29, 95)",176
8816,30585,4,84,"(4, 84)",47
8817,4570,18,41,"(18, 41)",109
8819,2215,28,25,"(28, 25)",161
8820,5307,28,25,"(28, 25)",161
8821,20164,1,59,"(1, 59)",8
8822,1930,23,40,"(23, 40)",130
8823,7789,23,40,"(23, 40)",130
8824,22723,39,103,"(39, 103)",223
8830,12364,17,52,"(17, 52)",103
8831,8798,4,4,"(4, 4)",39
8832,9355,23,40,"(23, 40)",130
8833,8820,23,40,"(23, 40)",130
8834,5288,1,59,"(1, 59)",8
8835,11500,39,35,"(39, 35)",219
8836,918,40,12,"(40, 12)",225
8837,33060,28,21,"(28, 21)",160
8841,19165,16,71,"(16, 71)",98
8842,34832,20,102,"(20, 102)",116
8843,6139,52,19,"(52, 19)",277
8844,6139,52,19,"(52, 19)",277
8848,15070,51,97,"(51, 97)",274
8851,34430,30,54,"(30, 54)",179
8852,3220,30,54,"(30, 54)",179
8855,19792,17,52,"(17, 52)",103
8856,22162,15,66,"(15, 66)",90
8858,505,4,45,"(4, 45)",44
8859,476,28,31,"(28, 31)",164
8860,1782,28,31,"(28, 31)",164
8861,5287,29,30,"(29, 30)",173
8862,18516,3,71,"(3, 71)",34
8863,2618,3,70,"(3, 70)",33
8871,5172,26,88,"(26, 88)",149
8872,18805,51,90,"(51, 90)",273
8873,33100,24,13,"(24, 13)",135
8874,21764,52,36,"(52, 36)",279
8875,5468,29,6,"(29, 6)",170
8876,460,29,6,"(29, 6)",170
8877,17845,39,98,"(39, 98)",221
8881,37549,16,38,"(16, 38)",96
8882,3737,5,22,"(5, 22)",49
8883,16512,23,40,"(23, 40)",130
8884,34936,5,82,"(5, 82)",54
8885,16875,21,83,"(21, 83)",124
8886,1650,38,101,"(38, 101)",218
8887,1650,38,101,"(38, 101)",218
8888,18230,27,75,"(27, 75)",155
8889,16124,39,98,"(39, 98)",221
8890,16124,39,98,"(39, 98)",221
8893,27214,42,108,"(42, 108)",243
8896,24117,42,108,"(42, 108)",243
8897,35522,51,97,"(51, 97)",274
8899,18123,18,41,"(18, 41)",109
8900,7222,16,71,"(16, 71)",98
8901,3128,16,38,"(16, 38)",96
8902,36175,18,104,"(18, 104)",111
8905,37134,24,23,"(24, 23)",137
8906,15380,27,61,"(27, 61)",154
8907,20856,11,57,"(11, 57)",74
8908,25541,23,78,"(23, 78)",133
8909,32297,23,78,"(23, 78)",133
8910,33654,40,12,"(40, 12)",225
8911,7006,17,32,"(17, 32)",101
8914,4734,3,79,"(3, 79)",36
8915,11967,4,59,"(4, 59)",46
8916,22660,1,96,"(1, 96)",11
8917,13526,1,96,"(1, 96)",11
8919,3902,2,87,"(2, 87)",20
8920,58,36,61,"(36, 61)",197
8921,33151,36,61,"(36, 61)",197
8924,3770,42,108,"(42, 108)",243
8925,12832,37,44,"(37, 44)",201
8926,29022,37,44,"(37, 44)",201
8929,32995,20,102,"(20, 102)",116
8930,13616,20,102,"(20, 102)",116
8931,33791,40,7,"(40, 7)",224
8932,25519,40,7,"(40, 7)",224
8933,33738,51,80,"(51, 80)",271
8938,2965,26,88,"(26, 88)",149
8939,4138,15,16,"(15, 16)",87
8940,4138,15,16,"(15, 16)",87
8941,1497,33,81,"(33, 81)",188
8942,31583,33,81,"(33, 81)",188
8944,17094,23,78,"(23, 78)",133
8945,5758,4,32,"(4, 32)",43
8946,22657,52,60,"(52, 60)",282
8947,24115,52,60,"(52, 60)",282
8949,37274,33,15,"(33, 15)",185
8950,27991,37,106,"(37, 106)",208
8953,12794,21,83,"(21, 83)",124
8954,5062,15,107,"(15, 107)",94
8955,24356,15,107,"(15, 107)",94
8956,16248,4,45,"(4, 45)",44
8957,29364,4,45,"(4, 45)",44
8959,6951,38,101,"(38, 101)",218
8960,28475,39,103,"(39, 103)",223
8961,28475,39,103,"(39, 103)",223
8965,26183,21,34,"(21, 34)",119
8966,33973,21,34,"(21, 34)",119
8967,33674,32,17,"(32, 17)",184
8969,1176,3,66,"(3, 66)",32
8970,159,28,64,"(28, 64)",165
8971,18381,28,31,"(28, 31)",164
8974,9151,51,112,"(51, 112)",276
8975,13689,30,67,"(30, 67)",180
8976,5112,28,64,"(28, 64)",165
8977,34582,20,102,"(20, 102)",116
8978,24125,20,102,"(20, 102)",116
8979,4736,1,84,"(1, 84)",10
8980,618,3,47,"(3, 47)",30
8982,20215,24,13,"(24, 13)",135
8983,32952,32,17,"(32, 17)",184
8984,17808,52,36,"(52, 36)",279
8985,26136,15,66,"(15, 66)",90
8987,3089,29,95,"(29, 95)",176
8990,5062,15,107,"(15, 107)",94
8991,24356,15,107,"(15, 107)",94
8993,36350,43,8,"(43, 8)",246
8994,36350,43,8,"(43, 8)",246
8995,9859,5,37,"(5, 37)",50
8997,30339,40,28,"(40, 28)",229
8998,26294,5,82,"(5, 82)",54
9000,5864,4,45,"(4, 45)",44
9002,20186,14,86,"(14, 86)",84
9003,2970,43,8,"(43, 8)",246
9004,2970,43,8,"(43, 8)",246
9006,15624,28,21,"(28, 21)",160
9009,24264,40,20,"(40, 20)",226
9010,27952,27,75,"(27, 75)",155
9011,14560,28,105,"(28, 105)",169
9012,5335,38,19,"(38, 19)",211
9013,34629,23,40,"(23, 40)",130
9016,33914,40,7,"(40, 7)",224
9017,2084,40,12,"(40, 12)",225
9018,1781,24,90,"(24, 90)",142
9019,1781,24,90,"(24, 90)",142
9024,10808,33,81,"(33, 81)",188
9025,1806,30,54,"(30, 54)",179
9026,21923,38,19,"(38, 19)",211
9027,18598,24,13,"(24, 13)",135
9028,8948,40,77,"(40, 77)",234
9029,3004,33,81,"(33, 81)",188
9030,21604,33,81,"(33, 81)",188
9031,15367,29,76,"(29, 76)",175
9032,6783,29,95,"(29, 95)",176
9033,16508,4,45,"(4, 45)",44
9034,14249,15,55,"(15, 55)",89
9035,22830,18,104,"(18, 104)",111
9036,12311,18,104,"(18, 104)",111
9037,10797,24,13,"(24, 13)",135
9038,28563,24,13,"(24, 13)",135
9039,486,33,48,"(33, 48)",186
9043,23039,11,57,"(11, 57)",74
9046,36676,28,64,"(28, 64)",165
9052,10883,16,82,"(16, 82)",99
9053,4385,16,82,"(16, 82)",99
9058,13002,16,49,"(16, 49)",97
9059,12465,28,8,"(28, 8)",159
9060,15267,28,8,"(28, 8)",159
9061,20770,36,61,"(36, 61)",197
9062,8302,36,61,"(36, 61)",197
9064,36009,38,101,"(38, 101)",218
9067,2420,3,96,"(3, 96)",38
9068,6989,16,49,"(16, 49)",97
9069,6989,16,49,"(16, 49)",97
9070,10263,24,13,"(24, 13)",135
9071,790,3,47,"(3, 47)",30
9072,22829,3,70,"(3, 70)",33
9073,22322,40,88,"(40, 88)",236
9074,3118,40,88,"(40, 88)",236
9075,10314,51,80,"(51, 80)",271
9076,23111,5,45,"(5, 45)",52
9077,581,5,45,"(5, 45)",52
9081,35370,14,94,"(14, 94)",85
9086,34341,9,72,"(9, 72)",67
9089,8195,42,50,"(42, 50)",238
9092,14277,33,99,"(33, 99)",190
9093,13224,39,36,"(39, 36)",220
9094,25670,38,19,"(38, 19)",211
9095,19239,38,19,"(38, 19)",211
9096,34980,24,20,"(24, 20)",136
9097,34980,24,20,"(24, 20)",136
9098,9404,3,82,"(3, 82)",37
9099,1728,4,4,"(4, 4)",39
9100,31874,5,37,"(5, 37)",50
9101,33832,5,37,"(5, 37)",50
9102,7068,39,103,"(39, 103)",223
9103,30747,39,103,"(39, 103)",223
9104,35636,28,3,"(28, 3)",157
9105,318,36,85,"(36, 85)",199
9106,15936,51,80,"(51, 80)",271
9107,19755,51,80,"(51, 80)",271
9108,32838,28,105,"(28, 105)",169
9109,6775,28,105,"(28, 105)",169
9110,11897,30,54,"(30, 54)",179
9111,17178,30,54,"(30, 54)",179
9113,16255,48,1,"(48, 1)",252
9114,16254,48,1,"(48, 1)",252
9117,4345,5,22,"(5, 22)",49
9118,13056,30,54,"(30, 54)",179
9122,309,33,48,"(33, 48)",186
9123,14076,33,48,"(33, 48)",186
9124,27840,43,8,"(43, 8)",246
9127,2658,30,15,"(30, 15)",178
9128,2714,30,15,"(30, 15)",178
9129,36042,40,7,"(40, 7)",224
9130,21469,40,7,"(40, 7)",224
9131,14789,48,10,"(48, 10)",253
9133,9637,26,23,"(26, 23)",145
9134,2974,26,23,"(26, 23)",145
9137,18680,28,73,"(28, 73)",166
9139,28915,11,9,"(11, 9)",72
9140,15930,17,52,"(17, 52)",103
9141,11208,3,70,"(3, 70)",33
9142,24126,4,49,"(4, 49)",45
9143,1118,2,65,"(2, 65)",19
9144,24508,21,83,"(21, 83)",124
9145,22201,18,41,"(18, 41)",109
9149,2080,17,52,"(17, 52)",103
9151,22302,42,50,"(42, 50)",238
9152,29437,14,86,"(14, 86)",84
9153,6304,42,106,"(42, 106)",242
9154,24012,9,74,"(9, 74)",68
9157,14076,33,48,"(33, 48)",186
9158,25899,33,48,"(33, 48)",186
9161,8471,2,26,"(2, 26)",15
9162,26695,3,79,"(3, 79)",36
9163,7408,30,15,"(30, 15)",178
9165,14481,18,104,"(18, 104)",111
9166,6859,18,104,"(18, 104)",111
9167,13019,3,47,"(3, 47)",30
9168,33725,14,86,"(14, 86)",84
9169,5592,9,72,"(9, 72)",67
9170,13091,37,113,"(37, 113)",209
9171,20958,37,113,"(37, 113)",209
9172,28097,5,37,"(5, 37)",50
9173,15967,51,80,"(51, 80)",271
9174,33943,28,31,"(28, 31)",164
9175,23815,17,29,"(17, 29)",100
9176,34652,17,29,"(17, 29)",100
9178,19495,30,15,"(30, 15)",178
9180,14095,1,27,"(1, 27)",3
9183,16263,4,4,"(4, 4)",39
9185,21579,33,48,"(33, 48)",186
9186,36867,33,48,"(33, 48)",186
9187,33654,40,12,"(40, 12)",225
9189,24504,52,60,"(52, 60)",282
9190,2170,16,82,"(16, 82)",99
9194,11311,18,41,"(18, 41)",109
9195,8354,9,10,"(9, 10)",65
9196,3645,9,1,"(9, 1)",63
9197,13039,18,104,"(18, 104)",111
9198,14588,42,58,"(42, 58)",239
9201,16149,52,39,"(52, 39)",280
9202,28529,52,39,"(52, 39)",280
9203,34633,37,44,"(37, 44)",201
9207,542,28,6,"(28, 6)",158
9208,34160,21,62,"(21, 62)",122
9209,2116,21,12,"(21, 12)",117
9210,2116,21,12,"(21, 12)",117
9212,10584,26,13,"(26, 13)",144
9213,3186,26,69,"(26, 69)",147
9214,1639,26,69,"(26, 69)",147
9216,21516,54,46,"(54, 46)",285
9217,28687,54,46,"(54, 46)",285
9221,15742,38,101,"(38, 101)",218
9222,4427,3,96,"(3, 96)",38
9223,19381,52,39,"(52, 39)",280
9224,20323,52,42,"(52, 42)",281
9225,2437,23,40,"(23, 40)",130
9226,12639,11,9,"(11, 9)",72
9227,8298,11,57,"(11, 57)",74
9228,12467,52,35,"(52, 35)",278
9229,12597,23,40,"(23, 40)",130
9230,34681,23,40,"(23, 40)",130
9231,1287,28,25,"(28, 25)",161
9233,37105,4,11,"(4, 11)",40
9234,31867,38,48,"(38, 48)",214
9235,7638,38,48,"(38, 48)",214
9236,15442,26,69,"(26, 69)",147
9237,11018,26,88,"(26, 88)",149
9238,35111,2,93,"(2, 93)",21
9241,26439,21,83,"(21, 83)",124
9246,12844,38,19,"(38, 19)",211
9247,14750,21,62,"(21, 62)",122
9249,10841,5,82,"(5, 82)",54
9252,252,28,0,"(28, 0)",156
9258,2849,15,16,"(15, 16)",87
9260,21151,52,60,"(52, 60)",282
9262,910,4,11,"(4, 11)",40
9263,961,40,12,"(40, 12)",225
9264,849,5,45,"(5, 45)",52
9265,13867,21,62,"(21, 62)",122
9266,19110,18,41,"(18, 41)",109
9267,8401,2,93,"(2, 93)",21
9270,2631,39,103,"(39, 103)",223
9274,2062,4,49,"(4, 49)",45
9275,12459,7,36,"(7, 36)",59
9276,25010,52,60,"(52, 60)",282
9279,14367,37,50,"(37, 50)",202
9280,14367,37,50,"(37, 50)",202
9281,10069,48,1,"(48, 1)",252
9284,13953,33,15,"(33, 15)",185
9285,11072,18,41,"(18, 41)",109
9287,2356,15,16,"(15, 16)",87
9288,1209,4,45,"(4, 45)",44
9289,1724,30,15,"(30, 15)",178
9290,29871,1,59,"(1, 59)",8
9291,29691,1,52,"(1, 52)",7
9292,7133,36,61,"(36, 61)",197
9293,8302,36,61,"(36, 61)",197
9294,5138,51,80,"(51, 80)",271
9295,20866,24,13,"(24, 13)",135
9296,19487,24,27,"(24, 27)",138
9302,14929,30,54,"(30, 54)",179
9304,8021,28,25,"(28, 25)",161
9306,9460,29,95,"(29, 95)",176
9307,7003,29,95,"(29, 95)",176
9309,873,2,30,"(2, 30)",16
9311,36804,43,8,"(43, 8)",246
9312,1477,43,8,"(43, 8)",246
9315,2652,15,100,"(15, 100)",93
9316,27952,27,75,"(27, 75)",155
9317,16642,27,75,"(27, 75)",155
9321,2359,4,4,"(4, 4)",39
9322,11145,4,4,"(4, 4)",39
9323,33352,51,80,"(51, 80)",271
9325,23568,38,19,"(38, 19)",211
9326,14674,4,45,"(4, 45)",44
9327,14674,4,45,"(4, 45)",44
9328,16331,17,59,"(17, 59)",104
9329,16331,17,59,"(17, 59)",104
9330,28602,7,35,"(7, 35)",58
9331,7286,40,62,"(40, 62)",232
9332,28988,40,62,"(40, 62)",232
9333,1227,50,80,"(50, 80)",267
9334,1905,3,96,"(3, 96)",38
9337,9301,51,102,"(51, 102)",275
9338,15635,43,67,"(43, 67)",250
9339,13190,43,67,"(43, 67)",250
9340,5041,40,28,"(40, 28)",229
9341,3408,40,28,"(40, 28)",229
9342,21909,3,96,"(3, 96)",38
9343,6077,38,33,"(38, 33)",212
9347,29427,37,50,"(37, 50)",202
9348,21430,37,50,"(37, 50)",202
9349,4821,4,4,"(4, 4)",39
9350,26575,15,82,"(15, 82)",92
9351,5958,20,90,"(20, 90)",115
9352,26438,20,90,"(20, 90)",115
9353,30056,43,8,"(43, 8)",246
9355,9116,30,91,"(30, 91)",182
9360,16630,43,67,"(43, 67)",250
9361,32854,39,103,"(39, 103)",223
9362,23871,20,102,"(20, 102)",116
9364,21400,51,97,"(51, 97)",274
9365,11805,33,48,"(33, 48)",186
9366,10496,5,82,"(5, 82)",54
9367,3354,26,69,"(26, 69)",147
9368,196,20,102,"(20, 102)",116
9371,30183,37,114,"(37, 114)",210
9372,24076,37,63,"(37, 63)",204
9375,29581,29,95,"(29, 95)",176
9376,31370,15,107,"(15, 107)",94
9378,7216,2,26,"(2, 26)",15
9379,26532,2,26,"(2, 26)",15
9380,9259,42,106,"(42, 106)",242
9381,8428,42,106,"(42, 106)",242
9383,1642,40,51,"(40, 51)",230
9384,6743,40,51,"(40, 51)",230
9385,4099,15,16,"(15, 16)",87
9386,8318,4,45,"(4, 45)",44
9387,32219,39,103,"(39, 103)",223
9388,946,15,16,"(15, 16)",87
9389,23450,51,97,"(51, 97)",274
9390,13348,40,28,"(40, 28)",229
9392,14489,18,41,"(18, 41)",109
9396,15468,48,10,"(48, 10)",253
9399,11628,42,109,"(42, 109)",244
9400,3212,9,106,"(9, 106)",70
9401,3909,26,69,"(26, 69)",147
9402,13676,3,70,"(3, 70)",33
9403,12327,26,69,"(26, 69)",147
9406,27999,38,48,"(38, 48)",214
9407,30847,5,82,"(5, 82)",54
9408,19120,24,27,"(24, 27)",138
9409,11707,15,16,"(15, 16)",87
9410,19111,15,82,"(15, 82)",92
9411,8652,26,88,"(26, 88)",149
9412,8652,26,88,"(26, 88)",149
9416,16613,9,74,"(9, 74)",68
9417,24358,9,74,"(9, 74)",68
9418,6573,18,41,"(18, 41)",109
9419,36863,18,41,"(18, 41)",109
9420,10860,18,41,"(18, 41)",109
9421,5838,33,15,"(33, 15)",185
9422,19195,18,41,"(18, 41)",109
9423,22201,18,41,"(18, 41)",109
9424,36278,40,23,"(40, 23)",227
9425,6623,43,54,"(43, 54)",249
9426,5127,33,54,"(33, 54)",187
9428,8113,28,91,"(28, 91)",168
9432,8634,15,82,"(15, 82)",92
9433,31398,15,110,"(15, 110)",95
9434,25998,38,99,"(38, 99)",217
9435,7942,38,99,"(38, 99)",217
9436,3793,52,35,"(52, 35)",278
9438,15641,27,75,"(27, 75)",155
9440,2550,3,66,"(3, 66)",32
9441,24850,49,21,"(49, 21)",257
9444,1469,52,39,"(52, 39)",280
9445,24842,2,65,"(2, 65)",19
9446,33728,2,65,"(2, 65)",19
9448,2518,51,90,"(51, 90)",273
9449,11945,51,90,"(51, 90)",273
9451,16316,50,80,"(50, 80)",267
9452,16316,50,80,"(50, 80)",267
9453,1461,38,33,"(38, 33)",212
9456,4497,18,104,"(18, 104)",111
9457,6410,23,78,"(23, 78)",133
9458,5981,39,35,"(39, 35)",219
9459,5981,39,35,"(39, 35)",219
9461,25068,15,107,"(15, 107)",94
9462,5513,15,107,"(15, 107)",94
9463,28734,2,65,"(2, 65)",19
9464,19772,2,65,"(2, 65)",19
9465,7795,16,71,"(16, 71)",98
9466,36108,16,38,"(16, 38)",96
9467,25901,24,13,"(24, 13)",135
9468,7441,3,5,"(3, 5)",23
9471,24108,1,27,"(1, 27)",3
9472,5369,4,49,"(4, 49)",45
9474,14046,48,1,"(48, 1)",252
9477,7971,36,61,"(36, 61)",197
9478,14781,5,37,"(5, 37)",50
9479,19137,43,91,"(43, 91)",251
9481,18066,1,59,"(1, 59)",8
9483,16503,15,82,"(15, 82)",92
9484,16990,30,81,"(30, 81)",181
9485,12305,21,62,"(21, 62)",122
9486,8830,21,62,"(21, 62)",122
9487,2306,1,84,"(1, 84)",10
9488,402,39,103,"(39, 103)",223
9489,929,39,103,"(39, 103)",223
9490,2082,24,90,"(24, 90)",142
9491,15674,24,52,"(24, 52)",140
9492,1082,40,28,"(40, 28)",229
9493,1547,40,28,"(40, 28)",229
9495,32796,23,40,"(23, 40)",130
9496,35614,28,25,"(28, 25)",161
9499,6623,33,54,"(33, 54)",187
9500,36049,21,58,"(21, 58)",121
9501,13088,21,58,"(21, 58)",121
9504,12160,48,86,"(48, 86)",254
9505,18741,48,10,"(48, 10)",253
9506,33922,27,75,"(27, 75)",155
9507,33922,27,75,"(27, 75)",155
9508,8571,2,18,"(2, 18)",13
9509,33625,36,61,"(36, 61)",197
9510,3262,15,82,"(15, 82)",92
9511,10624,20,14,"(20, 14)",113
9514,33738,51,80,"(51, 80)",271
9515,10322,50,102,"(50, 102)",268
9516,6564,18,41,"(18, 41)",109
9517,24062,15,100,"(15, 100)",93
9518,597,38,19,"(38, 19)",211
9519,23967,49,3,"(49, 3)",256
9520,4855,54,46,"(54, 46)",285
9521,20322,27,61,"(27, 61)",154
9522,22181,50,102,"(50, 102)",268
9523,8243,17,52,"(17, 52)",103
9524,9252,24,51,"(24, 51)",139
9526,30256,52,39,"(52, 39)",280
9529,5588,3,96,"(3, 96)",38
9530,11644,40,7,"(40, 7)",224
9531,14839,40,7,"(40, 7)",224
9534,12731,23,44,"(23, 44)",131
9535,27841,30,103,"(30, 103)",183
9536,18637,3,96,"(3, 96)",38
9537,12098,21,58,"(21, 58)",121
9538,24904,40,77,"(40, 77)",234
9539,13537,3,66,"(3, 66)",32
9540,13537,3,66,"(3, 66)",32
9541,7855,32,17,"(32, 17)",184
9545,35896,37,44,"(37, 44)",201
9549,35811,30,81,"(30, 81)",181
9550,2813,30,91,"(30, 91)",182
9551,18304,2,0,"(2, 0)",12
9552,1844,2,0,"(2, 0)",12
9555,26842,42,108,"(42, 108)",243
9558,1084,4,4,"(4, 4)",39
9559,5558,4,4,"(4, 4)",39
9561,12822,1,59,"(1, 59)",8
9562,1259,1,59,"(1, 59)",8
9566,34583,4,59,"(4, 59)",46
9569,28069,18,104,"(18, 104)",111
9570,1304,18,104,"(18, 104)",111
9571,18695,33,81,"(33, 81)",188
9572,3224,33,81,"(33, 81)",188
9573,191,51,90,"(51, 90)",273
9574,4926,51,90,"(51, 90)",273
9579,12086,21,83,"(21, 83)",124
9580,31459,43,67,"(43, 67)",250
9581,31459,43,67,"(43, 67)",250
9582,853,28,31,"(28, 31)",164
9584,12898,15,16,"(15, 16)",87
9585,23677,16,82,"(16, 82)",99
9586,12933,28,64,"(28, 64)",165
9587,18421,28,31,"(28, 31)",164
9589,20405,24,90,"(24, 90)",142
9590,8850,51,90,"(51, 90)",273
9591,14731,4,111,"(4, 111)",48
9592,7867,4,4,"(4, 4)",39
9593,3326,3,7,"(3, 7)",24
9600,12749,38,19,"(38, 19)",211
9601,12749,38,19,"(38, 19)",211
9603,31328,17,52,"(17, 52)",103
9604,30068,17,52,"(17, 52)",103
9605,15098,24,13,"(24, 13)",135
9606,10708,30,54,"(30, 54)",179
9607,5526,39,36,"(39, 36)",220
9608,26863,39,36,"(39, 36)",220
9609,15939,43,8,"(43, 8)",246
9610,36140,5,37,"(5, 37)",50
9611,10707,4,4,"(4, 4)",39
9612,5193,4,11,"(4, 11)",40
9614,13271,18,41,"(18, 41)",109
9615,13934,28,25,"(28, 25)",161
9616,11875,24,20,"(24, 20)",136
9617,23565,14,86,"(14, 86)",84
9619,17995,54,46,"(54, 46)",285
9620,13119,37,63,"(37, 63)",204
9621,14665,51,102,"(51, 102)",275
9622,25674,51,112,"(51, 112)",276
9623,16163,52,60,"(52, 60)",282
9626,14220,27,35,"(27, 35)",151
9629,1344,18,41,"(18, 41)",109
9630,12401,21,83,"(21, 83)",124
9631,16818,21,83,"(21, 83)",124
9632,32798,17,32,"(17, 32)",101
9633,152,38,101,"(38, 101)",218
9634,13191,48,10,"(48, 10)",253
9635,16676,48,10,"(48, 10)",253
9639,796,26,88,"(26, 88)",149
9640,31100,37,114,"(37, 114)",210
9645,30249,24,27,"(24, 27)",138
9646,5612,28,21,"(28, 21)",160
9647,33862,1,28,"(1, 28)",4
9648,7958,1,96,"(1, 96)",11
9649,11302,38,101,"(38, 101)",218
9654,35240,33,48,"(33, 48)",186
9655,25903,51,9,"(51, 9)",269
9656,9294,9,74,"(9, 74)",68
9657,29323,9,74,"(9, 74)",68
9658,32004,40,77,"(40, 77)",234
9663,19234,28,73,"(28, 73)",166
9664,4160,28,3,"(28, 3)",157
9665,4366,15,107,"(15, 107)",94
9667,14392,33,15,"(33, 15)",185
9669,14716,24,20,"(24, 20)",136
9671,16837,51,90,"(51, 90)",273
9672,9390,4,4,"(4, 4)",39
9673,60,4,4,"(4, 4)",39
9674,3718,40,12,"(40, 12)",225
9676,30089,37,114,"(37, 114)",210
9677,10579,37,114,"(37, 114)",210
9682,12549,5,82,"(5, 82)",54
9683,5255,24,90,"(24, 90)",142
9686,30068,17,52,"(17, 52)",103
9687,20802,17,52,"(17, 52)",103
9688,34331,17,52,"(17, 52)",103
9691,33403,36,61,"(36, 61)",197
9692,21382,18,8,"(18, 8)",107
9693,15907,17,32,"(17, 32)",101
9694,28228,17,32,"(17, 32)",101
9695,15747,43,8,"(43, 8)",246
9696,3765,40,7,"(40, 7)",224
9697,7722,28,105,"(28, 105)",169
9698,5947,1,20,"(1, 20)",2
9699,2941,24,27,"(24, 27)",138
9700,1758,26,88,"(26, 88)",149
9702,25015,15,16,"(15, 16)",87
9709,10066,20,14,"(20, 14)",113
9710,212,20,102,"(20, 102)",116
9712,18855,36,85,"(36, 85)",199
9713,17973,52,60,"(52, 60)",282
9714,2821,28,64,"(28, 64)",165
9715,11696,28,64,"(28, 64)",165
9716,16114,15,16,"(15, 16)",87
9717,27143,33,81,"(33, 81)",188
9718,3242,33,81,"(33, 81)",188
9719,2018,7,101,"(7, 101)",61
9721,7080,30,15,"(30, 15)",178
9722,5385,30,15,"(30, 15)",178
9725,15601,32,17,"(32, 17)",184
9728,10078,21,58,"(21, 58)",121
9729,19807,9,72,"(9, 72)",67
9734,15428,37,63,"(37, 63)",204
9735,22416,38,60,"(38, 60)",215
9736,9749,15,107,"(15, 107)",94
9738,33753,15,100,"(15, 100)",93
9739,29893,15,55,"(15, 55)",89
9740,15630,15,55,"(15, 55)",89
9745,11117,5,82,"(5, 82)",54
9749,8657,4,4,"(4, 4)",39
9751,17910,36,85,"(36, 85)",199
9755,22007,33,98,"(33, 98)",189
9756,16090,2,65,"(2, 65)",19
9757,16090,2,65,"(2, 65)",19
9758,12759,29,95,"(29, 95)",176
9759,7180,40,62,"(40, 62)",232
9762,7912,30,91,"(30, 91)",182
9763,17740,28,3,"(28, 3)",157
9768,6815,1,84,"(1, 84)",10
9769,20338,28,31,"(28, 31)",164
9770,25660,15,107,"(15, 107)",94
9772,35165,20,102,"(20, 102)",116
9773,4767,20,102,"(20, 102)",116
9774,4110,4,4,"(4, 4)",39
9776,4171,33,15,"(33, 15)",185
9777,12461,33,81,"(33, 81)",188
9778,4755,29,95,"(29, 95)",176
9783,3031,33,81,"(33, 81)",188
9786,2862,48,10,"(48, 10)",253
9787,2862,48,10,"(48, 10)",253
9789,14148,28,21,"(28, 21)",160
9790,23208,29,6,"(29, 6)",170
9791,4924,29,6,"(29, 6)",170
9792,25520,40,12,"(40, 12)",225
9793,13439,26,77,"(26, 77)",148
9794,15433,26,77,"(26, 77)",148
9795,33788,18,6,"(18, 6)",106
9797,8513,1,96,"(1, 96)",11
9798,5552,1,96,"(1, 96)",11
9799,3350,24,69,"(24, 69)",141
9803,9381,4,84,"(4, 84)",47
9804,14186,4,49,"(4, 49)",45
9805,36049,21,58,"(21, 58)",121
9806,16237,48,1,"(48, 1)",252
9808,4857,9,92,"(9, 92)",69
9809,15236,21,63,"(21, 63)",123
9810,22561,21,109,"(21, 109)",126
9812,29000,40,28,"(40, 28)",229
9813,178,14,86,"(14, 86)",84
9814,35808,15,100,"(15, 100)",93
9815,2982,4,45,"(4, 45)",44
9820,8921,7,101,"(7, 101)",61
9821,1031,30,91,"(30, 91)",182
9822,6305,40,28,"(40, 28)",229
9823,17179,15,107,"(15, 107)",94
9824,20541,21,83,"(21, 83)",124
9829,5356,9,72,"(9, 72)",67
9830,9798,9,72,"(9, 72)",67
9834,25733,9,92,"(9, 92)",69
9835,18798,36,85,"(36, 85)",199
9836,27705,3,66,"(3, 66)",32
9837,11944,3,66,"(3, 66)",32
9838,25069,30,54,"(30, 54)",179
9843,6243,9,106,"(9, 106)",70
9844,6243,9,106,"(9, 106)",70
9845,26034,50,102,"(50, 102)",268
9846,23975,50,102,"(50, 102)",268
9847,28902,20,102,"(20, 102)",116
9848,31342,2,18,"(2, 18)",13
9851,19081,17,52,"(17, 52)",103
9852,19081,17,52,"(17, 52)",103
9853,4205,1,59,"(1, 59)",8
9856,417,4,45,"(4, 45)",44
9857,3368,4,45,"(4, 45)",44
9858,6032,33,81,"(33, 81)",188
9859,5053,33,81,"(33, 81)",188
9861,12013,4,49,"(4, 49)",45
9864,14045,28,25,"(28, 25)",161
9866,2702,15,107,"(15, 107)",94
9867,23945,15,107,"(15, 107)",94
9868,19332,1,84,"(1, 84)",10
9869,10396,29,30,"(29, 30)",173
9870,32317,28,105,"(28, 105)",169
9871,3283,28,105,"(28, 105)",169
9874,9165,36,35,"(36, 35)",193
9875,9166,36,35,"(36, 35)",193
9876,10870,38,19,"(38, 19)",211
9877,34809,23,40,"(23, 40)",130
9879,6274,23,40,"(23, 40)",130
9880,9122,37,50,"(37, 50)",202
9881,9122,37,50,"(37, 50)",202
9882,29587,18,104,"(18, 104)",111
9883,21753,1,96,"(1, 96)",11
9884,34349,29,95,"(29, 95)",176
9885,18137,17,59,"(17, 59)",104
9886,25755,40,7,"(40, 7)",224
9887,22966,15,110,"(15, 110)",95
9888,35185,28,21,"(28, 21)",160
9890,16539,11,9,"(11, 9)",72
9893,12033,42,92,"(42, 92)",241
9894,6429,5,45,"(5, 45)",52
9895,10785,5,45,"(5, 45)",52
9896,26776,38,19,"(38, 19)",211
9897,9208,40,12,"(40, 12)",225
9898,17206,3,96,"(3, 96)",38
9899,11824,33,81,"(33, 81)",188
9900,11824,33,81,"(33, 81)",188
9901,673,15,16,"(15, 16)",87
9902,274,11,57,"(11, 57)",74
9904,7176,40,12,"(40, 12)",225
9908,1675,51,97,"(51, 97)",274
9910,26100,52,36,"(52, 36)",279
9911,26100,52,36,"(52, 36)",279
9914,12820,24,90,"(24, 90)",142
9915,176,40,28,"(40, 28)",229
9916,21662,52,42,"(52, 42)",281
9917,15207,26,88,"(26, 88)",149
9918,15207,26,88,"(26, 88)",149
9919,6019,5,22,"(5, 22)",49
9920,1820,5,22,"(5, 22)",49
9922,179,2,18,"(2, 18)",13
9925,26588,42,92,"(42, 92)",241
9926,24009,15,37,"(15, 37)",88
9927,14674,4,45,"(4, 45)",44
9928,14674,4,45,"(4, 45)",44
9935,1,28,76,"(28, 76)",167
9936,7465,28,76,"(28, 76)",167
9939,8668,1,27,"(1, 27)",3
9940,18671,52,60,"(52, 60)",282
9941,18055,40,77,"(40, 77)",234
9943,3460,36,85,"(36, 85)",199
9947,8804,14,2,"(14, 2)",80
9948,4575,14,2,"(14, 2)",80
9949,17,29,30,"(29, 30)",173
9950,28964,32,17,"(32, 17)",184
9955,30762,40,12,"(40, 12)",225
9956,637,15,110,"(15, 110)",95
9957,34311,28,8,"(28, 8)",159
9958,4811,43,54,"(43, 54)",249
9959,13841,33,48,"(33, 48)",186
9960,6693,38,42,"(38, 42)",213
9961,36356,3,5,"(3, 5)",23
9962,4901,3,5,"(3, 5)",23
9963,27359,23,40,"(23, 40)",130
9967,33697,43,8,"(43, 8)",246
9969,27985,23,40,"(23, 40)",130
9970,27985,23,40,"(23, 40)",130
9971,23329,28,73,"(28, 73)",166
9972,23985,50,102,"(50, 102)",268
9976,12264,15,37,"(15, 37)",88
9977,27142,30,91,"(30, 91)",182
9978,2315,38,99,"(38, 99)",217
9979,642,38,99,"(38, 99)",217
9980,23979,18,41,"(18, 41)",109
9984,30550,23,56,"(23, 56)",132
9985,19905,51,90,"(51, 90)",273
9986,8920,7,101,"(7, 101)",61
9987,5385,30,15,"(30, 15)",178
9988,18114,50,80,"(50, 80)",267
9991,3423,14,86,"(14, 86)",84
9994,17894,5,45,"(5, 45)",52
9995,34600,23,44,"(23, 44)",131
9996,10364,11,23,"(11, 23)",73
9998,10027,3,70,"(3, 70)",33
9999,33,49,68,"(49, 68)",261
10000,9389,28,73,"(28, 73)",166
10005,21397,14,86,"(14, 86)",84
10008,35030,43,67,"(43, 67)",250
10009,6812,26,69,"(26, 69)",147
10013,20891,4,45,"(4, 45)",44
10014,6445,21,83,"(21, 83)",124
10015,23460,27,61,"(27, 61)",154
10016,15698,15,16,"(15, 16)",87
10017,5401,4,45,"(4, 45)",44
10018,11262,4,45,"(4, 45)",44
10019,18251,15,16,"(15, 16)",87
10020,17922,24,13,"(24, 13)",135
10021,18952,24,20,"(24, 20)",136
10022,17144,51,13,"(51, 13)",270
10024,36867,33,48,"(33, 48)",186
10025,22212,33,48,"(33, 48)",186
10026,37343,21,12,"(21, 12)",117
10030,27497,38,99,"(38, 99)",217
10031,1881,38,99,"(38, 99)",217
10033,19564,18,104,"(18, 104)",111
10034,31829,18,104,"(18, 104)",111
10035,19165,16,71,"(16, 71)",98
10036,23761,16,71,"(16, 71)",98
10037,28941,49,89,"(49, 89)",262
10038,24775,49,89,"(49, 89)",262
10041,29422,36,43,"(36, 43)",194
10044,33242,4,29,"(4, 29)",42
10048,35055,5,82,"(5, 82)",54
10049,2982,4,45,"(4, 45)",44
10050,11181,40,62,"(40, 62)",232
10051,5451,5,49,"(5, 49)",53
10053,25760,15,107,"(15, 107)",94
10054,26303,15,107,"(15, 107)",94
10055,855,5,22,"(5, 22)",49
10056,21655,18,41,"(18, 41)",109
10057,16340,29,95,"(29, 95)",176
10058,19900,29,95,"(29, 95)",176
10060,16264,4,4,"(4, 4)",39
10062,17996,3,96,"(3, 96)",38
10066,6582,38,19,"(38, 19)",211
10067,35142,17,29,"(17, 29)",100
10068,20199,30,15,"(30, 15)",178
10069,13280,30,54,"(30, 54)",179
10070,34422,2,93,"(2, 93)",21
10073,959,37,50,"(37, 50)",202
10079,5451,5,49,"(5, 49)",53
10080,21613,21,83,"(21, 83)",124
10081,24285,21,83,"(21, 83)",124
10083,30319,15,37,"(15, 37)",88
10084,24724,15,37,"(15, 37)",88
10085,246,1,96,"(1, 96)",11
10087,31718,9,106,"(9, 106)",70
10088,8170,9,106,"(9, 106)",70
10090,23364,40,24,"(40, 24)",228
10092,13169,5,38,"(5, 38)",51
10094,7867,4,4,"(4, 4)",39
10095,24026,38,19,"(38, 19)",211
10099,14863,1,84,"(1, 84)",10
10100,16645,28,73,"(28, 73)",166
10101,33111,28,8,"(28, 8)",159
10102,36764,23,40,"(23, 40)",130
10103,27769,23,44,"(23, 44)",131
10104,8218,40,28,"(40, 28)",229
10105,7031,9,106,"(9, 106)",70
10109,12259,5,22,"(5, 22)",49
10110,2156,1,59,"(1, 59)",8
10111,3804,29,104,"(29, 104)",177
10112,20625,37,50,"(37, 50)",202
10113,11974,37,50,"(37, 50)",202
10114,3399,40,77,"(40, 77)",234
10117,6750,39,103,"(39, 103)",223
10118,1000,15,107,"(15, 107)",94
10119,3950,3,47,"(3, 47)",30
10120,5248,3,47,"(3, 47)",30
10121,34481,28,31,"(28, 31)",164
10122,8091,15,66,"(15, 66)",90
10123,35475,4,11,"(4, 11)",40
10124,5000,4,84,"(4, 84)",47
10131,8936,4,45,"(4, 45)",44
10132,19864,20,90,"(20, 90)",115
10134,19268,33,98,"(33, 98)",189
10136,34799,29,30,"(29, 30)",173
10137,491,29,30,"(29, 30)",173
10138,13536,40,77,"(40, 77)",234
10139,16178,40,77,"(40, 77)",234
10140,37234,17,52,"(17, 52)",103
10141,10511,16,71,"(16, 71)",98
10142,2236,11,9,"(11, 9)",72
10143,26207,30,54,"(30, 54)",179
10145,27828,3,70,"(3, 70)",33
10150,29344,3,96,"(3, 96)",38
10153,35154,2,93,"(2, 93)",21
10155,10055,4,45,"(4, 45)",44
10158,459,1,27,"(1, 27)",3
10159,15044,15,107,"(15, 107)",94
10161,35085,30,91,"(30, 91)",182
10162,4702,4,4,"(4, 4)",39
10164,1260,4,111,"(4, 111)",48
10165,27774,29,95,"(29, 95)",176
10166,27774,29,95,"(29, 95)",176
10167,11310,39,98,"(39, 98)",221
10169,10210,40,77,"(40, 77)",234
10172,20495,5,45,"(5, 45)",52
10173,15239,5,38,"(5, 38)",51
10174,5632,23,78,"(23, 78)",133
10175,2028,15,100,"(15, 100)",93
10180,17038,4,49,"(4, 49)",45
10181,5998,40,77,"(40, 77)",234
10182,12241,28,105,"(28, 105)",169
10184,33126,23,113,"(23, 113)",134
10185,9452,23,113,"(23, 113)",134
10188,374,24,13,"(24, 13)",135
10189,17998,24,13,"(24, 13)",135
10190,1311,30,91,"(30, 91)",182
10191,26575,15,82,"(15, 82)",92
10193,23626,16,82,"(16, 82)",99
10194,5790,3,66,"(3, 66)",32
10196,25968,2,26,"(2, 26)",15
10197,23406,2,87,"(2, 87)",20
10199,33696,29,95,"(29, 95)",176
10200,21017,18,41,"(18, 41)",109
10201,4980,33,98,"(33, 98)",189
10202,13020,28,73,"(28, 73)",166
10204,19768,11,23,"(11, 23)",73
10205,7112,37,44,"(37, 44)",201
10206,21939,50,102,"(50, 102)",268
10207,14481,18,104,"(18, 104)",111
10208,8472,18,104,"(18, 104)",111
10209,2036,1,59,"(1, 59)",8
10216,19967,51,97,"(51, 97)",274
10217,7633,51,97,"(51, 97)",274
10218,4828,37,50,"(37, 50)",202
10221,5997,5,45,"(5, 45)",52
10222,5997,5,45,"(5, 45)",52
10224,24684,32,17,"(32, 17)",184
10225,14374,5,49,"(5, 49)",53
10226,30340,5,38,"(5, 38)",51
10227,27535,52,60,"(52, 60)",282
10228,27646,42,109,"(42, 109)",244
10229,18474,43,67,"(43, 67)",250
10231,30246,9,92,"(9, 92)",69
10232,19230,51,13,"(51, 13)",270
10233,26935,51,97,"(51, 97)",274
10236,4787,29,6,"(29, 6)",170
10238,34430,30,54,"(30, 54)",179
10239,907,15,107,"(15, 107)",94
10240,14894,15,107,"(15, 107)",94
10241,15368,1,84,"(1, 84)",10
10242,7627,29,95,"(29, 95)",176
10243,24759,18,17,"(18, 17)",108
10244,29832,32,17,"(32, 17)",184
10247,15764,38,48,"(38, 48)",214
10248,23576,40,77,"(40, 77)",234
10249,17062,43,67,"(43, 67)",250
10250,17926,11,9,"(11, 9)",72
10251,21001,11,9,"(11, 9)",72
10252,25161,40,12,"(40, 12)",225
10253,12423,40,12,"(40, 12)",225
10254,33923,36,61,"(36, 61)",197
10255,23690,36,61,"(36, 61)",197
10256,28043,27,75,"(27, 75)",155
10257,35731,28,31,"(28, 31)",164
10258,19312,37,114,"(37, 114)",210
10259,25363,33,81,"(33, 81)",188
10262,17901,40,12,"(40, 12)",225
10263,35646,40,12,"(40, 12)",225
10264,32447,28,3,"(28, 3)",157
10269,36814,5,82,"(5, 82)",54
10270,16830,24,20,"(24, 20)",136
10271,9068,1,59,"(1, 59)",8
10272,996,1,59,"(1, 59)",8
10273,20097,24,90,"(24, 90)",142
10274,6022,4,11,"(4, 11)",40
10279,13189,51,80,"(51, 80)",271
10286,27011,40,12,"(40, 12)",225
10288,23717,18,41,"(18, 41)",109
10289,13294,37,63,"(37, 63)",204
10290,3125,18,41,"(18, 41)",109
10291,3125,18,41,"(18, 41)",109
10292,9313,1,59,"(1, 59)",8
10294,35465,28,31,"(28, 31)",164
10295,2741,11,88,"(11, 88)",77
10296,4536,11,9,"(11, 9)",72
10297,35995,36,43,"(36, 43)",194
10301,6638,9,92,"(9, 92)",69
10302,37045,40,20,"(40, 20)",226
10306,25647,50,80,"(50, 80)",267
10307,7690,2,18,"(2, 18)",13
10308,6417,2,18,"(2, 18)",13
10309,21881,33,81,"(33, 81)",188
10310,22455,33,48,"(33, 48)",186
10313,25329,39,98,"(39, 98)",221
10314,3234,37,78,"(37, 78)",206
10315,33996,37,78,"(37, 78)",206
10317,6812,11,69,"(11, 69)",76
10318,4059,11,69,"(11, 69)",76
10320,33165,28,21,"(28, 21)",160
10323,11438,42,92,"(42, 92)",241
10329,5553,40,69,"(40, 69)",233
10330,15884,26,88,"(26, 88)",149
10331,21453,16,71,"(16, 71)",98
10332,23502,26,97,"(26, 97)",150
10335,12962,27,61,"(27, 61)",154
10336,6191,5,37,"(5, 37)",50
10337,931,5,37,"(5, 37)",50
10338,34085,28,64,"(28, 64)",165
10339,35498,33,98,"(33, 98)",189
10340,28731,37,114,"(37, 114)",210
10341,14911,15,66,"(15, 66)",90
10342,4986,9,1,"(9, 1)",63
10343,2310,9,1,"(9, 1)",63
10345,20339,42,108,"(42, 108)",243
10346,35882,28,0,"(28, 0)",156
10347,19906,4,11,"(4, 11)",40
10348,22077,11,9,"(11, 9)",72
10349,13872,52,42,"(52, 42)",281
10350,33861,52,39,"(52, 39)",280
10352,1252,15,82,"(15, 82)",92
10353,12277,15,82,"(15, 82)",92
10354,33424,28,31,"(28, 31)",164
10357,29066,29,95,"(29, 95)",176
10362,11302,38,101,"(38, 101)",218
10363,9406,5,37,"(5, 37)",50
10364,2646,38,33,"(38, 33)",212
10365,8852,38,33,"(38, 33)",212
10368,32909,28,0,"(28, 0)",156
10370,3070,52,36,"(52, 36)",279
10371,1630,28,31,"(28, 31)",164
10372,9557,21,34,"(21, 34)",119
10373,7891,2,30,"(2, 30)",16
10380,18360,1,84,"(1, 84)",10
10381,15274,1,84,"(1, 84)",10
10382,21246,21,62,"(21, 62)",122
10383,3581,5,110,"(5, 110)",55
10384,33873,5,49,"(5, 49)",53
10385,18675,52,35,"(52, 35)",278
10387,18356,51,13,"(51, 13)",270
10388,3517,37,44,"(37, 44)",201
10389,5557,37,44,"(37, 44)",201
10390,11169,48,1,"(48, 1)",252
10391,23390,1,84,"(1, 84)",10
10392,14064,24,90,"(24, 90)",142
10393,28557,24,90,"(24, 90)",142
10394,16469,28,25,"(28, 25)",161
10395,16469,28,25,"(28, 25)",161
10396,141,28,31,"(28, 31)",164
10397,11548,15,16,"(15, 16)",87
10398,4834,15,16,"(15, 16)",87
10400,6839,28,8,"(28, 8)",159
10402,5771,49,68,"(49, 68)",261
10404,2966,38,19,"(38, 19)",211
10405,26091,23,40,"(23, 40)",130
10406,13997,37,44,"(37, 44)",201
10408,17881,11,9,"(11, 9)",72
10409,19005,38,60,"(38, 60)",215
10410,19395,2,93,"(2, 93)",21
10411,34030,2,93,"(2, 93)",21
10412,37256,5,37,"(5, 37)",50
10413,34088,3,82,"(3, 82)",37
10415,15735,42,109,"(42, 109)",244
10416,22302,42,50,"(42, 50)",238
10417,19470,50,80,"(50, 80)",267
10418,25673,50,80,"(50, 80)",267
10419,7289,24,20,"(24, 20)",136
10420,12492,27,75,"(27, 75)",155
10423,5324,40,77,"(40, 77)",234
10424,11338,40,77,"(40, 77)",234
10425,3179,30,54,"(30, 54)",179
10426,21579,33,48,"(33, 48)",186
10428,19382,52,35,"(52, 35)",278
10429,10310,52,60,"(52, 60)",282
10430,10310,52,60,"(52, 60)",282
10431,1496,28,31,"(28, 31)",164
10432,1477,18,8,"(18, 8)",107
10433,32064,18,8,"(18, 8)",107
10435,33874,37,50,"(37, 50)",202
10437,21855,33,15,"(33, 15)",185
10438,6412,8,36,"(8, 36)",62
10439,6412,8,36,"(8, 36)",62
10440,35021,32,17,"(32, 17)",184
10441,16858,1,27,"(1, 27)",3
10442,36477,15,107,"(15, 107)",94
10443,6581,49,36,"(49, 36)",258
10446,33463,27,35,"(27, 35)",151
10450,7775,5,110,"(5, 110)",55
10451,32382,20,102,"(20, 102)",116
10452,32382,20,102,"(20, 102)",116
10453,10875,5,22,"(5, 22)",49
10454,16047,14,86,"(14, 86)",84
10455,16047,14,86,"(14, 86)",84
10457,3807,9,72,"(9, 72)",67
10458,7136,9,72,"(9, 72)",67
10459,18200,48,1,"(48, 1)",252
10460,18200,48,1,"(48, 1)",252
10461,19820,15,107,"(15, 107)",94
10462,3908,15,107,"(15, 107)",94
10466,6375,4,11,"(4, 11)",40
10467,13266,23,56,"(23, 56)",132
10468,8442,11,57,"(11, 57)",74
10473,22380,43,67,"(43, 67)",250
10474,1870,43,67,"(43, 67)",250
10475,30590,54,46,"(54, 46)",285
10476,18890,54,46,"(54, 46)",285
10477,18268,37,50,"(37, 50)",202
10478,11494,37,44,"(37, 44)",201
10479,20546,5,45,"(5, 45)",52
10480,10679,18,8,"(18, 8)",107
10481,11259,38,99,"(38, 99)",217
10482,24513,39,98,"(39, 98)",221
10488,9775,24,51,"(24, 51)",139
10489,21040,24,20,"(24, 20)",136
10492,30186,40,28,"(40, 28)",229
10495,35427,49,68,"(49, 68)",261
10496,4568,49,68,"(49, 68)",261
10497,21622,5,37,"(5, 37)",50
10500,15429,43,67,"(43, 67)",250
10501,22009,43,67,"(43, 67)",250
10502,5213,38,48,"(38, 48)",214
10503,20259,3,96,"(3, 96)",38
10505,31667,29,95,"(29, 95)",176
10507,3659,2,18,"(2, 18)",13
10510,9233,38,19,"(38, 19)",211
10511,543,20,14,"(20, 14)",113
10512,17902,30,54,"(30, 54)",179
10514,22799,30,54,"(30, 54)",179
10517,8868,11,57,"(11, 57)",74
10518,8868,11,57,"(11, 57)",74
10519,24858,20,102,"(20, 102)",116
10520,24556,24,27,"(24, 27)",138
10521,25901,24,13,"(24, 13)",135
10523,1446,40,24,"(40, 24)",228
10524,1754,40,24,"(40, 24)",228
10525,20255,17,32,"(17, 32)",101
10529,32620,37,44,"(37, 44)",201
10535,25723,21,83,"(21, 83)",124
10536,10439,40,28,"(40, 28)",229
10537,10439,40,28,"(40, 28)",229
10540,31814,15,82,"(15, 82)",92
10541,10569,15,110,"(15, 110)",95
10542,22785,7,36,"(7, 36)",59
10544,35190,51,97,"(51, 97)",274
10545,20931,51,97,"(51, 97)",274
10546,11787,32,17,"(32, 17)",184
10547,35456,17,29,"(17, 29)",100
10548,35549,17,29,"(17, 29)",100
10552,25998,38,99,"(38, 99)",217
10553,6624,38,33,"(38, 33)",212
10554,13338,29,6,"(29, 6)",170
10555,5304,49,68,"(49, 68)",261
10556,17124,16,71,"(16, 71)",98
10557,447,1,20,"(1, 20)",2
10558,34262,1,20,"(1, 20)",2
10559,35122,37,50,"(37, 50)",202
10563,34848,6,93,"(6, 93)",57
10564,19962,6,65,"(6, 65)",56
10565,11694,52,39,"(52, 39)",280
10566,33037,2,65,"(2, 65)",19
10567,12700,3,96,"(3, 96)",38
10570,7589,23,40,"(23, 40)",130
10571,17415,30,15,"(30, 15)",178
10572,5412,40,69,"(40, 69)",233
10575,23876,3,38,"(3, 38)",28
10576,12498,15,37,"(15, 37)",88
10577,13835,16,38,"(16, 38)",96
10578,145,33,81,"(33, 81)",188
10579,14111,42,108,"(42, 108)",243
10580,23032,36,61,"(36, 61)",197
10582,14190,38,33,"(38, 33)",212
10585,20164,1,59,"(1, 59)",8
10586,8410,30,54,"(30, 54)",179
10587,34355,39,98,"(39, 98)",221
10588,4128,52,39,"(52, 39)",280
10589,18646,15,107,"(15, 107)",94
10590,36801,28,3,"(28, 3)",157
10591,9225,30,15,"(30, 15)",178
10592,17902,30,54,"(30, 54)",179
10595,15518,11,57,"(11, 57)",74
10596,15900,1,84,"(1, 84)",10
10597,12056,26,97,"(26, 97)",150
10598,6963,3,70,"(3, 70)",33
10599,5379,4,45,"(4, 45)",44
10600,19602,39,36,"(39, 36)",220
10601,3210,39,36,"(39, 36)",220
10602,19362,30,54,"(30, 54)",179
10603,16735,30,54,"(30, 54)",179
10604,8619,30,54,"(30, 54)",179
10605,6048,28,73,"(28, 73)",166
10606,10970,40,23,"(40, 23)",227
10607,33754,9,106,"(9, 106)",70
10608,22606,42,106,"(42, 106)",242
10609,11890,37,50,"(37, 50)",202
10614,536,20,102,"(20, 102)",116
10615,16808,43,8,"(43, 8)",246
10619,27510,39,98,"(39, 98)",221
10620,1884,33,48,"(33, 48)",186
10621,18483,50,80,"(50, 80)",267
10622,1227,50,80,"(50, 80)",267
10624,2179,39,103,"(39, 103)",223
10628,10962,4,45,"(4, 45)",44
10629,24962,52,42,"(52, 42)",281
10630,35530,37,44,"(37, 44)",201
10631,408,28,64,"(28, 64)",165
10632,13579,28,64,"(28, 64)",165
10636,27170,9,106,"(9, 106)",70
10638,21854,4,45,"(4, 45)",44
10639,34379,4,111,"(4, 111)",48
10640,4074,3,70,"(3, 70)",33
10643,25989,18,104,"(18, 104)",111
10645,16455,15,16,"(15, 16)",87
10646,16455,15,16,"(15, 16)",87
10649,11187,28,73,"(28, 73)",166
10650,11000,26,88,"(26, 88)",149
10651,1794,1,27,"(1, 27)",3
10652,6514,1,27,"(1, 27)",3
10653,16289,49,89,"(49, 89)",262
10654,37390,49,89,"(49, 89)",262
10655,708,4,45,"(4, 45)",44
10656,15404,18,41,"(18, 41)",109
10657,4468,9,74,"(9, 74)",68
10658,22950,9,74,"(9, 74)",68
10660,23107,37,114,"(37, 114)",210
10661,23107,37,114,"(37, 114)",210
10662,15691,26,88,"(26, 88)",149
10663,9858,3,47,"(3, 47)",30
10664,10951,3,47,"(3, 47)",30
10665,25662,39,98,"(39, 98)",221
10666,13790,37,114,"(37, 114)",210
10668,15292,8,36,"(8, 36)",62
10669,14862,40,24,"(40, 24)",228
10670,13032,21,57,"(21, 57)",120
10671,13032,21,57,"(21, 57)",120
10672,22383,17,59,"(17, 59)",104
10673,25462,17,59,"(17, 59)",104
10675,37294,49,68,"(49, 68)",261
10677,14114,52,36,"(52, 36)",279
10678,4353,27,61,"(27, 61)",154
10679,30435,15,107,"(15, 107)",94
10680,36561,40,24,"(40, 24)",228
10681,10265,1,84,"(1, 84)",10
10682,16162,1,84,"(1, 84)",10
10683,20374,24,90,"(24, 90)",142
10684,15962,18,41,"(18, 41)",109
10685,2943,36,60,"(36, 60)",196
10686,13846,36,75,"(36, 75)",198
10687,8649,2,18,"(2, 18)",13
10688,12990,42,106,"(42, 106)",242
10691,12406,26,13,"(26, 13)",144
10692,19806,18,104,"(18, 104)",111
10693,20222,38,42,"(38, 42)",213
10694,761,52,42,"(52, 42)",281
10697,19779,38,33,"(38, 33)",212
10698,714,15,82,"(15, 82)",92
10699,29041,30,54,"(30, 54)",179
10700,14929,30,54,"(30, 54)",179
10701,34389,51,102,"(51, 102)",275
10702,18906,38,19,"(38, 19)",211
10705,16934,23,40,"(23, 40)",130
10706,7096,23,40,"(23, 40)",130
10707,214,18,8,"(18, 8)",107
10708,4659,18,105,"(18, 105)",112
10709,7984,7,60,"(7, 60)",60
10710,7984,7,60,"(7, 60)",60
10711,24053,15,16,"(15, 16)",87
10712,1071,37,94,"(37, 94)",207
10713,8677,49,68,"(49, 68)",261
10715,1031,30,91,"(30, 91)",182
10716,8165,15,16,"(15, 16)",87
10717,26327,33,48,"(33, 48)",186
10718,15427,40,23,"(40, 23)",227
10723,10948,30,54,"(30, 54)",179
10724,29757,15,82,"(15, 82)",92
10725,20014,49,89,"(49, 89)",262
10728,9996,4,111,"(4, 111)",48
10730,26581,28,21,"(28, 21)",160
10732,13028,28,25,"(28, 25)",161
10735,32113,16,82,"(16, 82)",99
10738,36029,51,9,"(51, 9)",269
10739,18137,17,59,"(17, 59)",104
10740,34235,23,40,"(23, 40)",130
10744,1748,17,52,"(17, 52)",103
10745,34255,28,3,"(28, 3)",157
10746,5845,3,5,"(3, 5)",23
10747,17194,51,13,"(51, 13)",270
10748,10024,51,13,"(51, 13)",270
10749,5493,33,81,"(33, 81)",188
10751,8030,48,1,"(48, 1)",252
10753,16533,40,77,"(40, 77)",234
10755,2952,15,37,"(15, 37)",88
10756,11803,4,45,"(4, 45)",44
10757,4919,4,45,"(4, 45)",44
10760,14360,29,6,"(29, 6)",170
10761,17005,29,6,"(29, 6)",170
10763,30266,21,83,"(21, 83)",124
10764,1632,30,54,"(30, 54)",179
10765,19520,30,54,"(30, 54)",179
10766,17068,26,69,"(26, 69)",147
10768,24162,40,83,"(40, 83)",235
10769,8937,16,49,"(16, 49)",97
10770,24137,39,98,"(39, 98)",221
10773,24242,51,112,"(51, 112)",276
10776,8375,21,58,"(21, 58)",121
10778,3484,21,58,"(21, 58)",121
10779,11981,39,103,"(39, 103)",223
10780,5579,32,17,"(32, 17)",184
10781,21041,21,63,"(21, 63)",123
10782,34652,17,29,"(17, 29)",100
10783,15784,17,29,"(17, 29)",100
10784,11263,40,28,"(40, 28)",229
10785,20884,21,58,"(21, 58)",121
10787,16520,51,90,"(51, 90)",273
10788,27677,51,90,"(51, 90)",273
10789,34296,28,0,"(28, 0)",156
10791,22739,52,19,"(52, 19)",277
10792,23268,1,96,"(1, 96)",11
10793,32430,52,35,"(52, 35)",278
10794,2395,24,90,"(24, 90)",142
10795,13228,28,105,"(28, 105)",169
10798,2593,43,8,"(43, 8)",246
10799,2903,30,54,"(30, 54)",179
10800,5340,38,19,"(38, 19)",211
10801,20476,3,47,"(3, 47)",30
10802,11380,27,75,"(27, 75)",155
10803,19137,43,91,"(43, 91)",251
10804,7523,4,4,"(4, 4)",39
10805,2573,23,40,"(23, 40)",130
10806,8182,38,19,"(38, 19)",211
10808,33738,51,80,"(51, 80)",271
10810,34168,36,61,"(36, 61)",197
10811,37357,2,18,"(2, 18)",13
10812,21438,7,101,"(7, 101)",61
10813,397,38,19,"(38, 19)",211
10814,2633,38,19,"(38, 19)",211
10815,12562,37,113,"(37, 113)",209
10816,7118,37,24,"(37, 24)",200
10818,1165,5,37,"(5, 37)",50
10819,18362,5,37,"(5, 37)",50
10820,2186,4,11,"(4, 11)",40
10821,14148,28,21,"(28, 21)",160
10822,17735,9,72,"(9, 72)",67
10826,28225,24,13,"(24, 13)",135
10827,9849,28,91,"(28, 91)",168
10830,17581,28,25,"(28, 25)",161
10831,25623,2,30,"(2, 30)",16
10838,31455,37,44,"(37, 44)",201
10843,27986,37,114,"(37, 114)",210
10844,19116,37,63,"(37, 63)",204
10846,16719,42,106,"(42, 106)",242
10847,22581,42,108,"(42, 108)",243
10849,7546,15,82,"(15, 82)",92
10854,25670,38,19,"(38, 19)",211
10855,166,40,23,"(40, 23)",227
10856,21520,40,23,"(40, 23)",227
10858,30183,37,114,"(37, 114)",210
10861,1432,28,3,"(28, 3)",157
10864,18194,14,2,"(14, 2)",80
10865,3197,37,94,"(37, 94)",207
10870,21190,52,60,"(52, 60)",282
10873,18115,50,80,"(50, 80)",267
10874,8654,15,16,"(15, 16)",87
10875,25837,15,16,"(15, 16)",87
10877,21190,52,60,"(52, 60)",282
10878,22094,23,40,"(23, 40)",130
10880,30794,37,113,"(37, 113)",209
10881,7280,38,33,"(38, 33)",212
10882,19886,24,20,"(24, 20)",136
10884,34074,37,114,"(37, 114)",210
10885,8061,37,50,"(37, 50)",202
10886,30530,37,50,"(37, 50)",202
10887,22161,36,43,"(36, 43)",194
10888,26951,14,86,"(14, 86)",84
10889,32825,49,68,"(49, 68)",261
10890,32825,49,68,"(49, 68)",261
10891,34271,21,12,"(21, 12)",117
10892,24930,21,83,"(21, 83)",124
10893,5699,38,98,"(38, 98)",216
10894,7085,32,17,"(32, 17)",184
10895,19604,5,49,"(5, 49)",53
10896,19604,5,49,"(5, 49)",53
10897,802,21,83,"(21, 83)",124
10898,5094,14,86,"(14, 86)",84
10899,17072,14,86,"(14, 86)",84
10900,14553,16,71,"(16, 71)",98
10901,9703,4,84,"(4, 84)",47
10902,4613,24,20,"(24, 20)",136
10905,16938,26,88,"(26, 88)",149
10907,16874,18,41,"(18, 41)",109
10908,34000,28,21,"(28, 21)",160
10909,18846,52,42,"(52, 42)",281
10913,1038,11,57,"(11, 57)",74
10914,1434,11,57,"(11, 57)",74
10918,34635,27,75,"(27, 75)",155
10919,20413,1,84,"(1, 84)",10
10920,7071,43,67,"(43, 67)",250
10923,17438,51,80,"(51, 80)",271
10924,31829,18,104,"(18, 104)",111
10925,5998,40,77,"(40, 77)",234
10926,11811,2,26,"(2, 26)",15
10927,4369,14,86,"(14, 86)",84
10928,17445,14,86,"(14, 86)",84
10929,36553,15,100,"(15, 100)",93
10932,5774,14,86,"(14, 86)",84
10933,8402,14,86,"(14, 86)",84
10936,11221,3,70,"(3, 70)",33
10937,2703,39,35,"(39, 35)",219
10938,11500,39,35,"(39, 35)",219
10939,8334,16,38,"(16, 38)",96
10940,5053,33,81,"(33, 81)",188
10942,17827,26,97,"(26, 97)",150
10944,8255,15,110,"(15, 110)",95
10945,2466,17,52,"(17, 52)",103
10946,32473,17,52,"(17, 52)",103
10947,8826,4,49,"(4, 49)",45
10952,10313,3,38,"(3, 38)",28
10957,22586,24,13,"(24, 13)",135
10958,34050,29,95,"(29, 95)",176
10959,1368,15,82,"(15, 82)",92
10960,11707,15,16,"(15, 16)",87
10962,15157,37,113,"(37, 113)",209
10963,1937,20,14,"(20, 14)",113
10964,1936,20,14,"(20, 14)",113
10965,19407,3,70,"(3, 70)",33
10966,3697,3,70,"(3, 70)",33
10967,15374,17,59,"(17, 59)",104
10968,31133,15,100,"(15, 100)",93
10969,4953,48,10,"(48, 10)",253
10972,27055,36,61,"(36, 61)",197
10973,2731,36,61,"(36, 61)",197
10976,17516,38,19,"(38, 19)",211
10977,21940,38,19,"(38, 19)",211
10979,9593,23,44,"(23, 44)",131
10980,9553,4,4,"(4, 4)",39
10981,24498,1,96,"(1, 96)",11
10982,1161,29,95,"(29, 95)",176
10983,11385,14,94,"(14, 94)",85
10984,6346,3,38,"(3, 38)",28
10986,14175,23,56,"(23, 56)",132
10987,14782,5,37,"(5, 37)",50
10988,2826,3,66,"(3, 66)",32
10989,31083,28,73,"(28, 73)",166
10991,4067,40,28,"(40, 28)",229
10992,14940,40,28,"(40, 28)",229
10994,22045,15,16,"(15, 16)",87
10995,3694,38,19,"(38, 19)",211
10996,30014,38,99,"(38, 99)",217
10997,5713,15,16,"(15, 16)",87
11000,26207,30,54,"(30, 54)",179
11003,23225,11,9,"(11, 9)",72
11004,23225,11,9,"(11, 9)",72
11005,33375,28,3,"(28, 3)",157
11006,19958,1,59,"(1, 59)",8
11007,19859,5,45,"(5, 45)",52
11008,9879,4,45,"(4, 45)",44
11009,34592,4,45,"(4, 45)",44
11010,17340,28,21,"(28, 21)",160
11011,17265,28,0,"(28, 0)",156
11012,36653,23,44,"(23, 44)",131
11013,11538,37,106,"(37, 106)",208
11014,25387,37,106,"(37, 106)",208
11015,14776,23,40,"(23, 40)",130
11018,30853,42,106,"(42, 106)",242
11019,15601,32,17,"(32, 17)",184
11020,14032,38,19,"(38, 19)",211
11021,18243,38,19,"(38, 19)",211
11022,28220,38,19,"(38, 19)",211
11023,31340,5,22,"(5, 22)",49
11024,17373,26,88,"(26, 88)",149
11025,4666,3,78,"(3, 78)",35
11026,37632,18,104,"(18, 104)",111
11027,12219,4,111,"(4, 111)",48
11028,12219,4,111,"(4, 111)",48
11031,18265,32,17,"(32, 17)",184
11032,8052,40,24,"(40, 24)",228
11033,31957,40,24,"(40, 24)",228
11034,25253,36,35,"(36, 35)",193
11037,36639,30,91,"(30, 91)",182
11039,9672,52,39,"(52, 39)",280
11042,3750,18,17,"(18, 17)",108
11043,10405,28,6,"(28, 6)",158
11044,26303,15,107,"(15, 107)",94
11046,816,14,86,"(14, 86)",84
11047,33356,14,86,"(14, 86)",84
11049,13675,43,67,"(43, 67)",250
11050,26744,43,8,"(43, 8)",246
11051,15113,42,109,"(42, 109)",244
11052,9193,21,58,"(21, 58)",121
11055,3752,4,11,"(4, 11)",40
11056,19172,9,74,"(9, 74)",68
11058,398,4,4,"(4, 4)",39
11060,14483,3,47,"(3, 47)",30
11061,28074,26,69,"(26, 69)",147
11062,6691,33,48,"(33, 48)",186
11065,31427,38,19,"(38, 19)",211
11066,27304,38,19,"(38, 19)",211
11068,5255,24,90,"(24, 90)",142
11069,8043,7,35,"(7, 35)",58
11070,12980,15,66,"(15, 66)",90
11072,25299,15,100,"(15, 100)",93
11074,2857,37,50,"(37, 50)",202
11075,13298,42,109,"(42, 109)",244
11076,34086,42,109,"(42, 109)",244
11078,34697,23,44,"(23, 44)",131
11079,11899,28,73,"(28, 73)",166
11081,9811,29,6,"(29, 6)",170
11082,35536,5,82,"(5, 82)",54
11083,2839,5,110,"(5, 110)",55
11085,22447,1,59,"(1, 59)",8
11086,20985,9,74,"(9, 74)",68
11087,33825,51,80,"(51, 80)",271
11088,29698,51,80,"(51, 80)",271
11089,28359,9,72,"(9, 72)",67
11090,35402,26,23,"(26, 23)",145
11091,19304,51,9,"(51, 9)",269
11092,2109,5,82,"(5, 82)",54
11093,32118,30,91,"(30, 91)",182
11094,9826,38,101,"(38, 101)",218
11096,12153,38,99,"(38, 99)",217
11097,17718,3,96,"(3, 96)",38
11103,13239,3,70,"(3, 70)",33
11104,3998,58,92,"(58, 92)",288
11105,11145,4,4,"(4, 4)",39
11106,6414,50,80,"(50, 80)",267
11107,177,40,28,"(40, 28)",229
11108,4264,4,11,"(4, 11)",40
11109,25870,3,38,"(3, 38)",28
11110,12741,29,30,"(29, 30)",173
11111,12436,15,100,"(15, 100)",93
11112,4650,15,100,"(15, 100)",93
11113,16735,30,54,"(30, 54)",179
11114,112,33,98,"(33, 98)",189
11115,19120,24,27,"(24, 27)",138
11116,3012,33,15,"(33, 15)",185
11117,7983,51,97,"(51, 97)",274
11118,10216,23,78,"(23, 78)",133
11122,16434,16,71,"(16, 71)",98
11123,12850,9,10,"(9, 10)",65
11124,13111,9,10,"(9, 10)",65
11126,33961,1,84,"(1, 84)",10
11128,20186,14,86,"(14, 86)",84
11130,34993,33,15,"(33, 15)",185
11131,32025,33,15,"(33, 15)",185
11133,21310,54,46,"(54, 46)",285
11135,6581,49,36,"(49, 36)",258
11136,12953,43,8,"(43, 8)",246
11139,33938,21,62,"(21, 62)",122
11140,7820,21,62,"(21, 62)",122
11141,23232,11,23,"(11, 23)",73
11142,23795,11,57,"(11, 57)",74
11143,36817,28,25,"(28, 25)",161
11144,27718,24,90,"(24, 90)",142
11145,4226,4,111,"(4, 111)",48
11146,10547,9,72,"(9, 72)",67
11149,12081,37,50,"(37, 50)",202
11150,12081,37,50,"(37, 50)",202
11154,219,28,6,"(28, 6)",158
11155,11839,5,82,"(5, 82)",54
11156,7203,37,78,"(37, 78)",206
11157,33467,37,78,"(37, 78)",206
11161,17918,16,49,"(16, 49)",97
11163,9021,40,51,"(40, 51)",230
11165,1740,3,78,"(3, 78)",35
11166,24378,4,11,"(4, 11)",40
11167,32075,4,11,"(4, 11)",40
11168,29581,29,95,"(29, 95)",176
11169,15761,3,79,"(3, 79)",36
11172,33456,33,48,"(33, 48)",186
11175,29929,36,61,"(36, 61)",197
11177,13207,30,15,"(30, 15)",178
11178,14502,5,37,"(5, 37)",50
11179,2329,15,100,"(15, 100)",93
11182,7649,4,4,"(4, 4)",39
11183,2920,4,45,"(4, 45)",44
11185,18440,15,16,"(15, 16)",87
11187,2414,4,111,"(4, 111)",48
11188,9606,4,4,"(4, 4)",39
11193,28310,9,72,"(9, 72)",67
11194,28310,9,72,"(9, 72)",67
11198,3341,29,95,"(29, 95)",176
11199,8125,3,38,"(3, 38)",28
11200,10612,3,38,"(3, 38)",28
11201,10939,27,35,"(27, 35)",151
11202,18230,27,75,"(27, 75)",155
11203,29893,15,55,"(15, 55)",89
11204,23327,5,49,"(5, 49)",53
11205,10222,5,38,"(5, 38)",51
11208,9436,24,20,"(24, 20)",136
11209,28163,7,101,"(7, 101)",61
11210,32430,52,35,"(52, 35)",278
11211,14411,28,3,"(28, 3)",157
11214,14635,3,47,"(3, 47)",30
11215,31459,43,67,"(43, 67)",250
11216,17362,40,24,"(40, 24)",228
11217,221,23,40,"(23, 40)",130
11220,22302,42,50,"(42, 50)",238
11224,37061,17,32,"(17, 32)",101
11226,22300,40,77,"(40, 77)",234
11227,26841,21,83,"(21, 83)",124
11229,24248,8,36,"(8, 36)",62
11230,27874,37,63,"(37, 63)",204
11231,15601,32,17,"(32, 17)",184
11233,14690,54,46,"(54, 46)",285
11234,9535,9,10,"(9, 10)",65
11235,15120,14,86,"(14, 86)",84
11236,26619,15,37,"(15, 37)",88
11237,33744,50,102,"(50, 102)",268
11238,11389,28,76,"(28, 76)",167
11239,12543,38,19,"(38, 19)",211
11241,14711,37,113,"(37, 113)",209
11242,24781,39,98,"(39, 98)",221
11243,6040,40,12,"(40, 12)",225
11247,36681,23,44,"(23, 44)",131
11250,34103,51,9,"(51, 9)",269
11251,369,20,14,"(20, 14)",113
11252,8473,27,60,"(27, 60)",153
11256,4078,38,99,"(38, 99)",217
11257,6180,5,45,"(5, 45)",52
11258,10699,21,58,"(21, 58)",121
11259,14988,36,61,"(36, 61)",197
11260,14988,36,61,"(36, 61)",197
11262,5461,18,105,"(18, 105)",112
11264,5705,15,82,"(15, 82)",92
11265,15140,15,100,"(15, 100)",93
11266,18458,15,100,"(15, 100)",93
11267,10589,38,101,"(38, 101)",218
11268,24698,30,91,"(30, 91)",182
11269,20097,24,90,"(24, 90)",142
11270,3428,15,107,"(15, 107)",94
11272,5982,39,35,"(39, 35)",219
11273,8142,4,11,"(4, 11)",40
11274,1336,4,11,"(4, 11)",40
11275,3998,58,92,"(58, 92)",288
11276,20868,3,70,"(3, 70)",33
11277,25383,15,107,"(15, 107)",94
11280,8036,30,54,"(30, 54)",179
11281,14053,37,44,"(37, 44)",201
11284,6580,5,38,"(5, 38)",51
11286,718,29,104,"(29, 104)",177
11287,816,14,86,"(14, 86)",84
11288,35266,49,91,"(49, 91)",263
11289,28310,9,72,"(9, 72)",67
11293,17178,30,54,"(30, 54)",179
11294,24849,38,99,"(38, 99)",217
11295,11981,39,103,"(39, 103)",223
11296,3684,23,56,"(23, 56)",132
11298,5283,2,26,"(2, 26)",15
11299,2864,28,25,"(28, 25)",161
11300,25385,51,80,"(51, 80)",271
11301,7116,51,97,"(51, 97)",274
11302,16151,3,71,"(3, 71)",34
11303,12861,15,16,"(15, 16)",87
11304,12861,15,16,"(15, 16)",87
11305,13247,3,47,"(3, 47)",30
11306,21797,3,47,"(3, 47)",30
11307,15094,3,66,"(3, 66)",32
11310,6608,49,68,"(49, 68)",261
11311,2823,40,28,"(40, 28)",229
11312,16891,38,19,"(38, 19)",211
11313,16891,38,19,"(38, 19)",211
11314,10860,18,41,"(18, 41)",109
11315,4493,38,19,"(38, 19)",211
11316,2378,38,19,"(38, 19)",211
11317,22607,49,68,"(49, 68)",261
11318,6975,15,16,"(15, 16)",87
11319,16441,15,16,"(15, 16)",87
11325,24117,42,108,"(42, 108)",243
11326,27991,37,106,"(37, 106)",208
11328,26997,42,50,"(42, 50)",238
11329,24733,42,50,"(42, 50)",238
11331,3998,58,92,"(58, 92)",288
11335,18481,39,36,"(39, 36)",220
11337,8418,15,16,"(15, 16)",87
11338,2662,42,58,"(42, 58)",239
11340,33365,38,98,"(38, 98)",216
11342,3833,24,90,"(24, 90)",142
11344,15232,26,77,"(26, 77)",148
11345,9570,26,77,"(26, 77)",148
11347,4553,40,7,"(40, 7)",224
11348,29541,5,22,"(5, 22)",49
11350,8255,5,110,"(5, 110)",55
11351,19604,5,49,"(5, 49)",53
11356,10054,21,58,"(21, 58)",121
11357,13848,5,45,"(5, 45)",52
11362,27492,14,86,"(14, 86)",84
11363,15008,37,50,"(37, 50)",202
11364,12268,14,2,"(14, 2)",80
11365,16901,14,2,"(14, 2)",80
11368,4893,5,38,"(5, 38)",51
11370,21925,9,106,"(9, 106)",70
11373,18897,30,54,"(30, 54)",179
11376,19088,40,62,"(40, 62)",232
11377,23471,3,70,"(3, 70)",33
11379,3822,42,106,"(42, 106)",242
11381,13790,37,114,"(37, 114)",210
11382,25945,14,86,"(14, 86)",84
11384,5274,39,103,"(39, 103)",223
11385,24249,39,103,"(39, 103)",223
11386,14732,23,56,"(23, 56)",132
11388,16085,40,88,"(40, 88)",236
11391,12820,24,90,"(24, 90)",142
11392,11609,4,4,"(4, 4)",39
11393,3117,52,39,"(52, 39)",280
11394,12397,28,21,"(28, 21)",160
11395,15654,51,102,"(51, 102)",275
11398,6796,21,34,"(21, 34)",119
11404,4505,33,99,"(33, 99)",190
11408,33569,28,21,"(28, 21)",160
11409,21707,15,107,"(15, 107)",94
11410,27085,27,75,"(27, 75)",155
11412,5200,4,11,"(4, 11)",40
11413,25305,26,88,"(26, 88)",149
11414,33969,21,62,"(21, 62)",122
11415,35367,5,49,"(5, 49)",53
11416,1982,20,53,"(20, 53)",114
11417,18243,38,19,"(38, 19)",211
11418,11787,32,17,"(32, 17)",184
11419,21020,21,83,"(21, 83)",124
11421,15947,21,83,"(21, 83)",124
11422,30266,21,83,"(21, 83)",124
11423,9104,36,35,"(36, 35)",193
11425,18083,5,45,"(5, 45)",52
11426,30839,2,93,"(2, 93)",21
11427,25488,24,13,"(24, 13)",135
11428,14018,1,96,"(1, 96)",11
11429,6125,42,106,"(42, 106)",242
11430,25399,14,94,"(14, 94)",85
11431,268,33,99,"(33, 99)",190
11436,8287,3,47,"(3, 47)",30
11437,19853,3,47,"(3, 47)",30
11438,28166,39,98,"(39, 98)",221
11446,14134,18,41,"(18, 41)",109
11447,5826,1,27,"(1, 27)",3
11448,24105,21,83,"(21, 83)",124
11449,29850,3,70,"(3, 70)",33
11450,24286,30,54,"(30, 54)",179
11452,12544,17,52,"(17, 52)",103
11453,11620,40,24,"(40, 24)",228
11454,29247,40,24,"(40, 24)",228
11456,5309,28,31,"(28, 31)",164
11457,8308,28,31,"(28, 31)",164
11458,25670,38,19,"(38, 19)",211
11459,37167,28,73,"(28, 73)",166
11460,11683,14,94,"(14, 94)",85
11463,2248,30,91,"(30, 91)",182
11464,36864,30,91,"(30, 91)",182
11465,364,37,56,"(37, 56)",203
11466,29855,52,35,"(52, 35)",278
11467,28625,52,35,"(52, 35)",278
11468,37247,50,80,"(50, 80)",267
11470,15051,51,13,"(51, 13)",270
11473,10787,36,43,"(36, 43)",194
11474,7839,24,90,"(24, 90)",142
11475,2393,24,90,"(24, 90)",142
11478,25607,52,35,"(52, 35)",278
11482,16666,9,72,"(9, 72)",67
11484,21063,23,12,"(23, 12)",128
11485,35048,23,12,"(23, 12)",128
11487,8061,37,50,"(37, 50)",202
11488,26527,42,106,"(42, 106)",242
11490,35555,2,93,"(2, 93)",21
11491,2982,4,45,"(4, 45)",44
11493,966,3,38,"(3, 38)",28
11494,17206,3,96,"(3, 96)",38
11495,36118,27,35,"(27, 35)",151
11496,29340,40,12,"(40, 12)",225
11498,2432,20,102,"(20, 102)",116
11499,2515,20,102,"(20, 102)",116
11500,6860,11,57,"(11, 57)",74
11501,24988,1,59,"(1, 59)",8
11502,33904,5,37,"(5, 37)",50
11503,7453,4,45,"(4, 45)",44
11504,1284,49,68,"(49, 68)",261
11505,10270,15,107,"(15, 107)",94
11506,3586,29,104,"(29, 104)",177
11507,3586,29,104,"(29, 104)",177
11508,19829,30,15,"(30, 15)",178
11509,16631,7,36,"(7, 36)",59
11510,15159,4,45,"(4, 45)",44
11513,9250,52,60,"(52, 60)",282
11514,27517,54,46,"(54, 46)",285
11515,23944,9,72,"(9, 72)",67
11516,30177,54,46,"(54, 46)",285
11517,30177,54,46,"(54, 46)",285
11519,14739,40,77,"(40, 77)",234
11520,7715,28,64,"(28, 64)",165
11521,27086,37,114,"(37, 114)",210
11522,31560,37,113,"(37, 113)",209
11523,4765,43,8,"(43, 8)",246
11524,33245,43,8,"(43, 8)",246
11526,25017,40,24,"(40, 24)",228
11528,4445,51,97,"(51, 97)",274
11529,19885,21,83,"(21, 83)",124
11530,12449,4,45,"(4, 45)",44
11531,34091,4,45,"(4, 45)",44
11532,17449,33,81,"(33, 81)",188
11533,2520,1,59,"(1, 59)",8
11534,12561,1,96,"(1, 96)",11
11536,10242,29,76,"(29, 76)",175
11537,8609,18,105,"(18, 105)",112
11538,34834,15,110,"(15, 110)",95
11539,393,51,97,"(51, 97)",274
11540,2139,40,77,"(40, 77)",234
11541,27985,23,40,"(23, 40)",130
11542,11426,4,111,"(4, 111)",48
11546,7731,42,108,"(42, 108)",243
11555,4754,17,52,"(17, 52)",103
11556,18827,26,13,"(26, 13)",144
11557,18827,26,13,"(26, 13)",144
11558,32750,2,18,"(2, 18)",13
11562,24111,9,72,"(9, 72)",67
11563,19997,9,74,"(9, 74)",68
11564,9702,14,2,"(14, 2)",80
11565,9702,14,2,"(14, 2)",80
11569,29957,39,103,"(39, 103)",223
11570,30149,39,103,"(39, 103)",223
11571,33544,43,8,"(43, 8)",246
11572,4430,28,6,"(28, 6)",158
11573,11380,27,75,"(27, 75)",155
11579,12663,1,27,"(1, 27)",3
11580,12663,1,27,"(1, 27)",3
11581,900,3,47,"(3, 47)",30
11582,21373,52,36,"(52, 36)",279
11583,709,15,55,"(15, 55)",89
11585,31895,9,72,"(9, 72)",67
11586,4872,9,72,"(9, 72)",67
11587,30530,37,50,"(37, 50)",202
11588,19179,37,50,"(37, 50)",202
11590,30118,9,106,"(9, 106)",70
11591,11376,12,4,"(12, 4)",79
11592,15239,5,38,"(5, 38)",51
11593,16567,21,83,"(21, 83)",124
11596,8543,29,76,"(29, 76)",175
11597,8543,29,76,"(29, 76)",175
11598,278,51,80,"(51, 80)",271
11599,4147,23,56,"(23, 56)",132
11601,11967,4,59,"(4, 59)",46
11602,9606,4,4,"(4, 4)",39
11605,17577,51,102,"(51, 102)",275
11611,635,1,96,"(1, 96)",11
11612,95,1,96,"(1, 96)",11
11614,17224,1,52,"(1, 52)",7
11615,1206,40,77,"(40, 77)",234
11617,14239,52,60,"(52, 60)",282
11618,26360,15,107,"(15, 107)",94
11619,20811,17,32,"(17, 32)",101
11620,12760,30,15,"(30, 15)",178
11621,2202,30,91,"(30, 91)",182
11622,3596,28,64,"(28, 64)",165
11623,224,23,5,"(23, 5)",127
11624,36725,29,76,"(29, 76)",175
11627,2685,39,98,"(39, 98)",221
11628,2073,20,102,"(20, 102)",116
11629,36116,2,18,"(2, 18)",13
11630,19612,26,69,"(26, 69)",147
11632,16765,39,103,"(39, 103)",223
11633,11787,32,17,"(32, 17)",184
11634,18847,18,41,"(18, 41)",109
11635,3225,3,66,"(3, 66)",32
11636,21530,24,27,"(24, 27)",138
11637,25411,23,40,"(23, 40)",130
11638,12597,23,40,"(23, 40)",130
11639,21003,1,49,"(1, 49)",5
11643,16224,1,20,"(1, 20)",2
11644,20715,23,78,"(23, 78)",133
11645,9570,26,77,"(26, 77)",148
11647,14481,18,104,"(18, 104)",111
11649,24513,39,98,"(39, 98)",221
11653,928,39,98,"(39, 98)",221
11654,24599,39,98,"(39, 98)",221
11655,3560,36,43,"(36, 43)",194
11657,7703,1,96,"(1, 96)",11
11659,4570,18,41,"(18, 41)",109
11660,6209,38,19,"(38, 19)",211
11661,12899,4,18,"(4, 18)",41
11662,32389,4,59,"(4, 59)",46
11663,24058,16,82,"(16, 82)",99
11664,19638,3,79,"(3, 79)",36
11665,21450,36,35,"(36, 35)",193
11667,7652,36,61,"(36, 61)",197
11668,36460,48,1,"(48, 1)",252
11669,14819,48,1,"(48, 1)",252
11670,6251,54,46,"(54, 46)",285
11671,5451,5,49,"(5, 49)",53
11672,15368,1,84,"(1, 84)",10
11673,15368,1,84,"(1, 84)",10
11674,12449,4,45,"(4, 45)",44
11675,6007,28,31,"(28, 31)",164
11677,18033,17,32,"(17, 32)",101
11678,33419,17,32,"(17, 32)",101
11680,8853,4,45,"(4, 45)",44
11681,21991,8,36,"(8, 36)",62
11682,21991,8,36,"(8, 36)",62
11684,23294,42,106,"(42, 106)",242
11685,21681,42,106,"(42, 106)",242
11687,1413,29,95,"(29, 95)",176
11688,13566,38,99,"(38, 99)",217
11689,24395,33,81,"(33, 81)",188
11691,1981,20,53,"(20, 53)",114
11692,1982,20,53,"(20, 53)",114
11694,10684,21,58,"(21, 58)",121
11697,2532,40,20,"(40, 20)",226
11698,11957,21,83,"(21, 83)",124
11699,3759,40,24,"(40, 24)",228
11700,23609,40,24,"(40, 24)",228
11701,20993,16,38,"(16, 38)",96
11702,30277,16,38,"(16, 38)",96
11703,9374,14,86,"(14, 86)",84
11706,29950,24,27,"(24, 27)",138
11708,21344,40,51,"(40, 51)",230
11712,17240,39,35,"(39, 35)",219
11714,9576,38,101,"(38, 101)",218
11715,18279,28,105,"(28, 105)",169
11716,15149,15,55,"(15, 55)",89
11717,4706,15,66,"(15, 66)",90
11718,20405,24,90,"(24, 90)",142
11720,18925,30,67,"(30, 67)",180
11721,13545,30,15,"(30, 15)",178
11723,22111,4,49,"(4, 49)",45
11726,799,1,69,"(1, 69)",9
11728,20661,52,60,"(52, 60)",282
11729,4106,24,52,"(24, 52)",140
11730,23809,36,35,"(36, 35)",193
11731,35910,58,58,"(58, 58)",287
11732,36049,21,58,"(21, 58)",121
11733,12511,33,81,"(33, 81)",188
11734,2421,28,31,"(28, 31)",164
11735,29936,9,1,"(9, 1)",63
11736,13022,3,96,"(3, 96)",38
11737,33143,52,60,"(52, 60)",282
11738,1092,52,60,"(52, 60)",282
11739,12026,24,13,"(24, 13)",135
11740,24128,24,13,"(24, 13)",135
11741,15165,40,51,"(40, 51)",230
11742,15035,17,52,"(17, 52)",103
11744,16229,29,6,"(29, 6)",170
11745,5750,29,95,"(29, 95)",176
11746,9325,21,34,"(21, 34)",119
11747,30628,42,58,"(42, 58)",239
11748,2662,42,58,"(42, 58)",239
11749,28535,38,42,"(38, 42)",213
11754,1141,7,101,"(7, 101)",61
11756,4732,33,99,"(33, 99)",190
11757,22421,43,91,"(43, 91)",251
11758,3842,43,91,"(43, 91)",251
11759,9919,28,31,"(28, 31)",164
11760,1019,5,49,"(5, 49)",53
11761,21831,24,90,"(24, 90)",142
11762,706,24,90,"(24, 90)",142
11763,31655,52,60,"(52, 60)",282
11764,1735,52,60,"(52, 60)",282
11765,37607,9,1,"(9, 1)",63
11766,21474,54,46,"(54, 46)",285
11767,4467,42,106,"(42, 106)",242
11768,15401,42,106,"(42, 106)",242
11769,21502,36,35,"(36, 35)",193
11773,5021,30,15,"(30, 15)",178
11774,33453,40,88,"(40, 88)",236
11776,29757,15,82,"(15, 82)",92
11777,33291,3,66,"(3, 66)",32
11778,17372,3,47,"(3, 47)",30
11779,21516,54,46,"(54, 46)",285
11780,2285,42,109,"(42, 109)",244
11785,27806,2,18,"(2, 18)",13
11786,23328,37,44,"(37, 44)",201
11789,13266,23,56,"(23, 56)",132
11790,29454,43,67,"(43, 67)",250
11791,13511,43,67,"(43, 67)",250
11792,19584,26,88,"(26, 88)",149
11793,2841,4,45,"(4, 45)",44
11794,2760,33,48,"(33, 48)",186
11795,71,33,48,"(33, 48)",186
11797,454,40,88,"(40, 88)",236
11798,2354,5,82,"(5, 82)",54
11799,6561,49,68,"(49, 68)",261
11800,31838,49,89,"(49, 89)",262
11801,12471,49,68,"(49, 68)",261
11802,32166,40,24,"(40, 24)",228
11803,6373,20,102,"(20, 102)",116
11804,25250,21,57,"(21, 57)",120
11805,5243,1,84,"(1, 84)",10
11808,7930,11,57,"(11, 57)",74
11809,22206,11,62,"(11, 62)",75
11811,24296,32,17,"(32, 17)",184
11812,24296,32,17,"(32, 17)",184
11815,37237,3,79,"(3, 79)",36
11816,6132,1,59,"(1, 59)",8
11817,5678,1,27,"(1, 27)",3
11818,10545,17,59,"(17, 59)",104
11819,20631,17,59,"(17, 59)",104
11820,22977,3,96,"(3, 96)",38
11821,35931,49,89,"(49, 89)",262
11822,20646,49,89,"(49, 89)",262
11823,3635,39,103,"(39, 103)",223
11824,1370,39,103,"(39, 103)",223
11825,28530,17,29,"(17, 29)",100
11827,13347,15,107,"(15, 107)",94
11828,25946,4,11,"(4, 11)",40
11830,31033,27,75,"(27, 75)",155
11831,19538,11,9,"(11, 9)",72
11832,19471,30,54,"(30, 54)",179
11833,8487,5,82,"(5, 82)",54
11834,727,20,53,"(20, 53)",114
11835,22380,43,67,"(43, 67)",250
11836,15047,1,96,"(1, 96)",11
11837,26549,42,106,"(42, 106)",242
11838,4660,48,1,"(48, 1)",252
11839,26145,40,12,"(40, 12)",225
11840,21691,40,51,"(40, 51)",230
11841,17406,21,83,"(21, 83)",124
11843,17449,33,81,"(33, 81)",188
11845,33414,18,41,"(18, 41)",109
11849,5113,4,49,"(4, 49)",45
11850,17135,16,82,"(16, 82)",99
11851,6511,54,61,"(54, 61)",286
11852,15951,11,23,"(11, 23)",73
11853,7497,51,112,"(51, 112)",276
11855,3579,2,26,"(2, 26)",15
11856,15731,2,30,"(2, 30)",16
11857,19772,2,65,"(2, 65)",19
11858,17434,15,16,"(15, 16)",87
11861,31329,27,61,"(27, 61)",154
11862,4459,28,91,"(28, 91)",168
11865,28709,1,59,"(1, 59)",8
11866,25398,15,107,"(15, 107)",94
11868,3836,33,48,"(33, 48)",186
11869,18242,5,49,"(5, 49)",53
11872,20479,52,42,"(52, 42)",281
11873,9232,33,48,"(33, 48)",186
11874,744,28,3,"(28, 3)",157
11880,2866,30,54,"(30, 54)",179
11881,11687,2,65,"(2, 65)",19
11882,11687,2,65,"(2, 65)",19
11883,25373,24,90,"(24, 90)",142
11884,18643,21,83,"(21, 83)",124
11885,14411,49,3,"(49, 3)",256
11886,12952,43,8,"(43, 8)",246
11887,18096,32,17,"(32, 17)",184
11888,3804,29,104,"(29, 104)",177
11889,33176,9,50,"(9, 50)",66
11890,28305,2,18,"(2, 18)",13
11891,6656,21,34,"(21, 34)",119
11893,1219,39,103,"(39, 103)",223
11894,3540,28,64,"(28, 64)",165
11895,28019,43,8,"(43, 8)",246
11896,2593,43,8,"(43, 8)",246
11897,12262,3,47,"(3, 47)",30
11898,20947,33,81,"(33, 81)",188
11901,18219,42,108,"(42, 108)",243
11902,17815,42,108,"(42, 108)",243
11903,10811,23,78,"(23, 78)",133
11906,19353,29,76,"(29, 76)",175
11907,5109,40,28,"(40, 28)",229
11908,22447,1,59,"(1, 59)",8
11909,22447,1,59,"(1, 59)",8
11910,29128,52,36,"(52, 36)",279
11911,25536,24,90,"(24, 90)",142
11912,33159,49,89,"(49, 89)",262
11914,27050,4,45,"(4, 45)",44
11915,35996,20,53,"(20, 53)",114
11918,6072,1,59,"(1, 59)",8
11919,4686,1,69,"(1, 69)",9
11920,35671,40,7,"(40, 7)",224
11921,7141,40,28,"(40, 28)",229
11923,13073,3,79,"(3, 79)",36
11924,33967,15,55,"(15, 55)",89
11925,25788,15,55,"(15, 55)",89
11926,7579,30,54,"(30, 54)",179
11927,31385,1,59,"(1, 59)",8
11928,18233,1,59,"(1, 59)",8
11933,3998,58,92,"(58, 92)",288
11934,115,5,22,"(5, 22)",49
11935,19250,49,89,"(49, 89)",262
11937,20907,49,89,"(49, 89)",262
11939,16658,24,51,"(24, 51)",139
11940,27193,21,12,"(21, 12)",117
11941,18640,52,39,"(52, 39)",280
11942,31584,52,35,"(52, 35)",278
11943,34332,32,17,"(32, 17)",184
11944,5319,43,91,"(43, 91)",251
11946,16549,14,94,"(14, 94)",85
11948,13298,42,109,"(42, 109)",244
11949,19615,42,109,"(42, 109)",244
11950,13040,42,58,"(42, 58)",239
11952,26881,52,60,"(52, 60)",282
11953,2906,20,102,"(20, 102)",116
11954,8109,20,102,"(20, 102)",116
11956,12789,39,103,"(39, 103)",223
11958,6158,9,106,"(9, 106)",70
11959,26911,9,106,"(9, 106)",70
11962,23584,42,106,"(42, 106)",242
11965,6913,15,82,"(15, 82)",92
11966,31606,33,15,"(33, 15)",185
11969,16637,9,72,"(9, 72)",67
11970,15654,51,102,"(51, 102)",275
11971,27835,15,107,"(15, 107)",94
11972,10859,15,107,"(15, 107)",94
11974,19731,49,68,"(49, 68)",261
11975,2780,49,68,"(49, 68)",261
11976,12635,21,62,"(21, 62)",122
11977,5619,21,62,"(21, 62)",122
11979,8816,16,82,"(16, 82)",99
11980,21373,52,36,"(52, 36)",279
11983,26152,15,107,"(15, 107)",94
11984,7076,42,106,"(42, 106)",242
11987,7032,38,101,"(38, 101)",218
11988,15805,38,101,"(38, 101)",218
11990,4005,26,88,"(26, 88)",149
11991,21557,33,48,"(33, 48)",186
11992,16820,32,17,"(32, 17)",184
11994,1845,33,48,"(33, 48)",186
11995,593,2,18,"(2, 18)",13
11996,593,2,18,"(2, 18)",13
11997,12569,24,13,"(24, 13)",135
12000,32768,15,16,"(15, 16)",87
12001,25756,5,49,"(5, 49)",53
12002,17973,52,60,"(52, 60)",282
12003,37422,38,101,"(38, 101)",218
12004,9760,38,101,"(38, 101)",218
12005,14894,15,107,"(15, 107)",94
12006,30170,1,84,"(1, 84)",10
12007,5064,4,11,"(4, 11)",40
12008,6525,4,11,"(4, 11)",40
12010,6637,4,45,"(4, 45)",44
12013,2762,28,105,"(28, 105)",169
12014,22561,21,109,"(21, 109)",126
12017,16425,29,30,"(29, 30)",173
12018,6127,36,46,"(36, 46)",195
12022,24073,36,35,"(36, 35)",193
12023,22277,21,62,"(21, 62)",122
12024,22763,21,62,"(21, 62)",122
12027,16322,23,40,"(23, 40)",130
12029,1788,33,98,"(33, 98)",189
12030,32281,28,8,"(28, 8)",159
12031,37085,28,8,"(28, 8)",159
12032,32339,23,44,"(23, 44)",131
12033,15161,36,43,"(36, 43)",194
12036,636,9,74,"(9, 74)",68
12037,636,9,74,"(9, 74)",68
12038,66,37,44,"(37, 44)",201
12039,22204,37,94,"(37, 94)",207
12040,29867,9,74,"(9, 74)",68
12041,33754,9,106,"(9, 106)",70
12042,26315,49,89,"(49, 89)",262
12043,18211,49,89,"(49, 89)",262
12044,18242,5,49,"(5, 49)",53
12045,27275,37,44,"(37, 44)",201
12047,36719,11,9,"(11, 9)",72
12049,12232,40,88,"(40, 88)",236
12050,20346,40,88,"(40, 88)",236
12052,23214,1,20,"(1, 20)",2
12054,8922,4,45,"(4, 45)",44
12055,34351,1,84,"(1, 84)",10
12057,31389,37,114,"(37, 114)",210
12058,2296,16,49,"(16, 49)",97
12059,32999,20,102,"(20, 102)",116
12061,23568,38,19,"(38, 19)",211
12063,26031,21,57,"(21, 57)",120
12066,36336,28,25,"(28, 25)",161
12067,31182,38,19,"(38, 19)",211
12072,4489,49,68,"(49, 68)",261
12073,16349,3,66,"(3, 66)",32
12074,3317,2,18,"(2, 18)",13
12075,21758,38,99,"(38, 99)",217
12076,15126,28,3,"(28, 3)",157
12079,32667,9,74,"(9, 74)",68
12081,30766,52,19,"(52, 19)",277
12083,14692,4,45,"(4, 45)",44
12084,35023,29,76,"(29, 76)",175
12087,2940,4,84,"(4, 84)",47
12088,17305,33,99,"(33, 99)",190
12089,15042,51,97,"(51, 97)",274
12093,1941,37,56,"(37, 56)",203
12094,843,37,113,"(37, 113)",209
12095,1027,5,82,"(5, 82)",54
12099,5988,37,113,"(37, 113)",209
12100,3023,5,82,"(5, 82)",54
12104,2241,4,11,"(4, 11)",40
12105,27612,52,60,"(52, 60)",282
12106,29558,52,60,"(52, 60)",282
12107,24324,11,57,"(11, 57)",74
12109,812,9,50,"(9, 50)",66
12110,5361,36,46,"(36, 46)",195
12111,13881,3,47,"(3, 47)",30
12114,33107,7,35,"(7, 35)",58
12116,19837,17,29,"(17, 29)",100
12117,16086,49,54,"(49, 54)",259
12118,33145,5,82,"(5, 82)",54
12119,19202,11,9,"(11, 9)",72
12120,14824,51,97,"(51, 97)",274
12121,17200,15,16,"(15, 16)",87
12122,22399,27,75,"(27, 75)",155
12124,9271,24,90,"(24, 90)",142
12125,19800,24,13,"(24, 13)",135
12126,16438,3,96,"(3, 96)",38
12127,29850,3,70,"(3, 70)",33
12128,17309,18,8,"(18, 8)",107
12134,10042,37,50,"(37, 50)",202
12135,25025,23,5,"(23, 5)",127
12138,27799,24,27,"(24, 27)",138
12139,27137,24,27,"(24, 27)",138
12144,10619,37,114,"(37, 114)",210
12145,20398,20,102,"(20, 102)",116
12146,14168,16,71,"(16, 71)",98
12148,20035,29,6,"(29, 6)",170
12150,37632,18,104,"(18, 104)",111
12151,10277,51,90,"(51, 90)",273
12154,8312,9,10,"(9, 10)",65
12155,12850,9,10,"(9, 10)",65
12156,17975,14,50,"(14, 50)",83
12157,22446,14,86,"(14, 86)",84
12158,18374,14,86,"(14, 86)",84
12159,2123,38,19,"(38, 19)",211
12160,11935,38,19,"(38, 19)",211
12163,4108,28,73,"(28, 73)",166
12164,22955,52,19,"(52, 19)",277
12165,10808,33,81,"(33, 81)",188
12166,4680,26,13,"(26, 13)",144
12167,35411,23,78,"(23, 78)",133
12168,21969,23,78,"(23, 78)",133
12169,37431,18,104,"(18, 104)",111
12170,16923,1,96,"(1, 96)",11
12171,22045,15,16,"(15, 16)",87
12174,70,4,45,"(4, 45)",44
12175,4313,4,49,"(4, 49)",45
12176,28203,51,102,"(51, 102)",275
12179,23179,37,94,"(37, 94)",207
12182,35690,15,100,"(15, 100)",93
12183,29751,1,84,"(1, 84)",10
12184,9977,11,9,"(11, 9)",72
12186,3697,3,70,"(3, 70)",33
12187,26090,3,79,"(3, 79)",36
12191,35595,37,44,"(37, 44)",201
12193,7778,26,69,"(26, 69)",147
12194,17108,33,81,"(33, 81)",188
12197,24485,18,8,"(18, 8)",107
12198,2984,37,44,"(37, 44)",201
12203,2014,36,61,"(36, 61)",197
12205,4584,40,83,"(40, 83)",235
12206,9155,37,113,"(37, 113)",209
12207,9115,37,113,"(37, 113)",209
12209,33326,1,84,"(1, 84)",10
12211,2353,33,48,"(33, 48)",186
12212,30709,37,113,"(37, 113)",209
12214,6654,14,86,"(14, 86)",84
12217,31036,9,72,"(9, 72)",67
12218,10010,9,74,"(9, 74)",68
12221,2030,33,81,"(33, 81)",188
12222,5116,5,82,"(5, 82)",54
12223,1467,4,45,"(4, 45)",44
12224,4500,30,54,"(30, 54)",179
12225,9200,49,68,"(49, 68)",261
12228,26063,1,96,"(1, 96)",11
12229,10114,52,35,"(52, 35)",278
12230,36928,28,0,"(28, 0)",156
12231,9251,33,81,"(33, 81)",188
12233,6605,7,36,"(7, 36)",59
12234,9812,7,36,"(7, 36)",59
12235,1960,49,68,"(49, 68)",261
12236,959,37,50,"(37, 50)",202
12240,20493,26,88,"(26, 88)",149
12241,4192,26,88,"(26, 88)",149
12243,2532,40,20,"(40, 20)",226
12245,1502,21,83,"(21, 83)",124
12246,35521,58,92,"(58, 92)",288
12247,18924,3,47,"(3, 47)",30
12248,21887,48,1,"(48, 1)",252
12249,15372,48,1,"(48, 1)",252
12250,22186,54,46,"(54, 46)",285
12253,1835,54,46,"(54, 46)",285
12254,2140,54,46,"(54, 46)",285
12255,30088,42,92,"(42, 92)",241
12256,906,42,92,"(42, 92)",241
12257,3789,54,46,"(54, 46)",285
12263,9377,9,72,"(9, 72)",67
12264,34042,9,72,"(9, 72)",67
12266,5354,28,64,"(28, 64)",165
12267,28670,43,67,"(43, 67)",250
12268,10124,15,110,"(15, 110)",95
12270,34439,30,54,"(30, 54)",179
12272,2128,1,59,"(1, 59)",8
12273,14879,16,49,"(16, 49)",97
12274,5175,38,99,"(38, 99)",217
12280,18596,48,86,"(48, 86)",254
12281,18596,48,86,"(48, 86)",254
12282,22160,36,43,"(36, 43)",194
12285,15945,16,71,"(16, 71)",98
12286,6038,3,70,"(3, 70)",33
12287,29119,7,35,"(7, 35)",58
12290,21842,3,66,"(3, 66)",32
12291,36625,28,73,"(28, 73)",166
12292,23689,52,19,"(52, 19)",277
12293,2296,16,49,"(16, 49)",97
12298,12293,51,97,"(51, 97)",274
12299,7395,16,71,"(16, 71)",98
12300,35712,2,18,"(2, 18)",13
12303,20264,51,90,"(51, 90)",273
12304,326,51,112,"(51, 112)",276
12305,15009,23,44,"(23, 44)",131
12308,37452,14,10,"(14, 10)",81
12309,3116,14,86,"(14, 86)",84
12310,22139,42,109,"(42, 109)",244
12313,33199,23,5,"(23, 5)",127
12314,856,3,5,"(3, 5)",23
12315,33394,30,91,"(30, 91)",182
12321,22139,42,109,"(42, 109)",244
12322,34061,36,61,"(36, 61)",197
12323,33706,9,74,"(9, 74)",68
12326,21925,9,106,"(9, 106)",70
12327,20326,14,86,"(14, 86)",84
12328,13822,52,60,"(52, 60)",282
12329,6943,29,95,"(29, 95)",176
12333,5063,15,16,"(15, 16)",87
12334,27028,43,8,"(43, 8)",246
12336,25014,15,16,"(15, 16)",87
12337,1512,2,30,"(2, 30)",16
12338,29570,2,18,"(2, 18)",13
12340,13570,30,15,"(30, 15)",178
12341,13570,30,15,"(30, 15)",178
12342,18255,37,113,"(37, 113)",209
12343,12781,52,19,"(52, 19)",277
12344,25107,24,90,"(24, 90)",142
12345,11957,21,83,"(21, 83)",124
12346,36264,5,110,"(5, 110)",55
12347,10649,42,106,"(42, 106)",242
12348,32394,36,61,"(36, 61)",197
12349,15180,37,50,"(37, 50)",202
12353,20707,27,61,"(27, 61)",154
12354,32999,20,102,"(20, 102)",116
12355,33567,49,54,"(49, 54)",259
12356,21008,16,71,"(16, 71)",98
12360,20099,43,67,"(43, 67)",250
12361,7855,32,17,"(32, 17)",184
12362,18613,28,91,"(28, 91)",168
12363,12986,37,50,"(37, 50)",202
12366,27900,33,15,"(33, 15)",185
12367,32430,52,35,"(52, 35)",278
12368,9209,51,97,"(51, 97)",274
12371,8949,9,72,"(9, 72)",67
12372,24503,9,72,"(9, 72)",67
12373,13939,48,1,"(48, 1)",252
12376,4506,24,13,"(24, 13)",135
12377,24605,4,4,"(4, 4)",39
12379,22313,5,37,"(5, 37)",50
12380,33891,33,81,"(33, 81)",188
12381,30284,21,34,"(21, 34)",119
12382,4673,5,22,"(5, 22)",49
12383,9473,28,73,"(28, 73)",166
12384,17309,18,8,"(18, 8)",107
12385,35169,4,18,"(4, 18)",41
12387,17576,18,41,"(18, 41)",109
12388,13271,18,41,"(18, 41)",109
12389,16358,42,106,"(42, 106)",242
12390,18426,48,1,"(48, 1)",252
12391,4660,48,1,"(48, 1)",252
12396,10001,36,85,"(36, 85)",199
12397,16297,36,85,"(36, 85)",199
12398,568,23,113,"(23, 113)",134
12402,8949,9,72,"(9, 72)",67
12404,34378,28,3,"(28, 3)",157
12405,7093,21,34,"(21, 34)",119
12407,9919,28,31,"(28, 31)",164
12408,34026,15,100,"(15, 100)",93
12409,21245,5,82,"(5, 82)",54
12412,2685,39,98,"(39, 98)",221
12414,15654,51,102,"(51, 102)",275
12415,2978,40,51,"(40, 51)",230
12416,1590,51,97,"(51, 97)",274
12418,28974,15,107,"(15, 107)",94
12419,19472,21,57,"(21, 57)",120
12420,18106,18,41,"(18, 41)",109
12422,21634,18,41,"(18, 41)",109
12423,21634,18,41,"(18, 41)",109
12424,30925,39,103,"(39, 103)",223
12426,37584,49,89,"(49, 89)",262
12428,56,1,59,"(1, 59)",8
12429,10348,3,66,"(3, 66)",32
12432,10800,51,97,"(51, 97)",274
12434,9696,30,54,"(30, 54)",179
12435,19112,18,104,"(18, 104)",111
12436,30781,1,27,"(1, 27)",3
12439,8131,30,54,"(30, 54)",179
12441,9812,7,36,"(7, 36)",59
12442,19065,16,71,"(16, 71)",98
12443,11458,29,6,"(29, 6)",170
12444,4840,29,95,"(29, 95)",176
12447,32571,23,78,"(23, 78)",133
12448,31708,29,95,"(29, 95)",176
12449,3361,29,95,"(29, 95)",176
12450,33253,40,7,"(40, 7)",224
12451,5339,29,76,"(29, 76)",175
12455,14731,4,111,"(4, 111)",48
12458,620,43,8,"(43, 8)",246
12459,37485,4,45,"(4, 45)",44
12460,4971,4,4,"(4, 4)",39
12461,3967,15,66,"(15, 66)",90
12464,2679,36,43,"(36, 43)",194
12465,34645,36,43,"(36, 43)",194
12467,16415,52,42,"(52, 42)",281
12469,1703,39,103,"(39, 103)",223
12470,20648,52,36,"(52, 36)",279
12471,20648,52,36,"(52, 36)",279
12472,799,1,69,"(1, 69)",9
12474,6532,28,0,"(28, 0)",156
12475,6772,28,0,"(28, 0)",156
12477,13008,33,99,"(33, 99)",190
12478,14956,36,43,"(36, 43)",194
12479,20168,36,43,"(36, 43)",194
12480,12447,26,88,"(26, 88)",149
12482,33463,27,35,"(27, 35)",151
12483,18110,24,20,"(24, 20)",136
12486,32409,28,3,"(28, 3)",157
12488,7959,3,5,"(3, 5)",23
12490,22955,52,19,"(52, 19)",277
12496,1423,40,77,"(40, 77)",234
12497,7409,43,91,"(43, 91)",251
12499,34960,37,63,"(37, 63)",204
12500,9393,37,63,"(37, 63)",204
12501,17615,36,85,"(36, 85)",199
12504,33630,54,46,"(54, 46)",285
12505,11019,36,43,"(36, 43)",194
12507,781,28,105,"(28, 105)",169
12509,16788,38,19,"(38, 19)",211
12511,17407,15,16,"(15, 16)",87
12512,1556,4,49,"(4, 49)",45
12513,5048,20,102,"(20, 102)",116
12515,23429,38,99,"(38, 99)",217
12519,16116,42,92,"(42, 92)",241
12520,18834,21,57,"(21, 57)",120
12521,20638,36,35,"(36, 35)",193
12523,13986,49,68,"(49, 68)",261
12524,16231,11,9,"(11, 9)",72
12526,18196,14,94,"(14, 94)",85
12527,19081,17,52,"(17, 52)",103
12529,4946,15,37,"(15, 37)",88
12530,14757,1,59,"(1, 59)",8
12532,11875,24,20,"(24, 20)",136
12533,23128,38,19,"(38, 19)",211
12534,32135,33,15,"(33, 15)",185
12536,35515,49,89,"(49, 89)",262
12538,32336,40,28,"(40, 28)",229
12543,11744,28,6,"(28, 6)",158
12544,31232,28,6,"(28, 6)",158
12545,33466,28,25,"(28, 25)",161
12546,32775,28,25,"(28, 25)",161
12547,24732,21,57,"(21, 57)",120
12549,24356,15,107,"(15, 107)",94
12550,6200,24,51,"(24, 51)",139
12551,12967,4,84,"(4, 84)",47
12554,31358,9,92,"(9, 92)",69
12555,821,9,92,"(9, 92)",69
12556,20424,36,46,"(36, 46)",195
12558,5221,30,54,"(30, 54)",179
12559,33469,42,92,"(42, 92)",241
12561,23300,28,91,"(28, 91)",168
12563,10162,16,38,"(16, 38)",96
12564,27042,42,92,"(42, 92)",241
12565,5366,9,1,"(9, 1)",63
12566,19714,9,74,"(9, 74)",68
12569,19627,20,102,"(20, 102)",116
12572,9181,32,17,"(32, 17)",184
12573,2410,29,6,"(29, 6)",170
12574,3236,2,18,"(2, 18)",13
12575,3236,2,18,"(2, 18)",13
12577,4502,4,45,"(4, 45)",44
12578,4360,4,45,"(4, 45)",44
12579,24572,51,97,"(51, 97)",274
12580,30862,30,54,"(30, 54)",179
12581,4086,9,1,"(9, 1)",63
12582,6487,48,86,"(48, 86)",254
12583,26314,21,34,"(21, 34)",119
12585,23767,37,94,"(37, 94)",207
12586,15854,37,94,"(37, 94)",207
12588,16988,54,46,"(54, 46)",285
12589,32974,2,18,"(2, 18)",13
12590,21563,4,11,"(4, 11)",40
12592,5884,30,54,"(30, 54)",179
12593,14280,38,33,"(38, 33)",212
12594,14281,38,33,"(38, 33)",212
12595,1520,3,66,"(3, 66)",32
12596,22181,20,102,"(20, 102)",116
12599,31333,2,18,"(2, 18)",13
12600,3,5,82,"(5, 82)",54
12603,2083,15,82,"(15, 82)",92
12604,10780,3,47,"(3, 47)",30
12605,31905,18,105,"(18, 105)",112
12606,21514,24,97,"(24, 97)",143
12611,11699,9,72,"(9, 72)",67
12612,17018,18,8,"(18, 8)",107
12613,10298,39,103,"(39, 103)",223
12614,21964,21,83,"(21, 83)",124
12615,10298,39,103,"(39, 103)",223
12616,31620,39,103,"(39, 103)",223
12618,36380,3,47,"(3, 47)",30
12620,20685,11,9,"(11, 9)",72
12621,23867,16,38,"(16, 38)",96
12622,9127,15,66,"(15, 66)",90
12623,20353,18,104,"(18, 104)",111
12624,7753,11,69,"(11, 69)",76
12625,7753,11,69,"(11, 69)",76
12626,14195,3,70,"(3, 70)",33
12627,2902,49,89,"(49, 89)",262
12630,4916,37,50,"(37, 50)",202
12634,11447,51,9,"(51, 9)",269
12635,24308,40,28,"(40, 28)",229
12636,19403,23,40,"(23, 40)",130
12637,23916,36,35,"(36, 35)",193
12638,17733,4,45,"(4, 45)",44
12641,22600,43,8,"(43, 8)",246
12642,22600,43,8,"(43, 8)",246
12645,24638,37,50,"(37, 50)",202
12646,26547,42,50,"(42, 50)",238
12650,10807,3,70,"(3, 70)",33
12651,26432,51,112,"(51, 112)",276
12653,10741,15,16,"(15, 16)",87
12655,33144,40,7,"(40, 7)",224
12656,9295,24,90,"(24, 90)",142
12657,10963,5,45,"(5, 45)",52
12658,6605,7,36,"(7, 36)",59
12659,13339,39,103,"(39, 103)",223
12660,22500,15,100,"(15, 100)",93
12664,15229,51,80,"(51, 80)",271
12665,28863,30,91,"(30, 91)",182
12666,4813,30,91,"(30, 91)",182
12668,21255,2,0,"(2, 0)",12
12669,2188,38,33,"(38, 33)",212
12670,13356,15,107,"(15, 107)",94
12671,9125,15,107,"(15, 107)",94
12672,27565,33,48,"(33, 48)",186
12673,3999,38,33,"(38, 33)",212
12674,20739,51,80,"(51, 80)",271
12676,8648,49,89,"(49, 89)",262
12677,13754,38,19,"(38, 19)",211
12678,3258,38,99,"(38, 99)",217
12679,22091,28,0,"(28, 0)",156
12680,10368,15,107,"(15, 107)",94
12681,5186,52,75,"(52, 75)",283
12682,3036,23,78,"(23, 78)",133
12683,3036,23,78,"(23, 78)",133
12686,12663,1,27,"(1, 27)",3
12688,1680,49,89,"(49, 89)",262
12689,1681,49,89,"(49, 89)",262
12692,22092,15,107,"(15, 107)",94
12693,33384,42,106,"(42, 106)",242
12694,30818,42,106,"(42, 106)",242
12697,31813,9,72,"(9, 72)",67
12698,19844,9,72,"(9, 72)",67
12699,8810,30,54,"(30, 54)",179
12700,23180,38,19,"(38, 19)",211
12701,1686,3,66,"(3, 66)",32
12702,15842,11,9,"(11, 9)",72
12703,670,51,112,"(51, 112)",276
12704,36415,51,112,"(51, 112)",276
12705,56,1,59,"(1, 59)",8
12706,6910,40,88,"(40, 88)",236
12707,881,40,88,"(40, 88)",236
12708,11832,48,1,"(48, 1)",252
12710,430,26,88,"(26, 88)",149
12711,9146,4,59,"(4, 59)",46
12712,1315,43,67,"(43, 67)",250
12713,1315,43,67,"(43, 67)",250
12714,32967,3,70,"(3, 70)",33
12718,15562,30,54,"(30, 54)",179
12719,10094,1,96,"(1, 96)",11
12720,23663,1,96,"(1, 96)",11
12721,16827,36,61,"(36, 61)",197
12725,3828,43,91,"(43, 91)",251
12726,8765,43,8,"(43, 8)",246
12727,23301,39,103,"(39, 103)",223
12728,12182,52,19,"(52, 19)",277
12729,5285,18,41,"(18, 41)",109
12730,16377,24,90,"(24, 90)",142
12731,33961,1,84,"(1, 84)",10
12732,18137,4,59,"(4, 59)",46
12736,22312,5,37,"(5, 37)",50
12737,26947,16,82,"(16, 82)",99
12738,1207,24,13,"(24, 13)",135
12739,2601,24,13,"(24, 13)",135
12740,8525,27,35,"(27, 35)",151
12741,10844,18,41,"(18, 41)",109
12742,14155,37,50,"(37, 50)",202
12743,4319,28,25,"(28, 25)",161
12746,35216,17,52,"(17, 52)",103
12747,5725,42,106,"(42, 106)",242
12748,4704,24,13,"(24, 13)",135
12749,15393,51,13,"(51, 13)",270
12750,16119,40,62,"(40, 62)",232
12751,15406,51,9,"(51, 9)",269
12752,6780,4,45,"(4, 45)",44
12753,1458,3,47,"(3, 47)",30
12754,21906,21,83,"(21, 83)",124
12755,10096,42,92,"(42, 92)",241
12756,8702,48,10,"(48, 10)",253
12757,18492,48,10,"(48, 10)",253
12758,15365,15,16,"(15, 16)",87
12759,14043,33,15,"(33, 15)",185
12760,1370,39,103,"(39, 103)",223
12761,21908,11,9,"(11, 9)",72
12762,6289,3,70,"(3, 70)",33
12763,3569,21,83,"(21, 83)",124
12766,29366,42,58,"(42, 58)",239
12767,15236,42,63,"(42, 63)",240
12768,20857,42,109,"(42, 109)",244
12769,28509,37,106,"(37, 106)",208
12770,37440,21,58,"(21, 58)",121
12771,18026,26,69,"(26, 69)",147
12772,14842,17,52,"(17, 52)",103
12773,1632,30,54,"(30, 54)",179
12774,26108,30,54,"(30, 54)",179
12775,35123,29,95,"(29, 95)",176
12776,20007,40,77,"(40, 77)",234
12777,23785,28,3,"(28, 3)",157
12779,17735,9,72,"(9, 72)",67
12780,29560,21,58,"(21, 58)",121
12782,14613,52,60,"(52, 60)",282
12783,25359,52,60,"(52, 60)",282
12784,36558,5,82,"(5, 82)",54
12785,35030,43,67,"(43, 67)",250
12786,32933,2,65,"(2, 65)",19
12787,29581,29,95,"(29, 95)",176
12789,3998,58,92,"(58, 92)",288
12791,30530,37,50,"(37, 50)",202
12792,2373,5,82,"(5, 82)",54
12796,15604,42,109,"(42, 109)",244
12797,20407,40,88,"(40, 88)",236
12798,6521,33,48,"(33, 48)",186
12799,26504,33,48,"(33, 48)",186
12800,142,5,49,"(5, 49)",53
12801,4962,24,69,"(24, 69)",141
12802,2656,33,81,"(33, 81)",188
12803,25599,33,81,"(33, 81)",188
12805,12944,5,45,"(5, 45)",52
12806,730,5,45,"(5, 45)",52
12808,9904,18,17,"(18, 17)",108
12810,10310,52,60,"(52, 60)",282
12811,22903,37,113,"(37, 113)",209
12812,31327,28,0,"(28, 0)",156
12813,18805,51,90,"(51, 90)",273
12814,33260,51,112,"(51, 112)",276
12815,18032,40,12,"(40, 12)",225
12816,36931,40,12,"(40, 12)",225
12818,104,42,50,"(42, 50)",238
12820,13063,21,58,"(21, 58)",121
12821,11867,20,53,"(20, 53)",114
12822,2705,20,53,"(20, 53)",114
12823,15559,52,60,"(52, 60)",282
12825,14346,28,3,"(28, 3)",157
12826,18887,28,64,"(28, 64)",165
12828,19450,14,86,"(14, 86)",84
12829,23842,14,86,"(14, 86)",84
12832,987,40,51,"(40, 51)",230
12833,987,40,51,"(40, 51)",230
12835,26145,21,12,"(21, 12)",117
12836,2077,3,47,"(3, 47)",30
12837,5599,40,12,"(40, 12)",225
12838,9777,3,47,"(3, 47)",30
12848,36196,9,74,"(9, 74)",68
12851,12067,2,26,"(2, 26)",15
12853,13305,28,64,"(28, 64)",165
12854,32880,28,64,"(28, 64)",165
12855,30742,7,35,"(7, 35)",58
12856,13346,33,81,"(33, 81)",188
12857,9544,15,82,"(15, 82)",92
12859,24241,14,86,"(14, 86)",84
12860,34376,4,11,"(4, 11)",40
12861,3186,26,69,"(26, 69)",147
12862,30794,37,113,"(37, 113)",209
12864,10923,15,37,"(15, 37)",88
12865,23315,17,52,"(17, 52)",103
12867,5791,3,66,"(3, 66)",32
12868,12781,52,19,"(52, 19)",277
12870,26561,23,44,"(23, 44)",131
12871,34934,18,17,"(18, 17)",108
12872,33821,18,17,"(18, 17)",108
12873,22201,18,41,"(18, 41)",109
12874,23592,1,84,"(1, 84)",10
12875,35266,49,91,"(49, 91)",263
12876,684,20,102,"(20, 102)",116
12877,25329,39,98,"(39, 98)",221
12878,17148,4,4,"(4, 4)",39
12880,2378,38,19,"(38, 19)",211
12881,37646,39,103,"(39, 103)",223
12883,15214,38,33,"(38, 33)",212
12884,7184,40,7,"(40, 7)",224
12886,35752,2,93,"(2, 93)",21
12892,22751,18,41,"(18, 41)",109
12894,566,24,13,"(24, 13)",135
12897,16941,29,30,"(29, 30)",173
12900,4091,27,75,"(27, 75)",155
12902,19667,40,77,"(40, 77)",234
12903,32605,54,46,"(54, 46)",285
12904,21771,11,9,"(11, 9)",72
12905,7381,4,45,"(4, 45)",44
12907,25195,33,81,"(33, 81)",188
12908,629,15,66,"(15, 66)",90
12909,842,15,66,"(15, 66)",90
12910,8113,28,91,"(28, 91)",168
12912,1117,24,51,"(24, 51)",139
12913,26947,15,82,"(15, 82)",92
12914,13500,2,18,"(2, 18)",13
12915,34029,2,18,"(2, 18)",13
12916,7781,50,102,"(50, 102)",268
12917,26744,43,8,"(43, 8)",246
12918,14208,15,100,"(15, 100)",93
12919,6635,5,49,"(5, 49)",53
12920,23424,3,96,"(3, 96)",38
12926,8787,3,47,"(3, 47)",30
12927,4145,3,70,"(3, 70)",33
12928,10281,40,20,"(40, 20)",226
12930,35976,37,44,"(37, 44)",201
12931,8029,21,34,"(21, 34)",119
12932,775,11,23,"(11, 23)",73
12934,34479,33,48,"(33, 48)",186
12935,1925,52,39,"(52, 39)",280
12937,25544,40,28,"(40, 28)",229
12939,35090,52,39,"(52, 39)",280
12940,18123,18,41,"(18, 41)",109
12941,18123,18,41,"(18, 41)",109
12942,18297,37,50,"(37, 50)",202
12943,134,37,50,"(37, 50)",202
12944,8506,14,2,"(14, 2)",80
12946,8607,18,105,"(18, 105)",112
12947,23436,33,81,"(33, 81)",188
12948,20425,18,41,"(18, 41)",109
12951,7262,38,98,"(38, 98)",216
12952,6752,38,98,"(38, 98)",216
12953,19905,51,90,"(51, 90)",273
12954,21866,51,90,"(51, 90)",273
12955,14287,37,50,"(37, 50)",202
12956,12737,37,44,"(37, 44)",201
12957,12638,40,77,"(40, 77)",234
12961,1385,14,2,"(14, 2)",80
12962,37140,14,2,"(14, 2)",80
12963,7902,52,36,"(52, 36)",279
12964,27315,51,102,"(51, 102)",275
12965,5532,1,84,"(1, 84)",10
12966,15941,54,46,"(54, 46)",285
12967,2238,42,92,"(42, 92)",241
12968,14850,4,4,"(4, 4)",39
12969,22830,18,104,"(18, 104)",111
12971,8474,51,90,"(51, 90)",273
12973,1884,33,48,"(33, 48)",186
12977,8450,30,15,"(30, 15)",178
12978,34297,33,81,"(33, 81)",188
12980,16885,18,104,"(18, 104)",111
12981,9381,4,84,"(4, 84)",47
12982,10807,3,70,"(3, 70)",33
12983,23568,38,19,"(38, 19)",211
12984,17054,37,113,"(37, 113)",209
12987,31332,40,7,"(40, 7)",224
12988,13733,5,82,"(5, 82)",54
12989,14819,48,1,"(48, 1)",252
12991,14097,48,1,"(48, 1)",252
12992,23096,48,1,"(48, 1)",252
12994,4103,28,3,"(28, 3)",157
12995,4828,37,50,"(37, 50)",202
12996,9585,28,64,"(28, 64)",165
12997,2248,30,91,"(30, 91)",182
12998,37487,50,102,"(50, 102)",268
12999,7945,14,2,"(14, 2)",80
13000,22930,14,2,"(14, 2)",80
13003,1822,30,91,"(30, 91)",182
13004,10576,3,47,"(3, 47)",30
13006,5606,21,12,"(21, 12)",117
13007,36704,21,12,"(21, 12)",117
13008,33261,4,45,"(4, 45)",44
13010,2644,28,25,"(28, 25)",161
13011,31449,4,111,"(4, 111)",48
13012,31283,30,54,"(30, 54)",179
13015,17853,40,7,"(40, 7)",224
13016,30339,40,28,"(40, 28)",229
13017,34251,40,12,"(40, 12)",225
13018,26019,17,59,"(17, 59)",104
13019,35308,2,18,"(2, 18)",13
13020,4208,30,91,"(30, 91)",182
13021,22744,30,91,"(30, 91)",182
13026,19015,24,90,"(24, 90)",142
13027,6793,24,90,"(24, 90)",142
13028,3148,4,4,"(4, 4)",39
13030,11232,18,41,"(18, 41)",109
13031,1440,20,53,"(20, 53)",114
13032,1440,20,53,"(20, 53)",114
13034,17973,52,60,"(52, 60)",282
13037,27392,18,104,"(18, 104)",111
13040,35119,17,29,"(17, 29)",100
13041,21019,26,88,"(26, 88)",149
13042,28580,4,59,"(4, 59)",46
13043,25749,27,75,"(27, 75)",155
13044,11832,48,1,"(48, 1)",252
13045,11832,48,1,"(48, 1)",252
13046,5997,5,45,"(5, 45)",52
13047,34392,28,3,"(28, 3)",157
13048,19469,15,107,"(15, 107)",94
13049,21492,51,90,"(51, 90)",273
13050,35814,23,78,"(23, 78)",133
13051,14745,23,24,"(23, 24)",129
13052,979,11,23,"(11, 23)",73
13053,53,40,77,"(40, 77)",234
13054,3586,29,104,"(29, 104)",177
13058,7012,1,59,"(1, 59)",8
13059,13098,3,79,"(3, 79)",36
13060,20760,28,25,"(28, 25)",161
13061,3871,29,30,"(29, 30)",173
13065,35782,42,109,"(42, 109)",244
13066,22928,36,35,"(36, 35)",193
13067,23584,42,106,"(42, 106)",242
13068,1482,15,66,"(15, 66)",90
13069,10161,36,35,"(36, 35)",193
13071,10987,52,60,"(52, 60)",282
13072,36288,43,67,"(43, 67)",250
13073,36288,43,67,"(43, 67)",250
13074,27323,24,13,"(24, 13)",135
13075,8611,43,91,"(43, 91)",251
13076,18273,43,91,"(43, 91)",251
13077,8302,36,61,"(36, 61)",197
13078,12217,36,61,"(36, 61)",197
13079,435,4,45,"(4, 45)",44
13082,37663,33,48,"(33, 48)",186
13083,34609,18,104,"(18, 104)",111
13084,5887,15,100,"(15, 100)",93
13086,2254,29,30,"(29, 30)",173
13087,10003,39,36,"(39, 36)",220
13088,4345,5,22,"(5, 22)",49
13089,6019,5,22,"(5, 22)",49
13090,13437,3,70,"(3, 70)",33
13091,10109,36,35,"(36, 35)",193
13093,14367,37,50,"(37, 50)",202
13094,33923,36,61,"(36, 61)",197
13095,25670,38,19,"(38, 19)",211
13096,24076,37,63,"(37, 63)",204
13097,28475,39,103,"(39, 103)",223
13099,693,26,88,"(26, 88)",149
13103,7667,29,76,"(29, 76)",175
13104,518,29,76,"(29, 76)",175
13105,25958,3,70,"(3, 70)",33
13106,6316,40,12,"(40, 12)",225
13107,5702,51,80,"(51, 80)",271
13109,30063,9,72,"(9, 72)",67
13110,35190,51,97,"(51, 97)",274
13111,24377,40,77,"(40, 77)",234
13112,30736,37,78,"(37, 78)",206
13113,30737,37,78,"(37, 78)",206
13114,2246,28,105,"(28, 105)",169
13115,23420,1,96,"(1, 96)",11
13116,7855,32,17,"(32, 17)",184
13117,481,3,96,"(3, 96)",38
13118,10518,3,79,"(3, 79)",36
13119,11408,28,31,"(28, 31)",164
13120,2027,20,53,"(20, 53)",114
13121,2367,15,66,"(15, 66)",90
13122,841,50,80,"(50, 80)",267
13123,34457,21,58,"(21, 58)",121
13125,30616,54,46,"(54, 46)",285
13126,16942,36,85,"(36, 85)",199
13128,5338,15,55,"(15, 55)",89
13129,7784,15,66,"(15, 66)",90
13130,7656,28,73,"(28, 73)",166
13131,247,15,37,"(15, 37)",88
13132,21398,40,28,"(40, 28)",229
13133,9770,52,75,"(52, 75)",283
13134,7618,52,75,"(52, 75)",283
13140,920,20,102,"(20, 102)",116
13144,35521,58,92,"(58, 92)",288
13145,35521,58,92,"(58, 92)",288
13146,1121,4,11,"(4, 11)",40
13148,12437,52,75,"(52, 75)",283
13149,24935,36,61,"(36, 61)",197
13150,1456,37,113,"(37, 113)",209
13151,26145,21,12,"(21, 12)",117
13152,18811,49,89,"(49, 89)",262
13154,16112,40,12,"(40, 12)",225
13156,5564,9,106,"(9, 106)",70
13160,23985,50,102,"(50, 102)",268
13161,18918,1,59,"(1, 59)",8
13162,4261,26,69,"(26, 69)",147
13165,2692,37,113,"(37, 113)",209
13166,16173,28,25,"(28, 25)",161
13167,35764,28,25,"(28, 25)",161
13168,21494,4,4,"(4, 4)",39
13169,26578,1,59,"(1, 59)",8
13170,13139,43,91,"(43, 91)",251
13171,19854,40,7,"(40, 7)",224
13175,4105,3,66,"(3, 66)",32
13178,14182,36,61,"(36, 61)",197
13179,1111,15,107,"(15, 107)",94
13180,19664,38,33,"(38, 33)",212
13182,28127,17,52,"(17, 52)",103
13183,37417,17,59,"(17, 59)",104
13187,1906,21,58,"(21, 58)",121
13190,3006,28,105,"(28, 105)",169
13191,33497,28,31,"(28, 31)",164
13193,1763,20,14,"(20, 14)",113
13194,215,29,30,"(29, 30)",173
13195,33655,5,110,"(5, 110)",55
13197,33754,9,106,"(9, 106)",70
13202,10751,15,107,"(15, 107)",94
13203,772,15,107,"(15, 107)",94
13204,5904,52,36,"(52, 36)",279
13205,35530,37,44,"(37, 44)",201
13206,33047,37,44,"(37, 44)",201
13209,10734,48,10,"(48, 10)",253
13211,3244,40,7,"(40, 7)",224
13212,37037,40,7,"(40, 7)",224
13213,7836,3,47,"(3, 47)",30
13215,28864,40,28,"(40, 28)",229
13218,33143,52,60,"(52, 60)",282
13219,16626,29,76,"(29, 76)",175
13220,15292,8,36,"(8, 36)",62
13221,2543,51,97,"(51, 97)",274
13224,429,29,95,"(29, 95)",176
13225,23519,37,63,"(37, 63)",204
13226,320,28,105,"(28, 105)",169
13230,9803,16,38,"(16, 38)",96
13232,9352,49,68,"(49, 68)",261
13233,6561,49,68,"(49, 68)",261
13234,10424,1,20,"(1, 20)",2
13236,27603,52,60,"(52, 60)",282
13238,5265,3,70,"(3, 70)",33
13239,9385,30,54,"(30, 54)",179
13240,33750,42,106,"(42, 106)",242
13241,31385,1,59,"(1, 59)",8
13242,17242,26,69,"(26, 69)",147
13245,25945,14,86,"(14, 86)",84
13246,17685,4,49,"(4, 49)",45
13247,27959,49,89,"(49, 89)",262
13248,24188,49,89,"(49, 89)",262
13249,9125,15,107,"(15, 107)",94
13251,6905,15,100,"(15, 100)",93
13252,1566,11,23,"(11, 23)",73
13254,10365,15,82,"(15, 82)",92
13255,36446,15,55,"(15, 55)",89
13257,23221,29,95,"(29, 95)",176
13258,28652,29,95,"(29, 95)",176
13261,31855,33,48,"(33, 48)",186
13262,35942,4,45,"(4, 45)",44
13263,7378,28,26,"(28, 26)",162
13265,8933,4,4,"(4, 4)",39
13266,8427,18,41,"(18, 41)",109
13268,22059,15,107,"(15, 107)",94
13270,32837,32,17,"(32, 17)",184
13272,23015,39,98,"(39, 98)",221
13274,27997,23,40,"(23, 40)",130
13275,13511,43,67,"(43, 67)",250
13276,34496,43,67,"(43, 67)",250
13283,26837,38,101,"(38, 101)",218
13286,5021,30,15,"(30, 15)",178
13288,33413,23,24,"(23, 24)",129
13290,12531,48,10,"(48, 10)",253
13293,24759,18,17,"(18, 17)",108
13294,25903,51,9,"(51, 9)",269
13295,15687,1,96,"(1, 96)",11
13296,22298,21,58,"(21, 58)",121
13297,34513,54,46,"(54, 46)",285
13298,13225,39,36,"(39, 36)",220
13299,13788,36,35,"(36, 35)",193
13300,34021,17,52,"(17, 52)",103
13301,31546,52,19,"(52, 19)",277
13304,23854,15,16,"(15, 16)",87
13305,13764,18,105,"(18, 105)",112
13309,18942,38,33,"(38, 33)",212
13310,3218,38,33,"(38, 33)",212
13311,8749,15,55,"(15, 55)",89
13312,1897,15,55,"(15, 55)",89
13313,17973,52,60,"(52, 60)",282
13314,3328,4,45,"(4, 45)",44
13315,3328,4,45,"(4, 45)",44
13316,32157,28,6,"(28, 6)",158
13319,3104,51,9,"(51, 9)",269
13322,30470,23,24,"(23, 24)",129
13324,2973,28,6,"(28, 6)",158
13327,860,54,46,"(54, 46)",285
13328,861,54,46,"(54, 46)",285
13330,13826,28,105,"(28, 105)",169
13331,35325,15,100,"(15, 100)",93
13332,30462,2,0,"(2, 0)",12
13334,24371,21,57,"(21, 57)",120
13335,19230,51,13,"(51, 13)",270
13336,25330,51,13,"(51, 13)",270
13345,5579,32,17,"(32, 17)",184
13346,11807,3,70,"(3, 70)",33
13347,24843,24,13,"(24, 13)",135
13348,24588,52,36,"(52, 36)",279
13349,11458,29,6,"(29, 6)",170
13350,21847,30,15,"(30, 15)",178
13351,20363,17,52,"(17, 52)",103
13354,4814,42,108,"(42, 108)",243
13355,4814,42,108,"(42, 108)",243
13356,92,37,114,"(37, 114)",210
13358,2004,9,72,"(9, 72)",67
13359,33378,16,38,"(16, 38)",96
13360,22646,21,62,"(21, 62)",122
13362,21066,24,20,"(24, 20)",136
13364,4038,42,106,"(42, 106)",242
13365,20857,21,109,"(21, 109)",126
13366,1899,48,10,"(48, 10)",253
13367,6374,28,25,"(28, 25)",161
13368,19879,51,97,"(51, 97)",274
13369,7821,42,108,"(42, 108)",243
13371,2930,5,49,"(5, 49)",53
13375,24732,21,57,"(21, 57)",120
13376,8927,21,83,"(21, 83)",124
13377,13511,43,67,"(43, 67)",250
13379,6969,21,58,"(21, 58)",121
13382,3326,3,7,"(3, 7)",24
13383,34497,54,46,"(54, 46)",285
13390,4425,43,8,"(43, 8)",246
13391,4425,43,8,"(43, 8)",246
13393,20255,17,32,"(17, 32)",101
13394,12364,17,52,"(17, 52)",103
13396,3289,26,69,"(26, 69)",147
13397,5941,23,56,"(23, 56)",132
13398,10944,43,8,"(43, 8)",246
13402,10295,16,49,"(16, 49)",97
13403,1466,38,19,"(38, 19)",211
13404,1014,38,99,"(38, 99)",217
13405,5541,26,88,"(26, 88)",149
13406,8375,21,58,"(21, 58)",121
13409,13339,39,103,"(39, 103)",223
13410,13798,49,89,"(49, 89)",262
13411,22669,21,83,"(21, 83)",124
13413,5341,30,91,"(30, 91)",182
13414,2520,1,59,"(1, 59)",8
13418,7196,2,65,"(2, 65)",19
13420,10808,33,81,"(33, 81)",188
13421,36732,15,100,"(15, 100)",93
13425,3711,5,45,"(5, 45)",52
13426,27487,42,106,"(42, 106)",242
13428,6174,1,96,"(1, 96)",11
13433,13327,16,38,"(16, 38)",96
13434,4385,15,82,"(15, 82)",92
13435,2485,5,37,"(5, 37)",50
13436,13392,5,37,"(5, 37)",50
13437,6077,38,33,"(38, 33)",212
13438,295,38,60,"(38, 60)",215
13439,1862,28,6,"(28, 6)",158
13443,26556,52,35,"(52, 35)",278
13446,7083,4,45,"(4, 45)",44
13447,23702,15,16,"(15, 16)",87
13448,14552,33,81,"(33, 81)",188
13450,25628,38,99,"(38, 99)",217
13451,565,28,105,"(28, 105)",169
13452,28310,9,72,"(9, 72)",67
13455,11049,5,37,"(5, 37)",50
13456,6808,5,37,"(5, 37)",50
13457,27417,32,17,"(32, 17)",184
13458,20142,28,64,"(28, 64)",165
13464,21001,11,9,"(11, 9)",72
13466,34929,39,98,"(39, 98)",221
13468,4582,48,1,"(48, 1)",252
13471,35242,23,44,"(23, 44)",131
13472,19221,3,96,"(3, 96)",38
13473,10789,49,89,"(49, 89)",262
13475,13576,9,10,"(9, 10)",65
13477,31862,4,32,"(4, 32)",43
13478,4704,24,13,"(24, 13)",135
13479,6870,9,72,"(9, 72)",67
13482,7402,5,45,"(5, 45)",52
13483,8023,28,91,"(28, 91)",168
13484,25308,1,27,"(1, 27)",3
13487,35415,3,47,"(3, 47)",30
13489,17227,43,8,"(43, 8)",246
13492,22431,51,97,"(51, 97)",274
13495,21771,11,9,"(11, 9)",72
13498,14109,40,77,"(40, 77)",234
13500,19456,4,45,"(4, 45)",44
13502,1701,38,33,"(38, 33)",212
13503,464,3,78,"(3, 78)",35
13504,20967,17,32,"(17, 32)",101
13510,2697,37,50,"(37, 50)",202
13513,34024,54,46,"(54, 46)",285
13514,24026,38,19,"(38, 19)",211
13517,10015,33,48,"(33, 48)",186
13521,3690,42,24,"(42, 24)",237
13522,21401,42,24,"(42, 24)",237
13523,32655,39,103,"(39, 103)",223
13526,3736,39,103,"(39, 103)",223
13527,36719,11,9,"(11, 9)",72
13528,35627,33,81,"(33, 81)",188
13530,10922,26,69,"(26, 69)",147
13531,388,49,89,"(49, 89)",262
13534,20857,21,109,"(21, 109)",126
13536,10298,39,103,"(39, 103)",223
13541,1151,3,78,"(3, 78)",35
13542,33785,15,100,"(15, 100)",93
13546,11586,52,36,"(52, 36)",279
13547,16634,3,79,"(3, 79)",36
13548,5366,48,1,"(48, 1)",252
13550,32020,9,106,"(9, 106)",70
13551,17171,43,67,"(43, 67)",250
13552,17171,43,67,"(43, 67)",250
13553,1963,38,19,"(38, 19)",211
13554,20185,24,27,"(24, 27)",138
13556,3009,36,61,"(36, 61)",197
13558,7834,30,91,"(30, 91)",182
13559,10297,40,77,"(40, 77)",234
13560,16098,18,104,"(18, 104)",111
13562,13861,40,77,"(40, 77)",234
13563,28915,11,9,"(11, 9)",72
13564,16294,15,100,"(15, 100)",93
13565,2085,51,90,"(51, 90)",273
13566,2976,11,23,"(11, 23)",73
13567,33734,4,11,"(4, 11)",40
13568,16415,52,42,"(52, 42)",281
13570,2753,9,72,"(9, 72)",67
13574,17868,38,42,"(38, 42)",213
13575,1934,15,16,"(15, 16)",87
13580,14948,40,20,"(40, 20)",226
13581,21401,40,24,"(40, 24)",228
13582,5383,3,38,"(3, 38)",28
13584,4787,29,6,"(29, 6)",170
13587,7774,37,44,"(37, 44)",201
13589,2531,52,60,"(52, 60)",282
13590,12927,4,45,"(4, 45)",44
13592,34370,15,66,"(15, 66)",90
13593,16562,26,88,"(26, 88)",149
13594,11538,37,106,"(37, 106)",208
13598,22133,42,92,"(42, 92)",241
13601,33351,51,80,"(51, 80)",271
13605,11380,27,75,"(27, 75)",155
13606,2291,28,105,"(28, 105)",169
13607,10733,15,100,"(15, 100)",93
13608,17583,36,43,"(36, 43)",194
13614,35147,48,1,"(48, 1)",252
13615,16709,4,45,"(4, 45)",44
13617,5334,33,81,"(33, 81)",188
13618,9173,40,20,"(40, 20)",226
13619,1224,4,11,"(4, 11)",40
13620,34010,28,0,"(28, 0)",156
13622,37371,14,86,"(14, 86)",84
13623,28397,14,86,"(14, 86)",84
13625,33267,54,46,"(54, 46)",285
13629,10172,18,6,"(18, 6)",106
13630,8189,18,41,"(18, 41)",109
13632,14356,15,107,"(15, 107)",94
13633,33582,28,25,"(28, 25)",161
13634,14041,42,108,"(42, 108)",243
13635,20840,24,90,"(24, 90)",142
13637,1707,30,91,"(30, 91)",182
13639,7367,51,9,"(51, 9)",269
13640,17375,21,34,"(21, 34)",119
13641,15734,49,68,"(49, 68)",261
13642,4181,49,68,"(49, 68)",261
13643,27747,30,91,"(30, 91)",182
13644,13347,15,107,"(15, 107)",94
13646,12443,9,74,"(9, 74)",68
13647,34952,4,4,"(4, 4)",39
13648,399,48,1,"(48, 1)",252
13649,13766,50,80,"(50, 80)",267
13652,34742,28,91,"(28, 91)",168
13655,14124,36,85,"(36, 85)",199
13656,16858,1,27,"(1, 27)",3
13657,20461,38,101,"(38, 101)",218
13658,8950,30,54,"(30, 54)",179
13659,21921,17,29,"(17, 29)",100
13660,33683,32,17,"(32, 17)",184
13664,6373,20,102,"(20, 102)",116
13668,13671,28,25,"(28, 25)",161
13670,8145,40,20,"(40, 20)",226
13672,6943,29,95,"(29, 95)",176
13675,30405,36,75,"(36, 75)",198
13676,34980,24,20,"(24, 20)",136
13677,16709,4,45,"(4, 45)",44
13678,1615,1,84,"(1, 84)",10
13679,15969,1,84,"(1, 84)",10
13680,17628,33,99,"(33, 99)",190
13681,8475,28,3,"(28, 3)",157
13682,560,42,106,"(42, 106)",242
13686,6623,33,54,"(33, 54)",187
13689,1591,2,93,"(2, 93)",21
13690,18091,42,108,"(42, 108)",243
13693,33878,37,114,"(37, 114)",210
13697,17683,9,10,"(9, 10)",65
13698,17683,9,10,"(9, 10)",65
13701,12938,16,82,"(16, 82)",99
13703,21604,33,81,"(33, 81)",188
13704,4233,33,48,"(33, 48)",186
13708,26504,33,48,"(33, 48)",186
13709,23624,52,42,"(52, 42)",281
13711,5790,3,66,"(3, 66)",32
13712,18243,38,19,"(38, 19)",211
13714,16637,9,72,"(9, 72)",67
13715,2553,33,98,"(33, 98)",189
13716,3523,33,98,"(33, 98)",189
13717,22132,37,113,"(37, 113)",209
13718,9915,28,64,"(28, 64)",165
13720,28163,7,101,"(7, 101)",61
13724,22048,1,96,"(1, 96)",11
13725,27951,52,36,"(52, 36)",279
13726,17437,4,4,"(4, 4)",39
13728,6311,36,61,"(36, 61)",197
13733,8839,51,112,"(51, 112)",276
13734,33416,28,0,"(28, 0)",156
13735,4891,30,54,"(30, 54)",179
13736,17982,3,70,"(3, 70)",33
13737,1947,40,28,"(40, 28)",229
13743,22206,11,62,"(11, 62)",75
13744,25108,21,83,"(21, 83)",124
13746,11610,2,18,"(2, 18)",13
13751,1916,43,8,"(43, 8)",246
13755,36380,3,47,"(3, 47)",30
13756,16536,52,60,"(52, 60)",282
13757,34553,49,89,"(49, 89)",262
13758,34553,49,89,"(49, 89)",262
13759,12,28,3,"(28, 3)",157
13760,17408,40,12,"(40, 12)",225
13761,6223,15,107,"(15, 107)",94
13763,14210,4,45,"(4, 45)",44
13764,10213,24,13,"(24, 13)",135
13769,12829,15,55,"(15, 55)",89
13770,14232,48,10,"(48, 10)",253
13775,27959,49,89,"(49, 89)",262
13776,35697,40,28,"(40, 28)",229
13777,16908,24,90,"(24, 90)",142
13779,13030,23,40,"(23, 40)",130
13780,1852,43,8,"(43, 8)",246
13781,6082,15,107,"(15, 107)",94
13783,24025,14,2,"(14, 2)",80
13785,1858,28,25,"(28, 25)",161
13786,34408,28,31,"(28, 31)",164
13787,4036,28,31,"(28, 31)",164
13788,7703,1,96,"(1, 96)",11
13789,33413,23,24,"(23, 24)",129
13791,28325,33,15,"(33, 15)",185
13792,37570,37,50,"(37, 50)",202
13793,12945,37,50,"(37, 50)",202
13794,248,15,37,"(15, 37)",88
13795,7790,16,71,"(16, 71)",98
13798,19676,43,67,"(43, 67)",250
13799,24063,43,67,"(43, 67)",250
13800,19275,1,27,"(1, 27)",3
13802,16609,26,97,"(26, 97)",150
13803,29485,23,78,"(23, 78)",133
13806,10600,16,82,"(16, 82)",99
13811,17720,36,85,"(36, 85)",199
13812,32635,43,67,"(43, 67)",250
13815,15623,28,21,"(28, 21)",160
13817,17707,16,49,"(16, 49)",97
13818,25911,36,43,"(36, 43)",194
13820,17393,37,50,"(37, 50)",202
13821,1089,3,78,"(3, 78)",35
13822,751,20,53,"(20, 53)",114
13823,1212,20,53,"(20, 53)",114
13824,12835,28,3,"(28, 3)",157
13825,5642,4,18,"(4, 18)",41
13826,30987,4,49,"(4, 49)",45
13827,20819,40,83,"(40, 83)",235
13828,1578,20,14,"(20, 14)",113
13829,5189,7,36,"(7, 36)",59
13830,16785,7,36,"(7, 36)",59
13832,3389,51,90,"(51, 90)",273
13834,35266,49,91,"(49, 91)",263
13842,18026,26,69,"(26, 69)",147
13844,14180,29,95,"(29, 95)",176
13846,1854,18,17,"(18, 17)",108
13849,11,29,30,"(29, 30)",173
13850,29581,29,95,"(29, 95)",176
13851,27831,16,82,"(16, 82)",99
13853,49,21,12,"(21, 12)",117
13854,9698,29,30,"(29, 30)",173
13855,13116,29,30,"(29, 30)",173
13856,30591,37,50,"(37, 50)",202
13858,23741,52,60,"(52, 60)",282
13861,16802,52,75,"(52, 75)",283
13863,21419,15,55,"(15, 55)",89
13864,7477,29,30,"(29, 30)",173
13865,18387,4,49,"(4, 49)",45
13866,2210,40,77,"(40, 77)",234
13870,23032,36,61,"(36, 61)",197
13872,3503,37,63,"(37, 63)",204
13873,24376,5,45,"(5, 45)",52
13874,2714,30,15,"(30, 15)",178
13875,35453,28,64,"(28, 64)",165
13879,34645,36,43,"(36, 43)",194
13880,2152,14,2,"(14, 2)",80
13881,35142,17,29,"(17, 29)",100
13882,12182,52,19,"(52, 19)",277
13883,17775,1,59,"(1, 59)",8
13885,13287,16,38,"(16, 38)",96
13886,19398,21,34,"(21, 34)",119
13887,22455,33,48,"(33, 48)",186
13888,23337,11,9,"(11, 9)",72
13890,15385,21,58,"(21, 58)",121
13891,29539,14,86,"(14, 86)",84
13898,1264,5,37,"(5, 37)",50
13899,10938,40,28,"(40, 28)",229
13900,23978,18,104,"(18, 104)",111
13901,35537,18,104,"(18, 104)",111
13903,32989,3,47,"(3, 47)",30
13904,4443,29,64,"(29, 64)",174
13905,15367,29,76,"(29, 76)",175
13906,18211,49,89,"(49, 89)",262
13907,13645,7,35,"(7, 35)",58
13908,22593,43,8,"(43, 8)",246
13910,5925,4,4,"(4, 4)",39
13911,35730,37,63,"(37, 63)",204
13912,12827,51,97,"(51, 97)",274
13913,20235,36,35,"(36, 35)",193
13916,34505,28,0,"(28, 0)",156
13917,22853,21,83,"(21, 83)",124
13918,6529,4,11,"(4, 11)",40
13919,4517,21,83,"(21, 83)",124
13921,15087,4,45,"(4, 45)",44
13925,27812,52,42,"(52, 42)",281
13926,27241,36,75,"(36, 75)",198
13929,20060,30,54,"(30, 54)",179
13930,35120,17,32,"(17, 32)",101
13931,21617,17,29,"(17, 29)",100
13932,37131,17,52,"(17, 52)",103
13937,26590,52,60,"(52, 60)",282
13938,35400,43,8,"(43, 8)",246
13941,13419,29,30,"(29, 30)",173
13942,3320,15,100,"(15, 100)",93
13943,20739,51,80,"(51, 80)",271
13944,98,51,80,"(51, 80)",271
13946,18740,33,54,"(33, 54)",187
13950,10368,15,107,"(15, 107)",94
13951,9543,1,84,"(1, 84)",10
13952,2107,7,101,"(7, 101)",61
13953,21671,15,16,"(15, 16)",87
13955,34496,43,67,"(43, 67)",250
13956,23890,51,13,"(51, 13)",270
13961,299,16,38,"(16, 38)",96
13962,36416,38,42,"(38, 42)",213
13964,6813,38,101,"(38, 101)",218
13965,13487,38,101,"(38, 101)",218
13966,1663,38,101,"(38, 101)",218
13967,36887,51,97,"(51, 97)",274
13974,31783,18,104,"(18, 104)",111
13975,2888,23,78,"(23, 78)",133
13976,26466,18,104,"(18, 104)",111
13977,36143,33,15,"(33, 15)",185
13978,27900,33,15,"(33, 15)",185
13979,15696,36,35,"(36, 35)",193
13980,23910,21,62,"(21, 62)",122
13981,5619,21,62,"(21, 62)",122
13982,8031,3,78,"(3, 78)",35
13983,15428,37,63,"(37, 63)",204
13984,32891,4,4,"(4, 4)",39
13986,25778,24,27,"(24, 27)",138
13987,18974,51,97,"(51, 97)",274
13993,12681,33,15,"(33, 15)",185
13996,28227,36,61,"(36, 61)",197
13997,16522,15,107,"(15, 107)",94
14000,6649,5,22,"(5, 22)",49
14002,1522,17,32,"(17, 32)",101
14004,4586,33,48,"(33, 48)",186
14006,11419,16,38,"(16, 38)",96
14007,15348,20,102,"(20, 102)",116
14008,34497,54,46,"(54, 46)",285
14009,5434,5,82,"(5, 82)",54
14010,13589,40,77,"(40, 77)",234
14011,27392,18,104,"(18, 104)",111
14012,35266,49,91,"(49, 91)",263
14016,15527,42,106,"(42, 106)",242
14017,10274,3,56,"(3, 56)",31
14019,34072,40,77,"(40, 77)",234
14020,36089,40,77,"(40, 77)",234
14021,16521,5,22,"(5, 22)",49
14025,8361,37,63,"(37, 63)",204
14030,250,30,54,"(30, 54)",179
14031,5379,4,45,"(4, 45)",44
14033,17309,18,8,"(18, 8)",107
14035,2086,40,12,"(40, 12)",225
14036,13569,38,19,"(38, 19)",211
14037,22916,38,19,"(38, 19)",211
14039,21939,50,102,"(50, 102)",268
14040,194,28,105,"(28, 105)",169
14044,7947,14,2,"(14, 2)",80
14045,20911,14,2,"(14, 2)",80
14047,29605,15,37,"(15, 37)",88
14051,1178,5,82,"(5, 82)",54
14052,16555,33,81,"(33, 81)",188
14055,23757,27,35,"(27, 35)",151
14056,28394,23,113,"(23, 113)",134
14057,11817,23,113,"(23, 113)",134
14062,34144,15,107,"(15, 107)",94
14063,2394,49,89,"(49, 89)",262
14064,21852,49,54,"(49, 54)",259
14065,15619,21,62,"(21, 62)",122
14066,2877,11,9,"(11, 9)",72
14067,9412,5,22,"(5, 22)",49
14069,4039,48,10,"(48, 10)",253
14070,13000,14,2,"(14, 2)",80
14071,19179,37,50,"(37, 50)",202
14072,32273,36,61,"(36, 61)",197
14073,9442,21,34,"(21, 34)",119
14074,18297,37,50,"(37, 50)",202
14075,19469,15,107,"(15, 107)",94
14076,30607,29,95,"(29, 95)",176
14077,21987,43,91,"(43, 91)",251
14080,32976,52,39,"(52, 39)",280
14081,20127,37,114,"(37, 114)",210
14083,27241,36,75,"(36, 75)",198
14084,1245,28,0,"(28, 0)",156
14086,33554,43,8,"(43, 8)",246
14087,16769,30,54,"(30, 54)",179
14088,21424,18,41,"(18, 41)",109
14089,4066,27,46,"(27, 46)",152
14092,24319,4,4,"(4, 4)",39
14093,10807,3,70,"(3, 70)",33
14095,23865,1,59,"(1, 59)",8
14097,31421,23,78,"(23, 78)",133
14100,22331,37,44,"(37, 44)",201
14103,12217,36,61,"(36, 61)",197
14104,21874,43,67,"(43, 67)",250
14110,31838,49,89,"(49, 89)",262
14113,10581,42,106,"(42, 106)",242
14115,7802,9,106,"(9, 106)",70
14117,19526,39,98,"(39, 98)",221
14118,19268,33,98,"(33, 98)",189
14120,11795,5,22,"(5, 22)",49
14121,2070,3,47,"(3, 47)",30
14123,834,1,59,"(1, 59)",8
14125,33751,20,102,"(20, 102)",116
14127,12607,14,86,"(14, 86)",84
14129,31485,14,86,"(14, 86)",84
14130,4814,42,108,"(42, 108)",243
14131,11502,42,108,"(42, 108)",243
14132,20626,7,36,"(7, 36)",59
14133,27813,4,111,"(4, 111)",48
14134,37431,18,104,"(18, 104)",111
14139,10609,36,35,"(36, 35)",193
14141,34290,28,21,"(28, 21)",160
14142,18075,23,40,"(23, 40)",130
14143,6488,7,101,"(7, 101)",61
14145,11943,42,92,"(42, 92)",241
14146,6091,36,61,"(36, 61)",197
14148,15117,21,58,"(21, 58)",121
14149,24250,2,30,"(2, 30)",16
14152,17053,3,56,"(3, 56)",31
14153,17138,5,49,"(5, 49)",53
14155,1302,42,106,"(42, 106)",242
14156,10624,20,14,"(20, 14)",113
14157,1097,48,10,"(48, 10)",253
14160,6538,5,37,"(5, 37)",50
14161,33222,2,93,"(2, 93)",21
14162,15664,1,96,"(1, 96)",11
14163,27546,1,96,"(1, 96)",11
14164,13519,40,28,"(40, 28)",229
14165,21379,51,80,"(51, 80)",271
14166,1120,3,66,"(3, 66)",32
14167,15175,23,78,"(23, 78)",133
14168,12109,21,83,"(21, 83)",124
14169,23099,3,70,"(3, 70)",33
14170,1870,43,67,"(43, 67)",250
14171,22490,23,40,"(23, 40)",130
14175,24831,42,108,"(42, 108)",243
14179,28190,51,97,"(51, 97)",274
14182,21190,52,60,"(52, 60)",282
14183,24919,52,60,"(52, 60)",282
14184,20600,20,102,"(20, 102)",116
14185,27413,39,35,"(39, 35)",219
14186,19623,39,35,"(39, 35)",219
14187,16289,49,89,"(49, 89)",262
14188,24488,43,67,"(43, 67)",250
14190,18065,33,81,"(33, 81)",188
14191,17472,40,28,"(40, 28)",229
14192,6223,15,107,"(15, 107)",94
14194,30178,52,36,"(52, 36)",279
14195,26265,11,23,"(11, 23)",73
14197,5781,42,92,"(42, 92)",241
14198,21099,38,101,"(38, 101)",218
14199,6441,5,22,"(5, 22)",49
14200,18123,18,41,"(18, 41)",109
14201,29550,43,67,"(43, 67)",250
14202,20151,17,52,"(17, 52)",103
14203,286,28,6,"(28, 6)",158
14204,13885,4,45,"(4, 45)",44
14205,19772,2,65,"(2, 65)",19
14206,35338,40,20,"(40, 20)",226
14207,28671,28,0,"(28, 0)",156
14208,19535,17,59,"(17, 59)",104
14209,22670,17,52,"(17, 52)",103
14210,17948,49,89,"(49, 89)",262
14213,31327,28,0,"(28, 0)",156
14214,25025,23,5,"(23, 5)",127
14216,30547,42,106,"(42, 106)",242
14217,15368,1,84,"(1, 84)",10
14222,18992,26,77,"(26, 77)",148
14223,25143,29,95,"(29, 95)",176
14224,14115,36,85,"(36, 85)",199
14227,36482,14,86,"(14, 86)",84
14228,1396,36,61,"(36, 61)",197
14230,3238,4,45,"(4, 45)",44
14231,8290,28,6,"(28, 6)",158
14234,15947,21,83,"(21, 83)",124
14235,101,29,76,"(29, 76)",175
14236,1060,29,76,"(29, 76)",175
14237,18877,11,9,"(11, 9)",72
14238,8205,9,72,"(9, 72)",67
14240,4876,29,30,"(29, 30)",173
14244,17366,42,50,"(42, 50)",238
14245,35043,37,114,"(37, 114)",210
14246,24589,52,36,"(52, 36)",279
14247,25556,1,59,"(1, 59)",8
14249,624,1,59,"(1, 59)",8
14250,9702,14,2,"(14, 2)",80
14254,12121,21,34,"(21, 34)",119
14255,35696,51,97,"(51, 97)",274
14257,10496,5,82,"(5, 82)",54
14258,11533,17,29,"(17, 29)",100
14259,29661,4,111,"(4, 111)",48
14260,7504,21,83,"(21, 83)",124
14261,3719,4,45,"(4, 45)",44
14262,16065,4,45,"(4, 45)",44
14263,19229,27,35,"(27, 35)",151
14265,31249,49,91,"(49, 91)",263
14266,24240,48,10,"(48, 10)",253
14267,20435,48,10,"(48, 10)",253
14268,8301,28,6,"(28, 6)",158
14273,15393,51,13,"(51, 13)",270
14274,10207,48,10,"(48, 10)",253
14275,23117,48,10,"(48, 10)",253
14280,33085,9,92,"(9, 92)",69
14281,16658,24,51,"(24, 51)",139
14282,17390,40,7,"(40, 7)",224
14283,332,23,44,"(23, 44)",131
14284,11335,5,82,"(5, 82)",54
14285,17407,15,16,"(15, 16)",87
14286,30960,29,95,"(29, 95)",176
14289,19777,3,96,"(3, 96)",38
14290,27998,38,60,"(38, 60)",215
14292,26090,3,79,"(3, 79)",36
14294,27053,23,40,"(23, 40)",130
14304,1170,28,6,"(28, 6)",158
14306,21423,54,46,"(54, 46)",285
14310,15623,28,21,"(28, 21)",160
14311,27181,38,19,"(38, 19)",211
14314,33095,28,0,"(28, 0)",156
14315,3066,23,24,"(23, 24)",129
14316,2676,48,10,"(48, 10)",253
14317,17139,5,49,"(5, 49)",53
14318,3392,49,68,"(49, 68)",261
14319,28104,17,32,"(17, 32)",101
14320,21073,30,54,"(30, 54)",179
14324,33148,42,109,"(42, 109)",244
14325,33148,42,109,"(42, 109)",244
14326,25845,17,32,"(17, 32)",101
14327,33540,17,29,"(17, 29)",100
14329,20114,43,91,"(43, 91)",251
14330,12997,43,91,"(43, 91)",251
14333,24380,36,46,"(36, 46)",195
14334,6127,36,46,"(36, 46)",195
14337,29454,43,67,"(43, 67)",250
14339,4857,9,92,"(9, 92)",69
14341,20191,42,106,"(42, 106)",242
14342,6046,14,86,"(14, 86)",84
14343,20494,37,63,"(37, 63)",204
14344,8699,1,96,"(1, 96)",11
14347,34947,33,98,"(33, 98)",189
14348,34947,33,98,"(33, 98)",189
14349,36766,33,15,"(33, 15)",185
14350,36195,33,15,"(33, 15)",185
14352,34526,18,105,"(18, 105)",112
14354,2331,52,35,"(52, 35)",278
14355,7634,28,31,"(28, 31)",164
14357,33469,42,92,"(42, 92)",241
14358,9883,9,92,"(9, 92)",69
14359,21602,37,50,"(37, 50)",202
14360,23417,37,50,"(37, 50)",202
14362,34852,21,83,"(21, 83)",124
14363,7688,18,41,"(18, 41)",109
14365,25097,42,106,"(42, 106)",242
14367,29422,36,43,"(36, 43)",194
14369,147,5,22,"(5, 22)",49
14372,7965,38,19,"(38, 19)",211
14373,18371,3,96,"(3, 96)",38
14374,30389,21,34,"(21, 34)",119
14377,14588,42,58,"(42, 58)",239
14380,9472,1,59,"(1, 59)",8
14381,3719,4,45,"(4, 45)",44
14383,12924,14,86,"(14, 86)",84
14386,17309,18,8,"(18, 8)",107
14389,8402,14,86,"(14, 86)",84
14390,33656,26,88,"(26, 88)",149
14392,32018,9,72,"(9, 72)",67
14393,2987,9,72,"(9, 72)",67
14400,11127,14,94,"(14, 94)",85
14402,12668,42,63,"(42, 63)",240
14403,12668,42,63,"(42, 63)",240
14404,17446,49,89,"(49, 89)",262
14405,29389,49,89,"(49, 89)",262
14406,27181,38,19,"(38, 19)",211
14407,24098,42,92,"(42, 92)",241
14409,1618,39,98,"(39, 98)",221
14410,19624,7,36,"(7, 36)",59
14411,31807,5,37,"(5, 37)",50
14412,23757,27,35,"(27, 35)",151
14413,13630,4,45,"(4, 45)",44
14416,8653,26,88,"(26, 88)",149
14420,26158,32,17,"(32, 17)",184
14421,7210,54,46,"(54, 46)",285
14422,24607,54,46,"(54, 46)",285
14425,728,9,72,"(9, 72)",67
14426,36288,43,67,"(43, 67)",250
14427,24379,3,5,"(3, 5)",23
14428,23592,1,84,"(1, 84)",10
14429,18973,14,2,"(14, 2)",80
14430,18832,14,2,"(14, 2)",80
14431,34318,40,28,"(40, 28)",229
14436,36545,48,10,"(48, 10)",253
14437,7699,48,10,"(48, 10)",253
14438,35216,17,52,"(17, 52)",103
14439,28903,36,85,"(36, 85)",199
14440,1484,36,85,"(36, 85)",199
14442,21815,52,42,"(52, 42)",281
14443,37353,52,42,"(52, 42)",281
14444,21393,52,19,"(52, 19)",277
14450,3012,33,15,"(33, 15)",185
14454,35690,15,100,"(15, 100)",93
14456,34698,42,108,"(42, 108)",243
14459,2753,9,72,"(9, 72)",67
14460,35023,29,76,"(29, 76)",175
14462,770,20,53,"(20, 53)",114
14463,13645,7,35,"(7, 35)",58
14464,18061,1,84,"(1, 84)",10
14465,25223,1,84,"(1, 84)",10
14467,28491,42,108,"(42, 108)",243
14473,8911,37,50,"(37, 50)",202
14474,14701,37,50,"(37, 50)",202
14479,37069,33,81,"(33, 81)",188
14480,25095,33,81,"(33, 81)",188
14485,1277,33,81,"(33, 81)",188
14486,4541,33,81,"(33, 81)",188
14489,23584,42,106,"(42, 106)",242
14491,1886,4,45,"(4, 45)",44
14492,24486,42,92,"(42, 92)",241
14493,9568,42,92,"(42, 92)",241
14494,8831,42,108,"(42, 108)",243
14495,752,42,108,"(42, 108)",243
14499,4840,29,95,"(29, 95)",176
14504,1522,17,32,"(17, 32)",101
14505,3089,29,95,"(29, 95)",176
14506,3806,42,92,"(42, 92)",241
14508,469,42,108,"(42, 108)",243
14510,16390,39,101,"(39, 101)",222
14511,16390,39,101,"(39, 101)",222
14512,16591,37,114,"(37, 114)",210
14513,13129,3,79,"(3, 79)",36
14514,114,9,2,"(9, 2)",64
14515,21797,3,47,"(3, 47)",30
14516,14379,51,112,"(51, 112)",276
14520,37653,51,88,"(51, 88)",272
14524,10900,4,84,"(4, 84)",47
14525,33827,2,0,"(2, 0)",12
14530,5290,37,113,"(37, 113)",209
14532,33295,37,44,"(37, 44)",201
14535,6697,49,89,"(49, 89)",262
14536,11043,4,45,"(4, 45)",44
14537,9262,52,60,"(52, 60)",282
14538,16536,52,60,"(52, 60)",282
14539,13813,28,64,"(28, 64)",165
14541,22047,11,62,"(11, 62)",75
14544,29892,14,86,"(14, 86)",84
14548,1610,29,76,"(29, 76)",175
14549,13439,26,77,"(26, 77)",148
14550,16412,7,101,"(7, 101)",61
14551,17419,7,101,"(7, 101)",61
14554,26831,9,72,"(9, 72)",67
14556,1251,37,94,"(37, 94)",207
14557,10441,37,94,"(37, 94)",207
14558,13482,42,106,"(42, 106)",242
14559,6125,42,106,"(42, 106)",242
14560,33469,42,92,"(42, 92)",241
14563,14302,14,94,"(14, 94)",85
14564,30620,27,75,"(27, 75)",155
14565,21623,5,37,"(5, 37)",50
14571,29047,9,72,"(9, 72)",67
14572,34092,9,74,"(9, 74)",68
14574,5062,15,107,"(15, 107)",94
14575,8064,40,23,"(40, 23)",227
14576,26933,42,109,"(42, 109)",244
14577,24982,42,109,"(42, 109)",244
14578,15527,42,106,"(42, 106)",242
14579,31688,23,40,"(23, 40)",130
14581,20268,18,17,"(18, 17)",108
14582,34893,37,63,"(37, 63)",204
14583,22757,14,86,"(14, 86)",84
14586,24004,36,43,"(36, 43)",194
14589,12140,37,50,"(37, 50)",202
14591,12819,9,72,"(9, 72)",67
14593,34484,23,24,"(23, 24)",129
14594,34484,23,24,"(23, 24)",129
14595,35839,52,60,"(52, 60)",282
14596,7080,30,15,"(30, 15)",178
14597,12712,5,37,"(5, 37)",50
14598,27991,37,106,"(37, 106)",208
14600,37570,37,50,"(37, 50)",202
14601,12945,37,50,"(37, 50)",202
14603,9529,24,13,"(24, 13)",135
14604,14335,2,18,"(2, 18)",13
14606,35446,42,58,"(42, 58)",239
14607,31657,9,74,"(9, 74)",68
14608,5480,48,1,"(48, 1)",252
14609,10292,48,86,"(48, 86)",254
14610,35358,8,36,"(8, 36)",62
14611,6856,8,36,"(8, 36)",62
14612,4119,20,14,"(20, 14)",113
14613,30146,15,107,"(15, 107)",94
14614,30230,15,37,"(15, 37)",88
14615,8792,24,51,"(24, 51)",139
14617,19714,9,74,"(9, 74)",68
14618,19715,9,74,"(9, 74)",68
14619,9122,37,50,"(37, 50)",202
14620,11666,37,94,"(37, 94)",207
14621,15777,37,50,"(37, 50)",202
14622,15490,42,108,"(42, 108)",243
14623,15490,42,108,"(42, 108)",243
14627,27630,33,81,"(33, 81)",188
14628,16546,11,88,"(11, 88)",77
14629,19470,50,80,"(50, 80)",267
14630,2765,9,72,"(9, 72)",67
14633,21102,14,2,"(14, 2)",80
14638,22298,58,58,"(58, 58)",287
14643,12090,3,47,"(3, 47)",30
14645,27443,39,103,"(39, 103)",223
14646,12789,39,103,"(39, 103)",223
14648,13011,36,85,"(36, 85)",199
14649,26046,42,108,"(42, 108)",243
14650,24503,9,72,"(9, 72)",67
14651,2593,43,8,"(43, 8)",246
14652,27608,24,13,"(24, 13)",135
14655,28090,39,98,"(39, 98)",221
14658,27835,15,107,"(15, 107)",94
14659,6901,36,61,"(36, 61)",197
14660,7617,36,61,"(36, 61)",197
14662,12150,51,9,"(51, 9)",269
14664,6238,37,50,"(37, 50)",202
14666,20495,5,45,"(5, 45)",52
14668,14869,28,25,"(28, 25)",161
14669,26684,9,106,"(9, 106)",70
14671,19517,16,38,"(16, 38)",96
14673,15604,42,109,"(42, 109)",244
14675,2132,32,17,"(32, 17)",184
14676,5127,33,54,"(33, 54)",187
14677,17554,5,37,"(5, 37)",50
14678,17604,17,29,"(17, 29)",100
14680,22067,14,2,"(14, 2)",80
14683,29560,21,58,"(21, 58)",121
14688,4876,29,30,"(29, 30)",173
14689,27417,32,17,"(32, 17)",184
14692,5366,48,1,"(48, 1)",252
14693,23839,49,89,"(49, 89)",262
14694,12183,1,84,"(1, 84)",10
14695,27811,9,92,"(9, 92)",69
14697,18876,4,45,"(4, 45)",44
14698,19171,3,79,"(3, 79)",36
14700,15244,43,8,"(43, 8)",246
14702,35147,48,1,"(48, 1)",252
14705,28522,42,108,"(42, 108)",243
14706,29838,42,108,"(42, 108)",243
14708,3431,23,40,"(23, 40)",130
14709,22999,15,107,"(15, 107)",94
14711,33522,28,25,"(28, 25)",161
14712,27772,9,106,"(9, 106)",70
14713,27772,9,106,"(9, 106)",70
14717,6235,9,72,"(9, 72)",67
14718,19733,51,112,"(51, 112)",276
14719,31045,4,111,"(4, 111)",48
14720,31667,29,95,"(29, 95)",176
14721,3502,4,4,"(4, 4)",39
14723,453,40,20,"(40, 20)",226
14725,31975,9,106,"(9, 106)",70
14728,1876,48,1,"(48, 1)",252
14729,30912,48,1,"(48, 1)",252
14730,6818,3,38,"(3, 38)",28
14731,622,26,88,"(26, 88)",149
14734,22267,40,12,"(40, 12)",225
14735,20040,15,100,"(15, 100)",93
14736,22355,15,107,"(15, 107)",94
14737,11155,9,92,"(9, 92)",69
14738,5963,14,2,"(14, 2)",80
14739,16595,4,45,"(4, 45)",44
14740,11056,9,74,"(9, 74)",68
14741,21222,9,74,"(9, 74)",68
14742,26292,15,107,"(15, 107)",94
14748,25840,1,84,"(1, 84)",10
14750,647,18,17,"(18, 17)",108
14751,4809,28,64,"(28, 64)",165
14752,250,30,54,"(30, 54)",179
14753,28274,7,35,"(7, 35)",58
14754,18107,7,101,"(7, 101)",61
14755,20435,48,10,"(48, 10)",253
14756,17570,54,46,"(54, 46)",285
14757,30919,42,106,"(42, 106)",242
14760,1438,33,98,"(33, 98)",189
14761,22593,43,8,"(43, 8)",246
14766,34195,42,106,"(42, 106)",242
14767,17583,36,43,"(36, 43)",194
14768,3936,48,1,"(48, 1)",252
14769,15779,3,47,"(3, 47)",30
14772,9348,1,59,"(1, 59)",8
14774,20609,15,37,"(15, 37)",88
14775,30839,2,93,"(2, 93)",21
14776,10879,40,28,"(40, 28)",229
14777,1151,3,78,"(3, 78)",35
14778,30081,42,92,"(42, 92)",241
14780,5441,17,52,"(17, 52)",103
14782,32776,38,19,"(38, 19)",211
14783,9769,38,19,"(38, 19)",211
14787,3936,48,1,"(48, 1)",252
14790,9848,37,63,"(37, 63)",204
14792,30998,18,105,"(18, 105)",112
14793,5622,54,46,"(54, 46)",285
14796,10085,33,98,"(33, 98)",189
14797,15567,52,36,"(52, 36)",279
14799,25720,15,37,"(15, 37)",88
14801,10085,33,98,"(33, 98)",189
14806,2942,15,16,"(15, 16)",87
14809,14119,1,59,"(1, 59)",8
14811,32845,5,110,"(5, 110)",55
14813,9260,48,1,"(48, 1)",252
14814,13093,14,94,"(14, 94)",85
14816,35329,30,103,"(30, 103)",183
14817,33128,30,103,"(30, 103)",183
14818,19320,18,104,"(18, 104)",111
14819,16102,11,57,"(11, 57)",74
14826,12455,43,54,"(43, 54)",249
14827,27411,15,37,"(15, 37)",88
14828,21227,43,67,"(43, 67)",250
14830,25149,14,86,"(14, 86)",84
14832,537,20,14,"(20, 14)",113
14834,24684,32,17,"(32, 17)",184
14835,23526,42,92,"(42, 92)",241
14837,30089,37,114,"(37, 114)",210
14838,641,9,1,"(9, 1)",63
14839,33630,54,46,"(54, 46)",285
14840,36830,52,39,"(52, 39)",280
14841,30286,38,60,"(38, 60)",215
14842,33875,40,20,"(40, 20)",226
14843,2684,40,28,"(40, 28)",229
14845,804,30,15,"(30, 15)",178
14846,6482,26,88,"(26, 88)",149
14848,15816,29,6,"(29, 6)",170
14849,17268,24,13,"(24, 13)",135
14851,15669,4,111,"(4, 111)",48
14853,8780,7,101,"(7, 101)",61
14854,29550,43,67,"(43, 67)",250
14855,32343,43,67,"(43, 67)",250
14856,10433,3,70,"(3, 70)",33
14857,35116,23,40,"(23, 40)",130
14862,10150,28,76,"(28, 76)",167
14863,7287,1,59,"(1, 59)",8
14864,26625,21,83,"(21, 83)",124
14867,24131,24,90,"(24, 90)",142
14870,35397,28,21,"(28, 21)",160
14871,20017,43,67,"(43, 67)",250
14872,10219,16,82,"(16, 82)",99
14875,1644,40,28,"(40, 28)",229
14876,2382,40,12,"(40, 12)",225
14877,10189,5,45,"(5, 45)",52
14879,24137,39,98,"(39, 98)",221
14880,5158,14,94,"(14, 94)",85
14881,4047,14,94,"(14, 94)",85
14882,28163,7,101,"(7, 101)",61
14885,19638,3,79,"(3, 79)",36
14888,28688,52,60,"(52, 60)",282
14889,28688,52,60,"(52, 60)",282
14890,6441,5,22,"(5, 22)",49
14892,28891,39,35,"(39, 35)",219
14895,26556,52,35,"(52, 35)",278
14896,24238,38,19,"(38, 19)",211
14897,10996,3,70,"(3, 70)",33
14899,11192,28,26,"(28, 26)",162
14900,37199,38,60,"(38, 60)",215
14901,2256,1,59,"(1, 59)",8
14903,9411,3,38,"(3, 38)",28
14904,19431,37,78,"(37, 78)",206
14905,34995,2,18,"(2, 18)",13
14906,15243,15,82,"(15, 82)",92
14907,22669,21,83,"(21, 83)",124
14908,1054,40,20,"(40, 20)",226
14911,23761,16,71,"(16, 71)",98
14912,32017,37,78,"(37, 78)",206
14913,6345,49,68,"(49, 68)",261
14914,6287,26,69,"(26, 69)",147
14916,21583,38,19,"(38, 19)",211
14917,5759,43,67,"(43, 67)",250
14918,18562,49,89,"(49, 89)",262
14919,27477,38,48,"(38, 48)",214
14920,28636,8,36,"(8, 36)",62
14921,12045,30,91,"(30, 91)",182
14922,26515,30,91,"(30, 91)",182
14923,449,3,38,"(3, 38)",28
14924,12045,30,91,"(30, 91)",182
14931,34533,2,26,"(2, 26)",15
14932,34558,2,26,"(2, 26)",15
14933,11352,30,54,"(30, 54)",179
14934,30746,5,37,"(5, 37)",50
14935,12460,5,37,"(5, 37)",50
14936,6345,49,68,"(49, 68)",261
14937,5411,54,46,"(54, 46)",285
14938,25384,2,26,"(2, 26)",15
14939,31703,2,26,"(2, 26)",15
14941,30598,49,89,"(49, 89)",262
14942,33486,52,19,"(52, 19)",277
14943,9981,52,19,"(52, 19)",277
14944,34914,2,26,"(2, 26)",15
14945,5542,9,50,"(9, 50)",66
14946,35028,9,50,"(9, 50)",66
14947,19387,2,93,"(2, 93)",21
14949,23415,27,35,"(27, 35)",151
14950,15154,52,19,"(52, 19)",277
14956,22270,37,94,"(37, 94)",207
14958,33124,38,101,"(38, 101)",218
14959,4238,38,101,"(38, 101)",218
14961,6893,2,18,"(2, 18)",13
14971,21392,11,9,"(11, 9)",72
14972,8982,32,17,"(32, 17)",184
14973,10177,33,103,"(33, 103)",191
14974,10177,33,103,"(33, 103)",191
14977,10177,33,103,"(33, 103)",191
14978,10177,33,103,"(33, 103)",191
14985,29011,36,61,"(36, 61)",197
14986,31917,36,61,"(36, 61)",197
14988,7598,14,94,"(14, 94)",85
14989,2737,14,94,"(14, 94)",85
14990,34958,14,94,"(14, 94)",85
14991,33664,14,94,"(14, 94)",85
14993,33230,3,12,"(3, 12)",25
14994,23201,1,96,"(1, 96)",11
14995,34958,14,94,"(14, 94)",85
14996,37605,14,44,"(14, 44)",82
14997,35895,20,102,"(20, 102)",116
14998,25046,11,57,"(11, 57)",74
14999,20993,16,38,"(16, 38)",96
15002,33346,14,94,"(14, 94)",85
15003,36902,14,94,"(14, 94)",85
15004,36250,14,94,"(14, 94)",85
15007,13285,39,98,"(39, 98)",221
15012,26504,33,48,"(33, 48)",186
15016,35227,15,100,"(15, 100)",93
15017,9402,52,60,"(52, 60)",282
15019,31867,38,48,"(38, 48)",214
15020,14078,23,44,"(23, 44)",131
15021,24371,21,57,"(21, 57)",120
15023,33644,14,94,"(14, 94)",85
15030,20512,4,4,"(4, 4)",39
15043,35206,2,18,"(2, 18)",13
15044,11117,5,82,"(5, 82)",54
15047,2023,39,98,"(39, 98)",221
15048,15742,38,101,"(38, 101)",218
15052,33394,30,91,"(30, 91)",182
15053,34149,38,19,"(38, 19)",211
15054,5622,54,46,"(54, 46)",285
15055,255,33,54,"(33, 54)",187
15065,17215,52,36,"(52, 36)",279
15072,19515,27,35,"(27, 35)",151
15073,19515,27,35,"(27, 35)",151
15084,11647,7,101,"(7, 101)",61
15086,17623,54,46,"(54, 46)",285
15087,23819,30,91,"(30, 91)",182
15092,16337,33,15,"(33, 15)",185
15100,17104,38,19,"(38, 19)",211
15101,17104,38,19,"(38, 19)",211
15104,10944,43,8,"(43, 8)",246
15106,3769,23,78,"(23, 78)",133
15107,36602,1,59,"(1, 59)",8
15110,3656,48,10,"(48, 10)",253
15111,3656,48,10,"(48, 10)",253
15112,34698,42,108,"(42, 108)",243
15114,34698,42,108,"(42, 108)",243
15115,34698,42,108,"(42, 108)",243
15116,3010,36,61,"(36, 61)",197
15117,3009,36,61,"(36, 61)",197
15118,9403,36,61,"(36, 61)",197
15122,241,23,40,"(23, 40)",130
15123,14897,26,88,"(26, 88)",149
15124,501,2,18,"(2, 18)",13
15125,13734,26,88,"(26, 88)",149
15126,31045,4,111,"(4, 111)",48
15127,430,26,88,"(26, 88)",149
15128,4843,23,5,"(23, 5)",127
15129,35114,23,5,"(23, 5)",127
15130,17513,52,60,"(52, 60)",282
15131,11146,26,88,"(26, 88)",149
15132,6868,32,17,"(32, 17)",184
15134,31463,23,5,"(23, 5)",127
15140,14047,36,85,"(36, 85)",199
15142,24077,10,85,"(10, 85)",71
15143,4208,30,91,"(30, 91)",182
15150,32586,2,65,"(2, 65)",19
15152,34195,9,106,"(9, 106)",70
15154,34914,2,26,"(2, 26)",15
15157,34985,2,26,"(2, 26)",15
15158,16994,18,104,"(18, 104)",111
15159,11875,24,20,"(24, 20)",136
15161,35338,40,20,"(40, 20)",226
15179,7913,54,46,"(54, 46)",285
15184,36252,26,23,"(26, 23)",145
15185,21019,26,88,"(26, 88)",149
15189,21958,26,23,"(26, 23)",145
15190,2689,23,5,"(23, 5)",127
15191,23319,11,23,"(11, 23)",73
15192,35561,26,88,"(26, 88)",149
15193,23073,26,88,"(26, 88)",149
15194,31029,2,18,"(2, 18)",13
15197,19604,5,49,"(5, 49)",53
15200,18124,48,10,"(48, 10)",253
15201,18125,48,10,"(48, 10)",253
15202,6243,9,106,"(9, 106)",70
15204,10514,49,68,"(49, 68)",261
15216,4340,20,102,"(20, 102)",116
15217,13487,38,101,"(38, 101)",218
15228,27745,52,39,"(52, 39)",280
15233,9260,48,1,"(48, 1)",252
15234,22976,52,60,"(52, 60)",282
15235,33080,52,39,"(52, 39)",280
15236,3931,39,98,"(39, 98)",221
15237,23341,38,19,"(38, 19)",211
15240,9260,48,1,"(48, 1)",252
15243,34359,52,60,"(52, 60)",282
15244,34359,52,60,"(52, 60)",282
15246,37339,52,39,"(52, 39)",280
15248,37199,38,60,"(38, 60)",215
15249,6813,38,101,"(38, 101)",218
15250,3931,33,98,"(33, 98)",189
15251,19573,30,54,"(30, 54)",179
15252,8596,38,98,"(38, 98)",216
15255,17348,38,60,"(38, 60)",215
15256,897,33,81,"(33, 81)",188
15257,897,33,81,"(33, 81)",188
15258,30396,30,54,"(30, 54)",179
15259,34883,52,60,"(52, 60)",282
15260,34883,52,60,"(52, 60)",282
15261,19936,38,98,"(38, 98)",216
15262,8194,33,98,"(33, 98)",189
15264,1026,33,81,"(33, 81)",188
15265,11007,33,81,"(33, 81)",188
15266,8596,39,98,"(39, 98)",221
15267,2118,33,98,"(33, 98)",189
15268,32833,33,81,"(33, 81)",188
15269,3035,33,98,"(33, 98)",189
15270,8596,39,98,"(39, 98)",221
15271,8596,38,98,"(38, 98)",216
15272,31424,38,101,"(38, 101)",218
15273,12932,52,60,"(52, 60)",282
15274,11007,33,81,"(33, 81)",188
15275,6424,38,101,"(38, 101)",218
15276,8900,33,98,"(33, 98)",189
15277,4164,33,98,"(33, 98)",189
15278,3035,33,98,"(33, 98)",189
15279,29013,33,81,"(33, 81)",188
15280,4938,38,101,"(38, 101)",218
15281,33080,52,39,"(52, 39)",280
15282,33080,52,39,"(52, 39)",280
15283,22976,52,60,"(52, 60)",282
15284,897,33,81,"(33, 81)",188
15285,8900,33,98,"(33, 98)",189
15286,9392,33,15,"(33, 15)",185
15287,30202,52,60,"(52, 60)",282
15288,897,33,81,"(33, 81)",188
15290,4458,39,98,"(39, 98)",221
15291,18607,52,60,"(52, 60)",282
15292,34883,38,60,"(38, 60)",215
15293,13535,38,60,"(38, 60)",215
15294,7594,33,81,"(33, 81)",188
15295,10450,33,98,"(33, 98)",189
15298,33143,52,60,"(52, 60)",282
15300,11007,33,81,"(33, 81)",188
15301,9826,38,101,"(38, 101)",218
15302,29721,52,60,"(52, 60)",282
15305,7594,33,81,"(33, 81)",188
15306,37199,38,60,"(38, 60)",215
15307,27033,52,60,"(52, 60)",282
15309,33173,38,60,"(38, 60)",215
15310,4458,38,98,"(38, 98)",216
15311,34222,52,36,"(52, 36)",279
15312,18002,40,24,"(40, 24)",228
15313,19823,52,39,"(52, 39)",280
15314,8916,52,35,"(52, 35)",278
15315,17132,21,24,"(21, 24)",118
15316,17132,21,24,"(21, 24)",118
15318,31230,54,61,"(54, 61)",286
15319,34359,52,60,"(52, 60)",282
15320,34359,52,60,"(52, 60)",282
15321,4012,38,19,"(38, 19)",211
15322,15289,52,60,"(52, 60)",282
15323,8916,52,35,"(52, 35)",278
15326,34359,52,60,"(52, 60)",282
15329,8916,52,35,"(52, 35)",278
15330,15289,52,60,"(52, 60)",282
15331,15289,52,60,"(52, 60)",282
15337,20087,54,46,"(54, 46)",285
15338,13092,54,46,"(54, 46)",285
15339,24288,33,81,"(33, 81)",188
15340,24288,33,81,"(33, 81)",188
15342,16405,24,90,"(24, 90)",142
15344,24410,2,21,"(2, 21)",14
15346,33608,37,44,"(37, 44)",201
15350,17712,9,72,"(9, 72)",67
15351,21868,54,46,"(54, 46)",285
15352,30729,54,46,"(54, 46)",285
15353,10641,48,10,"(48, 10)",253
15354,13577,38,101,"(38, 101)",218
15355,17389,38,101,"(38, 101)",218
15356,3931,39,98,"(39, 98)",221
15357,2118,39,98,"(39, 98)",221
15359,17389,38,101,"(38, 101)",218
15360,3035,33,98,"(33, 98)",189
15361,17448,36,85,"(36, 85)",199
15362,29422,36,43,"(36, 43)",194
15363,29011,36,61,"(36, 61)",197
15365,816,14,86,"(14, 86)",84
15366,4458,38,98,"(38, 98)",216
15367,30729,54,46,"(54, 46)",285
15368,19206,17,29,"(17, 29)",100
15369,3009,36,61,"(36, 61)",197
15370,4339,54,46,"(54, 46)",285
15371,1205,54,46,"(54, 46)",285
15372,5361,54,46,"(54, 46)",285
15373,27628,54,46,"(54, 46)",285
15376,5192,33,15,"(33, 15)",185
15377,8483,54,46,"(54, 46)",285
15378,4339,54,46,"(54, 46)",285
15379,27628,54,46,"(54, 46)",285
15387,3136,40,20,"(40, 20)",226
15388,22700,40,20,"(40, 20)",226
15389,33230,3,12,"(3, 12)",25
15390,11814,3,12,"(3, 12)",25
15391,2270,1,28,"(1, 28)",4
15392,6636,40,20,"(40, 20)",226
15394,12619,49,91,"(49, 91)",263
15395,24498,1,96,"(1, 96)",11
15396,17921,1,96,"(1, 96)",11
15397,4820,49,91,"(49, 91)",263
15398,16888,49,67,"(49, 67)",260
15399,33016,40,20,"(40, 20)",226
15400,3765,40,7,"(40, 7)",224
15407,18763,38,19,"(38, 19)",211
15408,4012,38,19,"(38, 19)",211
15409,18473,7,101,"(7, 101)",61
15410,10057,36,85,"(36, 85)",199
15411,4202,36,43,"(36, 43)",194
15415,33728,2,65,"(2, 65)",19
15421,10947,30,54,"(30, 54)",179
15424,4026,49,68,"(49, 68)",261
15425,26353,36,46,"(36, 46)",195
15428,22546,36,46,"(36, 46)",195
15432,17038,4,49,"(4, 49)",45
15433,31846,4,45,"(4, 45)",44
15436,31742,54,46,"(54, 46)",285
15445,3772,2,65,"(2, 65)",19
15451,29261,49,89,"(49, 89)",262
15452,7871,49,68,"(49, 68)",261
15455,25725,39,103,"(39, 103)",223
15458,28019,43,8,"(43, 8)",246
15459,13689,43,67,"(43, 67)",250
15460,27603,52,60,"(52, 60)",282
15461,5505,52,35,"(52, 35)",278
15463,22513,52,35,"(52, 35)",278
15467,10514,49,68,"(49, 68)",261
15468,25016,52,35,"(52, 35)",278
15469,16260,7,35,"(7, 35)",58
15470,28560,7,35,"(7, 35)",58
15471,10659,18,41,"(18, 41)",109
15472,35892,49,54,"(49, 54)",259
15473,2283,54,46,"(54, 46)",285
15474,18191,3,96,"(3, 96)",38
15475,28560,52,35,"(52, 35)",278
15476,1835,54,46,"(54, 46)",285
15481,17019,48,1,"(48, 1)",252
15484,17682,48,1,"(48, 1)",252
15488,35308,2,18,"(2, 18)",13
15489,30911,2,18,"(2, 18)",13
15493,34312,52,60,"(52, 60)",282
15494,13929,18,17,"(18, 17)",108
15495,174,2,93,"(2, 93)",21
15501,1609,38,60,"(38, 60)",215
15502,1609,38,60,"(38, 60)",215
15503,1609,38,60,"(38, 60)",215
15504,17348,38,60,"(38, 60)",215
15505,17348,38,60,"(38, 60)",215
15515,34995,2,18,"(2, 18)",13
15516,30911,2,18,"(2, 18)",13
15520,18607,52,60,"(52, 60)",282
15521,18607,52,60,"(52, 60)",282
15525,7977,7,101,"(7, 101)",61
15526,29721,52,60,"(52, 60)",282
15527,29721,52,60,"(52, 60)",282
15528,30395,29,95,"(29, 95)",176
15529,14877,15,37,"(15, 37)",88
15530,6735,15,37,"(15, 37)",88
15531,29777,15,37,"(15, 37)",88
15532,19356,28,26,"(28, 26)",162
15533,19471,30,54,"(30, 54)",179
15534,4208,30,91,"(30, 91)",182
15535,1632,30,54,"(30, 54)",179
15536,37169,38,101,"(38, 101)",218
15537,29468,38,101,"(38, 101)",218
15538,13338,28,6,"(28, 6)",158
15539,10064,28,31,"(28, 31)",164
15540,144,28,31,"(28, 31)",164
15541,26590,52,60,"(52, 60)",282
15542,13338,28,6,"(28, 6)",158
15543,14877,15,37,"(15, 37)",88
15547,31427,38,19,"(38, 19)",211
15548,23934,49,89,"(49, 89)",262
15549,21902,49,89,"(49, 89)",262
15550,29550,43,67,"(43, 67)",250
15551,14191,30,91,"(30, 91)",182
15556,22400,43,8,"(43, 8)",246
15557,24937,43,8,"(43, 8)",246
15558,34097,17,52,"(17, 52)",103
15559,30395,29,95,"(29, 95)",176
15560,330,17,52,"(17, 52)",103
15562,8488,24,52,"(24, 52)",140
15563,21730,24,52,"(24, 52)",140
15564,21393,52,19,"(52, 19)",277
15568,21393,52,19,"(52, 19)",277
15570,7294,3,79,"(3, 79)",36
15571,6049,17,32,"(17, 32)",101
15572,11664,17,32,"(17, 32)",101
15573,10045,42,108,"(42, 108)",243
15580,13415,17,29,"(17, 29)",100
15581,7753,11,69,"(11, 69)",76
15582,16546,11,88,"(11, 88)",77
15583,9393,42,63,"(42, 63)",240
15585,10494,14,94,"(14, 94)",85
15586,14302,14,94,"(14, 94)",85
15588,35763,37,94,"(37, 94)",207
15589,6629,37,94,"(37, 94)",207
15591,35763,37,94,"(37, 94)",207
15592,6629,37,94,"(37, 94)",207
15593,6629,14,94,"(14, 94)",85
15594,6629,14,94,"(14, 94)",85
15595,5209,14,94,"(14, 94)",85
15596,5209,14,94,"(14, 94)",85
15597,33148,42,109,"(42, 109)",244
15599,897,33,81,"(33, 81)",188
15600,26779,37,63,"(37, 63)",204
15601,1074,21,34,"(21, 34)",119
15602,10050,36,61,"(36, 61)",197
15608,28528,9,92,"(9, 92)",69
15609,26729,54,46,"(54, 46)",285
15610,26729,54,46,"(54, 46)",285
15615,15623,49,21,"(49, 21)",257
15616,24456,17,59,"(17, 59)",104
15617,21120,1,27,"(1, 27)",3
15618,2176,1,59,"(1, 59)",8
15619,10622,1,18,"(1, 18)",1
15620,163,17,49,"(17, 49)",102
15621,6631,17,59,"(17, 59)",104
15622,595,30,91,"(30, 91)",182
15623,9241,2,18,"(2, 18)",13
15624,14736,7,36,"(7, 36)",59
15625,34427,2,31,"(2, 31)",17
15626,16631,49,36,"(49, 36)",258
15627,13689,49,67,"(49, 67)",260
15630,14180,29,95,"(29, 95)",176
15631,18811,49,89,"(49, 89)",262
15634,33386,2,26,"(2, 26)",15
15638,24098,42,92,"(42, 92)",241
15639,24098,42,92,"(42, 92)",241
15640,17105,30,91,"(30, 91)",182
15641,9392,33,15,"(33, 15)",185
15642,6703,33,15,"(33, 15)",185
15643,28019,43,8,"(43, 8)",246
15649,9352,49,68,"(49, 68)",261
15652,12663,1,27,"(1, 27)",3
15656,31249,49,91,"(49, 91)",263
15658,11642,48,1,"(48, 1)",252
15664,9337,2,64,"(2, 64)",18
15665,33393,2,30,"(2, 30)",16
15666,12107,49,36,"(49, 36)",258
15668,26144,17,32,"(17, 32)",101
15670,23839,49,89,"(49, 89)",262
15671,12663,1,27,"(1, 27)",3
15672,25938,49,21,"(49, 21)",257
15673,876,49,0,"(49, 0)",255
15674,2888,3,78,"(3, 78)",35
15675,36383,3,79,"(3, 79)",36
15677,771,2,18,"(2, 18)",13
15678,26773,2,18,"(2, 18)",13
15682,24754,43,67,"(43, 67)",250
15697,25720,5,37,"(5, 37)",50
15703,30089,37,114,"(37, 114)",210
15705,37199,38,60,"(38, 60)",215
15706,33012,49,68,"(49, 68)",261
15707,29200,49,68,"(49, 68)",261
15710,15326,49,68,"(49, 68)",261
15711,33,49,68,"(49, 68)",261
15712,25007,38,101,"(38, 101)",218
15713,6649,5,22,"(5, 22)",49
15714,29034,33,48,"(33, 48)",186
15715,12449,4,45,"(4, 45)",44
15717,31891,28,3,"(28, 3)",157
15720,13511,43,67,"(43, 67)",250
15721,24488,43,67,"(43, 67)",250
15728,24288,33,81,"(33, 81)",188
15729,24288,33,81,"(33, 81)",188
15733,20168,36,43,"(36, 43)",194
15736,6649,5,22,"(5, 22)",49
15737,5317,49,36,"(49, 36)",258
15744,33289,36,61,"(36, 61)",197
15752,25529,49,68,"(49, 68)",261
15753,4026,49,68,"(49, 68)",261
15761,35247,5,22,"(5, 22)",49
15762,3655,5,22,"(5, 22)",49
15765,2521,33,98,"(33, 98)",189
15767,4563,49,68,"(49, 68)",261
15773,6345,49,68,"(49, 68)",261
15775,6345,49,68,"(49, 68)",261
15780,15854,37,94,"(37, 94)",207
15781,25159,36,85,"(36, 85)",199
15782,30729,54,46,"(54, 46)",285
15785,16937,37,114,"(37, 114)",210
15786,23767,37,94,"(37, 94)",207
15787,16937,37,114,"(37, 114)",210
15788,12607,14,86,"(14, 86)",84
15789,12275,54,46,"(54, 46)",285
15790,12275,54,46,"(54, 46)",285
15791,11684,54,46,"(54, 46)",285
15793,11399,33,98,"(33, 98)",189
15794,11399,33,98,"(33, 98)",189
15798,30911,2,18,"(2, 18)",13
15800,30177,54,46,"(54, 46)",285
15810,33074,28,64,"(28, 64)",165
15813,29749,37,72,"(37, 72)",205
15814,29749,37,72,"(37, 72)",205
15818,4026,49,68,"(49, 68)",261
15819,4026,49,68,"(49, 68)",261
15820,3483,39,36,"(39, 36)",220
15823,1801,33,98,"(33, 98)",189
15828,16254,48,1,"(48, 1)",252
15829,16254,48,1,"(48, 1)",252
15830,33419,17,32,"(17, 32)",101
15831,20255,17,32,"(17, 32)",101
15832,32861,3,56,"(3, 56)",31
15835,5906,49,89,"(49, 89)",262
15836,10057,36,85,"(36, 85)",199
15842,11202,1,20,"(1, 20)",2
15843,15765,29,30,"(29, 30)",173
15846,16631,7,36,"(7, 36)",59
15847,30857,2,30,"(2, 30)",16
15848,9920,2,30,"(2, 30)",16
15849,15765,2,30,"(2, 30)",16
15850,26773,2,18,"(2, 18)",13
15851,2293,1,59,"(1, 59)",8
15852,5577,1,59,"(1, 59)",8
15853,35931,49,89,"(49, 89)",262
15856,22723,49,103,"(49, 103)",265
15857,32556,2,26,"(2, 26)",15
15858,26532,2,26,"(2, 26)",15
15859,36703,2,30,"(2, 30)",16
15861,25237,49,3,"(49, 3)",256
15862,35291,2,26,"(2, 26)",15
15863,33386,2,26,"(2, 26)",15
15864,6229,21,58,"(21, 58)",121
15865,6229,21,58,"(21, 58)",121
15866,6229,21,58,"(21, 58)",121
15870,6229,21,58,"(21, 58)",121
15872,15720,21,58,"(21, 58)",121
15873,15720,21,58,"(21, 58)",121
15875,15720,21,58,"(21, 58)",121
15876,8055,36,85,"(36, 85)",199
15877,8055,36,85,"(36, 85)",199
15879,15720,21,58,"(21, 58)",121
15885,789,2,18,"(2, 18)",13
15886,30857,2,30,"(2, 30)",16
15887,3774,33,98,"(33, 98)",189
15888,3774,33,98,"(33, 98)",189
15889,16481,49,54,"(49, 54)",259
15892,2293,17,59,"(17, 59)",104
15893,37530,1,59,"(1, 59)",8
15894,8190,49,68,"(49, 68)",261
15897,11966,52,35,"(52, 35)",278
15899,5644,39,36,"(39, 36)",220
15902,4026,49,68,"(49, 68)",261
15903,4026,49,68,"(49, 68)",261
15908,17980,49,68,"(49, 68)",261
15910,10893,52,60,"(52, 60)",282
15914,21373,52,36,"(52, 36)",279
15915,19758,7,101,"(7, 101)",61
15916,19758,7,101,"(7, 101)",61
15917,33632,52,35,"(52, 35)",278
15918,8419,52,35,"(52, 35)",278
15919,13645,7,35,"(7, 35)",58
15920,4795,7,36,"(7, 36)",59
15927,11251,38,101,"(38, 101)",218
15930,15720,21,58,"(21, 58)",121
15931,15720,21,58,"(21, 58)",121
15933,15315,21,58,"(21, 58)",121
15937,12419,52,36,"(52, 36)",279
15938,12419,52,36,"(52, 36)",279
15944,19395,2,93,"(2, 93)",21
15949,10853,7,35,"(7, 35)",58
15950,38,30,54,"(30, 54)",179
15951,20279,30,54,"(30, 54)",179
15954,5904,52,36,"(52, 36)",279
15957,24241,14,86,"(14, 86)",84
15958,2606,14,86,"(14, 86)",84
15959,3349,11,23,"(11, 23)",73
15960,36242,42,106,"(42, 106)",242
15961,2891,42,106,"(42, 106)",242
15962,3906,42,106,"(42, 106)",242
15963,2627,7,35,"(7, 35)",58
15964,2627,7,35,"(7, 35)",58
15965,27641,39,103,"(39, 103)",223
15966,12968,52,35,"(52, 35)",278
15967,9611,52,35,"(52, 35)",278
15968,9611,52,35,"(52, 35)",278
15969,21636,52,35,"(52, 35)",278
15970,18861,52,35,"(52, 35)",278
15971,14260,52,36,"(52, 36)",279
15972,17196,52,35,"(52, 35)",278
15973,2734,52,35,"(52, 35)",278
15974,18338,39,103,"(39, 103)",223
15975,18338,39,103,"(39, 103)",223
15976,488,7,35,"(7, 35)",58
15977,24490,39,36,"(39, 36)",220
15978,21582,39,35,"(39, 35)",219
15979,11195,48,10,"(48, 10)",253
15980,33639,37,50,"(37, 50)",202
15981,36393,33,81,"(33, 81)",188
15982,20489,21,83,"(21, 83)",124
15983,32379,23,78,"(23, 78)",133
15984,8716,23,78,"(23, 78)",133
15986,10743,50,80,"(50, 80)",267
15987,10474,50,80,"(50, 80)",267
15991,14411,49,3,"(49, 3)",256
15992,26138,7,101,"(7, 101)",61
15993,2107,7,101,"(7, 101)",61
15996,11439,42,108,"(42, 108)",243
15997,11439,42,108,"(42, 108)",243
15998,18959,14,2,"(14, 2)",80
15999,18959,14,2,"(14, 2)",80
16000,11195,48,10,"(48, 10)",253
16001,3206,42,108,"(42, 108)",243
16002,9957,42,108,"(42, 108)",243
16005,4410,49,68,"(49, 68)",261
16006,9897,49,89,"(49, 89)",262
16008,2927,15,107,"(15, 107)",94
16012,21004,11,9,"(11, 9)",72
16013,11439,42,108,"(42, 108)",243
16014,30199,42,106,"(42, 106)",242
16015,32430,52,35,"(52, 35)",278
16016,37240,50,80,"(50, 80)",267
16018,1532,14,94,"(14, 94)",85
16019,23841,14,2,"(14, 2)",80
16021,33639,37,50,"(37, 50)",202
16027,11681,50,80,"(50, 80)",267
16028,10641,48,10,"(48, 10)",253
16029,20260,33,99,"(33, 99)",190
16030,13939,48,1,"(48, 1)",252
16031,24142,48,10,"(48, 10)",253
16033,24938,14,86,"(14, 86)",84
16034,36242,42,106,"(42, 106)",242
16035,11905,48,10,"(48, 10)",253
16037,1532,14,94,"(14, 94)",85
16038,27037,5,38,"(5, 38)",51
16039,27037,5,38,"(5, 38)",51
16044,35128,8,36,"(8, 36)",62
16045,31341,37,50,"(37, 50)",202
16049,266,42,106,"(42, 106)",242
16050,1223,42,106,"(42, 106)",242
16051,11642,48,1,"(48, 1)",252
16053,4678,51,90,"(51, 90)",273
16054,34922,51,90,"(51, 90)",273
16060,24959,33,81,"(33, 81)",188
16062,24959,33,81,"(33, 81)",188
16063,24959,33,81,"(33, 81)",188
16064,36393,33,81,"(33, 81)",188
16066,1456,37,113,"(37, 113)",209
16067,26012,21,62,"(21, 62)",122
16069,19446,48,1,"(48, 1)",252
16070,8417,9,106,"(9, 106)",70
16071,34192,42,106,"(42, 106)",242
16072,25012,48,10,"(48, 10)",253
16073,3951,9,72,"(9, 72)",67
16074,9162,14,94,"(14, 94)",85
16075,36288,43,67,"(43, 67)",250
16076,25851,42,92,"(42, 92)",241
16077,1041,21,34,"(21, 34)",119
16078,9759,14,10,"(14, 10)",81
16079,107,9,1,"(9, 1)",63
16080,3843,9,74,"(9, 74)",68
16081,37572,42,109,"(42, 109)",244
16082,18560,9,10,"(9, 10)",65
16083,9004,48,1,"(48, 1)",252
16084,14091,14,2,"(14, 2)",80
16085,20191,42,106,"(42, 106)",242
16086,12934,21,58,"(21, 58)",121
16087,9560,9,74,"(9, 74)",68
16088,21210,21,34,"(21, 34)",119
16089,80,14,86,"(14, 86)",84
16091,23417,37,50,"(37, 50)",202
16094,3755,48,1,"(48, 1)",252
16095,16479,9,10,"(9, 10)",65
16096,18616,4,45,"(4, 45)",44
16097,30519,37,50,"(37, 50)",202
16098,13692,14,94,"(14, 94)",85
16099,3490,37,50,"(37, 50)",202
16100,13807,14,94,"(14, 94)",85
16101,30066,9,72,"(9, 72)",67
16102,2861,42,106,"(42, 106)",242
16103,21876,42,108,"(42, 108)",243
16104,6687,48,1,"(48, 1)",252
16105,3791,9,10,"(9, 10)",65
16106,37315,21,24,"(21, 24)",118
16107,30248,21,108,"(21, 108)",125
16108,33117,42,58,"(42, 58)",239
16109,33650,9,72,"(9, 72)",67
16110,11385,14,94,"(14, 94)",85
16112,1807,9,74,"(9, 74)",68
16113,9175,48,1,"(48, 1)",252
16114,1181,14,94,"(14, 94)",85
16117,16484,21,109,"(21, 109)",126
16118,3267,42,108,"(42, 108)",243
16119,4781,37,63,"(37, 63)",204
16120,1322,48,10,"(48, 10)",253
16121,10908,48,10,"(48, 10)",253
16123,28260,28,91,"(28, 91)",168
16124,10045,42,108,"(42, 108)",243
16125,29867,9,74,"(9, 74)",68
16126,26547,42,50,"(42, 50)",238
16127,2154,42,106,"(42, 106)",242
16128,9047,42,106,"(42, 106)",242
16130,20262,9,106,"(9, 106)",70
16131,23398,42,108,"(42, 108)",243
16132,17652,48,10,"(48, 10)",253
16133,10292,14,86,"(14, 86)",84
16134,12306,48,1,"(48, 1)",252
16136,16153,14,94,"(14, 94)",85
16138,1555,14,94,"(14, 94)",85
16140,26684,9,106,"(9, 106)",70
16141,5363,42,92,"(42, 92)",241
16143,2960,14,2,"(14, 2)",80
16144,17205,23,78,"(23, 78)",133
16146,7945,14,2,"(14, 2)",80
16147,34698,42,108,"(42, 108)",243
16148,36839,9,92,"(9, 92)",69
16149,37570,37,50,"(37, 50)",202
16155,22785,39,36,"(39, 36)",220
16156,11172,33,81,"(33, 81)",188
16157,11172,33,81,"(33, 81)",188
16159,5115,29,76,"(29, 76)",175
16160,7417,42,108,"(42, 108)",243
16161,24492,39,98,"(39, 98)",221
16162,17624,39,98,"(39, 98)",221
16163,9168,33,81,"(33, 81)",188
16164,33669,38,98,"(38, 98)",216
16166,3715,39,101,"(39, 101)",222
16167,3715,39,101,"(39, 101)",222
16168,10450,33,98,"(33, 98)",189
16169,3715,39,101,"(39, 101)",222
16170,18882,39,101,"(39, 101)",222
16180,6504,49,68,"(49, 68)",261
16186,31855,38,48,"(38, 48)",214
16187,1337,49,68,"(49, 68)",261
16188,13094,5,38,"(5, 38)",51
16189,13094,5,38,"(5, 38)",51
16190,12433,49,89,"(49, 89)",262
16191,14312,49,89,"(49, 89)",262
16192,31424,38,101,"(38, 101)",218
16193,33409,39,98,"(39, 98)",221
16194,32476,39,98,"(39, 98)",221
16195,17624,33,98,"(33, 98)",189
16198,9674,49,68,"(49, 68)",261
16202,5017,49,68,"(49, 68)",261
16203,1674,23,40,"(23, 40)",130
16248,18720,49,89,"(49, 89)",262
16249,31534,38,101,"(38, 101)",218
16250,8013,52,39,"(52, 39)",280
16251,31453,39,35,"(39, 35)",219
16252,28529,52,39,"(52, 39)",280
16253,17568,7,101,"(7, 101)",61
16254,17568,7,101,"(7, 101)",61
16255,20257,52,35,"(52, 35)",278
16256,4828,37,50,"(37, 50)",202
16257,7435,7,101,"(7, 101)",61
16258,31300,52,35,"(52, 35)",278
16259,31300,52,35,"(52, 35)",278
16260,17037,7,101,"(7, 101)",61
16262,34312,52,60,"(52, 60)",282
16265,21190,52,60,"(52, 60)",282
16266,21190,52,60,"(52, 60)",282
16267,11097,7,101,"(7, 101)",61
16273,15567,52,36,"(52, 36)",279
16275,16414,54,46,"(54, 46)",285
16276,12897,54,46,"(54, 46)",285
16282,17628,33,99,"(33, 99)",190
16283,2341,11,23,"(11, 23)",73
16287,26444,7,101,"(7, 101)",61
16288,6680,43,67,"(43, 67)",250
16289,11981,39,103,"(39, 103)",223
16290,4026,49,68,"(49, 68)",261
16291,26729,54,46,"(54, 46)",285
16294,31505,29,18,"(29, 18)",172
16298,37007,28,91,"(28, 91)",168
16301,33676,28,25,"(28, 25)",161
16302,34082,28,25,"(28, 25)",161
16305,19014,18,104,"(18, 104)",111
16306,27262,18,104,"(18, 104)",111
16307,17343,18,104,"(18, 104)",111
16309,24850,49,21,"(49, 21)",257
16312,17224,1,52,"(1, 52)",7
16313,29871,17,59,"(17, 59)",104
16314,30738,1,59,"(1, 59)",8
16315,5752,4,11,"(4, 11)",40
16317,36282,2,93,"(2, 93)",21
16319,18813,1,59,"(1, 59)",8
16320,16761,5,110,"(5, 110)",55
16321,32818,5,82,"(5, 82)",54
16322,36234,49,68,"(49, 68)",261
16323,558,49,68,"(49, 68)",261
16324,36113,38,19,"(38, 19)",211
16325,33698,38,19,"(38, 19)",211
16328,9760,38,101,"(38, 101)",218
16329,18338,39,103,"(39, 103)",223
16331,12830,15,55,"(15, 55)",89
16334,2491,28,31,"(28, 31)",164
16336,35691,28,0,"(28, 0)",156
16338,28658,15,66,"(15, 66)",90
16340,4799,5,37,"(5, 37)",50
16343,35441,52,42,"(52, 42)",281
16344,1782,28,31,"(28, 31)",164
16345,35761,49,21,"(49, 21)",257
16346,36216,28,25,"(28, 25)",161
16349,37069,33,81,"(33, 81)",188
16350,35884,33,81,"(33, 81)",188
16352,37363,24,27,"(24, 27)",138
16353,3688,4,11,"(4, 11)",40
16354,330,17,52,"(17, 52)",103
16355,24479,17,52,"(17, 52)",103
16356,5884,30,54,"(30, 54)",179
16357,35510,3,47,"(3, 47)",30
16358,10400,24,27,"(24, 27)",138
16359,10400,24,27,"(24, 27)",138
16360,36554,28,0,"(28, 0)",156
16361,1576,24,51,"(24, 51)",139
16362,6424,38,101,"(38, 101)",218
16364,2205,32,17,"(32, 17)",184
16365,7329,3,78,"(3, 78)",35
16366,9011,3,96,"(3, 96)",38
16367,5931,29,76,"(29, 76)",175
16371,14740,5,82,"(5, 82)",54
16374,15320,16,71,"(16, 71)",98
16375,9593,23,44,"(23, 44)",131
16377,21579,43,48,"(43, 48)",248
16379,9366,33,15,"(33, 15)",185
16380,1507,15,82,"(15, 82)",92
16381,20646,49,89,"(49, 89)",262
16382,34553,49,89,"(49, 89)",262
16383,10330,3,78,"(3, 78)",35
16384,2069,15,55,"(15, 55)",89
16385,33772,49,89,"(49, 89)",262
16387,6412,8,36,"(8, 36)",62
16389,195,52,39,"(52, 39)",280
16390,22262,27,75,"(27, 75)",155
16391,18911,43,8,"(43, 8)",246
16392,2390,15,82,"(15, 82)",92
16393,5981,39,35,"(39, 35)",219
16394,5981,39,35,"(39, 35)",219
16396,17997,4,84,"(4, 84)",47
16397,6004,3,70,"(3, 70)",33
16399,20930,3,96,"(3, 96)",38
16400,33773,28,25,"(28, 25)",161
16401,26315,49,89,"(49, 89)",262
16402,10858,28,105,"(28, 105)",169
16403,4072,1,27,"(1, 27)",3
16405,8537,52,39,"(52, 39)",280
16406,8536,52,39,"(52, 39)",280
16407,21540,52,42,"(52, 42)",281
16408,5317,8,36,"(8, 36)",62
16409,21991,8,36,"(8, 36)",62
16411,7908,51,80,"(51, 80)",271
16412,24693,38,33,"(38, 33)",212
16413,30508,4,111,"(4, 111)",48
16416,16595,4,45,"(4, 45)",44
16417,8450,30,15,"(30, 15)",178
16419,1389,24,97,"(24, 97)",143
16420,8843,7,35,"(7, 35)",58
16421,432,24,20,"(24, 20)",136
16422,764,28,105,"(28, 105)",169
16423,33915,2,18,"(2, 18)",13
16424,34560,51,80,"(51, 80)",271
16425,35821,51,9,"(51, 9)",269
16426,8866,24,90,"(24, 90)",142
16427,8184,17,52,"(17, 52)",103
16428,34817,43,8,"(43, 8)",246
16429,20164,1,59,"(1, 59)",8
16430,20322,27,61,"(27, 61)",154
16431,6705,27,61,"(27, 61)",154
16434,12290,51,97,"(51, 97)",274
16435,13031,4,45,"(4, 45)",44
16436,15158,28,0,"(28, 0)",156
16439,3774,33,98,"(33, 98)",189
16440,12500,3,66,"(3, 66)",32
16441,21062,28,3,"(28, 3)",157
16442,4336,24,20,"(24, 20)",136
16443,14978,15,66,"(15, 66)",90
16444,30775,17,29,"(17, 29)",100
16445,30775,17,29,"(17, 29)",100
16449,3238,4,45,"(4, 45)",44
16451,7625,49,68,"(49, 68)",261
16454,7266,5,82,"(5, 82)",54
16455,21582,39,35,"(39, 35)",219
16458,13962,4,49,"(4, 49)",45
16459,2911,4,49,"(4, 49)",45
16460,15408,4,49,"(4, 49)",45
16463,25996,40,83,"(40, 83)",235
16465,14356,15,107,"(15, 107)",94
16467,22463,16,71,"(16, 71)",98
16468,12633,4,59,"(4, 59)",46
16469,17594,40,24,"(40, 24)",228
16470,30280,7,36,"(7, 36)",59
16471,2215,28,25,"(28, 25)",161
16472,34249,15,55,"(15, 55)",89
16473,3976,1,20,"(1, 20)",2
16475,13675,43,67,"(43, 67)",250
16476,21346,38,60,"(38, 60)",215
16477,37199,38,60,"(38, 60)",215
16478,32991,30,54,"(30, 54)",179
16480,2492,40,20,"(40, 20)",226
16481,1830,5,82,"(5, 82)",54
16482,649,38,101,"(38, 101)",218
16483,5927,7,36,"(7, 36)",59
16484,6202,18,104,"(18, 104)",111
16485,27612,52,60,"(52, 60)",282
16486,3217,3,66,"(3, 66)",32
16490,34276,30,54,"(30, 54)",179
16491,6,5,37,"(5, 37)",50
16492,18858,17,52,"(17, 52)",103
16494,12696,4,11,"(4, 11)",40
16495,3123,37,113,"(37, 113)",209
16496,34951,23,44,"(23, 44)",131
16497,17438,51,80,"(51, 80)",271
16498,17690,36,75,"(36, 75)",198
16499,278,51,80,"(51, 80)",271
16500,11548,15,16,"(15, 16)",87
16501,3215,39,103,"(39, 103)",223
16503,24239,51,97,"(51, 97)",274
16504,5519,30,54,"(30, 54)",179
16505,1495,29,95,"(29, 95)",176
16506,15623,28,21,"(28, 21)",160
16508,8800,7,36,"(7, 36)",59
16509,24758,38,99,"(38, 99)",217
16513,3644,5,45,"(5, 45)",52
16514,33546,28,21,"(28, 21)",160
16515,13057,17,52,"(17, 52)",103
16516,12663,1,27,"(1, 27)",3
16517,3687,20,53,"(20, 53)",114
16518,5368,29,6,"(29, 6)",170
16522,5593,7,36,"(7, 36)",59
16525,7466,40,24,"(40, 24)",228
16526,3380,4,11,"(4, 11)",40
16527,15091,15,16,"(15, 16)",87
16529,32824,49,68,"(49, 68)",261
16531,18338,39,103,"(39, 103)",223
16532,5407,27,46,"(27, 46)",152
16533,5056,21,57,"(21, 57)",120
16534,17565,15,100,"(15, 100)",93
16537,582,26,69,"(26, 69)",147
16538,6764,23,78,"(23, 78)",133
16539,13150,23,78,"(23, 78)",133
16540,2957,15,16,"(15, 16)",87
16542,1963,38,19,"(38, 19)",211
16543,12226,38,19,"(38, 19)",211
16545,11493,5,22,"(5, 22)",49
16546,32348,30,54,"(30, 54)",179
16547,36928,28,0,"(28, 0)",156
16548,13677,28,0,"(28, 0)",156
16550,36900,51,90,"(51, 90)",273
16551,7392,24,13,"(24, 13)",135
16552,13375,4,45,"(4, 45)",44
16553,1816,28,31,"(28, 31)",164
16555,34514,29,95,"(29, 95)",176
16556,34220,17,90,"(17, 90)",105
16557,18121,51,90,"(51, 90)",273
16558,30563,40,7,"(40, 7)",224
16559,35604,23,78,"(23, 78)",133
16560,2264,15,37,"(15, 37)",88
16561,6199,24,20,"(24, 20)",136
16562,27063,28,3,"(28, 3)",157
16564,7557,1,27,"(1, 27)",3
16566,24847,17,52,"(17, 52)",103
16567,37400,17,52,"(17, 52)",103
16570,9401,51,90,"(51, 90)",273
16574,25959,40,83,"(40, 83)",235
16576,7120,28,8,"(28, 8)",159
16577,35006,52,39,"(52, 39)",280
16581,19781,24,20,"(24, 20)",136
16582,7491,28,26,"(28, 26)",162
16583,34440,24,52,"(24, 52)",140
16586,678,1,59,"(1, 59)",8
16587,11743,28,6,"(28, 6)",158
16588,3513,49,68,"(49, 68)",261
16590,428,51,80,"(51, 80)",271
16591,33825,51,80,"(51, 80)",271
16592,234,4,111,"(4, 111)",48
16593,14845,33,15,"(33, 15)",185
16595,2772,11,23,"(11, 23)",73
16596,25760,15,107,"(15, 107)",94
16597,7984,7,60,"(7, 60)",60
16598,33944,49,89,"(49, 89)",262
16599,37415,49,89,"(49, 89)",262
16600,32395,49,89,"(49, 89)",262
16601,17948,49,89,"(49, 89)",262
16602,2658,30,15,"(30, 15)",178
16603,11088,38,98,"(38, 98)",216
16604,21255,2,0,"(2, 0)",12
16608,17676,52,60,"(52, 60)",282
16609,28272,39,103,"(39, 103)",223
16610,194,18,105,"(18, 105)",112
16611,33495,28,25,"(28, 25)",161
16612,5953,32,17,"(32, 17)",184
16613,2569,3,66,"(3, 66)",32
16614,8799,7,36,"(7, 36)",59
16615,26022,28,3,"(28, 3)",157
16616,24288,33,81,"(33, 81)",188
16617,29581,29,95,"(29, 95)",176
16619,1603,5,82,"(5, 82)",54
16620,11088,39,98,"(39, 98)",221
16621,11088,38,98,"(38, 98)",216
16622,27641,39,103,"(39, 103)",223
16623,26935,51,97,"(51, 97)",274
16626,19025,11,9,"(11, 9)",72
16627,25137,17,59,"(17, 59)",104
16628,35216,17,52,"(17, 52)",103
16629,33520,23,40,"(23, 40)",130
16630,27846,30,54,"(30, 54)",179
16631,36132,21,12,"(21, 12)",117
16632,35492,26,88,"(26, 88)",149
16633,1820,5,22,"(5, 22)",49
16634,1592,52,39,"(52, 39)",280
16635,35308,2,18,"(2, 18)",13
16638,16149,52,39,"(52, 39)",280
16640,804,30,15,"(30, 15)",178
16641,30893,43,91,"(43, 91)",251
16642,264,43,91,"(43, 91)",251
16643,6467,52,42,"(52, 42)",281
16644,3864,7,36,"(7, 36)",59
16645,9760,38,101,"(38, 101)",218
16648,7215,29,6,"(29, 6)",170
16649,1693,52,39,"(52, 39)",280
16651,21373,52,36,"(52, 36)",279
16652,2174,30,54,"(30, 54)",179
16653,6108,28,105,"(28, 105)",169
16654,2959,49,91,"(49, 91)",263
16656,34757,40,12,"(40, 12)",225
16657,26100,52,36,"(52, 36)",279
16659,3694,38,19,"(38, 19)",211
16661,37414,18,104,"(18, 104)",111
16662,5981,39,35,"(39, 35)",219
16663,22593,43,8,"(43, 8)",246
16664,27026,43,8,"(43, 8)",246
16665,11714,28,25,"(28, 25)",161
16667,28069,18,104,"(18, 104)",111
16668,4931,4,4,"(4, 4)",39
16670,10060,30,54,"(30, 54)",179
16671,9412,5,22,"(5, 22)",49
16672,34129,17,52,"(17, 52)",103
16674,28650,18,105,"(18, 105)",112
16675,31115,17,52,"(17, 52)",103
16676,13803,28,21,"(28, 21)",160
16679,35978,33,15,"(33, 15)",185
16680,12481,5,45,"(5, 45)",52
16684,19527,43,8,"(43, 8)",246
16686,293,3,96,"(3, 96)",38
16690,17114,52,36,"(52, 36)",279
16691,1289,28,105,"(28, 105)",169
16694,17756,1,59,"(1, 59)",8
16695,4730,23,78,"(23, 78)",133
16696,15579,23,78,"(23, 78)",133
16697,6111,5,45,"(5, 45)",52
16698,885,27,75,"(27, 75)",155
16699,834,1,59,"(1, 59)",8
16700,37070,52,75,"(52, 75)",283
16701,2897,49,68,"(49, 68)",261
16702,2834,3,70,"(3, 70)",33
16704,17756,1,59,"(1, 59)",8
16705,17114,52,36,"(52, 36)",279
16706,2556,11,9,"(11, 9)",72
16708,26834,52,19,"(52, 19)",277
16709,26834,52,19,"(52, 19)",277
16710,34278,2,18,"(2, 18)",13
16711,37124,1,59,"(1, 59)",8
16712,7658,11,9,"(11, 9)",72
16713,7436,11,9,"(11, 9)",72
16715,36297,4,4,"(4, 4)",39
16716,13498,1,28,"(1, 28)",4
16717,13361,3,70,"(3, 70)",33
16718,8040,1,96,"(1, 96)",11
16719,14496,16,71,"(16, 71)",98
16720,6697,49,89,"(49, 89)",262
16722,21215,15,82,"(15, 82)",92
16723,9611,52,35,"(52, 35)",278
16724,12874,38,60,"(38, 60)",215
16728,28650,18,105,"(18, 105)",112
16729,21097,52,60,"(52, 60)",282
16730,27316,20,102,"(20, 102)",116
16731,6147,4,18,"(4, 18)",41
16732,20390,1,96,"(1, 96)",11
16733,27641,39,103,"(39, 103)",223
16735,1206,26,77,"(26, 77)",148
16736,12238,26,77,"(26, 77)",148
16737,24563,40,12,"(40, 12)",225
16738,24563,40,12,"(40, 12)",225
16739,2275,5,49,"(5, 49)",53
16740,37481,40,7,"(40, 7)",224
16742,15166,4,45,"(4, 45)",44
16743,15900,1,84,"(1, 84)",10
16744,12681,33,15,"(33, 15)",185
16746,36356,3,5,"(3, 5)",23
16747,4266,33,81,"(33, 81)",188
16748,15740,49,89,"(49, 89)",262
16749,18811,49,89,"(49, 89)",262
16751,18773,4,59,"(4, 59)",46
16752,9825,2,18,"(2, 18)",13
16753,5282,52,35,"(52, 35)",278
16754,34543,28,8,"(28, 8)",159
16755,25601,42,24,"(42, 24)",237
16758,972,38,19,"(38, 19)",211
16759,7209,49,89,"(49, 89)",262
16761,19387,2,93,"(2, 93)",21
16762,27263,1,84,"(1, 84)",10
16763,18233,1,59,"(1, 59)",8
16764,11850,16,38,"(16, 38)",96
16765,21400,51,97,"(51, 97)",274
16766,29619,33,48,"(33, 48)",186
16767,20675,17,29,"(17, 29)",100
16768,9137,3,5,"(3, 5)",23
16769,1214,11,57,"(11, 57)",74
16770,32975,29,95,"(29, 95)",176
16771,2474,39,35,"(39, 35)",219
16773,12318,15,55,"(15, 55)",89
16774,35091,11,9,"(11, 9)",72
16776,8565,51,9,"(51, 9)",269
16777,11447,51,9,"(51, 9)",269
16779,6323,1,20,"(1, 20)",2
16780,929,39,103,"(39, 103)",223
16781,6504,49,68,"(49, 68)",261
16782,12968,52,35,"(52, 35)",278
16783,32302,28,8,"(28, 8)",159
16785,37131,17,52,"(17, 52)",103
16786,13909,1,84,"(1, 84)",10
16787,27422,17,29,"(17, 29)",100
16788,21985,17,29,"(17, 29)",100
16789,31389,37,114,"(37, 114)",210
16790,170,38,60,"(38, 60)",215
16791,28782,52,42,"(52, 42)",281
16792,34780,52,60,"(52, 60)",282
16794,4767,20,102,"(20, 102)",116
16795,13889,28,25,"(28, 25)",161
16796,7546,15,82,"(15, 82)",92
16797,30478,40,12,"(40, 12)",225
16798,4332,3,66,"(3, 66)",32
16799,33733,28,21,"(28, 21)",160
16801,9620,37,78,"(37, 78)",206
16804,2627,7,35,"(7, 35)",58
16805,31333,2,18,"(2, 18)",13
16806,34136,4,59,"(4, 59)",46
16807,32389,4,59,"(4, 59)",46
16808,8982,32,17,"(32, 17)",184
16809,7215,29,6,"(29, 6)",170
16810,12642,28,105,"(28, 105)",169
16811,1862,28,6,"(28, 6)",158
16812,4755,29,95,"(29, 95)",176
16813,7328,33,15,"(33, 15)",185
16814,1335,52,39,"(52, 39)",280
16816,34696,21,83,"(21, 83)",124
16819,6890,3,66,"(3, 66)",32
16824,17273,4,45,"(4, 45)",44
16827,1757,29,6,"(29, 6)",170
16828,17574,24,90,"(24, 90)",142
16829,23894,40,77,"(40, 77)",234
16830,1141,38,101,"(38, 101)",218
16835,29570,2,18,"(2, 18)",13
16837,36942,6,65,"(6, 65)",56
16839,8537,52,39,"(52, 39)",280
16840,13780,17,52,"(17, 52)",103
16841,21985,17,29,"(17, 29)",100
16842,36703,2,30,"(2, 30)",16
16844,27417,32,17,"(32, 17)",184
16845,556,26,69,"(26, 69)",147
16846,160,51,9,"(51, 9)",269
16849,14412,28,91,"(28, 91)",168
16850,19727,17,52,"(17, 52)",103
16851,32473,17,52,"(17, 52)",103
16853,4673,5,22,"(5, 22)",49
16854,951,5,22,"(5, 22)",49
16855,25648,1,59,"(1, 59)",8
16857,10535,38,33,"(38, 33)",212
16858,18486,3,78,"(3, 78)",35
16859,37264,28,3,"(28, 3)",157
16860,24312,1,20,"(1, 20)",2
16861,7682,1,96,"(1, 96)",11
16862,13579,28,64,"(28, 64)",165
16864,30992,37,113,"(37, 113)",209
16865,30993,37,113,"(37, 113)",209
16867,27564,28,91,"(28, 91)",168
16868,2088,43,91,"(43, 91)",251
16870,3827,29,95,"(29, 95)",176
16872,13874,29,76,"(29, 76)",175
16873,18304,2,0,"(2, 0)",12
16874,37131,17,52,"(17, 52)",103
16875,19072,28,6,"(28, 6)",158
16876,12107,8,36,"(8, 36)",62
16879,19081,17,52,"(17, 52)",103
16881,35216,17,52,"(17, 52)",103
16882,10226,28,25,"(28, 25)",161
16885,18207,52,39,"(52, 39)",280
16886,9844,3,70,"(3, 70)",33
16887,480,49,68,"(49, 68)",261
16888,30105,51,112,"(51, 112)",276
16889,36427,51,112,"(51, 112)",276
16890,6755,8,36,"(8, 36)",62
16892,32936,51,80,"(51, 80)",271
16894,23400,1,59,"(1, 59)",8
16897,2365,40,7,"(40, 7)",224
16898,12844,38,19,"(38, 19)",211
16899,35340,1,59,"(1, 59)",8
16900,5927,7,36,"(7, 36)",59
16901,5927,7,36,"(7, 36)",59
16902,19081,17,52,"(17, 52)",103
16905,23113,43,67,"(43, 67)",250
16906,23016,39,98,"(39, 98)",221
16907,4177,39,103,"(39, 103)",223
16912,7860,40,51,"(40, 51)",230
16913,394,5,22,"(5, 22)",49
16914,4494,39,35,"(39, 35)",219
16916,37002,18,41,"(18, 41)",109
16918,23220,24,90,"(24, 90)",142
16919,2517,51,97,"(51, 97)",274
16920,15014,18,41,"(18, 41)",109
16922,10064,28,31,"(28, 31)",164
16923,34124,52,75,"(52, 75)",283
16924,33186,16,71,"(16, 71)",98
16925,9803,16,38,"(16, 38)",96
16929,16508,4,45,"(4, 45)",44
16930,18242,5,49,"(5, 49)",53
16932,25447,43,67,"(43, 67)",250
16933,18813,1,59,"(1, 59)",8
16934,17224,1,52,"(1, 52)",7
16936,840,52,19,"(52, 19)",277
16940,4991,28,64,"(28, 64)",165
16942,16269,51,97,"(51, 97)",274
16945,28782,52,42,"(52, 42)",281
16946,22809,49,68,"(49, 68)",261
16947,21815,52,42,"(52, 42)",281
16950,897,33,81,"(33, 81)",188
16951,4034,2,26,"(2, 26)",15
16952,16488,38,19,"(38, 19)",211
16953,33792,23,113,"(23, 113)",134
16954,11954,18,17,"(18, 17)",108
16955,22048,1,96,"(1, 96)",11
16956,12797,5,38,"(5, 38)",51
16957,15054,1,84,"(1, 84)",10
16958,15210,15,16,"(15, 16)",87
16959,19386,2,93,"(2, 93)",21
16962,18676,24,90,"(24, 90)",142
16963,4063,29,30,"(29, 30)",173
16965,5449,38,33,"(38, 33)",212
16967,35645,23,24,"(23, 24)",129
16968,9423,4,45,"(4, 45)",44
16969,37616,17,59,"(17, 59)",104
16970,37417,17,59,"(17, 59)",104
16971,33917,8,36,"(8, 36)",62
16972,36741,15,37,"(15, 37)",88
16975,34200,1,59,"(1, 59)",8
16976,11346,3,66,"(3, 66)",32
16979,18773,4,59,"(4, 59)",46
16981,33128,30,103,"(30, 103)",183
16982,6940,38,19,"(38, 19)",211
16984,5051,1,59,"(1, 59)",8
16985,1675,51,97,"(51, 97)",274
16986,4176,39,103,"(39, 103)",223
16987,27836,2,65,"(2, 65)",19
16988,30839,2,93,"(2, 93)",21
16993,6512,38,60,"(38, 60)",215
16994,21308,43,91,"(43, 91)",251
16995,37530,1,59,"(1, 59)",8
16996,10428,43,67,"(43, 67)",250
16997,8843,7,35,"(7, 35)",58
16998,36711,2,18,"(2, 18)",13
16999,31095,30,54,"(30, 54)",179
17001,5854,30,15,"(30, 15)",178
17002,21249,40,12,"(40, 12)",225
17003,32659,1,59,"(1, 59)",8
17004,3864,7,36,"(7, 36)",59
17005,11586,52,36,"(52, 36)",279
17007,1962,38,33,"(38, 33)",212
17013,8016,3,96,"(3, 96)",38
17014,14769,5,45,"(5, 45)",52
17016,1814,3,5,"(3, 5)",23
17018,35216,17,52,"(17, 52)",103
17020,85,27,75,"(27, 75)",155
17024,7982,29,95,"(29, 95)",176
17025,9267,23,78,"(23, 78)",133
17027,21635,37,44,"(37, 44)",201
17028,9059,37,114,"(37, 114)",210
17029,34445,40,77,"(40, 77)",234
17031,35216,17,52,"(17, 52)",103
17032,10115,26,97,"(26, 97)",150
17034,35882,28,0,"(28, 0)",156
17035,1801,33,98,"(33, 98)",189
17037,595,49,91,"(49, 91)",263
17038,29013,33,81,"(33, 81)",188
17039,28014,24,27,"(24, 27)",138
17040,36234,49,68,"(49, 68)",261
17041,3413,18,17,"(18, 17)",108
17042,13848,5,45,"(5, 45)",52
17043,17265,28,0,"(28, 0)",156
17044,25017,40,24,"(40, 24)",228
17045,32945,37,114,"(37, 114)",210
17047,16167,1,20,"(1, 20)",2
17049,36451,38,19,"(38, 19)",211
17050,22654,38,19,"(38, 19)",211
17051,19013,28,3,"(28, 3)",157
17052,1693,52,39,"(52, 39)",280
17054,34469,3,47,"(3, 47)",30
17055,4383,51,80,"(51, 80)",271
17056,33551,23,78,"(23, 78)",133
17057,6660,30,54,"(30, 54)",179
17058,19555,26,23,"(26, 23)",145
17059,27922,49,89,"(49, 89)",262
17060,36206,33,98,"(33, 98)",189
17063,483,27,75,"(27, 75)",155
17064,1659,49,68,"(49, 68)",261
17066,4854,30,91,"(30, 91)",182
17068,19091,38,19,"(38, 19)",211
17070,12961,28,0,"(28, 0)",156
17072,18938,40,24,"(40, 24)",228
17073,21889,43,67,"(43, 67)",250
17074,21786,7,36,"(7, 36)",59
17075,18443,20,102,"(20, 102)",116
17076,35266,49,91,"(49, 91)",263
17078,7930,11,57,"(11, 57)",74
17079,5192,43,15,"(43, 15)",247
17080,19081,17,52,"(17, 52)",103
17081,12266,17,52,"(17, 52)",103
17082,19330,52,60,"(52, 60)",282
17083,37199,38,60,"(38, 60)",215
17084,34236,17,52,"(17, 52)",103
17087,33220,1,59,"(1, 59)",8
17089,7482,29,95,"(29, 95)",176
17090,2722,32,17,"(32, 17)",184
17092,32389,4,59,"(4, 59)",46
17094,1551,17,90,"(17, 90)",105
17095,1551,51,90,"(51, 90)",273
17099,2691,8,36,"(8, 36)",62
17101,582,26,69,"(26, 69)",147
17103,8040,1,96,"(1, 96)",11
17104,34023,49,89,"(49, 89)",262
17106,27006,28,0,"(28, 0)",156
17108,36704,40,12,"(40, 12)",225
17109,36341,18,104,"(18, 104)",111
17110,365,4,4,"(4, 4)",39
17114,4010,37,50,"(37, 50)",202
17115,25725,39,103,"(39, 103)",223
17116,25725,39,103,"(39, 103)",223
17117,25725,39,103,"(39, 103)",223
17118,33987,52,19,"(52, 19)",277
17119,932,28,3,"(28, 3)",157
17120,20710,11,88,"(11, 88)",77
17121,32586,2,65,"(2, 65)",19
17122,34448,2,65,"(2, 65)",19
17123,25983,1,59,"(1, 59)",8
17125,3399,40,77,"(40, 77)",234
17126,32586,2,65,"(2, 65)",19
17127,32586,2,65,"(2, 65)",19
17131,26241,28,21,"(28, 21)",160
17132,3399,40,77,"(40, 77)",234
17135,7834,30,91,"(30, 91)",182
17137,9730,23,78,"(23, 78)",133
17138,20710,51,88,"(51, 88)",272
17140,34159,50,9,"(50, 9)",266
17141,19829,33,15,"(33, 15)",185
17150,27143,33,81,"(33, 81)",188
17152,13217,49,36,"(49, 36)",258
17153,35999,49,89,"(49, 89)",262
17155,37642,36,35,"(36, 35)",193
17156,37642,36,35,"(36, 35)",193
17157,6171,52,35,"(52, 35)",278
17160,20626,7,36,"(7, 36)",59
17161,11674,7,36,"(7, 36)",59
17163,19330,52,60,"(52, 60)",282
17164,27079,52,35,"(52, 35)",278
17166,33783,52,35,"(52, 35)",278
17167,6170,52,35,"(52, 35)",278
17168,5190,7,36,"(7, 36)",59
17169,488,7,35,"(7, 35)",58
17174,37642,36,35,"(36, 35)",193
17178,21438,7,101,"(7, 101)",61
17190,36466,49,89,"(49, 89)",262
17191,35028,9,50,"(9, 50)",66
17192,36254,2,87,"(2, 87)",20
17194,28271,36,85,"(36, 85)",199
17195,28271,36,85,"(36, 85)",199
17196,12541,27,75,"(27, 75)",155
17199,31473,27,35,"(27, 35)",151
17200,28271,36,85,"(36, 85)",199
17204,633,18,104,"(18, 104)",111
17206,932,28,3,"(28, 3)",157
17207,23415,27,35,"(27, 35)",151
17208,23415,27,35,"(27, 35)",151
17210,22881,27,75,"(27, 75)",155
17211,25190,27,75,"(27, 75)",155
17212,36560,36,85,"(36, 85)",199
17213,12334,36,85,"(36, 85)",199
17215,20531,27,35,"(27, 35)",151
17218,14245,36,85,"(36, 85)",199
17219,28271,36,85,"(36, 85)",199
17220,3533,54,46,"(54, 46)",285
17223,36282,2,93,"(2, 93)",21
17225,3125,18,41,"(18, 41)",109
17226,13315,5,37,"(5, 37)",50
17227,16408,43,67,"(43, 67)",250
17228,13314,5,37,"(5, 37)",50
17230,9258,43,54,"(43, 54)",249
17231,15349,51,102,"(51, 102)",275
17256,30248,21,108,"(21, 108)",125
17259,2140,54,46,"(54, 46)",285
17260,186,54,46,"(54, 46)",285
17261,33573,42,58,"(42, 58)",239
17262,31343,28,91,"(28, 91)",168
17263,31343,28,91,"(28, 91)",168
17265,7238,54,46,"(54, 46)",285
17266,16414,54,46,"(54, 46)",285
17267,4279,21,58,"(21, 58)",121
17268,21868,54,46,"(54, 46)",285
17269,20049,54,46,"(54, 46)",285
17270,6481,36,43,"(36, 43)",194
17271,16244,14,2,"(14, 2)",80
17272,21991,8,36,"(8, 36)",62
17273,10860,18,41,"(18, 41)",109
17274,21991,8,36,"(8, 36)",62
17275,21991,8,36,"(8, 36)",62
17276,11871,49,68,"(49, 68)",261
17277,603,21,12,"(21, 12)",117
17279,5361,36,46,"(36, 46)",195
17280,36142,36,46,"(36, 46)",195
17281,22838,9,72,"(9, 72)",67
17282,17103,28,3,"(28, 3)",157
17284,12717,8,36,"(8, 36)",62
17287,33594,54,46,"(54, 46)",285
17288,17659,54,46,"(54, 46)",285
17292,3210,39,36,"(39, 36)",220
17293,11310,39,98,"(39, 98)",221
17295,16995,39,101,"(39, 101)",222
17297,23315,1,52,"(1, 52)",7
17300,35761,49,21,"(49, 21)",257
17301,15623,49,21,"(49, 21)",257
17303,14411,49,3,"(49, 3)",256
17308,12094,54,46,"(54, 46)",285
17309,12094,54,46,"(54, 46)",285
17310,11591,37,63,"(37, 63)",204
17312,3510,48,10,"(48, 10)",253
17313,3511,48,10,"(48, 10)",253
17315,36383,3,79,"(3, 79)",36
17316,8089,40,20,"(40, 20)",226
17338,32793,54,46,"(54, 46)",285
17339,32852,54,46,"(54, 46)",285
17340,24607,54,46,"(54, 46)",285
17341,25143,29,95,"(29, 95)",176
17343,17659,36,46,"(36, 46)",195
17344,36174,54,46,"(54, 46)",285
17347,32300,54,46,"(54, 46)",285
17350,35828,9,72,"(9, 72)",67
17353,5158,14,94,"(14, 94)",85
17354,1350,54,46,"(54, 46)",285
17355,1251,14,94,"(14, 94)",85
17356,29453,51,80,"(51, 80)",271
17357,29453,51,80,"(51, 80)",271
17359,15692,54,46,"(54, 46)",285
17361,8220,49,68,"(49, 68)",261
17362,20435,48,10,"(48, 10)",253
17364,31120,54,46,"(54, 46)",285
17365,31120,54,46,"(54, 46)",285
17366,33594,54,46,"(54, 46)",285
17367,17659,54,46,"(54, 46)",285
17368,16414,54,46,"(54, 46)",285
17369,32852,54,46,"(54, 46)",285
17370,17659,54,46,"(54, 46)",285
17371,3989,9,72,"(9, 72)",67
17374,15610,54,46,"(54, 46)",285
17375,35946,54,46,"(54, 46)",285
17376,32300,54,46,"(54, 46)",285
17378,10487,36,43,"(36, 43)",194
17384,130,54,46,"(54, 46)",285
17385,30941,54,46,"(54, 46)",285
17386,1835,54,46,"(54, 46)",285
17387,375,42,92,"(42, 92)",241
17388,3926,40,23,"(40, 23)",227
17389,16564,54,46,"(54, 46)",285
17390,28304,54,46,"(54, 46)",285
17391,8146,21,34,"(21, 34)",119
17393,7747,54,46,"(54, 46)",285
17394,13981,33,81,"(33, 81)",188
17395,25143,29,95,"(29, 95)",176
17396,24607,54,46,"(54, 46)",285
17397,30920,54,46,"(54, 46)",285
17400,15620,48,10,"(48, 10)",253
17402,12525,54,46,"(54, 46)",285
17404,12275,54,46,"(54, 46)",285
17405,16945,48,10,"(48, 10)",253
17406,16701,54,46,"(54, 46)",285
17407,32560,54,46,"(54, 46)",285
17410,7649,12,4,"(12, 4)",79
17411,25543,12,4,"(12, 4)",79
17413,36222,9,50,"(9, 50)",66
17414,13590,21,108,"(21, 108)",125
17415,20588,54,46,"(54, 46)",285
17416,13076,54,46,"(54, 46)",285
17417,36864,30,91,"(30, 91)",182
17420,3137,14,2,"(14, 2)",80
17421,17570,54,46,"(54, 46)",285
17422,1270,42,108,"(42, 108)",243
17423,33008,54,46,"(54, 46)",285
17424,24607,54,46,"(54, 46)",285
17425,30668,33,54,"(33, 54)",187
17427,19339,52,39,"(52, 39)",280
17428,18855,10,85,"(10, 85)",71
17429,15837,42,92,"(42, 92)",241
17430,30160,42,92,"(42, 92)",241
17431,3773,36,85,"(36, 85)",199
17432,18326,36,85,"(36, 85)",199
17436,22692,42,92,"(42, 92)",241
17437,15327,36,85,"(36, 85)",199
17438,28528,42,92,"(42, 92)",241
17439,26,2,18,"(2, 18)",13
17440,4353,27,61,"(27, 61)",154
17443,30146,15,107,"(15, 107)",94
17444,19178,36,61,"(36, 61)",197
17445,10653,29,64,"(29, 64)",174
17446,11447,51,9,"(51, 9)",269
17447,37521,5,22,"(5, 22)",49
17452,8728,11,9,"(11, 9)",72
17453,11953,11,23,"(11, 23)",73
17454,1327,48,1,"(48, 1)",252
17455,5528,24,52,"(24, 52)",140
17457,295,38,60,"(38, 60)",215
17458,37199,38,60,"(38, 60)",215
17460,13026,9,72,"(9, 72)",67
17461,21520,40,23,"(40, 23)",227
17463,13375,4,45,"(4, 45)",44
17466,5592,9,72,"(9, 72)",67
17467,13555,48,1,"(48, 1)",252
17468,24287,24,52,"(24, 52)",140
17469,7226,51,9,"(51, 9)",269
17474,23073,26,88,"(26, 88)",149
17475,8708,37,106,"(37, 106)",208
17476,14312,49,89,"(49, 89)",262
17479,13222,27,61,"(27, 61)",154
17480,35266,49,91,"(49, 91)",263
17481,35266,49,91,"(49, 91)",263
17482,9489,49,89,"(49, 89)",262
17484,11141,49,103,"(49, 103)",265
17485,21520,40,23,"(40, 23)",227
17486,16163,52,60,"(52, 60)",282
17489,20900,4,45,"(4, 45)",44
17490,36032,4,45,"(4, 45)",44
17495,26040,38,60,"(38, 60)",215
17496,10486,14,94,"(14, 94)",85
17497,16163,52,60,"(52, 60)",282
17499,3377,2,18,"(2, 18)",13
17501,24123,52,60,"(52, 60)",282
17502,27759,49,89,"(49, 89)",262
17503,22202,49,89,"(49, 89)",262
17504,30206,49,89,"(49, 89)",262
17508,30706,30,54,"(30, 54)",179
17511,29128,52,36,"(52, 36)",279
17512,18156,1,84,"(1, 84)",10
17513,18157,1,84,"(1, 84)",10
17514,33446,17,52,"(17, 52)",103
17515,8123,17,52,"(17, 52)",103
17516,24078,11,57,"(11, 57)",74
17517,1693,52,39,"(52, 39)",280
17519,26444,7,101,"(7, 101)",61
17520,2454,1,84,"(1, 84)",10
17521,18697,33,81,"(33, 81)",188
17522,17568,7,101,"(7, 101)",61
17523,13996,24,90,"(24, 90)",142
17524,9392,33,15,"(33, 15)",185
17525,17035,1,84,"(1, 84)",10
17526,20336,38,60,"(38, 60)",215
17527,8537,52,39,"(52, 39)",280
17529,13996,24,90,"(24, 90)",142
17531,31606,33,15,"(33, 15)",185
17532,2879,17,52,"(17, 52)",103
17533,13163,29,95,"(29, 95)",176
17535,14120,1,84,"(1, 84)",10
17537,20648,52,36,"(52, 36)",279
17538,29128,52,36,"(52, 36)",279
17541,15381,36,85,"(36, 85)",199
17543,4244,11,57,"(11, 57)",74
17544,6703,33,15,"(33, 15)",185
17546,9392,33,15,"(33, 15)",185
17549,29128,52,36,"(52, 36)",279
17551,36862,49,89,"(49, 89)",262
17555,8269,1,27,"(1, 27)",3
17557,11202,1,20,"(1, 20)",2
17558,6034,28,31,"(28, 31)",164
17559,23113,43,67,"(43, 67)",250
17560,3232,39,98,"(39, 98)",221
17562,34700,2,87,"(2, 87)",20
17563,4494,39,35,"(39, 35)",219
17564,2512,38,19,"(38, 19)",211
17566,20373,7,101,"(7, 101)",61
17570,12041,38,101,"(38, 101)",218
17571,12256,7,101,"(7, 101)",61
17572,2866,30,54,"(30, 54)",179
17573,6672,30,54,"(30, 54)",179
17575,3926,40,23,"(40, 23)",227
17576,3926,40,23,"(40, 23)",227
17577,3011,33,54,"(33, 54)",187
17578,11671,30,54,"(30, 54)",179
17582,5587,33,54,"(33, 54)",187
17588,4451,30,54,"(30, 54)",179
17590,2468,50,9,"(50, 9)",266
17591,16330,4,4,"(4, 4)",39
17592,20938,4,4,"(4, 4)",39
17595,22208,52,36,"(52, 36)",279
17597,2017,33,81,"(33, 81)",188
17605,27615,28,6,"(28, 6)",158
17607,25376,15,107,"(15, 107)",94
17608,24209,15,107,"(15, 107)",94
17611,14260,52,36,"(52, 36)",279
17612,14260,52,36,"(52, 36)",279
17613,23747,5,37,"(5, 37)",50
17614,23747,5,37,"(5, 37)",50
17615,23747,5,37,"(5, 37)",50
17616,14260,52,36,"(52, 36)",279
17617,19423,33,81,"(33, 81)",188
17619,10176,28,25,"(28, 25)",161
17621,5526,39,36,"(39, 36)",220
17624,35154,2,93,"(2, 93)",21
17625,37610,2,93,"(2, 93)",21
17626,37610,2,93,"(2, 93)",21
17627,1762,6,93,"(6, 93)",57
17628,34658,2,0,"(2, 0)",12
17629,15720,21,58,"(21, 58)",121
17631,20630,33,81,"(33, 81)",188
17632,9342,11,9,"(11, 9)",72
17633,13788,36,35,"(36, 35)",193
17634,11954,18,17,"(18, 17)",108
17635,21104,40,7,"(40, 7)",224
17636,14028,36,85,"(36, 85)",199
17637,31485,14,86,"(14, 86)",84
17638,25755,40,7,"(40, 7)",224
17639,21843,33,81,"(33, 81)",188
17640,9698,29,30,"(29, 30)",173
17641,14154,29,30,"(29, 30)",173
17642,27517,54,46,"(54, 46)",285
17644,32061,9,74,"(9, 74)",68
17645,25299,15,100,"(15, 100)",93
17646,20610,42,106,"(42, 106)",242
17649,4165,48,1,"(48, 1)",252
17650,1129,48,1,"(48, 1)",252
17651,15490,42,108,"(42, 108)",243
17652,1821,3,82,"(3, 82)",37
17654,7289,24,20,"(24, 20)",136
17656,11957,21,83,"(21, 83)",124
17658,33765,28,21,"(28, 21)",160
17662,30333,23,78,"(23, 78)",133
17664,2514,23,78,"(23, 78)",133
17665,17634,15,16,"(15, 16)",87
17666,2514,23,78,"(23, 78)",133
17667,31583,33,81,"(33, 81)",188
17668,1590,51,97,"(51, 97)",274
17669,30208,51,9,"(51, 9)",269
17670,24356,15,107,"(15, 107)",94
17673,24264,40,20,"(40, 20)",226
17674,4946,15,37,"(15, 37)",88
17675,30124,15,100,"(15, 100)",93
17676,35984,48,10,"(48, 10)",253
17677,24778,23,40,"(23, 40)",130
17680,13285,39,98,"(39, 98)",221
17682,17428,24,27,"(24, 27)",138
17685,25494,20,102,"(20, 102)",116
17687,22816,5,49,"(5, 49)",53
17690,22151,14,86,"(14, 86)",84
17691,8798,4,4,"(4, 4)",39
17692,8798,4,4,"(4, 4)",39
17693,3711,5,45,"(5, 45)",52
17696,37161,17,29,"(17, 29)",100
17698,21520,40,23,"(40, 23)",227
17699,26108,30,54,"(30, 54)",179
17700,27263,1,84,"(1, 84)",10
17701,11278,15,5,"(15, 5)",86
17702,11278,15,5,"(15, 5)",86
17705,18026,26,69,"(26, 69)",147
17706,17424,40,51,"(40, 51)",230
17709,23537,49,89,"(49, 89)",262
17711,25938,28,21,"(28, 21)",160
17713,12961,28,0,"(28, 0)",156
17716,32799,36,61,"(36, 61)",197
17717,5963,14,2,"(14, 2)",80
17718,29253,52,39,"(52, 39)",280
17719,18015,20,102,"(20, 102)",116
17722,33183,18,41,"(18, 41)",109
17724,2199,38,101,"(38, 101)",218
17725,1873,39,103,"(39, 103)",223
17726,35521,58,92,"(58, 92)",288
17729,20535,38,19,"(38, 19)",211
17730,13847,49,89,"(49, 89)",262
17731,32400,36,61,"(36, 61)",197
17732,20179,36,35,"(36, 35)",193
17733,14263,36,61,"(36, 61)",197
17734,24427,42,92,"(42, 92)",241
17735,13868,3,5,"(3, 5)",23
17739,15777,37,50,"(37, 50)",202
17741,13139,43,91,"(43, 91)",251
17744,4517,21,83,"(21, 83)",124
17745,10994,33,81,"(33, 81)",188
17746,11289,52,42,"(52, 42)",281
17749,14682,40,77,"(40, 77)",234
17751,33209,48,1,"(48, 1)",252
17758,5134,33,81,"(33, 81)",188
17763,12140,37,50,"(37, 50)",202
17765,950,28,105,"(28, 105)",169
17766,18902,15,100,"(15, 100)",93
17768,12107,8,36,"(8, 36)",62
17770,21946,4,18,"(4, 18)",41
17771,13475,54,46,"(54, 46)",285
17772,28304,54,46,"(54, 46)",285
17776,16942,36,85,"(36, 85)",199
17777,8611,43,91,"(43, 91)",251
17778,16995,7,101,"(7, 101)",61
17779,8067,33,81,"(33, 81)",188
17787,11831,49,68,"(49, 68)",261
17788,14770,17,52,"(17, 52)",103
17789,14770,17,52,"(17, 52)",103
17790,37417,17,59,"(17, 59)",104
17795,22638,2,18,"(2, 18)",13
17798,31377,43,67,"(43, 67)",250
17799,18145,4,11,"(4, 11)",40
17801,20564,49,54,"(49, 54)",259
17805,34441,49,91,"(49, 91)",263
17806,24895,49,91,"(49, 91)",263
17807,32586,2,65,"(2, 65)",19
17808,32039,30,91,"(30, 91)",182
17818,4607,7,36,"(7, 36)",59
17821,1807,9,74,"(9, 74)",68
17823,30391,38,19,"(38, 19)",211
17825,1066,33,15,"(33, 15)",185
17826,4814,42,108,"(42, 108)",243
17830,14312,49,89,"(49, 89)",262
17832,9830,49,68,"(49, 68)",261
17833,31225,49,68,"(49, 68)",261
17834,4026,49,68,"(49, 68)",261
17835,35453,28,64,"(28, 64)",165
17837,582,40,69,"(40, 69)",233
17838,25529,49,68,"(49, 68)",261
17839,12107,49,36,"(49, 36)",258
17845,6989,16,49,"(16, 49)",97
17846,296,21,34,"(21, 34)",119
17847,16156,15,100,"(15, 100)",93
17850,3238,4,45,"(4, 45)",44
17852,10273,33,81,"(33, 81)",188
17855,28580,4,59,"(4, 59)",46
17858,10428,43,67,"(43, 67)",250
17860,5026,36,43,"(36, 43)",194
17863,7085,32,17,"(32, 17)",184
17864,9443,30,54,"(30, 54)",179
17865,23016,39,98,"(39, 98)",221
17866,24744,15,107,"(15, 107)",94
17870,7192,42,92,"(42, 92)",241
17871,33410,42,106,"(42, 106)",242
17872,1219,39,103,"(39, 103)",223
17874,17771,7,101,"(7, 101)",61
17875,25788,15,55,"(15, 55)",89
17877,33561,33,15,"(33, 15)",185
17878,12850,9,10,"(9, 10)",65
17879,6482,26,88,"(26, 88)",149
17880,21746,40,28,"(40, 28)",229
17881,9402,52,60,"(52, 60)",282
17883,11092,29,30,"(29, 30)",173
17884,37556,40,28,"(40, 28)",229
17885,7160,3,7,"(3, 7)",24
17887,18492,48,10,"(48, 10)",253
17888,5884,30,54,"(30, 54)",179
17892,36356,3,5,"(3, 5)",23
17893,35953,42,106,"(42, 106)",242
17894,33274,9,1,"(9, 1)",63
17895,11099,48,10,"(48, 10)",253
17896,30742,7,35,"(7, 35)",58
17900,1297,52,36,"(52, 36)",279
17906,2486,15,100,"(15, 100)",93
17909,28347,40,12,"(40, 12)",225
17910,12423,40,12,"(40, 12)",225
17912,14182,36,61,"(36, 61)",197
17914,21762,42,106,"(42, 106)",242
17916,22235,51,97,"(51, 97)",274
17918,27922,49,89,"(49, 89)",262
17919,27922,49,89,"(49, 89)",262
17920,15951,11,23,"(11, 23)",73
17921,31503,54,61,"(54, 61)",286
17924,20432,42,109,"(42, 109)",244
17926,20390,1,96,"(1, 96)",11
17928,30911,2,18,"(2, 18)",13
17932,33892,37,114,"(37, 114)",210
17933,24685,37,94,"(37, 94)",207
17935,33987,52,19,"(52, 19)",277
17940,27397,3,96,"(3, 96)",38
17941,16337,33,15,"(33, 15)",185
17943,5467,27,75,"(27, 75)",155
17944,19091,38,19,"(38, 19)",211
17945,36466,49,89,"(49, 89)",262
17947,16701,54,46,"(54, 46)",285
17948,30941,54,46,"(54, 46)",285
17950,5570,51,9,"(51, 9)",269
17951,32687,30,91,"(30, 91)",182
17952,14081,30,91,"(30, 91)",182
17957,9393,37,63,"(37, 63)",204
17958,13294,37,63,"(37, 63)",204
17960,7516,4,45,"(4, 45)",44
17961,11186,4,11,"(4, 11)",40
17963,5807,11,57,"(11, 57)",74
17967,24997,24,90,"(24, 90)",142
17968,27835,15,107,"(15, 107)",94
17969,30742,7,35,"(7, 35)",58
17970,2714,30,15,"(30, 15)",178
17971,4340,20,102,"(20, 102)",116
17972,10042,37,50,"(37, 50)",202
17973,11878,49,68,"(49, 68)",261
17974,35291,2,26,"(2, 26)",15
17975,32837,32,17,"(32, 17)",184
17977,29108,9,72,"(9, 72)",67
17978,32483,42,109,"(42, 109)",244
17981,27191,37,44,"(37, 44)",201
17982,33308,20,102,"(20, 102)",116
17983,24077,36,85,"(36, 85)",199
17984,2140,54,46,"(54, 46)",285
17985,28789,48,1,"(48, 1)",252
17987,12012,29,30,"(29, 30)",173
17988,27276,23,78,"(23, 78)",133
17989,37089,21,63,"(21, 63)",123
17990,31141,9,74,"(9, 74)",68
17992,3232,39,98,"(39, 98)",221
17993,3490,37,50,"(37, 50)",202
17994,23842,14,86,"(14, 86)",84
17995,16244,14,2,"(14, 2)",80
17996,14801,52,42,"(52, 42)",281
17997,28546,23,44,"(23, 44)",131
17998,19358,40,12,"(40, 12)",225
18000,19133,3,66,"(3, 66)",32
18001,30049,9,74,"(9, 74)",68
18007,14356,15,107,"(15, 107)",94
18008,13774,37,113,"(37, 113)",209
18009,21405,48,1,"(48, 1)",252
18011,25965,17,29,"(17, 29)",100
18012,19526,39,98,"(39, 98)",221
18013,13239,3,70,"(3, 70)",33
18018,11061,28,26,"(28, 26)",162
18019,21114,29,64,"(29, 64)",174
18022,14842,17,52,"(17, 52)",103
18023,5186,52,75,"(52, 75)",283
18024,3607,52,75,"(52, 75)",283
18025,5075,9,50,"(9, 50)",66
18026,33698,38,19,"(38, 19)",211
18028,7919,51,112,"(51, 112)",276
18029,31225,49,68,"(49, 68)",261
18030,31225,49,68,"(49, 68)",261
18047,31225,49,68,"(49, 68)",261
18048,31225,49,68,"(49, 68)",261
18052,35484,49,68,"(49, 68)",261
18055,30857,2,30,"(2, 30)",16
18061,33698,38,19,"(38, 19)",211
18063,35290,49,68,"(49, 68)",261
18064,30722,49,68,"(49, 68)",261
18065,32650,38,19,"(38, 19)",211
18066,33411,17,52,"(17, 52)",103
18067,17148,4,4,"(4, 4)",39
18068,36537,9,2,"(9, 2)",64
18069,1256,9,10,"(9, 10)",65
18070,19776,52,60,"(52, 60)",282
18071,22495,30,91,"(30, 91)",182
18072,13693,52,42,"(52, 42)",281
18076,14176,27,61,"(27, 61)",154
18079,373,50,80,"(50, 80)",267
18082,8067,33,81,"(33, 81)",188
18083,33396,33,54,"(33, 54)",187
18084,25788,15,55,"(15, 55)",89
18085,17419,7,101,"(7, 101)",61
18086,22551,7,101,"(7, 101)",61
18087,37415,49,89,"(49, 89)",262
18088,25770,23,78,"(23, 78)",133
18098,32081,49,89,"(49, 89)",262
18103,28270,28,26,"(28, 26)",162
18106,25764,28,0,"(28, 0)",156
18107,33396,33,54,"(33, 54)",187
18108,9231,33,54,"(33, 54)",187
18109,34091,4,45,"(4, 45)",44
18111,9130,16,38,"(16, 38)",96
18112,4821,4,4,"(4, 4)",39
18113,23619,4,4,"(4, 4)",39
18115,33156,42,106,"(42, 106)",242
18116,28413,42,106,"(42, 106)",242
18118,33639,37,50,"(37, 50)",202
18119,32666,33,54,"(33, 54)",187
18120,22163,16,38,"(16, 38)",96
18122,27772,9,106,"(9, 106)",70
18123,16708,27,35,"(27, 35)",151
18124,16708,27,35,"(27, 35)",151
18125,8117,42,63,"(42, 63)",240
18126,6896,37,50,"(37, 50)",202
18127,3973,42,106,"(42, 106)",242
18128,7011,9,106,"(9, 106)",70
18136,34787,15,55,"(15, 55)",89
18137,34787,15,55,"(15, 55)",89
18141,19181,18,104,"(18, 104)",111
18143,3689,2,18,"(2, 18)",13
18144,2512,38,19,"(38, 19)",211
18145,20630,33,81,"(33, 81)",188
18148,32064,18,8,"(18, 8)",107
18151,30747,39,103,"(39, 103)",223
18152,17309,18,8,"(18, 8)",107
18153,20139,18,8,"(18, 8)",107
18154,17419,7,101,"(7, 101)",61
18157,37604,49,68,"(49, 68)",261
18158,30839,2,93,"(2, 93)",21
18164,1167,49,68,"(49, 68)",261
18165,25376,15,107,"(15, 107)",94
18166,24501,28,91,"(28, 91)",168
18167,27517,54,46,"(54, 46)",285
18168,27517,54,46,"(54, 46)",285
18169,27517,54,46,"(54, 46)",285
18170,32687,30,91,"(30, 91)",182
18171,32687,30,91,"(30, 91)",182
18172,25794,5,37,"(5, 37)",50
18173,25794,5,37,"(5, 37)",50
18174,17433,5,45,"(5, 45)",52
18175,17433,5,45,"(5, 45)",52
18176,35484,49,68,"(49, 68)",261
18177,273,49,68,"(49, 68)",261
18178,17433,5,45,"(5, 45)",52
18183,1477,18,8,"(18, 8)",107
18185,14502,5,37,"(5, 37)",50
18187,17554,5,37,"(5, 37)",50
18188,17554,5,37,"(5, 37)",50
18189,32924,49,68,"(49, 68)",261
18190,11776,49,68,"(49, 68)",261
18192,17554,5,37,"(5, 37)",50
18202,24890,43,91,"(43, 91)",251
18206,17690,36,75,"(36, 75)",198
18208,29180,23,40,"(23, 40)",130
18210,7627,29,95,"(29, 95)",176
18212,15124,27,75,"(27, 75)",155
18213,1235,27,75,"(27, 75)",155
18214,33296,27,75,"(27, 75)",155
18215,20235,36,35,"(36, 35)",193
18218,14219,27,35,"(27, 35)",151
18219,18634,36,75,"(36, 75)",198
18220,14180,29,95,"(29, 95)",176
18221,14180,29,95,"(29, 95)",176
18224,24188,49,89,"(49, 89)",262
18225,27044,49,89,"(49, 89)",262
18226,28889,26,51,"(26, 51)",146
18227,28889,26,51,"(26, 51)",146
18229,3626,26,51,"(26, 51)",146
18232,18993,38,99,"(38, 99)",217
18233,18993,38,99,"(38, 99)",217
18234,15409,28,0,"(28, 0)",156
18237,3725,26,69,"(26, 69)",147
18238,3725,26,69,"(26, 69)",147
18239,18993,38,99,"(38, 99)",217
18240,1449,49,68,"(49, 68)",261
18243,14390,4,45,"(4, 45)",44
18244,28889,26,51,"(26, 51)",146
18245,5304,49,68,"(49, 68)",261
18246,24553,49,103,"(49, 103)",265
18250,15301,36,35,"(36, 35)",193
18252,1871,43,67,"(43, 67)",250
18254,13348,1,28,"(1, 28)",4
18255,14404,1,28,"(1, 28)",4
18256,14208,15,100,"(15, 100)",93
18259,9607,4,4,"(4, 4)",39
18260,24498,1,96,"(1, 96)",11
18261,18877,11,9,"(11, 9)",72
18262,18877,11,9,"(11, 9)",72
18266,14262,4,84,"(4, 84)",47
18271,20268,29,17,"(29, 17)",171
18276,18787,36,85,"(36, 85)",199
18278,15799,17,52,"(17, 52)",103
18279,28069,18,104,"(18, 104)",111
18284,35023,29,76,"(29, 76)",175
18285,31583,33,81,"(33, 81)",188
18286,35023,29,76,"(29, 76)",175
18287,14783,18,41,"(18, 41)",109
18288,14783,18,41,"(18, 41)",109
18294,31546,52,19,"(52, 19)",277
18296,31583,33,81,"(33, 81)",188
18297,32447,28,3,"(28, 3)",157
18298,36537,9,2,"(9, 2)",64
18299,754,9,10,"(9, 10)",65
18310,8293,5,45,"(5, 45)",52
18311,55,2,87,"(2, 87)",20
18313,21017,18,41,"(18, 41)",109
18315,3586,29,104,"(29, 104)",177
18316,23747,5,37,"(5, 37)",50
18317,5062,15,107,"(15, 107)",94
18319,23747,5,37,"(5, 37)",50
18320,37528,49,91,"(49, 91)",263
18321,10396,2,30,"(2, 30)",16
18322,28305,2,18,"(2, 18)",13
18323,35123,29,95,"(29, 95)",176
18325,10514,49,68,"(49, 68)",261
18329,19769,36,43,"(36, 43)",194
18330,19769,36,43,"(36, 43)",194
18331,10487,36,43,"(36, 43)",194
18332,20393,36,43,"(36, 43)",194
18333,32006,36,43,"(36, 43)",194
18339,23362,36,43,"(36, 43)",194
18340,23362,36,43,"(36, 43)",194
18342,32006,36,43,"(36, 43)",194
18343,36142,54,46,"(54, 46)",285
18344,12925,36,46,"(36, 46)",195
18345,10787,36,43,"(36, 43)",194
18346,23362,36,43,"(36, 43)",194
18348,22946,36,43,"(36, 43)",194
18350,25721,36,43,"(36, 43)",194
18352,36142,54,46,"(54, 46)",285
18353,17533,36,43,"(36, 43)",194
18354,1976,36,43,"(36, 43)",194
18355,6070,36,43,"(36, 43)",194
18356,6070,36,43,"(36, 43)",194
18357,9885,36,43,"(36, 43)",194
18358,22947,36,43,"(36, 43)",194
18359,5671,36,43,"(36, 43)",194
18365,27295,36,43,"(36, 43)",194
18366,1976,36,43,"(36, 43)",194
18380,4194,36,43,"(36, 43)",194
18381,20393,36,43,"(36, 43)",194
18383,20393,36,43,"(36, 43)",194
18392,23249,2,26,"(2, 26)",15
18397,23362,36,43,"(36, 43)",194
18401,25721,36,43,"(36, 43)",194
18412,10514,49,68,"(49, 68)",261
18417,4026,49,68,"(49, 68)",261
18420,25721,36,43,"(36, 43)",194
18422,32420,36,43,"(36, 43)",194
18423,32420,36,43,"(36, 43)",194
18424,10412,37,63,"(37, 63)",204
18430,16435,7,101,"(7, 101)",61
18432,9393,37,63,"(37, 63)",204
18433,16237,48,1,"(48, 1)",252
18434,21174,14,86,"(14, 86)",84
18436,14770,17,52,"(17, 52)",103
18437,14770,17,52,"(17, 52)",103
18439,11911,17,90,"(17, 90)",105
18453,23757,27,35,"(27, 35)",151
18456,23100,42,92,"(42, 92)",241
18462,16316,50,80,"(50, 80)",267
18467,8293,5,45,"(5, 45)",52
18469,10487,36,43,"(36, 43)",194
18471,775,11,23,"(11, 23)",73
18479,20028,37,94,"(37, 94)",207
18485,13756,48,10,"(48, 10)",253
18493,28260,28,91,"(28, 91)",168
18502,10487,36,43,"(36, 43)",194
18503,2568,36,43,"(36, 43)",194
18504,25721,36,43,"(36, 43)",194
18515,21156,5,37,"(5, 37)",50
18520,22593,43,8,"(43, 8)",246
18522,20531,27,35,"(27, 35)",151
18524,19229,27,35,"(27, 35)",151
18526,32837,32,17,"(32, 17)",184
18527,1909,3,66,"(3, 66)",32
18530,3526,4,49,"(4, 49)",45
18532,15166,4,45,"(4, 45)",44
18541,21795,36,43,"(36, 43)",194
18542,902,36,43,"(36, 43)",194
18544,61,36,85,"(36, 85)",199
18545,15001,36,85,"(36, 85)",199
18548,25721,54,43,"(54, 43)",284
18550,19483,54,46,"(54, 46)",285
18553,27295,36,43,"(36, 43)",194
18554,16572,36,43,"(36, 43)",194
18555,5026,36,43,"(36, 43)",194
18557,36142,54,46,"(54, 46)",285
18560,22792,36,85,"(36, 85)",199
18561,23249,2,26,"(2, 26)",15
18569,18787,36,85,"(36, 85)",199
18576,16060,23,40,"(23, 40)",130
18577,37283,40,20,"(40, 20)",226
18579,6521,33,48,"(33, 48)",186
18964,18419,5,37,"(5, 37)",50
18970,27813,4,111,"(4, 111)",48
18972,30199,42,106,"(42, 106)",242
18973,4620,29,30,"(29, 30)",173
18975,9986,1,59,"(1, 59)",8
18980,350,27,75,"(27, 75)",155
18981,24733,42,50,"(42, 50)",238
18987,26228,27,75,"(27, 75)",155
18988,26834,52,19,"(52, 19)",277
18989,5863,3,47,"(3, 47)",30
18990,33036,3,47,"(3, 47)",30
18995,10310,52,60,"(52, 60)",282
19000,34673,2,18,"(2, 18)",13
19001,23112,43,67,"(43, 67)",250
19003,12627,33,81,"(33, 81)",188
19005,4541,33,81,"(33, 81)",188
19006,16555,33,81,"(33, 81)",188
19010,13156,32,17,"(32, 17)",184
19011,28529,52,39,"(52, 39)",280
19012,10310,52,60,"(52, 60)",282
19013,8250,1,96,"(1, 96)",11
19014,17104,38,19,"(38, 19)",211
19020,24850,49,21,"(49, 21)",257
19021,6234,52,39,"(52, 39)",280
19022,6234,52,39,"(52, 39)",280
19023,6234,52,39,"(52, 39)",280
19032,8287,3,47,"(3, 47)",30
19033,35040,24,52,"(24, 52)",140
19035,34288,42,92,"(42, 92)",241
19036,28111,9,92,"(9, 92)",69
19039,30621,52,75,"(52, 75)",283
19040,6600,27,75,"(27, 75)",155
19042,9422,52,39,"(52, 39)",280
19043,19595,52,39,"(52, 39)",280
19048,17448,36,85,"(36, 85)",199
19056,25095,33,81,"(33, 81)",188
19059,31974,28,6,"(28, 6)",158
19063,31974,28,6,"(28, 6)",158
19067,12503,4,4,"(4, 4)",39
19068,22785,7,36,"(7, 36)",59
19072,8232,38,19,"(38, 19)",211
19073,5428,3,70,"(3, 70)",33
19075,13318,43,54,"(43, 54)",249
19077,11956,49,89,"(49, 89)",262
19078,28941,49,89,"(49, 89)",262
19079,25845,17,32,"(17, 32)",101
19080,35383,2,65,"(2, 65)",19
19081,20958,42,113,"(42, 113)",245
19088,36291,28,25,"(28, 25)",161
19095,31962,52,35,"(52, 35)",278
19109,37654,14,94,"(14, 94)",85
19110,12288,36,61,"(36, 61)",197
19114,13999,32,17,"(32, 17)",184
19116,29777,15,37,"(15, 37)",88
19120,9023,40,77,"(40, 77)",234
19123,9251,33,81,"(33, 81)",188
19125,9023,40,77,"(40, 77)",234
19126,28900,28,91,"(28, 91)",168
19128,19537,54,46,"(54, 46)",285
19130,24020,21,57,"(21, 57)",120
19131,17337,54,46,"(54, 46)",285
19135,8067,33,81,"(33, 81)",188
19136,28863,30,91,"(30, 91)",182
19151,14081,30,91,"(30, 91)",182
19154,13822,52,60,"(52, 60)",282
19155,7855,32,17,"(32, 17)",184
19157,10343,28,3,"(28, 3)",157
19160,37528,28,91,"(28, 91)",168
19161,24890,43,91,"(43, 91)",251
19164,5114,43,67,"(43, 67)",250
19166,21939,50,102,"(50, 102)",268
19178,29029,4,45,"(4, 45)",44
19181,27951,52,36,"(52, 36)",279
19182,28863,30,91,"(30, 91)",182
19183,28969,42,108,"(42, 108)",243
19184,10252,2,26,"(2, 26)",15
19188,34448,2,65,"(2, 65)",19
19189,4861,37,63,"(37, 63)",204
19190,30183,37,114,"(37, 114)",210
19193,35216,17,52,"(17, 52)",103
19194,10930,49,89,"(49, 89)",262
19195,10436,33,81,"(33, 81)",188
19196,26515,30,91,"(30, 91)",182
19197,26515,30,91,"(30, 91)",182
19198,11911,17,90,"(17, 90)",105
19200,3430,52,39,"(52, 39)",280
19201,3430,52,39,"(52, 39)",280
19202,33143,52,60,"(52, 60)",282
19203,33143,52,60,"(52, 60)",282
19204,36142,54,46,"(54, 46)",285
19206,37237,3,79,"(3, 79)",36
19211,288,38,19,"(38, 19)",211
19212,20569,38,19,"(38, 19)",211
19214,8900,33,98,"(33, 98)",189
19217,4876,29,30,"(29, 30)",173
19223,30150,24,51,"(24, 51)",139
19224,27549,28,26,"(28, 26)",162
19225,12691,17,52,"(17, 52)",103
19226,29013,33,81,"(33, 81)",188
19228,36942,2,65,"(2, 65)",19
19229,34914,2,26,"(2, 26)",15
19234,34947,33,98,"(33, 98)",189
19235,9864,2,18,"(2, 18)",13
19236,37007,28,91,"(28, 91)",168
19237,1595,29,30,"(29, 30)",173
19238,24567,2,18,"(2, 18)",13
19239,34947,33,98,"(33, 98)",189
19244,35007,2,65,"(2, 65)",19
19245,296,21,34,"(21, 34)",119
19254,34159,50,9,"(50, 9)",266
19258,33770,2,18,"(2, 18)",13
19259,3430,52,39,"(52, 39)",280
19260,3430,52,39,"(52, 39)",280
19261,19411,52,35,"(52, 35)",278
19264,5608,15,16,"(15, 16)",87
19267,8900,33,98,"(33, 98)",189
19271,20689,52,35,"(52, 35)",278
19272,5282,52,35,"(52, 35)",278
19274,13307,38,19,"(38, 19)",211
19275,36142,54,46,"(54, 46)",285
19277,35022,50,9,"(50, 9)",266
19283,3378,2,18,"(2, 18)",13
19285,14770,17,52,"(17, 52)",103
19288,32219,39,103,"(39, 103)",223
19296,7566,17,32,"(17, 32)",101
19299,11911,17,90,"(17, 90)",105
19300,11911,17,90,"(17, 90)",105
19303,11911,17,90,"(17, 90)",105
19304,11911,17,90,"(17, 90)",105
19306,23738,15,107,"(15, 107)",94
19308,33783,52,35,"(52, 35)",278
19309,29808,29,95,"(29, 95)",176
19310,24501,28,91,"(28, 91)",168
19314,37407,17,29,"(17, 29)",100
19315,7616,54,46,"(54, 46)",285
19316,11911,17,90,"(17, 90)",105
19317,19181,18,104,"(18, 104)",111
19318,34386,17,90,"(17, 90)",105
19319,24890,49,91,"(49, 91)",263
19320,24890,49,91,"(49, 91)",263
19328,6050,17,29,"(17, 29)",100
19331,37569,17,29,"(17, 29)",100
19332,26619,15,37,"(15, 37)",88
19334,22907,18,41,"(18, 41)",109
19336,34853,36,61,"(36, 61)",197
19337,15357,36,61,"(36, 61)",197
19338,26145,21,12,"(21, 12)",117
19339,26145,21,12,"(21, 12)",117
19347,20139,18,8,"(18, 8)",107
19352,35188,40,12,"(40, 12)",225
19361,2628,40,12,"(40, 12)",225
19365,2856,40,77,"(40, 77)",234
19366,15232,26,77,"(26, 77)",148
19367,26145,21,12,"(21, 12)",117
19370,2628,40,12,"(40, 12)",225
19371,35188,40,12,"(40, 12)",225
19376,19877,26,77,"(26, 77)",148
19377,2628,40,12,"(40, 12)",225
19378,20139,18,8,"(18, 8)",107
19380,21392,11,9,"(11, 9)",72
19382,16413,48,1,"(48, 1)",252
19386,7129,33,15,"(33, 15)",185
19394,99,51,80,"(51, 80)",271
19396,12944,5,45,"(5, 45)",52
19397,9273,3,5,"(3, 5)",23
19398,14187,52,75,"(52, 75)",283
19400,8314,3,5,"(3, 5)",23
19401,13962,4,49,"(4, 49)",45
19407,14557,38,19,"(38, 19)",211
19408,14557,38,19,"(38, 19)",211
19409,7511,38,19,"(38, 19)",211
19410,20196,38,19,"(38, 19)",211
19413,34880,49,68,"(49, 68)",261
19414,35247,5,22,"(5, 22)",49
19415,20196,38,19,"(38, 19)",211
19416,14028,36,85,"(36, 85)",199
19417,7870,49,68,"(49, 68)",261
19418,9412,5,22,"(5, 22)",49
19419,4736,1,84,"(1, 84)",10
19420,4736,1,84,"(1, 84)",10
19422,21209,52,60,"(52, 60)",282
19423,12449,4,45,"(4, 45)",44
19427,28913,54,46,"(54, 46)",285
19429,35463,15,100,"(15, 100)",93
19432,17734,33,81,"(33, 81)",188
19433,2378,38,19,"(38, 19)",211
19434,34569,37,113,"(37, 113)",209
19435,14356,15,107,"(15, 107)",94
19436,14356,15,107,"(15, 107)",94
19438,16156,15,100,"(15, 100)",93
19439,24450,29,30,"(29, 30)",173
19441,32041,29,95,"(29, 95)",176
19442,27941,15,100,"(15, 100)",93
19443,17337,54,46,"(54, 46)",285
19444,33705,15,100,"(15, 100)",93
19445,27182,15,107,"(15, 107)",94
19446,13646,37,113,"(37, 113)",209
19447,23164,29,30,"(29, 30)",173
19449,12749,38,19,"(38, 19)",211
19452,21307,29,30,"(29, 30)",173
19453,2744,20,14,"(20, 14)",113
19454,24377,40,77,"(40, 77)",234
19455,30563,40,7,"(40, 7)",224
19458,7670,23,12,"(23, 12)",128
19459,13322,23,24,"(23, 24)",129
19463,19263,4,45,"(4, 45)",44
19464,33085,9,92,"(9, 92)",69
19466,34880,49,68,"(49, 68)",261
19470,32581,37,114,"(37, 114)",210
19476,23414,36,35,"(36, 35)",193
19489,5115,29,76,"(29, 76)",175
19490,33151,36,61,"(36, 61)",197
19491,2201,36,61,"(36, 61)",197
19492,7747,54,46,"(54, 46)",285
19493,3215,39,103,"(39, 103)",223
19494,567,36,61,"(36, 61)",197
19495,9049,36,61,"(36, 61)",197
19498,3179,30,54,"(30, 54)",179
19500,33469,42,92,"(42, 92)",241
19504,30648,42,92,"(42, 92)",241
19509,15289,52,60,"(52, 60)",282
19512,14196,3,70,"(3, 70)",33
19513,31333,2,18,"(2, 18)",13
19514,11956,49,89,"(49, 89)",262
19517,30246,9,92,"(9, 92)",69
19519,35533,14,94,"(14, 94)",85
19520,28941,49,89,"(49, 89)",262
19521,5017,49,68,"(49, 68)",261
19522,16984,5,37,"(5, 37)",50
19524,12899,4,18,"(4, 18)",41
19527,2838,49,68,"(49, 68)",261
19528,11776,49,68,"(49, 68)",261
19529,31980,9,92,"(9, 92)",69
19540,6221,40,7,"(40, 7)",224
19543,9212,33,81,"(33, 81)",188
19544,11956,49,89,"(49, 89)",262
19547,24410,2,21,"(2, 21)",14
19550,8094,54,46,"(54, 46)",285
19554,791,49,68,"(49, 68)",261
19555,6504,49,68,"(49, 68)",261
19556,24380,36,46,"(36, 46)",195
19557,34276,30,54,"(30, 54)",179
19558,8051,17,59,"(17, 59)",104
19559,12117,2,64,"(2, 64)",18
19562,14022,17,59,"(17, 59)",104
19563,28671,2,0,"(2, 0)",12
19565,27922,49,89,"(49, 89)",262
19566,532,43,8,"(43, 8)",246
19567,6541,33,54,"(33, 54)",187
19570,27922,49,89,"(49, 89)",262
19571,10398,51,112,"(51, 112)",276
19572,9307,51,102,"(51, 102)",275
19573,2888,3,78,"(3, 78)",35
19574,10224,1,28,"(1, 28)",4
19575,6636,40,20,"(40, 20)",226
19576,1054,1,20,"(1, 20)",2
19577,341,1,59,"(1, 59)",8
19578,18938,42,24,"(42, 24)",237
19579,30375,3,20,"(3, 20)",26
19580,33230,3,12,"(3, 12)",25
19581,6636,3,20,"(3, 20)",26
19583,34652,17,29,"(17, 29)",100
19586,18938,3,24,"(3, 24)",27
19587,13689,49,67,"(49, 67)",260
19588,27276,3,78,"(3, 78)",35
19589,5389,1,96,"(1, 96)",11
19590,14019,1,59,"(1, 59)",8
19591,20958,37,113,"(37, 113)",209
19592,14411,49,3,"(49, 3)",256
19593,28671,28,0,"(28, 0)",156
19594,16553,28,0,"(28, 0)",156
19595,27549,2,26,"(2, 26)",15
19596,11868,17,52,"(17, 52)",103
19616,24904,40,77,"(40, 77)",234
19619,13415,17,29,"(17, 29)",100
19621,36566,40,28,"(40, 28)",229
19622,36566,40,28,"(40, 28)",229
19623,37070,52,75,"(52, 75)",283
19635,29447,27,75,"(27, 75)",155
19636,12496,27,61,"(27, 61)",154
19637,36942,6,65,"(6, 65)",56
19660,18855,10,85,"(10, 85)",71
19692,13519,40,28,"(40, 28)",229
19693,9161,40,28,"(40, 28)",229
19694,13519,40,28,"(40, 28)",229
19697,31131,9,106,"(9, 106)",70
19699,19965,9,106,"(9, 106)",70
19725,34441,43,91,"(43, 91)",251
19726,21987,43,91,"(43, 91)",251
19731,5133,36,85,"(36, 85)",199
19732,15327,36,85,"(36, 85)",199
19772,32420,36,43,"(36, 43)",194
19780,22571,42,108,"(42, 108)",243
19781,22571,42,108,"(42, 108)",243
19793,9087,21,63,"(21, 63)",123
19794,13128,21,83,"(21, 83)",124
19830,15998,40,7,"(40, 7)",224
19859,30449,36,43,"(36, 43)",194
19860,30449,36,43,"(36, 43)",194
19872,29335,42,108,"(42, 108)",243
19924,4307,9,10,"(9, 10)",65
19925,27811,42,92,"(42, 92)",241
19926,4307,9,10,"(9, 10)",65
19927,5227,9,10,"(9, 10)",65
19929,15401,42,106,"(42, 106)",242
19930,10775,9,10,"(9, 10)",65
19931,10775,9,10,"(9, 10)",65
19934,2980,9,106,"(9, 106)",70
19935,9723,9,74,"(9, 74)",68
19936,7031,9,106,"(9, 106)",70
19982,18680,28,73,"(28, 73)",166
19983,19825,38,19,"(38, 19)",211
19985,36717,38,48,"(38, 48)",214
19986,12165,38,48,"(38, 48)",214
19987,18680,28,73,"(28, 73)",166
19988,12165,38,48,"(38, 48)",214
19990,7527,43,67,"(43, 67)",250
19991,19060,43,67,"(43, 67)",250
19992,27573,43,67,"(43, 67)",250
19996,10071,38,19,"(38, 19)",211
19997,12233,38,33,"(38, 33)",212
20017,13285,39,98,"(39, 98)",221
20021,13147,8,36,"(8, 36)",62
20022,30891,8,36,"(8, 36)",62
20034,27922,49,89,"(49, 89)",262
20036,29261,49,89,"(49, 89)",262
20037,29261,49,89,"(49, 89)",262
20038,13493,2,18,"(2, 18)",13
20039,23389,49,89,"(49, 89)",262
20041,25478,2,18,"(2, 18)",13
20043,13285,39,98,"(39, 98)",221
20044,24137,39,98,"(39, 98)",221
20045,28534,15,107,"(15, 107)",94
20053,11278,15,5,"(15, 5)",86
20054,4170,54,46,"(54, 46)",285
20055,4170,54,46,"(54, 46)",285
20056,15580,28,3,"(28, 3)",157
20057,3700,36,43,"(36, 43)",194
20058,13011,36,85,"(36, 85)",199
20059,27628,54,46,"(54, 46)",285
20063,3036,23,78,"(23, 78)",133
20066,11993,42,106,"(42, 106)",242
20068,591,42,106,"(42, 106)",242
20070,2154,42,106,"(42, 106)",242
20072,2154,42,106,"(42, 106)",242
20078,2154,42,106,"(42, 106)",242
20079,20512,4,4,"(4, 4)",39
20082,15363,37,63,"(37, 63)",204
20083,23544,36,85,"(36, 85)",199
20089,10309,9,72,"(9, 72)",67
20095,998,42,92,"(42, 92)",241
20101,35210,42,92,"(42, 92)",241
20102,23414,36,35,"(36, 35)",193
20103,23414,36,35,"(36, 35)",193
20104,24600,5,37,"(5, 37)",50
20106,24600,5,37,"(5, 37)",50
20107,7215,29,6,"(29, 6)",170
20110,30292,18,104,"(18, 104)",111
20112,7215,29,6,"(29, 6)",170
20119,29362,52,60,"(52, 60)",282
20120,29362,52,60,"(52, 60)",282
20123,29362,52,60,"(52, 60)",282
20125,23112,43,67,"(43, 67)",250
20126,23113,43,67,"(43, 67)",250
20128,29362,52,60,"(52, 60)",282
20129,37555,9,92,"(9, 92)",69
20130,3795,9,92,"(9, 92)",69
20131,29945,9,74,"(9, 74)",68
20132,37383,9,92,"(9, 92)",69
20133,26720,9,92,"(9, 92)",69
20134,26720,9,92,"(9, 92)",69
20135,37383,9,92,"(9, 92)",69
20136,4033,51,112,"(51, 112)",276
20139,27517,54,46,"(54, 46)",285
20145,35453,28,64,"(28, 64)",165
20150,35884,33,81,"(33, 81)",188
20152,23415,27,35,"(27, 35)",151
20153,23415,27,35,"(27, 35)",151
20154,6442,33,81,"(33, 81)",188
20155,26228,27,75,"(27, 75)",155
20156,20531,27,35,"(27, 35)",151
20157,26228,27,75,"(27, 75)",155
20159,1028,21,58,"(21, 58)",121
20160,27629,48,1,"(48, 1)",252
20161,26031,21,57,"(21, 57)",120
20163,8338,48,1,"(48, 1)",252
20164,36967,48,1,"(48, 1)",252
20165,2173,21,58,"(21, 58)",121
20166,18054,36,35,"(36, 35)",193
20167,18054,36,35,"(36, 35)",193
20170,22928,36,35,"(36, 35)",193
20173,22928,36,35,"(36, 35)",193
20174,1555,14,94,"(14, 94)",85
20177,25293,14,10,"(14, 10)",81
20178,24025,14,2,"(14, 2)",80
20179,30590,36,46,"(36, 46)",195
20181,23339,42,106,"(42, 106)",242
20183,1322,48,10,"(48, 10)",253
20186,29188,9,106,"(9, 106)",70
20192,24775,49,89,"(49, 89)",262
20194,11956,49,89,"(49, 89)",262
20197,4026,49,68,"(49, 68)",261
20199,31855,33,48,"(33, 48)",186
20200,4144,33,48,"(33, 48)",186
20201,9945,37,50,"(37, 50)",202
20202,1028,21,58,"(21, 58)",121
20204,31855,33,48,"(33, 48)",186
20206,2724,37,114,"(37, 114)",210
20231,22509,48,10,"(48, 10)",253
20234,11962,48,10,"(48, 10)",253
20242,1479,28,3,"(28, 3)",157
20243,34698,42,108,"(42, 108)",243
20248,18492,35,10,"(35, 10)",192
20249,36808,42,92,"(42, 92)",241
20250,10955,14,94,"(14, 94)",85
20251,17014,9,10,"(9, 10)",65
20252,33469,42,92,"(42, 92)",241
20256,14092,14,2,"(14, 2)",80
20259,20269,42,108,"(42, 108)",243
20260,9260,48,1,"(48, 1)",252
20263,35128,8,36,"(8, 36)",62
20267,13064,36,43,"(36, 43)",194
20271,15527,9,106,"(9, 106)",70
20273,24733,9,50,"(9, 50)",66
20274,15881,9,50,"(9, 50)",66
20289,23689,52,19,"(52, 19)",277
20290,26834,52,19,"(52, 19)",277
20291,22654,38,19,"(38, 19)",211
20292,27034,52,19,"(52, 19)",277
20294,13011,36,85,"(36, 85)",199
20299,10445,36,43,"(36, 43)",194
20301,14770,17,52,"(17, 52)",103
20303,36380,3,47,"(3, 47)",30
20305,15619,21,62,"(21, 62)",122
20310,295,38,60,"(38, 60)",215
20314,295,38,60,"(38, 60)",215
20315,295,38,60,"(38, 60)",215
20316,295,38,60,"(38, 60)",215
20319,29164,6,93,"(6, 93)",57
20320,29164,49,93,"(49, 93)",264
20321,36942,6,65,"(6, 65)",56
20329,965,3,38,"(3, 38)",28
20333,19081,17,52,"(17, 52)",103
20335,12090,3,47,"(3, 47)",30
20336,20708,1,59,"(1, 59)",8
20338,28220,38,19,"(38, 19)",211
20342,29777,15,37,"(15, 37)",88
20343,37089,21,63,"(21, 63)",123
20344,15842,11,9,"(11, 9)",72
20347,6221,40,7,"(40, 7)",224
20351,7010,7,35,"(7, 35)",58
20352,3274,11,9,"(11, 9)",72
20353,3274,11,9,"(11, 9)",72
20354,9479,7,36,"(7, 36)",59
20355,4142,7,36,"(7, 36)",59
20358,86,50,80,"(50, 80)",267
20360,15580,28,3,"(28, 3)",157
20364,17028,2,93,"(2, 93)",21
20367,15654,51,102,"(51, 102)",275
20380,14496,16,71,"(16, 71)",98
20388,2967,38,19,"(38, 19)",211
20390,14003,40,7,"(40, 7)",224
20391,14003,40,7,"(40, 7)",224
20392,29119,7,35,"(7, 35)",58
20394,15058,39,101,"(39, 101)",222
20401,27880,5,37,"(5, 37)",50
20408,23389,49,89,"(49, 89)",262
20415,35339,49,89,"(49, 89)",262
20417,33681,3,5,"(3, 5)",23
20419,33681,3,5,"(3, 5)",23
20434,11571,49,89,"(49, 89)",262
20436,11571,49,89,"(49, 89)",262
20438,10003,7,36,"(7, 36)",59
20440,13122,51,102,"(51, 102)",275
20441,6412,49,36,"(49, 36)",258
20442,12107,49,36,"(49, 36)",258
20443,10277,51,90,"(51, 90)",273
20448,439,18,17,"(18, 17)",108
20452,7986,2,95,"(2, 95)",22
20453,30955,18,17,"(18, 17)",108
20454,1060,29,76,"(29, 76)",175
20455,1060,29,76,"(29, 76)",175
20456,16691,29,30,"(29, 30)",173
20457,3699,29,30,"(29, 30)",173
20459,22286,32,17,"(32, 17)",184
20460,34934,18,17,"(18, 17)",108
20461,20909,29,30,"(29, 30)",173
20463,19371,18,17,"(18, 17)",108
20465,6147,4,18,"(4, 18)",41
20466,5038,17,32,"(17, 32)",101
20471,1141,38,101,"(38, 101)",218
20473,1141,38,101,"(38, 101)",218
20474,31033,27,75,"(27, 75)",155
20477,5526,39,36,"(39, 36)",220
20501,26401,14,94,"(14, 94)",85
20505,1762,2,93,"(2, 93)",21
20510,22106,21,83,"(21, 83)",124
20528,17337,54,46,"(54, 46)",285
20542,10310,52,60,"(52, 60)",282
20543,2737,14,94,"(14, 94)",85
20547,28090,39,98,"(39, 98)",221
20548,17251,7,36,"(7, 36)",59
20551,25184,7,101,"(7, 101)",61
20560,19371,18,17,"(18, 17)",108
20566,9427,40,23,"(40, 23)",227
20567,9426,40,23,"(40, 23)",227
20568,10811,23,78,"(23, 78)",133
20569,13458,11,57,"(11, 57)",74
20570,12678,28,3,"(28, 3)",157
20572,21545,17,52,"(17, 52)",103
20573,24078,11,57,"(11, 57)",74
20574,17132,21,24,"(21, 24)",118
20575,16479,9,10,"(9, 10)",65
20576,25251,11,23,"(11, 23)",73
20577,913,3,78,"(3, 78)",35
20578,17132,21,24,"(21, 24)",118
20579,17132,21,24,"(21, 24)",118
20580,30911,2,18,"(2, 18)",13
20581,20139,18,8,"(18, 8)",107
20582,24301,21,62,"(21, 62)",122
20584,8868,11,57,"(11, 57)",74
20585,7789,23,40,"(23, 40)",130
20586,8382,43,8,"(43, 8)",246
20588,12995,21,63,"(21, 63)",123
20592,24381,7,36,"(7, 36)",59
20593,19651,40,77,"(40, 77)",234
20594,8921,7,101,"(7, 101)",61
20595,27985,23,40,"(23, 40)",130
20598,458,23,56,"(23, 56)",132
20600,20268,18,17,"(18, 17)",108
20602,9212,30,81,"(30, 81)",181
20603,37653,11,88,"(11, 88)",77
20604,25938,49,21,"(49, 21)",257
20605,18911,43,8,"(43, 8)",246
20607,19651,40,77,"(40, 77)",234
20608,12638,40,77,"(40, 77)",234
20609,15714,38,33,"(38, 33)",212
20610,805,30,15,"(30, 15)",178
20611,37071,33,15,"(33, 15)",185
20612,22324,38,33,"(38, 33)",212
20613,22324,38,33,"(38, 33)",212
20614,20017,43,67,"(43, 67)",250
20621,3274,11,9,"(11, 9)",72
20625,28817,21,83,"(21, 83)",124
20627,866,3,5,"(3, 5)",23
20628,2173,21,58,"(21, 58)",121
20629,2173,21,58,"(21, 58)",121
20652,10514,49,68,"(49, 68)",261
20653,6504,49,68,"(49, 68)",261
20656,1637,2,30,"(2, 30)",16
20657,11664,17,32,"(17, 32)",101
20658,11664,17,32,"(17, 32)",101
20659,11664,17,32,"(17, 32)",101
20669,19962,2,65,"(2, 65)",19
20670,19962,2,65,"(2, 65)",19
20671,19962,6,65,"(6, 65)",56
20677,380,33,15,"(33, 15)",185
20681,2950,36,43,"(36, 43)",194
20682,9587,33,15,"(33, 15)",185
20683,11253,33,15,"(33, 15)",185
20685,30449,36,43,"(36, 43)",194
20686,33790,28,25,"(28, 25)",161
20687,34460,28,25,"(28, 25)",161
20688,32409,28,3,"(28, 3)",157
20690,28889,26,51,"(26, 51)",146
20691,3626,26,51,"(26, 51)",146
20693,3174,28,31,"(28, 31)",164
20695,3174,28,31,"(28, 31)",164
20696,25294,52,19,"(52, 19)",277
20700,17321,2,21,"(2, 21)",14
20701,16425,29,30,"(29, 30)",173
20702,14411,49,3,"(49, 3)",256
20708,20502,14,2,"(14, 2)",80
20713,19797,39,101,"(39, 101)",222
20714,5587,33,54,"(33, 54)",187
20715,3011,33,54,"(33, 54)",187
20716,34700,2,87,"(2, 87)",20
20717,1759,30,91,"(30, 91)",182
20718,13322,23,24,"(23, 24)",129
20719,5423,37,113,"(37, 113)",209
20720,36373,30,91,"(30, 91)",182
20721,12364,17,52,"(17, 52)",103
20723,13322,23,24,"(23, 24)",129
20724,7990,30,91,"(30, 91)",182
20725,4081,2,30,"(2, 30)",16
20728,23894,40,77,"(40, 77)",234
20730,8035,49,0,"(49, 0)",255
20731,17103,49,3,"(49, 3)",256
20732,24850,49,21,"(49, 21)",257
20734,30706,30,54,"(30, 54)",179
20735,5587,33,54,"(33, 54)",187
20737,5587,33,54,"(33, 54)",187
20738,4541,33,81,"(33, 81)",188
20739,14390,4,45,"(4, 45)",44
20741,21626,48,10,"(48, 10)",253
20742,36545,48,10,"(48, 10)",253
20743,11956,49,89,"(49, 89)",262
20745,10989,32,17,"(32, 17)",184
20746,10989,32,17,"(32, 17)",184
20748,25721,36,43,"(36, 43)",194
20751,174,2,93,"(2, 93)",21
20756,20029,26,23,"(26, 23)",145
20758,20029,11,23,"(11, 23)",73
20759,7566,17,32,"(17, 32)",101
20762,1316,5,22,"(5, 22)",49
20763,37607,9,1,"(9, 1)",63
20764,4393,9,74,"(9, 74)",68
20765,4725,9,74,"(9, 74)",68
20766,4393,9,74,"(9, 74)",68
20767,9293,51,102,"(51, 102)",275
20768,1501,9,50,"(9, 50)",66
20769,32903,9,50,"(9, 50)",66
20770,16666,9,72,"(9, 72)",67
20771,22838,9,72,"(9, 72)",67
20772,1501,9,50,"(9, 50)",66
20773,34350,39,103,"(39, 103)",223
20774,7102,9,50,"(9, 50)",66
20775,1501,9,50,"(9, 50)",66
20776,23054,39,103,"(39, 103)",223
20778,24602,17,90,"(17, 90)",105
20779,13550,17,90,"(17, 90)",105
20780,28851,9,50,"(9, 50)",66
20782,35793,17,29,"(17, 29)",100
20783,2465,39,103,"(39, 103)",223
20784,11664,17,32,"(17, 32)",101
20785,11664,17,32,"(17, 32)",101
20787,10677,37,50,"(37, 50)",202
20788,6604,37,50,"(37, 50)",202
20789,13908,37,50,"(37, 50)",202
20790,32821,37,50,"(37, 50)",202
20791,6604,37,50,"(37, 50)",202
20793,36677,37,50,"(37, 50)",202
20794,24685,37,94,"(37, 94)",207
20795,35087,37,50,"(37, 50)",202
20796,33746,37,50,"(37, 50)",202
20797,36677,37,50,"(37, 50)",202
20798,11664,17,32,"(17, 32)",101
20799,14668,38,19,"(38, 19)",211
20800,91,38,19,"(38, 19)",211
20802,16788,38,19,"(38, 19)",211
20803,6729,1,59,"(1, 59)",8
20805,17094,23,78,"(23, 78)",133
20806,8971,23,56,"(23, 56)",132
20807,30020,23,78,"(23, 78)",133
20808,6378,23,56,"(23, 56)",132
20809,23767,37,94,"(37, 94)",207
20810,23767,37,94,"(37, 94)",207
20811,34652,17,29,"(17, 29)",100
20812,10718,26,69,"(26, 69)",147
20814,25543,12,4,"(12, 4)",79
20815,28529,52,39,"(52, 39)",280
20817,7566,17,32,"(17, 32)",101
20818,14001,36,43,"(36, 43)",194
20819,37567,17,29,"(17, 29)",100
20820,17192,36,43,"(36, 43)",194
20825,22823,4,4,"(4, 4)",39
20826,37034,2,18,"(2, 18)",13
20833,1167,49,68,"(49, 68)",261
20837,33496,40,20,"(40, 20)",226
20838,9440,40,28,"(40, 28)",229
20842,9440,40,28,"(40, 28)",229
20850,25840,1,84,"(1, 84)",10
20851,24209,15,107,"(15, 107)",94
20856,23619,4,4,"(4, 4)",39
20858,20798,4,4,"(4, 4)",39
20859,4206,4,4,"(4, 4)",39
20860,23619,4,4,"(4, 4)",39
20866,5114,43,67,"(43, 67)",250
20870,29893,15,55,"(15, 55)",89
20891,16841,21,63,"(21, 63)",123
20892,16841,21,63,"(21, 63)",123
20899,24217,40,12,"(40, 12)",225
20900,1870,43,67,"(43, 67)",250
20901,273,49,68,"(49, 68)",261
20902,24263,49,68,"(49, 68)",261
20903,11326,36,85,"(36, 85)",199
20904,935,36,61,"(36, 61)",197
20907,2134,49,68,"(49, 68)",261
20908,8190,49,68,"(49, 68)",261
20912,32375,2,65,"(2, 65)",19
20913,1382,2,30,"(2, 30)",16
20916,14502,5,37,"(5, 37)",50
20917,14502,5,37,"(5, 37)",50
20918,30746,5,37,"(5, 37)",50
20920,26907,5,82,"(5, 82)",54
20921,4647,36,43,"(36, 43)",194
20922,27354,36,85,"(36, 85)",199
20923,11103,36,85,"(36, 85)",199
20924,11103,36,85,"(36, 85)",199
20925,17433,5,45,"(5, 45)",52
20926,11010,5,37,"(5, 37)",50
20928,2920,4,45,"(4, 45)",44
20931,22785,39,36,"(39, 36)",220
20932,22785,39,36,"(39, 36)",220
20934,22785,39,36,"(39, 36)",220
20936,36209,5,37,"(5, 37)",50
20937,36209,5,37,"(5, 37)",50
20938,14502,5,37,"(5, 37)",50
20942,17433,5,45,"(5, 45)",52
20943,5982,39,35,"(39, 35)",219
20944,5982,39,35,"(39, 35)",219
20945,29891,39,35,"(39, 35)",219
20946,5982,39,35,"(39, 35)",219
20958,25860,52,42,"(52, 42)",281
20959,25860,52,42,"(52, 42)",281
20966,3028,29,30,"(29, 30)",173
20967,17433,5,45,"(5, 45)",52
20969,14983,43,67,"(43, 67)",250
20970,14983,43,67,"(43, 67)",250
20971,14983,43,67,"(43, 67)",250
20973,16354,52,19,"(52, 19)",277
20974,16354,52,19,"(52, 19)",277
20975,16513,21,62,"(21, 62)",122
20976,16513,21,62,"(21, 62)",122
20977,16513,21,62,"(21, 62)",122
20978,16513,21,62,"(21, 62)",122
20979,5177,49,91,"(49, 91)",263
20980,711,17,52,"(17, 52)",103
20981,613,32,17,"(32, 17)",184
20982,711,17,52,"(17, 52)",103
20983,32006,36,43,"(36, 43)",194
20984,16513,21,62,"(21, 62)",122
20985,23689,52,19,"(52, 19)",277
20988,34810,52,42,"(52, 42)",281
20989,711,17,52,"(17, 52)",103
20990,26834,52,19,"(52, 19)",277
20991,17034,18,41,"(18, 41)",109
20992,16810,11,9,"(11, 9)",72
20993,24599,39,98,"(39, 98)",221
20994,28090,39,98,"(39, 98)",221
20995,24599,39,98,"(39, 98)",221
20996,11629,7,36,"(7, 36)",59
21005,17103,28,3,"(28, 3)",157
21006,6856,8,36,"(8, 36)",62
21010,18993,38,99,"(38, 99)",217
21011,27882,18,104,"(18, 104)",111
21012,35215,28,21,"(28, 21)",160
21015,10706,14,2,"(14, 2)",80
21016,16895,21,58,"(21, 58)",121
21017,499,21,58,"(21, 58)",121
21021,33330,21,62,"(21, 62)",122
21027,15141,21,62,"(21, 62)",122
21029,12657,48,86,"(48, 86)",254
21037,12656,14,86,"(14, 86)",84
21038,17388,14,86,"(14, 86)",84
21040,672,21,58,"(21, 58)",121
21041,3422,14,86,"(14, 86)",84
21043,20468,48,10,"(48, 10)",253
21044,4944,36,75,"(36, 75)",198
21047,34477,20,90,"(20, 90)",115
21048,34922,20,90,"(20, 90)",115
21051,672,21,58,"(21, 58)",121
21063,17388,48,86,"(48, 86)",254
21064,33330,21,62,"(21, 62)",122
21066,16479,9,10,"(9, 10)",65
21067,18910,14,86,"(14, 86)",84
21070,672,21,58,"(21, 58)",121
21071,672,21,58,"(21, 58)",121
21072,33330,21,62,"(21, 62)",122
21073,16193,21,58,"(21, 58)",121
21074,17388,48,86,"(48, 86)",254
21075,16479,9,10,"(9, 10)",65
21080,652,40,20,"(40, 20)",226
21081,35338,40,20,"(40, 20)",226
21085,20113,40,7,"(40, 7)",224
21087,35683,40,7,"(40, 7)",224
21088,9394,40,7,"(40, 7)",224
21089,34436,40,7,"(40, 7)",224
21090,9394,40,7,"(40, 7)",224
21091,35683,40,7,"(40, 7)",224
21092,15998,40,7,"(40, 7)",224
21093,15998,40,7,"(40, 7)",224
21094,35683,40,7,"(40, 7)",224
21095,33016,40,20,"(40, 20)",226
21096,37283,40,20,"(40, 20)",226
21097,6245,40,20,"(40, 20)",226
21098,6245,40,20,"(40, 20)",226
21099,6245,40,20,"(40, 20)",226
21100,37283,40,20,"(40, 20)",226
21101,7757,36,35,"(36, 35)",193
21102,34220,17,90,"(17, 90)",105
21103,3076,36,35,"(36, 35)",193
21108,9082,36,75,"(36, 75)",198
21111,6342,36,75,"(36, 75)",198
21116,22724,39,103,"(39, 103)",223
21118,16866,52,60,"(52, 60)",282
21120,10310,52,60,"(52, 60)",282
21125,8960,4,32,"(4, 32)",43
21126,35535,20,102,"(20, 102)",116
21127,31613,20,102,"(20, 102)",116
21128,22771,20,102,"(20, 102)",116
21129,33207,20,102,"(20, 102)",116
21130,28049,51,112,"(51, 112)",276
21131,32928,20,102,"(20, 102)",116
21135,16156,15,100,"(15, 100)",93
21136,22638,2,18,"(2, 18)",13
21140,31505,29,18,"(29, 18)",172
21162,33074,2,64,"(2, 64)",18
21163,3579,2,26,"(2, 26)",15
21164,31367,36,43,"(36, 43)",194
21165,666,36,43,"(36, 43)",194
21169,26515,30,91,"(30, 91)",182
21170,18877,11,9,"(11, 9)",72
21172,18877,11,9,"(11, 9)",72
21175,21771,11,9,"(11, 9)",72
21176,36023,28,31,"(28, 31)",164
21177,10421,28,31,"(28, 31)",164
21180,8721,11,9,"(11, 9)",72
21182,3274,11,9,"(11, 9)",72
21183,3274,11,9,"(11, 9)",72
21184,20118,11,9,"(11, 9)",72
21185,3274,11,9,"(11, 9)",72
21187,20099,43,67,"(43, 67)",250
21188,4195,38,33,"(38, 33)",212
21189,573,33,81,"(33, 81)",188
21190,3758,43,54,"(43, 54)",249
21194,23415,27,35,"(27, 35)",151
21195,18065,33,81,"(33, 81)",188
21197,23767,37,94,"(37, 94)",207
21198,23767,37,94,"(37, 94)",207
21199,2724,37,114,"(37, 114)",210
21200,2724,37,114,"(37, 114)",210
21201,7455,21,62,"(21, 62)",122
