Source,Target,Weight
4.0,5.0,1.0
4.0,4364.0,1.0
4.0,10074.0,1.0
7.0,8.0,1.0
7.0,12988.0,1.0
7.0,12409.0,1.0
7.0,7669.0,1.0
8.0,8264.0,1.0
8.0,7737.0,1.0
8.0,10352.0,1.0
13.0,168.0,1.0
13.0,7300.0,1.0
13.0,16144.0,1.0
16.0,17.0,1.0
16.0,1124.0,1.0
16.0,12835.0,1.0
17.0,1383.0,1.0
17.0,12614.0,1.0
17.0,13006.0,1.0
17.0,10535.0,1.0
20.0,21.0,1.0
21.0,7431.0,1.0
21.0,1761.0,1.0
21.0,6619.0,1.0
22.0,23.0,1.0
22.0,9326.0,1.0
22.0,9928.0,1.0
23.0,11914.0,1.0
23.0,2294.0,1.0
24.0,25.0,1.0
24.0,1496.0,1.0
24.0,1091.0,1.0
24.0,12626.0,1.0
25.0,8261.0,1.0
25.0,9529.0,1.0
25.0,3181.0,1.0
26.0,27.0,1.0
26.0,2591.0,1.0
26.0,5323.0,1.0
27.0,6251.0,1.0
27.0,10511.0,1.0
30.0,31.0,1.0
30.0,2045.0,1.0
30.0,10093.0,1.0
31.0,5911.0,1.0
31.0,3067.0,1.0
34.0,35.0,1.0
34.0,6156.0,1.0
34.0,4893.0,1.0
34.0,16680.0,1.0
35.0,8296.0,1.0
35.0,2585.0,1.0
35.0,11357.0,1.0
40.0,41.0,1.0
40.0,6330.0,1.0
40.0,1738.0,1.0
41.0,6331.0,1.0
41.0,1570.0,1.0
44.0,45.0,1.0
44.0,10398.0,1.0
44.0,11303.0,1.0
45.0,6872.0,1.0
45.0,19264.0,1.0
46.0,47.0,1.0
46.0,8244.0,1.0
46.0,12730.0,1.0
46.0,11474.0,1.0
47.0,3469.0,1.0
47.0,10188.0,1.0
47.0,11740.0,1.0
48.0,49.0,1.0
48.0,2947.0,1.0
48.0,5455.0,1.0
49.0,11348.0,1.0
49.0,5837.0,1.0
50.0,51.0,1.0
50.0,3357.0,1.0
50.0,6990.0,1.0
50.0,16762.0,1.0
51.0,11672.0,1.0
51.0,17513.0,1.0
51.0,17520.0,1.0
52.0,53.0,1.0
52.0,4611.0,1.0
52.0,5507.0,1.0
52.0,14166.0,1.0
53.0,1504.0,1.0
53.0,8687.0,1.0
53.0,1186.0,1.0
54.0,7278.0,1.0
55.0,56.0,1.0
55.0,818.0,1.0
55.0,10822.0,1.0
56.0,14115.0,1.0
56.0,12698.0,1.0
63.0,64.0,1.0
63.0,14667.0,1.0
63.0,20134.0,1.0
64.0,14276.0,1.0
64.0,14358.0,1.0
71.0,72.0,1.0
71.0,13303.0,1.0
71.0,12609.0,1.0
72.0,14781.0,1.0
72.0,14158.0,1.0
79.0,80.0,1.0
79.0,4779.0,1.0
79.0,5637.0,1.0
79.0,11736.0,1.0
80.0,11359.0,1.0
80.0,14289.0,1.0
87.0,88.0,1.0
87.0,1574.0,1.0
87.0,7441.0,1.0
87.0,4794.0,1.0
88.0,3543.0,1.0
88.0,8373.0,1.0
91.0,92.0,1.0
91.0,738.0,1.0
91.0,3441.0,1.0
92.0,738.0,1.0
92.0,14216.0,1.0
93.0,94.0,1.0
93.0,10933.0,1.0
93.0,14389.0,1.0
94.0,272.0,1.0
94.0,1572.0,1.0
94.0,14227.0,1.0
97.0,98.0,1.0
97.0,4056.0,1.0
97.0,4522.0,1.0
97.0,10847.0,1.0
98.0,6072.0,1.0
98.0,11901.0,1.0
98.0,16131.0,1.0
99.0,100.0,1.0
99.0,3541.0,1.0
99.0,600.0,1.0
103.0,104.0,1.0
103.0,10743.0,1.0
103.0,4621.0,1.0
103.0,5617.0,1.0
104.0,1082.0,1.0
104.0,5823.0,1.0
104.0,2711.0,1.0
105.0,106.0,1.0
105.0,8294.0,1.0
105.0,12625.0,1.0
106.0,4836.0,1.0
106.0,3884.0,1.0
109.0,110.0,1.0
109.0,5725.0,1.0
109.0,2427.0,1.0
109.0,2297.0,1.0
110.0,2428.0,1.0
110.0,12208.0,1.0
113.0,114.0,1.0
113.0,8569.0,1.0
113.0,2935.0,1.0
113.0,2349.0,1.0
114.0,2936.0,1.0
114.0,2350.0,1.0
115.0,116.0,1.0
115.0,4305.0,1.0
115.0,6931.0,1.0
115.0,8168.0,1.0
116.0,9716.0,1.0
116.0,9901.0,1.0
116.0,9385.0,1.0
117.0,1818.0,1.0
122.0,123.0,1.0
122.0,18479.0,1.0
122.0,17355.0,1.0
123.0,12179.0,1.0
123.0,14557.0,1.0
123.0,14956.0,1.0
127.0,128.0,1.0
127.0,4882.0,1.0
127.0,12349.0,1.0
128.0,1440.0,1.0
128.0,9347.0,1.0
130.0,131.0,1.0
130.0,14484.0,1.0
130.0,11084.0,1.0
130.0,17062.0,1.0
131.0,10246.0,1.0
131.0,10741.0,1.0
131.0,20955.0,1.0
132.0,133.0,1.0
132.0,1801.0,1.0
132.0,16499.0,1.0
132.0,5128.0,1.0
133.0,1447.0,1.0
133.0,11598.0,1.0
134.0,135.0,1.0
134.0,5892.0,1.0
134.0,9048.0,1.0
135.0,4031.0,1.0
135.0,8177.0,1.0
135.0,11922.0,1.0
139.0,140.0,1.0
139.0,9915.0,1.0
139.0,16480.0,1.0
139.0,17029.0,1.0
140.0,3397.0,1.0
140.0,8496.0,1.0
140.0,8931.0,1.0
145.0,146.0,1.0
145.0,1382.0,1.0
145.0,2428.0,1.0
145.0,12208.0,1.0
146.0,749.0,1.0
146.0,10265.0,1.0
149.0,150.0,1.0
149.0,7334.0,1.0
149.0,10141.0,1.0
150.0,3388.0,1.0
150.0,1689.0,1.0
156.0,157.0,1.0
156.0,12321.0,1.0
156.0,6864.0,1.0
157.0,4764.0,1.0
157.0,6213.0,1.0
158.0,746.0,1.0
158.0,4984.0,1.0
158.0,11363.0,1.0
158.0,8780.0,1.0
161.0,162.0,1.0
161.0,5924.0,1.0
161.0,9090.0,1.0
161.0,12820.0,1.0
162.0,13187.0,1.0
162.0,1573.0,1.0
162.0,12820.0,1.0
163.0,164.0,1.0
163.0,2390.0,1.0
163.0,9167.0,1.0
163.0,7920.0,1.0
164.0,5475.0,1.0
164.0,13487.0,1.0
164.0,13213.0,1.0
167.0,168.0,1.0
167.0,10174.0,1.0
167.0,2437.0,1.0
167.0,14097.0,1.0
168.0,6145.0,1.0
171.0,172.0,1.0
172.0,7736.0,1.0
172.0,7105.0,1.0
177.0,178.0,1.0
177.0,9898.0,1.0
177.0,6321.0,1.0
177.0,16702.0,1.0
178.0,5125.0,1.0
178.0,6321.0,1.0
178.0,9141.0,1.0
178.0,5351.0,1.0
179.0,180.0,1.0
179.0,5724.0,1.0
179.0,12680.0,1.0
179.0,9823.0,1.0
181.0,182.0,1.0
181.0,8362.0,1.0
181.0,8343.0,1.0
181.0,16656.0,1.0
182.0,8473.0,1.0
182.0,16737.0,1.0
183.0,184.0,1.0
183.0,6745.0,1.0
183.0,9430.0,1.0
183.0,14028.0,1.0
184.0,14293.0,1.0
184.0,14419.0,1.0
185.0,186.0,1.0
185.0,3200.0,1.0
185.0,7052.0,1.0
186.0,1222.0,1.0
186.0,11227.0,1.0
187.0,188.0,1.0
187.0,2566.0,1.0
187.0,11702.0,1.0
187.0,14006.0,1.0
188.0,12273.0,1.0
188.0,10577.0,1.0
188.0,13359.0,1.0
191.0,192.0,1.0
191.0,3843.0,1.0
191.0,3242.0,1.0
192.0,12207.0,1.0
192.0,6142.0,1.0
193.0,194.0,1.0
193.0,7800.0,1.0
193.0,16702.0,1.0
193.0,2613.0,1.0
194.0,5351.0,1.0
194.0,1091.0,1.0
194.0,2614.0,1.0
195.0,196.0,1.0
195.0,1026.0,1.0
195.0,384.0,1.0
197.0,20511.0,1.0
197.0,20520.0,1.0
197.0,9818.0,1.0
200.0,201.0,1.0
200.0,6039.0,1.0
200.0,1819.0,1.0
201.0,9442.0,1.0
201.0,1820.0,1.0
201.0,7861.0,1.0
206.0,207.0,1.0
206.0,4261.0,1.0
206.0,6545.0,1.0
206.0,8699.0,1.0
207.0,2576.0,1.0
207.0,5623.0,1.0
207.0,4262.0,1.0
208.0,209.0,1.0
208.0,7015.0,1.0
208.0,14380.0,1.0
208.0,4134.0,1.0
209.0,4213.0,1.0
209.0,5356.0,1.0
212.0,213.0,1.0
212.0,2304.0,1.0
212.0,16534.0,1.0
213.0,3119.0,1.0
213.0,694.0,1.0
215.0,216.0,1.0
215.0,2152.0,1.0
215.0,7793.0,1.0
215.0,8576.0,1.0
217.0,218.0,1.0
217.0,12027.0,1.0
217.0,356.0,1.0
219.0,220.0,1.0
219.0,1378.0,1.0
219.0,11741.0,1.0
219.0,4694.0,1.0
220.0,11840.0,1.0
220.0,12928.0,1.0
220.0,16912.0,1.0
231.0,232.0,1.0
231.0,888.0,1.0
231.0,1649.0,1.0
232.0,3381.0,1.0
232.0,9561.0,1.0
232.0,13169.0,1.0
233.0,234.0,1.0
233.0,4234.0,1.0
233.0,12109.0,1.0
234.0,15350.0,1.0
234.0,15813.0,1.0
237.0,238.0,1.0
237.0,7997.0,1.0
237.0,11377.0,1.0
237.0,10145.0,1.0
238.0,19073.0,1.0
238.0,8525.0,1.0
238.0,1672.0,1.0
241.0,242.0,1.0
241.0,14811.0,1.0
241.0,4534.0,1.0
241.0,2955.0,1.0
242.0,12988.0,1.0
242.0,12100.0,1.0
242.0,4535.0,1.0
246.0,247.0,1.0
246.0,8718.0,1.0
246.0,16677.0,1.0
247.0,7251.0,1.0
247.0,11810.0,1.0
252.0,253.0,1.0
252.0,784.0,1.0
252.0,8933.0,1.0
253.0,4935.0,1.0
253.0,6957.0,1.0
253.0,9075.0,1.0
253.0,5193.0,1.0
256.0,257.0,1.0
256.0,6562.0,1.0
256.0,7000.0,1.0
257.0,324.0,1.0
257.0,6159.0,1.0
257.0,4722.0,1.0
258.0,259.0,1.0
258.0,3649.0,1.0
258.0,16631.0,1.0
258.0,16769.0,1.0
259.0,1213.0,1.0
259.0,11414.0,1.0
260.0,261.0,1.0
260.0,3678.0,1.0
260.0,15694.0,1.0
261.0,9413.0,1.0
261.0,14714.0,1.0
262.0,263.0,1.0
262.0,15347.0,1.0
262.0,4195.0,1.0
264.0,3890.0,1.0
264.0,1883.0,1.0
264.0,813.0,1.0
266.0,267.0,1.0
266.0,1776.0,1.0
266.0,17813.0,1.0
267.0,5462.0,1.0
267.0,14470.0,1.0
271.0,272.0,1.0
271.0,4590.0,1.0
271.0,9991.0,1.0
272.0,3573.0,1.0
275.0,276.0,1.0
275.0,3094.0,1.0
275.0,19265.0,1.0
275.0,20109.0,1.0
284.0,285.0,1.0
284.0,6711.0,1.0
284.0,8615.0,1.0
285.0,7334.0,1.0
285.0,3016.0,1.0
286.0,287.0,1.0
286.0,6046.0,1.0
286.0,6206.0,1.0
287.0,11918.0,1.0
287.0,6047.0,1.0
287.0,16711.0,1.0
290.0,291.0,1.0
290.0,3181.0,1.0
290.0,9529.0,1.0
290.0,10119.0,1.0
291.0,5379.0,1.0
291.0,8344.0,1.0
298.0,299.0,1.0
298.0,8938.0,1.0
298.0,4705.0,1.0
298.0,12710.0,1.0
299.0,7274.0,1.0
299.0,3813.0,1.0
306.0,307.0,1.0
307.0,4884.0,1.0
307.0,2766.0,1.0
310.0,311.0,1.0
310.0,785.0,1.0
310.0,17159.0,1.0
311.0,4364.0,1.0
311.0,4912.0,1.0
311.0,12781.0,1.0
322.0,323.0,1.0
322.0,440.0,1.0
322.0,6275.0,1.0
323.0,4138.0,1.0
323.0,5824.0,1.0
323.0,14062.0,1.0
324.0,5306.0,1.0
324.0,3845.0,1.0
324.0,8836.0,1.0
329.0,330.0,1.0
329.0,5837.0,1.0
329.0,11348.0,1.0
329.0,16371.0,1.0
330.0,7011.0,1.0
330.0,8791.0,1.0
330.0,12095.0,1.0
331.0,9890.0,1.0
331.0,2921.0,1.0
331.0,14237.0,1.0
331.0,12702.0,1.0
332.0,333.0,1.0
332.0,11803.0,1.0
332.0,1564.0,1.0
333.0,5417.0,1.0
333.0,6408.0,1.0
334.0,335.0,1.0
334.0,11986.0,1.0
334.0,11842.0,1.0
334.0,5225.0,1.0
335.0,1843.0,1.0
335.0,11704.0,1.0
335.0,7770.0,1.0
338.0,339.0,1.0
338.0,6824.0,1.0
338.0,12109.0,1.0
339.0,15350.0,1.0
339.0,17371.0,1.0
342.0,343.0,1.0
342.0,377.0,1.0
342.0,8323.0,1.0
343.0,6178.0,1.0
343.0,14633.0,1.0
350.0,351.0,1.0
350.0,424.0,1.0
350.0,7859.0,1.0
350.0,2772.0,1.0
351.0,3303.0,1.0
351.0,13856.0,1.0
351.0,16149.0,1.0
352.0,353.0,1.0
352.0,5235.0,1.0
352.0,7828.0,1.0
352.0,17700.0,1.0
353.0,891.0,1.0
353.0,13058.0,1.0
353.0,4735.0,1.0
354.0,355.0,1.0
354.0,8091.0,1.0
354.0,9492.0,1.0
354.0,4901.0,1.0
355.0,10104.0,1.0
355.0,13776.0,1.0
355.0,16897.0,1.0
356.0,357.0,1.0
356.0,6850.0,1.0
362.0,363.0,1.0
362.0,12120.0,1.0
362.0,13987.0,1.0
363.0,7459.0,1.0
363.0,9389.0,1.0
364.0,365.0,1.0
364.0,6310.0,1.0
364.0,11833.0,1.0
364.0,2040.0,1.0
365.0,2041.0,1.0
365.0,1675.0,1.0
365.0,8037.0,1.0
367.0,368.0,1.0
367.0,4207.0,1.0
367.0,13572.0,1.0
368.0,6223.0,1.0
368.0,13989.0,1.0
368.0,7161.0,1.0
375.0,376.0,1.0
375.0,7388.0,1.0
375.0,6876.0,1.0
375.0,5394.0,1.0
376.0,14524.0,1.0
376.0,13567.0,1.0
376.0,12104.0,1.0
377.0,378.0,1.0
377.0,2984.0,1.0
379.0,2067.0,1.0
379.0,11376.0,1.0
379.0,4107.0,1.0
380.0,381.0,1.0
380.0,5758.0,1.0
380.0,7271.0,1.0
380.0,10576.0,1.0
381.0,7864.0,1.0
381.0,14774.0,1.0
381.0,1998.0,1.0
384.0,10493.0,1.0
384.0,1026.0,1.0
384.0,12395.0,1.0
387.0,388.0,1.0
387.0,5408.0,1.0
387.0,3509.0,1.0
387.0,6783.0,1.0
388.0,2895.0,1.0
388.0,9286.0,1.0
388.0,6784.0,1.0
389.0,8416.0,1.0
389.0,5738.0,1.0
389.0,3294.0,1.0
392.0,393.0,1.0
392.0,7840.0,1.0
392.0,4592.0,1.0
392.0,17871.0,1.0
398.0,399.0,1.0
398.0,4306.0,1.0
398.0,9749.0,1.0
398.0,3714.0,1.0
399.0,4307.0,1.0
399.0,3532.0,1.0
400.0,401.0,1.0
400.0,3983.0,1.0
400.0,10551.0,1.0
400.0,5754.0,1.0
401.0,6402.0,1.0
401.0,3470.0,1.0
401.0,5755.0,1.0
402.0,403.0,1.0
402.0,3492.0,1.0
402.0,8087.0,1.0
403.0,3281.0,1.0
403.0,6700.0,1.0
406.0,407.0,1.0
406.0,2074.0,1.0
406.0,19013.0,1.0
407.0,2074.0,1.0
407.0,6584.0,1.0
407.0,1543.0,1.0
413.0,414.0,1.0
413.0,1183.0,1.0
413.0,5720.0,1.0
413.0,13817.0,1.0
414.0,6711.0,1.0
414.0,10331.0,1.0
414.0,3016.0,1.0
417.0,2351.0,1.0
417.0,6973.0,1.0
417.0,7667.0,1.0
424.0,7722.0,1.0
424.0,14664.0,1.0
424.0,16149.0,1.0
427.0,7579.0,1.0
427.0,12134.0,1.0
427.0,3294.0,1.0
428.0,429.0,1.0
428.0,14043.0,1.0
428.0,20087.0,1.0
432.0,433.0,1.0
433.0,1442.0,1.0
433.0,4116.0,1.0
436.0,437.0,1.0
436.0,9640.0,1.0
436.0,10258.0,1.0
436.0,2859.0,1.0
437.0,1524.0,1.0
437.0,10258.0,1.0
437.0,4859.0,1.0
438.0,439.0,1.0
439.0,12529.0,1.0
439.0,7425.0,1.0
440.0,7295.0,1.0
440.0,2927.0,1.0
441.0,8465.0,1.0
442.0,443.0,1.0
442.0,5695.0,1.0
442.0,5947.0,1.0
442.0,3914.0,1.0
443.0,3528.0,1.0
443.0,3266.0,1.0
443.0,3914.0,1.0
454.0,455.0,1.0
454.0,12519.0,1.0
454.0,14197.0,1.0
454.0,13598.0,1.0
454.0,8786.0,1.0
455.0,4156.0,1.0
455.0,14778.0,1.0
457.0,458.0,1.0
457.0,16082.0,1.0
457.0,2176.0,1.0
458.0,11124.0,1.0
458.0,18069.0,1.0
463.0,464.0,1.0
463.0,1973.0,1.0
463.0,1809.0,1.0
463.0,10005.0,1.0
464.0,10933.0,1.0
464.0,11703.0,1.0
467.0,468.0,1.0
467.0,11281.0,1.0
467.0,13206.0,1.0
468.0,2333.0,1.0
468.0,12093.0,1.0
469.0,470.0,1.0
469.0,1085.0,1.0
469.0,1734.0,1.0
469.0,11144.0,1.0
470.0,11474.0,1.0
470.0,3438.0,1.0
470.0,8244.0,1.0
475.0,1484.0,1.0
475.0,13440.0,1.0
475.0,1836.0,1.0
475.0,6750.0,1.0
476.0,11879.0,1.0
476.0,10775.0,1.0
476.0,8218.0,1.0
479.0,480.0,1.0
479.0,7098.0,1.0
479.0,17261.0,1.0
480.0,658.0,1.0
480.0,4522.0,1.0
480.0,5021.0,1.0
483.0,484.0,1.0
483.0,10869.0,1.0
483.0,20215.0,1.0
484.0,7389.0,1.0
484.0,10869.0,1.0
487.0,488.0,1.0
487.0,7066.0,1.0
487.0,7797.0,1.0
487.0,11708.0,1.0
488.0,4041.0,1.0
488.0,2498.0,1.0
492.0,5202.0,1.0
498.0,499.0,1.0
498.0,1882.0,1.0
498.0,13484.0,1.0
498.0,2667.0,1.0
499.0,7823.0,1.0
499.0,2668.0,1.0
500.0,501.0,1.0
500.0,3760.0,1.0
500.0,14462.0,1.0
501.0,12876.0,1.0
501.0,11498.0,1.0
501.0,11251.0,1.0
508.0,509.0,1.0
508.0,2070.0,1.0
508.0,6699.0,1.0
509.0,10225.0,1.0
509.0,12001.0,1.0
510.0,511.0,1.0
510.0,17015.0,1.0
510.0,11184.0,1.0
510.0,7771.0,1.0
511.0,9727.0,1.0
511.0,11613.0,1.0
511.0,10836.0,1.0
514.0,515.0,1.0
514.0,5155.0,1.0
514.0,6296.0,1.0
514.0,8952.0,1.0
514.0,10027.0,1.0
515.0,1514.0,1.0
515.0,7559.0,1.0
515.0,2046.0,1.0
536.0,537.0,1.0
536.0,8842.0,1.0
536.0,10614.0,1.0
537.0,3268.0,1.0
537.0,8842.0,1.0
538.0,539.0,1.0
538.0,14662.0,1.0
538.0,15987.0,1.0
539.0,9737.0,1.0
539.0,17182.0,1.0
540.0,541.0,1.0
540.0,14742.0,1.0
540.0,6872.0,1.0
541.0,9866.0,1.0
541.0,11303.0,1.0
547.0,548.0,1.0
547.0,5585.0,1.0
547.0,15736.0,1.0
547.0,6287.0,1.0
547.0,6156.0,1.0
548.0,4248.0,1.0
548.0,12805.0,1.0
550.0,551.0,1.0
550.0,3705.0,1.0
550.0,9559.0,1.0
550.0,20079.0,1.0
551.0,7504.0,1.0
551.0,5183.0,1.0
552.0,14070.0,1.0
552.0,21015.0,1.0
552.0,9002.0,1.0
555.0,556.0,1.0
555.0,8027.0,1.0
555.0,14059.0,1.0
555.0,20214.0,1.0
556.0,8027.0,1.0
556.0,16152.0,1.0
561.0,3511.0,1.0
561.0,2366.0,1.0
561.0,17999.0,1.0
567.0,568.0,1.0
567.0,12555.0,1.0
567.0,16148.0,1.0
571.0,572.0,1.0
571.0,16357.0,1.0
571.0,2422.0,1.0
572.0,13903.0,1.0
572.0,12836.0,1.0
572.0,11897.0,1.0
575.0,576.0,1.0
576.0,6864.0,1.0
576.0,6854.0,1.0
577.0,578.0,1.0
577.0,4492.0,1.0
577.0,14373.0,1.0
578.0,10503.0,1.0
578.0,13670.0,1.0
583.0,584.0,1.0
583.0,2758.0,1.0
583.0,3821.0,1.0
583.0,5015.0,1.0
584.0,10573.0,1.0
584.0,11067.0,1.0
584.0,13098.0,1.0
587.0,588.0,1.0
588.0,12519.0,1.0
588.0,3440.0,1.0
588.0,14197.0,1.0
593.0,17257.0,1.0
593.0,20211.0,1.0
593.0,5737.0,1.0
597.0,598.0,1.0
597.0,1620.0,1.0
597.0,12181.0,1.0
598.0,3511.0,1.0
598.0,10074.0,1.0
600.0,601.0,1.0
600.0,12389.0,1.0
600.0,16049.0,1.0
601.0,5089.0,1.0
601.0,5919.0,1.0
606.0,607.0,1.0
606.0,11217.0,1.0
606.0,5939.0,1.0
606.0,8832.0,1.0
607.0,10740.0,1.0
607.0,8833.0,1.0
607.0,16629.0,1.0
610.0,611.0,1.0
610.0,4180.0,1.0
610.0,6286.0,1.0
610.0,7407.0,1.0
614.0,615.0,1.0
614.0,6349.0,1.0
614.0,3930.0,1.0
615.0,9538.0,1.0
615.0,19621.0,1.0
616.0,617.0,1.0
616.0,12538.0,1.0
616.0,5690.0,1.0
617.0,861.0,1.0
617.0,12243.0,1.0
617.0,10991.0,1.0
618.0,619.0,1.0
618.0,15563.0,1.0
618.0,19033.0,1.0
619.0,11729.0,1.0
619.0,17455.0,1.0
624.0,625.0,1.0
624.0,14612.0,1.0
624.0,13193.0,1.0
625.0,4899.0,1.0
625.0,7728.0,1.0
632.0,633.0,1.0
632.0,6093.0,1.0
632.0,13951.0,1.0
633.0,4376.0,1.0
633.0,10919.0,1.0
633.0,11126.0,1.0
636.0,637.0,1.0
636.0,10570.0,1.0
636.0,8306.0,1.0
636.0,9495.0,1.0
637.0,6651.0,1.0
637.0,6987.0,1.0
637.0,9225.0,1.0
638.0,639.0,1.0
638.0,1465.0,1.0
638.0,16503.0,1.0
638.0,3223.0,1.0
639.0,5757.0,1.0
639.0,3224.0,1.0
639.0,16765.0,1.0
640.0,641.0,1.0
640.0,5531.0,1.0
640.0,8408.0,1.0
640.0,12792.0,1.0
641.0,8884.0,1.0
641.0,14051.0,1.0
641.0,16956.0,1.0
642.0,1703.0,1.0
642.0,14514.0,1.0
642.0,4055.0,1.0
643.0,644.0,1.0
643.0,7183.0,1.0
643.0,5794.0,1.0
643.0,7982.0,1.0
644.0,1728.0,1.0
644.0,11398.0,1.0
649.0,650.0,1.0
649.0,741.0,1.0
649.0,13290.0,1.0
650.0,5065.0,1.0
650.0,3972.0,1.0
655.0,656.0,1.0
656.0,4071.0,1.0
656.0,17454.0,1.0
656.0,16113.0,1.0
658.0,17261.0,1.0
658.0,11950.0,1.0
658.0,5427.0,1.0
661.0,662.0,1.0
661.0,6599.0,1.0
661.0,9933.0,1.0
661.0,6625.0,1.0
662.0,3124.0,1.0
662.0,6084.0,1.0
662.0,6599.0,1.0
662.0,9933.0,1.0
665.0,666.0,1.0
665.0,7707.0,1.0
665.0,10785.0,1.0
666.0,11694.0,1.0
666.0,21073.0,1.0
669.0,670.0,1.0
670.0,4010.0,1.0
670.0,9732.0,1.0
683.0,684.0,1.0
683.0,17312.0,1.0
683.0,1529.0,1.0
687.0,688.0,1.0
687.0,3663.0,1.0
687.0,4476.0,1.0
687.0,8998.0,1.0
688.0,4147.0,1.0
688.0,7287.0,1.0
688.0,8395.0,1.0
689.0,690.0,1.0
689.0,10743.0,1.0
689.0,9954.0,1.0
690.0,1082.0,1.0
690.0,4928.0,1.0
690.0,4888.0,1.0
693.0,694.0,1.0
693.0,5848.0,1.0
693.0,11112.0,1.0
694.0,1806.0,1.0
698.0,699.0,1.0
698.0,1144.0,1.0
698.0,8403.0,1.0
698.0,13736.0,1.0
699.0,9402.0,1.0
699.0,12714.0,1.0
699.0,1230.0,1.0
700.0,701.0,1.0
700.0,8320.0,1.0
700.0,6746.0,1.0
700.0,10122.0,1.0
701.0,8553.0,1.0
701.0,13068.0,1.0
703.0,704.0,1.0
703.0,5057.0,1.0
703.0,9872.0,1.0
703.0,8636.0,1.0
703.0,18272.0,1.0
704.0,12331.0,1.0
704.0,8637.0,1.0
706.0,707.0,1.0
706.0,14345.0,1.0
706.0,19091.0,1.0
707.0,9659.0,1.0
707.0,14345.0,1.0
715.0,716.0,1.0
715.0,13225.0,1.0
715.0,7764.0,1.0
716.0,11230.0,1.0
716.0,7100.0,1.0
716.0,13911.0,1.0
719.0,5922.0,1.0
723.0,724.0,1.0
723.0,8247.0,1.0
723.0,13090.0,1.0
723.0,13346.0,1.0
724.0,11165.0,1.0
724.0,6278.0,1.0
736.0,737.0,1.0
736.0,5876.0,1.0
736.0,8894.0,1.0
738.0,3289.0,1.0
739.0,740.0,1.0
739.0,9262.0,1.0
739.0,16526.0,1.0
739.0,7922.0,1.0
740.0,5442.0,1.0
740.0,2128.0,1.0
740.0,10901.0,1.0
741.0,10969.0,1.0
741.0,20234.0,1.0
744.0,745.0,1.0
744.0,7389.0,1.0
744.0,14526.0,1.0
745.0,2092.0,1.0
745.0,18021.0,1.0
746.0,1199.0,1.0
746.0,13594.0,1.0
747.0,4426.0,1.0
747.0,16411.0,1.0
747.0,1277.0,1.0
747.0,1276.0,1.0
748.0,749.0,1.0
748.0,2330.0,1.0
748.0,9305.0,1.0
749.0,12960.0,1.0
749.0,20205.0,1.0
751.0,752.0,1.0
751.0,11701.0,1.0
751.0,3196.0,1.0
752.0,4034.0,1.0
752.0,7405.0,1.0
752.0,5833.0,1.0
759.0,760.0,1.0
759.0,3603.0,1.0
759.0,11731.0,1.0
759.0,14058.0,1.0
760.0,10300.0,1.0
760.0,11383.0,1.0
760.0,5943.0,1.0
764.0,765.0,1.0
764.0,774.0,1.0
764.0,10608.0,1.0
766.0,10326.0,1.0
766.0,1081.0,1.0
766.0,9805.0,1.0
768.0,769.0,1.0
768.0,1011.0,1.0
768.0,1236.0,1.0
768.0,5626.0,1.0
769.0,12606.0,1.0
769.0,1237.0,1.0
774.0,1896.0,1.0
774.0,14757.0,1.0
777.0,8896.0,1.0
777.0,4591.0,1.0
777.0,5365.0,1.0
777.0,16118.0,1.0
777.0,1897.0,1.0
783.0,784.0,1.0
783.0,8609.0,1.0
783.0,9514.0,1.0
784.0,5193.0,1.0
785.0,12830.0,1.0
785.0,15911.0,1.0
790.0,791.0,1.0
790.0,5342.0,1.0
790.0,5978.0,1.0
790.0,8050.0,1.0
791.0,1649.0,1.0
791.0,8051.0,1.0
792.0,793.0,1.0
792.0,9168.0,1.0
792.0,9152.0,1.0
798.0,799.0,1.0
798.0,3463.0,1.0
798.0,5176.0,1.0
799.0,7329.0,1.0
799.0,11491.0,1.0
800.0,2543.0,1.0
800.0,3231.0,1.0
800.0,13160.0,1.0
801.0,802.0,1.0
801.0,4829.0,1.0
801.0,7866.0,1.0
801.0,8201.0,1.0
802.0,5931.0,1.0
802.0,13593.0,1.0
802.0,14731.0,1.0
807.0,808.0,1.0
807.0,12971.0,1.0
807.0,5341.0,1.0
807.0,17095.0,1.0
808.0,4243.0,1.0
808.0,7772.0,1.0
808.0,5601.0,1.0
809.0,810.0,1.0
809.0,7036.0,1.0
809.0,6657.0,1.0
811.0,812.0,1.0
811.0,2252.0,1.0
811.0,12993.0,1.0
812.0,6691.0,1.0
812.0,20168.0,1.0
813.0,5963.0,1.0
813.0,1883.0,1.0
818.0,7094.0,1.0
818.0,9830.0,1.0
818.0,12779.0,1.0
821.0,822.0,1.0
821.0,7934.0,1.0
821.0,11382.0,1.0
827.0,828.0,1.0
827.0,4613.0,1.0
827.0,2716.0,1.0
827.0,12918.0,1.0
828.0,12461.0,1.0
828.0,7272.0,1.0
828.0,14735.0,1.0
829.0,830.0,1.0
829.0,3009.0,1.0
829.0,5078.0,1.0
831.0,832.0,1.0
831.0,5598.0,1.0
831.0,2055.0,1.0
832.0,12796.0,1.0
832.0,14673.0,1.0
839.0,840.0,1.0
839.0,1452.0,1.0
839.0,5011.0,1.0
839.0,6321.0,1.0
840.0,6281.0,1.0
840.0,7997.0,1.0
840.0,1281.0,1.0
845.0,846.0,1.0
845.0,3615.0,1.0
845.0,13963.0,1.0
846.0,10093.0,1.0
846.0,7559.0,1.0
849.0,850.0,1.0
850.0,3050.0,1.0
850.0,12864.0,1.0
850.0,14827.0,1.0
851.0,852.0,1.0
851.0,1868.0,1.0
851.0,1639.0,1.0
851.0,17092.0,1.0
852.0,5887.0,1.0
852.0,9566.0,1.0
852.0,1640.0,1.0
855.0,856.0,1.0
855.0,2897.0,1.0
855.0,16403.0,1.0
855.0,2802.0,1.0
856.0,1709.0,1.0
856.0,8750.0,1.0
857.0,858.0,1.0
857.0,5592.0,1.0
857.0,9952.0,1.0
857.0,10727.0,1.0
858.0,2943.0,1.0
858.0,11263.0,1.0
858.0,1040.0,1.0
859.0,860.0,1.0
859.0,4529.0,1.0
859.0,10164.0,1.0
859.0,16413.0,1.0
860.0,2369.0,1.0
860.0,11058.0,1.0
860.0,17961.0,1.0
861.0,2469.0,1.0
861.0,3518.0,1.0
861.0,11697.0,1.0
864.0,865.0,1.0
864.0,8400.0,1.0
864.0,11962.0,1.0
864.0,7674.0,1.0
865.0,12747.0,1.0
865.0,13673.0,1.0
866.0,867.0,1.0
866.0,5431.0,1.0
866.0,11947.0,1.0
867.0,5743.0,1.0
867.0,1856.0,1.0
867.0,14338.0,1.0
870.0,871.0,1.0
870.0,11311.0,1.0
870.0,12776.0,1.0
870.0,9493.0,1.0
871.0,1604.0,1.0
871.0,7517.0,1.0
871.0,7066.0,1.0
872.0,873.0,1.0
872.0,11264.0,1.0
872.0,2149.0,1.0
872.0,10191.0,1.0
873.0,923.0,1.0
873.0,6237.0,1.0
875.0,876.0,1.0
875.0,997.0,1.0
875.0,13028.0,1.0
875.0,4569.0,1.0
876.0,2765.0,1.0
876.0,3867.0,1.0
879.0,880.0,1.0
879.0,6317.0,1.0
879.0,4693.0,1.0
879.0,13215.0,1.0
880.0,4694.0,1.0
880.0,12635.0,1.0
881.0,882.0,1.0
881.0,5397.0,1.0
881.0,12057.0,1.0
881.0,9640.0,1.0
882.0,4859.0,1.0
882.0,7981.0,1.0
882.0,2493.0,1.0
885.0,886.0,1.0
885.0,8354.0,1.0
885.0,4095.0,1.0
886.0,4192.0,1.0
886.0,5208.0,1.0
886.0,5016.0,1.0
888.0,11006.0,1.0
888.0,8051.0,1.0
889.0,890.0,1.0
889.0,2316.0,1.0
889.0,9099.0,1.0
890.0,5750.0,1.0
890.0,9099.0,1.0
891.0,892.0,1.0
891.0,6162.0,1.0
891.0,7016.0,1.0
892.0,4735.0,1.0
892.0,5124.0,1.0
892.0,14863.0,1.0
897.0,898.0,1.0
897.0,3063.0,1.0
897.0,7926.0,1.0
898.0,7926.0,1.0
898.0,3322.0,1.0
899.0,900.0,1.0
899.0,4102.0,1.0
899.0,16352.0,1.0
900.0,2594.0,1.0
900.0,5381.0,1.0
900.0,14849.0,1.0
901.0,902.0,1.0
901.0,7609.0,1.0
901.0,8238.0,1.0
902.0,2839.0,1.0
902.0,16632.0,1.0
902.0,13099.0,1.0
919.0,920.0,1.0
920.0,11883.0,1.0
920.0,13777.0,1.0
920.0,2142.0,1.0
923.0,9483.0,1.0
923.0,12603.0,1.0
923.0,11264.0,1.0
924.0,925.0,1.0
924.0,4565.0,1.0
924.0,10979.0,1.0
924.0,11012.0,1.0
925.0,4291.0,1.0
925.0,2437.0,1.0
925.0,14283.0,1.0
926.0,927.0,1.0
926.0,7217.0,1.0
926.0,13315.0,1.0
926.0,12878.0,1.0
927.0,10162.0,1.0
927.0,2245.0,1.0
927.0,16715.0,1.0
934.0,935.0,1.0
934.0,7480.0,1.0
934.0,17226.0,1.0
934.0,18964.0,1.0
935.0,10987.0,1.0
935.0,17614.0,1.0
935.0,3347.0,1.0
936.0,937.0,1.0
936.0,2957.0,1.0
936.0,9976.0,1.0
936.0,11858.0,1.0
937.0,7295.0,1.0
937.0,7090.0,1.0
938.0,939.0,1.0
938.0,12187.0,1.0
938.0,14292.0,1.0
939.0,11664.0,1.0
939.0,4460.0,1.0
939.0,13118.0,1.0
941.0,942.0,1.0
941.0,9861.0,1.0
941.0,12512.0,1.0
941.0,4774.0,1.0
942.0,5472.0,1.0
942.0,10180.0,1.0
942.0,13246.0,1.0
943.0,944.0,1.0
943.0,1920.0,1.0
943.0,14095.0,1.0
943.0,4374.0,1.0
944.0,7882.0,1.0
944.0,7342.0,1.0
947.0,948.0,1.0
947.0,10753.0,1.0
947.0,11645.0,1.0
947.0,7224.0,1.0
948.0,2492.0,1.0
948.0,10181.0,1.0
948.0,19365.0,1.0
953.0,954.0,1.0
953.0,1569.0,1.0
953.0,5669.0,1.0
953.0,4677.0,1.0
954.0,7956.0,1.0
954.0,5670.0,1.0
954.0,4129.0,1.0
955.0,956.0,1.0
955.0,3742.0,1.0
955.0,4549.0,1.0
955.0,1445.0,1.0
960.0,961.0,1.0
960.0,6735.0,1.0
960.0,6868.0,1.0
960.0,11716.0,1.0
961.0,6237.0,1.0
961.0,7874.0,1.0
961.0,12603.0,1.0
967.0,968.0,1.0
967.0,12166.0,1.0
967.0,6682.0,1.0
968.0,7142.0,1.0
968.0,10691.0,1.0
969.0,970.0,1.0
969.0,3859.0,1.0
969.0,7562.0,1.0
969.0,14672.0,1.0
970.0,5756.0,1.0
970.0,11690.0,1.0
970.0,12709.0,1.0
977.0,978.0,1.0
977.0,4025.0,1.0
977.0,3422.0,1.0
978.0,3423.0,1.0
978.0,11302.0,1.0
978.0,1647.0,1.0
983.0,13331.0,1.0
983.0,17906.0,1.0
983.0,14454.0,1.0
984.0,985.0,1.0
985.0,8915.0,1.0
985.0,8025.0,1.0
985.0,14719.0,1.0
991.0,992.0,1.0
992.0,3982.0,1.0
992.0,9013.0,1.0
992.0,6988.0,1.0
993.0,994.0,1.0
993.0,2473.0,1.0
993.0,7182.0,1.0
993.0,11226.0,1.0
994.0,6947.0,1.0
994.0,3045.0,1.0
995.0,996.0,1.0
995.0,12864.0,1.0
995.0,10819.0,1.0
995.0,13794.0,1.0
996.0,1303.0,1.0
996.0,8443.0,1.0
996.0,12379.0,1.0
997.0,4339.0,1.0
997.0,4680.0,1.0
997.0,13028.0,1.0
997.0,16435.0,1.0
1000.0,1001.0,1.0
1000.0,4108.0,1.0
1000.0,7644.0,1.0
1001.0,4108.0,1.0
1001.0,15000.0,1.0
1005.0,1006.0,1.0
1005.0,6503.0,1.0
1005.0,3212.0,1.0
1006.0,15190.0,1.0
1006.0,15128.0,1.0
1006.0,5440.0,1.0
1007.0,1008.0,1.0
1007.0,18120.0,1.0
1007.0,12621.0,1.0
1008.0,1660.0,1.0
1008.0,7404.0,1.0
1008.0,17687.0,1.0
1011.0,5625.0,1.0
1011.0,8598.0,1.0
1016.0,1017.0,1.0
1016.0,9211.0,1.0
1016.0,19159.0,1.0
1016.0,20046.0,1.0
1017.0,20327.0,1.0
1022.0,1023.0,1.0
1022.0,6451.0,1.0
1022.0,17019.0,1.0
1022.0,16398.0,1.0
1023.0,18463.0,1.0
1023.0,18478.0,1.0
1024.0,1025.0,1.0
1024.0,2818.0,1.0
1024.0,11104.0,1.0
1024.0,12147.0,1.0
1024.0,19525.0,1.0
1025.0,3572.0,1.0
1025.0,17819.0,1.0
1026.0,1027.0,1.0
1028.0,1029.0,1.0
1028.0,5721.0,1.0
1028.0,4186.0,1.0
1028.0,9440.0,1.0
1029.0,9540.0,1.0
1029.0,5689.0,1.0
1029.0,16613.0,1.0
1030.0,1031.0,1.0
1030.0,12083.0,1.0
1030.0,12638.0,1.0
1030.0,10757.0,1.0
1031.0,2625.0,1.0
1031.0,4282.0,1.0
1031.0,1925.0,1.0
1034.0,1035.0,1.0
1035.0,9823.0,1.0
1035.0,5207.0,1.0
1035.0,13048.0,1.0
1040.0,1041.0,1.0
1040.0,10762.0,1.0
1040.0,10032.0,1.0
1041.0,4207.0,1.0
1041.0,12560.0,1.0
1041.0,4845.0,1.0
1041.0,13572.0,1.0
1041.0,10762.0,1.0
1042.0,1043.0,1.0
1042.0,4127.0,1.0
1042.0,14124.0,1.0
1043.0,4845.0,1.0
1043.0,1558.0,1.0
1043.0,13989.0,1.0
1053.0,3033.0,1.0
1053.0,6402.0,1.0
1053.0,9997.0,1.0
1062.0,1063.0,1.0
1062.0,2404.0,1.0
1062.0,6554.0,1.0
1062.0,8149.0,1.0
1063.0,2868.0,1.0
1063.0,3234.0,1.0
1063.0,3483.0,1.0
1064.0,1065.0,1.0
1064.0,1801.0,1.0
1064.0,10279.0,1.0
1064.0,6958.0,1.0
1065.0,5822.0,1.0
1065.0,9908.0,1.0
1065.0,16497.0,1.0
1066.0,1067.0,1.0
1066.0,10860.0,1.0
1066.0,8591.0,1.0
1066.0,3003.0,1.0
1067.0,1626.0,1.0
1067.0,8572.0,1.0
1072.0,1073.0,1.0
1072.0,2228.0,1.0
1072.0,5687.0,1.0
1072.0,10593.0,1.0
1073.0,2510.0,1.0
1073.0,9779.0,1.0
1073.0,2131.0,1.0
1074.0,1075.0,1.0
1074.0,7314.0,1.0
1074.0,19699.0,1.0
1075.0,8367.0,1.0
1075.0,14115.0,1.0
1078.0,1079.0,1.0
1078.0,7169.0,1.0
1078.0,11903.0,1.0
1080.0,1081.0,1.0
1080.0,8626.0,1.0
1080.0,14401.0,1.0
1081.0,17142.0,1.0
1082.0,10743.0,1.0
1082.0,4298.0,1.0
1085.0,5040.0,1.0
1085.0,3438.0,1.0
1085.0,14867.0,1.0
1091.0,1092.0,1.0
1091.0,1495.0,1.0
1092.0,5125.0,1.0
1092.0,12626.0,1.0
1092.0,5351.0,1.0
1095.0,1096.0,1.0
1095.0,1121.0,1.0
1095.0,10142.0,1.0
1096.0,4420.0,1.0
1096.0,17516.0,1.0
1096.0,20573.0,1.0
1097.0,1098.0,1.0
1097.0,6994.0,1.0
1097.0,8908.0,1.0
1098.0,7113.0,1.0
1098.0,7402.0,1.0
1099.0,1100.0,1.0
1099.0,11058.0,1.0
1099.0,9611.0,1.0
1099.0,14133.0,1.0
1100.0,4494.0,1.0
1100.0,9612.0,1.0
1100.0,17799.0,1.0
1103.0,1104.0,1.0
1104.0,2073.0,1.0
1104.0,2867.0,1.0
1104.0,8823.0,1.0
1105.0,1106.0,1.0
1105.0,7806.0,1.0
1105.0,5666.0,1.0
1105.0,10990.0,1.0
1106.0,5687.0,1.0
1106.0,4902.0,1.0
1115.0,1116.0,1.0
1115.0,16499.0,1.0
1115.0,11598.0,1.0
1116.0,8233.0,1.0
1116.0,7308.0,1.0
1121.0,4030.0,1.0
1121.0,7479.0,1.0
1121.0,12184.0,1.0
1122.0,1123.0,1.0
1123.0,10739.0,1.0
1123.0,6805.0,1.0
1124.0,13017.0,1.0
1124.0,17910.0,1.0
1124.0,2735.0,1.0
1125.0,1126.0,1.0
1125.0,2131.0,1.0
1125.0,1755.0,1.0
1125.0,9779.0,1.0
1126.0,12152.0,1.0
1126.0,11045.0,1.0
1126.0,1929.0,1.0
1129.0,1130.0,1.0
1129.0,5943.0,1.0
1129.0,13579.0,1.0
1135.0,1136.0,1.0
1135.0,11089.0,1.0
1135.0,14238.0,1.0
1135.0,5941.0,1.0
1136.0,14358.0,1.0
1136.0,14737.0,1.0
1137.0,1138.0,1.0
1137.0,2056.0,1.0
1137.0,13399.0,1.0
1139.0,1140.0,1.0
1140.0,8096.0,1.0
1140.0,9893.0,1.0
1140.0,7881.0,1.0
1143.0,1144.0,1.0
1143.0,8403.0,1.0
1143.0,3968.0,1.0
1144.0,12714.0,1.0
1144.0,12753.0,1.0
1148.0,1149.0,1.0
1148.0,5618.0,1.0
1148.0,1923.0,1.0
1149.0,1924.0,1.0
1149.0,8340.0,1.0
1149.0,3166.0,1.0
1152.0,1153.0,1.0
1152.0,6350.0,1.0
1152.0,18471.0,1.0
1153.0,7430.0,1.0
1153.0,4775.0,1.0
1154.0,1155.0,1.0
1154.0,18515.0,1.0
1154.0,12379.0,1.0
1154.0,10987.0,1.0
1154.0,9478.0,1.0
1158.0,1159.0,1.0
1158.0,7387.0,1.0
1158.0,2046.0,1.0
1158.0,2968.0,1.0
1159.0,7296.0,1.0
1159.0,5347.0,1.0
1159.0,2969.0,1.0
1160.0,1161.0,1.0
1160.0,7587.0,1.0
1160.0,10690.0,1.0
1160.0,14472.0,1.0
1161.0,1509.0,1.0
1161.0,1984.0,1.0
1161.0,14441.0,1.0
1162.0,1163.0,1.0
1162.0,6712.0,1.0
1163.0,6713.0,1.0
1163.0,15312.0,1.0
1163.0,13581.0,1.0
1164.0,1165.0,1.0
1164.0,7172.0,1.0
1164.0,5234.0,1.0
1165.0,4875.0,1.0
1165.0,6127.0,1.0
1165.0,5082.0,1.0
1165.0,6128.0,1.0
1166.0,1167.0,1.0
1166.0,4142.0,1.0
1166.0,7081.0,1.0
1166.0,13049.0,1.0
1167.0,6102.0,1.0
1167.0,10788.0,1.0
1167.0,3781.0,1.0
1174.0,1175.0,1.0
1174.0,2926.0,1.0
1174.0,6545.0,1.0
1174.0,8699.0,1.0
1175.0,1400.0,1.0
1175.0,2927.0,1.0
1175.0,8700.0,1.0
1178.0,1179.0,1.0
1178.0,1267.0,1.0
1178.0,7434.0,1.0
1178.0,10954.0,1.0
1179.0,11045.0,1.0
1179.0,13057.0,1.0
1179.0,18194.0,1.0
1180.0,1181.0,1.0
1180.0,3594.0,1.0
1180.0,13165.0,1.0
1180.0,11156.0,1.0
1181.0,10962.0,1.0
1181.0,12212.0,1.0
1182.0,1183.0,1.0
1182.0,4708.0,1.0
1182.0,10769.0,1.0
1182.0,1799.0,1.0
1183.0,4069.0,1.0
1183.0,3565.0,1.0
1186.0,1187.0,1.0
1186.0,4611.0,1.0
1186.0,5993.0,1.0
1187.0,8687.0,1.0
1187.0,4149.0,1.0
1187.0,12488.0,1.0
1188.0,1189.0,1.0
1188.0,4235.0,1.0
1188.0,20899.0,1.0
1189.0,5615.0,1.0
1189.0,5374.0,1.0
1190.0,1191.0,1.0
1190.0,4796.0,1.0
1190.0,13706.0,1.0
1190.0,10911.0,1.0
1191.0,1713.0,1.0
1191.0,10551.0,1.0
1191.0,6785.0,1.0
1194.0,5823.0,1.0
1194.0,10376.0,1.0
1194.0,3308.0,1.0
1194.0,3906.0,1.0
1195.0,1196.0,1.0
1196.0,1412.0,1.0
1196.0,10751.0,1.0
1197.0,1198.0,1.0
1197.0,16070.0,1.0
1197.0,3255.0,1.0
1198.0,5664.0,1.0
1198.0,7314.0,1.0
1198.0,11969.0,1.0
1199.0,1200.0,1.0
1199.0,4593.0,1.0
1199.0,7993.0,1.0
1200.0,13093.0,1.0
1200.0,17991.0,1.0
1202.0,1203.0,1.0
1203.0,2772.0,1.0
1203.0,9881.0,1.0
1204.0,1205.0,1.0
1204.0,1331.0,1.0
1204.0,7406.0,1.0
1204.0,3083.0,1.0
1205.0,1800.0,1.0
1205.0,1388.0,1.0
1205.0,3084.0,1.0
1206.0,1207.0,1.0
1206.0,1406.0,1.0
1206.0,5726.0,1.0
1207.0,2937.0,1.0
1207.0,7913.0,1.0
1207.0,8032.0,1.0
1212.0,1213.0,1.0
1212.0,4391.0,1.0
1212.0,8206.0,1.0
1213.0,14362.0,1.0
1213.0,13744.0,1.0
1216.0,1217.0,1.0
1216.0,4864.0,1.0
1216.0,5688.0,1.0
1217.0,8375.0,1.0
1217.0,5688.0,1.0
1222.0,3328.0,1.0
1222.0,8953.0,1.0
1223.0,1224.0,1.0
1223.0,6170.0,1.0
1223.0,9775.0,1.0
1223.0,17849.0,1.0
1224.0,5219.0,1.0
1224.0,9119.0,1.0
1224.0,12924.0,1.0
1225.0,1226.0,1.0
1225.0,4596.0,1.0
1225.0,2142.0,1.0
1226.0,9683.0,1.0
1226.0,7424.0,1.0
1227.0,1228.0,1.0
1227.0,1655.0,1.0
1227.0,6993.0,1.0
1227.0,8138.0,1.0
1228.0,14513.0,1.0
1228.0,16858.0,1.0
1230.0,1231.0,1.0
1230.0,11276.0,1.0
1230.0,13105.0,1.0
1231.0,3422.0,1.0
1231.0,10598.0,1.0
1234.0,1235.0,1.0
1234.0,6201.0,1.0
1234.0,7707.0,1.0
1234.0,9486.0,1.0
1235.0,10785.0,1.0
1235.0,6202.0,1.0
1235.0,17267.0,1.0
1236.0,1237.0,1.0
1236.0,8598.0,1.0
1236.0,3766.0,1.0
1237.0,4161.0,1.0
1237.0,6231.0,1.0
1242.0,1243.0,1.0
1242.0,9972.0,1.0
1242.0,9845.0,1.0
1243.0,4418.0,1.0
1243.0,11468.0,1.0
1246.0,11235.0,1.0
1247.0,1248.0,1.0
1247.0,9834.0,1.0
1247.0,14358.0,1.0
1247.0,4156.0,1.0
1248.0,9637.0,1.0
1248.0,6959.0,1.0
1249.0,1250.0,1.0
1249.0,3218.0,1.0
1249.0,6428.0,1.0
1250.0,5581.0,1.0
1250.0,3095.0,1.0
1250.0,2308.0,1.0
1251.0,1252.0,1.0
1251.0,3589.0,1.0
1251.0,11412.0,1.0
1251.0,4389.0,1.0
1252.0,1720.0,1.0
1252.0,11055.0,1.0
1253.0,1254.0,1.0
1253.0,10450.0,1.0
1253.0,11934.0,1.0
1253.0,14257.0,1.0
1254.0,7948.0,1.0
1254.0,16853.0,1.0
1265.0,1266.0,1.0
1266.0,9548.0,1.0
1266.0,2378.0,1.0
1267.0,5269.0,1.0
1267.0,11045.0,1.0
1267.0,1696.0,1.0
1270.0,1271.0,1.0
1270.0,5324.0,1.0
1270.0,10705.0,1.0
1270.0,6741.0,1.0
1271.0,16375.0,1.0
1271.0,10706.0,1.0
1276.0,1277.0,1.0
1276.0,1447.0,1.0
1277.0,7307.0,1.0
1277.0,13319.0,1.0
1280.0,1281.0,1.0
1280.0,5265.0,1.0
1280.0,2342.0,1.0
1280.0,9898.0,1.0
1280.0,6321.0,1.0
1281.0,6321.0,1.0
1281.0,2343.0,1.0
1282.0,1283.0,1.0
1282.0,1503.0,1.0
1282.0,7856.0,1.0
1282.0,2051.0,1.0
1283.0,5274.0,1.0
1283.0,16432.0,1.0
1283.0,8544.0,1.0
1284.0,1285.0,1.0
1284.0,5995.0,1.0
1284.0,11070.0,1.0
1285.0,7067.0,1.0
1285.0,4253.0,1.0
1285.0,12909.0,1.0
1286.0,1287.0,1.0
1286.0,5488.0,1.0
1286.0,6727.0,1.0
1286.0,2769.0,1.0
1287.0,5877.0,1.0
1287.0,8869.0,1.0
1287.0,12770.0,1.0
1288.0,1289.0,1.0
1288.0,2211.0,1.0
1288.0,6419.0,1.0
1289.0,7364.0,1.0
1289.0,10216.0,1.0
1289.0,10217.0,1.0
1293.0,1294.0,1.0
1293.0,5065.0,1.0
1293.0,13648.0,1.0
1294.0,2011.0,1.0
1294.0,9114.0,1.0
1294.0,18009.0,1.0
1303.0,6414.0,1.0
1303.0,20342.0,1.0
1303.0,19116.0,1.0
1312.0,1313.0,1.0
1312.0,4174.0,1.0
1312.0,10296.0,1.0
1312.0,12620.0,1.0
1313.0,2921.0,1.0
1313.0,11796.0,1.0
1313.0,16706.0,1.0
1314.0,1315.0,1.0
1314.0,5630.0,1.0
1314.0,7902.0,1.0
1314.0,11784.0,1.0
1315.0,8718.0,1.0
1315.0,16677.0,1.0
1315.0,8194.0,1.0
1319.0,18523.0,1.0
1319.0,13333.0,1.0
1319.0,18525.0,1.0
1320.0,3302.0,1.0
1322.0,1323.0,1.0
1323.0,3097.0,1.0
1323.0,1369.0,1.0
1323.0,14591.0,1.0
1327.0,15585.0,1.0
1327.0,14991.0,1.0
1327.0,6520.0,1.0
1328.0,1329.0,1.0
1328.0,15785.0,1.0
1328.0,1764.0,1.0
1328.0,11381.0,1.0
1329.0,19470.0,1.0
1329.0,6176.0,1.0
1330.0,1331.0,1.0
1330.0,14671.0,1.0
1330.0,8881.0,1.0
1331.0,1800.0,1.0
1331.0,1678.0,1.0
1332.0,1333.0,1.0
1332.0,14001.0,1.0
1332.0,12949.0,1.0
1333.0,12562.0,1.0
1333.0,12950.0,1.0
1338.0,1339.0,1.0
1338.0,5465.0,1.0
1338.0,9033.0,1.0
1338.0,10013.0,1.0
1339.0,5339.0,1.0
1339.0,10155.0,1.0
1340.0,1341.0,1.0
1340.0,3365.0,1.0
1340.0,5002.0,1.0
1340.0,7152.0,1.0
1341.0,10947.0,1.0
1341.0,11415.0,1.0
1341.0,16739.0,1.0
1347.0,1348.0,1.0
1347.0,10169.0,1.0
1347.0,8538.0,1.0
1347.0,14010.0,1.0
1348.0,5899.0,1.0
1348.0,7517.0,1.0
1348.0,2881.0,1.0
1351.0,1352.0,1.0
1351.0,6498.0,1.0
1351.0,10525.0,1.0
1352.0,3321.0,1.0
1352.0,5992.0,1.0
1352.0,7373.0,1.0
1355.0,1356.0,1.0
1355.0,6350.0,1.0
1355.0,20758.0,1.0
1356.0,7430.0,1.0
1356.0,13252.0,1.0
1369.0,1370.0,1.0
1369.0,13479.0,1.0
1369.0,17977.0,1.0
1370.0,2985.0,1.0
1370.0,14650.0,1.0
1372.0,1373.0,1.0
1372.0,4593.0,1.0
1372.0,8351.0,1.0
1374.0,1375.0,1.0
1374.0,6040.0,1.0
1374.0,9618.0,1.0
1375.0,8897.0,1.0
1375.0,10545.0,1.0
1376.0,1377.0,1.0
1377.0,16134.0,1.0
1377.0,7057.0,1.0
1381.0,1382.0,1.0
1381.0,4331.0,1.0
1381.0,6088.0,1.0
1381.0,12723.0,1.0
1382.0,6088.0,1.0
1388.0,1389.0,1.0
1388.0,6431.0,1.0
1388.0,7088.0,1.0
1389.0,10556.0,1.0
1389.0,6432.0,1.0
1392.0,1393.0,1.0
1392.0,2547.0,1.0
1392.0,2387.0,1.0
1392.0,9772.0,1.0
1393.0,5797.0,1.0
1393.0,9773.0,1.0
1393.0,9362.0,1.0
1394.0,1395.0,1.0
1394.0,3804.0,1.0
1394.0,9487.0,1.0
1394.0,12183.0,1.0
1395.0,3847.0,1.0
1395.0,10381.0,1.0
1395.0,10681.0,1.0
1398.0,1399.0,1.0
1398.0,16419.0,1.0
1398.0,17032.0,1.0
1399.0,2271.0,1.0
1399.0,5453.0,1.0
1399.0,1982.0,1.0
1400.0,1401.0,1.0
1400.0,6275.0,1.0
1400.0,6189.0,1.0
1401.0,4885.0,1.0
1401.0,8092.0,1.0
1402.0,1403.0,1.0
1402.0,5301.0,1.0
1402.0,16592.0,1.0
1402.0,6501.0,1.0
1403.0,2713.0,1.0
1403.0,6122.0,1.0
1403.0,12590.0,1.0
1404.0,1405.0,1.0
1404.0,16463.0,1.0
1404.0,12816.0,1.0
1404.0,9904.0,1.0
1405.0,9955.0,1.0
1405.0,10768.0,1.0
1405.0,12205.0,1.0
1406.0,2937.0,1.0
1406.0,9734.0,1.0
1406.0,14343.0,1.0
1407.0,1408.0,1.0
1407.0,11349.0,1.0
1407.0,4404.0,1.0
1408.0,2588.0,1.0
1408.0,2895.0,1.0
1408.0,4508.0,1.0
1410.0,1411.0,1.0
1410.0,5500.0,1.0
1410.0,6686.0,1.0
1411.0,5704.0,1.0
1411.0,5994.0,1.0
1412.0,1413.0,1.0
1412.0,16104.0,1.0
1413.0,3599.0,1.0
1413.0,8366.0,1.0
1416.0,1417.0,1.0
1416.0,10379.0,1.0
1416.0,18602.0,1.0
1417.0,10848.0,1.0
1417.0,12647.0,1.0
1426.0,1427.0,1.0
1426.0,8423.0,1.0
1426.0,14671.0,1.0
1426.0,4137.0,1.0
1427.0,8764.0,1.0
1427.0,7963.0,1.0
1433.0,1434.0,1.0
1433.0,7315.0,1.0
1433.0,1611.0,1.0
1434.0,2959.0,1.0
1434.0,7817.0,1.0
1434.0,1612.0,1.0
1438.0,1439.0,1.0
1438.0,5070.0,1.0
1438.0,18584.0,1.0
1439.0,8188.0,1.0
1439.0,16068.0,1.0
1439.0,17418.0,1.0
1440.0,1441.0,1.0
1440.0,10886.0,1.0
1441.0,1964.0,1.0
1441.0,9348.0,1.0
1442.0,1443.0,1.0
1442.0,12309.0,1.0
1443.0,11399.0,1.0
1443.0,15522.0,1.0
1445.0,1446.0,1.0
1445.0,4222.0,1.0
1445.0,4549.0,1.0
1446.0,14512.0,1.0
1446.0,7743.0,1.0
1446.0,4223.0,1.0
1447.0,13601.0,1.0
1448.0,1449.0,1.0
1448.0,4254.0,1.0
1448.0,10550.0,1.0
1448.0,14098.0,1.0
1449.0,8968.0,1.0
1449.0,8704.0,1.0
1449.0,8329.0,1.0
1450.0,1451.0,1.0
1450.0,20760.0,1.0
1450.0,8903.0,1.0
1451.0,6789.0,1.0
1451.0,12369.0,1.0
1452.0,4329.0,1.0
1452.0,9141.0,1.0
1455.0,1456.0,1.0
1455.0,4111.0,1.0
1455.0,10102.0,1.0
1456.0,11541.0,1.0
1456.0,20595.0,1.0
1459.0,1460.0,1.0
1459.0,10132.0,1.0
1459.0,9351.0,1.0
1460.0,1886.0,1.0
1460.0,8147.0,1.0
1461.0,1462.0,1.0
1461.0,12045.0,1.0
1461.0,10630.0,1.0
1461.0,8433.0,1.0
1462.0,10205.0,1.0
1462.0,8150.0,1.0
1465.0,6230.0,1.0
1465.0,6060.0,1.0
1465.0,3349.0,1.0
1466.0,1467.0,1.0
1466.0,9403.0,1.0
1466.0,13162.0,1.0
1467.0,5422.0,1.0
1467.0,3403.0,1.0
1467.0,16845.0,1.0
1470.0,1471.0,1.0
1470.0,16105.0,1.0
1470.0,14274.0,1.0
1471.0,10342.0,1.0
1471.0,1540.0,1.0
1472.0,1905.0,1.0
1472.0,6627.0,1.0
1472.0,21197.0,1.0
1472.0,20809.0,1.0
1473.0,1474.0,1.0
1473.0,4724.0,1.0
1473.0,3068.0,1.0
1474.0,1531.0,1.0
1474.0,3344.0,1.0
1478.0,1479.0,1.0
1478.0,4790.0,1.0
1478.0,10360.0,1.0
1478.0,4686.0,1.0
1479.0,2028.0,1.0
1479.0,9314.0,1.0
1479.0,12744.0,1.0
1484.0,1485.0,1.0
1484.0,16926.0,1.0
1484.0,7505.0,1.0
1485.0,10361.0,1.0
1485.0,10850.0,1.0
1485.0,4687.0,1.0
1490.0,1491.0,1.0
1490.0,10090.0,1.0
1490.0,10669.0,1.0
1491.0,1590.0,1.0
1491.0,6790.0,1.0
1495.0,1496.0,1.0
1495.0,8333.0,1.0
1495.0,2614.0,1.0
1496.0,3181.0,1.0
1496.0,5622.0,1.0
1497.0,7168.0,1.0
1497.0,16538.0,1.0
1503.0,2749.0,1.0
1503.0,9602.0,1.0
1503.0,16432.0,1.0
1504.0,8798.0,1.0
1504.0,14166.0,1.0
1504.0,4124.0,1.0
1507.0,1508.0,1.0
1507.0,4791.0,1.0
1507.0,11828.0,1.0
1507.0,11167.0,1.0
1508.0,2713.0,1.0
1508.0,4582.0,1.0
1508.0,1528.0,1.0
1509.0,7587.0,1.0
1509.0,7672.0,1.0
1509.0,7042.0,1.0
1510.0,1511.0,1.0
1511.0,1911.0,1.0
1511.0,12660.0,1.0
1512.0,1513.0,1.0
1512.0,16995.0,1.0
1512.0,6672.0,1.0
1514.0,5347.0,1.0
1514.0,7949.0,1.0
1514.0,6296.0,1.0
1515.0,1516.0,1.0
1515.0,10849.0,1.0
1515.0,13254.0,1.0
1516.0,7391.0,1.0
1516.0,9956.0,1.0
1516.0,9887.0,1.0
1517.0,10250.0,1.0
1517.0,11004.0,1.0
1517.0,12761.0,1.0
1524.0,2639.0,1.0
1524.0,11381.0,1.0
1527.0,1528.0,1.0
1527.0,10639.0,1.0
1527.0,11028.0,1.0
1528.0,6501.0,1.0
1528.0,14259.0,1.0
1529.0,1530.0,1.0
1529.0,9131.0,1.0
1530.0,13366.0,1.0
1530.0,16132.0,1.0
1530.0,14266.0,1.0
1531.0,9153.0,1.0
1531.0,17646.0,1.0
1531.0,11429.0,1.0
1532.0,8675.0,1.0
1532.0,9047.0,1.0
1532.0,8159.0,1.0
1533.0,1534.0,1.0
1533.0,18479.0,1.0
1533.0,15346.0,1.0
1534.0,2572.0,1.0
1534.0,14956.0,1.0
1534.0,15346.0,1.0
1536.0,1537.0,1.0
1537.0,1855.0,1.0
1537.0,14452.0,1.0
1540.0,1541.0,1.0
1540.0,20160.0,1.0
1541.0,8736.0,1.0
1541.0,9474.0,1.0
1543.0,1544.0,1.0
1543.0,16861.0,1.0
1544.0,2038.0,1.0
1544.0,6584.0,1.0
1544.0,7178.0,1.0
1546.0,1547.0,1.0
1546.0,12885.0,1.0
1546.0,4491.0,1.0
1546.0,10427.0,1.0
1547.0,10045.0,1.0
1547.0,12489.0,1.0
1552.0,1553.0,1.0
1552.0,3891.0,1.0
1552.0,7086.0,1.0
1552.0,4214.0,1.0
1553.0,10984.0,1.0
1553.0,5392.0,1.0
1554.0,1555.0,1.0
1554.0,4839.0,1.0
1554.0,5414.0,1.0
1554.0,11183.0,1.0
1555.0,4048.0,1.0
1555.0,16552.0,1.0
1555.0,14413.0,1.0
1555.0,8751.0,1.0
1558.0,1559.0,1.0
1558.0,10010.0,1.0
1558.0,11186.0,1.0
1559.0,7161.0,1.0
1559.0,12330.0,1.0
1560.0,1561.0,1.0
1560.0,3938.0,1.0
1560.0,5097.0,1.0
1561.0,5098.0,1.0
1561.0,12176.0,1.0
1561.0,4717.0,1.0
1564.0,1565.0,1.0
1564.0,7344.0,1.0
1565.0,4541.0,1.0
1565.0,7729.0,1.0
1568.0,1569.0,1.0
1568.0,4677.0,1.0
1568.0,10099.0,1.0
1568.0,5650.0,1.0
1569.0,3584.0,1.0
1569.0,4129.0,1.0
1570.0,1571.0,1.0
1570.0,6331.0,1.0
1571.0,4235.0,1.0
1571.0,3786.0,1.0
1571.0,20899.0,1.0
1572.0,14342.0,1.0
1572.0,10898.0,1.0
1572.0,15788.0,1.0
1573.0,1574.0,1.0
1573.0,7441.0,1.0
1573.0,5600.0,1.0
1574.0,5028.0,1.0
1574.0,8373.0,1.0
1575.0,1576.0,1.0
1575.0,12246.0,1.0
1575.0,16141.0,1.0
1577.0,4447.0,1.0
1577.0,11433.0,1.0
1577.0,13501.0,1.0
1578.0,13682.0,1.0
1578.0,4854.0,1.0
1578.0,10846.0,1.0
1579.0,1580.0,1.0
1579.0,8143.0,1.0
1579.0,10658.0,1.0
1579.0,14572.0,1.0
1580.0,9154.0,1.0
1580.0,16080.0,1.0
1580.0,9416.0,1.0
1585.0,1586.0,1.0
1586.0,2639.0,1.0
1586.0,3600.0,1.0
1589.0,13942.0,1.0
1590.0,8362.0,1.0
1590.0,19352.0,1.0
1597.0,1598.0,1.0
1597.0,11278.0,1.0
1597.0,12288.0,1.0
1598.0,9872.0,1.0
1598.0,5057.0,1.0
1598.0,14303.0,1.0
1604.0,3116.0,1.0
1604.0,9941.0,1.0
1604.0,9493.0,1.0
1605.0,1606.0,1.0
1605.0,2195.0,1.0
1605.0,8752.0,1.0
1606.0,5275.0,1.0
1606.0,13706.0,1.0
1607.0,1608.0,1.0
1607.0,9668.0,1.0
1607.0,11973.0,1.0
1607.0,13062.0,1.0
1608.0,8156.0,1.0
1608.0,2661.0,1.0
1608.0,13325.0,1.0
1611.0,1612.0,1.0
1611.0,12313.0,1.0
1612.0,3211.0,1.0
1612.0,6403.0,1.0
1615.0,1616.0,1.0
1615.0,2255.0,1.0
1615.0,13667.0,1.0
1616.0,9286.0,1.0
1616.0,5408.0,1.0
1617.0,9883.0,1.0
1617.0,6593.0,1.0
1617.0,13295.0,1.0
1617.0,18260.0,1.0
1621.0,1622.0,1.0
1621.0,7536.0,1.0
1621.0,7083.0,1.0
1621.0,13997.0,1.0
1621.0,16596.0,1.0
1622.0,5078.0,1.0
1622.0,15569.0,1.0
1624.0,1625.0,1.0
1624.0,7873.0,1.0
1624.0,2936.0,1.0
1625.0,6915.0,1.0
1625.0,19120.0,1.0
1626.0,1627.0,1.0
1626.0,10543.0,1.0
1627.0,9314.0,1.0
1627.0,8572.0,1.0
1627.0,4790.0,1.0
1628.0,1629.0,1.0
1628.0,5208.0,1.0
1628.0,4773.0,1.0
1628.0,4192.0,1.0
1629.0,6491.0,1.0
1629.0,12512.0,1.0
1629.0,9472.0,1.0
1639.0,1640.0,1.0
1639.0,3686.0,1.0
1639.0,16468.0,1.0
1640.0,5888.0,1.0
1640.0,6804.0,1.0
1642.0,1643.0,1.0
1642.0,14317.0,1.0
1642.0,3209.0,1.0
1643.0,6273.0,1.0
1643.0,11204.0,1.0
1647.0,1648.0,1.0
1647.0,4024.0,1.0
1647.0,12286.0,1.0
1648.0,7350.0,1.0
1648.0,2393.0,1.0
1648.0,16893.0,1.0
1649.0,3381.0,1.0
1650.0,1651.0,1.0
1650.0,3276.0,1.0
1650.0,7923.0,1.0
1651.0,3277.0,1.0
1651.0,7911.0,1.0
1652.0,1653.0,1.0
1652.0,4799.0,1.0
1652.0,17668.0,1.0
1653.0,5796.0,1.0
1653.0,8848.0,1.0
1655.0,6318.0,1.0
1655.0,7955.0,1.0
1655.0,6530.0,1.0
1656.0,1657.0,1.0
1656.0,5452.0,1.0
1656.0,13394.0,1.0
1657.0,2990.0,1.0
1657.0,9149.0,1.0
1657.0,8203.0,1.0
1658.0,1659.0,1.0
1658.0,6060.0,1.0
1658.0,7409.0,1.0
1658.0,7897.0,1.0
1659.0,13956.0,1.0
1659.0,10747.0,1.0
1659.0,3223.0,1.0
1660.0,7937.0,1.0
1660.0,7405.0,1.0
1660.0,4708.0,1.0
1662.0,1663.0,1.0
1662.0,7283.0,1.0
1662.0,7459.0,1.0
1662.0,14179.0,1.0
1663.0,3955.0,1.0
1663.0,4005.0,1.0
1663.0,1824.0,1.0
1671.0,1672.0,1.0
1671.0,3061.0,1.0
1671.0,12127.0,1.0
1672.0,10145.0,1.0
1675.0,1676.0,1.0
1675.0,9249.0,1.0
1675.0,6310.0,1.0
1676.0,8037.0,1.0
1676.0,8363.0,1.0
1676.0,4289.0,1.0
1677.0,1678.0,1.0
1677.0,1689.0,1.0
1677.0,6391.0,1.0
1677.0,9466.0,1.0
1678.0,4066.0,1.0
1678.0,3798.0,1.0
1681.0,1682.0,1.0
1681.0,2800.0,1.0
1681.0,3751.0,1.0
1682.0,4314.0,1.0
1682.0,5118.0,1.0
1685.0,1686.0,1.0
1686.0,8865.0,1.0
1686.0,15071.0,1.0
1689.0,1863.0,1.0
1689.0,9465.0,1.0
1692.0,1693.0,1.0
1692.0,12054.0,1.0
1692.0,5145.0,1.0
1692.0,12752.0,1.0
1693.0,9264.0,1.0
1693.0,12752.0,1.0
1693.0,11503.0,1.0
1695.0,1696.0,1.0
1695.0,5269.0,1.0
1695.0,2420.0,1.0
1696.0,10954.0,1.0
1696.0,12925.0,1.0
1697.0,1698.0,1.0
1697.0,14319.0,1.0
1697.0,16444.0,1.0
1698.0,2873.0,1.0
1698.0,11224.0,1.0
1698.0,3915.0,1.0
1704.0,1705.0,1.0
1705.0,8074.0,1.0
1705.0,4625.0,1.0
1707.0,1708.0,1.0
1707.0,4556.0,1.0
1707.0,11664.0,1.0
1707.0,3430.0,1.0
1708.0,6869.0,1.0
1708.0,11923.0,1.0
1708.0,6494.0,1.0
1709.0,2802.0,1.0
1709.0,16975.0,1.0
1711.0,1712.0,1.0
1711.0,5960.0,1.0
1711.0,10975.0,1.0
1712.0,16129.0,1.0
1712.0,10975.0,1.0
1713.0,6785.0,1.0
1713.0,4796.0,1.0
1713.0,4514.0,1.0
1717.0,1718.0,1.0
1717.0,9481.0,1.0
1717.0,2825.0,1.0
1717.0,14123.0,1.0
1718.0,11447.0,1.0
1718.0,10158.0,1.0
1718.0,16699.0,1.0
1720.0,10820.0,1.0
1720.0,11108.0,1.0
1720.0,4389.0,1.0
1728.0,2262.0,1.0
1728.0,11891.0,1.0
1728.0,12405.0,1.0
1734.0,8244.0,1.0
1734.0,6033.0,1.0
1734.0,2147.0,1.0
1738.0,17575.0,1.0
1738.0,10925.0,1.0
1739.0,1740.0,1.0
1739.0,3227.0,1.0
1739.0,11044.0,1.0
1739.0,13179.0,1.0
1740.0,8358.0,1.0
1740.0,12418.0,1.0
1745.0,1746.0,1.0
1745.0,9117.0,1.0
1745.0,9919.0,1.0
1745.0,13089.0,1.0
1745.0,2910.0,1.0
1745.0,19396.0,1.0
1746.0,8383.0,1.0
1746.0,4039.0,1.0
1746.0,9920.0,1.0
1749.0,1750.0,1.0
1749.0,3529.0,1.0
1749.0,7763.0,1.0
1750.0,13162.0,1.0
1750.0,4643.0,1.0
1753.0,1754.0,1.0
1753.0,2480.0,1.0
1753.0,11007.0,1.0
1753.0,17693.0,1.0
1754.0,5152.0,1.0
1754.0,2480.0,1.0
1755.0,1756.0,1.0
1755.0,2132.0,1.0
1755.0,1929.0,1.0
1756.0,4386.0,1.0
1756.0,5332.0,1.0
1757.0,1758.0,1.0
1757.0,6300.0,1.0
1757.0,7438.0,1.0
1757.0,3765.0,1.0
1758.0,4994.0,1.0
1758.0,3766.0,1.0
1761.0,1762.0,1.0
1761.0,16283.0,1.0
1762.0,8907.0,1.0
1762.0,3266.0,1.0
1762.0,7604.0,1.0
1763.0,1764.0,1.0
1764.0,7722.0,1.0
1764.0,14664.0,1.0
1767.0,1768.0,1.0
1767.0,1975.0,1.0
1767.0,2447.0,1.0
1769.0,1770.0,1.0
1769.0,3634.0,1.0
1769.0,19934.0,1.0
1770.0,10607.0,1.0
1770.0,11370.0,1.0
1771.0,1772.0,1.0
1771.0,7717.0,1.0
1771.0,17335.0,1.0
1772.0,14808.0,1.0
1772.0,20171.0,1.0
1775.0,1776.0,1.0
1775.0,4952.0,1.0
1775.0,12131.0,1.0
1776.0,7279.0,1.0
1776.0,4952.0,1.0
1781.0,1782.0,1.0
1781.0,4875.0,1.0
1781.0,16979.0,1.0
1781.0,5082.0,1.0
1782.0,9885.0,1.0
1782.0,5083.0,1.0
1788.0,1789.0,1.0
1788.0,6123.0,1.0
1788.0,5393.0,1.0
1788.0,12590.0,1.0
1789.0,6876.0,1.0
1789.0,5537.0,1.0
1789.0,6522.0,1.0
1790.0,1791.0,1.0
1790.0,5268.0,1.0
1790.0,11118.0,1.0
1790.0,11386.0,1.0
1791.0,8944.0,1.0
1791.0,6059.0,1.0
1791.0,10174.0,1.0
1792.0,1793.0,1.0
1792.0,5401.0,1.0
1792.0,11098.0,1.0
1792.0,14858.0,1.0
1793.0,7400.0,1.0
1793.0,16655.0,1.0
1794.0,1795.0,1.0
1794.0,1842.0,1.0
1794.0,3471.0,1.0
1794.0,12716.0,1.0
1794.0,7592.0,1.0
1795.0,13256.0,1.0
1795.0,16093.0,1.0
1795.0,19568.0,1.0
1796.0,1797.0,1.0
1796.0,11078.0,1.0
1796.0,8128.0,1.0
1796.0,5280.0,1.0
1797.0,7220.0,1.0
1797.0,7294.0,1.0
1797.0,7896.0,1.0
1798.0,1799.0,1.0
1798.0,4034.0,1.0
1798.0,4708.0,1.0
1799.0,3565.0,1.0
1799.0,5834.0,1.0
1800.0,3798.0,1.0
1800.0,7088.0,1.0
1801.0,6263.0,1.0
1801.0,9908.0,1.0
1806.0,1807.0,1.0
1806.0,11072.0,1.0
1806.0,3120.0,1.0
1807.0,8038.0,1.0
1807.0,2847.0,1.0
1807.0,12660.0,1.0
1808.0,1809.0,1.0
1808.0,4848.0,1.0
1808.0,12859.0,1.0
1808.0,15957.0,1.0
1809.0,9617.0,1.0
1810.0,1811.0,1.0
1810.0,3442.0,1.0
1810.0,9656.0,1.0
1810.0,4850.0,1.0
1811.0,14425.0,1.0
1811.0,9657.0,1.0
1811.0,14339.0,1.0
1816.0,1817.0,1.0
1816.0,12249.0,1.0
1816.0,13468.0,1.0
1818.0,8473.0,1.0
1818.0,16797.0,1.0
1819.0,1820.0,1.0
1819.0,4182.0,1.0
1819.0,9305.0,1.0
1820.0,5275.0,1.0
1820.0,7861.0,1.0
1823.0,1824.0,1.0
1823.0,4005.0,1.0
1823.0,2403.0,1.0
1823.0,12771.0,1.0
1824.0,13842.0,1.0
1826.0,1827.0,1.0
1826.0,9956.0,1.0
1826.0,2951.0,1.0
1827.0,5685.0,1.0
1827.0,7391.0,1.0
1842.0,3470.0,1.0
1842.0,7591.0,1.0
1842.0,5755.0,1.0
1843.0,5373.0,1.0
1843.0,5971.0,1.0
1843.0,18514.0,1.0
1843.0,11986.0,1.0
1846.0,1847.0,1.0
1846.0,13085.0,1.0
1846.0,13662.0,1.0
1847.0,4154.0,1.0
1847.0,13645.0,1.0
1847.0,13662.0,1.0
1849.0,1850.0,1.0
1850.0,4720.0,1.0
1850.0,3814.0,1.0
1853.0,1854.0,1.0
1853.0,10778.0,1.0
1853.0,11747.0,1.0
1854.0,17256.0,1.0
1854.0,14606.0,1.0
1855.0,1856.0,1.0
1855.0,20245.0,1.0
1856.0,14758.0,1.0
1863.0,3388.0,1.0
1863.0,5093.0,1.0
1863.0,6391.0,1.0
1867.0,1868.0,1.0
1867.0,16807.0,1.0
1867.0,17855.0,1.0
1868.0,3686.0,1.0
1868.0,12711.0,1.0
1873.0,1874.0,1.0
1873.0,8940.0,1.0
1873.0,7194.0,1.0
1874.0,2797.0,1.0
1874.0,7947.0,1.0
1877.0,1878.0,1.0
1877.0,4676.0,1.0
1877.0,8082.0,1.0
1877.0,4810.0,1.0
1878.0,15346.0,1.0
1878.0,16607.0,1.0
1882.0,1883.0,1.0
1882.0,7612.0,1.0
1882.0,3890.0,1.0
1883.0,2667.0,1.0
1886.0,1887.0,1.0
1886.0,6385.0,1.0
1887.0,7614.0,1.0
1887.0,11834.0,1.0
1890.0,1891.0,1.0
1890.0,12316.0,1.0
1890.0,12831.0,1.0
1890.0,8492.0,1.0
1891.0,7423.0,1.0
1891.0,13085.0,1.0
1891.0,18509.0,1.0
1891.0,13216.0,1.0
1894.0,1895.0,1.0
1894.0,4459.0,1.0
1894.0,11169.0,1.0
1894.0,3429.0,1.0
1895.0,3920.0,1.0
1895.0,3430.0,1.0
1895.0,7699.0,1.0
1896.0,1897.0,1.0
1896.0,12694.0,1.0
1896.0,5599.0,1.0
1897.0,14558.0,1.0
1898.0,15573.0,1.0
1899.0,1900.0,1.0
1899.0,8517.0,1.0
1899.0,12258.0,1.0
1899.0,5943.0,1.0
1900.0,12258.0,1.0
1900.0,19090.0,1.0
1901.0,17286.0,1.0
1901.0,7421.0,1.0
1901.0,5810.0,1.0
1902.0,1903.0,1.0
1902.0,8466.0,1.0
1902.0,12405.0,1.0
1903.0,14374.0,1.0
1903.0,16086.0,1.0
1905.0,1938.0,1.0
1905.0,2573.0,1.0
1905.0,6069.0,1.0
1911.0,7944.0,1.0
1911.0,15016.0,1.0
1918.0,1919.0,1.0
1918.0,4844.0,1.0
1918.0,9274.0,1.0
1918.0,2663.0,1.0
1919.0,2724.0,1.0
1919.0,16458.0,1.0
1919.0,19401.0,1.0
1920.0,4373.0,1.0
1920.0,14247.0,1.0
1920.0,13241.0,1.0
1923.0,1924.0,1.0
1923.0,4956.0,1.0
1924.0,5769.0,1.0
1924.0,5780.0,1.0
1925.0,1926.0,1.0
1925.0,11793.0,1.0
1926.0,3462.0,1.0
1926.0,2520.0,1.0
1929.0,1930.0,1.0
1929.0,5332.0,1.0
1930.0,3821.0,1.0
1930.0,5015.0,1.0
1930.0,18194.0,1.0
1935.0,1936.0,1.0
1936.0,7097.0,1.0
1936.0,13690.0,1.0
1939.0,1940.0,1.0
1939.0,4974.0,1.0
1939.0,9939.0,1.0
1939.0,13554.0,1.0
1940.0,7325.0,1.0
1940.0,11706.0,1.0
1940.0,7679.0,1.0
1941.0,1942.0,1.0
1941.0,6121.0,1.0
1941.0,10180.0,1.0
1941.0,12223.0,1.0
1942.0,5723.0,1.0
1942.0,11723.0,1.0
1942.0,15432.0,1.0
1942.0,5933.0,1.0
1942.0,10599.0,1.0
1942.0,2783.0,1.0
1949.0,1950.0,1.0
1949.0,7486.0,1.0
1949.0,12025.0,1.0
1950.0,2239.0,1.0
1950.0,12570.0,1.0
1951.0,1952.0,1.0
1951.0,14718.0,1.0
1951.0,14516.0,1.0
1952.0,3617.0,1.0
1952.0,5420.0,1.0
1952.0,11853.0,1.0
1953.0,1954.0,1.0
1953.0,5751.0,1.0
1953.0,13414.0,1.0
1953.0,14901.0,1.0
1954.0,12705.0,1.0
1954.0,2929.0,1.0
1954.0,13161.0,1.0
1956.0,1957.0,1.0
1956.0,4229.0,1.0
1956.0,3568.0,1.0
1956.0,3164.0,1.0
1957.0,6143.0,1.0
1957.0,9045.0,1.0
1957.0,6808.0,1.0
1964.0,1965.0,1.0
1964.0,11683.0,1.0
1965.0,12363.0,1.0
1965.0,7992.0,1.0
1968.0,2176.0,1.0
1973.0,10888.0,1.0
1973.0,14129.0,1.0
1973.0,7442.0,1.0
1974.0,1975.0,1.0
1974.0,12219.0,1.0
1974.0,16103.0,1.0
1974.0,4627.0,1.0
1975.0,10324.0,1.0
1978.0,1979.0,1.0
1978.0,2057.0,1.0
1978.0,20232.0,1.0
1979.0,13611.0,1.0
1979.0,14500.0,1.0
1982.0,1983.0,1.0
1982.0,2726.0,1.0
1982.0,8905.0,1.0
1983.0,5453.0,1.0
1983.0,8216.0,1.0
1983.0,8254.0,1.0
1984.0,9748.0,1.0
1984.0,7042.0,1.0
1985.0,1986.0,1.0
1985.0,9579.0,1.0
1985.0,7384.0,1.0
1986.0,6493.0,1.0
1986.0,13744.0,1.0
1986.0,7385.0,1.0
1992.0,1993.0,1.0
1992.0,10716.0,1.0
1992.0,11337.0,1.0
1998.0,10679.0,1.0
1998.0,8728.0,1.0
1998.0,10442.0,1.0
1999.0,2000.0,1.0
1999.0,6159.0,1.0
1999.0,8237.0,1.0
1999.0,17998.0,1.0
2000.0,11839.0,1.0
2000.0,2047.0,1.0
2000.0,10253.0,1.0
2001.0,2002.0,1.0
2001.0,10683.0,1.0
2001.0,13074.0,1.0
2002.0,8405.0,1.0
2002.0,5213.0,1.0
2002.0,10189.0,1.0
2018.0,2019.0,1.0
2018.0,2108.0,1.0
2018.0,13790.0,1.0
2019.0,2108.0,1.0
2019.0,4303.0,1.0
2020.0,2021.0,1.0
2020.0,3609.0,1.0
2020.0,8403.0,1.0
2020.0,3968.0,1.0
2021.0,8404.0,1.0
2021.0,16397.0,1.0
2022.0,2023.0,1.0
2022.0,6827.0,1.0
2022.0,11815.0,1.0
2024.0,2025.0,1.0
2025.0,16967.0,1.0
2025.0,19459.0,1.0
2026.0,2027.0,1.0
2026.0,4491.0,1.0
2026.0,12591.0,1.0
2026.0,17767.0,1.0
2027.0,2889.0,1.0
2027.0,6808.0,1.0
2027.0,9767.0,1.0
2028.0,4254.0,1.0
2028.0,4686.0,1.0
2028.0,16507.0,1.0
2029.0,2030.0,1.0
2029.0,7178.0,1.0
2029.0,13234.0,1.0
2029.0,5309.0,1.0
2030.0,5309.0,1.0
2030.0,10557.0,1.0
2030.0,15671.0,1.0
2030.0,7398.0,1.0
2030.0,11919.0,1.0
2037.0,2038.0,1.0
2037.0,16861.0,1.0
2037.0,16716.0,1.0
2038.0,4924.0,1.0
2038.0,9698.0,1.0
2040.0,2041.0,1.0
2040.0,5821.0,1.0
2040.0,3662.0,1.0
2041.0,11155.0,1.0
2041.0,3487.0,1.0
2045.0,2046.0,1.0
2045.0,7387.0,1.0
2045.0,7559.0,1.0
2046.0,5347.0,1.0
2047.0,2048.0,1.0
2047.0,6159.0,1.0
2047.0,4722.0,1.0
2048.0,11839.0,1.0
2048.0,4723.0,1.0
2051.0,9602.0,1.0
2051.0,10267.0,1.0
2051.0,7856.0,1.0
2054.0,2055.0,1.0
2054.0,11949.0,1.0
2054.0,11076.0,1.0
2055.0,5482.0,1.0
2055.0,17924.0,1.0
2056.0,8867.0,1.0
2056.0,2324.0,1.0
2056.0,17409.0,1.0
2057.0,7389.0,1.0
2057.0,4826.0,1.0
2057.0,14356.0,1.0
2058.0,2059.0,1.0
2058.0,7377.0,1.0
2058.0,7151.0,1.0
2058.0,12919.0,1.0
2059.0,3492.0,1.0
2059.0,6700.0,1.0
2060.0,2061.0,1.0
2060.0,11439.0,1.0
2060.0,6846.0,1.0
2060.0,3906.0,1.0
2061.0,4621.0,1.0
2061.0,4620.0,1.0
2063.0,2064.0,1.0
2064.0,17124.0,1.0
2064.0,16415.0,1.0
2065.0,2066.0,1.0
2065.0,3941.0,1.0
2065.0,14260.0,1.0
2066.0,2759.0,1.0
2066.0,7184.0,1.0
2067.0,5783.0,1.0
2067.0,4107.0,1.0
2068.0,2069.0,1.0
2068.0,2588.0,1.0
2068.0,9701.0,1.0
2068.0,4906.0,1.0
2069.0,3478.0,1.0
2069.0,5970.0,1.0
2070.0,2071.0,1.0
2070.0,3209.0,1.0
2071.0,2287.0,1.0
2071.0,6700.0,1.0
2072.0,2073.0,1.0
2072.0,9879.0,1.0
2072.0,6842.0,1.0
2072.0,14142.0,1.0
2073.0,3251.0,1.0
2074.0,9647.0,1.0
2075.0,2076.0,1.0
2075.0,6328.0,1.0
2075.0,9077.0,1.0
2076.0,5142.0,1.0
2076.0,13482.0,1.0
2092.0,2093.0,1.0
2092.0,4112.0,1.0
2093.0,12019.0,1.0
2093.0,20224.0,1.0
2096.0,2097.0,1.0
2096.0,5497.0,1.0
2096.0,5517.0,1.0
2096.0,4935.0,1.0
2097.0,5421.0,1.0
2097.0,4575.0,1.0
2098.0,2099.0,1.0
2098.0,6708.0,1.0
2098.0,13182.0,1.0
2098.0,2430.0,1.0
2099.0,4765.0,1.0
2099.0,7966.0,1.0
2099.0,9149.0,1.0
2100.0,2101.0,1.0
2100.0,7687.0,1.0
2100.0,9209.0,1.0
2100.0,10891.0,1.0
2101.0,8072.0,1.0
2101.0,12547.0,1.0
2101.0,13375.0,1.0
2102.0,2103.0,1.0
2102.0,5081.0,1.0
2102.0,10284.0,1.0
2102.0,4558.0,1.0
2103.0,5880.0,1.0
2103.0,6435.0,1.0
2103.0,9828.0,1.0
2108.0,3455.0,1.0
2108.0,8760.0,1.0
2111.0,2112.0,1.0
2111.0,6851.0,1.0
2111.0,10936.0,1.0
2111.0,4148.0,1.0
2112.0,3495.0,1.0
2112.0,14856.0,1.0
2115.0,2116.0,1.0
2115.0,10203.0,1.0
2115.0,8952.0,1.0
2116.0,2239.0,1.0
2116.0,2799.0,1.0
2116.0,6028.0,1.0
2118.0,2119.0,1.0
2118.0,11363.0,1.0
2118.0,14071.0,1.0
2127.0,2128.0,1.0
2127.0,6400.0,1.0
2127.0,8816.0,1.0
2127.0,10901.0,1.0
2128.0,5669.0,1.0
2128.0,4677.0,1.0
2131.0,2132.0,1.0
2131.0,2228.0,1.0
2132.0,2303.0,1.0
2132.0,4386.0,1.0
2141.0,2142.0,1.0
2141.0,11391.0,1.0
2141.0,11883.0,1.0
2142.0,4063.0,1.0
2145.0,3160.0,1.0
2145.0,2555.0,1.0
2145.0,12520.0,1.0
2146.0,2147.0,1.0
2146.0,6109.0,1.0
2146.0,16962.0,1.0
2146.0,16352.0,1.0
2147.0,7773.0,1.0
2147.0,3897.0,1.0
2148.0,2149.0,1.0
2148.0,8474.0,1.0
2148.0,7854.0,1.0
2148.0,7250.0,1.0
2149.0,6799.0,1.0
2149.0,3985.0,1.0
2150.0,2151.0,1.0
2150.0,6367.0,1.0
2150.0,7500.0,1.0
2150.0,2930.0,1.0
2150.0,5697.0,1.0
2151.0,11085.0,1.0
2151.0,15616.0,1.0
2152.0,6373.0,1.0
2152.0,8435.0,1.0
2152.0,3586.0,1.0
2158.0,2159.0,1.0
2158.0,10150.0,1.0
2158.0,8389.0,1.0
2159.0,7704.0,1.0
2159.0,5264.0,1.0
2168.0,2169.0,1.0
2168.0,7858.0,1.0
2168.0,8440.0,1.0
2169.0,4626.0,1.0
2169.0,15961.0,1.0
2169.0,16071.0,1.0
2176.0,4055.0,1.0
2176.0,13698.0,1.0
2179.0,2180.0,1.0
2179.0,7486.0,1.0
2179.0,10407.0,1.0
2179.0,9055.0,1.0
2180.0,10027.0,1.0
2180.0,5155.0,1.0
2180.0,5107.0,1.0
2181.0,2182.0,1.0
2181.0,5214.0,1.0
2181.0,5328.0,1.0
2181.0,3080.0,1.0
2182.0,13347.0,1.0
2182.0,16828.0,1.0
2182.0,7897.0,1.0
2185.0,2186.0,1.0
2185.0,7807.0,1.0
2185.0,11850.0,1.0
2186.0,3136.0,1.0
2186.0,12563.0,1.0
2186.0,13582.0,1.0
2187.0,2188.0,1.0
2187.0,8560.0,1.0
2187.0,6790.0,1.0
2188.0,5681.0,1.0
2188.0,8561.0,1.0
2188.0,11700.0,1.0
2193.0,2194.0,1.0
2193.0,7639.0,1.0
2193.0,3351.0,1.0
2193.0,20892.0,1.0
2194.0,5794.0,1.0
2194.0,3352.0,1.0
2194.0,7183.0,1.0
2195.0,13208.0,1.0
2195.0,13706.0,1.0
2195.0,13207.0,1.0
2197.0,4657.0,1.0
2197.0,12801.0,1.0
2197.0,11997.0,1.0
2200.0,2201.0,1.0
2200.0,9430.0,1.0
2200.0,19324.0,1.0
2201.0,4382.0,1.0
2201.0,14293.0,1.0
2210.0,2211.0,1.0
2210.0,6419.0,1.0
2210.0,9618.0,1.0
2210.0,10544.0,1.0
2211.0,7364.0,1.0
2211.0,10544.0,1.0
2212.0,2213.0,1.0
2212.0,11234.0,1.0
2212.0,4155.0,1.0
2212.0,12154.0,1.0
2221.0,2222.0,1.0
2221.0,14705.0,1.0
2221.0,8896.0,1.0
2221.0,7097.0,1.0
2223.0,2224.0,1.0
2223.0,7116.0,1.0
2223.0,9382.0,1.0
2228.0,2303.0,1.0
2228.0,12199.0,1.0
2237.0,2238.0,1.0
2237.0,3818.0,1.0
2237.0,7594.0,1.0
2237.0,11599.0,1.0
2238.0,5280.0,1.0
2238.0,11078.0,1.0
2238.0,9984.0,1.0
2239.0,12925.0,1.0
2239.0,6457.0,1.0
2244.0,2245.0,1.0
2244.0,7229.0,1.0
2244.0,12878.0,1.0
2244.0,7727.0,1.0
2245.0,16715.0,1.0
2245.0,12878.0,1.0
2252.0,14172.0,1.0
2252.0,11489.0,1.0
2255.0,5974.0,1.0
2255.0,17648.0,1.0
2257.0,2258.0,1.0
2257.0,10088.0,1.0
2257.0,16070.0,1.0
2258.0,11590.0,1.0
2258.0,14725.0,1.0
2261.0,2262.0,1.0
2261.0,6758.0,1.0
2261.0,11891.0,1.0
2261.0,16117.0,1.0
2262.0,12583.0,1.0
2263.0,3037.0,1.0
2263.0,7323.0,1.0
2263.0,18273.0,1.0
2263.0,8085.0,1.0
2268.0,2269.0,1.0
2268.0,7786.0,1.0
2268.0,6985.0,1.0
2269.0,7786.0,1.0
2269.0,5384.0,1.0
2270.0,2271.0,1.0
2270.0,9605.0,1.0
2270.0,5626.0,1.0
2270.0,12894.0,1.0
2271.0,16419.0,1.0
2271.0,8905.0,1.0
2287.0,2288.0,1.0
2287.0,3281.0,1.0
2287.0,10384.0,1.0
2288.0,3737.0,1.0
2288.0,10051.0,1.0
2292.0,2293.0,1.0
2292.0,2764.0,1.0
2292.0,13382.0,1.0
2292.0,13118.0,1.0
2293.0,5733.0,1.0
2293.0,17885.0,1.0
2293.0,17940.0,1.0
2294.0,12010.0,1.0
2294.0,13446.0,1.0
2294.0,9326.0,1.0
2297.0,2298.0,1.0
2297.0,5760.0,1.0
2297.0,13539.0,1.0
2298.0,9200.0,1.0
2298.0,7987.0,1.0
2298.0,9150.0,1.0
2302.0,2303.0,1.0
2302.0,4508.0,1.0
2302.0,12199.0,1.0
2302.0,4424.0,1.0
2303.0,8592.0,1.0
2304.0,8155.0,1.0
2304.0,6896.0,1.0
2307.0,2308.0,1.0
2307.0,8797.0,1.0
2307.0,3218.0,1.0
2308.0,3096.0,1.0
2308.0,15832.0,1.0
2312.0,2313.0,1.0
2312.0,14666.0,1.0
2312.0,10172.0,1.0
2313.0,3827.0,1.0
2313.0,12657.0,1.0
2313.0,11284.0,1.0
2314.0,2315.0,1.0
2314.0,4783.0,1.0
2314.0,7288.0,1.0
2314.0,11023.0,1.0
2315.0,5774.0,1.0
2315.0,7011.0,1.0
2315.0,7895.0,1.0
2316.0,5183.0,1.0
2316.0,11392.0,1.0
2316.0,15030.0,1.0
2316.0,5750.0,1.0
2316.0,17110.0,1.0
2320.0,2321.0,1.0
2320.0,7701.0,1.0
2320.0,7876.0,1.0
2320.0,6851.0,1.0
2321.0,4392.0,1.0
2321.0,20303.0,1.0
2322.0,2323.0,1.0
2322.0,4810.0,1.0
2322.0,10630.0,1.0
2322.0,12045.0,1.0
2323.0,4811.0,1.0
2324.0,2325.0,1.0
2324.0,9921.0,1.0
2324.0,12557.0,1.0
2329.0,2330.0,1.0
2329.0,9356.0,1.0
2329.0,4182.0,1.0
2329.0,6088.0,1.0
2330.0,4182.0,1.0
2331.0,2332.0,1.0
2331.0,7206.0,1.0
2331.0,7606.0,1.0
2332.0,5327.0,1.0
2332.0,10462.0,1.0
2333.0,4216.0,1.0
2333.0,20598.0,1.0
2336.0,2337.0,1.0
2336.0,17047.0,1.0
2336.0,19013.0,1.0
2337.0,13618.0,1.0
2337.0,16716.0,1.0
2337.0,17047.0,1.0
2338.0,2339.0,1.0
2338.0,17039.0,1.0
2338.0,7903.0,1.0
2339.0,11706.0,1.0
2339.0,8873.0,1.0
2339.0,9027.0,1.0
2339.0,9295.0,1.0
2340.0,2341.0,1.0
2340.0,3462.0,1.0
2340.0,10599.0,1.0
2340.0,14204.0,1.0
2341.0,6932.0,1.0
2341.0,2521.0,1.0
2341.0,10347.0,1.0
2342.0,2343.0,1.0
2342.0,16686.0,1.0
2342.0,8134.0,1.0
2343.0,9536.0,1.0
2344.0,2345.0,1.0
2344.0,3706.0,1.0
2344.0,14191.0,1.0
2344.0,10784.0,1.0
2345.0,3707.0,1.0
2345.0,9822.0,1.0
2346.0,2347.0,1.0
2346.0,5595.0,1.0
2346.0,5635.0,1.0
2346.0,11205.0,1.0
2347.0,3197.0,1.0
2347.0,9249.0,1.0
2347.0,6310.0,1.0
2349.0,2350.0,1.0
2349.0,3316.0,1.0
2349.0,8031.0,1.0
2350.0,10329.0,1.0
2350.0,3090.0,1.0
2351.0,2352.0,1.0
2351.0,5402.0,1.0
2351.0,3837.0,1.0
2351.0,5335.0,1.0
2352.0,2368.0,1.0
2352.0,4404.0,1.0
2360.0,2361.0,1.0
2360.0,12638.0,1.0
2360.0,13763.0,1.0
2361.0,3858.0,1.0
2361.0,3319.0,1.0
2361.0,9233.0,1.0
2366.0,2367.0,1.0
2366.0,12631.0,1.0
2367.0,7336.0,1.0
2367.0,14497.0,1.0
2367.0,19805.0,1.0
2368.0,11349.0,1.0
2368.0,14106.0,1.0
2368.0,5336.0,1.0
2368.0,5300.0,1.0
2369.0,2370.0,1.0
2369.0,7252.0,1.0
2369.0,4529.0,1.0
2370.0,9611.0,1.0
2370.0,6989.0,1.0
2370.0,11058.0,1.0
2371.0,2372.0,1.0
2371.0,4068.0,1.0
2371.0,2551.0,1.0
2371.0,12927.0,1.0
2372.0,2651.0,1.0
2372.0,6318.0,1.0
2372.0,11060.0,1.0
2375.0,2376.0,1.0
2375.0,5339.0,1.0
2375.0,6121.0,1.0
2375.0,4930.0,1.0
2376.0,12223.0,1.0
2376.0,15433.0,1.0
2378.0,2379.0,1.0
2378.0,7400.0,1.0
2379.0,6512.0,1.0
2379.0,20049.0,1.0
2386.0,2387.0,1.0
2386.0,2547.0,1.0
2386.0,5114.0,1.0
2386.0,7735.0,1.0
2387.0,7735.0,1.0
2387.0,9772.0,1.0
2390.0,9440.0,1.0
2390.0,11305.0,1.0
2390.0,13213.0,1.0
2391.0,2392.0,1.0
2391.0,11448.0,1.0
2391.0,19793.0,1.0
2392.0,7379.0,1.0
2392.0,9630.0,1.0
2393.0,2394.0,1.0
2393.0,11302.0,1.0
2393.0,8863.0,1.0
2394.0,8352.0,1.0
2394.0,3860.0,1.0
2401.0,2402.0,1.0
2402.0,3636.0,1.0
2402.0,9299.0,1.0
2403.0,2404.0,1.0
2403.0,6554.0,1.0
2404.0,12771.0,1.0
2405.0,2406.0,1.0
2405.0,8541.0,1.0
2405.0,6430.0,1.0
2405.0,6562.0,1.0
2406.0,7000.0,1.0
2406.0,3786.0,1.0
2406.0,4235.0,1.0
2407.0,2408.0,1.0
2407.0,5223.0,1.0
2407.0,10407.0,1.0
2407.0,5656.0,1.0
2408.0,5138.0,1.0
2408.0,9055.0,1.0
2409.0,2410.0,1.0
2409.0,5696.0,1.0
2409.0,10271.0,1.0
2409.0,7931.0,1.0
2409.0,18975.0,1.0
2410.0,6672.0,1.0
2410.0,10209.0,1.0
2419.0,2420.0,1.0
2419.0,2510.0,1.0
2419.0,4902.0,1.0
2420.0,12570.0,1.0
2421.0,2422.0,1.0
2421.0,5622.0,1.0
2421.0,3181.0,1.0
2421.0,5721.0,1.0
2422.0,10119.0,1.0
2422.0,14121.0,1.0
2423.0,2424.0,1.0
2423.0,6625.0,1.0
2423.0,7525.0,1.0
2423.0,10674.0,1.0
2424.0,6599.0,1.0
2424.0,9204.0,1.0
2427.0,2428.0,1.0
2427.0,9482.0,1.0
2427.0,9953.0,1.0
2428.0,12723.0,1.0
2429.0,2430.0,1.0
2429.0,6708.0,1.0
2429.0,9851.0,1.0
2429.0,16851.0,1.0
2430.0,4765.0,1.0
2431.0,2432.0,1.0
2431.0,5307.0,1.0
2432.0,12398.0,1.0
2432.0,14056.0,1.0
2432.0,16953.0,1.0
2437.0,2438.0,1.0
2437.0,11118.0,1.0
2438.0,6145.0,1.0
2438.0,14283.0,1.0
2439.0,2440.0,1.0
2439.0,9771.0,1.0
2439.0,5075.0,1.0
2439.0,13147.0,1.0
2440.0,16333.0,1.0
2440.0,9802.0,1.0
2440.0,13440.0,1.0
2447.0,5871.0,1.0
2447.0,4628.0,1.0
2450.0,2451.0,1.0
2450.0,7003.0,1.0
2450.0,11329.0,1.0
2450.0,12818.0,1.0
2451.0,3335.0,1.0
2451.0,9151.0,1.0
2451.0,3399.0,1.0
2452.0,2453.0,1.0
2452.0,3076.0,1.0
2452.0,15299.0,1.0
2453.0,13597.0,1.0
2453.0,15299.0,1.0
2462.0,2463.0,1.0
2462.0,9212.0,1.0
2462.0,10691.0,1.0
2462.0,5768.0,1.0
2463.0,3234.0,1.0
2463.0,14390.0,1.0
2463.0,13242.0,1.0
2467.0,2468.0,1.0
2467.0,9241.0,1.0
2467.0,10535.0,1.0
2467.0,12614.0,1.0
2468.0,7060.0,1.0
2468.0,10014.0,1.0
2469.0,3265.0,1.0
2469.0,8666.0,1.0
2469.0,9698.0,1.0
2470.0,2471.0,1.0
2470.0,10382.0,1.0
2470.0,21064.0,1.0
2471.0,14065.0,1.0
2471.0,21021.0,1.0
2473.0,3045.0,1.0
2473.0,7624.0,1.0
2473.0,3203.0,1.0
2480.0,8668.0,1.0
2480.0,18310.0,1.0
2482.0,2483.0,1.0
2482.0,4706.0,1.0
2482.0,10953.0,1.0
2483.0,3868.0,1.0
2483.0,11137.0,1.0
2483.0,4284.0,1.0
2484.0,2485.0,1.0
2484.0,9288.0,1.0
2484.0,11680.0,1.0
2484.0,5914.0,1.0
2485.0,16697.0,1.0
2485.0,4598.0,1.0
2487.0,2488.0,1.0
2487.0,2493.0,1.0
2487.0,3026.0,1.0
2487.0,14245.0,1.0
2488.0,7166.0,1.0
2488.0,10340.0,1.0
2488.0,10884.0,1.0
2492.0,11345.0,1.0
2492.0,14549.0,1.0
2493.0,12057.0,1.0
2493.0,14081.0,1.0
2497.0,2498.0,1.0
2497.0,10138.0,1.0
2497.0,11708.0,1.0
2498.0,7475.0,1.0
2498.0,11615.0,1.0
2500.0,2501.0,1.0
2500.0,11186.0,1.0
2500.0,14181.0,1.0
2500.0,16528.0,1.0
2501.0,10052.0,1.0
2501.0,8879.0,1.0
2501.0,3410.0,1.0
2510.0,5687.0,1.0
2510.0,5269.0,1.0
2511.0,2512.0,1.0
2511.0,4531.0,1.0
2511.0,11953.0,1.0
2512.0,5114.0,1.0
2512.0,13120.0,1.0
2516.0,2517.0,1.0
2516.0,4472.0,1.0
2516.0,13761.0,1.0
2517.0,8358.0,1.0
2517.0,9736.0,1.0
2518.0,2519.0,1.0
2518.0,3350.0,1.0
2518.0,12089.0,1.0
2518.0,11117.0,1.0
2519.0,3395.0,1.0
2519.0,7834.0,1.0
2519.0,10232.0,1.0
2520.0,2521.0,1.0
2520.0,3319.0,1.0
2520.0,13146.0,1.0
2521.0,3462.0,1.0
2521.0,13619.0,1.0
2522.0,2523.0,1.0
2522.0,7908.0,1.0
2522.0,4250.0,1.0
2522.0,4703.0,1.0
2523.0,5050.0,1.0
2523.0,11179.0,1.0
2530.0,2531.0,1.0
2530.0,4779.0,1.0
2530.0,11736.0,1.0
2530.0,12186.0,1.0
2531.0,12187.0,1.0
2531.0,13117.0,1.0
2540.0,3191.0,1.0
2540.0,4466.0,1.0
2540.0,4792.0,1.0
2540.0,4606.0,1.0
2543.0,13160.0,1.0
2543.0,9333.0,1.0
2547.0,9362.0,1.0
2547.0,14007.0,1.0
2550.0,2551.0,1.0
2550.0,4068.0,1.0
2550.0,4607.0,1.0
2551.0,4608.0,1.0
2551.0,11060.0,1.0
2554.0,3203.0,1.0
2554.0,4338.0,1.0
2554.0,5245.0,1.0
2554.0,4385.0,1.0
2555.0,2556.0,1.0
2555.0,9208.0,1.0
2555.0,12547.0,1.0
2556.0,3160.0,1.0
2556.0,8072.0,1.0
2557.0,2558.0,1.0
2557.0,7223.0,1.0
2557.0,10801.0,1.0
2557.0,11778.0,1.0
2558.0,8980.0,1.0
2558.0,11581.0,1.0
2558.0,8504.0,1.0
2559.0,2560.0,1.0
2559.0,17660.0,1.0
2559.0,11955.0,1.0
2560.0,11955.0,1.0
2560.0,17861.0,1.0
2566.0,2567.0,1.0
2566.0,7603.0,1.0
2566.0,14999.0,1.0
2567.0,10939.0,1.0
2567.0,11161.0,1.0
2567.0,3999.0,1.0
2572.0,2573.0,1.0
2572.0,10478.0,1.0
2573.0,5765.0,1.0
2573.0,10865.0,1.0
2576.0,6583.0,1.0
2576.0,8699.0,1.0
2576.0,8068.0,1.0
2584.0,2585.0,1.0
2584.0,8296.0,1.0
2584.0,10453.0,1.0
2585.0,4893.0,1.0
2585.0,7049.0,1.0
2588.0,2589.0,1.0
2588.0,10355.0,1.0
2589.0,4508.0,1.0
2589.0,4424.0,1.0
2589.0,13876.0,1.0
2591.0,7630.0,1.0
2591.0,10964.0,1.0
2592.0,2593.0,1.0
2592.0,7962.0,1.0
2592.0,13433.0,1.0
2592.0,13582.0,1.0
2593.0,6024.0,1.0
2593.0,5586.0,1.0
2593.0,10952.0,1.0
2594.0,5556.0,1.0
2594.0,5382.0,1.0
2594.0,8198.0,1.0
2598.0,2599.0,1.0
2598.0,11362.0,1.0
2598.0,11703.0,1.0
2600.0,2601.0,1.0
2600.0,2985.0,1.0
2600.0,12848.0,1.0
2600.0,11563.0,1.0
2608.0,2609.0,1.0
2608.0,4489.0,1.0
2608.0,9897.0,1.0
2608.0,19352.0,1.0
2609.0,4963.0,1.0
2609.0,8343.0,1.0
2609.0,8362.0,1.0
2613.0,2614.0,1.0
2613.0,4785.0,1.0
2613.0,7461.0,1.0
2614.0,5357.0,1.0
2621.0,2622.0,1.0
2622.0,13052.0,1.0
2622.0,20576.0,1.0
2625.0,5932.0,1.0
2625.0,9000.0,1.0
2625.0,10757.0,1.0
2626.0,2627.0,1.0
2626.0,8292.0,1.0
2626.0,6886.0,1.0
2626.0,5587.0,1.0
2627.0,5684.0,1.0
2627.0,3220.0,1.0
2627.0,11199.0,1.0
2628.0,15161.0,1.0
2628.0,20390.0,1.0
2628.0,4901.0,1.0
2632.0,2633.0,1.0
2632.0,14897.0,1.0
2632.0,3012.0,1.0
2632.0,12127.0,1.0
2633.0,5458.0,1.0
2633.0,3061.0,1.0
2636.0,2637.0,1.0
2636.0,8438.0,1.0
2636.0,17740.0,1.0
2639.0,7743.0,1.0
2639.0,14512.0,1.0
2642.0,2643.0,1.0
2642.0,14360.0,1.0
2642.0,13793.0,1.0
2643.0,8623.0,1.0
2643.0,10073.0,1.0
2651.0,2652.0,1.0
2651.0,6427.0,1.0
2651.0,12927.0,1.0
2652.0,14169.0,1.0
2652.0,6428.0,1.0
2660.0,2661.0,1.0
2660.0,5241.0,1.0
2660.0,8156.0,1.0
2660.0,12102.0,1.0
2661.0,10198.0,1.0
2663.0,2664.0,1.0
2663.0,2784.0,1.0
2663.0,2781.0,1.0
2664.0,9274.0,1.0
2664.0,2782.0,1.0
2665.0,2666.0,1.0
2665.0,11741.0,1.0
2665.0,8031.0,1.0
2665.0,2870.0,1.0
2666.0,3498.0,1.0
2666.0,2871.0,1.0
2666.0,3090.0,1.0
2667.0,2668.0,1.0
2667.0,2736.0,1.0
2668.0,13656.0,1.0
2668.0,10441.0,1.0
2669.0,2670.0,1.0
2669.0,6753.0,1.0
2669.0,9699.0,1.0
2669.0,7904.0,1.0
2670.0,3684.0,1.0
2670.0,9408.0,1.0
2670.0,16358.0,1.0
2679.0,2680.0,1.0
2679.0,4426.0,1.0
2679.0,13639.0,1.0
2680.0,9655.0,1.0
2680.0,11091.0,1.0
2695.0,2696.0,1.0
2696.0,16077.0,1.0
2696.0,9399.0,1.0
2697.0,2698.0,1.0
2697.0,4386.0,1.0
2697.0,5894.0,1.0
2697.0,5970.0,1.0
2698.0,10369.0,1.0
2698.0,16681.0,1.0
2703.0,2704.0,1.0
2703.0,10206.0,1.0
2703.0,3269.0,1.0
2704.0,12596.0,1.0
2704.0,8929.0,1.0
2707.0,2708.0,1.0
2707.0,9424.0,1.0
2707.0,14575.0,1.0
2708.0,4322.0,1.0
2708.0,17485.0,1.0
2711.0,2712.0,1.0
2711.0,4298.0,1.0
2711.0,3309.0,1.0
2712.0,3067.0,1.0
2712.0,10093.0,1.0
2712.0,13963.0,1.0
2713.0,3589.0,1.0
2713.0,6501.0,1.0
2716.0,2717.0,1.0
2716.0,7600.0,1.0
2716.0,7272.0,1.0
2717.0,13129.0,1.0
2717.0,16338.0,1.0
2722.0,2723.0,1.0
2722.0,6025.0,1.0
2722.0,8884.0,1.0
2722.0,16189.0,1.0
2723.0,11082.0,1.0
2723.0,11092.0,1.0
2723.0,16481.0,1.0
2724.0,9274.0,1.0
2724.0,16459.0,1.0
2726.0,8254.0,1.0
2726.0,11090.0,1.0
2726.0,8135.0,1.0
2731.0,2732.0,1.0
2732.0,16081.0,1.0
2732.0,9089.0,1.0
2735.0,5616.0,1.0
2735.0,13017.0,1.0
2735.0,6515.0,1.0
2736.0,2737.0,1.0
2736.0,5963.0,1.0
2736.0,11579.0,1.0
2737.0,10441.0,1.0
2737.0,12472.0,1.0
2744.0,2745.0,1.0
2744.0,3066.0,1.0
2744.0,4147.0,1.0
2744.0,12222.0,1.0
2745.0,11023.0,1.0
2745.0,12600.0,1.0
2745.0,4783.0,1.0
2748.0,2749.0,1.0
2748.0,5799.0,1.0
2748.0,10268.0,1.0
2748.0,10052.0,1.0
2749.0,8591.0,1.0
2749.0,10444.0,1.0
2750.0,2751.0,1.0
2750.0,4847.0,1.0
2750.0,14907.0,1.0
2751.0,8435.0,1.0
2751.0,6373.0,1.0
2757.0,2758.0,1.0
2757.0,5015.0,1.0
2757.0,10369.0,1.0
2757.0,9022.0,1.0
2758.0,6081.0,1.0
2758.0,11067.0,1.0
2759.0,4931.0,1.0
2759.0,11593.0,1.0
2763.0,2764.0,1.0
2763.0,13118.0,1.0
2763.0,14885.0,1.0
2764.0,5733.0,1.0
2765.0,9349.0,1.0
2765.0,3588.0,1.0
2766.0,2767.0,1.0
2766.0,12555.0,1.0
2768.0,2769.0,1.0
2768.0,5488.0,1.0
2768.0,13406.0,1.0
2769.0,10776.0,1.0
2769.0,5877.0,1.0
2772.0,3303.0,1.0
2772.0,12363.0,1.0
2781.0,2782.0,1.0
2781.0,13246.0,1.0
2781.0,5472.0,1.0
2782.0,16460.0,1.0
2782.0,18530.0,1.0
2783.0,2784.0,1.0
2783.0,6399.0,1.0
2783.0,11723.0,1.0
2783.0,4941.0,1.0
2783.0,10599.0,1.0
2784.0,5472.0,1.0
2784.0,4844.0,1.0
2793.0,2794.0,1.0
2793.0,8054.0,1.0
2793.0,6085.0,1.0
2793.0,14344.0,1.0
2794.0,7407.0,1.0
2794.0,14162.0,1.0
2794.0,6086.0,1.0
2797.0,2798.0,1.0
2797.0,4326.0,1.0
2798.0,8990.0,1.0
2798.0,10716.0,1.0
2798.0,14574.0,1.0
2799.0,4344.0,1.0
2799.0,13287.0,1.0
2800.0,10021.0,1.0
2800.0,3899.0,1.0
2800.0,4314.0,1.0
2801.0,2802.0,1.0
2801.0,2896.0,1.0
2801.0,11447.0,1.0
2802.0,16564.0,1.0
2803.0,2804.0,1.0
2803.0,11214.0,1.0
2803.0,12247.0,1.0
2804.0,5993.0,1.0
2804.0,6922.0,1.0
2804.0,4611.0,1.0
2805.0,2806.0,1.0
2806.0,6694.0,1.0
2806.0,10718.0,1.0
2806.0,5946.0,1.0
2807.0,2808.0,1.0
2807.0,2967.0,1.0
2807.0,9411.0,1.0
2807.0,10330.0,1.0
2808.0,6108.0,1.0
2808.0,14416.0,1.0
2810.0,2811.0,1.0
2810.0,11105.0,1.0
2810.0,9321.0,1.0
2811.0,11105.0,1.0
2811.0,9749.0,1.0
2811.0,9322.0,1.0
2812.0,2813.0,1.0
2812.0,10188.0,1.0
2812.0,14652.0,1.0
2813.0,7234.0,1.0
2813.0,6300.0,1.0
2816.0,2817.0,1.0
2816.0,7888.0,1.0
2816.0,8582.0,1.0
2816.0,16096.0,1.0
2817.0,8582.0,1.0
2817.0,11680.0,1.0
2817.0,8956.0,1.0
2818.0,10561.0,1.0
2818.0,12312.0,1.0
2824.0,2825.0,1.0
2824.0,9481.0,1.0
2824.0,11909.0,1.0
2824.0,11908.0,1.0
2825.0,10292.0,1.0
2825.0,10158.0,1.0
2839.0,13041.0,1.0
2839.0,12241.0,1.0
2846.0,2847.0,1.0
2846.0,11266.0,1.0
2846.0,5847.0,1.0
2846.0,13564.0,1.0
2847.0,9125.0,1.0
2847.0,5848.0,1.0
2848.0,2849.0,1.0
2848.0,7567.0,1.0
2848.0,10997.0,1.0
2848.0,10874.0,1.0
2849.0,4961.0,1.0
2849.0,9410.0,1.0
2849.0,4323.0,1.0
2856.0,2857.0,1.0
2857.0,10080.0,1.0
2857.0,11841.0,1.0
2857.0,8205.0,1.0
2858.0,2859.0,1.0
2858.0,3742.0,1.0
2858.0,5397.0,1.0
2859.0,11521.0,1.0
2862.0,2863.0,1.0
2863.0,9806.0,1.0
2863.0,16069.0,1.0
2867.0,8306.0,1.0
2867.0,9495.0,1.0
2867.0,14142.0,1.0
2868.0,3042.0,1.0
2868.0,3484.0,1.0
2868.0,11630.0,1.0
2870.0,2871.0,1.0
2870.0,3805.0,1.0
2870.0,14281.0,1.0
2871.0,10488.0,1.0
2871.0,16561.0,1.0
2871.0,3498.0,1.0
2872.0,2873.0,1.0
2872.0,13393.0,1.0
2872.0,15830.0,1.0
2873.0,9632.0,1.0
2873.0,3915.0,1.0
2880.0,2881.0,1.0
2880.0,8231.0,1.0
2880.0,13737.0,1.0
2880.0,6140.0,1.0
2881.0,12776.0,1.0
2881.0,8538.0,1.0
2883.0,6649.0,1.0
2883.0,4084.0,1.0
2883.0,16418.0,1.0
2884.0,2885.0,1.0
2884.0,8140.0,1.0
2884.0,5137.0,1.0
2884.0,7696.0,1.0
2885.0,11657.0,1.0
2885.0,11428.0,1.0
2886.0,5680.0,1.0
2886.0,5422.0,1.0
2886.0,11556.0,1.0
2886.0,5768.0,1.0
2889.0,9767.0,1.0
2889.0,9455.0,1.0
2893.0,2894.0,1.0
2893.0,4253.0,1.0
2893.0,5964.0,1.0
2893.0,7067.0,1.0
2894.0,8113.0,1.0
2894.0,11717.0,1.0
2894.0,10421.0,1.0
2895.0,3506.0,1.0
2896.0,2897.0,1.0
2896.0,7713.0,1.0
2896.0,9180.0,1.0
2897.0,7845.0,1.0
2909.0,2910.0,1.0
2909.0,6467.0,1.0
2909.0,9117.0,1.0
2909.0,10055.0,1.0
2910.0,4040.0,1.0
2910.0,14021.0,1.0
2911.0,2912.0,1.0
2911.0,16840.0,1.0
2911.0,8830.0,1.0
2919.0,2920.0,1.0
2919.0,10453.0,1.0
2919.0,7358.0,1.0
2919.0,12095.0,1.0
2920.0,6262.0,1.0
2920.0,16491.0,1.0
2920.0,9610.0,1.0
2921.0,8818.0,1.0
2921.0,20344.0,1.0
2924.0,2925.0,1.0
2924.0,7525.0,1.0
2924.0,14419.0,1.0
2924.0,14293.0,1.0
2925.0,4382.0,1.0
2925.0,7525.0,1.0
2925.0,18986.0,1.0
2926.0,2927.0,1.0
2926.0,12121.0,1.0
2926.0,6544.0,1.0
2927.0,11858.0,1.0
2929.0,2930.0,1.0
2929.0,7500.0,1.0
2929.0,3334.0,1.0
2930.0,12428.0,1.0
2931.0,2932.0,1.0
2931.0,14644.0,1.0
2931.0,12232.0,1.0
2932.0,4620.0,1.0
2932.0,8178.0,1.0
2935.0,2936.0,1.0
2935.0,7873.0,1.0
2936.0,17837.0,1.0
2937.0,7764.0,1.0
2937.0,4272.0,1.0
2943.0,5592.0,1.0
2943.0,11406.0,1.0
2943.0,10032.0,1.0
2945.0,2946.0,1.0
2946.0,10856.0,1.0
2946.0,17461.0,1.0
2947.0,5836.0,1.0
2947.0,14021.0,1.0
2947.0,7010.0,1.0
2950.0,2951.0,1.0
2950.0,3784.0,1.0
2950.0,6395.0,1.0
2950.0,12268.0,1.0
2951.0,7854.0,1.0
2951.0,6196.0,1.0
2952.0,2953.0,1.0
2952.0,9902.0,1.0
2952.0,7662.0,1.0
2952.0,6694.0,1.0
2953.0,5004.0,1.0
2953.0,4966.0,1.0
2953.0,12107.0,1.0
2954.0,2955.0,1.0
2954.0,7181.0,1.0
2954.0,11350.0,1.0
2954.0,16320.0,1.0
2955.0,3118.0,1.0
2955.0,8644.0,1.0
2957.0,2958.0,1.0
2957.0,7769.0,1.0
2957.0,3385.0,1.0
2958.0,4384.0,1.0
2958.0,9976.0,1.0
2958.0,13131.0,1.0
2959.0,3818.0,1.0
2959.0,5633.0,1.0
2959.0,6403.0,1.0
2967.0,7566.0,1.0
2967.0,8124.0,1.0
2967.0,3156.0,1.0
2968.0,2969.0,1.0
2968.0,4656.0,1.0
2968.0,5727.0,1.0
2968.0,3374.0,1.0
2969.0,5990.0,1.0
2969.0,3249.0,1.0
2972.0,2973.0,1.0
2972.0,3062.0,1.0
2972.0,11276.0,1.0
2973.0,10598.0,1.0
2973.0,8793.0,1.0
2974.0,2975.0,1.0
2974.0,13165.0,1.0
2974.0,19434.0,1.0
2974.0,10815.0,1.0
2975.0,13150.0,1.0
2975.0,16066.0,1.0
2984.0,14814.0,1.0
2984.0,9948.0,1.0
2984.0,5239.0,1.0
2985.0,2986.0,1.0
2985.0,14607.0,1.0
2986.0,9807.0,1.0
2986.0,13109.0,1.0
2986.0,16101.0,1.0
2988.0,2989.0,1.0
2988.0,10013.0,1.0
2988.0,16929.0,1.0
2989.0,3467.0,1.0
2989.0,6447.0,1.0
2989.0,13008.0,1.0
2990.0,5452.0,1.0
2990.0,6526.0,1.0
2990.0,13182.0,1.0
2993.0,2994.0,1.0
2994.0,6986.0,1.0
2994.0,7467.0,1.0
3002.0,3003.0,1.0
3002.0,11341.0,1.0
3002.0,13936.0,1.0
3002.0,3411.0,1.0
3003.0,8337.0,1.0
3003.0,5799.0,1.0
3007.0,3008.0,1.0
3007.0,8135.0,1.0
3007.0,14390.0,1.0
3008.0,3234.0,1.0
3008.0,9401.0,1.0
3009.0,3010.0,1.0
3009.0,13997.0,1.0
3009.0,4842.0,1.0
3010.0,5078.0,1.0
3010.0,5567.0,1.0
3011.0,3012.0,1.0
3011.0,16717.0,1.0
3011.0,14897.0,1.0
3012.0,5458.0,1.0
3012.0,16397.0,1.0
3014.0,3015.0,1.0
3014.0,8272.0,1.0
3014.0,3854.0,1.0
3015.0,4501.0,1.0
3015.0,9621.0,1.0
3015.0,3853.0,1.0
3016.0,3017.0,1.0
3016.0,10900.0,1.0
3017.0,7334.0,1.0
3017.0,12146.0,1.0
3018.0,3019.0,1.0
3018.0,7896.0,1.0
3018.0,6825.0,1.0
3018.0,7220.0,1.0
3019.0,3117.0,1.0
3019.0,3763.0,1.0
3019.0,10986.0,1.0
3024.0,10559.0,1.0
3024.0,12156.0,1.0
3024.0,8249.0,1.0
3026.0,3027.0,1.0
3026.0,14081.0,1.0
3026.0,7166.0,1.0
3028.0,17391.0,1.0
3028.0,3605.0,1.0
3028.0,11052.0,1.0
3035.0,3036.0,1.0
3035.0,7109.0,1.0
3035.0,13274.0,1.0
3036.0,10405.0,1.0
3036.0,9877.0,1.0
3036.0,4110.0,1.0
3037.0,16528.0,1.0
3037.0,13600.0,1.0
3038.0,3039.0,1.0
3039.0,6656.0,1.0
3039.0,9700.0,1.0
3039.0,3527.0,1.0
3042.0,3234.0,1.0
3042.0,6511.0,1.0
3042.0,13242.0,1.0
3045.0,3785.0,1.0
3045.0,8541.0,1.0
3046.0,3047.0,1.0
3046.0,10062.0,1.0
3046.0,11820.0,1.0
3047.0,5637.0,1.0
3047.0,8525.0,1.0
3047.0,7841.0,1.0
3048.0,3049.0,1.0
3048.0,9495.0,1.0
3048.0,10570.0,1.0
3049.0,9963.0,1.0
3049.0,9229.0,1.0
3049.0,11637.0,1.0
3050.0,10576.0,1.0
3050.0,7271.0,1.0
3050.0,10083.0,1.0
3061.0,3062.0,1.0
3062.0,9402.0,1.0
3063.0,12654.0,1.0
3063.0,14371.0,1.0
3063.0,14902.0,1.0
3064.0,3065.0,1.0
3064.0,9342.0,1.0
3064.0,5263.0,1.0
3065.0,8389.0,1.0
3065.0,13472.0,1.0
3066.0,3121.0,1.0
3066.0,6057.0,1.0
3066.0,3663.0,1.0
3067.0,4298.0,1.0
3067.0,3731.0,1.0
3068.0,3069.0,1.0
3068.0,13857.0,1.0
3069.0,5660.0,1.0
3069.0,12347.0,1.0
3076.0,14553.0,1.0
3076.0,15299.0,1.0
3079.0,3080.0,1.0
3079.0,3768.0,1.0
3079.0,4463.0,1.0
3080.0,6885.0,1.0
3081.0,3082.0,1.0
3081.0,16908.0,1.0
3081.0,18275.0,1.0
3081.0,18274.0,1.0
3082.0,8972.0,1.0
3082.0,12485.0,1.0
3082.0,18269.0,1.0
3083.0,3084.0,1.0
3083.0,8764.0,1.0
3083.0,8688.0,1.0
3084.0,7671.0,1.0
3084.0,6431.0,1.0
3086.0,3087.0,1.0
3086.0,7109.0,1.0
3086.0,11638.0,1.0
3086.0,14171.0,1.0
3087.0,6850.0,1.0
3087.0,14708.0,1.0
3087.0,8076.0,1.0
3090.0,3091.0,1.0
3090.0,8031.0,1.0
3093.0,3094.0,1.0
3093.0,4951.0,1.0
3093.0,6303.0,1.0
3094.0,7279.0,1.0
3095.0,3096.0,1.0
3095.0,4206.0,1.0
3095.0,11025.0,1.0
3096.0,3916.0,1.0
3096.0,8914.0,1.0
3097.0,3098.0,1.0
3097.0,13646.0,1.0
3099.0,3100.0,1.0
3099.0,7615.0,1.0
3099.0,11953.0,1.0
3102.0,3103.0,1.0
3102.0,10954.0,1.0
3102.0,14833.0,1.0
3103.0,7434.0,1.0
3103.0,12807.0,1.0
3105.0,3770.0,1.0
3107.0,3108.0,1.0
3107.0,5192.0,1.0
3107.0,9322.0,1.0
3107.0,14721.0,1.0
3108.0,3713.0,1.0
3108.0,7494.0,1.0
3108.0,8526.0,1.0
3111.0,10519.0,1.0
3111.0,21126.0,1.0
3111.0,8977.0,1.0
3111.0,8349.0,1.0
3114.0,3115.0,1.0
3114.0,3930.0,1.0
3114.0,3994.0,1.0
3115.0,3994.0,1.0
3115.0,10248.0,1.0
3116.0,4874.0,1.0
3116.0,5532.0,1.0
3116.0,8091.0,1.0
3117.0,7220.0,1.0
3117.0,10467.0,1.0
3117.0,6059.0,1.0
3118.0,10849.0,1.0
3118.0,11350.0,1.0
3118.0,4534.0,1.0
3119.0,3120.0,1.0
3119.0,7586.0,1.0
3120.0,13538.0,1.0
3121.0,3724.0,1.0
3121.0,12222.0,1.0
3121.0,11083.0,1.0
3122.0,3123.0,1.0
3123.0,9294.0,1.0
3123.0,9173.0,1.0
3124.0,8918.0,1.0
3124.0,9204.0,1.0
3129.0,3130.0,1.0
3129.0,9818.0,1.0
3129.0,10382.0,1.0
3136.0,3137.0,1.0
3136.0,9190.0,1.0
3137.0,6411.0,1.0
3137.0,3466.0,1.0
3143.0,3144.0,1.0
3143.0,8181.0,1.0
3143.0,10882.0,1.0
3144.0,5375.0,1.0
3144.0,7398.0,1.0
3151.0,3152.0,1.0
3151.0,6548.0,1.0
3151.0,5207.0,1.0
3152.0,13268.0,1.0
3152.0,17866.0,1.0
3156.0,3157.0,1.0
3156.0,3167.0,1.0
3156.0,7565.0,1.0
3157.0,8124.0,1.0
3157.0,9367.0,1.0
3157.0,7046.0,1.0
3160.0,3648.0,1.0
3160.0,12419.0,1.0
3161.0,3162.0,1.0
3162.0,5154.0,1.0
3162.0,12692.0,1.0
3164.0,3165.0,1.0
3164.0,6143.0,1.0
3164.0,3568.0,1.0
3165.0,3275.0,1.0
3165.0,4860.0,1.0
3165.0,15015.0,1.0
3166.0,3167.0,1.0
3166.0,7140.0,1.0
3166.0,5618.0,1.0
3167.0,3404.0,1.0
3167.0,7046.0,1.0
3188.0,6605.0,1.0
3188.0,15122.0,1.0
3188.0,5441.0,1.0
3191.0,3406.0,1.0
3191.0,4161.0,1.0
3192.0,3193.0,1.0
3192.0,16426.0,1.0
3192.0,12656.0,1.0
3193.0,8693.0,1.0
3193.0,10794.0,1.0
3194.0,3195.0,1.0
3194.0,6398.0,1.0
3194.0,9448.0,1.0
3195.0,5588.0,1.0
3195.0,4501.0,1.0
3195.0,8271.0,1.0
3196.0,3197.0,1.0
3196.0,12621.0,1.0
3197.0,11205.0,1.0
3197.0,18111.0,1.0
3197.0,13851.0,1.0
3198.0,3199.0,1.0
3198.0,7898.0,1.0
3198.0,13615.0,1.0
3198.0,12460.0,1.0
3199.0,7217.0,1.0
3199.0,3857.0,1.0
3199.0,14092.0,1.0
3200.0,16106.0,1.0
3200.0,12754.0,1.0
3201.0,3202.0,1.0
3201.0,9471.0,1.0
3201.0,7824.0,1.0
3202.0,4974.0,1.0
3202.0,4454.0,1.0
3202.0,9645.0,1.0
3203.0,11226.0,1.0
3203.0,17002.0,1.0
3205.0,3206.0,1.0
3205.0,4344.0,1.0
3205.0,11982.0,1.0
3205.0,10261.0,1.0
3206.0,7681.0,1.0
3206.0,11352.0,1.0
3206.0,13022.0,1.0
3206.0,10261.0,1.0
3209.0,12001.0,1.0
3211.0,3212.0,1.0
3211.0,12313.0,1.0
3211.0,11623.0,1.0
3212.0,3557.0,1.0
3212.0,6403.0,1.0
3213.0,3214.0,1.0
3213.0,5866.0,1.0
3213.0,11028.0,1.0
3214.0,6501.0,1.0
3214.0,5301.0,1.0
3214.0,5867.0,1.0
3217.0,3218.0,1.0
3217.0,3958.0,1.0
3217.0,14169.0,1.0
3217.0,14017.0,1.0
3219.0,3220.0,1.0
3219.0,3891.0,1.0
3219.0,10952.0,1.0
3219.0,8688.0,1.0
3220.0,6886.0,1.0
3220.0,3892.0,1.0
3223.0,3224.0,1.0
3223.0,6060.0,1.0
3224.0,4799.0,1.0
3225.0,3226.0,1.0
3225.0,9669.0,1.0
3225.0,10902.0,1.0
3225.0,3567.0,1.0
3226.0,10488.0,1.0
3226.0,16561.0,1.0
3227.0,7257.0,1.0
3227.0,16596.0,1.0
3227.0,14192.0,1.0
3228.0,3229.0,1.0
3228.0,8496.0,1.0
3228.0,9886.0,1.0
3231.0,8715.0,1.0
3231.0,10418.0,1.0
3239.0,3240.0,1.0
3239.0,9098.0,1.0
3239.0,7074.0,1.0
3239.0,8229.0,1.0
3240.0,9836.0,1.0
3240.0,18527.0,1.0
3240.0,16798.0,1.0
3241.0,3242.0,1.0
3241.0,13717.0,1.0
3241.0,12206.0,1.0
3241.0,13150.0,1.0
3242.0,10815.0,1.0
3247.0,3248.0,1.0
3247.0,5817.0,1.0
3247.0,13873.0,1.0
3248.0,6328.0,1.0
3248.0,9076.0,1.0
3249.0,3250.0,1.0
3249.0,5727.0,1.0
3249.0,5991.0,1.0
3250.0,4816.0,1.0
3250.0,9775.0,1.0
3250.0,17849.0,1.0
3250.0,5728.0,1.0
3254.0,3255.0,1.0
3255.0,8806.0,1.0
3255.0,17350.0,1.0
3262.0,3263.0,1.0
3262.0,12833.0,1.0
3262.0,16537.0,1.0
3263.0,9213.0,1.0
3263.0,16845.0,1.0
3263.0,17101.0,1.0
3265.0,3518.0,1.0
3265.0,16716.0,1.0
3265.0,13618.0,1.0
3266.0,3267.0,1.0
3266.0,5695.0,1.0
3267.0,6135.0,1.0
3267.0,3528.0,1.0
3267.0,8907.0,1.0
3268.0,3269.0,1.0
3268.0,8929.0,1.0
3269.0,10614.0,1.0
3269.0,16730.0,1.0
3273.0,3274.0,1.0
3273.0,5348.0,1.0
3273.0,7120.0,1.0
3273.0,3586.0,1.0
3274.0,4962.0,1.0
3274.0,15982.0,1.0
3274.0,8428.0,1.0
3275.0,9454.0,1.0
3275.0,7455.0,1.0
3275.0,20362.0,1.0
3276.0,3277.0,1.0
3276.0,6472.0,1.0
3277.0,14994.0,1.0
3281.0,12800.0,1.0
3282.0,3283.0,1.0
3282.0,6466.0,1.0
3282.0,7358.0,1.0
3282.0,7895.0,1.0
3283.0,3848.0,1.0
3283.0,5169.0,1.0
3283.0,7246.0,1.0
3288.0,3289.0,1.0
3288.0,7840.0,1.0
3288.0,11018.0,1.0
3289.0,10846.0,1.0
3290.0,3291.0,1.0
3290.0,10218.0,1.0
3290.0,16045.0,1.0
3291.0,20206.0,1.0
3291.0,21199.0,1.0
3291.0,21200.0,1.0
3291.0,20810.0,1.0
3292.0,3293.0,1.0
3292.0,3876.0,1.0
3292.0,18217.0,1.0
3293.0,11219.0,1.0
3293.0,14747.0,1.0
3294.0,18118.0,1.0
3299.0,3300.0,1.0
3299.0,4626.0,1.0
3299.0,17826.0,1.0
3300.0,5599.0,1.0
3300.0,13355.0,1.0
3302.0,13692.0,1.0
3302.0,19525.0,1.0
3303.0,14619.0,1.0
3303.0,6637.0,1.0
3308.0,3309.0,1.0
3308.0,4506.0,1.0
3308.0,6499.0,1.0
3309.0,5823.0,1.0
3309.0,13963.0,1.0
3316.0,11840.0,1.0
3316.0,8569.0,1.0
3316.0,16912.0,1.0
3317.0,3318.0,1.0
3317.0,16426.0,1.0
3317.0,11761.0,1.0
3318.0,9018.0,1.0
3318.0,12656.0,1.0
3319.0,12860.0,1.0
3319.0,11793.0,1.0
3321.0,13351.0,1.0
3321.0,6702.0,1.0
3322.0,4595.0,1.0
3322.0,15071.0,1.0
3328.0,13827.0,1.0
3328.0,10768.0,1.0
3333.0,3334.0,1.0
3333.0,8834.0,1.0
3333.0,4971.0,1.0
3334.0,7499.0,1.0
3334.0,13161.0,1.0
3335.0,11329.0,1.0
3335.0,3399.0,1.0
3340.0,3341.0,1.0
3340.0,16141.0,1.0
3340.0,14145.0,1.0
3341.0,8096.0,1.0
3341.0,14506.0,1.0
3346.0,3347.0,1.0
3346.0,11502.0,1.0
3346.0,14597.0,1.0
3346.0,10337.0,1.0
3347.0,10337.0,1.0
3349.0,3350.0,1.0
3349.0,16503.0,1.0
3349.0,16434.0,1.0
3350.0,10387.0,1.0
3350.0,12368.0,1.0
3351.0,3352.0,1.0
3351.0,3382.0,1.0
3352.0,3383.0,1.0
3352.0,3941.0,1.0
3353.0,3354.0,1.0
3353.0,4131.0,1.0
3353.0,10467.0,1.0
3357.0,14217.0,1.0
3357.0,14247.0,1.0
3365.0,8579.0,1.0
3365.0,11869.0,1.0
3365.0,11415.0,1.0
3368.0,3369.0,1.0
3369.0,10468.0,1.0
3369.0,9043.0,1.0
3370.0,3371.0,1.0
3370.0,10785.0,1.0
3370.0,17267.0,1.0
3370.0,20159.0,1.0
3371.0,15871.0,1.0
3371.0,21040.0,1.0
3374.0,10526.0,1.0
3374.0,8992.0,1.0
3374.0,4656.0,1.0
3381.0,11805.0,1.0
3382.0,3383.0,1.0
3382.0,10781.0,1.0
3382.0,4346.0,1.0
3383.0,3940.0,1.0
3384.0,3385.0,1.0
3384.0,10352.0,1.0
3384.0,7737.0,1.0
3384.0,16972.0,1.0
3385.0,7613.0,1.0
3385.0,7738.0,1.0
3388.0,5092.0,1.0
3388.0,12146.0,1.0
3391.0,13820.0,1.0
3391.0,14074.0,1.0
3391.0,6589.0,1.0
3395.0,13368.0,1.0
3395.0,7509.0,1.0
3395.0,13335.0,1.0
3397.0,12987.0,1.0
3397.0,8721.0,1.0
3399.0,5921.0,1.0
3399.0,12646.0,1.0
3400.0,3401.0,1.0
3401.0,11104.0,1.0
3401.0,17965.0,1.0
3403.0,3404.0,1.0
3403.0,6320.0,1.0
3403.0,9214.0,1.0
3404.0,5618.0,1.0
3404.0,7565.0,1.0
3407.0,7316.0,1.0
3407.0,14739.0,1.0
3407.0,18243.0,1.0
3410.0,3411.0,1.0
3410.0,14181.0,1.0
3410.0,13936.0,1.0
3411.0,10052.0,1.0
3411.0,5799.0,1.0
3418.0,3419.0,1.0
3418.0,12483.0,1.0
3418.0,10419.0,1.0
3418.0,17654.0,1.0
3419.0,3870.0,1.0
3419.0,11997.0,1.0
3422.0,3423.0,1.0
3423.0,5869.0,1.0
3423.0,8862.0,1.0
3429.0,3430.0,1.0
3429.0,4460.0,1.0
3429.0,11664.0,1.0
3430.0,7699.0,1.0
3438.0,3439.0,1.0
3438.0,11475.0,1.0
3439.0,5220.0,1.0
3439.0,5040.0,1.0
3439.0,13074.0,1.0
3440.0,3441.0,1.0
3440.0,8300.0,1.0
3441.0,14197.0,1.0
3441.0,13682.0,1.0
3442.0,3443.0,1.0
3442.0,4849.0,1.0
3443.0,16101.0,1.0
3443.0,11563.0,1.0
3455.0,3456.0,1.0
3455.0,17177.0,1.0
3456.0,8760.0,1.0
3456.0,9015.0,1.0
3460.0,3461.0,1.0
3460.0,9138.0,1.0
3460.0,12071.0,1.0
3460.0,6034.0,1.0
3461.0,7050.0,1.0
3461.0,6035.0,1.0
3461.0,4175.0,1.0
3462.0,4282.0,1.0
3463.0,14536.0,1.0
3463.0,10049.0,1.0
3465.0,3466.0,1.0
3465.0,5659.0,1.0
3465.0,11663.0,1.0
3465.0,5578.0,1.0
3466.0,10193.0,1.0
3466.0,9190.0,1.0
3467.0,6840.0,1.0
3467.0,10756.0,1.0
3467.0,14697.0,1.0
3468.0,3469.0,1.0
3469.0,11739.0,1.0
3469.0,14849.0,1.0
3470.0,3471.0,1.0
3470.0,11358.0,1.0
3471.0,14085.0,1.0
3480.0,3481.0,1.0
3480.0,7278.0,1.0
3480.0,3514.0,1.0
3481.0,5944.0,1.0
3481.0,7002.0,1.0
3481.0,9154.0,1.0
3483.0,3484.0,1.0
3483.0,13842.0,1.0
3484.0,10009.0,1.0
3487.0,3488.0,1.0
3487.0,6497.0,1.0
3487.0,8037.0,1.0
3488.0,16320.0,1.0
3488.0,7180.0,1.0
3492.0,7152.0,1.0
3492.0,11351.0,1.0
3495.0,6851.0,1.0
3495.0,7876.0,1.0
3495.0,11436.0,1.0
3498.0,10572.0,1.0
3498.0,18238.0,1.0
3499.0,3500.0,1.0
3499.0,5997.0,1.0
3499.0,10826.0,1.0
3499.0,6592.0,1.0
3500.0,6832.0,1.0
3500.0,8240.0,1.0
3500.0,10020.0,1.0
3501.0,3502.0,1.0
3501.0,5140.0,1.0
3501.0,16038.0,1.0
3501.0,10172.0,1.0
3502.0,8408.0,1.0
3502.0,5531.0,1.0
3502.0,11284.0,1.0
3506.0,4508.0,1.0
3506.0,6784.0,1.0
3506.0,12199.0,1.0
3507.0,3508.0,1.0
3507.0,17103.0,1.0
3507.0,17557.0,1.0
3508.0,12436.0,1.0
3508.0,16718.0,1.0
3508.0,16516.0,1.0
3509.0,3510.0,1.0
3509.0,5656.0,1.0
3510.0,5666.0,1.0
3510.0,8635.0,1.0
3511.0,13723.0,1.0
3513.0,3514.0,1.0
3514.0,7278.0,1.0
3515.0,3516.0,1.0
3515.0,14493.0,1.0
3515.0,6852.0,1.0
3515.0,19035.0,1.0
3516.0,17436.0,1.0
3516.0,17734.0,1.0
3518.0,5406.0,1.0
3518.0,5690.0,1.0
3519.0,3520.0,1.0
3519.0,10711.0,1.0
3519.0,5153.0,1.0
3520.0,6199.0,1.0
3520.0,6222.0,1.0
3523.0,3524.0,1.0
3523.0,9857.0,1.0
3523.0,17960.0,1.0
3524.0,5055.0,1.0
3524.0,12905.0,1.0
3524.0,18243.0,1.0
3527.0,13405.0,1.0
3527.0,4997.0,1.0
3528.0,8348.0,1.0
3528.0,6645.0,1.0
3529.0,7785.0,1.0
3529.0,13162.0,1.0
3532.0,3533.0,1.0
3532.0,4427.0,1.0
3532.0,4529.0,1.0
3533.0,16413.0,1.0
3533.0,4427.0,1.0
3534.0,3535.0,1.0
3534.0,7702.0,1.0
3534.0,5865.0,1.0
3534.0,17920.0,1.0
3535.0,7604.0,1.0
3535.0,13052.0,1.0
3535.0,14819.0,1.0
3536.0,3537.0,1.0
3536.0,7479.0,1.0
3536.0,12524.0,1.0
3536.0,16713.0,1.0
3537.0,4030.0,1.0
3537.0,17632.0,1.0
3541.0,3542.0,1.0
3541.0,18128.0,1.0
3543.0,3544.0,1.0
3543.0,4794.0,1.0
3544.0,9728.0,1.0
3544.0,7803.0,1.0
3545.0,3546.0,1.0
3545.0,5084.0,1.0
3545.0,12766.0,1.0
3545.0,14341.0,1.0
3546.0,11338.0,1.0
3546.0,5085.0,1.0
3546.0,14377.0,1.0
3557.0,6253.0,1.0
3557.0,5440.0,1.0
3557.0,11623.0,1.0
3563.0,3564.0,1.0
3564.0,6273.0,1.0
3564.0,12001.0,1.0
3565.0,5720.0,1.0
3565.0,12058.0,1.0
3566.0,3567.0,1.0
3566.0,10021.0,1.0
3566.0,9669.0,1.0
3566.0,6327.0,1.0
3567.0,3871.0,1.0
3567.0,10488.0,1.0
3568.0,4458.0,1.0
3568.0,5884.0,1.0
3571.0,3572.0,1.0
3571.0,11331.0,1.0
3571.0,14220.0,1.0
3572.0,5132.0,1.0
3572.0,5431.0,1.0
3580.0,3581.0,1.0
3580.0,4584.0,1.0
3580.0,11722.0,1.0
3581.0,7071.0,1.0
3581.0,11189.0,1.0
3584.0,4130.0,1.0
3584.0,10099.0,1.0
3584.0,5603.0,1.0
3585.0,3586.0,1.0
3585.0,13886.0,1.0
3585.0,8435.0,1.0
3587.0,3588.0,1.0
3587.0,4569.0,1.0
3587.0,8487.0,1.0
3587.0,12377.0,1.0
3588.0,3681.0,1.0
3588.0,18113.0,1.0
3588.0,8487.0,1.0
3588.0,20856.0,1.0
3588.0,20860.0,1.0
3589.0,4582.0,1.0
3594.0,6938.0,1.0
3594.0,16801.0,1.0
3596.0,3597.0,1.0
3596.0,7211.0,1.0
3596.0,8595.0,1.0
3596.0,7384.0,1.0
3597.0,4525.0,1.0
3597.0,12245.0,1.0
3597.0,12763.0,1.0
3598.0,3599.0,1.0
3598.0,16079.0,1.0
3598.0,16113.0,1.0
3599.0,10751.0,1.0
3600.0,9676.0,1.0
3600.0,14837.0,1.0
3601.0,4884.0,1.0
3601.0,5941.0,1.0
3601.0,5131.0,1.0
3604.0,3605.0,1.0
3604.0,4233.0,1.0
3604.0,6361.0,1.0
3604.0,7338.0,1.0
3605.0,11052.0,1.0
3605.0,13379.0,1.0
3607.0,3608.0,1.0
3607.0,16118.0,1.0
3607.0,16127.0,1.0
3608.0,8924.0,1.0
3608.0,13634.0,1.0
3609.0,3610.0,1.0
3609.0,8344.0,1.0
3609.0,5379.0,1.0
3610.0,5380.0,1.0
3610.0,16397.0,1.0
3613.0,3614.0,1.0
3613.0,8379.0,1.0
3613.0,11465.0,1.0
3614.0,7892.0,1.0
3614.0,8380.0,1.0
3615.0,5155.0,1.0
3615.0,4507.0,1.0
3616.0,3617.0,1.0
3616.0,8414.0,1.0
3616.0,14516.0,1.0
3617.0,8415.0,1.0
3617.0,7933.0,1.0
3618.0,3619.0,1.0
3618.0,10738.0,1.0
3618.0,4181.0,1.0
3619.0,11091.0,1.0
3619.0,17950.0,1.0
3632.0,12408.0,1.0
3632.0,6907.0,1.0
3632.0,9315.0,1.0
3632.0,8365.0,1.0
3634.0,3635.0,1.0
3634.0,8708.0,1.0
3636.0,12258.0,1.0
3636.0,17379.0,1.0
3648.0,3649.0,1.0
3648.0,8072.0,1.0
3648.0,16631.0,1.0
3649.0,7662.0,1.0
3649.0,12419.0,1.0
3662.0,3663.0,1.0
3662.0,8998.0,1.0
3662.0,6057.0,1.0
3663.0,4147.0,1.0
3670.0,7155.0,1.0
3675.0,3676.0,1.0
3675.0,8602.0,1.0
3675.0,9034.0,1.0
3675.0,4003.0,1.0
3676.0,8424.0,1.0
3676.0,4004.0,1.0
3676.0,8603.0,1.0
3678.0,8024.0,1.0
3678.0,13214.0,1.0
3678.0,11173.0,1.0
3681.0,12459.0,1.0
3681.0,8510.0,1.0
3681.0,13314.0,1.0
3682.0,3683.0,1.0
3682.0,7397.0,1.0
3682.0,8274.0,1.0
3682.0,16442.0,1.0
3683.0,6553.0,1.0
3683.0,4035.0,1.0
3684.0,3685.0,1.0
3684.0,8458.0,1.0
3684.0,11636.0,1.0
3685.0,4493.0,1.0
3685.0,4101.0,1.0
3685.0,12138.0,1.0
3686.0,3687.0,1.0
3686.0,8696.0,1.0
3687.0,4209.0,1.0
3687.0,4840.0,1.0
3687.0,16468.0,1.0
3688.0,3689.0,1.0
3689.0,5870.0,1.0
3689.0,9468.0,1.0
3690.0,3691.0,1.0
3690.0,6866.0,1.0
3690.0,7912.0,1.0
3690.0,14912.0,1.0
3691.0,10858.0,1.0
3691.0,10884.0,1.0
3691.0,7912.0,1.0
3696.0,3697.0,1.0
3696.0,13203.0,1.0
3696.0,10239.0,1.0
3700.0,3701.0,1.0
3700.0,4320.0,1.0
3700.0,7253.0,1.0
3701.0,6746.0,1.0
3701.0,10341.0,1.0
3701.0,8320.0,1.0
3705.0,9349.0,1.0
3705.0,13028.0,1.0
3705.0,7504.0,1.0
3706.0,3707.0,1.0
3706.0,10536.0,1.0
3707.0,5467.0,1.0
3707.0,14908.0,1.0
3711.0,3712.0,1.0
3711.0,4031.0,1.0
3711.0,4072.0,1.0
3711.0,11864.0,1.0
3712.0,17012.0,1.0
3712.0,16878.0,1.0
3713.0,3714.0,1.0
3713.0,9749.0,1.0
3713.0,9322.0,1.0
3714.0,7494.0,1.0
3714.0,4337.0,1.0
3724.0,5821.0,1.0
3724.0,6057.0,1.0
3724.0,16481.0,1.0
3731.0,3732.0,1.0
3731.0,4888.0,1.0
3731.0,9651.0,1.0
3732.0,5911.0,1.0
3732.0,9652.0,1.0
3737.0,11671.0,1.0
3737.0,10384.0,1.0
3740.0,3741.0,1.0
3740.0,11412.0,1.0
3740.0,4791.0,1.0
3740.0,12860.0,1.0
3741.0,9262.0,1.0
3741.0,13146.0,1.0
3742.0,5383.0,1.0
3747.0,3748.0,1.0
3748.0,4391.0,1.0
3748.0,10014.0,1.0
3751.0,3752.0,1.0
3751.0,8982.0,1.0
3751.0,10270.0,1.0
3752.0,15159.0,1.0
3752.0,12483.0,1.0
3755.0,11539.0,1.0
3755.0,7089.0,1.0
3755.0,5146.0,1.0
3759.0,3760.0,1.0
3759.0,4277.0,1.0
3759.0,6385.0,1.0
3760.0,6386.0,1.0
3763.0,6825.0,1.0
3763.0,8797.0,1.0
3765.0,3766.0,1.0
3765.0,4647.0,1.0
3765.0,8598.0,1.0
3766.0,4161.0,1.0
3767.0,3768.0,1.0
3767.0,6927.0,1.0
3767.0,7481.0,1.0
3768.0,5214.0,1.0
3770.0,9759.0,1.0
3770.0,4321.0,1.0
3770.0,5374.0,1.0
3780.0,3781.0,1.0
3780.0,4141.0,1.0
3780.0,9337.0,1.0
3780.0,17231.0,1.0
3781.0,4142.0,1.0
3781.0,10787.0,1.0
3782.0,13132.0,1.0
3782.0,11107.0,1.0
3782.0,17884.0,1.0
3783.0,3784.0,1.0
3783.0,6394.0,1.0
3783.0,10541.0,1.0
3784.0,7588.0,1.0
3784.0,6751.0,1.0
3785.0,3786.0,1.0
3785.0,9028.0,1.0
3785.0,6331.0,1.0
3786.0,8541.0,1.0
3789.0,3790.0,1.0
3790.0,5959.0,1.0
3790.0,6163.0,1.0
3792.0,3793.0,1.0
3792.0,8675.0,1.0
3792.0,6960.0,1.0
3798.0,7087.0,1.0
3798.0,6391.0,1.0
3799.0,3800.0,1.0
3799.0,12527.0,1.0
3799.0,15560.0,1.0
3799.0,16879.0,1.0
3800.0,12528.0,1.0
3800.0,15558.0,1.0
3804.0,10391.0,1.0
3804.0,10681.0,1.0
3804.0,4375.0,1.0
3805.0,9524.0,1.0
3805.0,11939.0,1.0
3810.0,3811.0,1.0
3810.0,8821.0,1.0
3810.0,12530.0,1.0
3810.0,4311.0,1.0
3811.0,8821.0,1.0
3811.0,16319.0,1.0
3811.0,16314.0,1.0
3812.0,3813.0,1.0
3812.0,4705.0,1.0
3812.0,8537.0,1.0
3813.0,6604.0,1.0
3813.0,9237.0,1.0
3814.0,15582.0,1.0
3814.0,8294.0,1.0
3816.0,3817.0,1.0
3816.0,12510.0,1.0
3816.0,17847.0,1.0
3817.0,6911.0,1.0
3817.0,17906.0,1.0
3818.0,5378.0,1.0
3818.0,9984.0,1.0
3821.0,10883.0,1.0
3821.0,20339.0,1.0
3824.0,3825.0,1.0
3824.0,19458.0,1.0
3824.0,19459.0,1.0
3824.0,20718.0,1.0
3824.0,20723.0,1.0
3825.0,7584.0,1.0
3825.0,13288.0,1.0
3826.0,3827.0,1.0
3826.0,7941.0,1.0
3826.0,4815.0,1.0
3826.0,13425.0,1.0
3827.0,4820.0,1.0
3827.0,9366.0,1.0
3831.0,3832.0,1.0
3831.0,4411.0,1.0
3831.0,10336.0,1.0
3831.0,5186.0,1.0
3832.0,4908.0,1.0
3832.0,7851.0,1.0
3832.0,11502.0,1.0
3833.0,3834.0,1.0
3833.0,8297.0,1.0
3833.0,6536.0,1.0
3834.0,9988.0,1.0
3834.0,11106.0,1.0
3837.0,7667.0,1.0
3837.0,5224.0,1.0
3839.0,3840.0,1.0
3839.0,14517.0,1.0
3839.0,15912.0,1.0
3841.0,3842.0,1.0
3842.0,12967.0,1.0
3842.0,16141.0,1.0
3843.0,6142.0,1.0
3843.0,12811.0,1.0
3844.0,3845.0,1.0
3844.0,4238.0,1.0
3844.0,5409.0,1.0
3844.0,5749.0,1.0
3845.0,14035.0,1.0
3845.0,13760.0,1.0
3847.0,12006.0,1.0
3847.0,10682.0,1.0
3847.0,16957.0,1.0
3848.0,5774.0,1.0
3848.0,7478.0,1.0
3848.0,7895.0,1.0
3853.0,3854.0,1.0
3853.0,9337.0,1.0
3853.0,9621.0,1.0
3854.0,11395.0,1.0
3857.0,3858.0,1.0
3857.0,10162.0,1.0
3857.0,13763.0,1.0
3858.0,5854.0,1.0
3858.0,16494.0,1.0
3859.0,17214.0,1.0
3859.0,17006.0,1.0
3859.0,5971.0,1.0
3860.0,3861.0,1.0
3860.0,6992.0,1.0
3860.0,7350.0,1.0
3861.0,6993.0,1.0
3861.0,6843.0,1.0
3861.0,8138.0,1.0
3862.0,3863.0,1.0
3862.0,7508.0,1.0
3862.0,12636.0,1.0
3862.0,14708.0,1.0
3863.0,5320.0,1.0
3863.0,3965.0,1.0
3868.0,3869.0,1.0
3868.0,7042.0,1.0
3870.0,3871.0,1.0
3870.0,10419.0,1.0
3871.0,4657.0,1.0
3871.0,12801.0,1.0
3875.0,3876.0,1.0
3876.0,5515.0,1.0
3877.0,9396.0,1.0
3877.0,17313.0,1.0
3877.0,13770.0,1.0
3884.0,4836.0,1.0
3889.0,3890.0,1.0
3889.0,7612.0,1.0
3889.0,4709.0,1.0
3889.0,15842.0,1.0
3889.0,6546.0,1.0
3891.0,3892.0,1.0
3891.0,7671.0,1.0
3892.0,7086.0,1.0
3892.0,11199.0,1.0
3896.0,3897.0,1.0
3896.0,11762.0,1.0
3896.0,16918.0,1.0
3896.0,6032.0,1.0
3897.0,16962.0,1.0
3897.0,6033.0,1.0
3898.0,3899.0,1.0
3898.0,12748.0,1.0
3898.0,7561.0,1.0
3899.0,10020.0,1.0
3899.0,8982.0,1.0
3904.0,3905.0,1.0
3904.0,4907.0,1.0
3904.0,9806.0,1.0
3905.0,15481.0,1.0
3905.0,13045.0,1.0
3906.0,5617.0,1.0
3906.0,6847.0,1.0
3913.0,3914.0,1.0
3913.0,5947.0,1.0
3913.0,11142.0,1.0
3914.0,5359.0,1.0
3915.0,6498.0,1.0
3916.0,3917.0,1.0
3916.0,6775.0,1.0
3916.0,4206.0,1.0
3917.0,3919.0,1.0
3917.0,16538.0,1.0
3919.0,3920.0,1.0
3919.0,15570.0,1.0
3920.0,11169.0,1.0
3920.0,13059.0,1.0
3921.0,3922.0,1.0
3921.0,7910.0,1.0
3921.0,13822.0,1.0
3927.0,3928.0,1.0
3927.0,11337.0,1.0
3927.0,12653.0,1.0
3927.0,8497.0,1.0
3928.0,7324.0,1.0
3928.0,9702.0,1.0
3928.0,13575.0,1.0
3930.0,3931.0,1.0
3930.0,5770.0,1.0
3931.0,17125.0,1.0
3931.0,11226.0,1.0
3938.0,3939.0,1.0
3938.0,4717.0,1.0
3938.0,5128.0,1.0
3940.0,3941.0,1.0
3940.0,5645.0,1.0
3940.0,14260.0,1.0
3941.0,7183.0,1.0
3955.0,7051.0,1.0
3955.0,7283.0,1.0
3955.0,13912.0,1.0
3957.0,3958.0,1.0
3957.0,6019.0,1.0
3957.0,12870.0,1.0
3957.0,14017.0,1.0
3958.0,6825.0,1.0
3958.0,8797.0,1.0
3963.0,3964.0,1.0
3963.0,6801.0,1.0
3963.0,16011.0,1.0
3963.0,12893.0,1.0
3964.0,11304.0,1.0
3964.0,5010.0,1.0
3964.0,4653.0,1.0
3965.0,3966.0,1.0
3965.0,5987.0,1.0
3966.0,10405.0,1.0
3966.0,5987.0,1.0
3967.0,3968.0,1.0
3967.0,10663.0,1.0
3967.0,8344.0,1.0
3969.0,3970.0,1.0
3969.0,7911.0,1.0
3969.0,6473.0,1.0
3969.0,8054.0,1.0
3970.0,12170.0,1.0
3970.0,13295.0,1.0
3975.0,11690.0,1.0
3975.0,4368.0,1.0
3975.0,5756.0,1.0
3981.0,3982.0,1.0
3981.0,5212.0,1.0
3981.0,8883.0,1.0
3981.0,17997.0,1.0
3982.0,9995.0,1.0
3982.0,14579.0,1.0
3983.0,11309.0,1.0
3983.0,6402.0,1.0
3983.0,11676.0,1.0
3984.0,3985.0,1.0
3984.0,6834.0,1.0
3984.0,8474.0,1.0
3985.0,7345.0,1.0
3991.0,3992.0,1.0
3991.0,15431.0,1.0
3991.0,9147.0,1.0
3991.0,20193.0,1.0
3992.0,6895.0,1.0
3992.0,11973.0,1.0
3992.0,9148.0,1.0
3994.0,9538.0,1.0
3997.0,3998.0,1.0
3997.0,6051.0,1.0
3997.0,6423.0,1.0
3997.0,5675.0,1.0
3998.0,16331.0,1.0
3998.0,5676.0,1.0
3999.0,4000.0,1.0
3999.0,7603.0,1.0
3999.0,13885.0,1.0
4000.0,5989.0,1.0
4000.0,8423.0,1.0
4000.0,13230.0,1.0
4003.0,4004.0,1.0
4003.0,4511.0,1.0
4003.0,7590.0,1.0
4004.0,6559.0,1.0
4004.0,16773.0,1.0
4005.0,10332.0,1.0
4010.0,4953.0,1.0
4010.0,7576.0,1.0
4011.0,4012.0,1.0
4011.0,12037.0,1.0
4011.0,8143.0,1.0
4024.0,4025.0,1.0
4024.0,7065.0,1.0
4024.0,12753.0,1.0
4025.0,13105.0,1.0
4030.0,12184.0,1.0
4031.0,10786.0,1.0
4031.0,16878.0,1.0
4034.0,11760.0,1.0
4034.0,5834.0,1.0
4035.0,4036.0,1.0
4035.0,4355.0,1.0
4036.0,8275.0,1.0
4036.0,6831.0,1.0
4039.0,4040.0,1.0
4039.0,8383.0,1.0
4040.0,6351.0,1.0
4041.0,4042.0,1.0
4041.0,7475.0,1.0
4041.0,7797.0,1.0
4045.0,15560.0,1.0
4045.0,16355.0,1.0
4045.0,17515.0,1.0
4046.0,4047.0,1.0
4046.0,4962.0,1.0
4046.0,12931.0,1.0
4046.0,10372.0,1.0
4047.0,4233.0,1.0
4047.0,12381.0,1.0
4047.0,6361.0,1.0
4048.0,13168.0,1.0
4048.0,14413.0,1.0
4048.0,17489.0,1.0
4053.0,4054.0,1.0
4053.0,4900.0,1.0
4053.0,13333.0,1.0
4054.0,12869.0,1.0
4054.0,6309.0,1.0
4055.0,18298.0,1.0
4055.0,14514.0,1.0
4056.0,14508.0,1.0
4056.0,11901.0,1.0
4061.0,4062.0,1.0
4061.0,6693.0,1.0
4061.0,19178.0,1.0
4062.0,4094.0,1.0
4062.0,4857.0,1.0
4062.0,13079.0,1.0
4063.0,4064.0,1.0
4063.0,7424.0,1.0
4063.0,11391.0,1.0
4064.0,9914.0,1.0
4064.0,11911.0,1.0
4064.0,10393.0,1.0
4066.0,8583.0,1.0
4066.0,12356.0,1.0
4068.0,13004.0,1.0
4068.0,12926.0,1.0
4069.0,9069.0,1.0
4069.0,10769.0,1.0
4069.0,13817.0,1.0
4070.0,4071.0,1.0
4070.0,5945.0,1.0
4070.0,9474.0,1.0
4070.0,12989.0,1.0
4071.0,4524.0,1.0
4071.0,12373.0,1.0
4072.0,14085.0,1.0
4072.0,10786.0,1.0
4076.0,4077.0,1.0
4076.0,13957.0,1.0
4076.0,19341.0,1.0
4077.0,9082.0,1.0
4077.0,14388.0,1.0
4083.0,4084.0,1.0
4083.0,9942.0,1.0
4083.0,14288.0,1.0
4083.0,20697.0,1.0
4084.0,16572.0,1.0
4094.0,4095.0,1.0
4094.0,5016.0,1.0
4094.0,6693.0,1.0
4095.0,13079.0,1.0
4101.0,4102.0,1.0
4101.0,13986.0,1.0
4102.0,5381.0,1.0
4102.0,4493.0,1.0
4107.0,4490.0,1.0
4108.0,10531.0,1.0
4110.0,4111.0,1.0
4110.0,13274.0,1.0
4110.0,10852.0,1.0
4111.0,9013.0,1.0
4111.0,9877.0,1.0
4113.0,4114.0,1.0
4113.0,13646.0,1.0
4113.0,16112.0,1.0
4115.0,4116.0,1.0
4116.0,20741.0,1.0
4124.0,4125.0,1.0
4124.0,6896.0,1.0
4125.0,11111.0,1.0
4125.0,16534.0,1.0
4126.0,4127.0,1.0
4126.0,7323.0,1.0
4126.0,5166.0,1.0
4126.0,14297.0,1.0
4127.0,10010.0,1.0
4129.0,4130.0,1.0
4129.0,14428.0,1.0
4130.0,6644.0,1.0
4130.0,10380.0,1.0
4131.0,6059.0,1.0
4131.0,8944.0,1.0
4133.0,4134.0,1.0
4133.0,7015.0,1.0
4133.0,13883.0,1.0
4134.0,4213.0,1.0
4134.0,10110.0,1.0
4136.0,4137.0,1.0
4136.0,7255.0,1.0
4136.0,8423.0,1.0
4136.0,5989.0,1.0
4137.0,9585.0,1.0
4137.0,7963.0,1.0
4138.0,7090.0,1.0
4138.0,7676.0,1.0
4138.0,7295.0,1.0
4141.0,4142.0,1.0
4141.0,11605.0,1.0
4141.0,10504.0,1.0
4142.0,7080.0,1.0
4144.0,4145.0,1.0
4145.0,5672.0,1.0
4145.0,9511.0,1.0
4147.0,4783.0,1.0
4148.0,4149.0,1.0
4148.0,14856.0,1.0
4148.0,12762.0,1.0
4149.0,5400.0,1.0
4149.0,5993.0,1.0
4151.0,4152.0,1.0
4151.0,5146.0,1.0
4151.0,13492.0,1.0
4152.0,5284.0,1.0
4152.0,12432.0,1.0
4154.0,6973.0,1.0
4154.0,13645.0,1.0
4155.0,7749.0,1.0
4155.0,4438.0,1.0
4155.0,14070.0,1.0
4156.0,6669.0,1.0
4156.0,14695.0,1.0
4159.0,4160.0,1.0
4159.0,7053.0,1.0
4159.0,5157.0,1.0
4160.0,11424.0,1.0
4160.0,12457.0,1.0
4160.0,12142.0,1.0
4161.0,7744.0,1.0
4164.0,4165.0,1.0
4164.0,6084.0,1.0
4164.0,9933.0,1.0
4164.0,10876.0,1.0
4165.0,9532.0,1.0
4165.0,10876.0,1.0
4165.0,10316.0,1.0
4170.0,4171.0,1.0
4170.0,14353.0,1.0
4170.0,7505.0,1.0
4170.0,11064.0,1.0
4171.0,11455.0,1.0
4171.0,11063.0,1.0
4171.0,11334.0,1.0
4174.0,14971.0,1.0
4174.0,12932.0,1.0
4175.0,4176.0,1.0
4175.0,12071.0,1.0
4175.0,16489.0,1.0
4176.0,12831.0,1.0
4176.0,18516.0,1.0
4176.0,7050.0,1.0
4180.0,4835.0,1.0
4180.0,7695.0,1.0
4182.0,8752.0,1.0
4182.0,9356.0,1.0
4182.0,17036.0,1.0
4183.0,4184.0,1.0
4183.0,6109.0,1.0
4183.0,11115.0,1.0
4184.0,8458.0,1.0
4184.0,12138.0,1.0
4185.0,4186.0,1.0
4185.0,4713.0,1.0
4185.0,6949.0,1.0
4185.0,12701.0,1.0
4186.0,5689.0,1.0
4186.0,6171.0,1.0
4189.0,4190.0,1.0
4189.0,9368.0,1.0
4189.0,10519.0,1.0
4190.0,8978.0,1.0
4190.0,21131.0,1.0
4192.0,9472.0,1.0
4192.0,8347.0,1.0
4193.0,4194.0,1.0
4193.0,9022.0,1.0
4193.0,10369.0,1.0
4193.0,16681.0,1.0
4195.0,4196.0,1.0
4195.0,5132.0,1.0
4195.0,14468.0,1.0
4197.0,4198.0,1.0
4197.0,8950.0,1.0
4197.0,12769.0,1.0
4201.0,4202.0,1.0
4201.0,9891.0,1.0
4201.0,14521.0,1.0
4202.0,4909.0,1.0
4202.0,12817.0,1.0
4203.0,4204.0,1.0
4203.0,19927.0,1.0
4203.0,19931.0,1.0
4204.0,6858.0,1.0
4204.0,9195.0,1.0
4204.0,21066.0,1.0
4206.0,5897.0,1.0
4206.0,15570.0,1.0
4207.0,10032.0,1.0
4207.0,7503.0,1.0
4209.0,4210.0,1.0
4209.0,7012.0,1.0
4209.0,6848.0,1.0
4210.0,6849.0,1.0
4210.0,16979.0,1.0
4211.0,4212.0,1.0
4212.0,8832.0,1.0
4212.0,13471.0,1.0
4213.0,11501.0,1.0
4214.0,4215.0,1.0
4214.0,6431.0,1.0
4214.0,7671.0,1.0
4215.0,5392.0,1.0
4215.0,6431.0,1.0
4216.0,12094.0,1.0
4216.0,16953.0,1.0
4216.0,12398.0,1.0
4217.0,4218.0,1.0
4218.0,7425.0,1.0
4218.0,14047.0,1.0
4222.0,4223.0,1.0
4222.0,8380.0,1.0
4222.0,7893.0,1.0
4223.0,4516.0,1.0
4223.0,17028.0,1.0
4229.0,9044.0,1.0
4229.0,7700.0,1.0
4230.0,4231.0,1.0
4230.0,12780.0,1.0
4230.0,14683.0,1.0
4231.0,9811.0,1.0
4231.0,10778.0,1.0
4233.0,13123.0,1.0
4233.0,16086.0,1.0
4235.0,8237.0,1.0
4236.0,4819.0,1.0
4236.0,7693.0,1.0
4236.0,17666.0,1.0
4238.0,8910.0,1.0
4238.0,6248.0,1.0
4238.0,9187.0,1.0
4239.0,4240.0,1.0
4239.0,6525.0,1.0
4239.0,4337.0,1.0
4239.0,8384.0,1.0
4240.0,4306.0,1.0
4240.0,7252.0,1.0
4240.0,4644.0,1.0
4246.0,4247.0,1.0
4246.0,10261.0,1.0
4246.0,13719.0,1.0
4246.0,11352.0,1.0
4247.0,7608.0,1.0
4247.0,10322.0,1.0
4247.0,20951.0,1.0
4248.0,9894.0,1.0
4248.0,12805.0,1.0
4249.0,4250.0,1.0
4249.0,8504.0,1.0
4249.0,11635.0,1.0
4249.0,7908.0,1.0
4250.0,5508.0,1.0
4250.0,4702.0,1.0
4253.0,5995.0,1.0
4253.0,9594.0,1.0
4254.0,4687.0,1.0
4254.0,8329.0,1.0
4256.0,4257.0,1.0
4256.0,14948.0,1.0
4256.0,6756.0,1.0
4256.0,14154.0,1.0
4257.0,8430.0,1.0
4257.0,5891.0,1.0
4257.0,4662.0,1.0
4261.0,4262.0,1.0
4261.0,9901.0,1.0
4261.0,9716.0,1.0
4262.0,7831.0,1.0
4262.0,13304.0,1.0
4263.0,4264.0,1.0
4263.0,5864.0,1.0
4263.0,5296.0,1.0
4264.0,4490.0,1.0
4264.0,6339.0,1.0
4272.0,4273.0,1.0
4272.0,8032.0,1.0
4272.0,14790.0,1.0
4273.0,12099.0,1.0
4273.0,17310.0,1.0
4276.0,4277.0,1.0
4277.0,8223.0,1.0
4277.0,14462.0,1.0
4282.0,5932.0,1.0
4282.0,14204.0,1.0
4283.0,4284.0,1.0
4284.0,14028.0,1.0
4286.0,6847.0,1.0
4286.0,9666.0,1.0
4286.0,12809.0,1.0
4286.0,8524.0,1.0
4287.0,4288.0,1.0
4287.0,8757.0,1.0
4287.0,8296.0,1.0
4287.0,10109.0,1.0
4288.0,12095.0,1.0
4288.0,8757.0,1.0
4288.0,17447.0,1.0
4289.0,4290.0,1.0
4289.0,13359.0,1.0
4289.0,9249.0,1.0
4290.0,13806.0,1.0
4290.0,4327.0,1.0
4291.0,10979.0,1.0
4291.0,11386.0,1.0
4291.0,11118.0,1.0
4298.0,4888.0,1.0
4301.0,4302.0,1.0
4301.0,12463.0,1.0
4301.0,15219.0,1.0
4302.0,13416.0,1.0
4302.0,16448.0,1.0
4302.0,15219.0,1.0
4302.0,10486.0,1.0
4302.0,20599.0,1.0
4303.0,5316.0,1.0
4303.0,8760.0,1.0
4304.0,4305.0,1.0
4304.0,12000.0,1.0
4304.0,8168.0,1.0
4304.0,11318.0,1.0
4305.0,9388.0,1.0
4305.0,9901.0,1.0
4306.0,4307.0,1.0
4306.0,4337.0,1.0
4307.0,4529.0,1.0
4307.0,7252.0,1.0
4311.0,4312.0,1.0
4311.0,11865.0,1.0
4311.0,10672.0,1.0
4312.0,10673.0,1.0
4312.0,16319.0,1.0
4314.0,6327.0,1.0
4319.0,4320.0,1.0
4319.0,8856.0,1.0
4319.0,6752.0,1.0
4319.0,5464.0,1.0
4320.0,10341.0,1.0
4320.0,8388.0,1.0
4321.0,4322.0,1.0
4321.0,20566.0,1.0
4322.0,10606.0,1.0
4322.0,5296.0,1.0
4323.0,4324.0,1.0
4323.0,5634.0,1.0
4323.0,6051.0,1.0
4324.0,12336.0,1.0
4324.0,10016.0,1.0
4325.0,4326.0,1.0
4325.0,5500.0,1.0
4325.0,5704.0,1.0
4325.0,7946.0,1.0
4326.0,7947.0,1.0
4326.0,12986.0,1.0
4327.0,4328.0,1.0
4327.0,16764.0,1.0
4328.0,5578.0,1.0
4328.0,5659.0,1.0
4328.0,10853.0,1.0
4329.0,4330.0,1.0
4329.0,19512.0,1.0
4330.0,8261.0,1.0
4330.0,11449.0,1.0
4331.0,6603.0,1.0
4331.0,6087.0,1.0
4332.0,4333.0,1.0
4332.0,17271.0,1.0
4332.0,8249.0,1.0
4333.0,12156.0,1.0
4333.0,20708.0,1.0
4336.0,4337.0,1.0
4336.0,6525.0,1.0
4336.0,7494.0,1.0
4336.0,11145.0,1.0
4338.0,4743.0,1.0
4338.0,17002.0,1.0
4338.0,13866.0,1.0
4339.0,16416.0,1.0
4339.0,17960.0,1.0
4342.0,4343.0,1.0
4342.0,7233.0,1.0
4342.0,13764.0,1.0
4343.0,5012.0,1.0
4343.0,16551.0,1.0
4343.0,7438.0,1.0
4344.0,11982.0,1.0
4344.0,6028.0,1.0
4344.0,10260.0,1.0
4345.0,4346.0,1.0
4345.0,7932.0,1.0
4345.0,8232.0,1.0
4346.0,7052.0,1.0
4355.0,9096.0,1.0
4355.0,6553.0,1.0
4355.0,11208.0,1.0
4364.0,15911.0,1.0
4367.0,4368.0,1.0
4367.0,5756.0,1.0
4367.0,11184.0,1.0
4367.0,10836.0,1.0
4368.0,10837.0,1.0
4368.0,9469.0,1.0
4369.0,11485.0,1.0
4369.0,13580.0,1.0
4369.0,9130.0,1.0
4373.0,4374.0,1.0
4373.0,5978.0,1.0
4373.0,14217.0,1.0
4374.0,7342.0,1.0
4374.0,12965.0,1.0
4375.0,4376.0,1.0
4375.0,5477.0,1.0
4375.0,13951.0,1.0
4376.0,10681.0,1.0
4376.0,12209.0,1.0
4382.0,12540.0,1.0
4384.0,5596.0,1.0
4384.0,13898.0,1.0
4384.0,7769.0,1.0
4385.0,6155.0,1.0
4385.0,13866.0,1.0
4386.0,8592.0,1.0
4387.0,4388.0,1.0
4387.0,7255.0,1.0
4387.0,7807.0,1.0
4387.0,6280.0,1.0
4388.0,5659.0,1.0
4388.0,12563.0,1.0
4388.0,10853.0,1.0
4389.0,4390.0,1.0
4390.0,5393.0,1.0
4390.0,12590.0,1.0
4390.0,10820.0,1.0
4391.0,8205.0,1.0
4391.0,10897.0,1.0
4392.0,4393.0,1.0
4392.0,7701.0,1.0
4392.0,5476.0,1.0
4393.0,11103.0,1.0
4393.0,12286.0,1.0
4393.0,8499.0,1.0
4403.0,4404.0,1.0
4403.0,9286.0,1.0
4403.0,13667.0,1.0
4411.0,6262.0,1.0
4411.0,7851.0,1.0
4411.0,9610.0,1.0
4416.0,4417.0,1.0
4416.0,9247.0,1.0
4416.0,9265.0,1.0
4417.0,11694.0,1.0
4417.0,21027.0,1.0
4418.0,4419.0,1.0
4418.0,9845.0,1.0
4418.0,12998.0,1.0
4419.0,6734.0,1.0
4419.0,6536.0,1.0
4420.0,4421.0,1.0
4420.0,17452.0,1.0
4422.0,4423.0,1.0
4422.0,5210.0,1.0
4422.0,4803.0,1.0
4422.0,8426.0,1.0
4424.0,4425.0,1.0
4424.0,8592.0,1.0
4426.0,4731.0,1.0
4431.0,4432.0,1.0
4432.0,15958.0,1.0
4432.0,16114.0,1.0
4433.0,4434.0,1.0
4433.0,6628.0,1.0
4433.0,12079.0,1.0
4434.0,4849.0,1.0
4434.0,4632.0,1.0
4438.0,4439.0,1.0
4438.0,16095.0,1.0
4439.0,7749.0,1.0
4439.0,6857.0,1.0
4453.0,4454.0,1.0
4453.0,4710.0,1.0
4453.0,11816.0,1.0
4453.0,7823.0,1.0
4454.0,11817.0,1.0
4455.0,4456.0,1.0
4456.0,12862.0,1.0
4456.0,12984.0,1.0
4457.0,4458.0,1.0
4457.0,12807.0,1.0
4457.0,13056.0,1.0
4457.0,7434.0,1.0
4458.0,5883.0,1.0
4458.0,12173.0,1.0
4459.0,4460.0,1.0
4459.0,5113.0,1.0
4459.0,6278.0,1.0
4460.0,9162.0,1.0
4461.0,4462.0,1.0
4461.0,6679.0,1.0
4461.0,9522.0,1.0
4461.0,7359.0,1.0
4461.0,5505.0,1.0
4462.0,5505.0,1.0
4462.0,8407.0,1.0
4463.0,4464.0,1.0
4463.0,5625.0,1.0
4464.0,7356.0,1.0
4464.0,6885.0,1.0
4464.0,12894.0,1.0
4467.0,4468.0,1.0
4467.0,13447.0,1.0
4467.0,6199.0,1.0
4468.0,7567.0,1.0
4468.0,10874.0,1.0
4469.0,4470.0,1.0
4469.0,6231.0,1.0
4469.0,12166.0,1.0
4470.0,7646.0,1.0
4470.0,6681.0,1.0
4471.0,4472.0,1.0
4471.0,10442.0,1.0
4471.0,7847.0,1.0
4471.0,9665.0,1.0
4472.0,9736.0,1.0
4472.0,11505.0,1.0
4476.0,4477.0,1.0
4476.0,11155.0,1.0
4476.0,8395.0,1.0
4477.0,7333.0,1.0
4477.0,12346.0,1.0
4477.0,7181.0,1.0
4489.0,8910.0,1.0
4489.0,10262.0,1.0
4489.0,14282.0,1.0
4490.0,6777.0,1.0
4490.0,10718.0,1.0
4491.0,7021.0,1.0
4491.0,12489.0,1.0
4493.0,4802.0,1.0
4493.0,11636.0,1.0
4494.0,10466.0,1.0
4494.0,5527.0,1.0
4494.0,8036.0,1.0
4496.0,4497.0,1.0
4496.0,9429.0,1.0
4496.0,8544.0,1.0
4497.0,8545.0,1.0
4497.0,9430.0,1.0
4497.0,12539.0,1.0
4501.0,9573.0,1.0
4501.0,8272.0,1.0
4506.0,4507.0,1.0
4506.0,5139.0,1.0
4506.0,13963.0,1.0
4507.0,5107.0,1.0
4511.0,7980.0,1.0
4511.0,16472.0,1.0
4511.0,9034.0,1.0
4512.0,4513.0,1.0
4512.0,13542.0,1.0
4512.0,7280.0,1.0
4512.0,17766.0,1.0
4513.0,12622.0,1.0
4513.0,12461.0,1.0
4513.0,13942.0,1.0
4514.0,4515.0,1.0
4514.0,4797.0,1.0
4514.0,20050.0,1.0
4515.0,6404.0,1.0
4515.0,6785.0,1.0
4515.0,20051.0,1.0
4516.0,17045.0,1.0
4516.0,14512.0,1.0
4520.0,4521.0,1.0
4521.0,16081.0,1.0
4521.0,11780.0,1.0
4522.0,11546.0,1.0
4522.0,6072.0,1.0
4523.0,4524.0,1.0
4524.0,14608.0,1.0
4525.0,4526.0,1.0
4525.0,15601.0,1.0
4525.0,16816.0,1.0
4526.0,7421.0,1.0
4526.0,17846.0,1.0
4532.0,4533.0,1.0
4533.0,7141.0,1.0
4533.0,11556.0,1.0
4534.0,4535.0,1.0
4534.0,16380.0,1.0
4535.0,4776.0,1.0
4535.0,16392.0,1.0
4541.0,14184.0,1.0
4541.0,17719.0,1.0
4543.0,4544.0,1.0
4543.0,11091.0,1.0
4543.0,17469.0,1.0
4544.0,12751.0,1.0
4544.0,14662.0,1.0
4549.0,7743.0,1.0
4549.0,10258.0,1.0
4554.0,4555.0,1.0
4554.0,12752.0,1.0
4554.0,9327.0,1.0
4554.0,12010.0,1.0
4555.0,13046.0,1.0
4555.0,12752.0,1.0
4556.0,7699.0,1.0
4556.0,14698.0,1.0
4557.0,4558.0,1.0
4557.0,4749.0,1.0
4557.0,5806.0,1.0
4557.0,12506.0,1.0
4558.0,9546.0,1.0
4560.0,6960.0,1.0
4560.0,11879.0,1.0
4560.0,20248.0,1.0
4560.0,14501.0,1.0
4562.0,4563.0,1.0
4562.0,6489.0,1.0
4562.0,9670.0,1.0
4565.0,7268.0,1.0
4565.0,16496.0,1.0
4565.0,16375.0,1.0
4567.0,4568.0,1.0
4567.0,17701.0,1.0
4567.0,8155.0,1.0
4569.0,10638.0,1.0
4569.0,16416.0,1.0
4574.0,4575.0,1.0
4574.0,7933.0,1.0
4574.0,7834.0,1.0
4574.0,8415.0,1.0
4575.0,7509.0,1.0
4575.0,6160.0,1.0
4582.0,4791.0,1.0
4582.0,11412.0,1.0
4583.0,4584.0,1.0
4583.0,6228.0,1.0
4583.0,7902.0,1.0
4583.0,5630.0,1.0
4584.0,8133.0,1.0
4590.0,12214.0,1.0
4590.0,21015.0,1.0
4591.0,4592.0,1.0
4591.0,11379.0,1.0
4592.0,14558.0,1.0
4592.0,20072.0,1.0
4593.0,9881.0,1.0
4593.0,7992.0,1.0
4594.0,4595.0,1.0
4594.0,4648.0,1.0
4594.0,6200.0,1.0
4595.0,17867.0,1.0
4596.0,5220.0,1.0
4596.0,13777.0,1.0
4598.0,4599.0,1.0
4598.0,11680.0,1.0
4598.0,8956.0,1.0
4599.0,11503.0,1.0
4599.0,13873.0,1.0
4599.0,8957.0,1.0
4605.0,4606.0,1.0
4605.0,11997.0,1.0
4605.0,7146.0,1.0
4605.0,9403.0,1.0
4606.0,4792.0,1.0
4607.0,4608.0,1.0
4607.0,11436.0,1.0
4607.0,9071.0,1.0
4608.0,6843.0,1.0
4608.0,7349.0,1.0
4611.0,11214.0,1.0
4613.0,4838.0,1.0
4613.0,7600.0,1.0
4613.0,18256.0,1.0
4620.0,4621.0,1.0
4620.0,12232.0,1.0
4625.0,4626.0,1.0
4625.0,10345.0,1.0
4625.0,12747.0,1.0
4626.0,14113.0,1.0
4627.0,4628.0,1.0
4627.0,14278.0,1.0
4628.0,8951.0,1.0
4631.0,4632.0,1.0
4631.0,8584.0,1.0
4631.0,6628.0,1.0
4632.0,11289.0,1.0
4632.0,11562.0,1.0
4640.0,4641.0,1.0
4640.0,8064.0,1.0
4640.0,14449.0,1.0
4640.0,5894.0,1.0
4641.0,16058.0,1.0
4641.0,20997.0,1.0
4642.0,4643.0,1.0
4642.0,10572.0,1.0
4642.0,7763.0,1.0
4643.0,16845.0,1.0
4644.0,4645.0,1.0
4644.0,8384.0,1.0
4644.0,6989.0,1.0
4645.0,4817.0,1.0
4645.0,6522.0,1.0
4645.0,5537.0,1.0
4646.0,4647.0,1.0
4646.0,10189.0,1.0
4646.0,14652.0,1.0
4647.0,8405.0,1.0
4653.0,4654.0,1.0
4653.0,12670.0,1.0
4656.0,7387.0,1.0
4656.0,9652.0,1.0
4657.0,11997.0,1.0
4660.0,4661.0,1.0
4660.0,8830.0,1.0
4660.0,8203.0,1.0
4660.0,19225.0,1.0
4661.0,6716.0,1.0
4661.0,8204.0,1.0
4661.0,20572.0,1.0
4662.0,4663.0,1.0
4662.0,14154.0,1.0
4662.0,15499.0,1.0
4676.0,16607.0,1.0
4676.0,9203.0,1.0
4677.0,5442.0,1.0
4679.0,4680.0,1.0
4679.0,8858.0,1.0
4679.0,13265.0,1.0
4679.0,11008.0,1.0
4680.0,13028.0,1.0
4680.0,9558.0,1.0
4681.0,4682.0,1.0
4681.0,11414.0,1.0
4681.0,11139.0,1.0
4682.0,14541.0,1.0
4682.0,11977.0,1.0
4682.0,6452.0,1.0
4686.0,4687.0,1.0
4686.0,10361.0,1.0
4687.0,10550.0,1.0
4693.0,4694.0,1.0
4693.0,12937.0,1.0
4693.0,6509.0,1.0
4694.0,12928.0,1.0
4696.0,4697.0,1.0
4696.0,12168.0,1.0
4696.0,6994.0,1.0
4702.0,4703.0,1.0
4702.0,8798.0,1.0
4702.0,14166.0,1.0
4703.0,5050.0,1.0
4703.0,13607.0,1.0
4704.0,4705.0,1.0
4704.0,11797.0,1.0
4704.0,8938.0,1.0
4705.0,11774.0,1.0
4706.0,4707.0,1.0
4706.0,8880.0,1.0
4706.0,11137.0,1.0
4707.0,5731.0,1.0
4707.0,8336.0,1.0
4707.0,5927.0,1.0
4708.0,13402.0,1.0
4709.0,4710.0,1.0
4709.0,6206.0,1.0
4710.0,13484.0,1.0
4710.0,11918.0,1.0
4713.0,8333.0,1.0
4713.0,7865.0,1.0
4713.0,6171.0,1.0
4714.0,4715.0,1.0
4714.0,9068.0,1.0
4714.0,10769.0,1.0
4715.0,8528.0,1.0
4715.0,8047.0,1.0
4715.0,9068.0,1.0
4717.0,10701.0,1.0
4717.0,6263.0,1.0
4718.0,8321.0,1.0
4718.0,20603.0,1.0
4718.0,9139.0,1.0
4719.0,4720.0,1.0
4719.0,12047.0,1.0
4719.0,7648.0,1.0
4720.0,7265.0,1.0
4720.0,7649.0,1.0
4722.0,4723.0,1.0
4722.0,8836.0,1.0
4723.0,9904.0,1.0
4731.0,13319.0,1.0
4731.0,11250.0,1.0
4735.0,11927.0,1.0
4743.0,7289.0,1.0
4743.0,9792.0,1.0
4743.0,10263.0,1.0
4749.0,4750.0,1.0
4749.0,9525.0,1.0
4749.0,7071.0,1.0
4750.0,11527.0,1.0
4750.0,12506.0,1.0
4750.0,12289.0,1.0
4758.0,4759.0,1.0
4759.0,14649.0,1.0
4759.0,7036.0,1.0
4760.0,4761.0,1.0
4761.0,7132.0,1.0
4761.0,17358.0,1.0
4761.0,17283.0,1.0
4762.0,4763.0,1.0
4762.0,10214.0,1.0
4762.0,15953.0,1.0
4765.0,4766.0,1.0
4765.0,8041.0,1.0
4766.0,14780.0,1.0
4766.0,16354.0,1.0
4769.0,4770.0,1.0
4769.0,9410.0,1.0
4769.0,9409.0,1.0
4769.0,8153.0,1.0
4770.0,7195.0,1.0
4770.0,5634.0,1.0
4770.0,8154.0,1.0
4773.0,4774.0,1.0
4773.0,12512.0,1.0
4773.0,16824.0,1.0
4774.0,10180.0,1.0
4774.0,6121.0,1.0
4775.0,12932.0,1.0
4775.0,10204.0,1.0
4776.0,5153.0,1.0
4776.0,7669.0,1.0
4776.0,12988.0,1.0
4779.0,9593.0,1.0
4779.0,11359.0,1.0
4783.0,7287.0,1.0
4784.0,4785.0,1.0
4784.0,5684.0,1.0
4784.0,7799.0,1.0
4784.0,11199.0,1.0
4785.0,6071.0,1.0
4785.0,7800.0,1.0
4790.0,10543.0,1.0
4791.0,9233.0,1.0
4792.0,4793.0,1.0
4792.0,7744.0,1.0
4793.0,9403.0,1.0
4793.0,7141.0,1.0
4794.0,13296.0,1.0
4796.0,4797.0,1.0
4796.0,13707.0,1.0
4797.0,17854.0,1.0
4797.0,19133.0,1.0
4799.0,12416.0,1.0
4800.0,4801.0,1.0
4800.0,7275.0,1.0
4800.0,16788.0,1.0
4800.0,19314.0,1.0
4801.0,7276.0,1.0
4801.0,16841.0,1.0
4801.0,19002.0,1.0
4802.0,4803.0,1.0
4802.0,8426.0,1.0
4802.0,5381.0,1.0
4803.0,5382.0,1.0
4803.0,9070.0,1.0
4804.0,4805.0,1.0
4804.0,6900.0,1.0
4804.0,11599.0,1.0
4805.0,13397.0,1.0
4805.0,9879.0,1.0
4806.0,4807.0,1.0
4806.0,10122.0,1.0
4806.0,8320.0,1.0
4806.0,13592.0,1.0
4807.0,7208.0,1.0
4807.0,6933.0,1.0
4807.0,13128.0,1.0
4808.0,4809.0,1.0
4808.0,13635.0,1.0
4808.0,13027.0,1.0
4810.0,4811.0,1.0
4810.0,10406.0,1.0
4811.0,12956.0,1.0
4811.0,8082.0,1.0
4812.0,4813.0,1.0
4812.0,5017.0,1.0
4812.0,12913.0,1.0
4812.0,16722.0,1.0
4813.0,10724.0,1.0
4813.0,9433.0,1.0
4813.0,14906.0,1.0
4814.0,4815.0,1.0
4814.0,17693.0,1.0
4814.0,5915.0,1.0
4815.0,5613.0,1.0
4815.0,9077.0,1.0
4816.0,11784.0,1.0
4816.0,12284.0,1.0
4816.0,5991.0,1.0
4817.0,4818.0,1.0
4817.0,6989.0,1.0
4817.0,9611.0,1.0
4818.0,9612.0,1.0
4818.0,7938.0,1.0
4818.0,5537.0,1.0
4819.0,11903.0,1.0
4819.0,12447.0,1.0
4819.0,20568.0,1.0
4820.0,9407.0,1.0
4820.0,11284.0,1.0
4820.0,14257.0,1.0
4822.0,4823.0,1.0
4822.0,7420.0,1.0
4822.0,11746.0,1.0
4823.0,11746.0,1.0
4823.0,15601.0,1.0
4823.0,19245.0,1.0
4824.0,4825.0,1.0
4824.0,11326.0,1.0
4824.0,11017.0,1.0
4825.0,5437.0,1.0
4825.0,7979.0,1.0
4825.0,9842.0,1.0
4826.0,14382.0,1.0
4826.0,10125.0,1.0
4827.0,4828.0,1.0
4827.0,10575.0,1.0
4827.0,11603.0,1.0
4827.0,7340.0,1.0
4828.0,11109.0,1.0
4828.0,20329.0,1.0
4829.0,6511.0,1.0
4829.0,10905.0,1.0
4829.0,11061.0,1.0
4836.0,10295.0,1.0
4837.0,4838.0,1.0
4837.0,6933.0,1.0
4837.0,11179.0,1.0
4837.0,12918.0,1.0
4838.0,7599.0,1.0
4838.0,7835.0,1.0
4839.0,8751.0,1.0
4839.0,8582.0,1.0
4839.0,10049.0,1.0
4840.0,4841.0,1.0
4840.0,8696.0,1.0
4840.0,9142.0,1.0
4841.0,6848.0,1.0
4841.0,8217.0,1.0
4842.0,4843.0,1.0
4842.0,5567.0,1.0
4843.0,5567.0,1.0
4843.0,8105.0,1.0
4844.0,4941.0,1.0
4844.0,7756.0,1.0
4845.0,13572.0,1.0
4845.0,14836.0,1.0
4847.0,5006.0,1.0
4847.0,4932.0,1.0
4847.0,8435.0,1.0
4849.0,4850.0,1.0
4850.0,6266.0,1.0
4850.0,7031.0,1.0
4853.0,4854.0,1.0
4853.0,5919.0,1.0
4853.0,16128.0,1.0
4854.0,11685.0,1.0
4854.0,14558.0,1.0
4857.0,4858.0,1.0
4857.0,12174.0,1.0
4857.0,10655.0,1.0
4858.0,7085.0,1.0
4858.0,13079.0,1.0
4858.0,10628.0,1.0
4859.0,9640.0,1.0
4859.0,10666.0,1.0
4860.0,6377.0,1.0
4860.0,6143.0,1.0
4860.0,9454.0,1.0
4864.0,8693.0,1.0
4864.0,7554.0,1.0
4865.0,4866.0,1.0
4865.0,6273.0,1.0
4865.0,11205.0,1.0
4865.0,16188.0,1.0
4866.0,11205.0,1.0
4866.0,5595.0,1.0
4871.0,4872.0,1.0
4871.0,9349.0,1.0
4871.0,20858.0,1.0
4872.0,7229.0,1.0
4872.0,18067.0,1.0
4873.0,13171.0,1.0
4874.0,5770.0,1.0
4874.0,13776.0,1.0
4874.0,10423.0,1.0
4875.0,5657.0,1.0
4875.0,7172.0,1.0
4881.0,4882.0,1.0
4881.0,7978.0,1.0
4881.0,12349.0,1.0
4881.0,16099.0,1.0
4882.0,5236.0,1.0
4882.0,9347.0,1.0
4884.0,10301.0,1.0
4885.0,7355.0,1.0
4885.0,7846.0,1.0
4885.0,6189.0,1.0
4886.0,4887.0,1.0
4886.0,13863.0,1.0
4886.0,8067.0,1.0
4886.0,9584.0,1.0
4887.0,16540.0,1.0
4887.0,12653.0,1.0
4888.0,12357.0,1.0
4893.0,7048.0,1.0
4898.0,4899.0,1.0
4898.0,10511.0,1.0
4898.0,9709.0,1.0
4898.0,14832.0,1.0
4899.0,13193.0,1.0
4900.0,11711.0,1.0
4900.0,13389.0,1.0
4901.0,13899.0,1.0
4901.0,16897.0,1.0
4902.0,12025.0,1.0
4905.0,4906.0,1.0
4905.0,6961.0,1.0
4905.0,15213.0,1.0
4906.0,5202.0,1.0
4906.0,12410.0,1.0
4907.0,13045.0,1.0
4907.0,7057.0,1.0
4908.0,6652.0,1.0
4908.0,7247.0,1.0
4908.0,9172.0,1.0
4910.0,4911.0,1.0
4910.0,11232.0,1.0
4910.0,11354.0,1.0
4910.0,7445.0,1.0
4911.0,11355.0,1.0
4911.0,16151.0,1.0
4912.0,5133.0,1.0
4912.0,10633.0,1.0
4922.0,4923.0,1.0
4922.0,11663.0,1.0
4922.0,5578.0,1.0
4922.0,14872.0,1.0
4923.0,11979.0,1.0
4923.0,5017.0,1.0
4923.0,12737.0,1.0
4924.0,16779.0,1.0
4924.0,7178.0,1.0
4927.0,4928.0,1.0
4927.0,9954.0,1.0
4927.0,14232.0,1.0
4928.0,12357.0,1.0
4928.0,13279.0,1.0
4929.0,4930.0,1.0
4929.0,5339.0,1.0
4929.0,10013.0,1.0
4930.0,12223.0,1.0
4930.0,6447.0,1.0
4931.0,4932.0,1.0
4931.0,5006.0,1.0
4931.0,6485.0,1.0
4932.0,10372.0,1.0
4932.0,12931.0,1.0
4935.0,6160.0,1.0
4935.0,8933.0,1.0
4936.0,4937.0,1.0
4936.0,11422.0,1.0
4936.0,11421.0,1.0
4937.0,10763.0,1.0
4937.0,11884.0,1.0
4941.0,6399.0,1.0
4941.0,7756.0,1.0
4951.0,4952.0,1.0
4951.0,14665.0,1.0
4953.0,17678.0,1.0
4953.0,19937.0,1.0
4954.0,4955.0,1.0
4954.0,9942.0,1.0
4954.0,16519.0,1.0
4954.0,16815.0,1.0
4955.0,9750.0,1.0
4955.0,12617.0,1.0
4955.0,8577.0,1.0
4961.0,10997.0,1.0
4961.0,11319.0,1.0
4962.0,7120.0,1.0
4966.0,4967.0,1.0
4966.0,5741.0,1.0
4966.0,5359.0,1.0
4970.0,4971.0,1.0
4970.0,6162.0,1.0
4970.0,5356.0,1.0
4971.0,14863.0,1.0
4974.0,4975.0,1.0
4974.0,7325.0,1.0
4975.0,8387.0,1.0
4975.0,9645.0,1.0
4975.0,10520.0,1.0
4978.0,4979.0,1.0
4978.0,10759.0,1.0
4978.0,17587.0,1.0
4984.0,12769.0,1.0
4984.0,11013.0,1.0
4984.0,11326.0,1.0
4985.0,4986.0,1.0
4985.0,11930.0,1.0
4985.0,13337.0,1.0
4986.0,13836.0,1.0
4986.0,21026.0,1.0
4987.0,8870.0,1.0
4987.0,9153.0,1.0
4987.0,8440.0,1.0
4991.0,4992.0,1.0
4991.0,7110.0,1.0
4991.0,10019.0,1.0
4991.0,12171.0,1.0
4992.0,6931.0,1.0
4992.0,8168.0,1.0
4992.0,8459.0,1.0
4996.0,5281.0,1.0
4996.0,9129.0,1.0
4997.0,9639.0,1.0
4997.0,7760.0,1.0
5002.0,10172.0,1.0
5002.0,7151.0,1.0
5002.0,11869.0,1.0
5004.0,5358.0,1.0
5004.0,6694.0,1.0
5004.0,11142.0,1.0
5006.0,11593.0,1.0
5006.0,13919.0,1.0
5007.0,5008.0,1.0
5007.0,7635.0,1.0
5007.0,10597.0,1.0
5007.0,8216.0,1.0
5008.0,8149.0,1.0
5008.0,6554.0,1.0
5008.0,8255.0,1.0
5009.0,5010.0,1.0
5009.0,5683.0,1.0
5009.0,12893.0,1.0
5010.0,12511.0,1.0
5010.0,14285.0,1.0
5011.0,12126.0,1.0
5011.0,12920.0,1.0
5013.0,5014.0,1.0
5013.0,12720.0,1.0
5013.0,16366.0,1.0
5014.0,9334.0,1.0
5014.0,5753.0,1.0
5015.0,5332.0,1.0
5016.0,8347.0,1.0
5016.0,14230.0,1.0
5017.0,5018.0,1.0
5017.0,5302.0,1.0
5018.0,9052.0,1.0
5018.0,12737.0,1.0
5018.0,12913.0,1.0
5021.0,5022.0,1.0
5021.0,6072.0,1.0
5021.0,14606.0,1.0
5022.0,17256.0,1.0
5022.0,6073.0,1.0
5028.0,5600.0,1.0
5028.0,11258.0,1.0
5028.0,9501.0,1.0
5040.0,13777.0,1.0
5043.0,5044.0,1.0
5044.0,10550.0,1.0
5044.0,11957.0,1.0
5050.0,7280.0,1.0
5050.0,13542.0,1.0
5053.0,5054.0,1.0
5053.0,8381.0,1.0
5053.0,8720.0,1.0
5054.0,9886.0,1.0
5054.0,8721.0,1.0
5054.0,6810.0,1.0
5055.0,5056.0,1.0
5055.0,11009.0,1.0
5056.0,9815.0,1.0
5056.0,5109.0,1.0
5056.0,12905.0,1.0
5057.0,5387.0,1.0
5058.0,5059.0,1.0
5059.0,5071.0,1.0
5059.0,9947.0,1.0
5060.0,5061.0,1.0
5060.0,14407.0,1.0
5060.0,15639.0,1.0
5061.0,5519.0,1.0
5061.0,19925.0,1.0
5063.0,5064.0,1.0
5063.0,5132.0,1.0
5063.0,10012.0,1.0
5064.0,15347.0,1.0
5064.0,14220.0,1.0
5065.0,16094.0,1.0
5065.0,16083.0,1.0
5066.0,11460.0,1.0
5066.0,16111.0,1.0
5066.0,16136.0,1.0
5066.0,9947.0,1.0
5070.0,8785.0,1.0
5070.0,15607.0,1.0
5070.0,15063.0,1.0
5071.0,16078.0,1.0
5071.0,9948.0,1.0
5072.0,5073.0,1.0
5072.0,8184.0,1.0
5072.0,6546.0,1.0
5072.0,19590.0,1.0
5073.0,11534.0,1.0
5073.0,14249.0,1.0
5075.0,5076.0,1.0
5075.0,7640.0,1.0
5075.0,5917.0,1.0
5076.0,9771.0,1.0
5076.0,8591.0,1.0
5076.0,5917.0,1.0
5080.0,5081.0,1.0
5080.0,5267.0,1.0
5080.0,8753.0,1.0
5081.0,5806.0,1.0
5082.0,5083.0,1.0
5082.0,10110.0,1.0
5083.0,11501.0,1.0
5084.0,5085.0,1.0
5084.0,6213.0,1.0
5084.0,6635.0,1.0
5085.0,12277.0,1.0
5085.0,9660.0,1.0
5089.0,5090.0,1.0
5089.0,13240.0,1.0
5090.0,5919.0,1.0
5090.0,8300.0,1.0
5092.0,5093.0,1.0
5092.0,7121.0,1.0
5092.0,16374.0,1.0
5092.0,20380.0,1.0
5093.0,6392.0,1.0
5093.0,13795.0,1.0
5097.0,5098.0,1.0
5097.0,12964.0,1.0
5097.0,16730.0,1.0
5098.0,5129.0,1.0
5098.0,5420.0,1.0
5101.0,5102.0,1.0
5101.0,7591.0,1.0
5101.0,10097.0,1.0
5101.0,19568.0,1.0
5107.0,9056.0,1.0
5108.0,5109.0,1.0
5109.0,10655.0,1.0
5110.0,5111.0,1.0
5110.0,10140.0,1.0
5110.0,7685.0,1.0
5110.0,16515.0,1.0
5111.0,8855.0,1.0
5111.0,6380.0,1.0
5111.0,11452.0,1.0
5113.0,11169.0,1.0
5113.0,14513.0,1.0
5114.0,14007.0,1.0
5118.0,12483.0,1.0
5118.0,6327.0,1.0
5124.0,6737.0,1.0
5124.0,14095.0,1.0
5124.0,8834.0,1.0
5125.0,9141.0,1.0
5125.0,19512.0,1.0
5128.0,9294.0,1.0
5128.0,6263.0,1.0
5129.0,5517.0,1.0
5129.0,12176.0,1.0
5129.0,5497.0,1.0
5133.0,5134.0,1.0
5133.0,6462.0,1.0
5133.0,9001.0,1.0
5134.0,14451.0,1.0
5134.0,15946.0,1.0
5136.0,5137.0,1.0
5136.0,10792.0,1.0
5136.0,6086.0,1.0
5136.0,7407.0,1.0
5137.0,8236.0,1.0
5137.0,7695.0,1.0
5138.0,5139.0,1.0
5138.0,5223.0,1.0
5138.0,6529.0,1.0
5139.0,6499.0,1.0
5139.0,9056.0,1.0
5140.0,5141.0,1.0
5140.0,10226.0,1.0
5141.0,16189.0,1.0
5141.0,16188.0,1.0
5141.0,16956.0,1.0
5141.0,16038.0,1.0
5142.0,5143.0,1.0
5142.0,9077.0,1.0
5142.0,5613.0,1.0
5143.0,7638.0,1.0
5143.0,5614.0,1.0
5143.0,13482.0,1.0
5144.0,5145.0,1.0
5144.0,8957.0,1.0
5144.0,11503.0,1.0
5145.0,5702.0,1.0
5145.0,12054.0,1.0
5145.0,6219.0,1.0
5146.0,7089.0,1.0
5151.0,5152.0,1.0
5152.0,12657.0,1.0
5153.0,6222.0,1.0
5153.0,12857.0,1.0
5154.0,6548.0,1.0
5154.0,12671.0,1.0
5155.0,7559.0,1.0
5156.0,5157.0,1.0
5156.0,13176.0,1.0
5156.0,10674.0,1.0
5157.0,12142.0,1.0
5157.0,13005.0,1.0
5165.0,5166.0,1.0
5165.0,17738.0,1.0
5165.0,14297.0,1.0
5165.0,17586.0,1.0
5166.0,8286.0,1.0
5166.0,14124.0,1.0
5169.0,5170.0,1.0
5169.0,7478.0,1.0
5169.0,14284.0,1.0
5170.0,5694.0,1.0
5170.0,8264.0,1.0
5170.0,9682.0,1.0
5171.0,5172.0,1.0
5171.0,10606.0,1.0
5171.0,20566.0,1.0
5172.0,10050.0,1.0
5172.0,12750.0,1.0
5173.0,5174.0,1.0
5173.0,7401.0,1.0
5173.0,11225.0,1.0
5174.0,5929.0,1.0
5174.0,10610.0,1.0
5176.0,5981.0,1.0
5176.0,9386.0,1.0
5183.0,10980.0,1.0
5185.0,5186.0,1.0
5185.0,6261.0,1.0
5185.0,20401.0,1.0
5185.0,18173.0,1.0
5186.0,6262.0,1.0
5186.0,10412.0,1.0
5189.0,5190.0,1.0
5189.0,6467.0,1.0
5189.0,12792.0,1.0
5189.0,10450.0,1.0
5190.0,8245.0,1.0
5190.0,8729.0,1.0
5190.0,14051.0,1.0
5191.0,5192.0,1.0
5191.0,12968.0,1.0
5191.0,19067.0,1.0
5192.0,13910.0,1.0
5192.0,9321.0,1.0
5193.0,5194.0,1.0
5194.0,16892.0,1.0
5194.0,6958.0,1.0
5200.0,5201.0,1.0
5200.0,15240.0,1.0
5200.0,12249.0,1.0
5202.0,6962.0,1.0
5202.0,15034.0,1.0
5206.0,5207.0,1.0
5207.0,7403.0,1.0
5208.0,10155.0,1.0
5208.0,16824.0,1.0
5209.0,5210.0,1.0
5209.0,8426.0,1.0
5209.0,9699.0,1.0
5209.0,6591.0,1.0
5210.0,6592.0,1.0
5210.0,10826.0,1.0
5211.0,5212.0,1.0
5211.0,8267.0,1.0
5211.0,8883.0,1.0
5211.0,8833.0,1.0
5212.0,12032.0,1.0
5212.0,9545.0,1.0
5213.0,5214.0,1.0
5213.0,5788.0,1.0
5213.0,7481.0,1.0
5214.0,12376.0,1.0
5215.0,5216.0,1.0
5215.0,10741.0,1.0
5215.0,20950.0,1.0
5216.0,11059.0,1.0
5216.0,18263.0,1.0
5216.0,20950.0,1.0
5219.0,9775.0,1.0
5219.0,12924.0,1.0
5219.0,21056.0,1.0
5220.0,9683.0,1.0
5220.0,10683.0,1.0
5223.0,16689.0,1.0
5224.0,5225.0,1.0
5224.0,7875.0,1.0
5224.0,7667.0,1.0
5225.0,5402.0,1.0
5225.0,17721.0,1.0
5229.0,5230.0,1.0
5229.0,10522.0,1.0
5229.0,19216.0,1.0
5230.0,9015.0,1.0
5230.0,16181.0,1.0
5230.0,9642.0,1.0
5234.0,5235.0,1.0
5234.0,6504.0,1.0
5234.0,13883.0,1.0
5235.0,7827.0,1.0
5235.0,13058.0,1.0
5236.0,12645.0,1.0
5236.0,16099.0,1.0
5239.0,14400.0,1.0
5239.0,14814.0,1.0
5240.0,5241.0,1.0
5240.0,8156.0,1.0
5240.0,8637.0,1.0
5240.0,5706.0,1.0
5241.0,5665.0,1.0
5241.0,13518.0,1.0
5243.0,5244.0,1.0
5243.0,9679.0,1.0
5243.0,8674.0,1.0
5245.0,20593.0,1.0
5245.0,20607.0,1.0
5256.0,5257.0,1.0
5256.0,5934.0,1.0
5256.0,7571.0,1.0
5256.0,7987.0,1.0
5257.0,7988.0,1.0
5257.0,8739.0,1.0
5257.0,9048.0,1.0
5263.0,5264.0,1.0
5263.0,8389.0,1.0
5264.0,7703.0,1.0
5264.0,10062.0,1.0
5265.0,8134.0,1.0
5265.0,11494.0,1.0
5266.0,5267.0,1.0
5266.0,8719.0,1.0
5266.0,13684.0,1.0
5266.0,6239.0,1.0
5267.0,13687.0,1.0
5268.0,7294.0,1.0
5268.0,6059.0,1.0
5268.0,7220.0,1.0
5269.0,9779.0,1.0
5274.0,5916.0,1.0
5274.0,8545.0,1.0
5274.0,14682.0,1.0
5275.0,10911.0,1.0
5275.0,17036.0,1.0
5280.0,7896.0,1.0
5280.0,9534.0,1.0
5281.0,16480.0,1.0
5281.0,13211.0,1.0
5283.0,5284.0,1.0
5283.0,7860.0,1.0
5283.0,12120.0,1.0
5284.0,7860.0,1.0
5288.0,5289.0,1.0
5289.0,8238.0,1.0
5289.0,8503.0,1.0
5289.0,5931.0,1.0
5291.0,5292.0,1.0
5291.0,8083.0,1.0
5291.0,6649.0,1.0
5291.0,12617.0,1.0
5292.0,9670.0,1.0
5292.0,6489.0,1.0
5292.0,16939.0,1.0
5294.0,5295.0,1.0
5294.0,12457.0,1.0
5294.0,12143.0,1.0
5295.0,7789.0,1.0
5295.0,8266.0,1.0
5296.0,5297.0,1.0
5297.0,10606.0,1.0
5297.0,5783.0,1.0
5298.0,5299.0,1.0
5298.0,8577.0,1.0
5298.0,16624.0,1.0
5298.0,16488.0,1.0
5299.0,9138.0,1.0
5299.0,12071.0,1.0
5299.0,16625.0,1.0
5300.0,10355.0,1.0
5300.0,9701.0,1.0
5301.0,10728.0,1.0
5301.0,13011.0,1.0
5302.0,6497.0,1.0
5302.0,16722.0,1.0
5306.0,6562.0,1.0
5306.0,14035.0,1.0
5307.0,5308.0,1.0
5307.0,17137.0,1.0
5307.0,17025.0,1.0
5309.0,11726.0,1.0
5315.0,5316.0,1.0
5316.0,12053.0,1.0
5322.0,5323.0,1.0
5322.0,12513.0,1.0
5322.0,13828.0,1.0
5323.0,7630.0,1.0
5323.0,14832.0,1.0
5324.0,5325.0,1.0
5324.0,7594.0,1.0
5324.0,6325.0,1.0
5325.0,8128.0,1.0
5325.0,6742.0,1.0
5325.0,11078.0,1.0
5327.0,9461.0,1.0
5327.0,7551.0,1.0
5328.0,12125.0,1.0
5328.0,12344.0,1.0
5332.0,10369.0,1.0
5335.0,5336.0,1.0
5335.0,20195.0,1.0
5336.0,9701.0,1.0
5339.0,16824.0,1.0
5341.0,7772.0,1.0
5341.0,9985.0,1.0
5341.0,8872.0,1.0
5342.0,11533.0,1.0
5342.0,11805.0,1.0
5342.0,12965.0,1.0
5343.0,5344.0,1.0
5343.0,12905.0,1.0
5343.0,6951.0,1.0
5344.0,6290.0,1.0
5344.0,7085.0,1.0
5347.0,10285.0,1.0
5348.0,7211.0,1.0
5348.0,8462.0,1.0
5348.0,15982.0,1.0
5351.0,16702.0,1.0
5356.0,14380.0,1.0
5357.0,7461.0,1.0
5357.0,7865.0,1.0
5357.0,8333.0,1.0
5358.0,5359.0,1.0
5358.0,17963.0,1.0
5359.0,6645.0,1.0
5362.0,5363.0,1.0
5362.0,10018.0,1.0
5362.0,17463.0,1.0
5362.0,15715.0,1.0
5363.0,11530.0,1.0
5363.0,15715.0,1.0
5363.0,19423.0,1.0
5364.0,5365.0,1.0
5364.0,16160.0,1.0
5364.0,11325.0,1.0
5365.0,5599.0,1.0
5371.0,5372.0,1.0
5371.0,5925.0,1.0
5371.0,6636.0,1.0
5372.0,12327.0,1.0
5372.0,13622.0,1.0
5373.0,12709.0,1.0
5373.0,17214.0,1.0
5373.0,11704.0,1.0
5374.0,9759.0,1.0
5374.0,10050.0,1.0
5374.0,20899.0,1.0
5375.0,8311.0,1.0
5375.0,12550.0,1.0
5375.0,16361.0,1.0
5378.0,6503.0,1.0
5378.0,6403.0,1.0
5378.0,14214.0,1.0
5379.0,5380.0,1.0
5379.0,9529.0,1.0
5380.0,16717.0,1.0
5381.0,5382.0,1.0
5382.0,8197.0,1.0
5383.0,12094.0,1.0
5383.0,7893.0,1.0
5384.0,5385.0,1.0
5384.0,14566.0,1.0
5385.0,6734.0,1.0
5385.0,13649.0,1.0
5387.0,13318.0,1.0
5387.0,5569.0,1.0
5392.0,7340.0,1.0
5392.0,10575.0,1.0
5393.0,5394.0,1.0
5393.0,6876.0,1.0
5394.0,12104.0,1.0
5394.0,10820.0,1.0
5395.0,5396.0,1.0
5396.0,10159.0,1.0
5396.0,7864.0,1.0
5397.0,12984.0,1.0
5397.0,6865.0,1.0
5400.0,17735.0,1.0
5400.0,14856.0,1.0
5401.0,6190.0,1.0
5401.0,16655.0,1.0
5401.0,14858.0,1.0
5401.0,17102.0,1.0
5402.0,11842.0,1.0
5406.0,5407.0,1.0
5406.0,7209.0,1.0
5406.0,13618.0,1.0
5407.0,5690.0,1.0
5407.0,9390.0,1.0
5407.0,7557.0,1.0
5408.0,13370.0,1.0
5409.0,6248.0,1.0
5409.0,14035.0,1.0
5414.0,5415.0,1.0
5414.0,16742.0,1.0
5414.0,10049.0,1.0
5415.0,8629.0,1.0
5415.0,9815.0,1.0
5417.0,9362.0,1.0
5417.0,5797.0,1.0
5417.0,11803.0,1.0
5418.0,5419.0,1.0
5418.0,11080.0,1.0
5418.0,11981.0,1.0
5418.0,10772.0,1.0
5419.0,7072.0,1.0
5419.0,10862.0,1.0
5419.0,12778.0,1.0
5420.0,5421.0,1.0
5420.0,8110.0,1.0
5421.0,5497.0,1.0
5421.0,7933.0,1.0
5422.0,5680.0,1.0
5427.0,11747.0,1.0
5427.0,11950.0,1.0
5431.0,14447.0,1.0
5431.0,19719.0,1.0
5433.0,5434.0,1.0
5434.0,7717.0,1.0
5434.0,14366.0,1.0
5440.0,5441.0,1.0
5441.0,6253.0,1.0
5441.0,15134.0,1.0
5442.0,7922.0,1.0
5442.0,5650.0,1.0
5452.0,16874.0,1.0
5453.0,8215.0,1.0
5453.0,17032.0,1.0
5454.0,5455.0,1.0
5454.0,6351.0,1.0
5454.0,14021.0,1.0
5455.0,6352.0,1.0
5456.0,5457.0,1.0
5456.0,16713.0,1.0
5456.0,7431.0,1.0
5458.0,13736.0,1.0
5463.0,5464.0,1.0
5463.0,18527.0,1.0
5463.0,9837.0,1.0
5464.0,8388.0,1.0
5464.0,11538.0,1.0
5465.0,10628.0,1.0
5465.0,13079.0,1.0
5465.0,8354.0,1.0
5466.0,5467.0,1.0
5466.0,13670.0,1.0
5466.0,14908.0,1.0
5467.0,9009.0,1.0
5467.0,10492.0,1.0
5469.0,11095.0,1.0
5469.0,17023.0,1.0
5469.0,13940.0,1.0
5470.0,5471.0,1.0
5470.0,6986.0,1.0
5470.0,15317.0,1.0
5470.0,12587.0,1.0
5472.0,11723.0,1.0
5475.0,5476.0,1.0
5475.0,7920.0,1.0
5475.0,7701.0,1.0
5476.0,8499.0,1.0
5476.0,13487.0,1.0
5477.0,14464.0,1.0
5477.0,10391.0,1.0
5481.0,5482.0,1.0
5481.0,11780.0,1.0
5481.0,6638.0,1.0
5482.0,11051.0,1.0
5482.0,10415.0,1.0
5488.0,6726.0,1.0
5500.0,7915.0,1.0
5500.0,11203.0,1.0
5501.0,5502.0,1.0
5501.0,12298.0,1.0
5501.0,13912.0,1.0
5505.0,5506.0,1.0
5505.0,8406.0,1.0
5505.0,12916.0,1.0
5506.0,9515.0,1.0
5506.0,6984.0,1.0
5507.0,5508.0,1.0
5507.0,11214.0,1.0
5508.0,12111.0,1.0
5508.0,14166.0,1.0
5511.0,5512.0,1.0
5512.0,10929.0,1.0
5512.0,9738.0,1.0
5515.0,5516.0,1.0
5515.0,14116.0,1.0
5515.0,15939.0,1.0
5517.0,10808.0,1.0
5518.0,5519.0,1.0
5518.0,10323.0,1.0
5518.0,12564.0,1.0
5518.0,14145.0,1.0
5519.0,17429.0,1.0
5526.0,5527.0,1.0
5526.0,8036.0,1.0
5526.0,7939.0,1.0
5526.0,13918.0,1.0
5527.0,7585.0,1.0
5527.0,10274.0,1.0
5531.0,16956.0,1.0
5532.0,7818.0,1.0
5532.0,9941.0,1.0
5532.0,10423.0,1.0
5537.0,5538.0,1.0
5538.0,7388.0,1.0
5538.0,6876.0,1.0
5538.0,7938.0,1.0
5539.0,5540.0,1.0
5539.0,7515.0,1.0
5539.0,9545.0,1.0
5544.0,5545.0,1.0
5544.0,13609.0,1.0
5544.0,14529.0,1.0
5545.0,17750.0,1.0
5545.0,17332.0,1.0
5546.0,5547.0,1.0
5546.0,11275.0,1.0
5546.0,11547.0,1.0
5556.0,11739.0,1.0
5556.0,14849.0,1.0
5556.0,13764.0,1.0
5562.0,5563.0,1.0
5562.0,5745.0,1.0
5562.0,6178.0,1.0
5562.0,8323.0,1.0
5563.0,9813.0,1.0
5563.0,10005.0,1.0
5563.0,18434.0,1.0
5568.0,5569.0,1.0
5568.0,13318.0,1.0
5568.0,11481.0,1.0
5568.0,18270.0,1.0
5569.0,18268.0,1.0
5569.0,18272.0,1.0
5578.0,13806.0,1.0
5581.0,6428.0,1.0
5581.0,11025.0,1.0
5584.0,5585.0,1.0
5584.0,8882.0,1.0
5584.0,14120.0,1.0
5584.0,15713.0,1.0
5584.0,7638.0,1.0
5584.0,13446.0,1.0
5585.0,14000.0,1.0
5585.0,15713.0,1.0
5585.0,15736.0,1.0
5586.0,5587.0,1.0
5586.0,6886.0,1.0
5586.0,7074.0,1.0
5587.0,8291.0,1.0
5587.0,16798.0,1.0
5588.0,5999.0,1.0
5588.0,9449.0,1.0
5588.0,9574.0,1.0
5591.0,5592.0,1.0
5591.0,12498.0,1.0
5591.0,10727.0,1.0
5592.0,11848.0,1.0
5595.0,15044.0,1.0
5596.0,5863.0,1.0
5596.0,7768.0,1.0
5596.0,9101.0,1.0
5598.0,8650.0,1.0
5598.0,12745.0,1.0
5599.0,14113.0,1.0
5600.0,7752.0,1.0
5600.0,13187.0,1.0
5601.0,5602.0,1.0
5601.0,12151.0,1.0
5601.0,13733.0,1.0
5602.0,12703.0,1.0
5602.0,12813.0,1.0
5602.0,7772.0,1.0
5603.0,5604.0,1.0
5603.0,6258.0,1.0
5603.0,6644.0,1.0
5604.0,9768.0,1.0
5604.0,10596.0,1.0
5611.0,5612.0,1.0
5611.0,9328.0,1.0
5611.0,16313.0,1.0
5612.0,16313.0,1.0
5612.0,16969.0,1.0
5612.0,9329.0,1.0
5612.0,9290.0,1.0
5613.0,5614.0,1.0
5613.0,7941.0,1.0
5614.0,7942.0,1.0
5614.0,11257.0,1.0
5615.0,5616.0,1.0
5615.0,12837.0,1.0
5615.0,13017.0,1.0
5616.0,10050.0,1.0
5617.0,5823.0,1.0
5618.0,5680.0,1.0
5622.0,6171.0,1.0
5622.0,8333.0,1.0
5623.0,6583.0,1.0
5623.0,7831.0,1.0
5623.0,13575.0,1.0
5625.0,5626.0,1.0
5625.0,12894.0,1.0
5626.0,12606.0,1.0
5630.0,6534.0,1.0
5630.0,6967.0,1.0
5633.0,6019.0,1.0
5633.0,9984.0,1.0
5633.0,7817.0,1.0
5634.0,5820.0,1.0
5634.0,9410.0,1.0
5635.0,9745.0,1.0
5635.0,11833.0,1.0
5637.0,14289.0,1.0
5637.0,14873.0,1.0
5645.0,10781.0,1.0
5645.0,7380.0,1.0
5646.0,5647.0,1.0
5647.0,8348.0,1.0
5647.0,10595.0,1.0
5649.0,5650.0,1.0
5649.0,11108.0,1.0
5649.0,11055.0,1.0
5650.0,12551.0,1.0
5655.0,5656.0,1.0
5655.0,5973.0,1.0
5655.0,18223.0,1.0
5656.0,13370.0,1.0
5657.0,8217.0,1.0
5657.0,9804.0,1.0
5657.0,6849.0,1.0
5658.0,13828.0,1.0
5658.0,7910.0,1.0
5658.0,7630.0,1.0
5659.0,9190.0,1.0
5661.0,5662.0,1.0
5662.0,7135.0,1.0
5662.0,14702.0,1.0
5662.0,14755.0,1.0
5664.0,10636.0,1.0
5664.0,19697.0,1.0
5665.0,13181.0,1.0
5665.0,12102.0,1.0
5666.0,6783.0,1.0
5667.0,5668.0,1.0
5667.0,7105.0,1.0
5667.0,12324.0,1.0
5667.0,21123.0,1.0
5668.0,8531.0,1.0
5668.0,8335.0,1.0
5668.0,8880.0,1.0
5669.0,5670.0,1.0
5669.0,8816.0,1.0
5670.0,16459.0,1.0
5670.0,8816.0,1.0
5670.0,16458.0,1.0
5672.0,6251.0,1.0
5672.0,10511.0,1.0
5675.0,5676.0,1.0
5675.0,12336.0,1.0
5675.0,6130.0,1.0
5676.0,7915.0,1.0
5676.0,16527.0,1.0
5681.0,5682.0,1.0
5681.0,11802.0,1.0
5682.0,16574.0,1.0
5682.0,10680.0,1.0
5683.0,7324.0,1.0
5683.0,12511.0,1.0
5683.0,12758.0,1.0
5684.0,8292.0,1.0
5684.0,6071.0,1.0
5685.0,5686.0,1.0
5685.0,7854.0,1.0
5686.0,8474.0,1.0
5686.0,6833.0,1.0
5687.0,10990.0,1.0
5688.0,13832.0,1.0
5689.0,9539.0,1.0
5689.0,12701.0,1.0
5691.0,5692.0,1.0
5692.0,8938.0,1.0
5692.0,9412.0,1.0
5692.0,12710.0,1.0
5694.0,8995.0,1.0
5694.0,10048.0,1.0
5694.0,14284.0,1.0
5695.0,7604.0,1.0
5695.0,7702.0,1.0
5696.0,5697.0,1.0
5696.0,6367.0,1.0
5696.0,10209.0,1.0
5697.0,11908.0,1.0
5697.0,16984.0,1.0
5700.0,5701.0,1.0
5700.0,6877.0,1.0
5700.0,8841.0,1.0
5700.0,12442.0,1.0
5701.0,6568.0,1.0
5701.0,10035.0,1.0
5701.0,14911.0,1.0
5702.0,8319.0,1.0
5702.0,8765.0,1.0
5702.0,6219.0,1.0
5704.0,10832.0,1.0
5704.0,5994.0,1.0
5705.0,5706.0,1.0
5705.0,6435.0,1.0
5705.0,7396.0,1.0
5705.0,18280.0,1.0
5706.0,9668.0,1.0
5706.0,8636.0,1.0
5712.0,5713.0,1.0
5712.0,8885.0,1.0
5712.0,19793.0,1.0
5712.0,20510.0,1.0
5713.0,11529.0,1.0
5713.0,7060.0,1.0
5720.0,7998.0,1.0
5720.0,6711.0,1.0
5721.0,16357.0,1.0
5721.0,6171.0,1.0
5723.0,5933.0,1.0
5723.0,14204.0,1.0
5725.0,13412.0,1.0
5725.0,9953.0,1.0
5725.0,13539.0,1.0
5726.0,13096.0,1.0
5726.0,19189.0,1.0
5726.0,19190.0,1.0
5727.0,5728.0,1.0
5727.0,8992.0,1.0
5728.0,14562.0,1.0
5731.0,5732.0,1.0
5731.0,11137.0,1.0
5731.0,12162.0,1.0
5732.0,10267.0,1.0
5732.0,5927.0,1.0
5732.0,18518.0,1.0
5733.0,14993.0,1.0
5733.0,6827.0,1.0
5736.0,5737.0,1.0
5737.0,20209.0,1.0
5738.0,6637.0,1.0
5738.0,7277.0,1.0
5738.0,13481.0,1.0
5741.0,10468.0,1.0
5741.0,6645.0,1.0
5741.0,10517.0,1.0
5741.0,6110.0,1.0
5743.0,5744.0,1.0
5743.0,17358.0,1.0
5748.0,5749.0,1.0
5748.0,9187.0,1.0
5748.0,8343.0,1.0
5748.0,8473.0,1.0
5749.0,13760.0,1.0
5750.0,9672.0,1.0
5750.0,17591.0,1.0
5751.0,7882.0,1.0
5751.0,13161.0,1.0
5752.0,5753.0,1.0
5752.0,8916.0,1.0
5752.0,12720.0,1.0
5753.0,8917.0,1.0
5754.0,5755.0,1.0
5754.0,12242.0,1.0
5755.0,10096.0,1.0
5756.0,11704.0,1.0
5757.0,10597.0,1.0
5757.0,13987.0,1.0
5757.0,5796.0,1.0
5758.0,14799.0,1.0
5758.0,12529.0,1.0
5760.0,5761.0,1.0
5760.0,12208.0,1.0
5760.0,8713.0,1.0
5762.0,5763.0,1.0
5762.0,7551.0,1.0
5762.0,9461.0,1.0
5763.0,9462.0,1.0
5763.0,8046.0,1.0
5765.0,14956.0,1.0
5765.0,6068.0,1.0
5768.0,5769.0,1.0
5768.0,7142.0,1.0
5769.0,9212.0,1.0
5770.0,10114.0,1.0
5770.0,12496.0,1.0
5774.0,7288.0,1.0
5774.0,8472.0,1.0
5780.0,5781.0,1.0
5780.0,8340.0,1.0
5780.0,9212.0,1.0
5781.0,6511.0,1.0
5781.0,11061.0,1.0
5781.0,13242.0,1.0
5782.0,5783.0,1.0
5782.0,10606.0,1.0
5782.0,9332.0,1.0
5782.0,12750.0,1.0
5783.0,11376.0,1.0
5788.0,10683.0,1.0
5788.0,17967.0,1.0
5793.0,13446.0,1.0
5794.0,7639.0,1.0
5796.0,17032.0,1.0
5797.0,6408.0,1.0
5797.0,9773.0,1.0
5799.0,8591.0,1.0
5806.0,8753.0,1.0
5806.0,7071.0,1.0
5810.0,5811.0,1.0
5810.0,8625.0,1.0
5811.0,14781.0,1.0
5811.0,21104.0,1.0
5817.0,9264.0,1.0
5817.0,11503.0,1.0
5820.0,6423.0,1.0
5820.0,7195.0,1.0
5820.0,6051.0,1.0
5821.0,11798.0,1.0
5821.0,11833.0,1.0
5822.0,11528.0,1.0
5822.0,8242.0,1.0
5824.0,5825.0,1.0
5824.0,6189.0,1.0
5824.0,6275.0,1.0
5825.0,8667.0,1.0
5825.0,11409.0,1.0
5825.0,11277.0,1.0
5826.0,5827.0,1.0
5826.0,6102.0,1.0
5826.0,10022.0,1.0
5826.0,9590.0,1.0
5827.0,6230.0,1.0
5827.0,6103.0,1.0
5827.0,8974.0,1.0
5829.0,5830.0,1.0
5829.0,6517.0,1.0
5829.0,11489.0,1.0
5833.0,5834.0,1.0
5833.0,10939.0,1.0
5833.0,12293.0,1.0
5834.0,12058.0,1.0
5836.0,5837.0,1.0
5836.0,10269.0,1.0
5836.0,16371.0,1.0
5847.0,5848.0,1.0
5847.0,9517.0,1.0
5847.0,11112.0,1.0
5848.0,17645.0,1.0
5854.0,13984.0,1.0
5854.0,16315.0,1.0
5854.0,10162.0,1.0
5859.0,5860.0,1.0
5859.0,19463.0,1.0
5859.0,10131.0,1.0
5863.0,10818.0,1.0
5863.0,13435.0,1.0
5864.0,5865.0,1.0
5864.0,6339.0,1.0
5864.0,12707.0,1.0
5865.0,11852.0,1.0
5865.0,15959.0,1.0
5866.0,5867.0,1.0
5866.0,12455.0,1.0
5867.0,10094.0,1.0
5867.0,10728.0,1.0
5869.0,14777.0,1.0
5869.0,13821.0,1.0
5873.0,5874.0,1.0
5874.0,14577.0,1.0
5874.0,16085.0,1.0
5875.0,5876.0,1.0
5876.0,7362.0,1.0
5877.0,9090.0,1.0
5877.0,11356.0,1.0
5880.0,6436.0,1.0
5880.0,8099.0,1.0
5881.0,5882.0,1.0
5882.0,6569.0,1.0
5882.0,8904.0,1.0
5882.0,21054.0,1.0
5883.0,5884.0,1.0
5883.0,12807.0,1.0
5884.0,7700.0,1.0
5884.0,9782.0,1.0
5887.0,5888.0,1.0
5887.0,13826.0,1.0
5891.0,5892.0,1.0
5891.0,8000.0,1.0
5891.0,6756.0,1.0
5892.0,8177.0,1.0
5892.0,9048.0,1.0
5894.0,12454.0,1.0
5894.0,16681.0,1.0
5897.0,16365.0,1.0
5897.0,11025.0,1.0
5899.0,5900.0,1.0
5899.0,14010.0,1.0
5899.0,7518.0,1.0
5900.0,7873.0,1.0
5900.0,11163.0,1.0
5900.0,11708.0,1.0
5906.0,5907.0,1.0
5906.0,12481.0,1.0
5906.0,10783.0,1.0
5906.0,19583.0,1.0
5907.0,10067.0,1.0
5907.0,17010.0,1.0
5907.0,11825.0,1.0
5911.0,7387.0,1.0
5914.0,5915.0,1.0
5914.0,11007.0,1.0
5915.0,10479.0,1.0
5915.0,16697.0,1.0
5916.0,5917.0,1.0
5916.0,16432.0,1.0
5916.0,7640.0,1.0
5917.0,10444.0,1.0
5919.0,15960.0,1.0
5921.0,11220.0,1.0
5921.0,12646.0,1.0
5922.0,8467.0,1.0
5922.0,17676.0,1.0
5922.0,9786.0,1.0
5923.0,5924.0,1.0
5923.0,8869.0,1.0
5923.0,14148.0,1.0
5924.0,12770.0,1.0
5924.0,13187.0,1.0
5927.0,5928.0,1.0
5927.0,9164.0,1.0
5927.0,10267.0,1.0
5928.0,10268.0,1.0
5928.0,14302.0,1.0
5929.0,7401.0,1.0
5929.0,9044.0,1.0
5929.0,13163.0,1.0
5930.0,5931.0,1.0
5930.0,9367.0,1.0
5930.0,7047.0,1.0
5932.0,5933.0,1.0
5932.0,6965.0,1.0
5933.0,6965.0,1.0
5934.0,9314.0,1.0
5934.0,12744.0,1.0
5934.0,14256.0,1.0
5938.0,5939.0,1.0
5938.0,6326.0,1.0
5938.0,8305.0,1.0
5938.0,10705.0,1.0
5939.0,16629.0,1.0
5939.0,10706.0,1.0
5940.0,5941.0,1.0
5940.0,13109.0,1.0
5940.0,9807.0,1.0
5940.0,14238.0,1.0
5941.0,10301.0,1.0
5942.0,5943.0,1.0
5942.0,10179.0,1.0
5942.0,8517.0,1.0
5944.0,11056.0,1.0
5944.0,14617.0,1.0
5946.0,5947.0,1.0
5946.0,11141.0,1.0
5946.0,7702.0,1.0
5947.0,9227.0,1.0
5960.0,5961.0,1.0
5960.0,7870.0,1.0
5963.0,17555.0,1.0
5968.0,5969.0,1.0
5968.0,8945.0,1.0
5968.0,8025.0,1.0
5968.0,21125.0,1.0
5970.0,12454.0,1.0
5970.0,8592.0,1.0
5971.0,10863.0,1.0
5971.0,7073.0,1.0
5973.0,5974.0,1.0
5973.0,17128.0,1.0
5974.0,13370.0,1.0
5978.0,8979.0,1.0
5978.0,12965.0,1.0
5979.0,9599.0,1.0
5979.0,8189.0,1.0
5979.0,18587.0,1.0
5981.0,7329.0,1.0
5981.0,14491.0,1.0
5985.0,5986.0,1.0
5985.0,7410.0,1.0
5985.0,11619.0,1.0
5985.0,14002.0,1.0
5986.0,6036.0,1.0
5986.0,9693.0,1.0
5986.0,7677.0,1.0
5987.0,5988.0,1.0
5988.0,9969.0,1.0
5988.0,10878.0,1.0
5988.0,7352.0,1.0
5989.0,7603.0,1.0
5989.0,6279.0,1.0
5990.0,5991.0,1.0
5990.0,7829.0,1.0
5990.0,7296.0,1.0
5991.0,6967.0,1.0
5992.0,13351.0,1.0
5992.0,6498.0,1.0
5992.0,16427.0,1.0
5993.0,12762.0,1.0
5994.0,5995.0,1.0
5995.0,11826.0,1.0
5996.0,5997.0,1.0
5996.0,7325.0,1.0
5996.0,7679.0,1.0
5996.0,6592.0,1.0
5997.0,10520.0,1.0
5997.0,8240.0,1.0
5999.0,9671.0,1.0
5999.0,10504.0,1.0
6006.0,6007.0,1.0
6006.0,13426.0,1.0
6006.0,14365.0,1.0
6007.0,13364.0,1.0
6007.0,14766.0,1.0
6014.0,6015.0,1.0
6014.0,13880.0,1.0
6014.0,8448.0,1.0
6015.0,12944.0,1.0
6015.0,13510.0,1.0
6015.0,16018.0,1.0
6018.0,6019.0,1.0
6018.0,7817.0,1.0
6018.0,14017.0,1.0
6018.0,14152.0,1.0
6019.0,9534.0,1.0
6024.0,8229.0,1.0
6024.0,13582.0,1.0
6024.0,7074.0,1.0
6025.0,16454.0,1.0
6025.0,9745.0,1.0
6028.0,6029.0,1.0
6028.0,6458.0,1.0
6028.0,6457.0,1.0
6029.0,7607.0,1.0
6029.0,10260.0,1.0
6029.0,12294.0,1.0
6032.0,6033.0,1.0
6032.0,9019.0,1.0
6032.0,11144.0,1.0
6034.0,6035.0,1.0
6034.0,16980.0,1.0
6035.0,10772.0,1.0
6035.0,11981.0,1.0
6036.0,11619.0,1.0
6036.0,17696.0,1.0
6039.0,9442.0,1.0
6039.0,9305.0,1.0
6040.0,6420.0,1.0
6040.0,13967.0,1.0
6040.0,10216.0,1.0
6046.0,6047.0,1.0
6046.0,19577.0,1.0
6046.0,16995.0,1.0
6047.0,16699.0,1.0
6047.0,16975.0,1.0
6048.0,6049.0,1.0
6048.0,11126.0,1.0
6048.0,12731.0,1.0
6049.0,6093.0,1.0
6049.0,17513.0,1.0
6050.0,8766.0,1.0
6050.0,19455.0,1.0
6050.0,11920.0,1.0
6051.0,12336.0,1.0
6060.0,10022.0,1.0
6066.0,6067.0,1.0
6066.0,14327.0,1.0
6066.0,7678.0,1.0
6067.0,16767.0,1.0
6067.0,19619.0,1.0
6067.0,9175.0,1.0
6068.0,6069.0,1.0
6068.0,12179.0,1.0
6069.0,15780.0,1.0
6070.0,6071.0,1.0
6070.0,16440.0,1.0
6070.0,8292.0,1.0
6070.0,7968.0,1.0
6071.0,7461.0,1.0
6072.0,6073.0,1.0
6073.0,9555.0,1.0
6073.0,16131.0,1.0
6074.0,6075.0,1.0
6074.0,16069.0,1.0
6074.0,9281.0,1.0
6075.0,7135.0,1.0
6075.0,14813.0,1.0
6076.0,10848.0,1.0
6076.0,7750.0,1.0
6076.0,11219.0,1.0
6084.0,9863.0,1.0
6084.0,10316.0,1.0
6085.0,6086.0,1.0
6085.0,11836.0,1.0
6086.0,10792.0,1.0
6087.0,6088.0,1.0
6087.0,9356.0,1.0
6093.0,14748.0,1.0
6097.0,6098.0,1.0
6097.0,8281.0,1.0
6097.0,11515.0,1.0
6098.0,6628.0,1.0
6098.0,20763.0,1.0
6100.0,6101.0,1.0
6101.0,14529.0,1.0
6101.0,16122.0,1.0
6102.0,6103.0,1.0
6102.0,13049.0,1.0
6103.0,10788.0,1.0
6103.0,14516.0,1.0
6104.0,6105.0,1.0
6105.0,18125.0,1.0
6105.0,9089.0,1.0
6108.0,11990.0,1.0
6108.0,7973.0,1.0
6108.0,10330.0,1.0
6109.0,13027.0,1.0
6109.0,15342.0,1.0
6110.0,6111.0,1.0
6110.0,6645.0,1.0
6110.0,8348.0,1.0
6111.0,10595.0,1.0
6111.0,11500.0,1.0
6112.0,8782.0,1.0
6112.0,10935.0,1.0
6112.0,13339.0,1.0
6112.0,11232.0,1.0
6113.0,6114.0,1.0
6113.0,13729.0,1.0
6113.0,19923.0,1.0
6113.0,10303.0,1.0
6119.0,6120.0,1.0
6119.0,11972.0,1.0
6119.0,9866.0,1.0
6121.0,15432.0,1.0
6121.0,16824.0,1.0
6121.0,15433.0,1.0
6122.0,6123.0,1.0
6122.0,12590.0,1.0
6122.0,16592.0,1.0
6123.0,6522.0,1.0
6123.0,11542.0,1.0
6127.0,6128.0,1.0
6127.0,13883.0,1.0
6128.0,10110.0,1.0
6129.0,6130.0,1.0
6129.0,10016.0,1.0
6129.0,12336.0,1.0
6129.0,8706.0,1.0
6130.0,9584.0,1.0
6130.0,16527.0,1.0
6135.0,16595.0,1.0
6135.0,8348.0,1.0
6135.0,20569.0,1.0
6139.0,6140.0,1.0
6139.0,11921.0,1.0
6139.0,14843.0,1.0
6140.0,8230.0,1.0
6140.0,16740.0,1.0
6142.0,9170.0,1.0
6143.0,14024.0,1.0
6145.0,16144.0,1.0
6150.0,14719.0,1.0
6150.0,17692.0,1.0
6151.0,6152.0,1.0
6151.0,9089.0,1.0
6151.0,11328.0,1.0
6151.0,7003.0,1.0
6152.0,16081.0,1.0
6152.0,14244.0,1.0
6153.0,6154.0,1.0
6153.0,13138.0,1.0
6153.0,11432.0,1.0
6154.0,13138.0,1.0
6154.0,14277.0,1.0
6155.0,13562.0,1.0
6155.0,14875.0,1.0
6156.0,14877.0,1.0
6156.0,18175.0,1.0
6159.0,9263.0,1.0
6160.0,12749.0,1.0
6162.0,14863.0,1.0
6162.0,14380.0,1.0
6163.0,16106.0,1.0
6163.0,16574.0,1.0
6169.0,6170.0,1.0
6169.0,17849.0,1.0
6169.0,13243.0,1.0
6170.0,9119.0,1.0
6170.0,14810.0,1.0
6174.0,6175.0,1.0
6174.0,7881.0,1.0
6174.0,12535.0,1.0
6174.0,9893.0,1.0
6176.0,12645.0,1.0
6176.0,14664.0,1.0
6176.0,9348.0,1.0
6178.0,6360.0,1.0
6179.0,9057.0,1.0
6179.0,17217.0,1.0
6179.0,18586.0,1.0
6179.0,10091.0,1.0
6183.0,6184.0,1.0
6183.0,9562.0,1.0
6183.0,12272.0,1.0
6183.0,14901.0,1.0
6184.0,16694.0,1.0
6184.0,16704.0,1.0
6189.0,11409.0,1.0
6190.0,12950.0,1.0
6190.0,16725.0,1.0
6190.0,16721.0,1.0
6191.0,6192.0,1.0
6191.0,6802.0,1.0
6191.0,11485.0,1.0
6191.0,7472.0,1.0
6192.0,8003.0,1.0
6192.0,7705.0,1.0
6196.0,6197.0,1.0
6196.0,7249.0,1.0
6196.0,12268.0,1.0
6197.0,6366.0,1.0
6197.0,13592.0,1.0
6197.0,11716.0,1.0
6198.0,6199.0,1.0
6198.0,6222.0,1.0
6198.0,10960.0,1.0
6198.0,7368.0,1.0
6199.0,9409.0,1.0
6201.0,6202.0,1.0
6201.0,8595.0,1.0
6201.0,9485.0,1.0
6202.0,17629.0,1.0
6205.0,11301.0,1.0
6206.0,11918.0,1.0
6213.0,14341.0,1.0
6213.0,14489.0,1.0
6214.0,6215.0,1.0
6214.0,17398.0,1.0
6214.0,17345.0,1.0
6218.0,6219.0,1.0
6218.0,8956.0,1.0
6218.0,13590.0,1.0
6219.0,10018.0,1.0
6222.0,9510.0,1.0
6223.0,7503.0,1.0
6223.0,13033.0,1.0
6223.0,16778.0,1.0
6226.0,6227.0,1.0
6227.0,11156.0,1.0
6227.0,13112.0,1.0
6227.0,10314.0,1.0
6228.0,6229.0,1.0
6228.0,11553.0,1.0
6228.0,13848.0,1.0
6229.0,8133.0,1.0
6229.0,14032.0,1.0
6230.0,16434.0,1.0
6230.0,10022.0,1.0
6231.0,7646.0,1.0
6237.0,6799.0,1.0
6238.0,6239.0,1.0
6238.0,17653.0,1.0
6238.0,7251.0,1.0
6239.0,9650.0,1.0
6244.0,6245.0,1.0
6244.0,14206.0,1.0
6244.0,19575.0,1.0
6244.0,21080.0,1.0
6245.0,18577.0,1.0
6245.0,19575.0,1.0
6248.0,10263.0,1.0
6248.0,13154.0,1.0
6251.0,10964.0,1.0
6253.0,11623.0,1.0
6257.0,6258.0,1.0
6257.0,12104.0,1.0
6257.0,12551.0,1.0
6257.0,14524.0,1.0
6258.0,9768.0,1.0
6258.0,10099.0,1.0
6261.0,6262.0,1.0
6261.0,16491.0,1.0
6261.0,20926.0,1.0
6263.0,16892.0,1.0
6266.0,12037.0,1.0
6266.0,6628.0,1.0
6266.0,20764.0,1.0
6269.0,12559.0,1.0
6269.0,14560.0,1.0
6269.0,19221.0,1.0
6272.0,12089.0,1.0
6272.0,12368.0,1.0
6272.0,8622.0,1.0
6277.0,6278.0,1.0
6277.0,6992.0,1.0
6277.0,11165.0,1.0
6277.0,16858.0,1.0
6278.0,9162.0,1.0
6279.0,6280.0,1.0
6279.0,7255.0,1.0
6279.0,14006.0,1.0
6280.0,10577.0,1.0
6280.0,10853.0,1.0
6281.0,9536.0,1.0
6281.0,9334.0,1.0
6281.0,11097.0,1.0
6287.0,6288.0,1.0
6287.0,12805.0,1.0
6287.0,14067.0,1.0
6288.0,14199.0,1.0
6288.0,16913.0,1.0
6288.0,19396.0,1.0
6290.0,7213.0,1.0
6290.0,10628.0,1.0
6296.0,8952.0,1.0
6296.0,10203.0,1.0
6300.0,14652.0,1.0
6302.0,6303.0,1.0
6303.0,9675.0,1.0
6308.0,6309.0,1.0
6308.0,13333.0,1.0
6308.0,10910.0,1.0
6309.0,15896.0,1.0
6310.0,20920.0,1.0
6311.0,6312.0,1.0
6311.0,10163.0,1.0
6311.0,8711.0,1.0
6311.0,17124.0,1.0
6312.0,17124.0,1.0
6312.0,20961.0,1.0
6316.0,6317.0,1.0
6316.0,7557.0,1.0
6316.0,13215.0,1.0
6316.0,12538.0,1.0
6317.0,12635.0,1.0
6317.0,10991.0,1.0
6318.0,6427.0,1.0
6318.0,8138.0,1.0
6324.0,9912.0,1.0
6324.0,14844.0,1.0
6324.0,19024.0,1.0
6325.0,6326.0,1.0
6325.0,10705.0,1.0
6325.0,6900.0,1.0
6326.0,9879.0,1.0
6326.0,14142.0,1.0
6327.0,10419.0,1.0
6328.0,9264.0,1.0
6330.0,6331.0,1.0
6330.0,9028.0,1.0
6330.0,10925.0,1.0
6332.0,6333.0,1.0
6332.0,9018.0,1.0
6332.0,10794.0,1.0
6333.0,14867.0,1.0
6333.0,11883.0,1.0
6339.0,6340.0,1.0
6339.0,10718.0,1.0
6348.0,6349.0,1.0
6348.0,8997.0,1.0
6348.0,11107.0,1.0
6348.0,10104.0,1.0
6349.0,13132.0,1.0
6349.0,12496.0,1.0
6350.0,15191.0,1.0
6351.0,6352.0,1.0
6352.0,8028.0,1.0
6352.0,8089.0,1.0
6361.0,14254.0,1.0
6361.0,13379.0,1.0
6366.0,7243.0,1.0
6366.0,8856.0,1.0
6366.0,12268.0,1.0
6367.0,7931.0,1.0
6371.0,6372.0,1.0
6371.0,12964.0,1.0
6371.0,13565.0,1.0
6371.0,20440.0,1.0
6372.0,7930.0,1.0
6372.0,8110.0,1.0
6373.0,12345.0,1.0
6377.0,14024.0,1.0
6377.0,9455.0,1.0
6380.0,6381.0,1.0
6380.0,9140.0,1.0
6380.0,9523.0,1.0
6381.0,8855.0,1.0
6381.0,9329.0,1.0
6381.0,13300.0,1.0
6385.0,6386.0,1.0
6386.0,7614.0,1.0
6391.0,6392.0,1.0
6392.0,7087.0,1.0
6392.0,12299.0,1.0
6394.0,6395.0,1.0
6394.0,9887.0,1.0
6395.0,9956.0,1.0
6398.0,8271.0,1.0
6398.0,7555.0,1.0
6399.0,6400.0,1.0
6399.0,7386.0,1.0
6400.0,6899.0,1.0
6400.0,10901.0,1.0
6402.0,11358.0,1.0
6408.0,9847.0,1.0
6411.0,10413.0,1.0
6411.0,10735.0,1.0
6411.0,10193.0,1.0
6419.0,6420.0,1.0
6419.0,10216.0,1.0
6420.0,9618.0,1.0
6421.0,6422.0,1.0
6422.0,15911.0,1.0
6422.0,12632.0,1.0
6423.0,11924.0,1.0
6423.0,8602.0,1.0
6427.0,6428.0,1.0
6427.0,6530.0,1.0
6429.0,6430.0,1.0
6429.0,9792.0,1.0
6429.0,13154.0,1.0
6429.0,8542.0,1.0
6430.0,14035.0,1.0
6430.0,8542.0,1.0
6431.0,6432.0,1.0
6432.0,10575.0,1.0
6432.0,11603.0,1.0
6435.0,6436.0,1.0
6436.0,7396.0,1.0
6436.0,9627.0,1.0
6447.0,13921.0,1.0
6450.0,6451.0,1.0
6451.0,16415.0,1.0
6452.0,6453.0,1.0
6452.0,11809.0,1.0
6453.0,9247.0,1.0
6453.0,12023.0,1.0
6457.0,6458.0,1.0
6457.0,14833.0,1.0
6458.0,12294.0,1.0
6458.0,21142.0,1.0
6462.0,10436.0,1.0
6462.0,11666.0,1.0
6466.0,7851.0,1.0
6466.0,9610.0,1.0
6466.0,7246.0,1.0
6467.0,8245.0,1.0
6467.0,7948.0,1.0
6472.0,6473.0,1.0
6472.0,9797.0,1.0
6473.0,9798.0,1.0
6480.0,6481.0,1.0
6480.0,10497.0,1.0
6480.0,6652.0,1.0
6480.0,9100.0,1.0
6481.0,9172.0,1.0
6481.0,9101.0,1.0
6481.0,14160.0,1.0
6482.0,6483.0,1.0
6482.0,14472.0,1.0
6482.0,9250.0,1.0
6482.0,16438.0,1.0
6483.0,9251.0,1.0
6483.0,12827.0,1.0
6483.0,16438.0,1.0
6485.0,6486.0,1.0
6485.0,10372.0,1.0
6485.0,7184.0,1.0
6486.0,12381.0,1.0
6486.0,7982.0,1.0
6487.0,6488.0,1.0
6487.0,16558.0,1.0
6487.0,8767.0,1.0
6488.0,10262.0,1.0
6488.0,13053.0,1.0
6489.0,9681.0,1.0
6491.0,6492.0,1.0
6491.0,10947.0,1.0
6491.0,13865.0,1.0
6492.0,9861.0,1.0
6492.0,16460.0,1.0
6492.0,12512.0,1.0
6493.0,11976.0,1.0
6493.0,11139.0,1.0
6493.0,21201.0,1.0
6494.0,6495.0,1.0
6494.0,8479.0,1.0
6494.0,14885.0,1.0
6495.0,11815.0,1.0
6495.0,6827.0,1.0
6495.0,16383.0,1.0
6497.0,11979.0,1.0
6498.0,16672.0,1.0
6499.0,6529.0,1.0
6499.0,10376.0,1.0
6503.0,12135.0,1.0
6504.0,6505.0,1.0
6504.0,12006.0,1.0
6504.0,10682.0,1.0
6505.0,7827.0,1.0
6505.0,12209.0,1.0
6509.0,6510.0,1.0
6509.0,10784.0,1.0
6509.0,12928.0,1.0
6510.0,9340.0,1.0
6510.0,9822.0,1.0
6510.0,14723.0,1.0
6511.0,11630.0,1.0
6512.0,10617.0,1.0
6512.0,6602.0,1.0
6512.0,20047.0,1.0
6515.0,6516.0,1.0
6515.0,8747.0,1.0
6515.0,13106.0,1.0
6516.0,9674.0,1.0
6516.0,14734.0,1.0
6517.0,6518.0,1.0
6517.0,14054.0,1.0
6518.0,15939.0,1.0
6518.0,9557.0,1.0
6520.0,6521.0,1.0
6520.0,19109.0,1.0
6521.0,14563.0,1.0
6521.0,17353.0,1.0
6522.0,8384.0,1.0
6523.0,6524.0,1.0
6523.0,12447.0,1.0
6523.0,13803.0,1.0
6524.0,7472.0,1.0
6524.0,11644.0,1.0
6524.0,14593.0,1.0
6525.0,13011.0,1.0
6525.0,11542.0,1.0
6526.0,16874.0,1.0
6526.0,17081.0,1.0
6526.0,16566.0,1.0
6529.0,8524.0,1.0
6529.0,16689.0,1.0
6530.0,11025.0,1.0
6530.0,13982.0,1.0
6532.0,6533.0,1.0
6532.0,9183.0,1.0
6532.0,9592.0,1.0
6532.0,7242.0,1.0
6533.0,6936.0,1.0
6533.0,8526.0,1.0
6533.0,10060.0,1.0
6534.0,7829.0,1.0
6534.0,13848.0,1.0
6535.0,6536.0,1.0
6535.0,8297.0,1.0
6535.0,10306.0,1.0
6535.0,10622.0,1.0
6536.0,11468.0,1.0
6544.0,6545.0,1.0
6544.0,9258.0,1.0
6544.0,13953.0,1.0
6545.0,9716.0,1.0
6546.0,10272.0,1.0
6546.0,6672.0,1.0
6548.0,13249.0,1.0
6553.0,16421.0,1.0
6553.0,16442.0,1.0
6554.0,7635.0,1.0
6558.0,6559.0,1.0
6558.0,11583.0,1.0
6558.0,16384.0,1.0
6558.0,16773.0,1.0
6559.0,8424.0,1.0
6559.0,20870.0,1.0
6565.0,6566.0,1.0
6565.0,17084.0,1.0
6565.0,15562.0,1.0
6568.0,8047.0,1.0
6568.0,9533.0,1.0
6568.0,9058.0,1.0
6569.0,8903.0,1.0
6569.0,11711.0,1.0
6572.0,6573.0,1.0
6572.0,12116.0,1.0
6572.0,9176.0,1.0
6572.0,10783.0,1.0
6573.0,7275.0,1.0
6573.0,8745.0,1.0
6573.0,19314.0,1.0
6583.0,11320.0,1.0
6583.0,8069.0,1.0
6584.0,9648.0,1.0
6591.0,6592.0,1.0
6591.0,7679.0,1.0
6591.0,6754.0,1.0
6593.0,6594.0,1.0
6593.0,8282.0,1.0
6593.0,13724.0,1.0
6602.0,6603.0,1.0
6602.0,10531.0,1.0
6603.0,10617.0,1.0
6603.0,12548.0,1.0
6603.0,7644.0,1.0
6604.0,8871.0,1.0
6604.0,8537.0,1.0
6605.0,6606.0,1.0
6605.0,16203.0,1.0
6615.0,6616.0,1.0
6616.0,8362.0,1.0
6616.0,8560.0,1.0
6619.0,6620.0,1.0
6619.0,8907.0,1.0
6619.0,9226.0,1.0
6620.0,7479.0,1.0
6620.0,16595.0,1.0
6620.0,16713.0,1.0
6625.0,10674.0,1.0
6629.0,6630.0,1.0
6630.0,7336.0,1.0
6630.0,7310.0,1.0
6634.0,6635.0,1.0
6634.0,7674.0,1.0
6634.0,13067.0,1.0
6635.0,14489.0,1.0
6635.0,9660.0,1.0
6636.0,9082.0,1.0
6636.0,12696.0,1.0
6637.0,17763.0,1.0
6637.0,18118.0,1.0
6638.0,11076.0,1.0
6638.0,13065.0,1.0
6639.0,6640.0,1.0
6639.0,12192.0,1.0
6639.0,20386.0,1.0
6644.0,10596.0,1.0
6644.0,11639.0,1.0
6649.0,16418.0,1.0
6649.0,16519.0,1.0
6651.0,8633.0,1.0
6651.0,14857.0,1.0
6652.0,14565.0,1.0
6656.0,9134.0,1.0
6656.0,20756.0,1.0
6657.0,6658.0,1.0
6657.0,11901.0,1.0
6659.0,6660.0,1.0
6659.0,19285.0,1.0
6659.0,19316.0,1.0
6660.0,19596.0,1.0
6660.0,20982.0,1.0
6662.0,6663.0,1.0
6662.0,8787.0,1.0
6662.0,20186.0,1.0
6663.0,10105.0,1.0
6663.0,11958.0,1.0
6667.0,6668.0,1.0
6668.0,7167.0,1.0
6668.0,9677.0,1.0
6672.0,10272.0,1.0
6673.0,6674.0,1.0
6673.0,9433.0,1.0
6673.0,11776.0,1.0
6674.0,10541.0,1.0
6674.0,6751.0,1.0
6676.0,6677.0,1.0
6676.0,9814.0,1.0
6676.0,8038.0,1.0
6676.0,8587.0,1.0
6677.0,7944.0,1.0
6677.0,10968.0,1.0
6681.0,6682.0,1.0
6681.0,12166.0,1.0
6682.0,7179.0,1.0
6686.0,6687.0,1.0
6686.0,17727.0,1.0
6687.0,13121.0,1.0
6687.0,21174.0,1.0
6689.0,6690.0,1.0
6689.0,11369.0,1.0
6689.0,14158.0,1.0
6691.0,14745.0,1.0
6691.0,17171.0,1.0
6693.0,14230.0,1.0
6693.0,19463.0,1.0
6694.0,6828.0,1.0
6699.0,6700.0,1.0
6699.0,10225.0,1.0
6699.0,12919.0,1.0
6701.0,6702.0,1.0
6701.0,7373.0,1.0
6701.0,14202.0,1.0
6702.0,8811.0,1.0
6708.0,17081.0,1.0
6708.0,16850.0,1.0
6710.0,6711.0,1.0
6710.0,8900.0,1.0
6710.0,7998.0,1.0
6710.0,8614.0,1.0
6712.0,6713.0,1.0
6712.0,11526.0,1.0
6712.0,9531.0,1.0
6712.0,10524.0,1.0
6713.0,11216.0,1.0
6716.0,6717.0,1.0
6716.0,15562.0,1.0
6716.0,7966.0,1.0
6717.0,10744.0,1.0
6717.0,12772.0,1.0
6717.0,14780.0,1.0
6718.0,6719.0,1.0
6718.0,8911.0,1.0
6718.0,15368.0,1.0
6719.0,10547.0,1.0
6719.0,13040.0,1.0
6719.0,20466.0,1.0
6722.0,6723.0,1.0
6723.0,8857.0,1.0
6723.0,9382.0,1.0
6724.0,6725.0,1.0
6724.0,9281.0,1.0
6724.0,13468.0,1.0
6726.0,6727.0,1.0
6726.0,9537.0,1.0
6727.0,8869.0,1.0
6727.0,7339.0,1.0
6734.0,7786.0,1.0
6734.0,16016.0,1.0
6735.0,7208.0,1.0
6735.0,13128.0,1.0
6735.0,7874.0,1.0
6737.0,11927.0,1.0
6737.0,13241.0,1.0
6741.0,6742.0,1.0
6741.0,11247.0,1.0
6742.0,11296.0,1.0
6742.0,11247.0,1.0
6745.0,9748.0,1.0
6745.0,9250.0,1.0
6745.0,11770.0,1.0
6746.0,13068.0,1.0
6746.0,7254.0,1.0
6750.0,14353.0,1.0
6750.0,11844.0,1.0
6750.0,15080.0,1.0
6750.0,7505.0,1.0
6751.0,6752.0,1.0
6751.0,11965.0,1.0
6752.0,7588.0,1.0
6752.0,11538.0,1.0
6753.0,6754.0,1.0
6753.0,9027.0,1.0
6753.0,9295.0,1.0
6754.0,9699.0,1.0
6754.0,9296.0,1.0
6756.0,7999.0,1.0
6756.0,12048.0,1.0
6758.0,16077.0,1.0
6758.0,12583.0,1.0
6767.0,6768.0,1.0
6768.0,14091.0,1.0
6768.0,12324.0,1.0
6768.0,8531.0,1.0
6777.0,10913.0,1.0
6777.0,10718.0,1.0
6779.0,6780.0,1.0
6779.0,13197.0,1.0
6779.0,16125.0,1.0
6783.0,6784.0,1.0
6783.0,10990.0,1.0
6784.0,10593.0,1.0
6785.0,13449.0,1.0
6789.0,11375.0,1.0
6789.0,8801.0,1.0
6790.0,16525.0,1.0
6794.0,6795.0,1.0
6794.0,11270.0,1.0
6794.0,8955.0,1.0
6794.0,7092.0,1.0
6795.0,18007.0,1.0
6795.0,7605.0,1.0
6799.0,6868.0,1.0
6800.0,6801.0,1.0
6800.0,7776.0,1.0
6800.0,12893.0,1.0
6800.0,12758.0,1.0
6800.0,16008.0,1.0
6801.0,11353.0,1.0
6801.0,16008.0,1.0
6802.0,16967.0,1.0
6802.0,19459.0,1.0
6804.0,6805.0,1.0
6804.0,16468.0,1.0
6805.0,7012.0,1.0
6805.0,12732.0,1.0
6806.0,6807.0,1.0
6806.0,16111.0,1.0
6806.0,14881.0,1.0
6807.0,11430.0,1.0
6807.0,16098.0,1.0
6807.0,16100.0,1.0
6808.0,14024.0,1.0
6808.0,14710.0,1.0
6810.0,6811.0,1.0
6810.0,8501.0,1.0
6810.0,17635.0,1.0
6811.0,8496.0,1.0
6811.0,9016.0,1.0
6811.0,11347.0,1.0
6817.0,6818.0,1.0
6817.0,7846.0,1.0
6817.0,11866.0,1.0
6817.0,11505.0,1.0
6818.0,9376.0,1.0
6818.0,8726.0,1.0
6818.0,13761.0,1.0
6825.0,12870.0,1.0
6828.0,12419.0,1.0
6828.0,10913.0,1.0
6828.0,7662.0,1.0
6831.0,6832.0,1.0
6831.0,8240.0,1.0
6831.0,11208.0,1.0
6832.0,10021.0,1.0
6832.0,9669.0,1.0
6833.0,6834.0,1.0
6833.0,7391.0,1.0
6834.0,10698.0,1.0
6839.0,6840.0,1.0
6839.0,7213.0,1.0
6839.0,6952.0,1.0
6839.0,14697.0,1.0
6840.0,13615.0,1.0
6840.0,7898.0,1.0
6841.0,6842.0,1.0
6841.0,11599.0,1.0
6841.0,12135.0,1.0
6842.0,15128.0,1.0
6843.0,7350.0,1.0
6843.0,11060.0,1.0
6846.0,6847.0,1.0
6846.0,9666.0,1.0
6846.0,12213.0,1.0
6847.0,10376.0,1.0
6848.0,6849.0,1.0
6850.0,12636.0,1.0
6851.0,10664.0,1.0
6852.0,6853.0,1.0
6852.0,17387.0,1.0
6854.0,6855.0,1.0
6854.0,12014.0,1.0
6855.0,14073.0,1.0
6855.0,16117.0,1.0
6857.0,6858.0,1.0
6857.0,16095.0,1.0
6857.0,17281.0,1.0
6858.0,12581.0,1.0
6858.0,17281.0,1.0
6863.0,6864.0,1.0
6863.0,10228.0,1.0
6863.0,12310.0,1.0
6864.0,9399.0,1.0
6865.0,6866.0,1.0
6865.0,10880.0,1.0
6865.0,16789.0,1.0
6866.0,10884.0,1.0
6866.0,18008.0,1.0
6868.0,7250.0,1.0
6872.0,17665.0,1.0
6877.0,9069.0,1.0
6877.0,9068.0,1.0
6877.0,17845.0,1.0
6885.0,13347.0,1.0
6886.0,10952.0,1.0
6895.0,9148.0,1.0
6895.0,14547.0,1.0
6896.0,16534.0,1.0
6896.0,20627.0,1.0
6899.0,7756.0,1.0
6899.0,8816.0,1.0
6899.0,19401.0,1.0
6900.0,9879.0,1.0
6900.0,7594.0,1.0
6906.0,6907.0,1.0
6906.0,10175.0,1.0
6906.0,13331.0,1.0
6907.0,9738.0,1.0
6907.0,13421.0,1.0
6908.0,6909.0,1.0
6908.0,16073.0,1.0
6908.0,17281.0,1.0
6908.0,19935.0,1.0
6908.0,20771.0,1.0
6908.0,20770.0,1.0
6909.0,9729.0,1.0
6909.0,8280.0,1.0
6910.0,6911.0,1.0
6911.0,14454.0,1.0
6915.0,6916.0,1.0
6915.0,16537.0,1.0
6915.0,16735.0,1.0
6916.0,8137.0,1.0
6916.0,17101.0,1.0
6916.0,11413.0,1.0
6922.0,8682.0,1.0
6922.0,12762.0,1.0
6922.0,12247.0,1.0
6923.0,6924.0,1.0
6923.0,9963.0,1.0
6923.0,17677.0,1.0
6924.0,11637.0,1.0
6924.0,18208.0,1.0
6930.0,6931.0,1.0
6930.0,8459.0,1.0
6930.0,16972.0,1.0
6931.0,9385.0,1.0
6932.0,7386.0,1.0
6932.0,10347.0,1.0
6932.0,10599.0,1.0
6933.0,10122.0,1.0
6933.0,7835.0,1.0
6936.0,7493.0,1.0
6936.0,10728.0,1.0
6936.0,9592.0,1.0
6938.0,6939.0,1.0
6938.0,16495.0,1.0
6942.0,6943.0,1.0
6942.0,10390.0,1.0
6942.0,15828.0,1.0
6946.0,6947.0,1.0
6946.0,12902.0,1.0
6946.0,12957.0,1.0
6946.0,7182.0,1.0
6947.0,7224.0,1.0
6947.0,9028.0,1.0
6949.0,6950.0,1.0
6949.0,7865.0,1.0
6949.0,7969.0,1.0
6950.0,8273.0,1.0
6950.0,12701.0,1.0
6950.0,16486.0,1.0
6951.0,6952.0,1.0
6951.0,7213.0,1.0
6951.0,7316.0,1.0
6952.0,7898.0,1.0
6952.0,13500.0,1.0
6957.0,6958.0,1.0
6957.0,12664.0,1.0
6958.0,10279.0,1.0
6960.0,17887.0,1.0
6961.0,6962.0,1.0
6961.0,17015.0,1.0
6962.0,17015.0,1.0
6962.0,9727.0,1.0
6965.0,12223.0,1.0
6965.0,13921.0,1.0
6967.0,11784.0,1.0
6967.0,7829.0,1.0
6972.0,6973.0,1.0
6972.0,7667.0,1.0
6972.0,13216.0,1.0
6972.0,13662.0,1.0
6973.0,17648.0,1.0
6973.0,13667.0,1.0
6975.0,6976.0,1.0
6975.0,7748.0,1.0
6975.0,7913.0,1.0
6982.0,6983.0,1.0
6982.0,7788.0,1.0
6982.0,14462.0,1.0
6983.0,11251.0,1.0
6983.0,11691.0,1.0
6984.0,6985.0,1.0
6984.0,8406.0,1.0
6985.0,9846.0,1.0
6986.0,21046.0,1.0
6987.0,6988.0,1.0
6987.0,9230.0,1.0
6987.0,10570.0,1.0
6988.0,8633.0,1.0
6988.0,10852.0,1.0
6989.0,7252.0,1.0
6990.0,7828.0,1.0
6990.0,12731.0,1.0
6992.0,6993.0,1.0
6992.0,8352.0,1.0
6993.0,16858.0,1.0
6994.0,17662.0,1.0
6997.0,8674.0,1.0
6997.0,17686.0,1.0
6997.0,11405.0,1.0
7000.0,9263.0,1.0
7002.0,11086.0,1.0
7002.0,12323.0,1.0
7003.0,7216.0,1.0
7003.0,14244.0,1.0
7009.0,7010.0,1.0
7009.0,8245.0,1.0
7009.0,12118.0,1.0
7010.0,10269.0,1.0
7010.0,10055.0,1.0
7011.0,7357.0,1.0
7011.0,11023.0,1.0
7012.0,16751.0,1.0
7012.0,16468.0,1.0
7015.0,7016.0,1.0
7015.0,17123.0,1.0
7016.0,14380.0,1.0
7016.0,13058.0,1.0
7021.0,9767.0,1.0
7021.0,12885.0,1.0
7031.0,10657.0,1.0
7031.0,17644.0,1.0
7036.0,7037.0,1.0
7036.0,20259.0,1.0
7041.0,7042.0,1.0
7041.0,10953.0,1.0
7041.0,15079.0,1.0
7046.0,7047.0,1.0
7046.0,7140.0,1.0
7047.0,14731.0,1.0
7048.0,7049.0,1.0
7048.0,20925.0,1.0
7049.0,10453.0,1.0
7049.0,16513.0,1.0
7050.0,12237.0,1.0
7050.0,10772.0,1.0
7052.0,8478.0,1.0
7052.0,7932.0,1.0
7053.0,16822.0,1.0
7053.0,11424.0,1.0
7056.0,7057.0,1.0
7060.0,8012.0,1.0
7060.0,14168.0,1.0
7065.0,8499.0,1.0
7065.0,12838.0,1.0
7065.0,12286.0,1.0
7066.0,7518.0,1.0
7066.0,9941.0,1.0
7067.0,12909.0,1.0
7068.0,7069.0,1.0
7068.0,7727.0,1.0
7068.0,8664.0,1.0
7068.0,11273.0,1.0
7069.0,8665.0,1.0
7069.0,8507.0,1.0
7069.0,11274.0,1.0
7071.0,11722.0,1.0
7072.0,7073.0,1.0
7072.0,9395.0,1.0
7072.0,10863.0,1.0
7073.0,16369.0,1.0
7073.0,17006.0,1.0
7074.0,16798.0,1.0
7080.0,7081.0,1.0
7080.0,10504.0,1.0
7080.0,9671.0,1.0
7081.0,10273.0,1.0
7081.0,11911.0,1.0
7083.0,7084.0,1.0
7083.0,7536.0,1.0
7083.0,12670.0,1.0
7084.0,13268.0,1.0
7084.0,13249.0,1.0
7085.0,10655.0,1.0
7085.0,14262.0,1.0
7086.0,10984.0,1.0
7086.0,11200.0,1.0
7087.0,7088.0,1.0
7087.0,11122.0,1.0
7088.0,10556.0,1.0
7089.0,12432.0,1.0
7090.0,9926.0,1.0
7090.0,9976.0,1.0
7091.0,7092.0,1.0
7092.0,13644.0,1.0
7092.0,17443.0,1.0
7094.0,13452.0,1.0
7094.0,12217.0,1.0
7094.0,12611.0,1.0
7097.0,7098.0,1.0
7098.0,13690.0,1.0
7098.0,11546.0,1.0
7099.0,7100.0,1.0
7099.0,9677.0,1.0
7099.0,11230.0,1.0
7099.0,10843.0,1.0
7100.0,9620.0,1.0
7100.0,13872.0,1.0
7105.0,8335.0,1.0
7105.0,18273.0,1.0
7109.0,14708.0,1.0
7110.0,11185.0,1.0
7110.0,7691.0,1.0
7110.0,10646.0,1.0
7113.0,11644.0,1.0
7113.0,11485.0,1.0
7113.0,7472.0,1.0
7114.0,7115.0,1.0
7114.0,7257.0,1.0
7114.0,8726.0,1.0
7114.0,13781.0,1.0
7115.0,11353.0,1.0
7115.0,16008.0,1.0
7115.0,14736.0,1.0
7120.0,13886.0,1.0
7121.0,10036.0,1.0
7121.0,12146.0,1.0
7121.0,20380.0,1.0
7123.0,7124.0,1.0
7123.0,16837.0,1.0
7123.0,11322.0,1.0
7124.0,10563.0,1.0
7124.0,8481.0,1.0
7133.0,11488.0,1.0
7133.0,11051.0,1.0
7133.0,12796.0,1.0
7135.0,13614.0,1.0
7139.0,13730.0,1.0
7140.0,8340.0,1.0
7140.0,7866.0,1.0
7141.0,7142.0,1.0
7142.0,7744.0,1.0
7145.0,7146.0,1.0
7145.0,9616.0,1.0
7145.0,12532.0,1.0
7146.0,12738.0,1.0
7151.0,7152.0,1.0
7151.0,10173.0,1.0
7152.0,10895.0,1.0
7155.0,10669.0,1.0
7155.0,13171.0,1.0
7161.0,14364.0,1.0
7166.0,7167.0,1.0
7166.0,12144.0,1.0
7167.0,7722.0,1.0
7168.0,7169.0,1.0
7169.0,12683.0,1.0
7171.0,7172.0,1.0
7171.0,12981.0,1.0
7171.0,9804.0,1.0
7171.0,8345.0,1.0
7172.0,8345.0,1.0
7172.0,12006.0,1.0
7172.0,16957.0,1.0
7178.0,16516.0,1.0
7179.0,11090.0,1.0
7179.0,14390.0,1.0
7180.0,7181.0,1.0
7180.0,12346.0,1.0
7181.0,8644.0,1.0
7182.0,9658.0,1.0
7183.0,7184.0,1.0
7184.0,7982.0,1.0
7186.0,7187.0,1.0
7186.0,8293.0,1.0
7186.0,10081.0,1.0
7187.0,12345.0,1.0
7187.0,14907.0,1.0
7195.0,8602.0,1.0
7195.0,9034.0,1.0
7196.0,7197.0,1.0
7197.0,16590.0,1.0
7197.0,13944.0,1.0
7197.0,17055.0,1.0
7205.0,7206.0,1.0
7205.0,7945.0,1.0
7205.0,12182.0,1.0
7206.0,10192.0,1.0
7206.0,7766.0,1.0
7208.0,7835.0,1.0
7208.0,7589.0,1.0
7209.0,9390.0,1.0
7209.0,13618.0,1.0
7211.0,8576.0,1.0
7211.0,12763.0,1.0
7213.0,9033.0,1.0
7217.0,12460.0,1.0
7217.0,10162.0,1.0
7223.0,12604.0,1.0
7223.0,11306.0,1.0
7224.0,10181.0,1.0
7224.0,12957.0,1.0
7229.0,8081.0,1.0
7229.0,7504.0,1.0
7231.0,7232.0,1.0
7232.0,19054.0,1.0
7232.0,17586.0,1.0
7233.0,7234.0,1.0
7233.0,11739.0,1.0
7234.0,7438.0,1.0
7234.0,11740.0,1.0
7238.0,7239.0,1.0
7238.0,11611.0,1.0
7238.0,18975.0,1.0
7239.0,8184.0,1.0
7239.0,10271.0,1.0
7239.0,11612.0,1.0
7241.0,7242.0,1.0
7241.0,8507.0,1.0
7241.0,9774.0,1.0
7241.0,8665.0,1.0
7242.0,9591.0,1.0
7242.0,13726.0,1.0
7243.0,8320.0,1.0
7243.0,13592.0,1.0
7243.0,10341.0,1.0
7246.0,7247.0,1.0
7246.0,14284.0,1.0
7247.0,7851.0,1.0
7247.0,14565.0,1.0
7249.0,7250.0,1.0
7249.0,11716.0,1.0
7249.0,7854.0,1.0
7251.0,9650.0,1.0
7253.0,7254.0,1.0
7253.0,10194.0,1.0
7254.0,10988.0,1.0
7254.0,13175.0,1.0
7255.0,9585.0,1.0
7257.0,10118.0,1.0
7257.0,14736.0,1.0
7265.0,8127.0,1.0
7265.0,12634.0,1.0
7265.0,17138.0,1.0
7268.0,7269.0,1.0
7268.0,11217.0,1.0
7269.0,13779.0,1.0
7269.0,16496.0,1.0
7271.0,11236.0,1.0
7272.0,7273.0,1.0
7272.0,13129.0,1.0
7273.0,10175.0,1.0
7273.0,14735.0,1.0
7273.0,19429.0,1.0
7274.0,7760.0,1.0
7274.0,9700.0,1.0
7275.0,7276.0,1.0
7275.0,12116.0,1.0
7276.0,13881.0,1.0
7276.0,20836.0,1.0
7277.0,11149.0,1.0
7277.0,17763.0,1.0
7277.0,19915.0,1.0
7279.0,7361.0,1.0
7280.0,13607.0,1.0
7283.0,12579.0,1.0
7283.0,12433.0,1.0
7287.0,7288.0,1.0
7287.0,13195.0,1.0
7288.0,8471.0,1.0
7289.0,11540.0,1.0
7289.0,13053.0,1.0
7294.0,8128.0,1.0
7294.0,11386.0,1.0
7296.0,10285.0,1.0
7296.0,16368.0,1.0
7300.0,20808.0,1.0
7305.0,7306.0,1.0
7305.0,8571.0,1.0
7305.0,7735.0,1.0
7306.0,7735.0,1.0
7306.0,12354.0,1.0
7306.0,12569.0,1.0
7307.0,7308.0,1.0
7307.0,11598.0,1.0
7308.0,14255.0,1.0
7309.0,7310.0,1.0
7310.0,18003.0,1.0
7314.0,8763.0,1.0
7314.0,12779.0,1.0
7315.0,14643.0,1.0
7315.0,14152.0,1.0
7315.0,12926.0,1.0
7315.0,7817.0,1.0
7316.0,13500.0,1.0
7316.0,12905.0,1.0
7318.0,7319.0,1.0
7318.0,9687.0,1.0
7318.0,16492.0,1.0
7318.0,16567.0,1.0
7319.0,11555.0,1.0
7319.0,10945.0,1.0
7319.0,16850.0,1.0
7323.0,10509.0,1.0
7323.0,14704.0,1.0
7324.0,11320.0,1.0
7324.0,16500.0,1.0
7325.0,10520.0,1.0
7329.0,10655.0,1.0
7329.0,12174.0,1.0
7332.0,7333.0,1.0
7332.0,13195.0,1.0
7332.0,8395.0,1.0
7333.0,8644.0,1.0
7333.0,14009.0,1.0
7336.0,7337.0,1.0
7337.0,13201.0,1.0
7337.0,20182.0,1.0
7338.0,7339.0,1.0
7338.0,11052.0,1.0
7338.0,16086.0,1.0
7339.0,9537.0,1.0
7339.0,17419.0,1.0
7340.0,20329.0,1.0
7342.0,13414.0,1.0
7344.0,14612.0,1.0
7344.0,7728.0,1.0
7345.0,10191.0,1.0
7345.0,10698.0,1.0
7349.0,7350.0,1.0
7349.0,13238.0,1.0
7349.0,16893.0,1.0
7351.0,7352.0,1.0
7351.0,11541.0,1.0
7351.0,9877.0,1.0
7352.0,10405.0,1.0
7353.0,7354.0,1.0
7353.0,7762.0,1.0
7353.0,15563.0,1.0
7354.0,11729.0,1.0
7354.0,17468.0,1.0
7354.0,17523.0,1.0
7354.0,9490.0,1.0
7355.0,9665.0,1.0
7355.0,11409.0,1.0
7355.0,7847.0,1.0
7356.0,16419.0,1.0
7356.0,13347.0,1.0
7357.0,7358.0,1.0
7357.0,12095.0,1.0
7357.0,7895.0,1.0
7358.0,9610.0,1.0
7359.0,7360.0,1.0
7359.0,10206.0,1.0
7359.0,14039.0,1.0
7362.0,7363.0,1.0
7362.0,14623.0,1.0
7364.0,13110.0,1.0
7367.0,7368.0,1.0
7367.0,9350.0,1.0
7367.0,8228.0,1.0
7367.0,11264.0,1.0
7368.0,9510.0,1.0
7368.0,10959.0,1.0
7369.0,7370.0,1.0
7369.0,11241.0,1.0
7369.0,12207.0,1.0
7370.0,9170.0,1.0
7370.0,12342.0,1.0
7372.0,7373.0,1.0
7372.0,10525.0,1.0
7372.0,19562.0,1.0
7373.0,12865.0,1.0
7377.0,10173.0,1.0
7377.0,8516.0,1.0
7379.0,7380.0,1.0
7379.0,11227.0,1.0
7379.0,11448.0,1.0
7380.0,9631.0,1.0
7384.0,7385.0,1.0
7384.0,8576.0,1.0
7385.0,8595.0,1.0
7385.0,16067.0,1.0
7386.0,10901.0,1.0
7386.0,14031.0,1.0
7388.0,7939.0,1.0
7388.0,13567.0,1.0
7391.0,16796.0,1.0
7396.0,9668.0,1.0
7396.0,13062.0,1.0
7397.0,7398.0,1.0
7397.0,8681.0,1.0
7397.0,11643.0,1.0
7398.0,16361.0,1.0
7398.0,16442.0,1.0
7398.0,16860.0,1.0
7399.0,7400.0,1.0
7399.0,13651.0,1.0
7399.0,20048.0,1.0
7400.0,10531.0,1.0
7401.0,7700.0,1.0
7401.0,9782.0,1.0
7404.0,7405.0,1.0
7404.0,12621.0,1.0
7405.0,11760.0,1.0
7406.0,8764.0,1.0
7406.0,14671.0,1.0
7407.0,7408.0,1.0
7408.0,16732.0,1.0
7408.0,17926.0,1.0
7408.0,17047.0,1.0
7409.0,10022.0,1.0
7409.0,11470.0,1.0
7410.0,7411.0,1.0
7410.0,13659.0,1.0
7420.0,17391.0,1.0
7420.0,8966.0,1.0
7420.0,15601.0,1.0
7421.0,11746.0,1.0
7423.0,12809.0,1.0
7423.0,8492.0,1.0
7424.0,10392.0,1.0
7425.0,7426.0,1.0
7430.0,7431.0,1.0
7434.0,9801.0,1.0
7438.0,7439.0,1.0
7440.0,9119.0,1.0
7441.0,13890.0,1.0
7441.0,12820.0,1.0
7442.0,7443.0,1.0
7442.0,13891.0,1.0
7443.0,11362.0,1.0
7443.0,10454.0,1.0
7443.0,7724.0,1.0
7445.0,7446.0,1.0
7445.0,8730.0,1.0
7446.0,13441.0,1.0
7446.0,11354.0,1.0
7447.0,7448.0,1.0
7447.0,14415.0,1.0
7447.0,20462.0,1.0
7455.0,7456.0,1.0
7455.0,18131.0,1.0
7455.0,9613.0,1.0
7456.0,8801.0,1.0
7456.0,9369.0,1.0
7457.0,7458.0,1.0
7457.0,8818.0,1.0
7457.0,11831.0,1.0
7457.0,7784.0,1.0
7458.0,10408.0,1.0
7458.0,14237.0,1.0
7459.0,13221.0,1.0
7461.0,16440.0,1.0
7475.0,11615.0,1.0
7475.0,19366.0,1.0
7478.0,8472.0,1.0
7478.0,9682.0,1.0
7479.0,10142.0,1.0
7480.0,10412.0,1.0
7480.0,13455.0,1.0
7480.0,10337.0,1.0
7481.0,9037.0,1.0
7486.0,7806.0,1.0
7486.0,10027.0,1.0
7493.0,7494.0,1.0
7493.0,11145.0,1.0
7493.0,8526.0,1.0
7496.0,7497.0,1.0
7496.0,7797.0,1.0
7496.0,13559.0,1.0
7499.0,7500.0,1.0
7499.0,14809.0,1.0
7500.0,9853.0,1.0
7503.0,13651.0,1.0
7504.0,10980.0,1.0
7505.0,10850.0,1.0
7509.0,14273.0,1.0
7509.0,7834.0,1.0
7513.0,7514.0,1.0
7513.0,7664.0,1.0
7513.0,11797.0,1.0
7515.0,7964.0,1.0
7515.0,14100.0,1.0
7517.0,7518.0,1.0
7517.0,12776.0,1.0
7518.0,11708.0,1.0
7525.0,11771.0,1.0
7525.0,18986.0,1.0
7536.0,14736.0,1.0
7536.0,11353.0,1.0
7549.0,7550.0,1.0
7549.0,9770.0,1.0
7549.0,13202.0,1.0
7550.0,11983.0,1.0
7550.0,10462.0,1.0
7551.0,8045.0,1.0
7551.0,10462.0,1.0
7554.0,7555.0,1.0
7554.0,16557.0,1.0
7555.0,13832.0,1.0
7557.0,7558.0,1.0
7557.0,10537.0,1.0
7558.0,12937.0,1.0
7558.0,10537.0,1.0
7560.0,7561.0,1.0
7561.0,9070.0,1.0
7562.0,7563.0,1.0
7562.0,11690.0,1.0
7562.0,16837.0,1.0
7563.0,8063.0,1.0
7563.0,10563.0,1.0
7563.0,9469.0,1.0
7565.0,7566.0,1.0
7565.0,9214.0,1.0
7566.0,9236.0,1.0
7566.0,10330.0,1.0
7567.0,9410.0,1.0
7567.0,9409.0,1.0
7571.0,7572.0,1.0
7571.0,12744.0,1.0
7571.0,8739.0,1.0
7572.0,8330.0,1.0
7572.0,8740.0,1.0
7572.0,16507.0,1.0
7573.0,13216.0,1.0
7573.0,7875.0,1.0
7573.0,18507.0,1.0
7573.0,7667.0,1.0
7577.0,7578.0,1.0
7577.0,12828.0,1.0
7577.0,9813.0,1.0
7578.0,11128.0,1.0
7578.0,11235.0,1.0
7579.0,8351.0,1.0
7579.0,17972.0,1.0
7584.0,13789.0,1.0
7584.0,7705.0,1.0
7584.0,14315.0,1.0
7585.0,8696.0,1.0
7585.0,9142.0,1.0
7585.0,10466.0,1.0
7587.0,10690.0,1.0
7587.0,7672.0,1.0
7587.0,15418.0,1.0
7588.0,12268.0,1.0
7588.0,8856.0,1.0
7589.0,7590.0,1.0
7589.0,13255.0,1.0
7589.0,7874.0,1.0
7590.0,16472.0,1.0
7590.0,16773.0,1.0
7591.0,7592.0,1.0
7591.0,10096.0,1.0
7592.0,19568.0,1.0
7594.0,11078.0,1.0
7597.0,7598.0,1.0
7597.0,12305.0,1.0
7597.0,10205.0,1.0
7598.0,11240.0,1.0
7598.0,17901.0,1.0
7599.0,7600.0,1.0
7599.0,11583.0,1.0
7600.0,13311.0,1.0
7603.0,14006.0,1.0
7605.0,7606.0,1.0
7605.0,19436.0,1.0
7606.0,10462.0,1.0
7607.0,7608.0,1.0
7607.0,11225.0,1.0
7608.0,16772.0,1.0
7608.0,13719.0,1.0
7609.0,12193.0,1.0
7609.0,8260.0,1.0
7612.0,13484.0,1.0
7613.0,12121.0,1.0
7613.0,13953.0,1.0
7614.0,7615.0,1.0
7614.0,11498.0,1.0
7615.0,11834.0,1.0
7615.0,11499.0,1.0
7624.0,8542.0,1.0
7624.0,17002.0,1.0
7624.0,8541.0,1.0
7630.0,13828.0,1.0
7635.0,9389.0,1.0
7635.0,10332.0,1.0
7636.0,7637.0,1.0
7636.0,11224.0,1.0
7636.0,16515.0,1.0
7636.0,16445.0,1.0
7637.0,11452.0,1.0
7637.0,14258.0,1.0
7637.0,9603.0,1.0
7638.0,11257.0,1.0
7639.0,11398.0,1.0
7639.0,17277.0,1.0
7640.0,13147.0,1.0
7642.0,7643.0,1.0
7642.0,14876.0,1.0
7642.0,12816.0,1.0
7644.0,9482.0,1.0
7644.0,15000.0,1.0
7646.0,17058.0,1.0
7648.0,7649.0,1.0
7648.0,9139.0,1.0
7648.0,10348.0,1.0
7649.0,13888.0,1.0
7652.0,7653.0,1.0
7652.0,11104.0,1.0
7652.0,11275.0,1.0
7660.0,7661.0,1.0
7660.0,13504.0,1.0
7660.0,8744.0,1.0
7660.0,16445.0,1.0
7661.0,8745.0,1.0
7661.0,14258.0,1.0
7661.0,19314.0,1.0
7662.0,16769.0,1.0
7664.0,12797.0,1.0
7664.0,16348.0,1.0
7664.0,11413.0,1.0
7669.0,10352.0,1.0
7669.0,7690.0,1.0
7671.0,8688.0,1.0
7672.0,7673.0,1.0
7672.0,15109.0,1.0
7672.0,14804.0,1.0
7674.0,8608.0,1.0
7676.0,14614.0,1.0
7676.0,14062.0,1.0
7677.0,7678.0,1.0
7677.0,13930.0,1.0
7677.0,14326.0,1.0
7678.0,18011.0,1.0
7679.0,9296.0,1.0
7681.0,11553.0,1.0
7681.0,16368.0,1.0
7681.0,13848.0,1.0
7684.0,7685.0,1.0
7684.0,13351.0,1.0
7684.0,16427.0,1.0
7684.0,14208.0,1.0
7685.0,8855.0,1.0
7685.0,14209.0,1.0
7687.0,9209.0,1.0
7687.0,9208.0,1.0
7690.0,7691.0,1.0
7690.0,11185.0,1.0
7690.0,10711.0,1.0
7691.0,9287.0,1.0
7691.0,10645.0,1.0
7693.0,17056.0,1.0
7693.0,16695.0,1.0
7695.0,7696.0,1.0
7696.0,11428.0,1.0
7701.0,10664.0,1.0
7702.0,9996.0,1.0
7703.0,7704.0,1.0
7703.0,10567.0,1.0
7704.0,10503.0,1.0
7705.0,7706.0,1.0
7705.0,8003.0,1.0
7707.0,9265.0,1.0
7707.0,11694.0,1.0
7713.0,10652.0,1.0
7713.0,9291.0,1.0
7713.0,17039.0,1.0
7716.0,7717.0,1.0
7722.0,11074.0,1.0
7723.0,7724.0,1.0
7724.0,11047.0,1.0
7724.0,13622.0,1.0
7725.0,7726.0,1.0
7726.0,16083.0,1.0
7726.0,16113.0,1.0
7727.0,8081.0,1.0
7727.0,16715.0,1.0
7728.0,7729.0,1.0
7729.0,8349.0,1.0
7729.0,13140.0,1.0
7732.0,7733.0,1.0
7733.0,13853.0,1.0
7733.0,8232.0,1.0
7736.0,16528.0,1.0
7736.0,8879.0,1.0
7737.0,7738.0,1.0
7737.0,10048.0,1.0
7738.0,7769.0,1.0
7738.0,10363.0,1.0
7743.0,10258.0,1.0
7748.0,12212.0,1.0
7748.0,7912.0,1.0
7748.0,13717.0,1.0
7749.0,11889.0,1.0
7749.0,11124.0,1.0
7750.0,7751.0,1.0
7750.0,17679.0,1.0
7751.0,10848.0,1.0
7751.0,12647.0,1.0
7752.0,11258.0,1.0
7752.0,14148.0,1.0
7756.0,19401.0,1.0
7760.0,15184.0,1.0
7762.0,17532.0,1.0
7762.0,17529.0,1.0
7763.0,13530.0,1.0
7763.0,18238.0,1.0
7764.0,14343.0,1.0
7764.0,14790.0,1.0
7766.0,7767.0,1.0
7766.0,8113.0,1.0
7766.0,16465.0,1.0
7767.0,10422.0,1.0
7767.0,10192.0,1.0
7768.0,7769.0,1.0
7768.0,9100.0,1.0
7768.0,10363.0,1.0
7770.0,7771.0,1.0
7770.0,11184.0,1.0
7770.0,11842.0,1.0
7771.0,19008.0,1.0
7772.0,8872.0,1.0
7773.0,8244.0,1.0
7773.0,12730.0,1.0
7775.0,7776.0,1.0
7775.0,8508.0,1.0
7775.0,8068.0,1.0
7775.0,9376.0,1.0
7776.0,8069.0,1.0
7776.0,13781.0,1.0
7779.0,7780.0,1.0
7780.0,10323.0,1.0
7780.0,13598.0,1.0
7783.0,7784.0,1.0
7784.0,16712.0,1.0
7784.0,11796.0,1.0
7785.0,12801.0,1.0
7785.0,10488.0,1.0
7786.0,12998.0,1.0
7788.0,8030.0,1.0
7788.0,12822.0,1.0
7789.0,8865.0,1.0
7789.0,11424.0,1.0
7797.0,9941.0,1.0
7799.0,7800.0,1.0
7799.0,9222.0,1.0
7799.0,11200.0,1.0
7800.0,14730.0,1.0
7803.0,8373.0,1.0
7803.0,9501.0,1.0
7806.0,10407.0,1.0
7806.0,12025.0,1.0
7807.0,9585.0,1.0
7807.0,12563.0,1.0
7823.0,7824.0,1.0
7823.0,13484.0,1.0
7824.0,13800.0,1.0
7827.0,7828.0,1.0
7827.0,12055.0,1.0
7828.0,9868.0,1.0
7829.0,16368.0,1.0
7831.0,8497.0,1.0
7831.0,14806.0,1.0
7834.0,11117.0,1.0
7835.0,13255.0,1.0
7836.0,7837.0,1.0
7837.0,19438.0,1.0
7837.0,19442.0,1.0
7838.0,7839.0,1.0
7838.0,8326.0,1.0
7838.0,11153.0,1.0
7838.0,14625.0,1.0
7839.0,10796.0,1.0
7839.0,13291.0,1.0
7839.0,10125.0,1.0
7840.0,11837.0,1.0
7841.0,7842.0,1.0
7841.0,10062.0,1.0
7841.0,14289.0,1.0
7842.0,14373.0,1.0
7842.0,10567.0,1.0
7845.0,8873.0,1.0
7845.0,16403.0,1.0
7845.0,17039.0,1.0
7846.0,7847.0,1.0
7846.0,8092.0,1.0
7847.0,11505.0,1.0
7856.0,8544.0,1.0
7858.0,8074.0,1.0
7858.0,8870.0,1.0
7858.0,14559.0,1.0
7859.0,12363.0,1.0
7859.0,14664.0,1.0
7860.0,9364.0,1.0
7861.0,7862.0,1.0
7862.0,11676.0,1.0
7862.0,10911.0,1.0
7864.0,8728.0,1.0
7864.0,10576.0,1.0
7865.0,16440.0,1.0
7866.0,14731.0,1.0
7866.0,11061.0,1.0
7873.0,14010.0,1.0
7874.0,16472.0,1.0
7875.0,17721.0,1.0
7875.0,18508.0,1.0
7876.0,9071.0,1.0
7881.0,14831.0,1.0
7882.0,14095.0,1.0
7882.0,8834.0,1.0
7884.0,7885.0,1.0
7884.0,12100.0,1.0
7884.0,8471.0,1.0
7884.0,14009.0,1.0
7885.0,9682.0,1.0
7885.0,12101.0,1.0
7885.0,8472.0,1.0
7888.0,10131.0,1.0
7888.0,9288.0,1.0
7888.0,11680.0,1.0
7892.0,7893.0,1.0
7892.0,12094.0,1.0
7896.0,12870.0,1.0
7897.0,8029.0,1.0
7897.0,10747.0,1.0
7898.0,12459.0,1.0
7902.0,8194.0,1.0
7902.0,11189.0,1.0
7903.0,7904.0,1.0
7903.0,15558.0,1.0
7903.0,11115.0,1.0
7904.0,9027.0,1.0
7908.0,10988.0,1.0
7910.0,11251.0,1.0
7911.0,7923.0,1.0
7912.0,7913.0,1.0
7912.0,14904.0,1.0
7912.0,19189.0,1.0
7913.0,14530.0,1.0
7915.0,8940.0,1.0
7915.0,13769.0,1.0
7920.0,8682.0,1.0
7920.0,10664.0,1.0
7922.0,13262.0,1.0
7922.0,11055.0,1.0
7923.0,13115.0,1.0
7924.0,7925.0,1.0
7924.0,9768.0,1.0
7924.0,14524.0,1.0
7925.0,13567.0,1.0
7925.0,10124.0,1.0
7925.0,18266.0,1.0
7926.0,14909.0,1.0
7926.0,14910.0,1.0
7930.0,11853.0,1.0
7930.0,12651.0,1.0
7930.0,13565.0,1.0
7931.0,12272.0,1.0
7931.0,18975.0,1.0
7931.0,16694.0,1.0
7932.0,12754.0,1.0
7934.0,15958.0,1.0
7934.0,10454.0,1.0
7934.0,17637.0,1.0
7937.0,10079.0,1.0
7937.0,13371.0,1.0
7938.0,7939.0,1.0
7938.0,8036.0,1.0
7939.0,10123.0,1.0
7941.0,7942.0,1.0
7941.0,9366.0,1.0
7942.0,11257.0,1.0
7942.0,11934.0,1.0
7942.0,14369.0,1.0
7942.0,12382.0,1.0
7944.0,8365.0,1.0
7946.0,7947.0,1.0
7946.0,8940.0,1.0
7948.0,9117.0,1.0
7948.0,10450.0,1.0
7949.0,10285.0,1.0
7949.0,11982.0,1.0
7949.0,13287.0,1.0
7955.0,13982.0,1.0
7955.0,14513.0,1.0
7956.0,12874.0,1.0
7956.0,16459.0,1.0
7957.0,7958.0,1.0
7957.0,12379.0,1.0
7957.0,12736.0,1.0
7957.0,14411.0,1.0
7962.0,7963.0,1.0
7962.0,11850.0,1.0
7964.0,7965.0,1.0
7964.0,17981.0,1.0
7965.0,8331.0,1.0
7965.0,16496.0,1.0
7966.0,14780.0,1.0
7966.0,8204.0,1.0
7968.0,7969.0,1.0
7968.0,8969.0,1.0
7968.0,8291.0,1.0
7969.0,16440.0,1.0
7969.0,16486.0,1.0
7973.0,7974.0,1.0
7973.0,10650.0,1.0
7973.0,17879.0,1.0
7979.0,11017.0,1.0
7979.0,14727.0,1.0
7980.0,9483.0,1.0
7980.0,8154.0,1.0
7980.0,12603.0,1.0
7981.0,10660.0,1.0
7981.0,14081.0,1.0
7981.0,10666.0,1.0
7982.0,12405.0,1.0
7987.0,7988.0,1.0
7987.0,14256.0,1.0
7988.0,9150.0,1.0
7988.0,7999.0,1.0
7992.0,7993.0,1.0
7993.0,13626.0,1.0
7997.0,11097.0,1.0
7997.0,12920.0,1.0
7998.0,11161.0,1.0
7998.0,12058.0,1.0
7999.0,8000.0,1.0
7999.0,12048.0,1.0
8000.0,9048.0,1.0
8001.0,8002.0,1.0
8001.0,13318.0,1.0
8001.0,20956.0,1.0
8001.0,20950.0,1.0
8002.0,11481.0,1.0
8002.0,18275.0,1.0
8003.0,13322.0,1.0
8012.0,8013.0,1.0
8012.0,11419.0,1.0
8012.0,8293.0,1.0
8013.0,10080.0,1.0
8013.0,13917.0,1.0
8025.0,14851.0,1.0
8027.0,20346.0,1.0
8028.0,10109.0,1.0
8028.0,17447.0,1.0
8029.0,10957.0,1.0
8029.0,11470.0,1.0
8031.0,16912.0,1.0
8032.0,12099.0,1.0
8036.0,9612.0,1.0
8037.0,13701.0,1.0
8038.0,9125.0,1.0
8038.0,10968.0,1.0
8045.0,8046.0,1.0
8045.0,13203.0,1.0
8046.0,12680.0,1.0
8047.0,9058.0,1.0
8047.0,17845.0,1.0
8050.0,8051.0,1.0
8050.0,8979.0,1.0
8050.0,19420.0,1.0
8051.0,16786.0,1.0
8054.0,13115.0,1.0
8054.0,13428.0,1.0
8063.0,10564.0,1.0
8063.0,20670.0,1.0
8063.0,20673.0,1.0
8064.0,8065.0,1.0
8064.0,12454.0,1.0
8064.0,17707.0,1.0
8066.0,8067.0,1.0
8066.0,9388.0,1.0
8066.0,8705.0,1.0
8066.0,14806.0,1.0
8067.0,16540.0,1.0
8067.0,8706.0,1.0
8068.0,8069.0,1.0
8068.0,8700.0,1.0
8069.0,12758.0,1.0
8072.0,19130.0,1.0
8074.0,16014.0,1.0
8074.0,14155.0,1.0
8081.0,10980.0,1.0
8081.0,8664.0,1.0
8082.0,15346.0,1.0
8084.0,8085.0,1.0
8085.0,10509.0,1.0
8085.0,14091.0,1.0
8087.0,11351.0,1.0
8087.0,12800.0,1.0
8089.0,8090.0,1.0
8089.0,8383.0,1.0
8089.0,10109.0,1.0
8090.0,11357.0,1.0
8090.0,16545.0,1.0
8090.0,8296.0,1.0
8091.0,9493.0,1.0
8091.0,13776.0,1.0
8092.0,10755.0,1.0
8094.0,8095.0,1.0
8095.0,8442.0,1.0
8095.0,16084.0,1.0
8096.0,8097.0,1.0
8096.0,9925.0,1.0
8097.0,9893.0,1.0
8097.0,14506.0,1.0
8099.0,9627.0,1.0
8099.0,18016.0,1.0
8105.0,20851.0,1.0
8105.0,12680.0,1.0
8106.0,8107.0,1.0
8106.0,13107.0,1.0
8106.0,13335.0,1.0
8106.0,9106.0,1.0
8107.0,9107.0,1.0
8107.0,14165.0,1.0
8110.0,11853.0,1.0
8110.0,12964.0,1.0
8113.0,10422.0,1.0
8113.0,9595.0,1.0
8124.0,12193.0,1.0
8124.0,9411.0,1.0
8128.0,11296.0,1.0
8133.0,9136.0,1.0
8134.0,14923.0,1.0
8134.0,17013.0,1.0
8135.0,10766.0,1.0
8136.0,8137.0,1.0
8136.0,9236.0,1.0
8136.0,20812.0,1.0
8137.0,13396.0,1.0
8138.0,11060.0,1.0
8140.0,12228.0,1.0
8140.0,8236.0,1.0
8140.0,11612.0,1.0
8141.0,8142.0,1.0
8141.0,13856.0,1.0
8141.0,16097.0,1.0
8142.0,10885.0,1.0
8142.0,11487.0,1.0
8142.0,11149.0,1.0
8143.0,16080.0,1.0
8147.0,8148.0,1.0
8147.0,10132.0,1.0
8148.0,9352.0,1.0
8148.0,10132.0,1.0
8149.0,9401.0,1.0
8150.0,8151.0,1.0
8150.0,10529.0,1.0
8150.0,12045.0,1.0
8151.0,9203.0,1.0
8151.0,10406.0,1.0
8153.0,8154.0,1.0
8153.0,10960.0,1.0
8153.0,9483.0,1.0
8154.0,9034.0,1.0
8155.0,13251.0,1.0
8156.0,9668.0,1.0
8159.0,8160.0,1.0
8159.0,15979.0,1.0
8160.0,9047.0,1.0
8160.0,16031.0,1.0
8168.0,12171.0,1.0
8177.0,10786.0,1.0
8178.0,9954.0,1.0
8178.0,14644.0,1.0
8181.0,10558.0,1.0
8181.0,16860.0,1.0
8184.0,11534.0,1.0
8184.0,10272.0,1.0
8188.0,8189.0,1.0
8188.0,9599.0,1.0
8189.0,12466.0,1.0
8189.0,12695.0,1.0
8194.0,8719.0,1.0
8194.0,13687.0,1.0
8195.0,8196.0,1.0
8195.0,15161.0,1.0
8195.0,21080.0,1.0
8196.0,20390.0,1.0
8196.0,20391.0,1.0
8196.0,21085.0,1.0
8197.0,8198.0,1.0
8197.0,9070.0,1.0
8197.0,10489.0,1.0
8198.0,11427.0,1.0
8201.0,8202.0,1.0
8201.0,10905.0,1.0
8203.0,8204.0,1.0
8203.0,13394.0,1.0
8204.0,9149.0,1.0
8205.0,8206.0,1.0
8205.0,9579.0,1.0
8206.0,9144.0,1.0
8206.0,13744.0,1.0
8215.0,8216.0,1.0
8215.0,10597.0,1.0
8216.0,8255.0,1.0
8217.0,9803.0,1.0
8217.0,9142.0,1.0
8218.0,10106.0,1.0
8218.0,10948.0,1.0
8219.0,8220.0,1.0
8219.0,18228.0,1.0
8219.0,19822.0,1.0
8219.0,20863.0,1.0
8227.0,8228.0,1.0
8227.0,9350.0,1.0
8227.0,10698.0,1.0
8228.0,9510.0,1.0
8228.0,16392.0,1.0
8229.0,8605.0,1.0
8229.0,10413.0,1.0
8230.0,8231.0,1.0
8230.0,11907.0,1.0
8230.0,20842.0,1.0
8231.0,8538.0,1.0
8231.0,9341.0,1.0
8232.0,11884.0,1.0
8233.0,16919.0,1.0
8233.0,16985.0,1.0
8236.0,10085.0,1.0
8236.0,10792.0,1.0
8237.0,9263.0,1.0
8237.0,12837.0,1.0
8238.0,8260.0,1.0
8240.0,9467.0,1.0
8242.0,8243.0,1.0
8242.0,9908.0,1.0
8242.0,16985.0,1.0
8243.0,10217.0,1.0
8243.0,11528.0,1.0
8243.0,16919.0,1.0
8245.0,10055.0,1.0
8246.0,8247.0,1.0
8246.0,13346.0,1.0
8246.0,14777.0,1.0
8247.0,8794.0,1.0
8248.0,8249.0,1.0
8248.0,16018.0,1.0
8248.0,16074.0,1.0
8248.0,17933.0,1.0
8249.0,12156.0,1.0
8254.0,8255.0,1.0
8254.0,10942.0,1.0
8255.0,9401.0,1.0
8259.0,8260.0,1.0
8259.0,12193.0,1.0
8259.0,9367.0,1.0
8261.0,16717.0,1.0
8261.0,12626.0,1.0
8264.0,10048.0,1.0
8264.0,12409.0,1.0
8266.0,8865.0,1.0
8266.0,13663.0,1.0
8267.0,8633.0,1.0
8267.0,9225.0,1.0
8267.0,10740.0,1.0
8271.0,8272.0,1.0
8272.0,20443.0,1.0
8273.0,11307.0,1.0
8273.0,8800.0,1.0
8273.0,18000.0,1.0
8274.0,8275.0,1.0
8274.0,16581.0,1.0
8275.0,9467.0,1.0
8280.0,8281.0,1.0
8280.0,11765.0,1.0
8280.0,19935.0,1.0
8281.0,8584.0,1.0
8281.0,9169.0,1.0
8282.0,13428.0,1.0
8282.0,14344.0,1.0
8286.0,8287.0,1.0
8286.0,17589.0,1.0
8286.0,17586.0,1.0
8287.0,12560.0,1.0
8287.0,14836.0,1.0
8289.0,8290.0,1.0
8289.0,11697.0,1.0
8289.0,12243.0,1.0
8290.0,13234.0,1.0
8290.0,10558.0,1.0
8291.0,8292.0,1.0
8291.0,12595.0,1.0
8293.0,13411.0,1.0
8294.0,17120.0,1.0
8297.0,10306.0,1.0
8297.0,11106.0,1.0
8300.0,16128.0,1.0
8300.0,18128.0,1.0
8305.0,8306.0,1.0
8305.0,14142.0,1.0
8305.0,16629.0,1.0
8306.0,9225.0,1.0
8307.0,8308.0,1.0
8307.0,12063.0,1.0
8307.0,20582.0,1.0
8308.0,13360.0,1.0
8308.0,10382.0,1.0
8308.0,12024.0,1.0
8311.0,8312.0,1.0
8311.0,13676.0,1.0
8311.0,16421.0,1.0
8312.0,9524.0,1.0
8312.0,12550.0,1.0
8312.0,11939.0,1.0
8316.0,8317.0,1.0
8316.0,14969.0,1.0
8316.0,12369.0,1.0
8319.0,11674.0,1.0
8319.0,8765.0,1.0
8319.0,15715.0,1.0
8321.0,8322.0,1.0
8321.0,10348.0,1.0
8322.0,13563.0,1.0
8322.0,9139.0,1.0
8323.0,8324.0,1.0
8329.0,8330.0,1.0
8329.0,16507.0,1.0
8330.0,10522.0,1.0
8330.0,19240.0,1.0
8331.0,8332.0,1.0
8331.0,14532.0,1.0
8332.0,10838.0,1.0
8332.0,14532.0,1.0
8335.0,8336.0,1.0
8335.0,8878.0,1.0
8336.0,8880.0,1.0
8336.0,9164.0,1.0
8337.0,11341.0,1.0
8337.0,10311.0,1.0
8340.0,11061.0,1.0
8343.0,9187.0,1.0
8345.0,16743.0,1.0
8346.0,8347.0,1.0
8346.0,8579.0,1.0
8346.0,17850.0,1.0
8347.0,11415.0,1.0
8349.0,14184.0,1.0
8351.0,15980.0,1.0
8351.0,18118.0,1.0
8352.0,8863.0,1.0
8352.0,11165.0,1.0
8354.0,10155.0,1.0
8358.0,13179.0,1.0
8359.0,8360.0,1.0
8359.0,16497.0,1.0
8359.0,8796.0,1.0
8363.0,14872.0,1.0
8363.0,13806.0,1.0
8365.0,9315.0,1.0
8366.0,13548.0,1.0
8366.0,12992.0,1.0
8370.0,8493.0,1.0
8370.0,16330.0,1.0
8370.0,12213.0,1.0
8370.0,12339.0,1.0
8375.0,9449.0,1.0
8375.0,13832.0,1.0
8379.0,8380.0,1.0
8379.0,12995.0,1.0
8379.0,12943.0,1.0
8380.0,17028.0,1.0
8381.0,9130.0,1.0
8381.0,19540.0,1.0
8381.0,20347.0,1.0
8383.0,16545.0,1.0
8384.0,11542.0,1.0
8387.0,16581.0,1.0
8387.0,10521.0,1.0
8388.0,16976.0,1.0
8388.0,10194.0,1.0
8397.0,16692.0,1.0
8397.0,16911.0,1.0
8399.0,8400.0,1.0
8399.0,11051.0,1.0
8399.0,11962.0,1.0
8399.0,10415.0,1.0
8400.0,10416.0,1.0
8400.0,12747.0,1.0
8403.0,8404.0,1.0
8404.0,13736.0,1.0
8405.0,9037.0,1.0
8406.0,8407.0,1.0
8406.0,9846.0,1.0
8407.0,9972.0,1.0
8407.0,9845.0,1.0
8408.0,9407.0,1.0
8414.0,8415.0,1.0
8414.0,8974.0,1.0
8414.0,10773.0,1.0
8415.0,11117.0,1.0
8423.0,8881.0,1.0
8424.0,8425.0,1.0
8424.0,9739.0,1.0
8425.0,9740.0,1.0
8425.0,8603.0,1.0
8425.0,11925.0,1.0
8428.0,8429.0,1.0
8428.0,13379.0,1.0
8433.0,8434.0,1.0
8433.0,12930.0,1.0
8433.0,14100.0,1.0
8434.0,13205.0,1.0
8434.0,14532.0,1.0
8438.0,8439.0,1.0
8438.0,12602.0,1.0
8438.0,14366.0,1.0
8440.0,8870.0,1.0
8440.0,18115.0,1.0
8441.0,8442.0,1.0
8442.0,14070.0,1.0
8443.0,8444.0,1.0
8443.0,15529.0,1.0
8443.0,12864.0,1.0
8445.0,8446.0,1.0
8445.0,12944.0,1.0
8445.0,11430.0,1.0
8446.0,16074.0,1.0
8446.0,16138.0,1.0
8446.0,13000.0,1.0
8448.0,14738.0,1.0
8448.0,13880.0,1.0
8458.0,9408.0,1.0
8459.0,10353.0,1.0
8465.0,9173.0,1.0
8465.0,12674.0,1.0
8467.0,15110.0,1.0
8467.0,16121.0,1.0
8471.0,8472.0,1.0
8471.0,13195.0,1.0
8473.0,11243.0,1.0
8478.0,11227.0,1.0
8478.0,10781.0,1.0
8479.0,8480.0,1.0
8479.0,16383.0,1.0
8481.0,8482.0,1.0
8481.0,10564.0,1.0
8482.0,20669.0,1.0
8487.0,16416.0,1.0
8492.0,8493.0,1.0
8492.0,18516.0,1.0
8493.0,9666.0,1.0
8496.0,8932.0,1.0
8497.0,16540.0,1.0
8497.0,13575.0,1.0
8499.0,11897.0,1.0
8500.0,8501.0,1.0
8501.0,9016.0,1.0
8501.0,11032.0,1.0
8503.0,10662.0,1.0
8503.0,12480.0,1.0
8504.0,12111.0,1.0
8504.0,10801.0,1.0
8507.0,12455.0,1.0
8507.0,11027.0,1.0
8508.0,8726.0,1.0
8508.0,13781.0,1.0
8510.0,16416.0,1.0
8510.0,20825.0,1.0
8515.0,8516.0,1.0
8516.0,10226.0,1.0
8517.0,15230.0,1.0
8520.0,8521.0,1.0
8520.0,14738.0,1.0
8520.0,17717.0,1.0
8523.0,8524.0,1.0
8523.0,13645.0,1.0
8523.0,16689.0,1.0
8523.0,12809.0,1.0
8524.0,10376.0,1.0
8525.0,11377.0,1.0
8526.0,14721.0,1.0
8528.0,9058.0,1.0
8528.0,13402.0,1.0
8531.0,15750.0,1.0
8536.0,8537.0,1.0
8537.0,15193.0,1.0
8538.0,11519.0,1.0
8541.0,8542.0,1.0
8544.0,8545.0,1.0
8553.0,10122.0,1.0
8553.0,11179.0,1.0
8560.0,8561.0,1.0
8560.0,16656.0,1.0
8561.0,10680.0,1.0
8569.0,12415.0,1.0
8569.0,9384.0,1.0
8570.0,8571.0,1.0
8570.0,9622.0,1.0
8570.0,20136.0,1.0
8571.0,12354.0,1.0
8571.0,19571.0,1.0
8572.0,10860.0,1.0
8572.0,12161.0,1.0
8576.0,9579.0,1.0
8577.0,16815.0,1.0
8577.0,16579.0,1.0
8579.0,12044.0,1.0
8582.0,13590.0,1.0
8582.0,14536.0,1.0
8584.0,16109.0,1.0
8587.0,8588.0,1.0
8587.0,9125.0,1.0
8587.0,14735.0,1.0
8591.0,10444.0,1.0
8595.0,12245.0,1.0
8602.0,8603.0,1.0
8603.0,11924.0,1.0
8605.0,11538.0,1.0
8605.0,17652.0,1.0
8605.0,9098.0,1.0
8608.0,13673.0,1.0
8608.0,9660.0,1.0
8609.0,10701.0,1.0
8609.0,12176.0,1.0
8614.0,8615.0,1.0
8614.0,8901.0,1.0
8614.0,16467.0,1.0
8615.0,10141.0,1.0
8617.0,8618.0,1.0
8617.0,10671.0,1.0
8617.0,10468.0,1.0
8621.0,8622.0,1.0
8621.0,16503.0,1.0
8621.0,16765.0,1.0
8622.0,12368.0,1.0
8625.0,8626.0,1.0
8625.0,20626.0,1.0
8625.0,9500.0,1.0
8626.0,14724.0,1.0
8628.0,8629.0,1.0
8628.0,11008.0,1.0
8628.0,12577.0,1.0
8629.0,12578.0,1.0
8629.0,11009.0,1.0
8633.0,8883.0,1.0
8634.0,8635.0,1.0
8635.0,10407.0,1.0
8636.0,8637.0,1.0
8636.0,18281.0,1.0
8637.0,18142.0,1.0
8639.0,8640.0,1.0
8639.0,13140.0,1.0
8639.0,9710.0,1.0
8640.0,9710.0,1.0
8640.0,9368.0,1.0
8641.0,13029.0,1.0
8641.0,14415.0,1.0
8641.0,12945.0,1.0
8644.0,14811.0,1.0
8650.0,14402.0,1.0
8650.0,17924.0,1.0
8664.0,8665.0,1.0
8664.0,17110.0,1.0
8665.0,10804.0,1.0
8666.0,16779.0,1.0
8666.0,11697.0,1.0
8668.0,18310.0,1.0
8668.0,16930.0,1.0
8668.0,9994.0,1.0
8674.0,11397.0,1.0
8675.0,11788.0,1.0
8681.0,11919.0,1.0
8681.0,12052.0,1.0
8682.0,9167.0,1.0
8682.0,10936.0,1.0
8683.0,8684.0,1.0
8683.0,18207.0,1.0
8683.0,19323.0,1.0
8684.0,15105.0,1.0
8684.0,12239.0,1.0
8684.0,14322.0,1.0
8687.0,10746.0,1.0
8688.0,13433.0,1.0
8693.0,16426.0,1.0
8696.0,12711.0,1.0
8699.0,8700.0,1.0
8700.0,10755.0,1.0
8704.0,9642.0,1.0
8704.0,14098.0,1.0
8704.0,17579.0,1.0
8705.0,8706.0,1.0
8705.0,10016.0,1.0
8705.0,12000.0,1.0
8706.0,9584.0,1.0
8708.0,12263.0,1.0
8708.0,9844.0,1.0
8708.0,11959.0,1.0
8710.0,8711.0,1.0
8710.0,10163.0,1.0
8710.0,21053.0,1.0
8710.0,21055.0,1.0
8711.0,9057.0,1.0
8711.0,10091.0,1.0
8713.0,9150.0,1.0
8713.0,10265.0,1.0
8714.0,8715.0,1.0
8714.0,11237.0,1.0
8714.0,14629.0,1.0
8715.0,10418.0,1.0
8715.0,9452.0,1.0
8718.0,8719.0,1.0
8718.0,9650.0,1.0
8720.0,8721.0,1.0
8720.0,9129.0,1.0
8721.0,13211.0,1.0
8726.0,10118.0,1.0
8728.0,9665.0,1.0
8728.0,10442.0,1.0
8729.0,11092.0,1.0
8729.0,11082.0,1.0
8730.0,8731.0,1.0
8730.0,14707.0,1.0
8732.0,8733.0,1.0
8733.0,11030.0,1.0
8733.0,13597.0,1.0
8739.0,8740.0,1.0
8740.0,10522.0,1.0
8740.0,11922.0,1.0
8744.0,8745.0,1.0
8744.0,18011.0,1.0
8744.0,16767.0,1.0
8745.0,9176.0,1.0
8747.0,9208.0,1.0
8747.0,13106.0,1.0
8747.0,9331.0,1.0
8750.0,9939.0,1.0
8750.0,16403.0,1.0
8751.0,10017.0,1.0
8752.0,17036.0,1.0
8753.0,13277.0,1.0
8757.0,10453.0,1.0
8763.0,9086.0,1.0
8763.0,11586.0,1.0
8763.0,9830.0,1.0
8764.0,13433.0,1.0
8765.0,11510.0,1.0
8765.0,9927.0,1.0
8766.0,8767.0,1.0
8766.0,11920.0,1.0
8767.0,10262.0,1.0
8779.0,8780.0,1.0
8780.0,11326.0,1.0
8781.0,8782.0,1.0
8782.0,15239.0,1.0
8785.0,15947.0,1.0
8785.0,17418.0,1.0
8787.0,10636.0,1.0
8787.0,10088.0,1.0
8787.0,16140.0,1.0
8791.0,12600.0,1.0
8791.0,16371.0,1.0
8791.0,11023.0,1.0
8793.0,8794.0,1.0
8793.0,13821.0,1.0
8794.0,10640.0,1.0
8797.0,15832.0,1.0
8798.0,12290.0,1.0
8799.0,8800.0,1.0
8799.0,8969.0,1.0
8799.0,12073.0,1.0
8799.0,9836.0,1.0
8800.0,16486.0,1.0
8800.0,16976.0,1.0
8801.0,10574.0,1.0
8801.0,15014.0,1.0
8801.0,18529.0,1.0
8801.0,17861.0,1.0
8801.0,12985.0,1.0
8810.0,8811.0,1.0
8811.0,10967.0,1.0
8811.0,14208.0,1.0
8818.0,11796.0,1.0
8818.0,14237.0,1.0
8821.0,11085.0,1.0
8821.0,11909.0,1.0
8821.0,16429.0,1.0
8822.0,8823.0,1.0
8822.0,10805.0,1.0
8822.0,16203.0,1.0
8823.0,20585.0,1.0
8830.0,13394.0,1.0
8830.0,19198.0,1.0
8831.0,12968.0,1.0
8831.0,17692.0,1.0
8832.0,8833.0,1.0
8832.0,13779.0,1.0
8833.0,13471.0,1.0
8834.0,14863.0,1.0
8836.0,13760.0,1.0
8841.0,17845.0,1.0
8841.0,16719.0,1.0
8842.0,11628.0,1.0
8845.0,8846.0,1.0
8846.0,10245.0,1.0
8846.0,9913.0,1.0
8846.0,17010.0,1.0
8846.0,20785.0,1.0
8855.0,9328.0,1.0
8856.0,10341.0,1.0
8858.0,9558.0,1.0
8858.0,13265.0,1.0
8858.0,15030.0,1.0
8858.0,13168.0,1.0
8858.0,20079.0,1.0
8862.0,8863.0,1.0
8862.0,13541.0,1.0
8862.0,11302.0,1.0
8863.0,9998.0,1.0
8865.0,8866.0,1.0
8869.0,17419.0,1.0
8871.0,9133.0,1.0
8871.0,15125.0,1.0
8872.0,12813.0,1.0
8873.0,13554.0,1.0
8878.0,8879.0,1.0
8878.0,9164.0,1.0
8879.0,12462.0,1.0
8880.0,14038.0,1.0
8881.0,12356.0,1.0
8881.0,13961.0,1.0
8884.0,10092.0,1.0
8884.0,11092.0,1.0
8885.0,14168.0,1.0
8885.0,10535.0,1.0
8893.0,8894.0,1.0
8893.0,10579.0,1.0
8893.0,10688.0,1.0
8894.0,19994.0,1.0
8894.0,20207.0,1.0
8896.0,11325.0,1.0
8897.0,9618.0,1.0
8897.0,10544.0,1.0
8900.0,8901.0,1.0
8900.0,11161.0,1.0
8901.0,13885.0,1.0
8903.0,8904.0,1.0
8903.0,13727.0,1.0
8904.0,14940.0,1.0
8904.0,14969.0,1.0
8905.0,17058.0,1.0
8905.0,9605.0,1.0
8907.0,16595.0,1.0
8908.0,8909.0,1.0
8908.0,17988.0,1.0
8910.0,9187.0,1.0
8910.0,10262.0,1.0
8911.0,10044.0,1.0
8911.0,10547.0,1.0
8916.0,8917.0,1.0
8916.0,9798.0,1.0
8916.0,12170.0,1.0
8917.0,9342.0,1.0
8917.0,9883.0,1.0
8924.0,14467.0,1.0
8924.0,14494.0,1.0
8926.0,11786.0,1.0
8926.0,11465.0,1.0
8927.0,8928.0,1.0
8928.0,9997.0,1.0
8928.0,12960.0,1.0
8929.0,8930.0,1.0
8931.0,8932.0,1.0
8931.0,12655.0,1.0
8932.0,11347.0,1.0
8932.0,14282.0,1.0
8933.0,10808.0,1.0
8938.0,10650.0,1.0
8939.0,8940.0,1.0
8939.0,9584.0,1.0
8939.0,16527.0,1.0
8939.0,13863.0,1.0
8944.0,14167.0,1.0
8944.0,20805.0,1.0
8945.0,13477.0,1.0
8945.0,10044.0,1.0
8952.0,19156.0,1.0
8953.0,9824.0,1.0
8953.0,11448.0,1.0
8953.0,20510.0,1.0
8954.0,8955.0,1.0
8954.0,10589.0,1.0
8954.0,18317.0,1.0
8955.0,14709.0,1.0
8956.0,8957.0,1.0
8962.0,8963.0,1.0
8962.0,13201.0,1.0
8962.0,20169.0,1.0
8963.0,14448.0,1.0
8963.0,17966.0,1.0
8965.0,8966.0,1.0
8966.0,12763.0,1.0
8969.0,12595.0,1.0
8969.0,16486.0,1.0
8974.0,16434.0,1.0
8974.0,14516.0,1.0
8977.0,8978.0,1.0
8977.0,21127.0,1.0
8978.0,21128.0,1.0
8979.0,10241.0,1.0
8979.0,11673.0,1.0
8980.0,12111.0,1.0
8980.0,14515.0,1.0
8980.0,11214.0,1.0
8982.0,9070.0,1.0
8982.0,10489.0,1.0
8985.0,9595.0,1.0
8990.0,8991.0,1.0
8990.0,18317.0,1.0
8991.0,12549.0,1.0
8991.0,17670.0,1.0
8992.0,10527.0,1.0
8992.0,14562.0,1.0
8995.0,10363.0,1.0
8995.0,10497.0,1.0
8998.0,11155.0,1.0
9000.0,13921.0,1.0
9000.0,13008.0,1.0
9002.0,9991.0,1.0
9002.0,11128.0,1.0
9009.0,14776.0,1.0
9009.0,17673.0,1.0
9013.0,9995.0,1.0
9013.0,10852.0,1.0
9015.0,10386.0,1.0
9016.0,9017.0,1.0
9016.0,10669.0,1.0
9017.0,9531.0,1.0
9017.0,10523.0,1.0
9017.0,17072.0,1.0
9018.0,9019.0,1.0
9019.0,11762.0,1.0
9022.0,9023.0,1.0
9033.0,16929.0,1.0
9033.0,10628.0,1.0
9037.0,9038.0,1.0
9043.0,13334.0,1.0
9043.0,17453.0,1.0
9044.0,9045.0,1.0
9045.0,13100.0,1.0
9047.0,11787.0,1.0
9052.0,9053.0,1.0
9052.0,10735.0,1.0
9053.0,13434.0,1.0
9053.0,17652.0,1.0
9055.0,9056.0,1.0
9057.0,20961.0,1.0
9058.0,18530.0,1.0
9068.0,9069.0,1.0
9069.0,12442.0,1.0
9071.0,9072.0,1.0
9071.0,20303.0,1.0
9072.0,12618.0,1.0
9072.0,13238.0,1.0
9073.0,9074.0,1.0
9073.0,11388.0,1.0
9073.0,16348.0,1.0
9074.0,11774.0,1.0
9074.0,12049.0,1.0
9074.0,11797.0,1.0
9075.0,13107.0,1.0
9075.0,12664.0,1.0
9076.0,9077.0,1.0
9076.0,10479.0,1.0
9081.0,9082.0,1.0
9081.0,16114.0,1.0
9081.0,11568.0,1.0
9086.0,13570.0,1.0
9086.0,14393.0,1.0
9086.0,20775.0,1.0
9090.0,12770.0,1.0
9090.0,14683.0,1.0
9096.0,9097.0,1.0
9096.0,10902.0,1.0
9096.0,13676.0,1.0
9097.0,11939.0,1.0
9097.0,13362.0,1.0
9097.0,13676.0,1.0
9098.0,18527.0,1.0
9099.0,9183.0,1.0
9099.0,9673.0,1.0
9100.0,9101.0,1.0
9101.0,13435.0,1.0
9106.0,9107.0,1.0
9106.0,12664.0,1.0
9106.0,10279.0,1.0
9107.0,10923.0,1.0
9112.0,20346.0,1.0
9113.0,9114.0,1.0
9114.0,15828.0,1.0
9117.0,13088.0,1.0
9119.0,18302.0,1.0
9125.0,13564.0,1.0
9129.0,9130.0,1.0
9129.0,9696.0,1.0
9131.0,14069.0,1.0
9131.0,17405.0,1.0
9133.0,9134.0,1.0
9133.0,13052.0,1.0
9133.0,15189.0,1.0
9134.0,13252.0,1.0
9135.0,9136.0,1.0
9135.0,11679.0,1.0
9135.0,11553.0,1.0
9136.0,20957.0,1.0
9140.0,9603.0,1.0
9140.0,11452.0,1.0
9140.0,16675.0,1.0
9142.0,10274.0,1.0
9147.0,9148.0,1.0
9147.0,16437.0,1.0
9147.0,20193.0,1.0
9149.0,13182.0,1.0
9150.0,12048.0,1.0
9151.0,12818.0,1.0
9151.0,11220.0,1.0
9152.0,9732.0,1.0
9152.0,13666.0,1.0
9153.0,11429.0,1.0
9153.0,14016.0,1.0
9154.0,18001.0,1.0
9162.0,14292.0,1.0
9164.0,12462.0,1.0
9167.0,12247.0,1.0
9167.0,11305.0,1.0
9168.0,16135.0,1.0
9168.0,16089.0,1.0
9169.0,16073.0,1.0
9169.0,16109.0,1.0
9170.0,9171.0,1.0
9171.0,10289.0,1.0
9171.0,12342.0,1.0
9172.0,11502.0,1.0
9172.0,16340.0,1.0
9173.0,9323.0,1.0
9175.0,9176.0,1.0
9175.0,16767.0,1.0
9175.0,20811.0,1.0
9176.0,10782.0,1.0
9180.0,10158.0,1.0
9180.0,10652.0,1.0
9180.0,11447.0,1.0
9183.0,10060.0,1.0
9183.0,13726.0,1.0
9190.0,12563.0,1.0
9195.0,9196.0,1.0
9195.0,16105.0,1.0
9195.0,19926.0,1.0
9196.0,12581.0,1.0
9196.0,10342.0,1.0
9198.0,9199.0,1.0
9198.0,14377.0,1.0
9198.0,12766.0,1.0
9200.0,13539.0,1.0
9200.0,14256.0,1.0
9200.0,10860.0,1.0
9203.0,10529.0,1.0
9203.0,12191.0,1.0
9204.0,18986.0,1.0
9208.0,12547.0,1.0
9209.0,9210.0,1.0
9210.0,11940.0,1.0
9210.0,12614.0,1.0
9211.0,9395.0,1.0
9211.0,16980.0,1.0
9211.0,20327.0,1.0
9212.0,13242.0,1.0
9213.0,9214.0,1.0
9213.0,12861.0,1.0
9213.0,14914.0,1.0
9214.0,9236.0,1.0
9222.0,14730.0,1.0
9222.0,14903.0,1.0
9222.0,11494.0,1.0
9225.0,11015.0,1.0
9229.0,9230.0,1.0
9229.0,11638.0,1.0
9230.0,10852.0,1.0
9230.0,13274.0,1.0
9233.0,11828.0,1.0
9233.0,12007.0,1.0
9236.0,13396.0,1.0
9237.0,15123.0,1.0
9237.0,9700.0,1.0
9241.0,10026.0,1.0
9241.0,10014.0,1.0
9241.0,10892.0,1.0
9247.0,13981.0,1.0
9249.0,13851.0,1.0
9250.0,9251.0,1.0
9250.0,14441.0,1.0
9251.0,12827.0,1.0
9251.0,11770.0,1.0
9258.0,9385.0,1.0
9258.0,12333.0,1.0
9258.0,9716.0,1.0
9262.0,13619.0,1.0
9264.0,13046.0,1.0
9265.0,9486.0,1.0
9265.0,13981.0,1.0
9279.0,9280.0,1.0
9280.0,15980.0,1.0
9280.0,13093.0,1.0
9281.0,12248.0,1.0
9281.0,15481.0,1.0
9287.0,10711.0,1.0
9287.0,13447.0,1.0
9288.0,11425.0,1.0
9288.0,10131.0,1.0
9290.0,9291.0,1.0
9290.0,16934.0,1.0
9290.0,16627.0,1.0
9291.0,11614.0,1.0
9294.0,9323.0,1.0
9295.0,9296.0,1.0
9296.0,11706.0,1.0
9299.0,13127.0,1.0
9299.0,15230.0,1.0
9305.0,12959.0,1.0
9314.0,12161.0,1.0
9315.0,9738.0,1.0
9319.0,9320.0,1.0
9319.0,10168.0,1.0
9319.0,11527.0,1.0
9320.0,12288.0,1.0
9320.0,20954.0,1.0
9321.0,9322.0,1.0
9321.0,12968.0,1.0
9323.0,13601.0,1.0
9326.0,9327.0,1.0
9326.0,9928.0,1.0
9327.0,12010.0,1.0
9327.0,9927.0,1.0
9328.0,9329.0,1.0
9328.0,14209.0,1.0
9329.0,11818.0,1.0
9331.0,9332.0,1.0
9331.0,12750.0,1.0
9332.0,11376.0,1.0
9333.0,13160.0,1.0
9333.0,13122.0,1.0
9334.0,16366.0,1.0
9337.0,11605.0,1.0
9337.0,11395.0,1.0
9340.0,9341.0,1.0
9340.0,9383.0,1.0
9340.0,14776.0,1.0
9341.0,11519.0,1.0
9341.0,11907.0,1.0
9342.0,16399.0,1.0
9342.0,15395.0,1.0
9344.0,9345.0,1.0
9344.0,13666.0,1.0
9344.0,16150.0,1.0
9345.0,13957.0,1.0
9345.0,13665.0,1.0
9347.0,9348.0,1.0
9347.0,12645.0,1.0
9350.0,10191.0,1.0
9351.0,9352.0,1.0
9351.0,16517.0,1.0
9352.0,11915.0,1.0
9362.0,17075.0,1.0
9364.0,13987.0,1.0
9364.0,16765.0,1.0
9366.0,11934.0,1.0
9366.0,14257.0,1.0
9368.0,17971.0,1.0
9369.0,16549.0,1.0
9369.0,12369.0,1.0
9369.0,9613.0,1.0
9371.0,9372.0,1.0
9371.0,10858.0,1.0
9371.0,19190.0,1.0
9372.0,13096.0,1.0
9372.0,14025.0,1.0
9372.0,10340.0,1.0
9376.0,11866.0,1.0
9380.0,9381.0,1.0
9380.0,13067.0,1.0
9380.0,17893.0,1.0
9382.0,11240.0,1.0
9383.0,9384.0,1.0
9383.0,14723.0,1.0
9383.0,11519.0,1.0
9384.0,10169.0,1.0
9384.0,11840.0,1.0
9385.0,16972.0,1.0
9386.0,16096.0,1.0
9386.0,10131.0,1.0
9388.0,12000.0,1.0
9388.0,13304.0,1.0
9389.0,10597.0,1.0
9389.0,13987.0,1.0
9390.0,10537.0,1.0
9390.0,10536.0,1.0
9395.0,12778.0,1.0
9395.0,16369.0,1.0
9396.0,17405.0,1.0
9396.0,18485.0,1.0
9399.0,14577.0,1.0
9400.0,13550.0,1.0
9400.0,13156.0,1.0
9400.0,16148.0,1.0
9400.0,9844.0,1.0
9402.0,11276.0,1.0
9402.0,13736.0,1.0
9407.0,10383.0,1.0
9408.0,11115.0,1.0
9409.0,10960.0,1.0
9411.0,9412.0,1.0
9411.0,16632.0,1.0
9412.0,11024.0,1.0
9416.0,9417.0,1.0
9416.0,14740.0,1.0
9424.0,9759.0,1.0
9424.0,17388.0,1.0
9429.0,9430.0,1.0
9429.0,14028.0,1.0
9429.0,11137.0,1.0
9432.0,9433.0,1.0
9432.0,14906.0,1.0
9432.0,10944.0,1.0
9433.0,10540.0,1.0
9440.0,16613.0,1.0
9440.0,17054.0,1.0
9442.0,12959.0,1.0
9442.0,11308.0,1.0
9448.0,9449.0,1.0
9448.0,13832.0,1.0
9451.0,9452.0,1.0
9452.0,18462.0,1.0
9454.0,9455.0,1.0
9454.0,9613.0,1.0
9455.0,16549.0,1.0
9455.0,16991.0,1.0
9461.0,9462.0,1.0
9462.0,17607.0,1.0
9465.0,9466.0,1.0
9465.0,16924.0,1.0
9466.0,13961.0,1.0
9466.0,12356.0,1.0
9467.0,10521.0,1.0
9468.0,9961.0,1.0
9468.0,17016.0,1.0
9469.0,9470.0,1.0
9470.0,13747.0,1.0
9470.0,10837.0,1.0
9472.0,10947.0,1.0
9472.0,11415.0,1.0
9474.0,15353.0,1.0
9474.0,11668.0,1.0
9478.0,10987.0,1.0
9478.0,13436.0,1.0
9478.0,14160.0,1.0
9481.0,16586.0,1.0
9482.0,12723.0,1.0
9482.0,16725.0,1.0
9483.0,10959.0,1.0
9485.0,9486.0,1.0
9485.0,16067.0,1.0
9485.0,21201.0,1.0
9486.0,11976.0,1.0
9487.0,12874.0,1.0
9487.0,14694.0,1.0
9487.0,10381.0,1.0
9490.0,9491.0,1.0
9490.0,17523.0,1.0
9491.0,16918.0,1.0
9491.0,11762.0,1.0
9492.0,9493.0,1.0
9492.0,11311.0,1.0
9492.0,13899.0,1.0
9500.0,9501.0,1.0
9500.0,9805.0,1.0
9500.0,11258.0,1.0
9504.0,9505.0,1.0
9504.0,12582.0,1.0
9504.0,21063.0,1.0
9505.0,12280.0,1.0
9505.0,14069.0,1.0
9510.0,12857.0,1.0
9511.0,14156.0,1.0
9511.0,9709.0,1.0
9511.0,15216.0,1.0
9511.0,11416.0,1.0
9514.0,10808.0,1.0
9514.0,12176.0,1.0
9515.0,13586.0,1.0
9515.0,12916.0,1.0
9522.0,12916.0,1.0
9522.0,12401.0,1.0
9523.0,11555.0,1.0
9523.0,13300.0,1.0
9523.0,16675.0,1.0
9524.0,12912.0,1.0
9525.0,10168.0,1.0
9525.0,11722.0,1.0
9529.0,16717.0,1.0
9530.0,9531.0,1.0
9532.0,11813.0,1.0
9532.0,13663.0,1.0
9533.0,16719.0,1.0
9533.0,20850.0,1.0
9534.0,9984.0,1.0
9534.0,12870.0,1.0
9536.0,16366.0,1.0
9537.0,16086.0,1.0
9538.0,19616.0,1.0
9539.0,9540.0,1.0
9539.0,11307.0,1.0
9539.0,13711.0,1.0
9540.0,11777.0,1.0
9540.0,12429.0,1.0
9545.0,13471.0,1.0
9545.0,17027.0,1.0
9546.0,9547.0,1.0
9546.0,10284.0,1.0
9546.0,12506.0,1.0
9547.0,9872.0,1.0
9547.0,12289.0,1.0
9547.0,13752.0,1.0
9556.0,9557.0,1.0
9557.0,12275.0,1.0
9558.0,9559.0,1.0
9559.0,13028.0,1.0
9559.0,16991.0,1.0
9561.0,9562.0,1.0
9561.0,15107.0,1.0
9561.0,17003.0,1.0
9562.0,16704.0,1.0
9562.0,20803.0,1.0
9566.0,13826.0,1.0
9566.0,11662.0,1.0
9573.0,9574.0,1.0
9573.0,9621.0,1.0
9574.0,10504.0,1.0
9574.0,11605.0,1.0
9577.0,9578.0,1.0
9578.0,11955.0,1.0
9578.0,13098.0,1.0
9578.0,20339.0,1.0
9579.0,11698.0,1.0
9585.0,11850.0,1.0
9589.0,9590.0,1.0
9589.0,10957.0,1.0
9589.0,11718.0,1.0
9589.0,10273.0,1.0
9590.0,11470.0,1.0
9590.0,13049.0,1.0
9591.0,9592.0,1.0
9591.0,12455.0,1.0
9592.0,10094.0,1.0
9593.0,13117.0,1.0
9593.0,13382.0,1.0
9594.0,9595.0,1.0
9594.0,11826.0,1.0
9594.0,13644.0,1.0
9595.0,13632.0,1.0
9599.0,12015.0,1.0
9602.0,10268.0,1.0
9603.0,9604.0,1.0
9603.0,16787.0,1.0
9604.0,9686.0,1.0
9604.0,16788.0,1.0
9604.0,16675.0,1.0
9605.0,12606.0,1.0
9611.0,9612.0,1.0
9616.0,9799.0,1.0
9616.0,12532.0,1.0
9616.0,12738.0,1.0
9620.0,14582.0,1.0
9620.0,10435.0,1.0
9621.0,11605.0,1.0
9622.0,11970.0,1.0
9622.0,12304.0,1.0
9622.0,16570.0,1.0
9627.0,9628.0,1.0
9628.0,13062.0,1.0
9628.0,18016.0,1.0
9628.0,16832.0,1.0
9630.0,9631.0,1.0
9630.0,19794.0,1.0
9631.0,14260.0,1.0
9632.0,14319.0,1.0
9632.0,9694.0,1.0
9634.0,9635.0,1.0
9634.0,12756.0,1.0
9634.0,15200.0,1.0
9637.0,9638.0,1.0
9637.0,14280.0,1.0
9639.0,13099.0,1.0
9639.0,15131.0,1.0
9640.0,11521.0,1.0
9641.0,9642.0,1.0
9642.0,12887.0,1.0
9643.0,9644.0,1.0
9643.0,11387.0,1.0
9643.0,20929.0,1.0
9644.0,20927.0,1.0
9644.0,17581.0,1.0
9645.0,16581.0,1.0
9647.0,9648.0,1.0
9647.0,17103.0,1.0
9648.0,16718.0,1.0
9651.0,9652.0,1.0
9651.0,13278.0,1.0
9652.0,10526.0,1.0
9655.0,13294.0,1.0
9655.0,17055.0,1.0
9656.0,9657.0,1.0
9656.0,10658.0,1.0
9657.0,14572.0,1.0
9659.0,17334.0,1.0
9659.0,15947.0,1.0
9660.0,9661.0,1.0
9661.0,13673.0,1.0
9661.0,12277.0,1.0
9665.0,10159.0,1.0
9669.0,11208.0,1.0
9670.0,12297.0,1.0
9670.0,21018.0,1.0
9671.0,9914.0,1.0
9671.0,11911.0,1.0
9672.0,9673.0,1.0
9672.0,19067.0,1.0
9673.0,10060.0,1.0
9673.0,13910.0,1.0
9677.0,13693.0,1.0
9678.0,9679.0,1.0
9679.0,12147.0,1.0
9680.0,9681.0,1.0
9680.0,12339.0,1.0
9680.0,9750.0,1.0
9680.0,12213.0,1.0
9681.0,11439.0,1.0
9681.0,16939.0,1.0
9682.0,12409.0,1.0
9683.0,11068.0,1.0
9683.0,17967.0,1.0
9686.0,9687.0,1.0
9686.0,16841.0,1.0
9686.0,16492.0,1.0
9687.0,13932.0,1.0
9687.0,16566.0,1.0
9688.0,21102.0,1.0
9688.0,20989.0,1.0
9688.0,18066.0,1.0
9689.0,9690.0,1.0
9689.0,10659.0,1.0
9689.0,19933.0,1.0
9690.0,14531.0,1.0
9690.0,16142.0,1.0
9693.0,9694.0,1.0
9693.0,14002.0,1.0
9693.0,13930.0,1.0
9694.0,11678.0,1.0
9698.0,16716.0,1.0
9698.0,16779.0,1.0
9699.0,16358.0,1.0
9701.0,15213.0,1.0
9702.0,10397.0,1.0
9702.0,11337.0,1.0
9709.0,9710.0,1.0
9727.0,20308.0,1.0
9727.0,18523.0,1.0
9728.0,10326.0,1.0
9728.0,10179.0,1.0
9728.0,11383.0,1.0
9732.0,12790.0,1.0
9732.0,16135.0,1.0
9736.0,10442.0,1.0
9737.0,17187.0,1.0
9737.0,17140.0,1.0
9738.0,13331.0,1.0
9739.0,9740.0,1.0
9739.0,20870.0,1.0
9740.0,18136.0,1.0
9745.0,15044.0,1.0
9746.0,9747.0,1.0
9746.0,11333.0,1.0
9746.0,15080.0,1.0
9747.0,13663.0,1.0
9747.0,13945.0,1.0
9748.0,14028.0,1.0
9748.0,14441.0,1.0
9750.0,16939.0,1.0
9750.0,16579.0,1.0
9771.0,9802.0,1.0
9771.0,10360.0,1.0
9772.0,9773.0,1.0
9773.0,16794.0,1.0
9774.0,10804.0,1.0
9774.0,13726.0,1.0
9775.0,12284.0,1.0
9779.0,11045.0,1.0
9781.0,9782.0,1.0
9781.0,12807.0,1.0
9781.0,14833.0,1.0
9781.0,21142.0,1.0
9782.0,11225.0,1.0
9786.0,9787.0,1.0
9786.0,20231.0,1.0
9787.0,13366.0,1.0
9787.0,14157.0,1.0
9792.0,13154.0,1.0
9792.0,17002.0,1.0
9793.0,9794.0,1.0
9794.0,12421.0,1.0
9794.0,16736.0,1.0
9794.0,19365.0,1.0
9797.0,9798.0,1.0
9797.0,12719.0,1.0
9799.0,11427.0,1.0
9799.0,10270.0,1.0
9799.0,14603.0,1.0
9801.0,13056.0,1.0
9801.0,13057.0,1.0
9802.0,10906.0,1.0
9802.0,16926.0,1.0
9803.0,9804.0,1.0
9803.0,10274.0,1.0
9803.0,12981.0,1.0
9805.0,11732.0,1.0
9806.0,18433.0,1.0
9807.0,9808.0,1.0
9807.0,14554.0,1.0
9808.0,14339.0,1.0
9808.0,14425.0,1.0
9808.0,14238.0,1.0
9809.0,9810.0,1.0
9809.0,17277.0,1.0
9809.0,17989.0,1.0
9809.0,12767.0,1.0
9810.0,12014.0,1.0
9810.0,13534.0,1.0
9811.0,16107.0,1.0
9811.0,17414.0,1.0
9812.0,11311.0,1.0
9812.0,14164.0,1.0
9812.0,16740.0,1.0
9813.0,11235.0,1.0
9813.0,17994.0,1.0
9815.0,11491.0,1.0
9818.0,20305.0,1.0
9818.0,13334.0,1.0
9818.0,11804.0,1.0
9822.0,10784.0,1.0
9822.0,14776.0,1.0
9823.0,14075.0,1.0
9823.0,20045.0,1.0
9827.0,9828.0,1.0
9827.0,18511.0,1.0
9827.0,13684.0,1.0
9828.0,18517.0,1.0
9829.0,9830.0,1.0
9829.0,11482.0,1.0
9829.0,13570.0,1.0
9829.0,17460.0,1.0
9830.0,16109.0,1.0
9836.0,9837.0,1.0
9836.0,12595.0,1.0
9837.0,12073.0,1.0
9843.0,9844.0,1.0
9844.0,13156.0,1.0
9845.0,9846.0,1.0
9846.0,12998.0,1.0
9847.0,11628.0,1.0
9847.0,12145.0,1.0
9851.0,9852.0,1.0
9851.0,16902.0,1.0
9851.0,17080.0,1.0
9852.0,16354.0,1.0
9852.0,16879.0,1.0
9856.0,9857.0,1.0
9856.0,16435.0,1.0
9856.0,11008.0,1.0
9857.0,11009.0,1.0
9861.0,11849.0,1.0
9861.0,13246.0,1.0
9866.0,9867.0,1.0
9868.0,12055.0,1.0
9868.0,12731.0,1.0
9872.0,18280.0,1.0
9880.0,9881.0,1.0
9883.0,10981.0,1.0
9883.0,12170.0,1.0
9885.0,12732.0,1.0
9885.0,10739.0,1.0
9885.0,10525.0,1.0
9886.0,17638.0,1.0
9887.0,10540.0,1.0
9887.0,13254.0,1.0
9890.0,12904.0,1.0
9890.0,20352.0,1.0
9890.0,21180.0,1.0
9893.0,19504.0,1.0
9894.0,9895.0,1.0
9894.0,16680.0,1.0
9895.0,12806.0,1.0
9895.0,17014.0,1.0
9895.0,20762.0,1.0
9898.0,11494.0,1.0
9901.0,13304.0,1.0
9902.0,16769.0,1.0
9902.0,14541.0,1.0
9904.0,10286.0,1.0
9908.0,16499.0,1.0
9912.0,9913.0,1.0
9912.0,11343.0,1.0
9913.0,17011.0,1.0
9913.0,18480.0,1.0
9914.0,11391.0,1.0
9915.0,11107.0,1.0
9915.0,14431.0,1.0
9917.0,9918.0,1.0
9917.0,11792.0,1.0
9917.0,12480.0,1.0
9919.0,9920.0,1.0
9919.0,14890.0,1.0
9920.0,16633.0,1.0
9925.0,12564.0,1.0
9925.0,12256.0,1.0
9926.0,16560.0,1.0
9926.0,14614.0,1.0
9927.0,9928.0,1.0
9927.0,12054.0,1.0
9928.0,11510.0,1.0
9939.0,11817.0,1.0
9942.0,11095.0,1.0
9942.0,13940.0,1.0
9944.0,9945.0,1.0
9944.0,11568.0,1.0
9944.0,13730.0,1.0
9947.0,9948.0,1.0
9952.0,16462.0,1.0
9952.0,13388.0,1.0
9953.0,12562.0,1.0
9961.0,9962.0,1.0
9961.0,16746.0,1.0
9963.0,14294.0,1.0
9969.0,9970.0,1.0
9969.0,11541.0,1.0
9972.0,11468.0,1.0
9976.0,16560.0,1.0
9985.0,12953.0,1.0
9985.0,17095.0,1.0
9988.0,10873.0,1.0
9988.0,20358.0,1.0
9991.0,10932.0,1.0
9994.0,12044.0,1.0
9994.0,16449.0,1.0
9994.0,16930.0,1.0
9995.0,10102.0,1.0
9995.0,12305.0,1.0
9997.0,14948.0,1.0
9998.0,13346.0,1.0
9998.0,11165.0,1.0
9998.0,13541.0,1.0
10005.0,14383.0,1.0
10010.0,14704.0,1.0
10014.0,10080.0,1.0
10016.0,11319.0,1.0
10017.0,10018.0,1.0
10017.0,13590.0,1.0
10018.0,16552.0,1.0
10019.0,10353.0,1.0
10019.0,11185.0,1.0
10020.0,10021.0,1.0
10020.0,10826.0,1.0
10026.0,10891.0,1.0
10026.0,12614.0,1.0
10032.0,11406.0,1.0
10035.0,10036.0,1.0
10035.0,12442.0,1.0
10035.0,10331.0,1.0
10036.0,10900.0,1.0
10036.0,14911.0,1.0
10044.0,12385.0,1.0
10045.0,10046.0,1.0
10045.0,14868.0,1.0
10045.0,18274.0,1.0
10046.0,14868.0,1.0
10046.0,16908.0,1.0
10046.0,17794.0,1.0
10048.0,10363.0,1.0
10049.0,11491.0,1.0
10050.0,13106.0,1.0
10051.0,14317.0,1.0
10051.0,10079.0,1.0
10052.0,14302.0,1.0
10053.0,10054.0,1.0
10053.0,16596.0,1.0
10053.0,11044.0,1.0
10055.0,14021.0,1.0
10060.0,14721.0,1.0
10062.0,16399.0,1.0
10067.0,20819.0,1.0
10067.0,17011.0,1.0
10073.0,12236.0,1.0
10073.0,16091.0,1.0
10074.0,10075.0,1.0
10079.0,11671.0,1.0
10079.0,14153.0,1.0
10080.0,10081.0,1.0
10081.0,12345.0,1.0
10083.0,10084.0,1.0
10083.0,14614.0,1.0
10084.0,11277.0,1.0
10084.0,10576.0,1.0
10085.0,11836.0,1.0
10085.0,12228.0,1.0
10087.0,10088.0,1.0
10091.0,10771.0,1.0
10091.0,14701.0,1.0
10094.0,12455.0,1.0
10096.0,10097.0,1.0
10096.0,12242.0,1.0
10097.0,13507.0,1.0
10099.0,12551.0,1.0
10102.0,10103.0,1.0
10104.0,12450.0,1.0
10104.0,12496.0,1.0
10110.0,11501.0,1.0
10112.0,10113.0,1.0
10113.0,12742.0,1.0
10113.0,14074.0,1.0
10114.0,17125.0,1.0
10114.0,17749.0,1.0
10114.0,10423.0,1.0
10118.0,14192.0,1.0
10119.0,10120.0,1.0
10120.0,10663.0,1.0
10120.0,14121.0,1.0
10123.0,10124.0,1.0
10123.0,13567.0,1.0
10123.0,13918.0,1.0
10124.0,12087.0,1.0
10124.0,12981.0,1.0
10125.0,13199.0,1.0
10131.0,14491.0,1.0
10138.0,10139.0,1.0
10138.0,19120.0,1.0
10140.0,16427.0,1.0
10140.0,16672.0,1.0
10141.0,12285.0,1.0
10141.0,16467.0,1.0
10142.0,14195.0,1.0
10142.0,16595.0,1.0
10145.0,12920.0,1.0
10145.0,12127.0,1.0
10158.0,10651.0,1.0
10159.0,11409.0,1.0
10163.0,12924.0,1.0
10168.0,11527.0,1.0
10169.0,12415.0,1.0
10169.0,11519.0,1.0
10172.0,10173.0,1.0
10172.0,11284.0,1.0
10172.0,14666.0,1.0
10173.0,11592.0,1.0
10174.0,14167.0,1.0
10174.0,11118.0,1.0
10175.0,16443.0,1.0
10175.0,19442.0,1.0
10179.0,11383.0,1.0
10179.0,17146.0,1.0
10180.0,11723.0,1.0
10181.0,10925.0,1.0
10181.0,13498.0,1.0
10184.0,10185.0,1.0
10184.0,15984.0,1.0
10184.0,19458.0,1.0
10185.0,16495.0,1.0
10185.0,19458.0,1.0
10188.0,10189.0,1.0
10188.0,11474.0,1.0
10189.0,11475.0,1.0
10192.0,12182.0,1.0
10192.0,13731.0,1.0
10193.0,11663.0,1.0
10194.0,13175.0,1.0
10194.0,13711.0,1.0
10198.0,12102.0,1.0
10198.0,17959.0,1.0
10203.0,13287.0,1.0
10205.0,12930.0,1.0
10205.0,10529.0,1.0
10206.0,19166.0,1.0
10206.0,11237.0,1.0
10209.0,16995.0,1.0
10214.0,10215.0,1.0
10214.0,20081.0,1.0
10216.0,10217.0,1.0
10216.0,13967.0,1.0
10216.0,16942.0,1.0
10221.0,10222.0,1.0
10221.0,13046.0,1.0
10221.0,13482.0,1.0
10221.0,13446.0,1.0
10225.0,10226.0,1.0
10225.0,12919.0,1.0
10231.0,14276.0,1.0
10231.0,19464.0,1.0
10231.0,14280.0,1.0
10232.0,10233.0,1.0
10232.0,16623.0,1.0
10233.0,16623.0,1.0
10233.0,13368.0,1.0
10239.0,10240.0,1.0
10239.0,11972.0,1.0
10241.0,11673.0,1.0
10241.0,19419.0,1.0
10245.0,11343.0,1.0
10245.0,12481.0,1.0
10245.0,19262.0,1.0
10246.0,10322.0,1.0
10246.0,14484.0,1.0
10246.0,20949.0,1.0
10250.0,10251.0,1.0
10250.0,12119.0,1.0
10252.0,10253.0,1.0
10253.0,17910.0,1.0
10260.0,10261.0,1.0
10260.0,13719.0,1.0
10262.0,10263.0,1.0
10262.0,12655.0,1.0
10265.0,10266.0,1.0
10267.0,10268.0,1.0
10269.0,12118.0,1.0
10269.0,16619.0,1.0
10270.0,10489.0,1.0
10271.0,10272.0,1.0
10271.0,18975.0,1.0
10273.0,11269.0,1.0
10273.0,13049.0,1.0
10274.0,13918.0,1.0
10279.0,10923.0,1.0
10284.0,13752.0,1.0
10285.0,13022.0,1.0
10289.0,17958.0,1.0
10289.0,18424.0,1.0
10292.0,10585.0,1.0
10292.0,10651.0,1.0
10292.0,16314.0,1.0
10295.0,10296.0,1.0
10295.0,16706.0,1.0
10295.0,13405.0,1.0
10296.0,12932.0,1.0
10300.0,14466.0,1.0
10300.0,14528.0,1.0
10301.0,14358.0,1.0
10302.0,13580.0,1.0
10306.0,10621.0,1.0
10311.0,10312.0,1.0
10311.0,10860.0,1.0
10314.0,10315.0,1.0
10314.0,16801.0,1.0
10316.0,11844.0,1.0
10316.0,19523.0,1.0
10317.0,10318.0,1.0
10317.0,11630.0,1.0
10317.0,12624.0,1.0
10322.0,16772.0,1.0
10322.0,20948.0,1.0
10323.0,12755.0,1.0
10323.0,15639.0,1.0
10326.0,17142.0,1.0
10327.0,10328.0,1.0
10327.0,12789.0,1.0
10327.0,14822.0,1.0
10328.0,11213.0,1.0
10328.0,11547.0,1.0
10329.0,10572.0,1.0
10329.0,12833.0,1.0
10330.0,13396.0,1.0
10331.0,10900.0,1.0
10331.0,13817.0,1.0
10332.0,13802.0,1.0
10336.0,10337.0,1.0
10336.0,10412.0,1.0
10336.0,11502.0,1.0
10340.0,12144.0,1.0
10340.0,10858.0,1.0
10342.0,10343.0,1.0
10343.0,11735.0,1.0
10343.0,14838.0,1.0
10345.0,13673.0,1.0
10345.0,16160.0,1.0
10345.0,14131.0,1.0
10347.0,16526.0,1.0
10348.0,12047.0,1.0
10352.0,10353.0,1.0
10355.0,11349.0,1.0
10360.0,10361.0,1.0
10360.0,10543.0,1.0
10361.0,16926.0,1.0
10372.0,12381.0,1.0
10372.0,13640.0,1.0
10379.0,11219.0,1.0
10379.0,20216.0,1.0
10380.0,10381.0,1.0
10380.0,14428.0,1.0
10380.0,11639.0,1.0
10381.0,16957.0,1.0
10383.0,12792.0,1.0
10383.0,14257.0,1.0
10383.0,10450.0,1.0
10384.0,12800.0,1.0
10387.0,16434.0,1.0
10387.0,11117.0,1.0
10388.0,10389.0,1.0
10388.0,12198.0,1.0
10388.0,12995.0,1.0
10388.0,10865.0,1.0
10390.0,11838.0,1.0
10390.0,15484.0,1.0
10391.0,12183.0,1.0
10392.0,10393.0,1.0
10392.0,11068.0,1.0
10393.0,11342.0,1.0
10397.0,10398.0,1.0
10397.0,16500.0,1.0
10398.0,14285.0,1.0
10405.0,14708.0,1.0
10406.0,12045.0,1.0
10408.0,18261.0,1.0
10408.0,17632.0,1.0
10412.0,11178.0,1.0
10413.0,13582.0,1.0
10413.0,17652.0,1.0
10415.0,10416.0,1.0
10415.0,16081.0,1.0
10416.0,11220.0,1.0
10416.0,11984.0,1.0
10417.0,10418.0,1.0
10417.0,10621.0,1.0
10417.0,14629.0,1.0
10421.0,10422.0,1.0
10421.0,11951.0,1.0
10422.0,13731.0,1.0
10423.0,10424.0,1.0
10427.0,14868.0,1.0
10427.0,12885.0,1.0
10427.0,11591.0,1.0
10435.0,11074.0,1.0
10435.0,10843.0,1.0
10435.0,16091.0,1.0
10436.0,13201.0,1.0
10436.0,14445.0,1.0
10441.0,13656.0,1.0
10444.0,16432.0,1.0
10451.0,10452.0,1.0
10451.0,14997.0,1.0
10451.0,21126.0,1.0
10451.0,14184.0,1.0
10452.0,21126.0,1.0
10452.0,17982.0,1.0
10453.0,16513.0,1.0
10454.0,10455.0,1.0
10457.0,10458.0,1.0
10458.0,11586.0,1.0
10458.0,17350.0,1.0
10459.0,10460.0,1.0
10460.0,16030.0,1.0
10460.0,16083.0,1.0
10461.0,10462.0,1.0
10466.0,12711.0,1.0
10466.0,17799.0,1.0
10467.0,11789.0,1.0
10467.0,10986.0,1.0
10477.0,10478.0,1.0
10477.0,12956.0,1.0
10477.0,12742.0,1.0
10478.0,12038.0,1.0
10478.0,10865.0,1.0
10479.0,13873.0,1.0
10485.0,10486.0,1.0
10485.0,13923.0,1.0
10485.0,10527.0,1.0
10486.0,13243.0,1.0
10486.0,16734.0,1.0
10489.0,11427.0,1.0
10492.0,11907.0,1.0
10492.0,13670.0,1.0
10497.0,14565.0,1.0
10497.0,14284.0,1.0
10503.0,10567.0,1.0
10509.0,14295.0,1.0
10509.0,14297.0,1.0
10515.0,10516.0,1.0
10515.0,17905.0,1.0
10515.0,16734.0,1.0
10515.0,18305.0,1.0
10516.0,14810.0,1.0
10516.0,16734.0,1.0
10517.0,10518.0,1.0
10517.0,17078.0,1.0
10518.0,17078.0,1.0
10518.0,20584.0,1.0
10519.0,13140.0,1.0
10520.0,10521.0,1.0
10523.0,10524.0,1.0
10523.0,10669.0,1.0
10523.0,16525.0,1.0
10524.0,11453.0,1.0
10524.0,16525.0,1.0
10525.0,13393.0,1.0
10526.0,10527.0,1.0
10526.0,13279.0,1.0
10527.0,13243.0,1.0
10535.0,14168.0,1.0
10536.0,10537.0,1.0
10536.0,14908.0,1.0
10540.0,10541.0,1.0
10540.0,10944.0,1.0
10544.0,10545.0,1.0
10545.0,13110.0,1.0
10547.0,10548.0,1.0
10548.0,13040.0,1.0
10548.0,19296.0,1.0
10550.0,10850.0,1.0
10551.0,10911.0,1.0
10556.0,11122.0,1.0
10557.0,10558.0,1.0
10557.0,16860.0,1.0
10557.0,13234.0,1.0
10559.0,18025.0,1.0
10559.0,20201.0,1.0
10560.0,10949.0,1.0
10561.0,12311.0,1.0
10561.0,11397.0,1.0
10563.0,10564.0,1.0
10563.0,16837.0,1.0
10573.0,10574.0,1.0
10573.0,12123.0,1.0
10574.0,17861.0,1.0
10574.0,12985.0,1.0
10577.0,14006.0,1.0
10577.0,16764.0,1.0
10579.0,16102.0,1.0
10579.0,19872.0,1.0
10585.0,16314.0,1.0
10585.0,16429.0,1.0
10593.0,12199.0,1.0
10593.0,10990.0,1.0
10595.0,17543.0,1.0
10596.0,16743.0,1.0
10598.0,11276.0,1.0
10598.0,13821.0,1.0
10607.0,12326.0,1.0
10607.0,13197.0,1.0
10608.0,14113.0,1.0
10608.0,11768.0,1.0
10608.0,15960.0,1.0
10609.0,11074.0,1.0
10610.0,10611.0,1.0
10610.0,13163.0,1.0
10611.0,17062.0,1.0
10611.0,17767.0,1.0
10614.0,12145.0,1.0
10617.0,12548.0,1.0
10621.0,10622.0,1.0
10622.0,13122.0,1.0
10630.0,13205.0,1.0
10636.0,14669.0,1.0
10640.0,12982.0,1.0
10640.0,13090.0,1.0
10640.0,10965.0,1.0
10645.0,10646.0,1.0
10645.0,13447.0,1.0
10646.0,10994.0,1.0
10650.0,11413.0,1.0
10651.0,10652.0,1.0
10651.0,14772.0,1.0
10652.0,11614.0,1.0
10657.0,10658.0,1.0
10657.0,17990.0,1.0
10660.0,10661.0,1.0
10660.0,15785.0,1.0
10663.0,12836.0,1.0
10663.0,12753.0,1.0
10664.0,10936.0,1.0
10666.0,11381.0,1.0
10670.0,10671.0,1.0
10671.0,12063.0,1.0
10671.0,13334.0,1.0
10672.0,10673.0,1.0
10672.0,10967.0,1.0
10673.0,13018.0,1.0
10674.0,14305.0,1.0
10680.0,16656.0,1.0
10681.0,10682.0,1.0
10682.0,12209.0,1.0
10688.0,14831.0,1.0
10688.0,19994.0,1.0
10690.0,16437.0,1.0
10690.0,17593.0,1.0
10691.0,14390.0,1.0
10701.0,16892.0,1.0
10705.0,10706.0,1.0
10706.0,11217.0,1.0
10712.0,14620.0,1.0
10712.0,12179.0,1.0
10712.0,14557.0,1.0
10716.0,16958.0,1.0
10724.0,11776.0,1.0
10724.0,12913.0,1.0
10726.0,10727.0,1.0
10726.0,15121.0,1.0
10726.0,13973.0,1.0
10726.0,19302.0,1.0
10727.0,13388.0,1.0
10728.0,11145.0,1.0
10735.0,12737.0,1.0
10739.0,15621.0,1.0
10740.0,11015.0,1.0
10741.0,11084.0,1.0
10741.0,20947.0,1.0
10744.0,17514.0,1.0
10744.0,16355.0,1.0
10746.0,12488.0,1.0
10746.0,13607.0,1.0
10746.0,20627.0,1.0
10747.0,10748.0,1.0
10747.0,13347.0,1.0
10751.0,16083.0,1.0
10755.0,11866.0,1.0
10756.0,10757.0,1.0
10756.0,13615.0,1.0
10756.0,13008.0,1.0
10757.0,13677.0,1.0
10758.0,10759.0,1.0
10758.0,13507.0,1.0
10758.0,16563.0,1.0
10759.0,13685.0,1.0
10762.0,16378.0,1.0
10768.0,16463.0,1.0
10769.0,13402.0,1.0
10771.0,14701.0,1.0
10771.0,17217.0,1.0
10772.0,11646.0,1.0
10772.0,12237.0,1.0
10775.0,10948.0,1.0
10775.0,11879.0,1.0
10776.0,11356.0,1.0
10776.0,13406.0,1.0
10776.0,12780.0,1.0
10778.0,16107.0,1.0
10778.0,13406.0,1.0
10782.0,10783.0,1.0
10782.0,19583.0,1.0
10782.0,20811.0,1.0
10783.0,11825.0,1.0
10784.0,12937.0,1.0
10787.0,10788.0,1.0
10787.0,16550.0,1.0
10787.0,18028.0,1.0
10788.0,14718.0,1.0
10794.0,12656.0,1.0
10796.0,10797.0,1.0
10796.0,13713.0,1.0
10796.0,14382.0,1.0
10797.0,12847.0,1.0
10797.0,13470.0,1.0
10797.0,14397.0,1.0
10801.0,11635.0,1.0
10801.0,14769.0,1.0
10804.0,17110.0,1.0
10815.0,10816.0,1.0
10815.0,19434.0,1.0
10818.0,10819.0,1.0
10818.0,13898.0,1.0
10819.0,12379.0,1.0
10819.0,13436.0,1.0
10820.0,16396.0,1.0
10826.0,12748.0,1.0
10832.0,13244.0,1.0
10832.0,12986.0,1.0
10836.0,10837.0,1.0
10837.0,18523.0,1.0
10843.0,10844.0,1.0
10846.0,13682.0,1.0
10847.0,14508.0,1.0
10847.0,11546.0,1.0
10849.0,16796.0,1.0
10853.0,16764.0,1.0
10855.0,10856.0,1.0
10856.0,17698.0,1.0
10862.0,10863.0,1.0
10862.0,11080.0,1.0
10862.0,20350.0,1.0
10863.0,18514.0,1.0
10864.0,14250.0,1.0
10865.0,12742.0,1.0
10869.0,14059.0,1.0
10869.0,19297.0,1.0
10873.0,16027.0,1.0
10873.0,11106.0,1.0
10874.0,10875.0,1.0
10875.0,10994.0,1.0
10875.0,10997.0,1.0
10876.0,13663.0,1.0
10880.0,12862.0,1.0
10880.0,18008.0,1.0
10882.0,12550.0,1.0
10882.0,19223.0,1.0
10883.0,13057.0,1.0
10883.0,20339.0,1.0
10884.0,14245.0,1.0
10885.0,14473.0,1.0
10885.0,18125.0,1.0
10886.0,11683.0,1.0
10886.0,12791.0,1.0
10891.0,10892.0,1.0
10891.0,13376.0,1.0
10892.0,10897.0,1.0
10892.0,14864.0,1.0
10895.0,10896.0,1.0
10895.0,15197.0,1.0
10896.0,15197.0,1.0
10896.0,11351.0,1.0
10897.0,14362.0,1.0
10897.0,13376.0,1.0
10898.0,10899.0,1.0
10898.0,11287.0,1.0
10898.0,10927.0,1.0
10900.0,12146.0,1.0
10901.0,16526.0,1.0
10902.0,11208.0,1.0
10902.0,13362.0,1.0
10905.0,11630.0,1.0
10910.0,13747.0,1.0
10910.0,18523.0,1.0
10910.0,15815.0,1.0
10913.0,10914.0,1.0
10919.0,12055.0,1.0
10919.0,11126.0,1.0
10923.0,16497.0,1.0
10927.0,10928.0,1.0
10927.0,11703.0,1.0
10932.0,10933.0,1.0
10932.0,11128.0,1.0
10932.0,12828.0,1.0
10933.0,14127.0,1.0
10934.0,10935.0,1.0
10935.0,12517.0,1.0
10935.0,13549.0,1.0
10936.0,12762.0,1.0
10939.0,14999.0,1.0
10944.0,11350.0,1.0
10944.0,13254.0,1.0
10945.0,10946.0,1.0
10945.0,11742.0,1.0
10945.0,16851.0,1.0
10946.0,11819.0,1.0
10946.0,17790.0,1.0
10946.0,17080.0,1.0
10947.0,12175.0,1.0
10948.0,10949.0,1.0
10949.0,14707.0,1.0
10952.0,13433.0,1.0
10953.0,14038.0,1.0
10957.0,16828.0,1.0
10959.0,10960.0,1.0
10959.0,11264.0,1.0
10963.0,10964.0,1.0
10965.0,10966.0,1.0
10965.0,12650.0,1.0
10966.0,14292.0,1.0
10966.0,13090.0,1.0
10966.0,12186.0,1.0
10967.0,13018.0,1.0
10968.0,12660.0,1.0
10969.0,13770.0,1.0
10969.0,17400.0,1.0
10975.0,12027.0,1.0
10979.0,11296.0,1.0
10979.0,16375.0,1.0
10980.0,17110.0,1.0
10983.0,11946.0,1.0
10984.0,14903.0,1.0
10984.0,20329.0,1.0
10986.0,20806.0,1.0
10987.0,14597.0,1.0
10988.0,11635.0,1.0
10988.0,13068.0,1.0
10991.0,10992.0,1.0
10991.0,12538.0,1.0
10992.0,12635.0,1.0
10992.0,12243.0,1.0
10994.0,12171.0,1.0
10997.0,11318.0,1.0
11003.0,11004.0,1.0
11003.0,16626.0,1.0
11003.0,16777.0,1.0
11004.0,20992.0,1.0
11006.0,13169.0,1.0
11006.0,16786.0,1.0
11007.0,11425.0,1.0
11008.0,11009.0,1.0
11012.0,16496.0,1.0
11012.0,14283.0,1.0
11013.0,11014.0,1.0
11013.0,13093.0,1.0
11015.0,16629.0,1.0
11017.0,16070.0,1.0
11027.0,11028.0,1.0
11027.0,11274.0,1.0
11032.0,11033.0,1.0
11032.0,17072.0,1.0
11044.0,19445.0,1.0
11046.0,11047.0,1.0
11046.0,11287.0,1.0
11046.0,14583.0,1.0
11047.0,16089.0,1.0
11051.0,12796.0,1.0
11052.0,17419.0,1.0
11058.0,11188.0,1.0
11059.0,11084.0,1.0
11059.0,12489.0,1.0
11063.0,11064.0,1.0
11063.0,11846.0,1.0
11064.0,11957.0,1.0
11067.0,13445.0,1.0
11068.0,12344.0,1.0
11068.0,12124.0,1.0
11075.0,11076.0,1.0
11080.0,11646.0,1.0
11080.0,18508.0,1.0
11082.0,11083.0,1.0
11082.0,12118.0,1.0
11083.0,12784.0,1.0
11083.0,16481.0,1.0
11085.0,11908.0,1.0
11086.0,16087.0,1.0
11086.0,14667.0,1.0
11087.0,11088.0,1.0
11087.0,16591.0,1.0
11087.0,17357.0,1.0
11090.0,17058.0,1.0
11091.0,12751.0,1.0
11091.0,20300.0,1.0
11092.0,14051.0,1.0
11095.0,16693.0,1.0
11095.0,17023.0,1.0
11097.0,11377.0,1.0
11098.0,11099.0,1.0
11098.0,20675.0,1.0
11099.0,14858.0,1.0
11099.0,16778.0,1.0
11099.0,17102.0,1.0
11103.0,16893.0,1.0
11103.0,18013.0,1.0
11103.0,13755.0,1.0
11104.0,12967.0,1.0
11107.0,12884.0,1.0
11108.0,16396.0,1.0
11109.0,11603.0,1.0
11109.0,17013.0,1.0
11111.0,11112.0,1.0
11111.0,13084.0,1.0
11111.0,11266.0,1.0
11112.0,16534.0,1.0
11122.0,12299.0,1.0
11123.0,11124.0,1.0
11123.0,17878.0,1.0
11123.0,13475.0,1.0
11139.0,11140.0,1.0
11141.0,11142.0,1.0
11141.0,14998.0,1.0
11144.0,14867.0,1.0
11145.0,13011.0,1.0
11146.0,12779.0,1.0
11149.0,11150.0,1.0
11149.0,14589.0,1.0
11151.0,11152.0,1.0
11152.0,14447.0,1.0
11152.0,15700.0,1.0
11153.0,14356.0,1.0
11153.0,12517.0,1.0
11155.0,12346.0,1.0
11156.0,11157.0,1.0
11161.0,12293.0,1.0
11166.0,11167.0,1.0
11166.0,16494.0,1.0
11166.0,16315.0,1.0
11167.0,14259.0,1.0
11169.0,16365.0,1.0
11173.0,11174.0,1.0
11173.0,14043.0,1.0
11178.0,13455.0,1.0
11178.0,20401.0,1.0
11179.0,13542.0,1.0
11182.0,11183.0,1.0
11182.0,16968.0,1.0
11182.0,14413.0,1.0
11182.0,20928.0,1.0
11183.0,14413.0,1.0
11183.0,18532.0,1.0
11184.0,11704.0,1.0
11186.0,12330.0,1.0
11186.0,13600.0,1.0
11187.0,11188.0,1.0
11187.0,16413.0,1.0
11187.0,11601.0,1.0
11188.0,11602.0,1.0
11188.0,18970.0,1.0
11189.0,13277.0,1.0
11193.0,11194.0,1.0
11193.0,12611.0,1.0
11193.0,13452.0,1.0
11199.0,11200.0,1.0
11200.0,14903.0,1.0
11203.0,16338.0,1.0
11203.0,20870.0,1.0
11204.0,11205.0,1.0
11204.0,11368.0,1.0
11204.0,17687.0,1.0
11217.0,13779.0,1.0
11224.0,16672.0,1.0
11224.0,16444.0,1.0
11225.0,12294.0,1.0
11230.0,16119.0,1.0
11232.0,15239.0,1.0
11237.0,14629.0,1.0
11240.0,17684.0,1.0
11241.0,12099.0,1.0
11241.0,12342.0,1.0
11243.0,11496.0,1.0
11243.0,13760.0,1.0
11247.0,16375.0,1.0
11250.0,14255.0,1.0
11250.0,16919.0,1.0
11251.0,12513.0,1.0
11257.0,14120.0,1.0
11263.0,16378.0,1.0
11263.0,16462.0,1.0
11265.0,11266.0,1.0
11265.0,13942.0,1.0
11265.0,13084.0,1.0
11269.0,11342.0,1.0
11269.0,11718.0,1.0
11269.0,11911.0,1.0
11270.0,11618.0,1.0
11270.0,13202.0,1.0
11273.0,11274.0,1.0
11273.0,13984.0,1.0
11273.0,16353.0,1.0
11274.0,14259.0,1.0
11275.0,11933.0,1.0
11277.0,14062.0,1.0
11287.0,15365.0,1.0
11289.0,12218.0,1.0
11289.0,13452.0,1.0
11296.0,11386.0,1.0
11300.0,11301.0,1.0
11301.0,11539.0,1.0
11303.0,11304.0,1.0
11303.0,14285.0,1.0
11304.0,19306.0,1.0
11305.0,11306.0,1.0
11306.0,11581.0,1.0
11307.0,12867.0,1.0
11307.0,12701.0,1.0
11308.0,11309.0,1.0
11308.0,11676.0,1.0
11309.0,12960.0,1.0
11309.0,17844.0,1.0
11311.0,13737.0,1.0
11318.0,11319.0,1.0
11318.0,12171.0,1.0
11319.0,12000.0,1.0
11320.0,12758.0,1.0
11320.0,13575.0,1.0
11321.0,11322.0,1.0
11322.0,14672.0,1.0
11322.0,16461.0,1.0
11325.0,16160.0,1.0
11329.0,18981.0,1.0
11333.0,11334.0,1.0
11333.0,14353.0,1.0
11334.0,13945.0,1.0
11337.0,16958.0,1.0
11338.0,11748.0,1.0
11338.0,12277.0,1.0
11341.0,14096.0,1.0
11341.0,14001.0,1.0
11342.0,12124.0,1.0
11343.0,14874.0,1.0
11344.0,11345.0,1.0
11344.0,16736.0,1.0
11344.0,19366.0,1.0
11345.0,11645.0,1.0
11347.0,13171.0,1.0
11348.0,17447.0,1.0
11350.0,16321.0,1.0
11352.0,20957.0,1.0
11353.0,16011.0,1.0
11354.0,11355.0,1.0
11355.0,13442.0,1.0
11356.0,14683.0,1.0
11357.0,17042.0,1.0
11358.0,15500.0,1.0
11358.0,14085.0,1.0
11359.0,17940.0,1.0
11360.0,11361.0,1.0
11361.0,15241.0,1.0
11361.0,13339.0,1.0
11362.0,17690.0,1.0
11363.0,11683.0,1.0
11363.0,15813.0,1.0
11364.0,11365.0,1.0
11365.0,13783.0,1.0
11365.0,14430.0,1.0
11365.0,15999.0,1.0
11369.0,20520.0,1.0
11369.0,13303.0,1.0
11374.0,11375.0,1.0
11375.0,18528.0,1.0
11377.0,11820.0,1.0
11382.0,13245.0,1.0
11382.0,14544.0,1.0
11392.0,17591.0,1.0
11392.0,15030.0,1.0
11395.0,12303.0,1.0
11395.0,20367.0,1.0
11396.0,11397.0,1.0
11396.0,12557.0,1.0
11396.0,12632.0,1.0
11396.0,11405.0,1.0
11398.0,11891.0,1.0
11398.0,16088.0,1.0
11399.0,11876.0,1.0
11399.0,20190.0,1.0
11405.0,13289.0,1.0
11406.0,11848.0,1.0
11413.0,16735.0,1.0
11414.0,16769.0,1.0
11419.0,13919.0,1.0
11419.0,19793.0,1.0
11421.0,11422.0,1.0
11421.0,15315.0,1.0
11422.0,14234.0,1.0
11425.0,18310.0,1.0
11427.0,16551.0,1.0
11428.0,19013.0,1.0
11429.0,14155.0,1.0
11430.0,12526.0,1.0
11432.0,11433.0,1.0
11432.0,13369.0,1.0
11433.0,12219.0,1.0
11436.0,11437.0,1.0
11437.0,14856.0,1.0
11439.0,12213.0,1.0
11439.0,12232.0,1.0
11447.0,16564.0,1.0
11449.0,14897.0,1.0
11449.0,12126.0,1.0
11452.0,16515.0,1.0
11453.0,11454.0,1.0
11453.0,11700.0,1.0
11455.0,13520.0,1.0
11455.0,13945.0,1.0
11455.0,11846.0,1.0
11461.0,14531.0,1.0
11465.0,12093.0,1.0
11468.0,13122.0,1.0
11474.0,11475.0,1.0
11475.0,13074.0,1.0
11481.0,18283.0,1.0
11482.0,20769.0,1.0
11482.0,20770.0,1.0
11484.0,11485.0,1.0
11489.0,12108.0,1.0
11493.0,11494.0,1.0
11493.0,14903.0,1.0
11493.0,14923.0,1.0
11498.0,11499.0,1.0
11499.0,14125.0,1.0
11505.0,13761.0,1.0
11510.0,11674.0,1.0
11510.0,18109.0,1.0
11521.0,11522.0,1.0
11526.0,17044.0,1.0
11526.0,17072.0,1.0
11528.0,16942.0,1.0
11530.0,11531.0,1.0
11530.0,11674.0,1.0
11530.0,17463.0,1.0
11533.0,13414.0,1.0
11533.0,16894.0,1.0
11534.0,11612.0,1.0
11534.0,14249.0,1.0
11538.0,11965.0,1.0
11539.0,16942.0,1.0
11542.0,16592.0,1.0
11546.0,14705.0,1.0
11547.0,11548.0,1.0
11552.0,11553.0,1.0
11555.0,16492.0,1.0
11555.0,11742.0,1.0
11556.0,11557.0,1.0
11562.0,11563.0,1.0
11562.0,12218.0,1.0
11563.0,16112.0,1.0
11564.0,11565.0,1.0
11564.0,14250.0,1.0
11564.0,12961.0,1.0
11567.0,11568.0,1.0
11568.0,16150.0,1.0
11579.0,11580.0,1.0
11579.0,12686.0,1.0
11579.0,15652.0,1.0
11580.0,11726.0,1.0
11580.0,15652.0,1.0
11581.0,14515.0,1.0
11583.0,13255.0,1.0
11585.0,11586.0,1.0
11585.0,14717.0,1.0
11585.0,14393.0,1.0
11586.0,11969.0,1.0
11587.0,11588.0,1.0
11587.0,12791.0,1.0
11587.0,20796.0,1.0
11588.0,12630.0,1.0
11588.0,14071.0,1.0
11591.0,16279.0,1.0
11591.0,17949.0,1.0
11593.0,17744.0,1.0
11593.0,14260.0,1.0
11594.0,11595.0,1.0
11594.0,12958.0,1.0
11594.0,17720.0,1.0
11595.0,19162.0,1.0
11599.0,14214.0,1.0
11601.0,11602.0,1.0
11602.0,16668.0,1.0
11602.0,17855.0,1.0
11611.0,11612.0,1.0
11611.0,12228.0,1.0
11612.0,11657.0,1.0
11614.0,14772.0,1.0
11614.0,16934.0,1.0
11615.0,16735.0,1.0
11619.0,13659.0,1.0
11619.0,12385.0,1.0
11619.0,20782.0,1.0
11619.0,20466.0,1.0
11623.0,12314.0,1.0
11628.0,12145.0,1.0
11635.0,13175.0,1.0
11636.0,16359.0,1.0
11637.0,11638.0,1.0
11638.0,13274.0,1.0
11639.0,16743.0,1.0
11643.0,12052.0,1.0
11643.0,16581.0,1.0
11645.0,14222.0,1.0
11645.0,19366.0,1.0
11646.0,12316.0,1.0
11646.0,18507.0,1.0
11651.0,11652.0,1.0
11651.0,18057.0,1.0
11651.0,21132.0,1.0
11652.0,15945.0,1.0
11652.0,18005.0,1.0
11657.0,13788.0,1.0
11657.0,14249.0,1.0
11661.0,11662.0,1.0
11661.0,13825.0,1.0
11661.0,16806.0,1.0
11661.0,19524.0,1.0
11662.0,17092.0,1.0
11663.0,12737.0,1.0
11664.0,14885.0,1.0
11668.0,11669.0,1.0
11668.0,20160.0,1.0
11671.0,13371.0,1.0
11672.0,11673.0,1.0
11672.0,17525.0,1.0
11673.0,14217.0,1.0
11674.0,15715.0,1.0
11677.0,11678.0,1.0
11677.0,14002.0,1.0
11678.0,15830.0,1.0
11684.0,11685.0,1.0
11685.0,12694.0,1.0
11691.0,11692.0,1.0
11691.0,13822.0,1.0
11699.0,11700.0,1.0
11700.0,15316.0,1.0
11701.0,11702.0,1.0
11701.0,14999.0,1.0
11702.0,12273.0,1.0
11703.0,14830.0,1.0
11706.0,13554.0,1.0
11711.0,13727.0,1.0
11716.0,13128.0,1.0
11718.0,12124.0,1.0
11718.0,16828.0,1.0
11726.0,16516.0,1.0
11726.0,12472.0,1.0
11729.0,17468.0,1.0
11736.0,14873.0,1.0
11736.0,13778.0,1.0
11739.0,11740.0,1.0
11741.0,16912.0,1.0
11741.0,12912.0,1.0
11742.0,13300.0,1.0
11742.0,11819.0,1.0
11747.0,14606.0,1.0
11748.0,14377.0,1.0
11748.0,16108.0,1.0
11760.0,13371.0,1.0
11761.0,11762.0,1.0
11765.0,19935.0,1.0
11765.0,20763.0,1.0
11767.0,11768.0,1.0
11767.0,16071.0,1.0
11767.0,13364.0,1.0
11767.0,18116.0,1.0
11768.0,20181.0,1.0
11770.0,11771.0,1.0
11770.0,14419.0,1.0
11771.0,14305.0,1.0
11771.0,12827.0,1.0
11774.0,12050.0,1.0
11776.0,11965.0,1.0
11777.0,11778.0,1.0
11777.0,16613.0,1.0
11777.0,16819.0,1.0
11778.0,12604.0,1.0
11778.0,14769.0,1.0
11780.0,17978.0,1.0
11784.0,16677.0,1.0
11787.0,11788.0,1.0
11787.0,14013.0,1.0
11788.0,20393.0,1.0
11789.0,20805.0,1.0
11789.0,20806.0,1.0
11793.0,12638.0,1.0
11798.0,16454.0,1.0
11798.0,16481.0,1.0
11803.0,13664.0,1.0
11805.0,16855.0,1.0
11808.0,11809.0,1.0
11808.0,12107.0,1.0
11808.0,17078.0,1.0
11809.0,13743.0,1.0
11810.0,12284.0,1.0
11810.0,21060.0,1.0
11813.0,11844.0,1.0
11813.0,15080.0,1.0
11815.0,13547.0,1.0
11816.0,11817.0,1.0
11816.0,11918.0,1.0
11816.0,16711.0,1.0
11818.0,11819.0,1.0
11818.0,13300.0,1.0
11818.0,16969.0,1.0
11819.0,16970.0,1.0
11820.0,15474.0,1.0
11825.0,12116.0,1.0
11825.0,20819.0,1.0
11826.0,11827.0,1.0
11826.0,13244.0,1.0
11827.0,13644.0,1.0
11827.0,17443.0,1.0
11828.0,16494.0,1.0
11831.0,17632.0,1.0
11831.0,12524.0,1.0
11833.0,16454.0,1.0
11834.0,13120.0,1.0
11834.0,11915.0,1.0
11836.0,13115.0,1.0
11838.0,14692.0,1.0
11838.0,12391.0,1.0
11839.0,14876.0,1.0
11840.0,14723.0,1.0
11846.0,11847.0,1.0
11846.0,14909.0,1.0
11848.0,15121.0,1.0
11849.0,16460.0,1.0
11849.0,18530.0,1.0
11853.0,14718.0,1.0
11858.0,12121.0,1.0
11864.0,16092.0,1.0
11864.0,17012.0,1.0
11869.0,12044.0,1.0
11869.0,14666.0,1.0
11876.0,11877.0,1.0
11876.0,20177.0,1.0
11877.0,16089.0,1.0
11877.0,14641.0,1.0
11884.0,12754.0,1.0
11884.0,16106.0,1.0
11889.0,20769.0,1.0
11889.0,20772.0,1.0
11889.0,20774.0,1.0
11891.0,14073.0,1.0
11897.0,12838.0,1.0
11897.0,13487.0,1.0
11901.0,11902.0,1.0
11902.0,13369.0,1.0
11902.0,16131.0,1.0
11903.0,12683.0,1.0
11907.0,14776.0,1.0
11908.0,11909.0,1.0
11909.0,16429.0,1.0
11915.0,21047.0,1.0
11919.0,16473.0,1.0
11920.0,12655.0,1.0
11922.0,16878.0,1.0
11924.0,11925.0,1.0
11924.0,16331.0,1.0
11925.0,17875.0,1.0
11925.0,18136.0,1.0
11927.0,11928.0,1.0
11927.0,17700.0,1.0
11928.0,13241.0,1.0
11928.0,16763.0,1.0
11930.0,11931.0,1.0
11930.0,21061.0,1.0
11931.0,17383.0,1.0
11931.0,21026.0,1.0
11934.0,12382.0,1.0
11939.0,14281.0,1.0
11946.0,16138.0,1.0
11946.0,12526.0,1.0
11948.0,11949.0,1.0
11949.0,14325.0,1.0
11950.0,14606.0,1.0
11953.0,11954.0,1.0
11957.0,14098.0,1.0
11957.0,14910.0,1.0
11958.0,11959.0,1.0
11958.0,19936.0,1.0
11959.0,16140.0,1.0
11962.0,13067.0,1.0
11965.0,13434.0,1.0
11969.0,13714.0,1.0
11970.0,12414.0,1.0
11970.0,21130.0,1.0
11970.0,20367.0,1.0
11971.0,11972.0,1.0
11971.0,14658.0,1.0
11971.0,17968.0,1.0
11972.0,12005.0,1.0
11973.0,15431.0,1.0
11973.0,15598.0,1.0
11973.0,13325.0,1.0
11973.0,16832.0,1.0
11976.0,11977.0,1.0
11977.0,13981.0,1.0
11979.0,13701.0,1.0
11981.0,16980.0,1.0
11981.0,12778.0,1.0
11982.0,13022.0,1.0
11984.0,12747.0,1.0
11984.0,12347.0,1.0
11986.0,17721.0,1.0
11986.0,18514.0,1.0
12007.0,12008.0,1.0
12007.0,12860.0,1.0
12010.0,13446.0,1.0
12014.0,13365.0,1.0
12015.0,14770.0,1.0
12015.0,15817.0,1.0
12023.0,12024.0,1.0
12023.0,20975.0,1.0
12024.0,13980.0,1.0
12025.0,12570.0,1.0
12027.0,17962.0,1.0
12036.0,12037.0,1.0
12038.0,12039.0,1.0
12038.0,12956.0,1.0
12038.0,15346.0,1.0
12040.0,12041.0,1.0
12040.0,12698.0,1.0
12040.0,16125.0,1.0
12047.0,13527.0,1.0
12049.0,12050.0,1.0
12049.0,12706.0,1.0
12050.0,12707.0,1.0
12052.0,16473.0,1.0
12053.0,14800.0,1.0
12053.0,13142.0,1.0
12055.0,12209.0,1.0
12057.0,16789.0,1.0
12058.0,12293.0,1.0
12059.0,12060.0,1.0
12059.0,12354.0,1.0
12059.0,17685.0,1.0
12063.0,20161.0,1.0
12071.0,16488.0,1.0
12073.0,16976.0,1.0
12083.0,14092.0,1.0
12083.0,13763.0,1.0
12089.0,16623.0,1.0
12093.0,12094.0,1.0
12099.0,14530.0,1.0
12100.0,12101.0,1.0
12100.0,14811.0,1.0
12101.0,12988.0,1.0
12101.0,12409.0,1.0
12102.0,12103.0,1.0
12102.0,15816.0,1.0
12102.0,19246.0,1.0
12103.0,15457.0,1.0
12103.0,17337.0,1.0
12103.0,16175.0,1.0
12104.0,16396.0,1.0
12107.0,14541.0,1.0
12109.0,15350.0,1.0
12116.0,13881.0,1.0
12118.0,12784.0,1.0
12119.0,16626.0,1.0
12119.0,14066.0,1.0
12120.0,13221.0,1.0
12124.0,12125.0,1.0
12125.0,16828.0,1.0
12126.0,12127.0,1.0
12135.0,14214.0,1.0
12138.0,12139.0,1.0
12142.0,12143.0,1.0
12143.0,20348.0,1.0
12144.0,14025.0,1.0
12147.0,12246.0,1.0
12151.0,12703.0,1.0
12151.0,20443.0,1.0
12154.0,12155.0,1.0
12154.0,16082.0,1.0
12157.0,12158.0,1.0
12157.0,12582.0,1.0
12157.0,14227.0,1.0
12161.0,14256.0,1.0
12167.0,12168.0,1.0
12167.0,13503.0,1.0
12168.0,13975.0,1.0
12172.0,12173.0,1.0
12173.0,15014.0,1.0
12174.0,19178.0,1.0
12175.0,16739.0,1.0
12175.0,13865.0,1.0
12179.0,14956.0,1.0
12180.0,12181.0,1.0
12181.0,12370.0,1.0
12181.0,12312.0,1.0
12182.0,14454.0,1.0
12183.0,14694.0,1.0
12184.0,17452.0,1.0
12186.0,12187.0,1.0
12193.0,16632.0,1.0
12206.0,12207.0,1.0
12206.0,14530.0,1.0
12212.0,13717.0,1.0
12212.0,14904.0,1.0
12217.0,12218.0,1.0
12217.0,16125.0,1.0
12219.0,20229.0,1.0
12222.0,12600.0,1.0
12222.0,12784.0,1.0
12237.0,12316.0,1.0
12237.0,12831.0,1.0
12238.0,12239.0,1.0
12239.0,14114.0,1.0
12239.0,17019.0,1.0
12240.0,12241.0,1.0
12241.0,12710.0,1.0
12241.0,16632.0,1.0
12242.0,13507.0,1.0
12245.0,16816.0,1.0
12246.0,13144.0,1.0
12247.0,14515.0,1.0
12248.0,12249.0,1.0
12248.0,15484.0,1.0
12255.0,12256.0,1.0
12255.0,14835.0,1.0
12255.0,16076.0,1.0
12256.0,20095.0,1.0
12261.0,12262.0,1.0
12261.0,17773.0,1.0
12261.0,21020.0,1.0
12261.0,21069.0,1.0
12262.0,13713.0,1.0
12262.0,17360.0,1.0
12263.0,12264.0,1.0
12263.0,13156.0,1.0
12263.0,13197.0,1.0
12264.0,13358.0,1.0
12264.0,13479.0,1.0
12272.0,12428.0,1.0
12273.0,13851.0,1.0
12275.0,12276.0,1.0
12275.0,20233.0,1.0
12280.0,12281.0,1.0
12280.0,12582.0,1.0
12280.0,16120.0,1.0
12284.0,16677.0,1.0
12286.0,16893.0,1.0
12288.0,12289.0,1.0
12294.0,21142.0,1.0
12299.0,13795.0,1.0
12303.0,12304.0,1.0
12303.0,17231.0,1.0
12304.0,16888.0,1.0
12305.0,12306.0,1.0
12306.0,15013.0,1.0
12306.0,15020.0,1.0
12308.0,12309.0,1.0
12309.0,16089.0,1.0
12311.0,12312.0,1.0
12311.0,15911.0,1.0
12312.0,20172.0,1.0
12313.0,12314.0,1.0
12314.0,14427.0,1.0
12314.0,16768.0,1.0
12316.0,18509.0,1.0
12324.0,21123.0,1.0
12330.0,14181.0,1.0
12331.0,12485.0,1.0
12331.0,18135.0,1.0
12333.0,13953.0,1.0
12333.0,16972.0,1.0
12339.0,16330.0,1.0
12339.0,16579.0,1.0
12344.0,12376.0,1.0
12345.0,17656.0,1.0
12347.0,14155.0,1.0
12347.0,16126.0,1.0
12349.0,20793.0,1.0
12354.0,16794.0,1.0
12357.0,13278.0,1.0
12368.0,16503.0,1.0
12371.0,12372.0,1.0
12372.0,12402.0,1.0
12372.0,13109.0,1.0
12373.0,15658.0,1.0
12373.0,16030.0,1.0
12376.0,17967.0,1.0
12379.0,18515.0,1.0
12382.0,16853.0,1.0
12385.0,17770.0,1.0
12390.0,12391.0,1.0
12391.0,12991.0,1.0
12392.0,12393.0,1.0
12392.0,13543.0,1.0
12392.0,14808.0,1.0
12395.0,13730.0,1.0
12395.0,14880.0,1.0
12398.0,14057.0,1.0
12402.0,13479.0,1.0
12402.0,14630.0,1.0
12405.0,14374.0,1.0
12410.0,12454.0,1.0
12410.0,15034.0,1.0
12415.0,14010.0,1.0
12415.0,17706.0,1.0
12421.0,17461.0,1.0
12421.0,17388.0,1.0
12428.0,12705.0,1.0
12429.0,13711.0,1.0
12429.0,16819.0,1.0
12432.0,12433.0,1.0
12432.0,12579.0,1.0
12433.0,13912.0,1.0
12442.0,13817.0,1.0
12447.0,17664.0,1.0
12450.0,13015.0,1.0
12450.0,16897.0,1.0
12450.0,20391.0,1.0
12457.0,19313.0,1.0
12459.0,12460.0,1.0
12460.0,13314.0,1.0
12461.0,13564.0,1.0
12461.0,17766.0,1.0
12462.0,14302.0,1.0
12463.0,15219.0,1.0
12463.0,14232.0,1.0
12463.0,14644.0,1.0
12472.0,16473.0,1.0
12480.0,13099.0,1.0
12481.0,17010.0,1.0
12481.0,20658.0,1.0
12483.0,15159.0,1.0
12485.0,18269.0,1.0
12488.0,17735.0,1.0
12489.0,12591.0,1.0
12496.0,13776.0,1.0
12499.0,12500.0,1.0
12499.0,13911.0,1.0
12499.0,17310.0,1.0
12511.0,16500.0,1.0
12513.0,12876.0,1.0
12517.0,14624.0,1.0
12519.0,18456.0,1.0
12524.0,16712.0,1.0
12526.0,16100.0,1.0
12527.0,12528.0,1.0
12527.0,13183.0,1.0
12527.0,20333.0,1.0
12527.0,16902.0,1.0
12528.0,12746.0,1.0
12528.0,13467.0,1.0
12529.0,17674.0,1.0
12532.0,15159.0,1.0
12535.0,14831.0,1.0
12535.0,14965.0,1.0
12535.0,19994.0,1.0
12539.0,12540.0,1.0
12539.0,14785.0,1.0
12540.0,13147.0,1.0
12548.0,13207.0,1.0
12550.0,12912.0,1.0
12551.0,16396.0,1.0
12554.0,12555.0,1.0
12557.0,12584.0,1.0
12559.0,14357.0,1.0
12559.0,20252.0,1.0
12560.0,16378.0,1.0
12560.0,17584.0,1.0
12562.0,16725.0,1.0
12564.0,14145.0,1.0
12565.0,12566.0,1.0
12565.0,14692.0,1.0
12565.0,16079.0,1.0
12566.0,14667.0,1.0
12566.0,14617.0,1.0
12570.0,12925.0,1.0
12577.0,12578.0,1.0
12577.0,16968.0,1.0
12578.0,16742.0,1.0
12579.0,14179.0,1.0
12581.0,17894.0,1.0
12583.0,14374.0,1.0
12584.0,17902.0,1.0
12584.0,19249.0,1.0
12585.0,12586.0,1.0
12586.0,17739.0,1.0
12586.0,15780.0,1.0
12591.0,17062.0,1.0
12595.0,16798.0,1.0
12600.0,16619.0,1.0
12603.0,16472.0,1.0
12604.0,16613.0,1.0
12609.0,15871.0,1.0
12609.0,17286.0,1.0
12611.0,16109.0,1.0
12617.0,16939.0,1.0
12617.0,16519.0,1.0
12618.0,13755.0,1.0
12618.0,20303.0,1.0
12624.0,12625.0,1.0
12624.0,14628.0,1.0
12625.0,15581.0,1.0
12626.0,19512.0,1.0
12628.0,12629.0,1.0
12629.0,13611.0,1.0
12629.0,19412.0,1.0
12632.0,20257.0,1.0
12634.0,17669.0,1.0
12634.0,17446.0,1.0
12636.0,13264.0,1.0
12646.0,16126.0,1.0
12647.0,16154.0,1.0
12647.0,21141.0,1.0
12650.0,14093.0,1.0
12650.0,13778.0,1.0
12651.0,14718.0,1.0
12651.0,16550.0,1.0
12653.0,16958.0,1.0
12655.0,14282.0,1.0
12657.0,13425.0,1.0
12670.0,12671.0,1.0
12670.0,16011.0,1.0
12671.0,13249.0,1.0
12680.0,13950.0,1.0
12682.0,12683.0,1.0
12693.0,12694.0,1.0
12697.0,12698.0,1.0
12703.0,12704.0,1.0
12703.0,12814.0,1.0
12705.0,14901.0,1.0
12706.0,12707.0,1.0
12706.0,17485.0,1.0
12707.0,15125.0,1.0
12708.0,13770.0,1.0
12709.0,17214.0,1.0
12710.0,15127.0,1.0
12711.0,13042.0,1.0
12714.0,13105.0,1.0
12716.0,14085.0,1.0
12716.0,16092.0,1.0
12719.0,12720.0,1.0
12719.0,16686.0,1.0
12730.0,16352.0,1.0
12731.0,17513.0,1.0
12732.0,16751.0,1.0
12733.0,12734.0,1.0
12733.0,14042.0,1.0
12733.0,15317.0,1.0
12738.0,12739.0,1.0
12738.0,14603.0,1.0
12742.0,12943.0,1.0
12744.0,16507.0,1.0
12746.0,13183.0,1.0
12746.0,13902.0,1.0
12746.0,14438.0,1.0
12748.0,13478.0,1.0
12749.0,13107.0,1.0
12749.0,14273.0,1.0
12751.0,16846.0,1.0
12753.0,12838.0,1.0
12755.0,13598.0,1.0
12755.0,16076.0,1.0
12756.0,12757.0,1.0
12756.0,15240.0,1.0
12756.0,14157.0,1.0
12757.0,13209.0,1.0
12757.0,15979.0,1.0
12761.0,13464.0,1.0
12761.0,14066.0,1.0
12763.0,15982.0,1.0
12766.0,16085.0,1.0
12767.0,12768.0,1.0
12767.0,14402.0,1.0
12769.0,14598.0,1.0
12771.0,13842.0,1.0
12772.0,17532.0,1.0
12772.0,18022.0,1.0
12776.0,13737.0,1.0
12780.0,13406.0,1.0
12784.0,16619.0,1.0
12791.0,20794.0,1.0
12792.0,14051.0,1.0
12805.0,12806.0,1.0
12806.0,14890.0,1.0
12806.0,19396.0,1.0
12809.0,13085.0,1.0
12813.0,12814.0,1.0
12814.0,16570.0,1.0
12814.0,16054.0,1.0
12815.0,12816.0,1.0
12818.0,14244.0,1.0
12821.0,12822.0,1.0
12822.0,13032.0,1.0
12827.0,14305.0,1.0
12828.0,12829.0,1.0
12831.0,18516.0,1.0
12832.0,12833.0,1.0
12835.0,13151.0,1.0
12835.0,19338.0,1.0
12836.0,12838.0,1.0
12836.0,14121.0,1.0
12837.0,17998.0,1.0
12847.0,14500.0,1.0
12847.0,14382.0,1.0
12857.0,16392.0,1.0
12860.0,13146.0,1.0
12862.0,14057.0,1.0
12864.0,16560.0,1.0
12867.0,18000.0,1.0
12867.0,13711.0,1.0
12874.0,14428.0,1.0
12876.0,14125.0,1.0
12878.0,13647.0,1.0
12878.0,20858.0,1.0
12878.0,20859.0,1.0
12884.0,13015.0,1.0
12884.0,19830.0,1.0
12885.0,13023.0,1.0
12894.0,16419.0,1.0
12904.0,13495.0,1.0
12904.0,20353.0,1.0
12908.0,12909.0,1.0
12909.0,16443.0,1.0
12912.0,14615.0,1.0
12913.0,13434.0,1.0
12918.0,13542.0,1.0
12918.0,18256.0,1.0
12924.0,21052.0,1.0
12925.0,14833.0,1.0
12926.0,12927.0,1.0
12927.0,16886.0,1.0
12928.0,14723.0,1.0
12930.0,17027.0,1.0
12931.0,13886.0,1.0
12937.0,13215.0,1.0
12942.0,12943.0,1.0
12944.0,14680.0,1.0
12945.0,13029.0,1.0
12945.0,18041.0,1.0
12949.0,12950.0,1.0
12949.0,16721.0,1.0
12953.0,12954.0,1.0
12953.0,16517.0,1.0
12955.0,12956.0,1.0
12957.0,20608.0,1.0
12959.0,12960.0,1.0
12961.0,12962.0,1.0
12961.0,14044.0,1.0
12962.0,20708.0,1.0
12962.0,17420.0,1.0
12965.0,13414.0,1.0
12967.0,16122.0,1.0
12967.0,19035.0,1.0
12981.0,13918.0,1.0
12984.0,20719.0,1.0
12985.0,19448.0,1.0
12986.0,14699.0,1.0
12991.0,12992.0,1.0
12991.0,16104.0,1.0
12992.0,13548.0,1.0
12995.0,20809.0,1.0
12995.0,17932.0,1.0
12999.0,13000.0,1.0
12999.0,16110.0,1.0
12999.0,16146.0,1.0
13000.0,17271.0,1.0
13004.0,19032.0,1.0
13004.0,20417.0,1.0
13005.0,13176.0,1.0
13005.0,14773.0,1.0
13005.0,16822.0,1.0
13006.0,13007.0,1.0
13006.0,17108.0,1.0
13011.0,16592.0,1.0
13015.0,13016.0,1.0
13017.0,17909.0,1.0
13018.0,14208.0,1.0
13022.0,16368.0,1.0
13026.0,13027.0,1.0
13029.0,13256.0,1.0
13031.0,13032.0,1.0
13032.0,14462.0,1.0
13040.0,14678.0,1.0
13040.0,20759.0,1.0
13041.0,15185.0,1.0
13041.0,15192.0,1.0
13042.0,17855.0,1.0
13042.0,18970.0,1.0
13044.0,13045.0,1.0
13045.0,16094.0,1.0
13046.0,13482.0,1.0
13050.0,13051.0,1.0
13051.0,14593.0,1.0
13051.0,17056.0,1.0
13053.0,13111.0,1.0
13056.0,13057.0,1.0
13056.0,13141.0,1.0
13058.0,17123.0,1.0
13062.0,15598.0,1.0
13067.0,14489.0,1.0
13084.0,13607.0,1.0
13084.0,17675.0,1.0
13088.0,13089.0,1.0
13088.0,16854.0,1.0
13089.0,14199.0,1.0
13093.0,17475.0,1.0
13096.0,13983.0,1.0
13096.0,16119.0,1.0
13098.0,20339.0,1.0
13099.0,13405.0,1.0
13100.0,13163.0,1.0
13100.0,14710.0,1.0
13110.0,14520.0,1.0
13112.0,13113.0,1.0
13112.0,14904.0,1.0
13117.0,13118.0,1.0
13120.0,16054.0,1.0
13128.0,13592.0,1.0
13129.0,16443.0,1.0
13131.0,16560.0,1.0
13131.0,13794.0,1.0
13132.0,19621.0,1.0
13132.0,14875.0,1.0
13138.0,13501.0,1.0
13142.0,13143.0,1.0
13142.0,20879.0,1.0
13143.0,15071.0,1.0
13143.0,20927.0,1.0
13144.0,13145.0,1.0
13144.0,17726.0,1.0
13146.0,13619.0,1.0
13147.0,16333.0,1.0
13150.0,13165.0,1.0
13150.0,13717.0,1.0
13163.0,13164.0,1.0
13164.0,14710.0,1.0
13164.0,17767.0,1.0
13165.0,16495.0,1.0
13168.0,17489.0,1.0
13168.0,20928.0,1.0
13169.0,17003.0,1.0
13171.0,14282.0,1.0
13175.0,16819.0,1.0
13176.0,16973.0,1.0
13179.0,14192.0,1.0
13181.0,17061.0,1.0
13181.0,15457.0,1.0
13182.0,17081.0,1.0
13183.0,17031.0,1.0
13183.0,17790.0,1.0
13187.0,14148.0,1.0
13193.0,14832.0,1.0
13195.0,14009.0,1.0
13202.0,13203.0,1.0
13205.0,13206.0,1.0
13206.0,13587.0,1.0
13207.0,13208.0,1.0
13208.0,17854.0,1.0
13208.0,19298.0,1.0
13211.0,13212.0,1.0
13213.0,13903.0,1.0
13213.0,18989.0,1.0
13216.0,18509.0,1.0
13221.0,14179.0,1.0
13230.0,13885.0,1.0
13230.0,16925.0,1.0
13234.0,16779.0,1.0
13238.0,13755.0,1.0
13241.0,14095.0,1.0
13243.0,14810.0,1.0
13243.0,14562.0,1.0
13244.0,14613.0,1.0
13246.0,18530.0,1.0
13252.0,13566.0,1.0
13255.0,16773.0,1.0
13256.0,14415.0,1.0
13256.0,16145.0,1.0
13256.0,18041.0,1.0
13265.0,16968.0,1.0
13265.0,20928.0,1.0
13268.0,13997.0,1.0
13277.0,13687.0,1.0
13278.0,13279.0,1.0
13291.0,21022.0,1.0
13291.0,21042.0,1.0
13291.0,21069.0,1.0
13295.0,13428.0,1.0
13303.0,21040.0,1.0
13304.0,14806.0,1.0
13311.0,13312.0,1.0
13311.0,16384.0,1.0
13312.0,16338.0,1.0
13312.0,16384.0,1.0
13314.0,13315.0,1.0
13314.0,18113.0,1.0
13315.0,13647.0,1.0
13319.0,14255.0,1.0
13325.0,15816.0,1.0
13331.0,19444.0,1.0
13334.0,15021.0,1.0
13335.0,13336.0,1.0
13335.0,14273.0,1.0
13336.0,14165.0,1.0
13336.0,13368.0,1.0
13338.0,13339.0,1.0
13339.0,17408.0,1.0
13354.0,13355.0,1.0
13355.0,14131.0,1.0
13356.0,13357.0,1.0
13356.0,20206.0,1.0
13356.0,17993.0,1.0
13357.0,15703.0,1.0
13357.0,19470.0,1.0
13359.0,16764.0,1.0
13359.0,13851.0,1.0
13362.0,16561.0,1.0
13364.0,18127.0,1.0
13366.0,16072.0,1.0
13368.0,13492.0,1.0
13369.0,16013.0,1.0
13373.0,13374.0,1.0
13374.0,16831.0,1.0
13374.0,17217.0,1.0
13374.0,18512.0,1.0
13375.0,13376.0,1.0
13375.0,19130.0,1.0
13376.0,16533.0,1.0
13379.0,17391.0,1.0
13382.0,17940.0,1.0
13388.0,13973.0,1.0
13394.0,20721.0,1.0
13396.0,14846.0,1.0
13411.0,13919.0,1.0
13411.0,14907.0,1.0
13416.0,13923.0,1.0
13416.0,14232.0,1.0
13425.0,17693.0,1.0
13435.0,13436.0,1.0
13435.0,14160.0,1.0
13440.0,16926.0,1.0
13441.0,13442.0,1.0
13441.0,16152.0,1.0
13442.0,16152.0,1.0
13455.0,13456.0,1.0
13455.0,14934.0,1.0
13456.0,14677.0,1.0
13456.0,17226.0,1.0
13456.0,19522.0,1.0
13465.0,18528.0,1.0
13465.0,20760.0,1.0
13465.0,18525.0,1.0
13468.0,14813.0,1.0
13470.0,13713.0,1.0
13470.0,16139.0,1.0
13470.0,17360.0,1.0
13487.0,13903.0,1.0
13492.0,14165.0,1.0
13495.0,21175.0,1.0
13495.0,21184.0,1.0
13500.0,14739.0,1.0
13501.0,14277.0,1.0
13503.0,16383.0,1.0
13503.0,20577.0,1.0
13504.0,13931.0,1.0
13504.0,16444.0,1.0
13510.0,17933.0,1.0
13510.0,20797.0,1.0
13518.0,13519.0,1.0
13518.0,18142.0,1.0
13518.0,18135.0,1.0
13521.0,13522.0,1.0
13521.0,16755.0,1.0
13539.0,13745.0,1.0
13541.0,14777.0,1.0
13547.0,19206.0,1.0
13547.0,19580.0,1.0
13548.0,14692.0,1.0
13554.0,16403.0,1.0
13562.0,17029.0,1.0
13562.0,13866.0,1.0
13564.0,14735.0,1.0
13565.0,16550.0,1.0
13570.0,14459.0,1.0
13572.0,13989.0,1.0
13597.0,14637.0,1.0
13600.0,14704.0,1.0
13601.0,19394.0,1.0
13610.0,13611.0,1.0
13615.0,13677.0,1.0
13619.0,16526.0,1.0
13622.0,13623.0,1.0
13627.0,13628.0,1.0
13627.0,17336.0,1.0
13627.0,15349.0,1.0
13632.0,13644.0,1.0
13632.0,16465.0,1.0
13634.0,14175.0,1.0
13634.0,14649.0,1.0
13646.0,16125.0,1.0
13647.0,18113.0,1.0
13651.0,16778.0,1.0
13651.0,15121.0,1.0
13656.0,16473.0,1.0
13659.0,13825.0,1.0
13664.0,14612.0,1.0
13664.0,17075.0,1.0
13665.0,13666.0,1.0
13665.0,14388.0,1.0
13670.0,20837.0,1.0
13676.0,16421.0,1.0
13677.0,14092.0,1.0
13678.0,13679.0,1.0
13678.0,14464.0,1.0
13678.0,20850.0,1.0
13679.0,14748.0,1.0
13679.0,13951.0,1.0
13682.0,16128.0,1.0
13684.0,17653.0,1.0
13690.0,16108.0,1.0
13690.0,17261.0,1.0
13691.0,13692.0,1.0
13692.0,14043.0,1.0
13697.0,13698.0,1.0
13698.0,18069.0,1.0
13701.0,14872.0,1.0
13706.0,13707.0,1.0
13707.0,17854.0,1.0
13713.0,21069.0,1.0
13727.0,20760.0,1.0
13727.0,18525.0,1.0
13731.0,18578.0,1.0
13741.0,15912.0,1.0
13747.0,14029.0,1.0
13752.0,18280.0,1.0
13761.0,14192.0,1.0
13764.0,16551.0,1.0
13770.0,17313.0,1.0
13771.0,13772.0,1.0
13771.0,17061.0,1.0
13771.0,16908.0,1.0
13778.0,14873.0,1.0
13779.0,18576.0,1.0
13781.0,16008.0,1.0
13792.0,13793.0,1.0
13793.0,14601.0,1.0
13794.0,13898.0,1.0
13795.0,16374.0,1.0
13822.0,13823.0,1.0
13822.0,19453.0,1.0
13825.0,13826.0,1.0
13827.0,16738.0,1.0
13827.0,16574.0,1.0
13836.0,13837.0,1.0
13836.0,14368.0,1.0
13837.0,21025.0,1.0
13837.0,21013.0,1.0
13842.0,17705.0,1.0
13852.0,13853.0,1.0
13852.0,20343.0,1.0
13852.0,20588.0,1.0
13853.0,17277.0,1.0
13853.0,20892.0,1.0
13856.0,14589.0,1.0
13863.0,16958.0,1.0
13865.0,16460.0,1.0
13872.0,13911.0,1.0
13872.0,14582.0,1.0
13873.0,16697.0,1.0
13880.0,20797.0,1.0
13881.0,20819.0,1.0
13883.0,17123.0,1.0
13885.0,16467.0,1.0
13899.0,16740.0,1.0
13903.0,18990.0,1.0
13910.0,14721.0,1.0
13910.0,19067.0,1.0
13911.0,18432.0,1.0
13919.0,17744.0,1.0
13923.0,14232.0,1.0
13930.0,13931.0,1.0
13930.0,14319.0,1.0
13931.0,18011.0,1.0
13932.0,16785.0,1.0
13932.0,16841.0,1.0
13936.0,14001.0,1.0
13936.0,14364.0,1.0
13940.0,14642.0,1.0
13940.0,16815.0,1.0
13943.0,13944.0,1.0
13944.0,19394.0,1.0
13957.0,14388.0,1.0
13961.0,16925.0,1.0
13967.0,17916.0,1.0
13972.0,13973.0,1.0
13973.0,16342.0,1.0
13982.0,16365.0,1.0
13984.0,16353.0,1.0
13984.0,16715.0,1.0
14000.0,14067.0,1.0
14000.0,15736.0,1.0
14000.0,16671.0,1.0
14002.0,14504.0,1.0
14007.0,17075.0,1.0
14009.0,14811.0,1.0
14016.0,14578.0,1.0
14016.0,17914.0,1.0
14017.0,16886.0,1.0
14019.0,14020.0,1.0
14019.0,16829.0,1.0
14019.0,17029.0,1.0
14025.0,16119.0,1.0
14038.0,14435.0,1.0
14043.0,15687.0,1.0
14044.0,14045.0,1.0
14044.0,16146.0,1.0
14056.0,14057.0,1.0
14056.0,16801.0,1.0
14059.0,19297.0,1.0
14059.0,20214.0,1.0
14066.0,16774.0,1.0
14067.0,16671.0,1.0
14067.0,16913.0,1.0
14069.0,16121.0,1.0
14071.0,20795.0,1.0
14073.0,16088.0,1.0
14074.0,17114.0,1.0
14091.0,18442.0,1.0
14097.0,14167.0,1.0
14097.0,20808.0,1.0
14100.0,17027.0,1.0
14101.0,14102.0,1.0
14102.0,14641.0,1.0
14102.0,17723.0,1.0
14111.0,17398.0,1.0
14111.0,15783.0,1.0
14111.0,15681.0,1.0
14113.0,16071.0,1.0
14115.0,16140.0,1.0
14120.0,14369.0,1.0
14120.0,15762.0,1.0
14123.0,16899.0,1.0
14123.0,16699.0,1.0
14124.0,14836.0,1.0
14125.0,14832.0,1.0
14130.0,14131.0,1.0
14145.0,14493.0,1.0
14152.0,16886.0,1.0
14153.0,17687.0,1.0
14153.0,14317.0,1.0
14154.0,16158.0,1.0
14157.0,17362.0,1.0
14158.0,14159.0,1.0
14160.0,16340.0,1.0
14162.0,14163.0,1.0
14162.0,14344.0,1.0
14162.0,16732.0,1.0
14164.0,19692.0,1.0
14164.0,19693.0,1.0
14164.0,19694.0,1.0
14167.0,20807.0,1.0
14169.0,16886.0,1.0
14181.0,14364.0,1.0
14199.0,14890.0,1.0
14199.0,16854.0,1.0
14206.0,14842.0,1.0
14206.0,21081.0,1.0
14206.0,17940.0,1.0
14208.0,14209.0,1.0
14209.0,16312.0,1.0
14216.0,16102.0,1.0
14216.0,16076.0,1.0
14220.0,17332.0,1.0
14227.0,16089.0,1.0
14227.0,16133.0,1.0
14230.0,16449.0,1.0
14230.0,17850.0,1.0
14237.0,20352.0,1.0
14238.0,14737.0,1.0
14242.0,14243.0,1.0
14243.0,15724.0,1.0
14243.0,19091.0,1.0
14245.0,16789.0,1.0
14247.0,16763.0,1.0
14250.0,16143.0,1.0
14258.0,16445.0,1.0
14258.0,16787.0,1.0
14259.0,16315.0,1.0
14261.0,14262.0,1.0
14262.0,14381.0,1.0
14266.0,14267.0,1.0
14266.0,16072.0,1.0
14274.0,14275.0,1.0
14274.0,16028.0,1.0
14276.0,19037.0,1.0
14277.0,14278.0,1.0
14278.0,14570.0,1.0
14278.0,14639.0,1.0
14280.0,19464.0,1.0
14281.0,16561.0,1.0
14288.0,16572.0,1.0
14288.0,16693.0,1.0
14289.0,14373.0,1.0
14295.0,17748.0,1.0
14295.0,18442.0,1.0
14297.0,17748.0,1.0
14316.0,14436.0,1.0
14316.0,20741.0,1.0
14316.0,16035.0,1.0
14321.0,14322.0,1.0
14322.0,15074.0,1.0
14324.0,14325.0,1.0
14324.0,15583.0,1.0
14324.0,19081.0,1.0
14325.0,15583.0,1.0
14325.0,15597.0,1.0
14326.0,14327.0,1.0
14326.0,17696.0,1.0
14327.0,19619.0,1.0
14331.0,19529.0,1.0
14331.0,19036.0,1.0
14331.0,19530.0,1.0
14331.0,15608.0,1.0
14339.0,14737.0,1.0
14341.0,16085.0,1.0
14343.0,16119.0,1.0
14345.0,16137.0,1.0
14356.0,16151.0,1.0
14357.0,14506.0,1.0
14357.0,19500.0,1.0
14359.0,14360.0,1.0
14360.0,16091.0,1.0
14362.0,16533.0,1.0
14364.0,16721.0,1.0
14366.0,14747.0,1.0
14369.0,15761.0,1.0
14369.0,16853.0,1.0
14392.0,14393.0,1.0
14392.0,17191.0,1.0
14392.0,20775.0,1.0
14393.0,14571.0,1.0
14397.0,16139.0,1.0
14397.0,14500.0,1.0
14401.0,15695.0,1.0
14401.0,20506.0,1.0
14402.0,14403.0,1.0
14425.0,14554.0,1.0
14429.0,14430.0,1.0
14430.0,16084.0,1.0
14430.0,20178.0,1.0
14435.0,15750.0,1.0
14435.0,14804.0,1.0
14436.0,14437.0,1.0
14436.0,15110.0,1.0
14438.0,16881.0,1.0
14438.0,17018.0,1.0
14438.0,16628.0,1.0
14441.0,14472.0,1.0
14446.0,14447.0,1.0
14449.0,15477.0,1.0
14449.0,16681.0,1.0
14452.0,14497.0,1.0
14452.0,20087.0,1.0
14456.0,14457.0,1.0
14457.0,15113.0,1.0
14457.0,16103.0,1.0
14464.0,14465.0,1.0
14468.0,14469.0,1.0
14468.0,19719.0,1.0
14472.0,16437.0,1.0
14473.0,14474.0,1.0
14473.0,16097.0,1.0
14484.0,16772.0,1.0
14491.0,19178.0,1.0
14491.0,19463.0,1.0
14492.0,14493.0,1.0
14494.0,14495.0,1.0
14494.0,16001.0,1.0
14497.0,14498.0,1.0
14501.0,17306.0,1.0
14501.0,15241.0,1.0
14508.0,16118.0,1.0
14514.0,17420.0,1.0
14517.0,14518.0,1.0
14517.0,17815.0,1.0
14521.0,15939.0,1.0
14521.0,17330.0,1.0
14521.0,17813.0,1.0
14528.0,15724.0,1.0
14528.0,16090.0,1.0
14529.0,17332.0,1.0
14531.0,18117.0,1.0
14536.0,16096.0,1.0
14542.0,16150.0,1.0
14553.0,17379.0,1.0
14553.0,20513.0,1.0
14554.0,16101.0,1.0
14556.0,14557.0,1.0
14557.0,15589.0,1.0
14570.0,17333.0,1.0
14570.0,19249.0,1.0
14572.0,16087.0,1.0
14576.0,14577.0,1.0
14582.0,18125.0,1.0
14589.0,17763.0,1.0
14593.0,14594.0,1.0
14593.0,16967.0,1.0
14597.0,16340.0,1.0
14600.0,14601.0,1.0
14601.0,16097.0,1.0
14603.0,16551.0,1.0
14608.0,14768.0,1.0
14608.0,14728.0,1.0
14608.0,20164.0,1.0
14609.0,16133.0,1.0
14609.0,21029.0,1.0
14609.0,21063.0,1.0
14617.0,14618.0,1.0
14620.0,14621.0,1.0
14620.0,18129.0,1.0
14621.0,18126.0,1.0
14621.0,17739.0,1.0
14622.0,14623.0,1.0
14623.0,15113.0,1.0
14624.0,14625.0,1.0
14624.0,21068.0,1.0
14625.0,21042.0,1.0
14636.0,14637.0,1.0
14636.0,15056.0,1.0
14636.0,15299.0,1.0
14637.0,15077.0,1.0
14638.0,14639.0,1.0
14639.0,16090.0,1.0
14641.0,16020.0,1.0
14641.0,15232.0,1.0
14642.0,16624.0,1.0
14643.0,20335.0,1.0
14643.0,20417.0,1.0
14643.0,16768.0,1.0
14649.0,16118.0,1.0
14653.0,14654.0,1.0
14654.0,15740.0,1.0
14654.0,20221.0,1.0
14662.0,16425.0,1.0
14666.0,16930.0,1.0
14672.0,16837.0,1.0
14672.0,17006.0,1.0
14677.0,18188.0,1.0
14677.0,20104.0,1.0
14694.0,16459.0,1.0
14697.0,16929.0,1.0
14701.0,18521.0,1.0
14701.0,21053.0,1.0
14705.0,14706.0,1.0
14707.0,17306.0,1.0
14712.0,14713.0,1.0
14712.0,16070.0,1.0
14712.0,18122.0,1.0
14719.0,15126.0,1.0
14728.0,14729.0,1.0
14728.0,17454.0,1.0
14728.0,16079.0,1.0
14730.0,16702.0,1.0
14736.0,16596.0,1.0
14737.0,20135.0,1.0
14738.0,16098.0,1.0
14739.0,16416.0,1.0
14740.0,14741.0,1.0
14740.0,16087.0,1.0
14746.0,14747.0,1.0
14748.0,17512.0,1.0
14748.0,17535.0,1.0
14763.0,14764.0,1.0
14764.0,17409.0,1.0
14764.0,15911.0,1.0
14768.0,14787.0,1.0
14768.0,20163.0,1.0
14769.0,16819.0,1.0
14770.0,17257.0,1.0
14770.0,15817.0,1.0
14772.0,16933.0,1.0
14773.0,16973.0,1.0
14773.0,18162.0,1.0
14781.0,17712.0,1.0
14790.0,15600.0,1.0
14790.0,17310.0,1.0
14803.0,14804.0,1.0
14804.0,18442.0,1.0
14806.0,16540.0,1.0
14808.0,14825.0,1.0
14810.0,18305.0,1.0
14813.0,15233.0,1.0
14814.0,16136.0,1.0
14831.0,16076.0,1.0
14838.0,17281.0,1.0
14838.0,17649.0,1.0
14838.0,20763.0,1.0
14842.0,14843.0,1.0
14842.0,20837.0,1.0
14843.0,17880.0,1.0
14849.0,16352.0,1.0
14874.0,20817.0,1.0
14874.0,19262.0,1.0
14875.0,17029.0,1.0
14876.0,17108.0,1.0
14880.0,14881.0,1.0
14880.0,17353.0,1.0
14881.0,17496.0,1.0
14890.0,16633.0,1.0
14901.0,16894.0,1.0
14904.0,14912.0,1.0
14906.0,16722.0,1.0
14909.0,14910.0,1.0
14911.0,20380.0,1.0
14912.0,18008.0,1.0
14923.0,17013.0,1.0
14923.0,20329.0,1.0
14934.0,14935.0,1.0
14934.0,20916.0,1.0
14934.0,20918.0,1.0
14935.0,18188.0,1.0
14935.0,20918.0,1.0
14940.0,14953.0,1.0
14940.0,14954.0,1.0
14940.0,16549.0,1.0
14945.0,14946.0,1.0
14945.0,18025.0,1.0
14945.0,20772.0,1.0
14945.0,18068.0,1.0
14946.0,17191.0,1.0
14946.0,18025.0,1.0
14948.0,16158.0,1.0
14951.0,14952.0,1.0
14952.0,14987.0,1.0
14952.0,15815.0,1.0
14952.0,20673.0,1.0
14953.0,17949.0,1.0
14953.0,14955.0,1.0
14954.0,14955.0,1.0
14954.0,16544.0,1.0
14954.0,21054.0,1.0
14955.0,17216.0,1.0
14956.0,18479.0,1.0
14957.0,19221.0,1.0
14957.0,20253.0,1.0
14957.0,19249.0,1.0
14965.0,14966.0,1.0
14965.0,19247.0,1.0
14966.0,19213.0,1.0
14966.0,19279.0,1.0
14968.0,14969.0,1.0
14971.0,16012.0,1.0
14971.0,19380.0,1.0
14987.0,20668.0,1.0
14987.0,17113.0,1.0
14988.0,14989.0,1.0
14988.0,15002.0,1.0
14988.0,15001.0,1.0
14989.0,20543.0,1.0
14989.0,15026.0,1.0
14990.0,14991.0,1.0
14990.0,15003.0,1.0
14990.0,14995.0,1.0
14991.0,20501.0,1.0
14995.0,14996.0,1.0
14995.0,15001.0,1.0
14996.0,16607.0,1.0
14996.0,15025.0,1.0
15000.0,16655.0,1.0
15000.0,16725.0,1.0
15001.0,15025.0,1.0
15002.0,15003.0,1.0
15002.0,15004.0,1.0
15003.0,15023.0,1.0
15014.0,15015.0,1.0
15015.0,15018.0,1.0
15023.0,15024.0,1.0
15023.0,19519.0,1.0
15025.0,15037.0,1.0
15030.0,20079.0,1.0
15034.0,15035.0,1.0
15044.0,16189.0,1.0
15045.0,15046.0,1.0
15046.0,18508.0,1.0
15046.0,18514.0,1.0
15056.0,15063.0,1.0
15056.0,15607.0,1.0
15056.0,17379.0,1.0
15063.0,19090.0,1.0
15071.0,20916.0,1.0
15074.0,15075.0,1.0
15074.0,16041.0,1.0
15074.0,20998.0,1.0
15105.0,18460.0,1.0
15105.0,18461.0,1.0
15105.0,20534.0,1.0
15106.0,16559.0,1.0
15106.0,20808.0,1.0
15110.0,15111.0,1.0
15110.0,15200.0,1.0
15112.0,15113.0,1.0
15114.0,15115.0,1.0
15114.0,16147.0,1.0
15114.0,17422.0,1.0
15125.0,17474.0,1.0
15128.0,15129.0,1.0
15151.0,15152.0,1.0
15151.0,20274.0,1.0
15151.0,20270.0,1.0
15152.0,19529.0,1.0
15152.0,16130.0,1.0
15161.0,21081.0,1.0
15197.0,16739.0,1.0
15200.0,15201.0,1.0
15202.0,15203.0,1.0
15202.0,18122.0,1.0
15202.0,19038.0,1.0
15203.0,18122.0,1.0
15203.0,20271.0,1.0
15213.0,19009.0,1.0
15230.0,15695.0,1.0
15231.0,15232.0,1.0
15232.0,16142.0,1.0
15238.0,15239.0,1.0
15240.0,20260.0,1.0
15241.0,15242.0,1.0
15315.0,15316.0,1.0
15315.0,20574.0,1.0
15316.0,20578.0,1.0
15316.0,20579.0,1.0
15317.0,18182.0,1.0
15347.0,17283.0,1.0
15348.0,15349.0,1.0
15348.0,17360.0,1.0
15348.0,17773.0,1.0
15349.0,16139.0,1.0
15353.0,16051.0,1.0
15353.0,16028.0,1.0
15387.0,15388.0,1.0
15387.0,18577.0,1.0
15387.0,15392.0,1.0
15387.0,21097.0,1.0
15388.0,15400.0,1.0
15389.0,15390.0,1.0
15389.0,19579.0,1.0
15389.0,19581.0,1.0
15390.0,19588.0,1.0
15391.0,15392.0,1.0
15391.0,18254.0,1.0
15391.0,19589.0,1.0
15392.0,15399.0,1.0
15395.0,15396.0,1.0
15395.0,16955.0,1.0
15395.0,18255.0,1.0
15395.0,19576.0,1.0
15396.0,19576.0,1.0
15396.0,19590.0,1.0
15399.0,15400.0,1.0
15399.0,19579.0,1.0
15416.0,15417.0,1.0
15416.0,15590.0,1.0
15416.0,15422.0,1.0
15417.0,15422.0,1.0
15417.0,17959.0,1.0
15417.0,15644.0,1.0
15418.0,15419.0,1.0
15418.0,17188.0,1.0
15418.0,15613.0,1.0
15419.0,17593.0,1.0
15419.0,19162.0,1.0
15422.0,15423.0,1.0
15422.0,17959.0,1.0
15423.0,15434.0,1.0
15423.0,15647.0,1.0
15426.0,15427.0,1.0
15426.0,16341.0,1.0
15426.0,15612.0,1.0
15426.0,17030.0,1.0
15427.0,15650.0,1.0
15427.0,15612.0,1.0
15431.0,15598.0,1.0
15431.0,16832.0,1.0
15432.0,15433.0,1.0
15434.0,15647.0,1.0
15434.0,18533.0,1.0
15456.0,15457.0,1.0
15456.0,16279.0,1.0
15456.0,18089.0,1.0
15456.0,17342.0,1.0
15457.0,17342.0,1.0
15481.0,15484.0,1.0
15499.0,15500.0,1.0
15499.0,17760.0,1.0
15500.0,16158.0,1.0
15513.0,15514.0,1.0
15514.0,15645.0,1.0
15514.0,19396.0,1.0
15529.0,15530.0,1.0
15529.0,15543.0,1.0
15530.0,15531.0,1.0
15530.0,19332.0,1.0
15558.0,15560.0,1.0
15558.0,17515.0,1.0
15560.0,16354.0,1.0
15562.0,15563.0,1.0
15562.0,18022.0,1.0
15569.0,15697.0,1.0
15569.0,16536.0,1.0
15569.0,18078.0,1.0
15570.0,16365.0,1.0
15571.0,15572.0,1.0
15571.0,15580.0,1.0
15571.0,19079.0,1.0
15571.0,19619.0,1.0
15571.0,17696.0,1.0
15571.0,17928.0,1.0
15572.0,20658.0,1.0
15572.0,20782.0,1.0
15573.0,16124.0,1.0
15573.0,16147.0,1.0
15580.0,19583.0,1.0
15580.0,19619.0,1.0
15583.0,20274.0,1.0
15585.0,15586.0,1.0
15585.0,17355.0,1.0
15588.0,15589.0,1.0
15589.0,15592.0,1.0
15590.0,15816.0,1.0
15590.0,18533.0,1.0
15591.0,15592.0,1.0
15592.0,15594.0,1.0
15593.0,15594.0,1.0
15594.0,16098.0,1.0
15595.0,17353.0,1.0
15595.0,17355.0,1.0
15595.0,15596.0,1.0
15597.0,16755.0,1.0
15597.0,17924.0,1.0
15597.0,17958.0,1.0
15598.0,16832.0,1.0
15607.0,16293.0,1.0
15607.0,20641.0,1.0
15608.0,19036.0,1.0
15608.0,19529.0,1.0
15612.0,15613.0,1.0
15613.0,15650.0,1.0
15613.0,20889.0,1.0
15613.0,21139.0,1.0
15616.0,19558.0,1.0
15616.0,17297.0,1.0
15617.0,17555.0,1.0
15617.0,15671.0,1.0
15620.0,15621.0,1.0
15621.0,19558.0,1.0
15638.0,15639.0,1.0
15644.0,15645.0,1.0
15644.0,17959.0,1.0
15645.0,18533.0,1.0
15647.0,19624.0,1.0
15650.0,20464.0,1.0
15652.0,16516.0,1.0
15671.0,17557.0,1.0
15674.0,15675.0,1.0
15674.0,19573.0,1.0
15674.0,19588.0,1.0
15675.0,19206.0,1.0
15675.0,19580.0,1.0
15680.0,15681.0,1.0
15681.0,20121.0,1.0
15687.0,15688.0,1.0
15687.0,15700.0,1.0
15695.0,15725.0,1.0
15696.0,15697.0,1.0
15696.0,16175.0,1.0
15697.0,20106.0,1.0
15699.0,15700.0,1.0
15713.0,15762.0,1.0
15724.0,15804.0,1.0
15749.0,15750.0,1.0
15761.0,15762.0,1.0
15761.0,16913.0,1.0
15761.0,19414.0,1.0
15762.0,16671.0,1.0
15780.0,15786.0,1.0
15785.0,15787.0,1.0
15813.0,15814.0,1.0
15815.0,15896.0,1.0
15817.0,17418.0,1.0
15828.0,15829.0,1.0
15830.0,15831.0,1.0
15831.0,19562.0,1.0
15832.0,20806.0,1.0
15842.0,19589.0,1.0
15842.0,15852.0,1.0
15852.0,17555.0,1.0
15864.0,15865.0,1.0
15864.0,15868.0,1.0
15864.0,15870.0,1.0
15864.0,15866.0,1.0
15865.0,15933.0,1.0
15865.0,15871.0,1.0
15866.0,15867.0,1.0
15866.0,15875.0,1.0
15870.0,15879.0,1.0
15870.0,15933.0,1.0
15872.0,15873.0,1.0
15872.0,16816.0,1.0
15872.0,17629.0,1.0
15873.0,15879.0,1.0
15873.0,15875.0,1.0
15875.0,15879.0,1.0
15879.0,15931.0,1.0
15893.0,17557.0,1.0
15893.0,19590.0,1.0
15896.0,16544.0,1.0
15896.0,17113.0,1.0
15912.0,15913.0,1.0
15912.0,17606.0,1.0
15930.0,15931.0,1.0
15931.0,15933.0,1.0
15934.0,15935.0,1.0
15934.0,17816.0,1.0
15934.0,17817.0,1.0
15942.0,15943.0,1.0
15943.0,17165.0,1.0
15943.0,15953.0,1.0
15943.0,17162.0,1.0
15947.0,15948.0,1.0
15948.0,17162.0,1.0
15948.0,17257.0,1.0
15952.0,15953.0,1.0
15953.0,17171.0,1.0
15957.0,15958.0,1.0
15957.0,16033.0,1.0
15960.0,16034.0,1.0
15961.0,15962.0,1.0
15961.0,16014.0,1.0
15979.0,16000.0,1.0
15980.0,16021.0,1.0
15983.0,15984.0,1.0
15984.0,16801.0,1.0
15984.0,17025.0,1.0
15986.0,15987.0,1.0
15986.0,16027.0,1.0
15986.0,20358.0,1.0
15987.0,17151.0,1.0
15996.0,15997.0,1.0
15997.0,16013.0,1.0
15997.0,16001.0,1.0
15998.0,15999.0,1.0
15999.0,16019.0,1.0
15999.0,16078.0,1.0
16001.0,16002.0,1.0
16013.0,16124.0,1.0
16014.0,18972.0,1.0
16016.0,17151.0,1.0
16016.0,21193.0,1.0
16018.0,16037.0,1.0
16027.0,16424.0,1.0
16027.0,16591.0,1.0
16028.0,16030.0,1.0
16028.0,17400.0,1.0
16038.0,16039.0,1.0
16040.0,16041.0,1.0
16040.0,17098.0,1.0
16040.0,21018.0,1.0
16041.0,17098.0,1.0
16045.0,16256.0,1.0
16045.0,17932.0,1.0
16049.0,16050.0,1.0
16049.0,18127.0,1.0
16053.0,16054.0,1.0
16054.0,16570.0,1.0
16067.0,21201.0,1.0
16069.0,16072.0,1.0
16071.0,18116.0,1.0
16072.0,16134.0,1.0
16073.0,17460.0,1.0
16074.0,20250.0,1.0
16077.0,16117.0,1.0
16078.0,16143.0,1.0
16079.0,16080.0,1.0
16080.0,20764.0,1.0
16082.0,20251.0,1.0
16084.0,20256.0,1.0
16087.0,20131.0,1.0
16088.0,17277.0,1.0
16090.0,16137.0,1.0
16092.0,16093.0,1.0
16092.0,16535.0,1.0
16093.0,16145.0,1.0
16094.0,19382.0,1.0
16095.0,20575.0,1.0
16095.0,21067.0,1.0
16095.0,21066.0,1.0
16097.0,16149.0,1.0
16098.0,17353.0,1.0
16099.0,17993.0,1.0
16100.0,16110.0,1.0
16102.0,20066.0,1.0
16103.0,16124.0,1.0
16104.0,17985.0,1.0
16105.0,19924.0,1.0
16107.0,17256.0,1.0
16108.0,19183.0,1.0
16110.0,16111.0,1.0
16112.0,17821.0,1.0
16114.0,16136.0,1.0
16115.0,16116.0,1.0
16115.0,17815.0,1.0
16115.0,20228.0,1.0
16116.0,17358.0,1.0
16116.0,19805.0,1.0
16116.0,17283.0,1.0
16120.0,16121.0,1.0
16120.0,20183.0,1.0
16121.0,16132.0,1.0
16122.0,19035.0,1.0
16126.0,20972.0,1.0
16127.0,20070.0,1.0
16127.0,19781.0,1.0
16130.0,18115.0,1.0
16130.0,20270.0,1.0
16130.0,18122.0,1.0
16132.0,17895.0,1.0
16133.0,21041.0,1.0
16133.0,21037.0,1.0
16134.0,17751.0,1.0
16135.0,18117.0,1.0
16137.0,17333.0,1.0
16138.0,20174.0,1.0
16141.0,20101.0,1.0
16142.0,20387.0,1.0
16142.0,21068.0,1.0
16143.0,17420.0,1.0
16145.0,16673.0,1.0
16146.0,17995.0,1.0
16147.0,20243.0,1.0
16148.0,18128.0,1.0
16151.0,20215.0,1.0
16175.0,17843.0,1.0
16175.0,17953.0,1.0
16181.0,19822.0,1.0
16181.0,19425.0,1.0
16188.0,16189.0,1.0
16203.0,19428.0,1.0
16279.0,17411.0,1.0
16279.0,17794.0,1.0
16293.0,17258.0,1.0
16293.0,20623.0,1.0
16312.0,16313.0,1.0
16312.0,16319.0,1.0
16312.0,16934.0,1.0
16314.0,16933.0,1.0
16315.0,16353.0,1.0
16319.0,16933.0,1.0
16320.0,16321.0,1.0
16321.0,16722.0,1.0
16330.0,16489.0,1.0
16330.0,18516.0,1.0
16331.0,17875.0,1.0
16333.0,18455.0,1.0
16341.0,16342.0,1.0
16341.0,19638.0,1.0
16342.0,20322.0,1.0
16348.0,17485.0,1.0
16354.0,16355.0,1.0
16355.0,17515.0,1.0
16357.0,17054.0,1.0
16357.0,18990.0,1.0
16358.0,16359.0,1.0
16359.0,17682.0,1.0
16361.0,16421.0,1.0
16361.0,16442.0,1.0
16366.0,16686.0,1.0
16369.0,16461.0,1.0
16369.0,20327.0,1.0
16371.0,16619.0,1.0
16374.0,16719.0,1.0
16378.0,16493.0,1.0
16380.0,16796.0,1.0
16380.0,16392.0,1.0
16383.0,17315.0,1.0
16398.0,16415.0,1.0
16398.0,18102.0,1.0
16398.0,17088.0,1.0
16411.0,17055.0,1.0
16411.0,19394.0,1.0
16415.0,17088.0,1.0
16418.0,17098.0,1.0
16424.0,16425.0,1.0
16424.0,17357.0,1.0
16425.0,17469.0,1.0
16435.0,17960.0,1.0
16437.0,16438.0,1.0
16444.0,16445.0,1.0
16448.0,16734.0,1.0
16448.0,21009.0,1.0
16449.0,17850.0,1.0
16458.0,16459.0,1.0
16458.0,19401.0,1.0
16461.0,17006.0,1.0
16461.0,20328.0,1.0
16462.0,20322.0,1.0
16463.0,16797.0,1.0
16465.0,19435.0,1.0
16467.0,16924.0,1.0
16480.0,21089.0,1.0
16488.0,16489.0,1.0
16488.0,16579.0,1.0
16491.0,16513.0,1.0
16491.0,20925.0,1.0
16492.0,16675.0,1.0
16493.0,17584.0,1.0
16493.0,20326.0,1.0
16495.0,16864.0,1.0
16499.0,16985.0,1.0
16515.0,16672.0,1.0
16517.0,21047.0,1.0
16519.0,20697.0,1.0
16528.0,20433.0,1.0
16533.0,16631.0,1.0
16533.0,19130.0,1.0
16535.0,16673.0,1.0
16535.0,17012.0,1.0
16536.0,17134.0,1.0
16536.0,20106.0,1.0
16537.0,17101.0,1.0
16538.0,16539.0,1.0
16539.0,16559.0,1.0
16539.0,20063.0,1.0
16544.0,17216.0,1.0
16545.0,16633.0,1.0
16545.0,17042.0,1.0
16549.0,16991.0,1.0
16550.0,16889.0,1.0
16552.0,17463.0,1.0
16556.0,16557.0,1.0
16556.0,21102.0,1.0
16557.0,20443.0,1.0
16558.0,16829.0,1.0
16558.0,19454.0,1.0
16558.0,19455.0,1.0
16559.0,20807.0,1.0
16563.0,17587.0,1.0
16563.0,20051.0,1.0
16564.0,16975.0,1.0
16564.0,16699.0,1.0
16566.0,16567.0,1.0
16566.0,16785.0,1.0
16567.0,16850.0,1.0
16567.0,17081.0,1.0
16570.0,20136.0,1.0
16570.0,20767.0,1.0
16572.0,17197.0,1.0
16586.0,16899.0,1.0
16586.0,16984.0,1.0
16586.0,19577.0,1.0
16590.0,16591.0,1.0
16590.0,17469.0,1.0
16590.0,20440.0,1.0
16607.0,20503.0,1.0
16624.0,16625.0,1.0
16624.0,16815.0,1.0
16626.0,16774.0,1.0
16627.0,16628.0,1.0
16627.0,16881.0,1.0
16627.0,16969.0,1.0
16628.0,17018.0,1.0
16633.0,20762.0,1.0
16656.0,16737.0,1.0
16668.0,18259.0,1.0
16668.0,16806.0,1.0
16671.0,19418.0,1.0
16673.0,18041.0,1.0
16680.0,17042.0,1.0
16689.0,17264.0,1.0
16692.0,16693.0,1.0
16692.0,17197.0,1.0
16694.0,18975.0,1.0
16695.0,16696.0,1.0
16696.0,17025.0,1.0
16696.0,17056.0,1.0
16696.0,18088.0,1.0
16704.0,17003.0,1.0
16706.0,16774.0,1.0
16711.0,16975.0,1.0
16712.0,16713.0,1.0
16718.0,17103.0,1.0
16721.0,17102.0,1.0
16730.0,16794.0,1.0
16731.0,17770.0,1.0
16731.0,19524.0,1.0
16731.0,20465.0,1.0
16732.0,17926.0,1.0
16735.0,16736.0,1.0
16737.0,16738.0,1.0
16738.0,16797.0,1.0
16742.0,18532.0,1.0
16743.0,16957.0,1.0
16746.0,17892.0,1.0
16746.0,20627.0,1.0
16751.0,16979.0,1.0
16755.0,19081.0,1.0
16762.0,16763.0,1.0
16762.0,17700.0,1.0
16768.0,19397.0,1.0
16776.0,16777.0,1.0
16776.0,16846.0,1.0
16776.0,20300.0,1.0
16777.0,17446.0,1.0
16785.0,19002.0,1.0
16785.0,16874.0,1.0
16786.0,19420.0,1.0
16787.0,16788.0,1.0
16787.0,19314.0,1.0
16788.0,16841.0,1.0
16806.0,16807.0,1.0
16806.0,18259.0,1.0
16807.0,17092.0,1.0
16816.0,17286.0,1.0
16822.0,18162.0,1.0
16829.0,19455.0,1.0
16829.0,20728.0,1.0
16831.0,16832.0,1.0
16831.0,18016.0,1.0
16840.0,17084.0,1.0
16840.0,19225.0,1.0
16846.0,19656.0,1.0
16850.0,16851.0,1.0
16851.0,17080.0,1.0
16853.0,16854.0,1.0
16854.0,16913.0,1.0
16855.0,17087.0,1.0
16855.0,20803.0,1.0
16861.0,19013.0,1.0
16864.0,16865.0,1.0
16864.0,19434.0,1.0
16874.0,19002.0,1.0
16879.0,16902.0,1.0
16881.0,17031.0,1.0
16888.0,16889.0,1.0
16888.0,18028.0,1.0
16888.0,20440.0,1.0
16889.0,18028.0,1.0
16894.0,17087.0,1.0
16899.0,19577.0,1.0
16902.0,20333.0,1.0
16908.0,17342.0,1.0
16911.0,17197.0,1.0
16918.0,16962.0,1.0
16918.0,17529.0,1.0
16924.0,16925.0,1.0
16933.0,16934.0,1.0
16955.0,17926.0,1.0
16955.0,19576.0,1.0
16968.0,18532.0,1.0
16969.0,16970.0,1.0
16970.0,17790.0,1.0
16970.0,17031.0,1.0
16973.0,18450.0,1.0
16973.0,19624.0,1.0
16976.0,18000.0,1.0
16984.0,20336.0,1.0
17010.0,17011.0,1.0
17011.0,18459.0,1.0
17014.0,17042.0,1.0
17014.0,20762.0,1.0
17016.0,19397.0,1.0
17018.0,19193.0,1.0
17018.0,17039.0,1.0
17019.0,17955.0,1.0
17028.0,17045.0,1.0
17030.0,17088.0,1.0
17030.0,17955.0,1.0
17030.0,20026.0,1.0
17045.0,20206.0,1.0
17045.0,17932.0,1.0
17047.0,18254.0,1.0
17054.0,18989.0,1.0
17055.0,17469.0,1.0
17061.0,18135.0,1.0
17080.0,20333.0,1.0
17084.0,19225.0,1.0
17087.0,20803.0,1.0
17094.0,17095.0,1.0
17094.0,20779.0,1.0
17094.0,20823.0,1.0
17108.0,19361.0,1.0
17113.0,17216.0,1.0
17125.0,17132.0,1.0
17140.0,17590.0,1.0
17140.0,19254.0,1.0
17140.0,19277.0,1.0
17142.0,17146.0,1.0
17146.0,19004.0,1.0
17151.0,17182.0,1.0
17158.0,17159.0,1.0
17158.0,17409.0,1.0
17158.0,17334.0,1.0
17159.0,17162.0,1.0
17162.0,20516.0,1.0
17171.0,17816.0,1.0
17182.0,17183.0,1.0
17182.0,17209.0,1.0
17191.0,17413.0,1.0
17191.0,17350.0,1.0
17191.0,20768.0,1.0
17191.0,20795.0,1.0
17226.0,17228.0,1.0
17231.0,18028.0,1.0
17264.0,18303.0,1.0
17264.0,18223.0,1.0
17267.0,17629.0,1.0
17271.0,17995.0,1.0
17281.0,20771.0,1.0
17281.0,20774.0,1.0
17304.0,17305.0,1.0
17304.0,17342.0,1.0
17304.0,17794.0,1.0
17306.0,17922.0,1.0
17310.0,18424.0,1.0
17312.0,17313.0,1.0
17312.0,17405.0,1.0
17315.0,19206.0,1.0
17315.0,19573.0,1.0
17330.0,17331.0,1.0
17330.0,18004.0,1.0
17331.0,17345.0,1.0
17331.0,17980.0,1.0
17333.0,17334.0,1.0
17335.0,18580.0,1.0
17335.0,20117.0,1.0
17337.0,20105.0,1.0
17337.0,20111.0,1.0
17345.0,20189.0,1.0
17350.0,17371.0,1.0
17356.0,17357.0,1.0
17371.0,20089.0,1.0
17379.0,20506.0,1.0
17383.0,21014.0,1.0
17383.0,21068.0,1.0
17387.0,17870.0,1.0
17387.0,20101.0,1.0
17388.0,17576.0,1.0
17398.0,20127.0,1.0
17400.0,21043.0,1.0
17408.0,18110.0,1.0
17408.0,20387.0,1.0
17410.0,17411.0,1.0
17411.0,20814.0,1.0
17411.0,18089.0,1.0
17422.0,17651.0,1.0
17422.0,19872.0,1.0
17429.0,17430.0,1.0
17429.0,17438.0,1.0
17443.0,18317.0,1.0
17446.0,20300.0,1.0
17452.0,17453.0,1.0
17453.0,18262.0,1.0
17453.0,21170.0,1.0
17454.0,17467.0,1.0
17460.0,17466.0,1.0
17461.0,17485.0,1.0
17463.0,17489.0,1.0
17489.0,17490.0,1.0
17512.0,17520.0,1.0
17512.0,17535.0,1.0
17512.0,17513.0,1.0
17514.0,17515.0,1.0
17514.0,17532.0,1.0
17520.0,17525.0,1.0
17523.0,17529.0,1.0
17525.0,19419.0,1.0
17532.0,18022.0,1.0
17535.0,20850.0,1.0
17575.0,17576.0,1.0
17575.0,19365.0,1.0
17576.0,20899.0,1.0
17579.0,17580.0,1.0
17579.0,20740.0,1.0
17579.0,20736.0,1.0
17583.0,19638.0,1.0
17584.0,17589.0,1.0
17585.0,17586.0,1.0
17585.0,17589.0,1.0
17585.0,19638.0,1.0
17585.0,20326.0,1.0
17587.0,20458.0,1.0
17591.0,17592.0,1.0
17593.0,17594.0,1.0
17593.0,19292.0,1.0
17606.0,17813.0,1.0
17606.0,18969.0,1.0
17607.0,17608.0,1.0
17607.0,18165.0,1.0
17609.0,17610.0,1.0
17609.0,17622.0,1.0
17609.0,17623.0,1.0
17610.0,17623.0,1.0
17610.0,20804.0,1.0
17613.0,17614.0,1.0
17614.0,17615.0,1.0
17614.0,18316.0,1.0
17614.0,18319.0,1.0
17614.0,20104.0,1.0
17618.0,20193.0,1.0
17623.0,17804.0,1.0
17623.0,19045.0,1.0
17627.0,19637.0,1.0
17627.0,20319.0,1.0
17648.0,19276.0,1.0
17649.0,17650.0,1.0
17649.0,20160.0,1.0
17649.0,20163.0,1.0
17653.0,18510.0,1.0
17653.0,18511.0,1.0
17691.0,17692.0,1.0
17696.0,19079.0,1.0
17701.0,17702.0,1.0
17701.0,20053.0,1.0
17712.0,20631.0,1.0
17712.0,20632.0,1.0
17720.0,17956.0,1.0
17720.0,20534.0,1.0
17738.0,17748.0,1.0
17738.0,19122.0,1.0
17739.0,21197.0,1.0
17744.0,19794.0,1.0
17766.0,18256.0,1.0
17770.0,19524.0,1.0
17773.0,21024.0,1.0
17780.0,17781.0,1.0
17780.0,17782.0,1.0
17780.0,18470.0,1.0
17781.0,18465.0,1.0
17781.0,18998.0,1.0
17783.0,17784.0,1.0
17783.0,18997.0,1.0
17783.0,20722.0,1.0
17784.0,18993.0,1.0
17784.0,20835.0,1.0
17785.0,17786.0,1.0
17786.0,20839.0,1.0
17786.0,18993.0,1.0
17788.0,17789.0,1.0
17788.0,18066.0,1.0
17788.0,20301.0,1.0
17789.0,18436.0,1.0
17789.0,18440.0,1.0
17789.0,19285.0,1.0
17790.0,20333.0,1.0
17799.0,18970.0,1.0
17804.0,20020.0,1.0
17804.0,20655.0,1.0
17815.0,17817.0,1.0
17816.0,20254.0,1.0
17817.0,20255.0,1.0
17827.0,17828.0,1.0
17828.0,20092.0,1.0
17828.0,20094.0,1.0
17847.0,19438.0,1.0
17847.0,21135.0,1.0
17854.0,19132.0,1.0
17875.0,18084.0,1.0
17906.0,19438.0,1.0
17909.0,17910.0,1.0
17909.0,17998.0,1.0
17928.0,20580.0,1.0
17933.0,20201.0,1.0
17933.0,20794.0,1.0
17949.0,20144.0,1.0
17953.0,19624.0,1.0
17953.0,19597.0,1.0
17955.0,17956.0,1.0
17956.0,19162.0,1.0
17957.0,17958.0,1.0
17957.0,20273.0,1.0
17957.0,19591.0,1.0
17958.0,19591.0,1.0
17982.0,21127.0,1.0
17982.0,21128.0,1.0
17993.0,18126.0,1.0
17993.0,20790.0,1.0
17993.0,20787.0,1.0
17995.0,20708.0,1.0
18005.0,18074.0,1.0
18005.0,20861.0,1.0
18007.0,19435.0,1.0
18007.0,19436.0,1.0
18016.0,18512.0,1.0
18028.0,20367.0,1.0
18041.0,20869.0,1.0
18045.0,18046.0,1.0
18045.0,18056.0,1.0
18045.0,20861.0,1.0
18045.0,21192.0,1.0
18046.0,18060.0,1.0
18046.0,18056.0,1.0
18056.0,18057.0,1.0
18056.0,18211.0,1.0
18057.0,21134.0,1.0
18066.0,20989.0,1.0
18068.0,18069.0,1.0
18068.0,18298.0,1.0
18074.0,18235.0,1.0
18074.0,20861.0,1.0
18074.0,20862.0,1.0
18079.0,20358.0,1.0
18089.0,20526.0,1.0
18112.0,18113.0,1.0
18112.0,20858.0,1.0
18112.0,20860.0,1.0
18112.0,18529.0,1.0
18115.0,18116.0,1.0
18117.0,19923.0,1.0
18117.0,19938.0,1.0
18126.0,18129.0,1.0
18127.0,19929.0,1.0
18129.0,20788.0,1.0
18135.0,18142.0,1.0
18136.0,18137.0,1.0
18146.0,18147.0,1.0
18147.0,18150.0,1.0
18147.0,20861.0,1.0
18147.0,19425.0,1.0
18147.0,19551.0,1.0
18160.0,18161.0,1.0
18161.0,20092.0,1.0
18161.0,20121.0,1.0
18162.0,19614.0,1.0
18172.0,18173.0,1.0
18172.0,18191.0,1.0
18172.0,20917.0,1.0
18172.0,18175.0,1.0
18173.0,18185.0,1.0
18173.0,20926.0,1.0
18174.0,18175.0,1.0
18174.0,18178.0,1.0
18174.0,20967.0,1.0
18175.0,20942.0,1.0
18179.0,18180.0,1.0
18180.0,20113.0,1.0
18180.0,20094.0,1.0
18181.0,18182.0,1.0
18182.0,20880.0,1.0
18185.0,20917.0,1.0
18185.0,20938.0,1.0
18185.0,20916.0,1.0
18187.0,18188.0,1.0
18187.0,18192.0,1.0
18187.0,20106.0,1.0
18187.0,20917.0,1.0
18188.0,20106.0,1.0
18194.0,18216.0,1.0
18223.0,19015.0,1.0
18226.0,18227.0,1.0
18226.0,18244.0,1.0
18226.0,18237.0,1.0
18227.0,18229.0,1.0
18227.0,20690.0,1.0
18229.0,20691.0,1.0
18229.0,18237.0,1.0
18235.0,18236.0,1.0
18235.0,18242.0,1.0
18235.0,19551.0,1.0
18235.0,20862.0,1.0
18237.0,18238.0,1.0
18243.0,20739.0,1.0
18254.0,18255.0,1.0
18255.0,19589.0,1.0
18259.0,19524.0,1.0
18261.0,18262.0,1.0
18261.0,20352.0,1.0
18262.0,20353.0,1.0
18262.0,21170.0,1.0
18265.0,20880.0,1.0
18268.0,18269.0,1.0
18268.0,18272.0,1.0
18268.0,18270.0,1.0
18269.0,18272.0,1.0
18270.0,18283.0,1.0
18273.0,21123.0,1.0
18274.0,18275.0,1.0
18274.0,20950.0,1.0
18275.0,18283.0,1.0
18277.0,18278.0,1.0
18277.0,20781.0,1.0
18277.0,20844.0,1.0
18280.0,18281.0,1.0
18280.0,21124.0,1.0
18281.0,18282.0,1.0
18298.0,18299.0,1.0
18301.0,18302.0,1.0
18302.0,18305.0,1.0
18310.0,18467.0,1.0
18424.0,20082.0,1.0
18436.0,18437.0,1.0
18436.0,18440.0,1.0
18436.0,20821.0,1.0
18437.0,18439.0,1.0
18437.0,19198.0,1.0
18439.0,19318.0,1.0
18439.0,19198.0,1.0
18440.0,18482.0,1.0
18450.0,19617.0,1.0
18450.0,19624.0,1.0
18458.0,18459.0,1.0
18458.0,20841.0,1.0
18458.0,20030.0,1.0
18459.0,20839.0,1.0
18465.0,18466.0,1.0
18466.0,19045.0,1.0
18466.0,19047.0,1.0
18466.0,19046.0,1.0
18470.0,20027.0,1.0
18470.0,20841.0,1.0
18480.0,18481.0,1.0
18480.0,18484.0,1.0
18481.0,18484.0,1.0
18481.0,18482.0,1.0
18482.0,20020.0,1.0
18483.0,18484.0,1.0
18483.0,20804.0,1.0
18484.0,20804.0,1.0
18507.0,18508.0,1.0
18507.0,18509.0,1.0
18510.0,18511.0,1.0
18510.0,21052.0,1.0
18511.0,18517.0,1.0
18512.0,18521.0,1.0
18515.0,20106.0,1.0
18517.0,21053.0,1.0
18517.0,18521.0,1.0
18521.0,21053.0,1.0
18528.0,18529.0,1.0
18535.0,18536.0,1.0
18535.0,18537.0,1.0
18535.0,18568.0,1.0
18536.0,18573.0,1.0
18536.0,20116.0,1.0
18538.0,18539.0,1.0
18538.0,18564.0,1.0
18538.0,18597.0,1.0
18562.0,18563.0,1.0
18562.0,18597.0,1.0
18562.0,18600.0,1.0
18564.0,18568.0,1.0
18564.0,18567.0,1.0
18565.0,18566.0,1.0
18565.0,18581.0,1.0
18565.0,18582.0,1.0
18567.0,18568.0,1.0
18567.0,18573.0,1.0
18570.0,18571.0,1.0
18570.0,18572.0,1.0
18570.0,18589.0,1.0
18572.0,18573.0,1.0
18572.0,18585.0,1.0
18574.0,18575.0,1.0
18574.0,18587.0,1.0
18574.0,19124.0,1.0
18575.0,18598.0,1.0
18575.0,18595.0,1.0
18577.0,21100.0,1.0
18582.0,18583.0,1.0
18582.0,18595.0,1.0
18583.0,18587.0,1.0
18583.0,18600.0,1.0
18584.0,18585.0,1.0
18584.0,18598.0,1.0
18585.0,18594.0,1.0
18587.0,18588.0,1.0
18588.0,18590.0,1.0
18588.0,18601.0,1.0
18589.0,18598.0,1.0
18589.0,18595.0,1.0
18590.0,18591.0,1.0
18590.0,18596.0,1.0
18592.0,18593.0,1.0
18593.0,18600.0,1.0
18593.0,18602.0,1.0
18597.0,18599.0,1.0
18602.0,18603.0,1.0
18983.0,18984.0,1.0
18983.0,20868.0,1.0
18983.0,21132.0,1.0
18989.0,18990.0,1.0
18991.0,18992.0,1.0
18992.0,19024.0,1.0
18992.0,19026.0,1.0
18993.0,18997.0,1.0
18993.0,19007.0,1.0
18996.0,18997.0,1.0
18996.0,19029.0,1.0
18996.0,20721.0,1.0
18998.0,18999.0,1.0
18998.0,20827.0,1.0
18999.0,19029.0,1.0
18999.0,19046.0,1.0
19002.0,20722.0,1.0
19002.0,20836.0,1.0
19024.0,19034.0,1.0
19029.0,20844.0,1.0
19035.0,19036.0,1.0
19037.0,19038.0,1.0
19037.0,19530.0,1.0
19038.0,19530.0,1.0
19045.0,19047.0,1.0
19045.0,20831.0,1.0
19046.0,19047.0,1.0
19047.0,20844.0,1.0
19053.0,19054.0,1.0
19054.0,19055.0,1.0
19079.0,20811.0,1.0
19085.0,19086.0,1.0
19085.0,20462.0,1.0
19085.0,20458.0,1.0
19090.0,19091.0,1.0
19120.0,19125.0,1.0
19132.0,19133.0,1.0
19132.0,19298.0,1.0
19133.0,20050.0,1.0
19162.0,20886.0,1.0
19189.0,19190.0,1.0
19213.0,19253.0,1.0
19213.0,19220.0,1.0
19216.0,19269.0,1.0
19216.0,19282.0,1.0
19220.0,19221.0,1.0
19220.0,19286.0,1.0
19262.0,19296.0,1.0
19285.0,20989.0,1.0
19296.0,19328.0,1.0
19296.0,19331.0,1.0
19297.0,20346.0,1.0
19298.0,20047.0,1.0
19299.0,19300.0,1.0
19299.0,19304.0,1.0
19299.0,19316.0,1.0
19300.0,19303.0,1.0
19300.0,19318.0,1.0
19303.0,19304.0,1.0
19303.0,19325.0,1.0
19304.0,19596.0,1.0
19316.0,19596.0,1.0
19325.0,20980.0,1.0
19325.0,21102.0,1.0
19338.0,19339.0,1.0
19338.0,19367.0,1.0
19352.0,19371.0,1.0
19361.0,19370.0,1.0
19361.0,19377.0,1.0
19366.0,19376.0,1.0
19397.0,20419.0,1.0
19406.0,19412.0,1.0
19411.0,19412.0,1.0
19419.0,19420.0,1.0
19425.0,21192.0,1.0
19434.0,19446.0,1.0
19435.0,19436.0,1.0
19438.0,19444.0,1.0
19442.0,19444.0,1.0
19464.0,19517.0,1.0
19470.0,19477.0,1.0
19525.0,19541.0,1.0
19541.0,19542.0,1.0
19541.0,20596.0,1.0
19551.0,19552.0,1.0
19568.0,20345.0,1.0
19571.0,19572.0,1.0
19571.0,20136.0,1.0
19573.0,19588.0,1.0
19574.0,19575.0,1.0
19574.0,19579.0,1.0
19576.0,19581.0,1.0
19580.0,19581.0,1.0
19583.0,20658.0,1.0
19596.0,20980.0,1.0
19597.0,19598.0,1.0
19597.0,19657.0,1.0
19597.0,19661.0,1.0
19598.0,19599.0,1.0
19598.0,19659.0,1.0
19599.0,19614.0,1.0
19599.0,19661.0,1.0
19614.0,19617.0,1.0
19617.0,19661.0,1.0
19621.0,19622.0,1.0
19637.0,20328.0,1.0
19655.0,19657.0,1.0
19657.0,19659.0,1.0
19658.0,19659.0,1.0
19661.0,19662.0,1.0
19718.0,19719.0,1.0
19780.0,19781.0,1.0
19781.0,19872.0,1.0
19793.0,19794.0,1.0
19805.0,20237.0,1.0
19822.0,19894.0,1.0
19830.0,21089.0,1.0
19830.0,21093.0,1.0
19922.0,19923.0,1.0
19923.0,19932.0,1.0
19924.0,19926.0,1.0
19924.0,19928.0,1.0
19926.0,19930.0,1.0
20020.0,20654.0,1.0
20028.0,20029.0,1.0
20029.0,20829.0,1.0
20029.0,20830.0,1.0
20030.0,20031.0,1.0
20030.0,20830.0,1.0
20047.0,20049.0,1.0
20048.0,20049.0,1.0
20048.0,20052.0,1.0
20050.0,20051.0,1.0
20066.0,20070.0,1.0
20066.0,20068.0,1.0
20070.0,20072.0,1.0
20072.0,20078.0,1.0
20080.0,20081.0,1.0
20081.0,20583.0,1.0
20087.0,20088.0,1.0
20091.0,20092.0,1.0
20093.0,20094.0,1.0
20101.0,20249.0,1.0
20104.0,20106.0,1.0
20113.0,20114.0,1.0
20113.0,20117.0,1.0
20114.0,20116.0,1.0
20114.0,20117.0,1.0
20115.0,20116.0,1.0
20121.0,20813.0,1.0
20129.0,20130.0,1.0
20129.0,20132.0,1.0
20129.0,20133.0,1.0
20130.0,20134.0,1.0
20130.0,20135.0,1.0
20131.0,20133.0,1.0
20131.0,20132.0,1.0
20132.0,20135.0,1.0
20133.0,20134.0,1.0
20159.0,20165.0,1.0
20159.0,20202.0,1.0
20160.0,20164.0,1.0
20163.0,20164.0,1.0
20165.0,20628.0,1.0
20165.0,21073.0,1.0
20201.0,20795.0,1.0
20210.0,20211.0,1.0
20211.0,20221.0,1.0
20214.0,20215.0,1.0
20216.0,20217.0,1.0
20216.0,20221.0,1.0
20224.0,20227.0,1.0
20224.0,20244.0,1.0
20269.0,20270.0,1.0
20269.0,20274.0,1.0
20269.0,20272.0,1.0
20271.0,20272.0,1.0
20271.0,20273.0,1.0
20272.0,20273.0,1.0
20272.0,20276.0,1.0
20275.0,20276.0,1.0
20276.0,20277.0,1.0
20301.0,20831.0,1.0
20301.0,20832.0,1.0
20305.0,20520.0,1.0
20305.0,21021.0,1.0
20322.0,20326.0,1.0
20327.0,20328.0,1.0
20352.0,20353.0,1.0
20353.0,20621.0,1.0
20367.0,20767.0,1.0
20386.0,20387.0,1.0
20386.0,20389.0,1.0
20390.0,20391.0,1.0
20401.0,20916.0,1.0
20417.0,20419.0,1.0
20443.0,20767.0,1.0
20450.0,20451.0,1.0
20450.0,20559.0,1.0
20450.0,20462.0,1.0
20458.0,20562.0,1.0
20465.0,20466.0,1.0
20466.0,20785.0,1.0
20506.0,20524.0,1.0
20506.0,20525.0,1.0
20510.0,20625.0,1.0
20519.0,20520.0,1.0
20519.0,20624.0,1.0
20519.0,20630.0,1.0
20519.0,20633.0,1.0
20519.0,20524.0,1.0
20524.0,20635.0,1.0
20524.0,20626.0,1.0
20534.0,20538.0,1.0
20566.0,20567.0,1.0
20621.0,21183.0,1.0
20621.0,21185.0,1.0
20626.0,20636.0,1.0
20628.0,20629.0,1.0
20628.0,21017.0,1.0
20633.0,20634.0,1.0
20633.0,21105.0,1.0
20636.0,20637.0,1.0
20636.0,20638.0,1.0
20638.0,20639.0,1.0
20638.0,20640.0,1.0
20654.0,20655.0,1.0
20654.0,20821.0,1.0
20655.0,20824.0,1.0
20655.0,20777.0,1.0
20657.0,20658.0,1.0
20657.0,20792.0,1.0
20657.0,20798.0,1.0
20658.0,20659.0,1.0
20667.0,20668.0,1.0
20667.0,20673.0,1.0
20667.0,20671.0,1.0
20668.0,20671.0,1.0
20669.0,20670.0,1.0
20670.0,20671.0,1.0
20674.0,20675.0,1.0
20675.0,20680.0,1.0
20675.0,20684.0,1.0
20721.0,20722.0,1.0
20741.0,20742.0,1.0
20763.0,20764.0,1.0
20764.0,20765.0,1.0
20764.0,20766.0,1.0
20768.0,20769.0,1.0
20768.0,20775.0,1.0
20768.0,20772.0,1.0
20769.0,20770.0,1.0
20769.0,20775.0,1.0
20770.0,20771.0,1.0
20770.0,20774.0,1.0
20772.0,20780.0,1.0
20777.0,20778.0,1.0
20777.0,20821.0,1.0
20778.0,20779.0,1.0
20778.0,20965.0,1.0
20782.0,20798.0,1.0
20784.0,20785.0,1.0
20785.0,20798.0,1.0
20787.0,20810.0,1.0
20787.0,20791.0,1.0
20788.0,20789.0,1.0
20788.0,20791.0,1.0
20789.0,20790.0,1.0
20789.0,20797.0,1.0
20790.0,20791.0,1.0
20791.0,20793.0,1.0
20793.0,20794.0,1.0
20793.0,20797.0,1.0
20794.0,20796.0,1.0
20795.0,20796.0,1.0
20805.0,20807.0,1.0
20807.0,20808.0,1.0
20809.0,20810.0,1.0
20822.0,20823.0,1.0
20822.0,20824.0,1.0
20822.0,20965.0,1.0
20823.0,20824.0,1.0
20823.0,20965.0,1.0
20827.0,20828.0,1.0
20827.0,20830.0,1.0
20831.0,20832.0,1.0
20832.0,20844.0,1.0
20835.0,20840.0,1.0
20835.0,20836.0,1.0
20836.0,20839.0,1.0
20837.0,20838.0,1.0
20841.0,20847.0,1.0
20856.0,20859.0,1.0
20856.0,20860.0,1.0
20858.0,20859.0,1.0
20862.0,20869.0,1.0
20863.0,20864.0,1.0
20863.0,20879.0,1.0
20864.0,20865.0,1.0
20864.0,21191.0,1.0
20865.0,21133.0,1.0
20865.0,21192.0,1.0
20869.0,20871.0,1.0
20879.0,20880.0,1.0
20891.0,20892.0,1.0
20917.0,20918.0,1.0
20925.0,20942.0,1.0
20926.0,20937.0,1.0
20927.0,20929.0,1.0
20929.0,20930.0,1.0
20936.0,20937.0,1.0
20937.0,20942.0,1.0
20947.0,20954.0,1.0
20947.0,20955.0,1.0
20948.0,20949.0,1.0
20948.0,20951.0,1.0
20949.0,20955.0,1.0
20950.0,20956.0,1.0
20951.0,20957.0,1.0
20952.0,20953.0,1.0
20952.0,20956.0,1.0
20952.0,20954.0,1.0
20961.0,20962.0,1.0
20975.0,20976.0,1.0
20975.0,20977.0,1.0
20977.0,20978.0,1.0
20977.0,20984.0,1.0
20980.0,20982.0,1.0
20982.0,20989.0,1.0
20998.0,20999.0,1.0
20998.0,21018.0,1.0
20999.0,21001.0,1.0
20999.0,21004.0,1.0
21013.0,21031.0,1.0
21013.0,21034.0,1.0
21014.0,21025.0,1.0
21014.0,21032.0,1.0
21015.0,21067.0,1.0
21016.0,21017.0,1.0
21017.0,21021.0,1.0
21019.0,21020.0,1.0
21019.0,21023.0,1.0
21019.0,21030.0,1.0
21019.0,21034.0,1.0
21020.0,21022.0,1.0
21020.0,21024.0,1.0
21022.0,21030.0,1.0
21023.0,21024.0,1.0
21023.0,21034.0,1.0
21025.0,21026.0,1.0
21025.0,21031.0,1.0
21030.0,21031.0,1.0
21031.0,21035.0,1.0
21032.0,21033.0,1.0
21032.0,21035.0,1.0
21035.0,21036.0,1.0
21035.0,21039.0,1.0
21037.0,21038.0,1.0
21037.0,21067.0,1.0
21040.0,21051.0,1.0
21042.0,21068.0,1.0
21047.0,21048.0,1.0
21051.0,21070.0,1.0
21051.0,21071.0,1.0
21052.0,21055.0,1.0
21052.0,21056.0,1.0
21052.0,21060.0,1.0
21053.0,21055.0,1.0
21054.0,21059.0,1.0
21056.0,21060.0,1.0
21063.0,21074.0,1.0
21066.0,21075.0,1.0
21072.0,21073.0,1.0
21080.0,21081.0,1.0
21085.0,21095.0,1.0
21085.0,21092.0,1.0
21086.0,21087.0,1.0
21086.0,21096.0,1.0
21086.0,21092.0,1.0
21087.0,21088.0,1.0
21087.0,21099.0,1.0
21088.0,21093.0,1.0
21088.0,21090.0,1.0
21089.0,21090.0,1.0
21090.0,21091.0,1.0
21091.0,21094.0,1.0
21091.0,21099.0,1.0
21092.0,21093.0,1.0
21095.0,21096.0,1.0
21095.0,21100.0,1.0
21096.0,21098.0,1.0
21097.0,21098.0,1.0
21097.0,21100.0,1.0
21098.0,21099.0,1.0
21104.0,21105.0,1.0
21104.0,21110.0,1.0
21105.0,21106.0,1.0
21126.0,21127.0,1.0
21127.0,21128.0,1.0
21128.0,21129.0,1.0
21132.0,21134.0,1.0
21133.0,21134.0,1.0
21133.0,21173.0,1.0
21170.0,21172.0,1.0
21170.0,21182.0,1.0
21197.0,21198.0,1.0
