Source,Target,Weight
16384.0,6558.0,1.0
16384.0,13311.0,1.0
16384.0,13312.0,1.0
8194.0,1315.0,1.0
8194.0,7902.0,1.0
8194.0,8719.0,1.0
8194.0,13687.0,1.0
7.0,8.0,1.0
7.0,12988.0,1.0
7.0,12409.0,1.0
7.0,7669.0,1.0
8.0,8264.0,1.0
8.0,7737.0,1.0
8.0,10352.0,1.0
16392.0,4535.0,1.0
16392.0,8228.0,1.0
16392.0,12857.0,1.0
16392.0,16380.0,1.0
16396.0,10820.0,1.0
16396.0,11108.0,1.0
16396.0,12104.0,1.0
16396.0,12551.0,1.0
16397.0,2021.0,1.0
16397.0,3012.0,1.0
16397.0,3610.0,1.0
16398.0,1022.0,1.0
16398.0,16415.0,1.0
16398.0,18102.0,1.0
16398.0,17088.0,1.0
22.0,23.0,1.0
22.0,9326.0,1.0
22.0,9928.0,1.0
23.0,11914.0,1.0
23.0,2294.0,1.0
24.0,25.0,1.0
24.0,1496.0,1.0
24.0,1091.0,1.0
24.0,12626.0,1.0
25.0,8261.0,1.0
25.0,9529.0,1.0
25.0,3181.0,1.0
8217.0,4841.0,1.0
8217.0,5657.0,1.0
8217.0,9803.0,1.0
8217.0,9142.0,1.0
8219.0,8220.0,1.0
8219.0,18228.0,1.0
8219.0,19822.0,1.0
8219.0,20863.0,1.0
16413.0,859.0,1.0
16413.0,3533.0,1.0
16413.0,11187.0,1.0
30.0,31.0,1.0
30.0,2045.0,1.0
30.0,10093.0,1.0
16415.0,2064.0,1.0
16415.0,6451.0,1.0
16415.0,17088.0,1.0
16416.0,4339.0,1.0
16416.0,4569.0,1.0
16416.0,8487.0,1.0
16416.0,8510.0,1.0
16416.0,14739.0,1.0
31.0,5911.0,1.0
31.0,3067.0,1.0
34.0,35.0,1.0
34.0,6156.0,1.0
34.0,4893.0,1.0
34.0,16680.0,1.0
8227.0,8228.0,1.0
8227.0,9350.0,1.0
8227.0,10698.0,1.0
8228.0,7367.0,1.0
8228.0,9510.0,1.0
35.0,8296.0,1.0
35.0,2585.0,1.0
35.0,11357.0,1.0
8229.0,3239.0,1.0
8229.0,6024.0,1.0
8229.0,8605.0,1.0
8229.0,10413.0,1.0
16418.0,2883.0,1.0
16418.0,6649.0,1.0
16418.0,17098.0,1.0
44.0,45.0,1.0
44.0,10398.0,1.0
44.0,11303.0,1.0
45.0,6872.0,1.0
45.0,19264.0,1.0
48.0,49.0,1.0
48.0,2947.0,1.0
48.0,5455.0,1.0
49.0,11348.0,1.0
49.0,5837.0,1.0
16432.0,1283.0,1.0
16432.0,1503.0,1.0
16432.0,5916.0,1.0
16432.0,10444.0,1.0
16435.0,997.0,1.0
16435.0,9856.0,1.0
16435.0,17960.0,1.0
52.0,53.0,1.0
52.0,4611.0,1.0
52.0,5507.0,1.0
52.0,14166.0,1.0
8245.0,5190.0,1.0
8245.0,6467.0,1.0
8245.0,7009.0,1.0
8245.0,10055.0,1.0
16438.0,6482.0,1.0
16438.0,6483.0,1.0
16438.0,16437.0,1.0
53.0,1504.0,1.0
53.0,8687.0,1.0
53.0,1186.0,1.0
16440.0,6070.0,1.0
16440.0,7461.0,1.0
16440.0,7865.0,1.0
16440.0,7969.0,1.0
16437.0,9147.0,1.0
16437.0,10690.0,1.0
16437.0,14472.0,1.0
50.0,51.0,1.0
50.0,3357.0,1.0
50.0,6990.0,1.0
50.0,16762.0,1.0
16443.0,10175.0,1.0
16443.0,12909.0,1.0
16443.0,13129.0,1.0
51.0,11672.0,1.0
51.0,17513.0,1.0
51.0,17520.0,1.0
16448.0,4302.0,1.0
16448.0,16734.0,1.0
16448.0,21009.0,1.0
16449.0,9994.0,1.0
16449.0,14230.0,1.0
16449.0,17850.0,1.0
8261.0,4330.0,1.0
8261.0,16717.0,1.0
8261.0,12626.0,1.0
16454.0,6025.0,1.0
16454.0,11798.0,1.0
16454.0,11833.0,1.0
8264.0,5170.0,1.0
8264.0,10048.0,1.0
8264.0,12409.0,1.0
8266.0,5295.0,1.0
8266.0,8865.0,1.0
8266.0,13663.0,1.0
16458.0,1919.0,1.0
16458.0,5670.0,1.0
16458.0,19401.0,1.0
16460.0,2782.0,1.0
16460.0,6492.0,1.0
16460.0,11849.0,1.0
16460.0,13865.0,1.0
16461.0,11322.0,1.0
16461.0,16369.0,1.0
16461.0,17006.0,1.0
16461.0,20328.0,1.0
16462.0,9952.0,1.0
16462.0,11263.0,1.0
16462.0,20322.0,1.0
8273.0,6950.0,1.0
8273.0,11307.0,1.0
8273.0,8800.0,1.0
8273.0,18000.0,1.0
16465.0,7766.0,1.0
16465.0,13632.0,1.0
16465.0,19435.0,1.0
16467.0,8614.0,1.0
16467.0,10141.0,1.0
16467.0,13885.0,1.0
16467.0,16924.0,1.0
16468.0,1639.0,1.0
16468.0,3687.0,1.0
16468.0,6804.0,1.0
16468.0,7012.0,1.0
16472.0,4511.0,1.0
16472.0,7590.0,1.0
16472.0,7874.0,1.0
16472.0,12603.0,1.0
8286.0,5166.0,1.0
8286.0,8287.0,1.0
8286.0,17589.0,1.0
8286.0,17586.0,1.0
8287.0,12560.0,1.0
8287.0,14836.0,1.0
16481.0,2723.0,1.0
16481.0,3724.0,1.0
16481.0,11083.0,1.0
16481.0,11798.0,1.0
8291.0,5587.0,1.0
8291.0,7968.0,1.0
8291.0,8292.0,1.0
8291.0,12595.0,1.0
8292.0,2626.0,1.0
8292.0,5684.0,1.0
8292.0,6070.0,1.0
16486.0,6950.0,1.0
16486.0,7969.0,1.0
16486.0,8800.0,1.0
16486.0,8969.0,1.0
103.0,104.0,1.0
103.0,10743.0,1.0
103.0,4621.0,1.0
103.0,5617.0,1.0
8296.0,2584.0,1.0
8296.0,4287.0,1.0
8296.0,8090.0,1.0
16488.0,5298.0,1.0
16488.0,12071.0,1.0
16488.0,16489.0,1.0
16488.0,16579.0,1.0
104.0,1082.0,1.0
104.0,5823.0,1.0
104.0,2711.0,1.0
16491.0,2920.0,1.0
16491.0,6261.0,1.0
16491.0,16513.0,1.0
16491.0,20925.0,1.0
16489.0,4175.0,1.0
16489.0,16330.0,1.0
109.0,110.0,1.0
109.0,5725.0,1.0
109.0,2427.0,1.0
109.0,2297.0,1.0
110.0,2428.0,1.0
110.0,12208.0,1.0
16493.0,16378.0,1.0
16493.0,17584.0,1.0
16493.0,20326.0,1.0
16494.0,3858.0,1.0
16494.0,11166.0,1.0
16494.0,11828.0,1.0
115.0,116.0,1.0
115.0,4305.0,1.0
115.0,6931.0,1.0
115.0,8168.0,1.0
116.0,9716.0,1.0
116.0,9901.0,1.0
116.0,9385.0,1.0
16500.0,7324.0,1.0
16500.0,10397.0,1.0
16500.0,12511.0,1.0
16507.0,2028.0,1.0
16507.0,7572.0,1.0
16507.0,8329.0,1.0
16507.0,12744.0,1.0
8316.0,8317.0,1.0
8316.0,14969.0,1.0
8316.0,12369.0,1.0
8319.0,5702.0,1.0
8319.0,11674.0,1.0
8319.0,8765.0,1.0
8319.0,15715.0,1.0
8320.0,700.0,1.0
8320.0,3701.0,1.0
8320.0,4806.0,1.0
8320.0,7243.0,1.0
16513.0,7049.0,1.0
16513.0,10453.0,1.0
130.0,131.0,1.0
130.0,14484.0,1.0
130.0,11084.0,1.0
130.0,17062.0,1.0
131.0,10246.0,1.0
131.0,10741.0,1.0
131.0,20955.0,1.0
134.0,135.0,1.0
134.0,5892.0,1.0
134.0,9048.0,1.0
135.0,4031.0,1.0
135.0,8177.0,1.0
135.0,11922.0,1.0
16519.0,4954.0,1.0
16519.0,6649.0,1.0
16519.0,12617.0,1.0
16519.0,20697.0,1.0
8329.0,1449.0,1.0
8329.0,4254.0,1.0
8329.0,8330.0,1.0
8330.0,7572.0,1.0
8330.0,10522.0,1.0
8330.0,19240.0,1.0
8333.0,1495.0,1.0
8333.0,4713.0,1.0
8333.0,5357.0,1.0
8333.0,5622.0,1.0
16526.0,739.0,1.0
16526.0,10347.0,1.0
16526.0,10901.0,1.0
16526.0,13619.0,1.0
16527.0,5676.0,1.0
16527.0,6130.0,1.0
16527.0,8939.0,1.0
8336.0,4707.0,1.0
8336.0,8335.0,1.0
8336.0,8880.0,1.0
8336.0,9164.0,1.0
8337.0,3003.0,1.0
8337.0,11341.0,1.0
8337.0,10311.0,1.0
8335.0,5668.0,1.0
8335.0,7105.0,1.0
8335.0,8878.0,1.0
146.0,145.0,1.0
146.0,749.0,1.0
146.0,10265.0,1.0
145.0,1382.0,1.0
145.0,2428.0,1.0
145.0,12208.0,1.0
149.0,150.0,1.0
149.0,7334.0,1.0
149.0,10141.0,1.0
150.0,3388.0,1.0
150.0,1689.0,1.0
16534.0,212.0,1.0
16534.0,4125.0,1.0
16534.0,11112.0,1.0
16536.0,15569.0,1.0
16536.0,17134.0,1.0
16536.0,20106.0,1.0
8344.0,291.0,1.0
8344.0,3609.0,1.0
8344.0,3967.0,1.0
8346.0,8347.0,1.0
8346.0,8579.0,1.0
8346.0,17850.0,1.0
8347.0,4192.0,1.0
8347.0,5016.0,1.0
8347.0,11415.0,1.0
16540.0,4887.0,1.0
16540.0,8067.0,1.0
16540.0,8497.0,1.0
16540.0,14806.0,1.0
16535.0,16092.0,1.0
16535.0,16673.0,1.0
16535.0,17012.0,1.0
8345.0,7171.0,1.0
8345.0,16743.0,1.0
16544.0,14954.0,1.0
16544.0,15896.0,1.0
16544.0,17216.0,1.0
16545.0,8090.0,1.0
16545.0,8383.0,1.0
16545.0,16633.0,1.0
16545.0,17042.0,1.0
8354.0,885.0,1.0
8354.0,5465.0,1.0
8354.0,10155.0,1.0
163.0,164.0,1.0
163.0,2390.0,1.0
163.0,9167.0,1.0
163.0,7920.0,1.0
164.0,5475.0,1.0
164.0,13487.0,1.0
164.0,13213.0,1.0
16549.0,9369.0,1.0
16549.0,9455.0,1.0
16549.0,14940.0,1.0
16549.0,16991.0,1.0
8358.0,1740.0,1.0
8358.0,2517.0,1.0
8358.0,13179.0,1.0
16552.0,1555.0,1.0
16552.0,10018.0,1.0
16552.0,17463.0,1.0
8363.0,1676.0,1.0
8363.0,14872.0,1.0
8363.0,13806.0,1.0
172.0,171.0,1.0
172.0,7736.0,1.0
172.0,7105.0,1.0
8365.0,3632.0,1.0
8365.0,7944.0,1.0
8365.0,9315.0,1.0
16560.0,9926.0,1.0
16560.0,9976.0,1.0
16560.0,12864.0,1.0
16560.0,13131.0,1.0
177.0,178.0,1.0
177.0,9898.0,1.0
177.0,6321.0,1.0
177.0,16702.0,1.0
178.0,5125.0,1.0
178.0,6321.0,1.0
178.0,9141.0,1.0
178.0,5351.0,1.0
179.0,180.0,1.0
179.0,5724.0,1.0
179.0,12680.0,1.0
179.0,9823.0,1.0
16563.0,10758.0,1.0
16563.0,17587.0,1.0
16563.0,20051.0,1.0
8370.0,8493.0,1.0
8370.0,16330.0,1.0
8370.0,12213.0,1.0
8370.0,12339.0,1.0
183.0,184.0,1.0
183.0,6745.0,1.0
183.0,9430.0,1.0
183.0,14028.0,1.0
184.0,14293.0,1.0
184.0,14419.0,1.0
187.0,188.0,1.0
187.0,2566.0,1.0
187.0,11702.0,1.0
187.0,14006.0,1.0
188.0,12273.0,1.0
188.0,10577.0,1.0
188.0,13359.0,1.0
16572.0,4084.0,1.0
16572.0,14288.0,1.0
16572.0,17197.0,1.0
8383.0,1746.0,1.0
8383.0,4039.0,1.0
8383.0,8089.0,1.0
8384.0,4239.0,1.0
8384.0,4644.0,1.0
8384.0,6522.0,1.0
8384.0,11542.0,1.0
193.0,194.0,1.0
193.0,7800.0,1.0
193.0,16702.0,1.0
193.0,2613.0,1.0
194.0,5351.0,1.0
194.0,1091.0,1.0
194.0,2614.0,1.0
16579.0,8577.0,1.0
16579.0,9750.0,1.0
16579.0,12339.0,1.0
200.0,201.0,1.0
200.0,6039.0,1.0
200.0,1819.0,1.0
201.0,9442.0,1.0
201.0,1820.0,1.0
201.0,7861.0,1.0
8395.0,688.0,1.0
8395.0,4476.0,1.0
8395.0,7332.0,1.0
8397.0,16692.0,1.0
8397.0,16911.0,1.0
206.0,207.0,1.0
206.0,4261.0,1.0
206.0,6545.0,1.0
206.0,8699.0,1.0
207.0,2576.0,1.0
207.0,5623.0,1.0
207.0,4262.0,1.0
16592.0,1402.0,1.0
16592.0,6122.0,1.0
16592.0,11542.0,1.0
16592.0,13011.0,1.0
208.0,209.0,1.0
208.0,7015.0,1.0
208.0,14380.0,1.0
208.0,4134.0,1.0
209.0,4213.0,1.0
209.0,5356.0,1.0
8403.0,698.0,1.0
8403.0,1143.0,1.0
8403.0,2020.0,1.0
8403.0,8404.0,1.0
16596.0,1621.0,1.0
16596.0,3227.0,1.0
16596.0,10053.0,1.0
16596.0,14736.0,1.0
212.0,213.0,1.0
212.0,2304.0,1.0
213.0,3119.0,1.0
213.0,694.0,1.0
8404.0,2021.0,1.0
8404.0,13736.0,1.0
8408.0,640.0,1.0
8408.0,3502.0,1.0
8408.0,9407.0,1.0
16613.0,1029.0,1.0
16613.0,9440.0,1.0
16613.0,11777.0,1.0
16613.0,12604.0,1.0
8423.0,1426.0,1.0
8423.0,4000.0,1.0
8423.0,4136.0,1.0
8423.0,8881.0,1.0
8424.0,3676.0,1.0
8424.0,6559.0,1.0
8424.0,8425.0,1.0
8424.0,9739.0,1.0
8425.0,9740.0,1.0
8425.0,8603.0,1.0
8425.0,11925.0,1.0
231.0,232.0,1.0
231.0,888.0,1.0
231.0,1649.0,1.0
16619.0,10269.0,1.0
16619.0,12600.0,1.0
16619.0,12784.0,1.0
16619.0,16371.0,1.0
232.0,3381.0,1.0
232.0,9561.0,1.0
232.0,13169.0,1.0
237.0,238.0,1.0
237.0,7997.0,1.0
237.0,11377.0,1.0
237.0,10145.0,1.0
8430.0,4257.0,1.0
238.0,19073.0,1.0
238.0,8525.0,1.0
238.0,1672.0,1.0
16624.0,5298.0,1.0
16624.0,14642.0,1.0
16624.0,16625.0,1.0
16624.0,16815.0,1.0
241.0,242.0,1.0
241.0,14811.0,1.0
241.0,4534.0,1.0
241.0,2955.0,1.0
242.0,12988.0,1.0
242.0,12100.0,1.0
242.0,4535.0,1.0
16625.0,5299.0,1.0
246.0,247.0,1.0
246.0,8718.0,1.0
246.0,16677.0,1.0
247.0,7251.0,1.0
247.0,11810.0,1.0
16633.0,9920.0,1.0
16633.0,14890.0,1.0
16633.0,20762.0,1.0
8443.0,996.0,1.0
8443.0,8444.0,1.0
8443.0,15529.0,1.0
8443.0,12864.0,1.0
8459.0,4992.0,1.0
8459.0,6930.0,1.0
8459.0,10353.0,1.0
16655.0,1793.0,1.0
16655.0,5401.0,1.0
16655.0,15000.0,1.0
8471.0,7288.0,1.0
8471.0,7884.0,1.0
8471.0,8472.0,1.0
8471.0,13195.0,1.0
8472.0,5774.0,1.0
8472.0,7478.0,1.0
8472.0,7885.0,1.0
8474.0,2148.0,1.0
8474.0,3984.0,1.0
8474.0,5686.0,1.0
284.0,285.0,1.0
284.0,6711.0,1.0
284.0,8615.0,1.0
285.0,7334.0,1.0
285.0,3016.0,1.0
16668.0,11602.0,1.0
16668.0,18259.0,1.0
16668.0,16806.0,1.0
16671.0,14000.0,1.0
16671.0,14067.0,1.0
16671.0,15762.0,1.0
16671.0,19418.0,1.0
16673.0,16145.0,1.0
16673.0,18041.0,1.0
290.0,291.0,1.0
290.0,3181.0,1.0
290.0,9529.0,1.0
290.0,10119.0,1.0
291.0,5379.0,1.0
8481.0,7124.0,1.0
8481.0,8482.0,1.0
8481.0,10564.0,1.0
16677.0,1315.0,1.0
16677.0,11784.0,1.0
16677.0,12284.0,1.0
8482.0,20669.0,1.0
8487.0,3587.0,1.0
8487.0,3588.0,1.0
16680.0,9894.0,1.0
16680.0,17042.0,1.0
16681.0,2698.0,1.0
16681.0,4193.0,1.0
16681.0,5894.0,1.0
16681.0,14449.0,1.0
8492.0,1890.0,1.0
8492.0,7423.0,1.0
8492.0,8493.0,1.0
8492.0,18516.0,1.0
8493.0,9666.0,1.0
8497.0,3927.0,1.0
8497.0,7831.0,1.0
8497.0,13575.0,1.0
16689.0,5223.0,1.0
16689.0,6529.0,1.0
16689.0,8523.0,1.0
16689.0,17264.0,1.0
8499.0,4393.0,1.0
8499.0,5476.0,1.0
8499.0,7065.0,1.0
8499.0,11897.0,1.0
16692.0,16693.0,1.0
16692.0,17197.0,1.0
16693.0,11095.0,1.0
16693.0,14288.0,1.0
16694.0,6184.0,1.0
16694.0,7931.0,1.0
8504.0,2558.0,1.0
8504.0,4249.0,1.0
8504.0,12111.0,1.0
8504.0,10801.0,1.0
16697.0,2485.0,1.0
16697.0,5915.0,1.0
16697.0,13873.0,1.0
8507.0,7069.0,1.0
8507.0,7241.0,1.0
8507.0,12455.0,1.0
8507.0,11027.0,1.0
8508.0,7775.0,1.0
8508.0,8726.0,1.0
8508.0,13781.0,1.0
16702.0,5351.0,1.0
16702.0,14730.0,1.0
8510.0,3681.0,1.0
8510.0,20825.0,1.0
16704.0,6184.0,1.0
16704.0,9562.0,1.0
16704.0,17003.0,1.0
322.0,323.0,1.0
322.0,440.0,1.0
322.0,6275.0,1.0
323.0,4138.0,1.0
323.0,5824.0,1.0
323.0,14062.0,1.0
8516.0,7377.0,1.0
8516.0,8515.0,1.0
8516.0,10226.0,1.0
329.0,330.0,1.0
329.0,5837.0,1.0
329.0,11348.0,1.0
329.0,16371.0,1.0
330.0,7011.0,1.0
330.0,8791.0,1.0
330.0,12095.0,1.0
16715.0,927.0,1.0
16715.0,2245.0,1.0
16715.0,7727.0,1.0
16715.0,13984.0,1.0
8524.0,4286.0,1.0
8524.0,6529.0,1.0
8524.0,8523.0,1.0
8524.0,10376.0,1.0
16717.0,3011.0,1.0
16717.0,5380.0,1.0
16717.0,9529.0,1.0
8525.0,11377.0,1.0
16719.0,8841.0,1.0
16719.0,9533.0,1.0
16719.0,16374.0,1.0
8528.0,4715.0,1.0
8528.0,13402.0,1.0
16721.0,6190.0,1.0
16721.0,12949.0,1.0
16721.0,14364.0,1.0
16721.0,17102.0,1.0
16722.0,4812.0,1.0
16722.0,5302.0,1.0
16722.0,14906.0,1.0
16722.0,16321.0,1.0
8531.0,5668.0,1.0
8531.0,6768.0,1.0
8531.0,15750.0,1.0
8526.0,3108.0,1.0
8526.0,6533.0,1.0
8526.0,7493.0,1.0
8526.0,14721.0,1.0
16725.0,6190.0,1.0
16725.0,9482.0,1.0
16725.0,12562.0,1.0
16725.0,15000.0,1.0
335.0,334.0,1.0
335.0,1843.0,1.0
335.0,11704.0,1.0
335.0,7770.0,1.0
334.0,11986.0,1.0
334.0,11842.0,1.0
334.0,5225.0,1.0
16731.0,17770.0,1.0
16731.0,19524.0,1.0
16731.0,20465.0,1.0
16734.0,10486.0,1.0
16734.0,10515.0,1.0
16734.0,10516.0,1.0
8544.0,1283.0,1.0
8544.0,4496.0,1.0
8544.0,7856.0,1.0
8544.0,8545.0,1.0
8545.0,4497.0,1.0
8545.0,5274.0,1.0
352.0,353.0,1.0
352.0,5235.0,1.0
352.0,7828.0,1.0
352.0,17700.0,1.0
16739.0,1341.0,1.0
16739.0,12175.0,1.0
16739.0,15197.0,1.0
353.0,891.0,1.0
353.0,13058.0,1.0
353.0,4735.0,1.0
16742.0,5414.0,1.0
16742.0,12578.0,1.0
16742.0,18532.0,1.0
16743.0,10596.0,1.0
16743.0,11639.0,1.0
16743.0,16957.0,1.0
8553.0,701.0,1.0
8553.0,10122.0,1.0
8553.0,11179.0,1.0
364.0,365.0,1.0
364.0,6310.0,1.0
364.0,11833.0,1.0
364.0,2040.0,1.0
365.0,2041.0,1.0
365.0,1675.0,1.0
365.0,8037.0,1.0
367.0,368.0,1.0
367.0,4207.0,1.0
367.0,13572.0,1.0
368.0,6223.0,1.0
368.0,13989.0,1.0
368.0,7161.0,1.0
16751.0,7012.0,1.0
16751.0,12732.0,1.0
16751.0,16979.0,1.0
375.0,376.0,1.0
375.0,7388.0,1.0
375.0,6876.0,1.0
375.0,5394.0,1.0
376.0,14524.0,1.0
376.0,13567.0,1.0
376.0,12104.0,1.0
16762.0,16763.0,1.0
16762.0,17700.0,1.0
16763.0,11928.0,1.0
16763.0,14247.0,1.0
380.0,381.0,1.0
380.0,5758.0,1.0
380.0,7271.0,1.0
380.0,10576.0,1.0
16764.0,4327.0,1.0
16764.0,10577.0,1.0
16764.0,10853.0,1.0
16764.0,13359.0,1.0
381.0,7864.0,1.0
381.0,14774.0,1.0
381.0,1998.0,1.0
8572.0,1067.0,1.0
8572.0,1627.0,1.0
8572.0,10860.0,1.0
8572.0,12161.0,1.0
8577.0,4955.0,1.0
8577.0,5298.0,1.0
8577.0,16815.0,1.0
8579.0,3365.0,1.0
8579.0,12044.0,1.0
16772.0,7608.0,1.0
16772.0,10322.0,1.0
16772.0,14484.0,1.0
16773.0,4004.0,1.0
16773.0,6558.0,1.0
16773.0,7590.0,1.0
16773.0,13255.0,1.0
8582.0,2816.0,1.0
8582.0,2817.0,1.0
8582.0,4839.0,1.0
8582.0,13590.0,1.0
8582.0,14536.0,1.0
8583.0,4066.0,1.0
388.0,387.0,1.0
388.0,2895.0,1.0
388.0,9286.0,1.0
388.0,6784.0,1.0
387.0,5408.0,1.0
387.0,3509.0,1.0
387.0,6783.0,1.0
16778.0,6223.0,1.0
16778.0,11099.0,1.0
16778.0,13651.0,1.0
8587.0,6676.0,1.0
8587.0,8588.0,1.0
8587.0,9125.0,1.0
8587.0,14735.0,1.0
398.0,399.0,1.0
398.0,4306.0,1.0
398.0,9749.0,1.0
398.0,3714.0,1.0
8591.0,1066.0,1.0
8591.0,2749.0,1.0
8591.0,5076.0,1.0
8591.0,5799.0,1.0
8591.0,10444.0,1.0
400.0,401.0,1.0
400.0,3983.0,1.0
400.0,10551.0,1.0
400.0,5754.0,1.0
401.0,6402.0,1.0
401.0,3470.0,1.0
401.0,5755.0,1.0
402.0,403.0,1.0
402.0,3492.0,1.0
402.0,8087.0,1.0
403.0,3281.0,1.0
403.0,6700.0,1.0
8592.0,2303.0,1.0
8592.0,4386.0,1.0
8592.0,4424.0,1.0
8592.0,5970.0,1.0
399.0,4307.0,1.0
399.0,3532.0,1.0
16786.0,8051.0,1.0
16786.0,11006.0,1.0
16786.0,19420.0,1.0
8602.0,3675.0,1.0
8602.0,6423.0,1.0
8602.0,7195.0,1.0
8602.0,8603.0,1.0
8603.0,3676.0,1.0
8603.0,11924.0,1.0
16796.0,7391.0,1.0
16796.0,10849.0,1.0
16796.0,16380.0,1.0
8605.0,11538.0,1.0
8605.0,17652.0,1.0
8605.0,9098.0,1.0
16798.0,3240.0,1.0
16798.0,5587.0,1.0
16798.0,7074.0,1.0
16798.0,12595.0,1.0
413.0,414.0,1.0
413.0,1183.0,1.0
413.0,5720.0,1.0
413.0,13817.0,1.0
414.0,6711.0,1.0
414.0,10331.0,1.0
414.0,3016.0,1.0
417.0,2351.0,1.0
417.0,6973.0,1.0
417.0,7667.0,1.0
8614.0,6710.0,1.0
8614.0,8615.0,1.0
8614.0,8901.0,1.0
8615.0,10141.0,1.0
16806.0,11661.0,1.0
16806.0,16807.0,1.0
16806.0,18259.0,1.0
16807.0,1867.0,1.0
16807.0,17092.0,1.0
16815.0,4954.0,1.0
16815.0,13940.0,1.0
16819.0,11777.0,1.0
16819.0,12429.0,1.0
16819.0,13175.0,1.0
16819.0,14769.0,1.0
8628.0,8629.0,1.0
8628.0,11008.0,1.0
8628.0,12577.0,1.0
8629.0,5415.0,1.0
8629.0,12578.0,1.0
8629.0,11009.0,1.0
438.0,439.0,1.0
439.0,12529.0,1.0
439.0,7425.0,1.0
440.0,7295.0,1.0
440.0,2927.0,1.0
16822.0,7053.0,1.0
16822.0,13005.0,1.0
16822.0,18162.0,1.0
16824.0,4773.0,1.0
16824.0,5208.0,1.0
16824.0,5339.0,1.0
16824.0,6121.0,1.0
8635.0,3510.0,1.0
8635.0,8634.0,1.0
8635.0,10407.0,1.0
8636.0,703.0,1.0
8636.0,5706.0,1.0
8636.0,8637.0,1.0
8636.0,18281.0,1.0
8637.0,704.0,1.0
8637.0,5240.0,1.0
8637.0,18142.0,1.0
16831.0,13374.0,1.0
16831.0,16832.0,1.0
16831.0,18016.0,1.0
16832.0,9628.0,1.0
16832.0,11973.0,1.0
16832.0,15431.0,1.0
16832.0,15598.0,1.0
8641.0,13029.0,1.0
8641.0,14415.0,1.0
8641.0,12945.0,1.0
8644.0,2955.0,1.0
8644.0,7181.0,1.0
8644.0,7333.0,1.0
8644.0,14811.0,1.0
16837.0,7123.0,1.0
16837.0,7562.0,1.0
16837.0,10563.0,1.0
16837.0,14672.0,1.0
16853.0,1254.0,1.0
16853.0,12382.0,1.0
16853.0,14369.0,1.0
16853.0,16854.0,1.0
16854.0,13088.0,1.0
16854.0,14199.0,1.0
16854.0,16913.0,1.0
16855.0,11805.0,1.0
16855.0,17087.0,1.0
16855.0,20803.0,1.0
8664.0,7068.0,1.0
8664.0,8081.0,1.0
8664.0,8665.0,1.0
8664.0,17110.0,1.0
8665.0,7069.0,1.0
8665.0,7241.0,1.0
8665.0,10804.0,1.0
8667.0,5825.0,1.0
475.0,1484.0,1.0
475.0,13440.0,1.0
475.0,1836.0,1.0
475.0,6750.0,1.0
8668.0,2480.0,1.0
8668.0,18310.0,1.0
8668.0,16930.0,1.0
8668.0,9994.0,1.0
8682.0,6922.0,1.0
8682.0,7920.0,1.0
8682.0,9167.0,1.0
8682.0,10936.0,1.0
8683.0,8684.0,1.0
8683.0,18207.0,1.0
8683.0,19323.0,1.0
8684.0,15105.0,1.0
8684.0,12239.0,1.0
8684.0,14322.0,1.0
492.0,5202.0,1.0
16878.0,3712.0,1.0
16878.0,4031.0,1.0
16878.0,11922.0,1.0
8687.0,1187.0,1.0
8688.0,3083.0,1.0
8688.0,3219.0,1.0
8688.0,7671.0,1.0
8688.0,13433.0,1.0
8696.0,3686.0,1.0
8696.0,4840.0,1.0
8696.0,7585.0,1.0
8696.0,12711.0,1.0
8699.0,1174.0,1.0
8699.0,2576.0,1.0
8699.0,8700.0,1.0
8700.0,1175.0,1.0
8700.0,8068.0,1.0
8700.0,10755.0,1.0
509.0,508.0,1.0
509.0,10225.0,1.0
509.0,12001.0,1.0
508.0,2070.0,1.0
508.0,6699.0,1.0
511.0,510.0,1.0
511.0,9727.0,1.0
511.0,11613.0,1.0
511.0,10836.0,1.0
8704.0,1449.0,1.0
8704.0,9642.0,1.0
8704.0,14098.0,1.0
8704.0,17579.0,1.0
8705.0,8066.0,1.0
8705.0,8706.0,1.0
8705.0,10016.0,1.0
8705.0,12000.0,1.0
8706.0,6129.0,1.0
8706.0,8067.0,1.0
8706.0,9584.0,1.0
510.0,17015.0,1.0
510.0,11184.0,1.0
510.0,7771.0,1.0
515.0,514.0,1.0
515.0,1514.0,1.0
515.0,7559.0,1.0
515.0,2046.0,1.0
514.0,5155.0,1.0
514.0,6296.0,1.0
514.0,8952.0,1.0
514.0,10027.0,1.0
8710.0,8711.0,1.0
8710.0,10163.0,1.0
8710.0,21053.0,1.0
8710.0,21055.0,1.0
8711.0,6311.0,1.0
8711.0,9057.0,1.0
8711.0,10091.0,1.0
8713.0,5760.0,1.0
8713.0,9150.0,1.0
8713.0,10265.0,1.0
16908.0,3081.0,1.0
16908.0,10046.0,1.0
16908.0,13771.0,1.0
16908.0,17342.0,1.0
8718.0,1315.0,1.0
8718.0,8719.0,1.0
8718.0,9650.0,1.0
8719.0,5266.0,1.0
16911.0,17197.0,1.0
16913.0,6288.0,1.0
16913.0,14067.0,1.0
16913.0,15761.0,1.0
8726.0,6818.0,1.0
8726.0,7114.0,1.0
8726.0,10118.0,1.0
8728.0,1998.0,1.0
8728.0,7864.0,1.0
8728.0,9665.0,1.0
8728.0,10442.0,1.0
8729.0,5190.0,1.0
8729.0,11092.0,1.0
8729.0,11082.0,1.0
540.0,541.0,1.0
540.0,14742.0,1.0
540.0,6872.0,1.0
541.0,9866.0,1.0
541.0,11303.0,1.0
16925.0,13230.0,1.0
16925.0,13961.0,1.0
16925.0,16924.0,1.0
16924.0,9465.0,1.0
16926.0,1484.0,1.0
16926.0,9802.0,1.0
16926.0,10361.0,1.0
16926.0,13440.0,1.0
16929.0,2988.0,1.0
16929.0,9033.0,1.0
16929.0,14697.0,1.0
16930.0,9994.0,1.0
16930.0,14666.0,1.0
547.0,548.0,1.0
547.0,5585.0,1.0
547.0,15736.0,1.0
547.0,6287.0,1.0
547.0,6156.0,1.0
548.0,4248.0,1.0
548.0,12805.0,1.0
8740.0,7572.0,1.0
8740.0,8739.0,1.0
8740.0,10522.0,1.0
8740.0,11922.0,1.0
8739.0,5257.0,1.0
8739.0,7571.0,1.0
550.0,551.0,1.0
550.0,3705.0,1.0
550.0,9559.0,1.0
550.0,20079.0,1.0
551.0,7504.0,1.0
551.0,5183.0,1.0
16939.0,5292.0,1.0
16939.0,9681.0,1.0
16939.0,9750.0,1.0
16939.0,12617.0,1.0
8751.0,1555.0,1.0
8751.0,4839.0,1.0
8751.0,10017.0,1.0
8752.0,1605.0,1.0
8752.0,4182.0,1.0
8752.0,17036.0,1.0
8753.0,5080.0,1.0
8753.0,5806.0,1.0
8753.0,13277.0,1.0
8757.0,4287.0,1.0
8757.0,4288.0,1.0
8757.0,10453.0,1.0
8760.0,2108.0,1.0
8760.0,3456.0,1.0
8760.0,4303.0,1.0
571.0,572.0,1.0
571.0,16357.0,1.0
571.0,2422.0,1.0
8764.0,1427.0,1.0
8764.0,3083.0,1.0
8764.0,7406.0,1.0
8764.0,13433.0,1.0
16956.0,641.0,1.0
16956.0,5141.0,1.0
16956.0,5531.0,1.0
16958.0,10716.0,1.0
16958.0,11337.0,1.0
16958.0,12653.0,1.0
16958.0,13863.0,1.0
8765.0,5702.0,1.0
8765.0,11510.0,1.0
8765.0,9927.0,1.0
572.0,13903.0,1.0
572.0,12836.0,1.0
572.0,11897.0,1.0
16957.0,3847.0,1.0
16957.0,10381.0,1.0
583.0,584.0,1.0
583.0,2758.0,1.0
583.0,3821.0,1.0
583.0,5015.0,1.0
16968.0,11182.0,1.0
16968.0,12577.0,1.0
16968.0,13265.0,1.0
16968.0,18532.0,1.0
584.0,10573.0,1.0
584.0,11067.0,1.0
584.0,13098.0,1.0
16972.0,3384.0,1.0
16972.0,6930.0,1.0
16972.0,9385.0,1.0
16972.0,12333.0,1.0
16973.0,13176.0,1.0
16973.0,14773.0,1.0
16973.0,18450.0,1.0
16973.0,19624.0,1.0
16976.0,8800.0,1.0
16976.0,12073.0,1.0
16976.0,18000.0,1.0
16979.0,1781.0,1.0
16979.0,4210.0,1.0
16980.0,6034.0,1.0
16980.0,9211.0,1.0
16980.0,11981.0,1.0
8791.0,12600.0,1.0
8791.0,16371.0,1.0
8791.0,11023.0,1.0
8798.0,1504.0,1.0
8798.0,4702.0,1.0
8798.0,12290.0,1.0
8799.0,8800.0,1.0
8799.0,8969.0,1.0
8799.0,12073.0,1.0
8799.0,9836.0,1.0
16991.0,9455.0,1.0
16991.0,9559.0,1.0
8801.0,6789.0,1.0
8801.0,7456.0,1.0
8801.0,10574.0,1.0
8801.0,15014.0,1.0
8801.0,18529.0,1.0
8801.0,17861.0,1.0
8801.0,12985.0,1.0
17003.0,9561.0,1.0
17003.0,13169.0,1.0
17006.0,3859.0,1.0
17006.0,7073.0,1.0
17006.0,14672.0,1.0
8816.0,2127.0,1.0
8816.0,5669.0,1.0
8816.0,5670.0,1.0
8816.0,6899.0,1.0
17012.0,3712.0,1.0
17012.0,11864.0,1.0
17013.0,8134.0,1.0
17013.0,11109.0,1.0
17013.0,14923.0,1.0
17014.0,9895.0,1.0
17014.0,17042.0,1.0
17014.0,20762.0,1.0
17015.0,6961.0,1.0
17015.0,6962.0,1.0
632.0,633.0,1.0
632.0,6093.0,1.0
632.0,13951.0,1.0
633.0,4376.0,1.0
633.0,10919.0,1.0
633.0,11126.0,1.0
17019.0,1022.0,1.0
17019.0,12239.0,1.0
17019.0,17955.0,1.0
8831.0,12968.0,1.0
8831.0,17692.0,1.0
640.0,641.0,1.0
640.0,5531.0,1.0
640.0,12792.0,1.0
641.0,8884.0,1.0
641.0,14051.0,1.0
17023.0,5469.0,1.0
17023.0,11095.0,1.0
8834.0,3333.0,1.0
8834.0,5124.0,1.0
8834.0,7882.0,1.0
8834.0,14863.0,1.0
17030.0,15426.0,1.0
17030.0,17088.0,1.0
17030.0,17955.0,1.0
17030.0,20026.0,1.0
8841.0,5700.0,1.0
8841.0,17845.0,1.0
17036.0,4182.0,1.0
17036.0,5275.0,1.0
17042.0,11357.0,1.0
661.0,662.0,1.0
661.0,6599.0,1.0
661.0,9933.0,1.0
661.0,6625.0,1.0
662.0,3124.0,1.0
662.0,6084.0,1.0
662.0,6599.0,1.0
662.0,9933.0,1.0
8856.0,4319.0,1.0
8856.0,6366.0,1.0
8856.0,7588.0,1.0
8856.0,10341.0,1.0
8858.0,4679.0,1.0
8858.0,9558.0,1.0
8858.0,13265.0,1.0
8858.0,15030.0,1.0
8858.0,13168.0,1.0
8858.0,20079.0,1.0
17054.0,9440.0,1.0
17054.0,16357.0,1.0
17054.0,18989.0,1.0
8865.0,1686.0,1.0
8865.0,7789.0,1.0
8865.0,8866.0,1.0
17061.0,13181.0,1.0
17061.0,13771.0,1.0
17061.0,18135.0,1.0
17062.0,10611.0,1.0
17062.0,12591.0,1.0
8878.0,8879.0,1.0
8878.0,9164.0,1.0
687.0,688.0,1.0
687.0,3663.0,1.0
687.0,4476.0,1.0
687.0,8998.0,1.0
688.0,4147.0,1.0
688.0,7287.0,1.0
8881.0,1330.0,1.0
8881.0,12356.0,1.0
8881.0,13961.0,1.0
8882.0,5584.0,1.0
8880.0,4706.0,1.0
8880.0,5668.0,1.0
8880.0,14038.0,1.0
8884.0,2722.0,1.0
8884.0,10092.0,1.0
8884.0,11092.0,1.0
693.0,694.0,1.0
693.0,5848.0,1.0
693.0,11112.0,1.0
694.0,1806.0,1.0
8879.0,2501.0,1.0
8879.0,7736.0,1.0
8879.0,12462.0,1.0
690.0,689.0,1.0
690.0,1082.0,1.0
690.0,4928.0,1.0
690.0,4888.0,1.0
689.0,10743.0,1.0
689.0,9954.0,1.0
698.0,699.0,1.0
698.0,1144.0,1.0
698.0,13736.0,1.0
699.0,9402.0,1.0
699.0,12714.0,1.0
699.0,1230.0,1.0
700.0,701.0,1.0
700.0,6746.0,1.0
700.0,10122.0,1.0
701.0,13068.0,1.0
703.0,704.0,1.0
703.0,5057.0,1.0
703.0,9872.0,1.0
703.0,18272.0,1.0
704.0,12331.0,1.0
17087.0,16894.0,1.0
17087.0,20803.0,1.0
8900.0,6710.0,1.0
8900.0,8901.0,1.0
8900.0,11161.0,1.0
8901.0,13885.0,1.0
17092.0,851.0,1.0
17092.0,11662.0,1.0
8903.0,1450.0,1.0
8903.0,6569.0,1.0
8903.0,8904.0,1.0
8903.0,13727.0,1.0
8904.0,5882.0,1.0
8904.0,14940.0,1.0
8904.0,14969.0,1.0
17098.0,16040.0,1.0
17098.0,16041.0,1.0
17102.0,5401.0,1.0
17102.0,11099.0,1.0
8911.0,6718.0,1.0
8911.0,10044.0,1.0
8911.0,10547.0,1.0
8915.0,985.0,1.0
8918.0,3124.0,1.0
17110.0,10804.0,1.0
17110.0,10980.0,1.0
17113.0,14987.0,1.0
17113.0,15896.0,1.0
17113.0,17216.0,1.0
8927.0,8928.0,1.0
8928.0,9997.0,1.0
8928.0,12960.0,1.0
739.0,740.0,1.0
739.0,9262.0,1.0
739.0,7922.0,1.0
17124.0,2064.0,1.0
17124.0,6311.0,1.0
17124.0,6312.0,1.0
740.0,5442.0,1.0
740.0,2128.0,1.0
740.0,10901.0,1.0
17123.0,7015.0,1.0
17123.0,13058.0,1.0
17123.0,13883.0,1.0
17128.0,5973.0,1.0
8939.0,8940.0,1.0
8939.0,9584.0,1.0
8939.0,13863.0,1.0
8940.0,1873.0,1.0
8940.0,7915.0,1.0
8940.0,7946.0,1.0
749.0,748.0,1.0
749.0,12960.0,1.0
749.0,20205.0,1.0
751.0,752.0,1.0
751.0,11701.0,1.0
751.0,3196.0,1.0
752.0,4034.0,1.0
752.0,7405.0,1.0
752.0,5833.0,1.0
748.0,2330.0,1.0
748.0,9305.0,1.0
8945.0,5968.0,1.0
8945.0,13477.0,1.0
8945.0,10044.0,1.0
8952.0,2115.0,1.0
8952.0,6296.0,1.0
8952.0,19156.0,1.0
8954.0,8955.0,1.0
8954.0,10589.0,1.0
8954.0,18317.0,1.0
8955.0,6794.0,1.0
8955.0,14709.0,1.0
8956.0,2817.0,1.0
8956.0,4598.0,1.0
8956.0,6218.0,1.0
8956.0,8957.0,1.0
8957.0,4599.0,1.0
8957.0,5144.0,1.0
8968.0,1449.0,1.0
8969.0,7968.0,1.0
8969.0,12595.0,1.0
8972.0,3082.0,1.0
8979.0,5978.0,1.0
8979.0,8050.0,1.0
8979.0,10241.0,1.0
8979.0,11673.0,1.0
8980.0,2558.0,1.0
8980.0,12111.0,1.0
8980.0,14515.0,1.0
8980.0,11214.0,1.0
790.0,791.0,1.0
790.0,5342.0,1.0
790.0,5978.0,1.0
790.0,8050.0,1.0
791.0,1649.0,1.0
791.0,8051.0,1.0
8985.0,9595.0,1.0
17177.0,3455.0,1.0
8990.0,2798.0,1.0
8990.0,8991.0,1.0
8990.0,18317.0,1.0
8991.0,12549.0,1.0
8991.0,17670.0,1.0
798.0,799.0,1.0
798.0,3463.0,1.0
798.0,5176.0,1.0
799.0,7329.0,1.0
799.0,11491.0,1.0
8992.0,3374.0,1.0
8992.0,5727.0,1.0
8992.0,10527.0,1.0
8992.0,14562.0,1.0
8995.0,5694.0,1.0
8995.0,10363.0,1.0
8995.0,10497.0,1.0
17188.0,15418.0,1.0
8998.0,3662.0,1.0
8998.0,11155.0,1.0
9000.0,2625.0,1.0
9000.0,13921.0,1.0
9000.0,13008.0,1.0
9015.0,3456.0,1.0
9015.0,5230.0,1.0
9015.0,10386.0,1.0
827.0,828.0,1.0
827.0,4613.0,1.0
827.0,2716.0,1.0
827.0,12918.0,1.0
828.0,12461.0,1.0
828.0,7272.0,1.0
828.0,14735.0,1.0
829.0,830.0,1.0
829.0,3009.0,1.0
829.0,5078.0,1.0
9022.0,2757.0,1.0
9022.0,4193.0,1.0
9022.0,9023.0,1.0
17216.0,14955.0,1.0
17217.0,6179.0,1.0
17217.0,10771.0,1.0
17217.0,13374.0,1.0
17214.0,3859.0,1.0
17214.0,5373.0,1.0
17214.0,12709.0,1.0
839.0,840.0,1.0
839.0,1452.0,1.0
839.0,5011.0,1.0
839.0,6321.0,1.0
840.0,7997.0,1.0
9033.0,1338.0,1.0
9033.0,7213.0,1.0
9033.0,10628.0,1.0
9034.0,3675.0,1.0
9034.0,4511.0,1.0
9034.0,7195.0,1.0
9034.0,8154.0,1.0
17226.0,934.0,1.0
17226.0,13456.0,1.0
17226.0,17228.0,1.0
845.0,846.0,1.0
845.0,3615.0,1.0
845.0,13963.0,1.0
846.0,10093.0,1.0
846.0,7559.0,1.0
849.0,850.0,1.0
850.0,3050.0,1.0
850.0,12864.0,1.0
850.0,14827.0,1.0
851.0,852.0,1.0
851.0,1868.0,1.0
851.0,1639.0,1.0
9044.0,4229.0,1.0
9044.0,5929.0,1.0
9044.0,9045.0,1.0
9045.0,1957.0,1.0
9045.0,13100.0,1.0
852.0,5887.0,1.0
852.0,9566.0,1.0
852.0,1640.0,1.0
9048.0,5257.0,1.0
9048.0,5892.0,1.0
9048.0,8000.0,1.0
857.0,858.0,1.0
857.0,5592.0,1.0
857.0,9952.0,1.0
857.0,10727.0,1.0
858.0,2943.0,1.0
858.0,11263.0,1.0
858.0,1040.0,1.0
859.0,860.0,1.0
859.0,4529.0,1.0
859.0,10164.0,1.0
9052.0,5018.0,1.0
9052.0,9053.0,1.0
9052.0,10735.0,1.0
9053.0,13434.0,1.0
9053.0,17652.0,1.0
860.0,2369.0,1.0
860.0,11058.0,1.0
860.0,17961.0,1.0
9055.0,2179.0,1.0
9055.0,2408.0,1.0
9055.0,9056.0,1.0
9056.0,5107.0,1.0
9056.0,5139.0,1.0
9057.0,6179.0,1.0
9057.0,20961.0,1.0
872.0,873.0,1.0
872.0,11264.0,1.0
872.0,2149.0,1.0
872.0,10191.0,1.0
873.0,923.0,1.0
873.0,6237.0,1.0
875.0,876.0,1.0
875.0,997.0,1.0
875.0,13028.0,1.0
875.0,4569.0,1.0
9068.0,4714.0,1.0
9068.0,4715.0,1.0
9068.0,6877.0,1.0
9068.0,9069.0,1.0
9069.0,4069.0,1.0
9069.0,6877.0,1.0
9069.0,12442.0,1.0
876.0,2765.0,1.0
876.0,3867.0,1.0
9071.0,7876.0,1.0
9071.0,9072.0,1.0
9071.0,20303.0,1.0
9072.0,12618.0,1.0
9072.0,13238.0,1.0
17264.0,18303.0,1.0
17264.0,18223.0,1.0
9076.0,3248.0,1.0
9076.0,9077.0,1.0
9076.0,10479.0,1.0
9077.0,2075.0,1.0
9077.0,4815.0,1.0
9077.0,5142.0,1.0
886.0,885.0,1.0
886.0,4192.0,1.0
886.0,5208.0,1.0
886.0,5016.0,1.0
885.0,4095.0,1.0
888.0,11006.0,1.0
888.0,8051.0,1.0
889.0,890.0,1.0
889.0,9099.0,1.0
890.0,9099.0,1.0
891.0,892.0,1.0
891.0,6162.0,1.0
891.0,7016.0,1.0
892.0,4735.0,1.0
892.0,5124.0,1.0
892.0,14863.0,1.0
897.0,898.0,1.0
897.0,3063.0,1.0
897.0,7926.0,1.0
898.0,7926.0,1.0
898.0,3322.0,1.0
9098.0,3239.0,1.0
9098.0,18527.0,1.0
9099.0,9183.0,1.0
9099.0,9673.0,1.0
9100.0,6480.0,1.0
9100.0,7768.0,1.0
9100.0,9101.0,1.0
9101.0,5596.0,1.0
9101.0,6481.0,1.0
9101.0,13435.0,1.0
17297.0,15616.0,1.0
17304.0,17305.0,1.0
17304.0,17342.0,1.0
17304.0,17794.0,1.0
923.0,9483.0,1.0
923.0,12603.0,1.0
923.0,11264.0,1.0
9117.0,1745.0,1.0
9117.0,2909.0,1.0
9117.0,7948.0,1.0
9117.0,13088.0,1.0
926.0,927.0,1.0
926.0,7217.0,1.0
926.0,13315.0,1.0
926.0,12878.0,1.0
9119.0,1224.0,1.0
9119.0,6170.0,1.0
9119.0,7440.0,1.0
9119.0,18302.0,1.0
927.0,10162.0,1.0
927.0,2245.0,1.0
9125.0,2847.0,1.0
9125.0,8038.0,1.0
9125.0,13564.0,1.0
934.0,935.0,1.0
934.0,7480.0,1.0
934.0,18964.0,1.0
935.0,10987.0,1.0
935.0,17614.0,1.0
935.0,3347.0,1.0
936.0,937.0,1.0
936.0,2957.0,1.0
936.0,9976.0,1.0
936.0,11858.0,1.0
937.0,7295.0,1.0
937.0,7090.0,1.0
941.0,942.0,1.0
941.0,9861.0,1.0
941.0,12512.0,1.0
941.0,4774.0,1.0
942.0,5472.0,1.0
942.0,10180.0,1.0
942.0,13246.0,1.0
9135.0,9136.0,1.0
9135.0,11679.0,1.0
9135.0,11553.0,1.0
9136.0,8133.0,1.0
9136.0,20957.0,1.0
943.0,944.0,1.0
943.0,1920.0,1.0
943.0,14095.0,1.0
943.0,4374.0,1.0
9138.0,3460.0,1.0
9138.0,5299.0,1.0
944.0,7882.0,1.0
944.0,7342.0,1.0
9141.0,1452.0,1.0
9141.0,5125.0,1.0
9142.0,4840.0,1.0
9142.0,7585.0,1.0
9142.0,10274.0,1.0
953.0,1569.0,1.0
953.0,5669.0,1.0
953.0,4677.0,1.0
9147.0,3991.0,1.0
9147.0,9148.0,1.0
9147.0,20193.0,1.0
9148.0,3992.0,1.0
9148.0,6895.0,1.0
17342.0,15456.0,1.0
17342.0,15457.0,1.0
9150.0,2298.0,1.0
9150.0,7988.0,1.0
9150.0,12048.0,1.0
960.0,961.0,1.0
960.0,6735.0,1.0
960.0,6868.0,1.0
960.0,11716.0,1.0
961.0,6237.0,1.0
961.0,7874.0,1.0
961.0,12603.0,1.0
969.0,970.0,1.0
969.0,3859.0,1.0
969.0,7562.0,1.0
969.0,14672.0,1.0
970.0,5756.0,1.0
970.0,11690.0,1.0
970.0,12709.0,1.0
9164.0,5927.0,1.0
9164.0,12462.0,1.0
9167.0,12247.0,1.0
9167.0,11305.0,1.0
9172.0,4908.0,1.0
9172.0,6481.0,1.0
9172.0,11502.0,1.0
9172.0,16340.0,1.0
983.0,13331.0,1.0
983.0,17906.0,1.0
983.0,14454.0,1.0
984.0,985.0,1.0
985.0,8025.0,1.0
985.0,14719.0,1.0
9183.0,6532.0,1.0
9183.0,10060.0,1.0
9183.0,13726.0,1.0
995.0,996.0,1.0
995.0,12864.0,1.0
995.0,10819.0,1.0
995.0,13794.0,1.0
996.0,1303.0,1.0
996.0,12379.0,1.0
997.0,4339.0,1.0
997.0,4680.0,1.0
997.0,13028.0,1.0
9190.0,3136.0,1.0
9190.0,3466.0,1.0
9190.0,5659.0,1.0
9190.0,12563.0,1.0
1000.0,1001.0,1.0
1000.0,4108.0,1.0
1000.0,7644.0,1.0
1001.0,4108.0,1.0
1001.0,15000.0,1.0
1007.0,1008.0,1.0
1007.0,18120.0,1.0
1007.0,12621.0,1.0
1008.0,1660.0,1.0
1008.0,7404.0,1.0
1008.0,17687.0,1.0
9200.0,2298.0,1.0
9200.0,13539.0,1.0
9200.0,14256.0,1.0
9200.0,10860.0,1.0
9204.0,2424.0,1.0
9204.0,3124.0,1.0
9204.0,18986.0,1.0
1016.0,1017.0,1.0
1016.0,9211.0,1.0
1016.0,19159.0,1.0
1016.0,20046.0,1.0
1017.0,20327.0,1.0
9211.0,9395.0,1.0
9211.0,20327.0,1.0
1022.0,1023.0,1.0
1022.0,6451.0,1.0
1023.0,18463.0,1.0
1023.0,18478.0,1.0
17410.0,17411.0,1.0
17411.0,16279.0,1.0
17411.0,20814.0,1.0
17411.0,18089.0,1.0
1028.0,1029.0,1.0
1028.0,5721.0,1.0
1028.0,4186.0,1.0
1028.0,9440.0,1.0
1029.0,9540.0,1.0
1029.0,5689.0,1.0
9222.0,7799.0,1.0
9222.0,14730.0,1.0
9222.0,14903.0,1.0
9222.0,11494.0,1.0
1031.0,1030.0,1.0
1031.0,2625.0,1.0
1031.0,4282.0,1.0
1031.0,1925.0,1.0
1030.0,12083.0,1.0
1030.0,12638.0,1.0
1030.0,10757.0,1.0
1034.0,1035.0,1.0
1035.0,9823.0,1.0
1035.0,5207.0,1.0
1035.0,13048.0,1.0
1040.0,1041.0,1.0
1040.0,10762.0,1.0
1040.0,10032.0,1.0
1041.0,4207.0,1.0
1041.0,12560.0,1.0
1041.0,4845.0,1.0
1041.0,13572.0,1.0
1041.0,10762.0,1.0
1042.0,1043.0,1.0
1042.0,4127.0,1.0
1042.0,14124.0,1.0
1043.0,4845.0,1.0
1043.0,1558.0,1.0
1043.0,13989.0,1.0
9233.0,2361.0,1.0
9233.0,4791.0,1.0
9233.0,11828.0,1.0
9233.0,12007.0,1.0
1053.0,3033.0,1.0
1053.0,6402.0,1.0
1053.0,9997.0,1.0
9249.0,1675.0,1.0
9249.0,2347.0,1.0
9249.0,4289.0,1.0
9249.0,13851.0,1.0
9250.0,6482.0,1.0
9250.0,6745.0,1.0
9250.0,9251.0,1.0
9250.0,14441.0,1.0
17443.0,7092.0,1.0
17443.0,11827.0,1.0
17443.0,18317.0,1.0
9251.0,6483.0,1.0
9251.0,12827.0,1.0
9251.0,11770.0,1.0
17447.0,4288.0,1.0
17447.0,8028.0,1.0
17447.0,11348.0,1.0
9258.0,6544.0,1.0
9258.0,9385.0,1.0
9258.0,12333.0,1.0
9258.0,9716.0,1.0
1067.0,1066.0,1.0
1067.0,1626.0,1.0
1066.0,10860.0,1.0
1066.0,3003.0,1.0
9262.0,3741.0,1.0
9262.0,13619.0,1.0
9264.0,1693.0,1.0
9264.0,5817.0,1.0
9264.0,6328.0,1.0
9264.0,13046.0,1.0
1073.0,1072.0,1.0
1073.0,2510.0,1.0
1073.0,9779.0,1.0
1073.0,2131.0,1.0
1072.0,2228.0,1.0
1072.0,5687.0,1.0
1072.0,10593.0,1.0
17463.0,5362.0,1.0
17463.0,11530.0,1.0
17463.0,17489.0,1.0
9274.0,1918.0,1.0
9274.0,2664.0,1.0
9274.0,2724.0,1.0
1082.0,10743.0,1.0
1082.0,4298.0,1.0
1091.0,1092.0,1.0
1091.0,1495.0,1.0
1092.0,5125.0,1.0
1092.0,12626.0,1.0
1092.0,5351.0,1.0
9286.0,1616.0,1.0
9286.0,4403.0,1.0
9287.0,7691.0,1.0
9287.0,10711.0,1.0
9287.0,13447.0,1.0
9288.0,2484.0,1.0
9288.0,7888.0,1.0
9288.0,11425.0,1.0
9288.0,10131.0,1.0
1099.0,1100.0,1.0
1099.0,11058.0,1.0
1099.0,9611.0,1.0
1099.0,14133.0,1.0
1100.0,4494.0,1.0
1100.0,9612.0,1.0
1100.0,17799.0,1.0
17489.0,4048.0,1.0
17489.0,13168.0,1.0
17489.0,17490.0,1.0
1106.0,1105.0,1.0
1106.0,5687.0,1.0
1106.0,4902.0,1.0
1105.0,7806.0,1.0
1105.0,5666.0,1.0
1105.0,10990.0,1.0
9305.0,1819.0,1.0
9305.0,6039.0,1.0
9305.0,12959.0,1.0
9314.0,1479.0,1.0
9314.0,1627.0,1.0
9314.0,5934.0,1.0
9314.0,12161.0,1.0
9315.0,3632.0,1.0
9315.0,9738.0,1.0
1123.0,1122.0,1.0
1123.0,10739.0,1.0
1123.0,6805.0,1.0
1125.0,1126.0,1.0
1125.0,2131.0,1.0
1125.0,1755.0,1.0
1125.0,9779.0,1.0
1126.0,12152.0,1.0
1126.0,11045.0,1.0
1126.0,1929.0,1.0
9319.0,9320.0,1.0
9319.0,10168.0,1.0
9319.0,11527.0,1.0
9320.0,12288.0,1.0
9320.0,20954.0,1.0
9321.0,2810.0,1.0
9321.0,5192.0,1.0
9321.0,9322.0,1.0
9321.0,12968.0,1.0
9322.0,2811.0,1.0
9322.0,3107.0,1.0
9322.0,3713.0,1.0
17512.0,14748.0,1.0
17512.0,17520.0,1.0
17512.0,17535.0,1.0
17512.0,17513.0,1.0
17513.0,6049.0,1.0
17513.0,12731.0,1.0
9326.0,2294.0,1.0
9326.0,9327.0,1.0
9326.0,9928.0,1.0
9327.0,4554.0,1.0
9327.0,12010.0,1.0
9327.0,9927.0,1.0
17520.0,17525.0,1.0
17525.0,11672.0,1.0
17525.0,19419.0,1.0
1143.0,1144.0,1.0
1143.0,3968.0,1.0
1144.0,12714.0,1.0
1144.0,12753.0,1.0
17535.0,14748.0,1.0
1154.0,1155.0,1.0
1154.0,18515.0,1.0
1154.0,12379.0,1.0
1154.0,10987.0,1.0
1154.0,9478.0,1.0
9349.0,2765.0,1.0
9349.0,3705.0,1.0
9349.0,4871.0,1.0
9350.0,7367.0,1.0
9350.0,10191.0,1.0
1159.0,1158.0,1.0
1159.0,7296.0,1.0
1159.0,5347.0,1.0
1159.0,2969.0,1.0
1160.0,1161.0,1.0
1160.0,7587.0,1.0
1160.0,10690.0,1.0
1160.0,14472.0,1.0
1161.0,1509.0,1.0
1161.0,1984.0,1.0
1161.0,14441.0,1.0
1158.0,7387.0,1.0
1158.0,2046.0,1.0
1158.0,2968.0,1.0
9356.0,2329.0,1.0
9356.0,4182.0,1.0
9356.0,6087.0,1.0
1164.0,1165.0,1.0
1164.0,5234.0,1.0
1165.0,4875.0,1.0
1165.0,6127.0,1.0
1165.0,5082.0,1.0
1165.0,6128.0,1.0
1174.0,1175.0,1.0
1174.0,2926.0,1.0
1174.0,6545.0,1.0
1175.0,1400.0,1.0
1175.0,2927.0,1.0
9366.0,3827.0,1.0
9366.0,7941.0,1.0
9366.0,11934.0,1.0
9366.0,14257.0,1.0
9369.0,7456.0,1.0
9369.0,12369.0,1.0
9369.0,9613.0,1.0
1178.0,1179.0,1.0
1178.0,1267.0,1.0
1178.0,7434.0,1.0
1178.0,10954.0,1.0
1179.0,11045.0,1.0
1179.0,13057.0,1.0
1179.0,18194.0,1.0
1182.0,1183.0,1.0
1182.0,4708.0,1.0
1182.0,10769.0,1.0
1182.0,1799.0,1.0
1183.0,4069.0,1.0
1183.0,3565.0,1.0
9376.0,6818.0,1.0
9376.0,7775.0,1.0
9376.0,11866.0,1.0
1186.0,1187.0,1.0
1186.0,4611.0,1.0
1186.0,5993.0,1.0
1187.0,4149.0,1.0
1187.0,12488.0,1.0
1190.0,1191.0,1.0
1190.0,4796.0,1.0
1190.0,13706.0,1.0
1190.0,10911.0,1.0
1191.0,1713.0,1.0
1191.0,10551.0,1.0
1191.0,6785.0,1.0
9385.0,6931.0,1.0
9386.0,5176.0,1.0
9386.0,16096.0,1.0
9386.0,10131.0,1.0
17579.0,17580.0,1.0
17579.0,20740.0,1.0
17579.0,20736.0,1.0
9388.0,4305.0,1.0
9388.0,8066.0,1.0
9388.0,12000.0,1.0
9388.0,13304.0,1.0
17581.0,9644.0,1.0
17583.0,19638.0,1.0
17584.0,12560.0,1.0
17584.0,17589.0,1.0
17585.0,17586.0,1.0
17585.0,17589.0,1.0
17585.0,19638.0,1.0
17585.0,20326.0,1.0
17586.0,5165.0,1.0
17586.0,7232.0,1.0
17587.0,4978.0,1.0
17587.0,20458.0,1.0
1204.0,1205.0,1.0
1204.0,1331.0,1.0
1204.0,7406.0,1.0
1204.0,3083.0,1.0
1205.0,1800.0,1.0
1205.0,1388.0,1.0
1205.0,3084.0,1.0
17591.0,11392.0,1.0
17591.0,17592.0,1.0
17593.0,10690.0,1.0
17593.0,15419.0,1.0
17593.0,17594.0,1.0
17593.0,19292.0,1.0
9402.0,3062.0,1.0
9402.0,11276.0,1.0
9402.0,13736.0,1.0
9395.0,7072.0,1.0
9395.0,12778.0,1.0
9395.0,16369.0,1.0
9407.0,4820.0,1.0
9407.0,10383.0,1.0
9409.0,4769.0,1.0
9409.0,6199.0,1.0
9409.0,7567.0,1.0
9409.0,10960.0,1.0
9410.0,2849.0,1.0
9410.0,4769.0,1.0
9410.0,5634.0,1.0
9410.0,7567.0,1.0
17607.0,9462.0,1.0
17607.0,17608.0,1.0
17607.0,18165.0,1.0
1224.0,1223.0,1.0
1224.0,5219.0,1.0
1224.0,12924.0,1.0
1223.0,6170.0,1.0
1223.0,9775.0,1.0
1223.0,17849.0,1.0
17613.0,17614.0,1.0
17614.0,17615.0,1.0
17614.0,18316.0,1.0
17614.0,18319.0,1.0
17614.0,20104.0,1.0
1230.0,11276.0,1.0
1230.0,13105.0,1.0
17618.0,20193.0,1.0
9429.0,4496.0,1.0
9429.0,9430.0,1.0
9429.0,14028.0,1.0
9429.0,11137.0,1.0
9430.0,2200.0,1.0
9430.0,4497.0,1.0
16528.0,2500.0,1.0
16528.0,3037.0,1.0
16528.0,7736.0,1.0
16528.0,20433.0,1.0
9432.0,9433.0,1.0
9432.0,14906.0,1.0
9432.0,10944.0,1.0
9433.0,4813.0,1.0
9433.0,6673.0,1.0
9433.0,10540.0,1.0
17627.0,19637.0,1.0
17627.0,20319.0,1.0
9440.0,2390.0,1.0
9442.0,6039.0,1.0
9442.0,12959.0,1.0
9442.0,11308.0,1.0
1251.0,1252.0,1.0
1251.0,3589.0,1.0
1251.0,11412.0,1.0
1251.0,4389.0,1.0
1252.0,1720.0,1.0
1252.0,11055.0,1.0
1253.0,1254.0,1.0
1253.0,10450.0,1.0
1253.0,11934.0,1.0
1253.0,14257.0,1.0
1254.0,7948.0,1.0
17645.0,5848.0,1.0
9454.0,3275.0,1.0
9454.0,4860.0,1.0
9454.0,9455.0,1.0
9454.0,9613.0,1.0
9455.0,2889.0,1.0
9455.0,6377.0,1.0
17648.0,2255.0,1.0
17648.0,6973.0,1.0
17648.0,19276.0,1.0
1265.0,1266.0,1.0
1266.0,9548.0,1.0
1266.0,2378.0,1.0
1267.0,5269.0,1.0
1267.0,11045.0,1.0
1267.0,1696.0,1.0
17652.0,10413.0,1.0
9461.0,5327.0,1.0
9461.0,5762.0,1.0
9461.0,9462.0,1.0
9462.0,5763.0,1.0
17653.0,6238.0,1.0
17653.0,13684.0,1.0
17653.0,18510.0,1.0
17653.0,18511.0,1.0
9465.0,1689.0,1.0
9465.0,9466.0,1.0
9466.0,1677.0,1.0
9466.0,13961.0,1.0
9466.0,12356.0,1.0
17660.0,2559.0,1.0
9469.0,4368.0,1.0
9469.0,7563.0,1.0
9469.0,9470.0,1.0
9470.0,13747.0,1.0
9470.0,10837.0,1.0
1280.0,5265.0,1.0
1280.0,9898.0,1.0
1280.0,6321.0,1.0
17665.0,6872.0,1.0
9472.0,1629.0,1.0
9472.0,4192.0,1.0
9472.0,10947.0,1.0
9472.0,11415.0,1.0
1283.0,1282.0,1.0
1283.0,5274.0,1.0
1284.0,1285.0,1.0
1284.0,5995.0,1.0
1284.0,11070.0,1.0
1285.0,7067.0,1.0
1285.0,4253.0,1.0
1285.0,12909.0,1.0
9478.0,10987.0,1.0
9478.0,13436.0,1.0
9478.0,14160.0,1.0
1282.0,1503.0,1.0
1282.0,7856.0,1.0
1282.0,2051.0,1.0
17674.0,12529.0,1.0
9483.0,7980.0,1.0
9483.0,8153.0,1.0
9483.0,10959.0,1.0
17675.0,13084.0,1.0
9482.0,2427.0,1.0
9482.0,7644.0,1.0
9482.0,12723.0,1.0
9487.0,1394.0,1.0
9487.0,12874.0,1.0
9487.0,14694.0,1.0
9487.0,10381.0,1.0
1303.0,6414.0,1.0
1303.0,20342.0,1.0
1303.0,19116.0,1.0
17687.0,11204.0,1.0
17687.0,14153.0,1.0
17691.0,17692.0,1.0
17692.0,6150.0,1.0
17693.0,1753.0,1.0
17693.0,4814.0,1.0
17693.0,13425.0,1.0
1314.0,1315.0,1.0
1314.0,5630.0,1.0
1314.0,7902.0,1.0
1314.0,11784.0,1.0
17700.0,11927.0,1.0
17701.0,4567.0,1.0
17701.0,17702.0,1.0
17701.0,20053.0,1.0
9510.0,6222.0,1.0
9510.0,7368.0,1.0
9510.0,12857.0,1.0
1319.0,18523.0,1.0
1319.0,13333.0,1.0
1319.0,18525.0,1.0
17707.0,8064.0,1.0
9517.0,5847.0,1.0
1330.0,1331.0,1.0
1330.0,14671.0,1.0
1331.0,1800.0,1.0
1331.0,1678.0,1.0
1332.0,1333.0,1.0
1332.0,14001.0,1.0
1332.0,12949.0,1.0
9525.0,4749.0,1.0
9525.0,10168.0,1.0
9525.0,11722.0,1.0
1333.0,12562.0,1.0
1333.0,12950.0,1.0
17720.0,11594.0,1.0
17720.0,17956.0,1.0
17720.0,20534.0,1.0
9529.0,5379.0,1.0
1338.0,1339.0,1.0
1338.0,5465.0,1.0
1338.0,10013.0,1.0
1339.0,5339.0,1.0
1339.0,10155.0,1.0
9532.0,4165.0,1.0
9532.0,11813.0,1.0
9532.0,13663.0,1.0
1340.0,1341.0,1.0
1340.0,3365.0,1.0
1340.0,5002.0,1.0
1340.0,7152.0,1.0
9533.0,6568.0,1.0
17727.0,6686.0,1.0
1341.0,10947.0,1.0
1341.0,11415.0,1.0
17721.0,5225.0,1.0
17721.0,7875.0,1.0
17721.0,11986.0,1.0
9539.0,5689.0,1.0
9539.0,9540.0,1.0
9539.0,11307.0,1.0
9539.0,13711.0,1.0
9540.0,11777.0,1.0
9540.0,12429.0,1.0
17735.0,5400.0,1.0
17735.0,12488.0,1.0
9546.0,4558.0,1.0
9546.0,9547.0,1.0
9546.0,10284.0,1.0
9546.0,12506.0,1.0
9547.0,9872.0,1.0
9547.0,12289.0,1.0
9547.0,13752.0,1.0
17738.0,5165.0,1.0
17738.0,17748.0,1.0
17738.0,19122.0,1.0
17748.0,14295.0,1.0
17748.0,14297.0,1.0
9558.0,4680.0,1.0
9558.0,9559.0,1.0
9559.0,13028.0,1.0
9561.0,9562.0,1.0
9561.0,15107.0,1.0
9562.0,6183.0,1.0
9562.0,20803.0,1.0
9566.0,13826.0,1.0
9566.0,11662.0,1.0
17760.0,15499.0,1.0
1381.0,1382.0,1.0
1381.0,4331.0,1.0
1381.0,6088.0,1.0
1381.0,12723.0,1.0
17766.0,4512.0,1.0
17766.0,12461.0,1.0
17766.0,18256.0,1.0
17767.0,2026.0,1.0
17767.0,10611.0,1.0
17767.0,13164.0,1.0
1382.0,6088.0,1.0
9577.0,9578.0,1.0
9578.0,11955.0,1.0
9578.0,13098.0,1.0
9578.0,20339.0,1.0
17770.0,12385.0,1.0
17770.0,19524.0,1.0
1388.0,1389.0,1.0
1388.0,6431.0,1.0
1388.0,7088.0,1.0
1389.0,10556.0,1.0
1389.0,6432.0,1.0
9584.0,4886.0,1.0
9584.0,6130.0,1.0
9585.0,4137.0,1.0
9585.0,7255.0,1.0
9585.0,7807.0,1.0
9585.0,11850.0,1.0
1394.0,1395.0,1.0
1394.0,3804.0,1.0
1394.0,12183.0,1.0
1395.0,3847.0,1.0
1395.0,10381.0,1.0
1395.0,10681.0,1.0
9591.0,7242.0,1.0
9591.0,9592.0,1.0
9591.0,12455.0,1.0
1400.0,1401.0,1.0
1400.0,6275.0,1.0
1400.0,6189.0,1.0
1401.0,4885.0,1.0
1401.0,8092.0,1.0
9594.0,4253.0,1.0
9594.0,9595.0,1.0
9594.0,11826.0,1.0
9594.0,13644.0,1.0
9595.0,8113.0,1.0
9595.0,13632.0,1.0
9592.0,6532.0,1.0
9592.0,6936.0,1.0
9592.0,10094.0,1.0
1402.0,1403.0,1.0
1402.0,5301.0,1.0
1402.0,6501.0,1.0
1403.0,2713.0,1.0
1403.0,6122.0,1.0
1403.0,12590.0,1.0
1407.0,1408.0,1.0
1407.0,11349.0,1.0
1407.0,4404.0,1.0
1408.0,2588.0,1.0
1408.0,2895.0,1.0
1408.0,4508.0,1.0
1410.0,1411.0,1.0
1410.0,5500.0,1.0
1410.0,6686.0,1.0
1411.0,5704.0,1.0
1411.0,5994.0,1.0
17794.0,10046.0,1.0
17794.0,16279.0,1.0
9602.0,1503.0,1.0
9602.0,2051.0,1.0
9602.0,10268.0,1.0
17799.0,10466.0,1.0
17799.0,18970.0,1.0
9610.0,2920.0,1.0
9610.0,4411.0,1.0
9610.0,6466.0,1.0
9610.0,7358.0,1.0
9611.0,2370.0,1.0
9611.0,4817.0,1.0
9611.0,9612.0,1.0
9612.0,4818.0,1.0
9612.0,8036.0,1.0
9613.0,7455.0,1.0
1426.0,1427.0,1.0
1426.0,14671.0,1.0
1426.0,4137.0,1.0
1427.0,7963.0,1.0
9627.0,6436.0,1.0
9627.0,8099.0,1.0
9627.0,9628.0,1.0
9628.0,13062.0,1.0
9628.0,18016.0,1.0
1448.0,1449.0,1.0
1448.0,4254.0,1.0
1448.0,10550.0,1.0
1448.0,14098.0,1.0
9642.0,5230.0,1.0
9642.0,9641.0,1.0
9642.0,12887.0,1.0
9643.0,9644.0,1.0
9643.0,11387.0,1.0
9643.0,20929.0,1.0
9644.0,20927.0,1.0
1452.0,4329.0,1.0
1450.0,1451.0,1.0
1450.0,20760.0,1.0
1451.0,6789.0,1.0
1451.0,12369.0,1.0
9650.0,6239.0,1.0
9650.0,7251.0,1.0
17843.0,16175.0,1.0
17844.0,11309.0,1.0
17845.0,6877.0,1.0
17845.0,8047.0,1.0
9652.0,3732.0,1.0
9652.0,4656.0,1.0
9652.0,9651.0,1.0
9652.0,10526.0,1.0
17847.0,3816.0,1.0
17847.0,19438.0,1.0
17847.0,21135.0,1.0
9651.0,3731.0,1.0
9651.0,13278.0,1.0
17849.0,3250.0,1.0
17849.0,6169.0,1.0
17850.0,14230.0,1.0
17854.0,4797.0,1.0
17854.0,13208.0,1.0
17854.0,13707.0,1.0
17854.0,19132.0,1.0
17855.0,1867.0,1.0
17855.0,11602.0,1.0
17855.0,13042.0,1.0
9665.0,4471.0,1.0
9665.0,7355.0,1.0
9665.0,10159.0,1.0
9666.0,4286.0,1.0
9666.0,6846.0,1.0
9668.0,1607.0,1.0
9668.0,5706.0,1.0
9668.0,7396.0,1.0
9668.0,8156.0,1.0
17861.0,2560.0,1.0
17861.0,10574.0,1.0
1478.0,1479.0,1.0
1478.0,4790.0,1.0
1478.0,10360.0,1.0
1478.0,4686.0,1.0
1479.0,2028.0,1.0
1479.0,12744.0,1.0
9670.0,4562.0,1.0
9670.0,5292.0,1.0
9670.0,12297.0,1.0
9670.0,21018.0,1.0
9673.0,9672.0,1.0
9673.0,10060.0,1.0
9673.0,13910.0,1.0
17866.0,3152.0,1.0
17867.0,4595.0,1.0
1484.0,1485.0,1.0
1484.0,7505.0,1.0
1485.0,10361.0,1.0
1485.0,10850.0,1.0
1485.0,4687.0,1.0
9672.0,19067.0,1.0
9680.0,9681.0,1.0
9680.0,12339.0,1.0
9680.0,9750.0,1.0
9680.0,12213.0,1.0
9681.0,6489.0,1.0
9681.0,11439.0,1.0
9682.0,5170.0,1.0
9682.0,7478.0,1.0
9682.0,7885.0,1.0
9682.0,12409.0,1.0
17875.0,11925.0,1.0
17875.0,16331.0,1.0
17875.0,18084.0,1.0
1495.0,1496.0,1.0
1495.0,2614.0,1.0
1496.0,3181.0,1.0
1496.0,5622.0,1.0
1503.0,2749.0,1.0
1504.0,14166.0,1.0
1504.0,4124.0,1.0
1507.0,1508.0,1.0
1507.0,4791.0,1.0
1507.0,11828.0,1.0
1507.0,11167.0,1.0
1508.0,2713.0,1.0
1508.0,4582.0,1.0
1508.0,1528.0,1.0
1509.0,7587.0,1.0
1509.0,7672.0,1.0
1509.0,7042.0,1.0
9702.0,3928.0,1.0
9702.0,10397.0,1.0
9702.0,11337.0,1.0
1511.0,1510.0,1.0
1511.0,1911.0,1.0
1511.0,12660.0,1.0
9701.0,2068.0,1.0
9701.0,5300.0,1.0
9701.0,5336.0,1.0
9701.0,15213.0,1.0
1514.0,5347.0,1.0
1514.0,7949.0,1.0
1514.0,6296.0,1.0
1515.0,1516.0,1.0
1515.0,10849.0,1.0
1515.0,13254.0,1.0
1516.0,7391.0,1.0
1516.0,9956.0,1.0
1516.0,9887.0,1.0
17905.0,10515.0,1.0
17906.0,3817.0,1.0
17906.0,19438.0,1.0
9716.0,4261.0,1.0
9716.0,6545.0,1.0
1527.0,1528.0,1.0
1527.0,10639.0,1.0
1527.0,11028.0,1.0
1528.0,6501.0,1.0
1528.0,14259.0,1.0
9727.0,6962.0,1.0
9727.0,20308.0,1.0
9727.0,18523.0,1.0
9736.0,2517.0,1.0
9736.0,4472.0,1.0
9736.0,10442.0,1.0
9738.0,5512.0,1.0
9738.0,6907.0,1.0
9738.0,13331.0,1.0
9739.0,9740.0,1.0
9739.0,20870.0,1.0
9740.0,18136.0,1.0
1547.0,1546.0,1.0
1547.0,10045.0,1.0
1547.0,12489.0,1.0
1546.0,12885.0,1.0
1546.0,4491.0,1.0
1546.0,10427.0,1.0
1552.0,1553.0,1.0
1552.0,3891.0,1.0
1552.0,7086.0,1.0
1552.0,4214.0,1.0
9745.0,5635.0,1.0
9745.0,6025.0,1.0
9745.0,15044.0,1.0
9746.0,9747.0,1.0
9746.0,11333.0,1.0
9746.0,15080.0,1.0
9747.0,13663.0,1.0
9747.0,13945.0,1.0
1553.0,10984.0,1.0
1553.0,5392.0,1.0
9748.0,1984.0,1.0
9748.0,6745.0,1.0
9748.0,14028.0,1.0
9748.0,14441.0,1.0
1555.0,1554.0,1.0
1555.0,4048.0,1.0
1555.0,14413.0,1.0
1554.0,4839.0,1.0
1554.0,5414.0,1.0
1554.0,11183.0,1.0
1559.0,1558.0,1.0
1559.0,7161.0,1.0
1559.0,12330.0,1.0
1558.0,10010.0,1.0
1558.0,11186.0,1.0
9750.0,4955.0,1.0
9749.0,2811.0,1.0
9749.0,3713.0,1.0
17949.0,11591.0,1.0
17949.0,14953.0,1.0
17949.0,20144.0,1.0
1568.0,1569.0,1.0
1568.0,4677.0,1.0
1568.0,10099.0,1.0
1568.0,5650.0,1.0
17953.0,16175.0,1.0
17953.0,19624.0,1.0
17953.0,19597.0,1.0
1569.0,3584.0,1.0
1569.0,4129.0,1.0
17955.0,17956.0,1.0
17956.0,19162.0,1.0
17959.0,10198.0,1.0
17959.0,15417.0,1.0
17959.0,15422.0,1.0
17959.0,15644.0,1.0
9767.0,2027.0,1.0
9767.0,2889.0,1.0
9767.0,7021.0,1.0
17960.0,3523.0,1.0
17960.0,4339.0,1.0
9770.0,7549.0,1.0
9771.0,2439.0,1.0
9771.0,5076.0,1.0
9771.0,9802.0,1.0
9771.0,10360.0,1.0
9768.0,5604.0,1.0
9768.0,6258.0,1.0
9768.0,7924.0,1.0
9774.0,7241.0,1.0
9774.0,10804.0,1.0
9774.0,13726.0,1.0
9775.0,3250.0,1.0
9775.0,5219.0,1.0
9775.0,12284.0,1.0
17968.0,11971.0,1.0
9779.0,5269.0,1.0
9779.0,11045.0,1.0
1589.0,13942.0,1.0
9782.0,5884.0,1.0
9782.0,7401.0,1.0
9782.0,9781.0,1.0
9782.0,11225.0,1.0
9781.0,12807.0,1.0
9781.0,14833.0,1.0
9781.0,21142.0,1.0
1597.0,1598.0,1.0
1597.0,11278.0,1.0
1597.0,12288.0,1.0
1598.0,9872.0,1.0
1598.0,5057.0,1.0
1598.0,14303.0,1.0
1605.0,1606.0,1.0
1605.0,2195.0,1.0
1606.0,5275.0,1.0
1606.0,13706.0,1.0
1607.0,1608.0,1.0
1607.0,11973.0,1.0
1607.0,13062.0,1.0
1608.0,8156.0,1.0
1608.0,2661.0,1.0
1608.0,13325.0,1.0
9801.0,7434.0,1.0
9801.0,13056.0,1.0
9801.0,13057.0,1.0
9802.0,2440.0,1.0
9802.0,10906.0,1.0
9803.0,9804.0,1.0
9803.0,10274.0,1.0
9803.0,12981.0,1.0
9804.0,5657.0,1.0
9804.0,7171.0,1.0
1615.0,1616.0,1.0
1615.0,2255.0,1.0
1615.0,13667.0,1.0
18000.0,12867.0,1.0
1616.0,5408.0,1.0
1621.0,1622.0,1.0
1621.0,7536.0,1.0
1621.0,7083.0,1.0
1621.0,13997.0,1.0
1622.0,5078.0,1.0
1622.0,15569.0,1.0
18007.0,6795.0,1.0
18007.0,19435.0,1.0
18007.0,19436.0,1.0
9814.0,6676.0,1.0
18005.0,11652.0,1.0
18005.0,18074.0,1.0
18005.0,20861.0,1.0
1626.0,1627.0,1.0
1626.0,10543.0,1.0
1627.0,4790.0,1.0
1628.0,1629.0,1.0
1628.0,5208.0,1.0
1628.0,4773.0,1.0
1628.0,4192.0,1.0
1629.0,6491.0,1.0
1629.0,12512.0,1.0
9815.0,5056.0,1.0
9815.0,5415.0,1.0
9815.0,11491.0,1.0
9823.0,14075.0,1.0
9823.0,20045.0,1.0
18016.0,8099.0,1.0
18016.0,18512.0,1.0
18013.0,11103.0,1.0
9827.0,9828.0,1.0
9827.0,18511.0,1.0
9827.0,13684.0,1.0
9828.0,2103.0,1.0
9828.0,18517.0,1.0
1639.0,1640.0,1.0
1639.0,3686.0,1.0
1640.0,5888.0,1.0
1640.0,6804.0,1.0
1642.0,1643.0,1.0
1642.0,14317.0,1.0
1642.0,3209.0,1.0
1643.0,6273.0,1.0
1643.0,11204.0,1.0
9836.0,3240.0,1.0
9836.0,9837.0,1.0
9836.0,12595.0,1.0
9837.0,5463.0,1.0
9837.0,12073.0,1.0
1649.0,3381.0,1.0
18041.0,12945.0,1.0
18041.0,13256.0,1.0
18041.0,20869.0,1.0
1660.0,7937.0,1.0
1660.0,7405.0,1.0
1660.0,4708.0,1.0
18045.0,18046.0,1.0
18045.0,18056.0,1.0
18045.0,20861.0,1.0
18045.0,21192.0,1.0
18046.0,18060.0,1.0
18046.0,18056.0,1.0
9853.0,7500.0,1.0
9856.0,9857.0,1.0
9856.0,11008.0,1.0
9857.0,3523.0,1.0
9857.0,11009.0,1.0
9861.0,6492.0,1.0
9861.0,11849.0,1.0
9861.0,13246.0,1.0
1671.0,1672.0,1.0
1671.0,3061.0,1.0
1671.0,12127.0,1.0
1672.0,10145.0,1.0
9863.0,6084.0,1.0
18056.0,18057.0,1.0
18056.0,18211.0,1.0
18057.0,11651.0,1.0
18057.0,21134.0,1.0
9866.0,6119.0,1.0
9866.0,9867.0,1.0
1675.0,1676.0,1.0
1675.0,6310.0,1.0
1676.0,8037.0,1.0
1676.0,4289.0,1.0
1678.0,1677.0,1.0
1678.0,4066.0,1.0
1678.0,3798.0,1.0
1677.0,1689.0,1.0
1677.0,6391.0,1.0
9872.0,18280.0,1.0
9868.0,7828.0,1.0
9868.0,12055.0,1.0
9868.0,12731.0,1.0
18067.0,4872.0,1.0
1685.0,1686.0,1.0
1686.0,15071.0,1.0
1689.0,1863.0,1.0
18074.0,18235.0,1.0
18074.0,20861.0,1.0
18074.0,20862.0,1.0
1692.0,1693.0,1.0
1692.0,12054.0,1.0
1692.0,5145.0,1.0
1692.0,12752.0,1.0
1693.0,12752.0,1.0
1693.0,11503.0,1.0
18078.0,15569.0,1.0
9887.0,6394.0,1.0
9887.0,10540.0,1.0
9887.0,13254.0,1.0
1696.0,1695.0,1.0
1696.0,10954.0,1.0
1696.0,12925.0,1.0
1695.0,5269.0,1.0
1695.0,2420.0,1.0
9894.0,4248.0,1.0
9894.0,9895.0,1.0
9895.0,12806.0,1.0
9895.0,20762.0,1.0
18089.0,15456.0,1.0
18089.0,20526.0,1.0
9898.0,11494.0,1.0
9901.0,4261.0,1.0
9901.0,4305.0,1.0
9901.0,13304.0,1.0
1713.0,6785.0,1.0
1713.0,4796.0,1.0
1713.0,4514.0,1.0
1720.0,10820.0,1.0
1720.0,11108.0,1.0
1720.0,4389.0,1.0
9912.0,6324.0,1.0
9912.0,11343.0,1.0
18109.0,11510.0,1.0
18111.0,3197.0,1.0
9920.0,1746.0,1.0
9920.0,9919.0,1.0
9919.0,1745.0,1.0
9919.0,14890.0,1.0
18113.0,3588.0,1.0
18113.0,13314.0,1.0
18113.0,13647.0,1.0
18113.0,18112.0,1.0
18112.0,20858.0,1.0
18112.0,20860.0,1.0
18112.0,18529.0,1.0
9926.0,7090.0,1.0
9926.0,14614.0,1.0
9927.0,9928.0,1.0
9927.0,12054.0,1.0
9928.0,11510.0,1.0
1739.0,1740.0,1.0
1739.0,3227.0,1.0
1739.0,11044.0,1.0
1739.0,13179.0,1.0
1740.0,12418.0,1.0
9933.0,4164.0,1.0
1745.0,1746.0,1.0
1745.0,13089.0,1.0
1745.0,2910.0,1.0
1745.0,19396.0,1.0
1746.0,4039.0,1.0
18131.0,7455.0,1.0
9942.0,4083.0,1.0
9942.0,4954.0,1.0
9942.0,11095.0,1.0
9942.0,13940.0,1.0
18135.0,12331.0,1.0
18135.0,13518.0,1.0
18135.0,18142.0,1.0
18136.0,11925.0,1.0
18136.0,18137.0,1.0
1753.0,1754.0,1.0
1753.0,2480.0,1.0
1753.0,11007.0,1.0
1754.0,5152.0,1.0
1754.0,2480.0,1.0
1756.0,1755.0,1.0
1756.0,4386.0,1.0
1756.0,5332.0,1.0
1755.0,2132.0,1.0
1755.0,1929.0,1.0
18142.0,13518.0,1.0
9952.0,13388.0,1.0
9953.0,2427.0,1.0
9953.0,5725.0,1.0
9953.0,12562.0,1.0
18146.0,18147.0,1.0
18147.0,18150.0,1.0
18147.0,20861.0,1.0
18147.0,19425.0,1.0
18147.0,19551.0,1.0
9956.0,1826.0,1.0
9956.0,6395.0,1.0
9954.0,4927.0,1.0
9954.0,8178.0,1.0
18162.0,14773.0,1.0
18162.0,19614.0,1.0
1781.0,1782.0,1.0
1781.0,4875.0,1.0
1781.0,5082.0,1.0
1782.0,5083.0,1.0
9976.0,2958.0,1.0
9976.0,7090.0,1.0
1788.0,1789.0,1.0
1788.0,6123.0,1.0
1788.0,5393.0,1.0
1788.0,12590.0,1.0
1789.0,6876.0,1.0
1789.0,5537.0,1.0
1789.0,6522.0,1.0
18172.0,18173.0,1.0
18172.0,18191.0,1.0
18172.0,20917.0,1.0
18172.0,18175.0,1.0
18173.0,5185.0,1.0
18173.0,18185.0,1.0
18173.0,20926.0,1.0
18174.0,18175.0,1.0
18174.0,18178.0,1.0
18174.0,20967.0,1.0
18175.0,6156.0,1.0
18175.0,20942.0,1.0
1792.0,1793.0,1.0
1792.0,5401.0,1.0
1792.0,11098.0,1.0
1792.0,14858.0,1.0
1793.0,7400.0,1.0
1795.0,1794.0,1.0
1795.0,13256.0,1.0
1795.0,16093.0,1.0
1795.0,19568.0,1.0
1794.0,1842.0,1.0
1794.0,3471.0,1.0
1794.0,12716.0,1.0
1794.0,7592.0,1.0
18181.0,18182.0,1.0
18182.0,15317.0,1.0
18182.0,20880.0,1.0
1799.0,1798.0,1.0
1799.0,3565.0,1.0
1799.0,5834.0,1.0
1798.0,4034.0,1.0
1798.0,4708.0,1.0
18185.0,20917.0,1.0
18185.0,20938.0,1.0
18185.0,20916.0,1.0
1800.0,3798.0,1.0
1800.0,7088.0,1.0
18187.0,18188.0,1.0
18187.0,18192.0,1.0
18187.0,20106.0,1.0
18187.0,20917.0,1.0
18188.0,14677.0,1.0
18188.0,14935.0,1.0
18188.0,20106.0,1.0
9994.0,12044.0,1.0
1806.0,1807.0,1.0
1806.0,11072.0,1.0
1806.0,3120.0,1.0
1807.0,8038.0,1.0
1807.0,2847.0,1.0
1807.0,12660.0,1.0
9997.0,14948.0,1.0
18194.0,1930.0,1.0
18194.0,18216.0,1.0
10010.0,4127.0,1.0
10010.0,14704.0,1.0
1819.0,1820.0,1.0
1819.0,4182.0,1.0
1820.0,5275.0,1.0
1820.0,7861.0,1.0
10013.0,2988.0,1.0
10013.0,4929.0,1.0
10016.0,4324.0,1.0
10016.0,6129.0,1.0
10016.0,11319.0,1.0
10017.0,10018.0,1.0
10017.0,13590.0,1.0
1826.0,1827.0,1.0
1826.0,2951.0,1.0
10019.0,4991.0,1.0
10019.0,10353.0,1.0
10019.0,11185.0,1.0
1827.0,5685.0,1.0
1827.0,7391.0,1.0
10018.0,5362.0,1.0
10018.0,6219.0,1.0
10027.0,2180.0,1.0
10027.0,7486.0,1.0
18223.0,5655.0,1.0
18223.0,19015.0,1.0
10032.0,2943.0,1.0
10032.0,4207.0,1.0
10032.0,11406.0,1.0
1842.0,3470.0,1.0
1842.0,7591.0,1.0
1842.0,5755.0,1.0
10035.0,5701.0,1.0
10035.0,10036.0,1.0
10035.0,12442.0,1.0
10035.0,10331.0,1.0
10036.0,7121.0,1.0
10036.0,10900.0,1.0
10036.0,14911.0,1.0
1843.0,5373.0,1.0
1843.0,5971.0,1.0
1843.0,18514.0,1.0
1843.0,11986.0,1.0
1847.0,1846.0,1.0
1847.0,4154.0,1.0
1847.0,13645.0,1.0
1847.0,13662.0,1.0
1846.0,13085.0,1.0
1846.0,13662.0,1.0
18235.0,18236.0,1.0
18235.0,18242.0,1.0
18235.0,19551.0,1.0
18235.0,20862.0,1.0
10045.0,10046.0,1.0
10045.0,14868.0,1.0
10045.0,18274.0,1.0
10046.0,14868.0,1.0
10044.0,12385.0,1.0
10048.0,5694.0,1.0
10048.0,7737.0,1.0
10048.0,10363.0,1.0
10049.0,3463.0,1.0
10049.0,4839.0,1.0
10049.0,5414.0,1.0
10049.0,11491.0,1.0
10051.0,2288.0,1.0
10051.0,14317.0,1.0
10051.0,10079.0,1.0
10052.0,2501.0,1.0
10052.0,2748.0,1.0
10052.0,3411.0,1.0
10052.0,14302.0,1.0
10053.0,10054.0,1.0
10053.0,11044.0,1.0
10055.0,2909.0,1.0
10055.0,7010.0,1.0
10055.0,14021.0,1.0
1863.0,3388.0,1.0
1863.0,5093.0,1.0
1863.0,6391.0,1.0
18243.0,3407.0,1.0
18243.0,3524.0,1.0
18243.0,20739.0,1.0
1867.0,1868.0,1.0
10060.0,6533.0,1.0
10060.0,14721.0,1.0
1868.0,3686.0,1.0
1868.0,12711.0,1.0
18256.0,4613.0,1.0
18256.0,12918.0,1.0
1873.0,1874.0,1.0
1873.0,7194.0,1.0
1874.0,2797.0,1.0
1874.0,7947.0,1.0
18259.0,19524.0,1.0
18263.0,5216.0,1.0
18265.0,20880.0,1.0
18266.0,7925.0,1.0
18268.0,5569.0,1.0
18268.0,18269.0,1.0
18268.0,18272.0,1.0
18268.0,18270.0,1.0
18269.0,3082.0,1.0
18269.0,12485.0,1.0
18269.0,18272.0,1.0
18270.0,5568.0,1.0
18270.0,18283.0,1.0
10079.0,7937.0,1.0
10079.0,11671.0,1.0
10079.0,14153.0,1.0
18272.0,5569.0,1.0
18273.0,2263.0,1.0
18273.0,7105.0,1.0
18273.0,21123.0,1.0
18274.0,3081.0,1.0
18274.0,18275.0,1.0
18274.0,20950.0,1.0
10083.0,3050.0,1.0
10083.0,10084.0,1.0
10083.0,14614.0,1.0
10084.0,11277.0,1.0
10084.0,10576.0,1.0
18275.0,3081.0,1.0
18275.0,8002.0,1.0
18275.0,18283.0,1.0
1890.0,1891.0,1.0
1890.0,12316.0,1.0
1890.0,12831.0,1.0
1891.0,7423.0,1.0
1891.0,13085.0,1.0
1891.0,18509.0,1.0
1891.0,13216.0,1.0
18280.0,5705.0,1.0
18280.0,13752.0,1.0
18280.0,18281.0,1.0
18280.0,21124.0,1.0
18281.0,18282.0,1.0
18283.0,11481.0,1.0
10091.0,6179.0,1.0
10091.0,10771.0,1.0
10091.0,14701.0,1.0
10094.0,5867.0,1.0
10094.0,12455.0,1.0
10093.0,2712.0,1.0
10096.0,5755.0,1.0
10096.0,7591.0,1.0
10096.0,10097.0,1.0
10096.0,12242.0,1.0
10097.0,5101.0,1.0
10097.0,13507.0,1.0
10099.0,3584.0,1.0
10099.0,6258.0,1.0
10099.0,12551.0,1.0
1911.0,7944.0,1.0
1911.0,15016.0,1.0
10109.0,4287.0,1.0
10109.0,8028.0,1.0
10109.0,8089.0,1.0
10110.0,4134.0,1.0
10110.0,5082.0,1.0
10110.0,6128.0,1.0
10110.0,11501.0,1.0
1918.0,1919.0,1.0
1918.0,4844.0,1.0
1918.0,2663.0,1.0
1920.0,4373.0,1.0
1920.0,14247.0,1.0
1920.0,13241.0,1.0
1919.0,2724.0,1.0
1919.0,19401.0,1.0
18302.0,18301.0,1.0
18302.0,18305.0,1.0
18305.0,10515.0,1.0
18305.0,14810.0,1.0
8523.0,13645.0,1.0
8523.0,12809.0,1.0
1925.0,1926.0,1.0
1925.0,11793.0,1.0
10118.0,7257.0,1.0
10118.0,14192.0,1.0
10119.0,2422.0,1.0
10119.0,10120.0,1.0
18310.0,2480.0,1.0
18310.0,11425.0,1.0
18310.0,18467.0,1.0
10120.0,10663.0,1.0
10120.0,14121.0,1.0
10122.0,4806.0,1.0
10122.0,6933.0,1.0
1926.0,3462.0,1.0
1926.0,2520.0,1.0
1930.0,1929.0,1.0
1930.0,3821.0,1.0
1930.0,5015.0,1.0
1929.0,5332.0,1.0
10124.0,7925.0,1.0
10124.0,10123.0,1.0
10124.0,12087.0,1.0
10124.0,12981.0,1.0
10123.0,7939.0,1.0
10123.0,13567.0,1.0
10123.0,13918.0,1.0
10131.0,5859.0,1.0
10131.0,7888.0,1.0
10131.0,14491.0,1.0
1941.0,1942.0,1.0
1941.0,6121.0,1.0
1941.0,10180.0,1.0
1941.0,12223.0,1.0
1942.0,5723.0,1.0
1942.0,11723.0,1.0
1942.0,15432.0,1.0
1942.0,5933.0,1.0
1942.0,10599.0,1.0
1942.0,2783.0,1.0
10141.0,12285.0,1.0
1950.0,1949.0,1.0
1950.0,2239.0,1.0
1950.0,12570.0,1.0
1949.0,7486.0,1.0
1949.0,12025.0,1.0
10145.0,12920.0,1.0
10145.0,12127.0,1.0
1953.0,1954.0,1.0
1953.0,5751.0,1.0
1953.0,13414.0,1.0
1953.0,14901.0,1.0
1954.0,12705.0,1.0
1954.0,2929.0,1.0
1954.0,13161.0,1.0
1956.0,1957.0,1.0
1956.0,4229.0,1.0
1956.0,3568.0,1.0
1956.0,3164.0,1.0
1957.0,6143.0,1.0
1957.0,6808.0,1.0
10155.0,5208.0,1.0
10159.0,5396.0,1.0
10159.0,11409.0,1.0
10162.0,3857.0,1.0
10162.0,5854.0,1.0
10162.0,7217.0,1.0
10163.0,6311.0,1.0
10163.0,12924.0,1.0
10168.0,11527.0,1.0
10173.0,7151.0,1.0
10173.0,7377.0,1.0
10173.0,11592.0,1.0
10175.0,6906.0,1.0
10175.0,7273.0,1.0
10175.0,19442.0,1.0
1984.0,7042.0,1.0
10180.0,4774.0,1.0
10180.0,11723.0,1.0
1992.0,1993.0,1.0
1992.0,10716.0,1.0
1992.0,11337.0,1.0
1998.0,10679.0,1.0
1998.0,10442.0,1.0
10191.0,7345.0,1.0
10192.0,7206.0,1.0
10192.0,7767.0,1.0
10192.0,12182.0,1.0
10192.0,13731.0,1.0
10193.0,3466.0,1.0
10193.0,6411.0,1.0
10193.0,11663.0,1.0
10194.0,7253.0,1.0
10194.0,13175.0,1.0
10194.0,13711.0,1.0
10198.0,2661.0,1.0
10198.0,12102.0,1.0
10203.0,2115.0,1.0
10203.0,6296.0,1.0
10203.0,13287.0,1.0
2018.0,2019.0,1.0
2018.0,2108.0,1.0
2018.0,13790.0,1.0
2019.0,2108.0,1.0
2019.0,4303.0,1.0
2020.0,2021.0,1.0
2020.0,3609.0,1.0
2020.0,3968.0,1.0
2026.0,2027.0,1.0
2026.0,4491.0,1.0
2026.0,12591.0,1.0
2027.0,2889.0,1.0
2027.0,6808.0,1.0
2028.0,4254.0,1.0
2028.0,4686.0,1.0
10221.0,10222.0,1.0
10221.0,13046.0,1.0
10221.0,13482.0,1.0
10221.0,13446.0,1.0
10225.0,6699.0,1.0
10225.0,10226.0,1.0
10225.0,12919.0,1.0
10226.0,5140.0,1.0
2040.0,2041.0,1.0
2040.0,5821.0,1.0
2040.0,3662.0,1.0
2041.0,11155.0,1.0
2041.0,3487.0,1.0
2045.0,2046.0,1.0
2045.0,7387.0,1.0
2045.0,7559.0,1.0
2046.0,5347.0,1.0
10239.0,3696.0,1.0
10239.0,10240.0,1.0
10239.0,11972.0,1.0
10241.0,11673.0,1.0
10241.0,19419.0,1.0
2051.0,10267.0,1.0
2051.0,7856.0,1.0
10246.0,10322.0,1.0
10246.0,14484.0,1.0
10246.0,20949.0,1.0
2058.0,2059.0,1.0
2058.0,7377.0,1.0
2058.0,7151.0,1.0
2058.0,12919.0,1.0
2059.0,3492.0,1.0
2059.0,6700.0,1.0
18442.0,14091.0,1.0
18442.0,14295.0,1.0
18442.0,14804.0,1.0
2060.0,2061.0,1.0
2060.0,11439.0,1.0
2060.0,6846.0,1.0
2060.0,3906.0,1.0
2061.0,4621.0,1.0
2061.0,4620.0,1.0
2063.0,2064.0,1.0
18450.0,19617.0,1.0
18450.0,19624.0,1.0
10260.0,4344.0,1.0
10260.0,6029.0,1.0
10260.0,10261.0,1.0
10260.0,13719.0,1.0
10261.0,3205.0,1.0
10261.0,3206.0,1.0
10261.0,4246.0,1.0
2070.0,2071.0,1.0
2070.0,3209.0,1.0
2071.0,2287.0,1.0
2071.0,6700.0,1.0
18455.0,16333.0,1.0
10265.0,10266.0,1.0
2075.0,2076.0,1.0
2075.0,6328.0,1.0
10267.0,5732.0,1.0
10267.0,5927.0,1.0
10267.0,10268.0,1.0
10268.0,2748.0,1.0
10268.0,5928.0,1.0
10269.0,5836.0,1.0
10269.0,7010.0,1.0
10269.0,12118.0,1.0
18460.0,15105.0,1.0
18461.0,15105.0,1.0
10274.0,5527.0,1.0
10274.0,13918.0,1.0
2076.0,5142.0,1.0
2076.0,13482.0,1.0
10284.0,2102.0,1.0
10284.0,13752.0,1.0
10285.0,5347.0,1.0
10285.0,7296.0,1.0
10285.0,7949.0,1.0
10285.0,13022.0,1.0
2102.0,2103.0,1.0
2102.0,5081.0,1.0
2102.0,4558.0,1.0
2103.0,5880.0,1.0
2103.0,6435.0,1.0
2108.0,3455.0,1.0
2111.0,2112.0,1.0
2111.0,6851.0,1.0
2111.0,10936.0,1.0
2111.0,4148.0,1.0
2112.0,3495.0,1.0
2112.0,14856.0,1.0
2115.0,2116.0,1.0
2116.0,2239.0,1.0
2116.0,2799.0,1.0
2116.0,6028.0,1.0
10311.0,10312.0,1.0
10311.0,10860.0,1.0
18507.0,7573.0,1.0
18507.0,11646.0,1.0
18507.0,18508.0,1.0
18507.0,18509.0,1.0
10316.0,4165.0,1.0
10316.0,6084.0,1.0
10316.0,11844.0,1.0
10316.0,19523.0,1.0
18508.0,7875.0,1.0
18508.0,11080.0,1.0
18508.0,15046.0,1.0
18510.0,18511.0,1.0
18510.0,21052.0,1.0
18511.0,18517.0,1.0
18512.0,13374.0,1.0
18512.0,18521.0,1.0
2127.0,2128.0,1.0
2127.0,6400.0,1.0
2127.0,10901.0,1.0
10322.0,4247.0,1.0
10322.0,20948.0,1.0
18515.0,12379.0,1.0
18515.0,20106.0,1.0
2128.0,5669.0,1.0
2128.0,4677.0,1.0
18517.0,21053.0,1.0
18517.0,18521.0,1.0
18518.0,5732.0,1.0
2132.0,2131.0,1.0
2132.0,2303.0,1.0
2132.0,4386.0,1.0
18514.0,10863.0,1.0
18514.0,11986.0,1.0
18514.0,15046.0,1.0
18521.0,14701.0,1.0
18521.0,21053.0,1.0
2131.0,2228.0,1.0
10331.0,10900.0,1.0
10331.0,13817.0,1.0
18523.0,10837.0,1.0
18523.0,10910.0,1.0
18525.0,13465.0,1.0
18525.0,13727.0,1.0
18527.0,3240.0,1.0
18527.0,5463.0,1.0
10336.0,3831.0,1.0
10336.0,10337.0,1.0
10336.0,10412.0,1.0
10336.0,11502.0,1.0
10337.0,3346.0,1.0
10337.0,3347.0,1.0
10337.0,7480.0,1.0
18530.0,2782.0,1.0
18530.0,11849.0,1.0
18530.0,13246.0,1.0
18529.0,18528.0,1.0
2148.0,2149.0,1.0
2148.0,7854.0,1.0
2148.0,7250.0,1.0
2149.0,6799.0,1.0
2149.0,3985.0,1.0
10341.0,3701.0,1.0
10341.0,4320.0,1.0
10341.0,7243.0,1.0
18533.0,15434.0,1.0
18533.0,15590.0,1.0
18533.0,15645.0,1.0
18532.0,11183.0,1.0
18528.0,11375.0,1.0
18528.0,13465.0,1.0
10347.0,2341.0,1.0
10347.0,6932.0,1.0
10352.0,3384.0,1.0
10352.0,7669.0,1.0
10352.0,10353.0,1.0
10355.0,2588.0,1.0
10355.0,5300.0,1.0
10355.0,11349.0,1.0
10360.0,10361.0,1.0
10360.0,10543.0,1.0
10361.0,4686.0,1.0
10363.0,7738.0,1.0
10363.0,7768.0,1.0
10369.0,2698.0,1.0
10369.0,2757.0,1.0
10369.0,4193.0,1.0
10369.0,5332.0,1.0
2179.0,2180.0,1.0
2179.0,7486.0,1.0
2179.0,10407.0,1.0
2180.0,5155.0,1.0
2180.0,5107.0,1.0
10376.0,1194.0,1.0
10376.0,6499.0,1.0
10376.0,6847.0,1.0
2185.0,2186.0,1.0
2185.0,7807.0,1.0
2185.0,11850.0,1.0
2186.0,3136.0,1.0
2186.0,12563.0,1.0
2186.0,13582.0,1.0
10380.0,4130.0,1.0
10380.0,10381.0,1.0
10380.0,14428.0,1.0
10380.0,11639.0,1.0
10383.0,12792.0,1.0
10383.0,14257.0,1.0
10383.0,10450.0,1.0
10384.0,2287.0,1.0
10384.0,3737.0,1.0
10384.0,12800.0,1.0
18578.0,13731.0,1.0
2195.0,13208.0,1.0
2195.0,13706.0,1.0
2195.0,13207.0,1.0
10391.0,3804.0,1.0
10391.0,5477.0,1.0
10391.0,12183.0,1.0
2200.0,2201.0,1.0
2200.0,19324.0,1.0
2201.0,4382.0,1.0
2201.0,14293.0,1.0
18586.0,6179.0,1.0
10397.0,10398.0,1.0
10398.0,14285.0,1.0
2068.0,2069.0,1.0
2068.0,2588.0,1.0
2068.0,4906.0,1.0
10407.0,2407.0,1.0
10407.0,7806.0,1.0
2069.0,3478.0,1.0
2069.0,5970.0,1.0
10412.0,5186.0,1.0
10412.0,7480.0,1.0
10412.0,11178.0,1.0
10413.0,6411.0,1.0
10413.0,13582.0,1.0
2228.0,2303.0,1.0
2228.0,12199.0,1.0
10421.0,2894.0,1.0
10421.0,10422.0,1.0
10421.0,11951.0,1.0
10422.0,7767.0,1.0
10422.0,8113.0,1.0
10422.0,13731.0,1.0
10427.0,14868.0,1.0
10427.0,12885.0,1.0
10427.0,11591.0,1.0
2239.0,12925.0,1.0
2239.0,6457.0,1.0
2244.0,2245.0,1.0
2244.0,7229.0,1.0
2244.0,12878.0,1.0
2244.0,7727.0,1.0
2245.0,12878.0,1.0
10442.0,4471.0,1.0
10444.0,2749.0,1.0
10444.0,5917.0,1.0
2255.0,5974.0,1.0
10450.0,5189.0,1.0
10450.0,7948.0,1.0
10453.0,2584.0,1.0
10453.0,2919.0,1.0
10453.0,7049.0,1.0
2263.0,3037.0,1.0
2263.0,7323.0,1.0
2263.0,8085.0,1.0
10461.0,10462.0,1.0
10462.0,2332.0,1.0
10462.0,7550.0,1.0
10462.0,7551.0,1.0
10462.0,7606.0,1.0
10466.0,4494.0,1.0
10466.0,7585.0,1.0
10466.0,12711.0,1.0
2287.0,2288.0,1.0
2287.0,3281.0,1.0
2288.0,3737.0,1.0
10479.0,5915.0,1.0
10479.0,13873.0,1.0
10485.0,10486.0,1.0
10485.0,13923.0,1.0
10485.0,10527.0,1.0
2294.0,12010.0,1.0
2294.0,13446.0,1.0
10486.0,4302.0,1.0
10486.0,13243.0,1.0
2297.0,2298.0,1.0
2297.0,5760.0,1.0
2297.0,13539.0,1.0
2298.0,7987.0,1.0
2302.0,2303.0,1.0
2302.0,4508.0,1.0
2302.0,12199.0,1.0
2302.0,4424.0,1.0
2304.0,8155.0,1.0
10497.0,6480.0,1.0
10497.0,14565.0,1.0
10497.0,14284.0,1.0
2312.0,2313.0,1.0
2312.0,14666.0,1.0
2313.0,3827.0,1.0
2313.0,12657.0,1.0
2313.0,11284.0,1.0
2314.0,2315.0,1.0
2314.0,4783.0,1.0
2314.0,7288.0,1.0
2314.0,11023.0,1.0
2315.0,5774.0,1.0
2315.0,7011.0,1.0
2315.0,7895.0,1.0
10509.0,7323.0,1.0
10509.0,8085.0,1.0
10509.0,14295.0,1.0
10509.0,14297.0,1.0
2320.0,2321.0,1.0
2320.0,7701.0,1.0
2320.0,7876.0,1.0
2320.0,6851.0,1.0
2321.0,4392.0,1.0
2321.0,20303.0,1.0
10515.0,10516.0,1.0
10516.0,14810.0,1.0
2329.0,2330.0,1.0
2329.0,4182.0,1.0
2329.0,6088.0,1.0
10522.0,5229.0,1.0
2331.0,2332.0,1.0
2331.0,7206.0,1.0
2331.0,7606.0,1.0
2332.0,5327.0,1.0
2330.0,4182.0,1.0
10526.0,3374.0,1.0
10526.0,10527.0,1.0
10526.0,13279.0,1.0
10527.0,13243.0,1.0
10531.0,4108.0,1.0
10531.0,6602.0,1.0
10531.0,7400.0,1.0
2340.0,2341.0,1.0
2340.0,3462.0,1.0
2340.0,10599.0,1.0
2340.0,14204.0,1.0
2341.0,6932.0,1.0
2341.0,2521.0,1.0
2346.0,2347.0,1.0
2346.0,5595.0,1.0
2346.0,5635.0,1.0
2346.0,11205.0,1.0
2347.0,3197.0,1.0
2347.0,6310.0,1.0
10540.0,10541.0,1.0
10540.0,10944.0,1.0
10541.0,3783.0,1.0
10541.0,6674.0,1.0
10543.0,4790.0,1.0
2351.0,2352.0,1.0
2351.0,5402.0,1.0
2351.0,3837.0,1.0
2351.0,5335.0,1.0
2352.0,2368.0,1.0
2352.0,4404.0,1.0
10547.0,6719.0,1.0
10547.0,10548.0,1.0
10548.0,13040.0,1.0
10548.0,19296.0,1.0
10550.0,4687.0,1.0
10550.0,5044.0,1.0
10550.0,10850.0,1.0
10551.0,10911.0,1.0
2360.0,2361.0,1.0
2360.0,12638.0,1.0
2360.0,13763.0,1.0
2361.0,3858.0,1.0
2361.0,3319.0,1.0
10556.0,7088.0,1.0
10556.0,11122.0,1.0
2368.0,11349.0,1.0
2368.0,14106.0,1.0
2368.0,5336.0,1.0
2368.0,5300.0,1.0
2369.0,2370.0,1.0
2369.0,7252.0,1.0
2369.0,4529.0,1.0
2370.0,6989.0,1.0
2370.0,11058.0,1.0
10563.0,7124.0,1.0
10563.0,7563.0,1.0
10563.0,10564.0,1.0
10564.0,8063.0,1.0
2375.0,2376.0,1.0
2375.0,5339.0,1.0
2375.0,6121.0,1.0
2375.0,4930.0,1.0
2376.0,12223.0,1.0
2376.0,15433.0,1.0
2378.0,2379.0,1.0
2378.0,7400.0,1.0
2379.0,6512.0,1.0
2379.0,20049.0,1.0
10573.0,10574.0,1.0
10573.0,12123.0,1.0
10574.0,12985.0,1.0
10575.0,4827.0,1.0
10575.0,5392.0,1.0
10575.0,6432.0,1.0
10576.0,3050.0,1.0
10576.0,7864.0,1.0
10577.0,6280.0,1.0
10577.0,14006.0,1.0
2390.0,11305.0,1.0
2390.0,13213.0,1.0
10593.0,6784.0,1.0
10593.0,12199.0,1.0
10593.0,10990.0,1.0
10596.0,5604.0,1.0
10596.0,6644.0,1.0
10598.0,2973.0,1.0
10598.0,11276.0,1.0
10598.0,13821.0,1.0
10599.0,2783.0,1.0
10599.0,6932.0,1.0
2407.0,2408.0,1.0
2407.0,5223.0,1.0
2407.0,5656.0,1.0
2408.0,5138.0,1.0
10610.0,5174.0,1.0
10610.0,10611.0,1.0
10610.0,13163.0,1.0
2420.0,2419.0,1.0
2420.0,12570.0,1.0
2421.0,2422.0,1.0
2421.0,5622.0,1.0
2421.0,3181.0,1.0
2421.0,5721.0,1.0
2422.0,14121.0,1.0
2423.0,2424.0,1.0
2423.0,6625.0,1.0
2423.0,7525.0,1.0
2423.0,10674.0,1.0
2424.0,6599.0,1.0
10617.0,6512.0,1.0
10617.0,6603.0,1.0
10617.0,12548.0,1.0
2419.0,2510.0,1.0
2419.0,4902.0,1.0
2427.0,2428.0,1.0
2428.0,12723.0,1.0
10628.0,4858.0,1.0
10628.0,5465.0,1.0
10628.0,6290.0,1.0
2439.0,2440.0,1.0
2439.0,5075.0,1.0
2439.0,13147.0,1.0
2440.0,16333.0,1.0
2440.0,13440.0,1.0
10638.0,4569.0,1.0
10645.0,7691.0,1.0
10645.0,10646.0,1.0
10645.0,13447.0,1.0
10646.0,7110.0,1.0
10646.0,10994.0,1.0
10655.0,4857.0,1.0
10655.0,5109.0,1.0
10655.0,7085.0,1.0
10655.0,7329.0,1.0
10663.0,3967.0,1.0
10663.0,12836.0,1.0
10663.0,12753.0,1.0
10664.0,6851.0,1.0
10664.0,7701.0,1.0
10664.0,7920.0,1.0
10664.0,10936.0,1.0
10674.0,5156.0,1.0
10674.0,6625.0,1.0
10674.0,14305.0,1.0
2483.0,2482.0,1.0
2483.0,3868.0,1.0
2483.0,11137.0,1.0
2483.0,4284.0,1.0
2484.0,2485.0,1.0
2484.0,11680.0,1.0
2484.0,5914.0,1.0
2485.0,4598.0,1.0
2482.0,4706.0,1.0
2482.0,10953.0,1.0
10681.0,3804.0,1.0
10681.0,4376.0,1.0
10681.0,10682.0,1.0
10682.0,3847.0,1.0
10682.0,6504.0,1.0
10682.0,12209.0,1.0
10690.0,7587.0,1.0
2500.0,2501.0,1.0
2500.0,11186.0,1.0
2500.0,14181.0,1.0
2501.0,3410.0,1.0
10698.0,6834.0,1.0
10698.0,7345.0,1.0
2510.0,5687.0,1.0
2510.0,5269.0,1.0
2516.0,2517.0,1.0
2516.0,4472.0,1.0
2516.0,13761.0,1.0
10711.0,3519.0,1.0
10711.0,7690.0,1.0
2520.0,2521.0,1.0
2520.0,3319.0,1.0
2520.0,13146.0,1.0
2521.0,3462.0,1.0
2521.0,13619.0,1.0
2522.0,2523.0,1.0
2522.0,7908.0,1.0
2522.0,4250.0,1.0
2522.0,4703.0,1.0
2523.0,5050.0,1.0
2523.0,11179.0,1.0
10716.0,2798.0,1.0
10724.0,4813.0,1.0
10724.0,11776.0,1.0
10724.0,12913.0,1.0
10726.0,10727.0,1.0
10726.0,15121.0,1.0
10726.0,13973.0,1.0
10726.0,19302.0,1.0
10727.0,5591.0,1.0
10727.0,13388.0,1.0
10728.0,5301.0,1.0
10728.0,5867.0,1.0
10728.0,6936.0,1.0
10728.0,11145.0,1.0
10735.0,6411.0,1.0
10735.0,12737.0,1.0
10739.0,15621.0,1.0
10741.0,5215.0,1.0
10741.0,11084.0,1.0
10741.0,20947.0,1.0
2557.0,2558.0,1.0
2557.0,7223.0,1.0
2557.0,10801.0,1.0
2557.0,11778.0,1.0
2558.0,11581.0,1.0
2559.0,2560.0,1.0
2559.0,11955.0,1.0
2560.0,11955.0,1.0
10755.0,8092.0,1.0
10755.0,11866.0,1.0
10756.0,3467.0,1.0
10756.0,10757.0,1.0
10756.0,13615.0,1.0
10756.0,13008.0,1.0
10757.0,2625.0,1.0
10757.0,13677.0,1.0
2566.0,2567.0,1.0
2566.0,7603.0,1.0
2566.0,14999.0,1.0
2567.0,10939.0,1.0
2567.0,11161.0,1.0
2567.0,3999.0,1.0
10758.0,10759.0,1.0
10758.0,13507.0,1.0
10759.0,4978.0,1.0
10759.0,13685.0,1.0
10762.0,16378.0,1.0
2576.0,6583.0,1.0
2576.0,8068.0,1.0
10769.0,4069.0,1.0
10769.0,4714.0,1.0
10769.0,13402.0,1.0
10771.0,14701.0,1.0
10772.0,5418.0,1.0
10772.0,6035.0,1.0
10772.0,7050.0,1.0
10772.0,11646.0,1.0
10772.0,12237.0,1.0
2584.0,2585.0,1.0
2585.0,4893.0,1.0
2585.0,7049.0,1.0
18970.0,11188.0,1.0
18970.0,13042.0,1.0
2588.0,2589.0,1.0
2589.0,4508.0,1.0
2589.0,4424.0,1.0
2589.0,13876.0,1.0
2592.0,2593.0,1.0
2592.0,7962.0,1.0
2592.0,13433.0,1.0
2592.0,13582.0,1.0
2593.0,6024.0,1.0
2593.0,5586.0,1.0
2593.0,10952.0,1.0
10786.0,4031.0,1.0
10786.0,4072.0,1.0
10786.0,8177.0,1.0
18983.0,18984.0,1.0
18983.0,20868.0,1.0
18983.0,21132.0,1.0
18986.0,2925.0,1.0
18986.0,7525.0,1.0
18989.0,13213.0,1.0
18989.0,18990.0,1.0
18990.0,13903.0,1.0
18990.0,16357.0,1.0
18991.0,18992.0,1.0
18992.0,19024.0,1.0
18992.0,19026.0,1.0
10801.0,11635.0,1.0
10801.0,14769.0,1.0
2613.0,2614.0,1.0
2613.0,4785.0,1.0
2613.0,7461.0,1.0
2614.0,5357.0,1.0
19008.0,7771.0,1.0
2625.0,5932.0,1.0
10818.0,5863.0,1.0
10818.0,10819.0,1.0
10818.0,13898.0,1.0
10819.0,12379.0,1.0
10819.0,13436.0,1.0
2626.0,2627.0,1.0
2626.0,6886.0,1.0
2626.0,5587.0,1.0
2627.0,5684.0,1.0
2627.0,3220.0,1.0
2627.0,11199.0,1.0
19009.0,15213.0,1.0
10820.0,4390.0,1.0
10820.0,5394.0,1.0
2632.0,2633.0,1.0
2632.0,14897.0,1.0
2632.0,3012.0,1.0
2632.0,12127.0,1.0
2633.0,5458.0,1.0
2633.0,3061.0,1.0
10832.0,5704.0,1.0
10832.0,13244.0,1.0
10832.0,12986.0,1.0
19024.0,6324.0,1.0
19024.0,19034.0,1.0
10836.0,4367.0,1.0
10836.0,10837.0,1.0
10837.0,4368.0,1.0
10849.0,3118.0,1.0
10850.0,7505.0,1.0
2660.0,2661.0,1.0
2660.0,5241.0,1.0
2660.0,8156.0,1.0
2660.0,12102.0,1.0
10853.0,4328.0,1.0
10853.0,4388.0,1.0
10853.0,6280.0,1.0
2663.0,2664.0,1.0
2663.0,2784.0,1.0
2663.0,2781.0,1.0
2664.0,2782.0,1.0
19053.0,19054.0,1.0
19054.0,7232.0,1.0
19054.0,19055.0,1.0
10863.0,5971.0,1.0
10863.0,7072.0,1.0
10863.0,10862.0,1.0
10862.0,5419.0,1.0
10862.0,11080.0,1.0
10862.0,20350.0,1.0
10874.0,2848.0,1.0
10874.0,4468.0,1.0
10874.0,10875.0,1.0
10875.0,10994.0,1.0
10875.0,10997.0,1.0
10876.0,4164.0,1.0
10876.0,4165.0,1.0
10876.0,13663.0,1.0
19067.0,5191.0,1.0
19067.0,13910.0,1.0
10883.0,3821.0,1.0
10883.0,13057.0,1.0
10883.0,20339.0,1.0
2697.0,2698.0,1.0
2697.0,4386.0,1.0
2697.0,5894.0,1.0
2697.0,5970.0,1.0
19085.0,19086.0,1.0
19085.0,20462.0,1.0
19085.0,20458.0,1.0
10895.0,7152.0,1.0
10895.0,10896.0,1.0
10895.0,15197.0,1.0
10896.0,15197.0,1.0
10896.0,11351.0,1.0
10900.0,3016.0,1.0
10900.0,12146.0,1.0
10901.0,6400.0,1.0
10901.0,7386.0,1.0
2711.0,2712.0,1.0
2711.0,4298.0,1.0
2711.0,3309.0,1.0
2712.0,3067.0,1.0
2712.0,13963.0,1.0
2713.0,3589.0,1.0
2713.0,6501.0,1.0
2716.0,2717.0,1.0
2716.0,7600.0,1.0
2716.0,7272.0,1.0
2717.0,13129.0,1.0
2717.0,16338.0,1.0
10910.0,6308.0,1.0
10910.0,13747.0,1.0
10910.0,15815.0,1.0
10911.0,5275.0,1.0
10911.0,7862.0,1.0
2722.0,2723.0,1.0
2722.0,6025.0,1.0
2722.0,16189.0,1.0
2723.0,11082.0,1.0
2723.0,11092.0,1.0
10919.0,12055.0,1.0
10919.0,11126.0,1.0
10929.0,5512.0,1.0
2744.0,2745.0,1.0
2744.0,3066.0,1.0
2744.0,4147.0,1.0
2744.0,12222.0,1.0
2745.0,11023.0,1.0
2745.0,12600.0,1.0
2745.0,4783.0,1.0
10936.0,12762.0,1.0
10939.0,5833.0,1.0
10939.0,14999.0,1.0
2748.0,2749.0,1.0
2748.0,5799.0,1.0
19133.0,4797.0,1.0
19133.0,19132.0,1.0
19133.0,20050.0,1.0
19132.0,19298.0,1.0
10944.0,11350.0,1.0
10944.0,13254.0,1.0
10947.0,6491.0,1.0
10947.0,12175.0,1.0
2757.0,2758.0,1.0
2757.0,5015.0,1.0
2758.0,6081.0,1.0
2758.0,11067.0,1.0
10952.0,3219.0,1.0
10952.0,6886.0,1.0
10952.0,13433.0,1.0
10953.0,7041.0,1.0
10953.0,14038.0,1.0
10954.0,3102.0,1.0
2765.0,3588.0,1.0
10959.0,7368.0,1.0
10959.0,10960.0,1.0
10959.0,11264.0,1.0
10960.0,6198.0,1.0
10960.0,8153.0,1.0
10968.0,6677.0,1.0
10968.0,8038.0,1.0
10968.0,12660.0,1.0
19162.0,11595.0,1.0
19162.0,15419.0,1.0
19162.0,20886.0,1.0
2781.0,2782.0,1.0
2781.0,13246.0,1.0
2781.0,5472.0,1.0
2783.0,2784.0,1.0
2783.0,6399.0,1.0
2783.0,11723.0,1.0
2783.0,4941.0,1.0
2784.0,5472.0,1.0
2784.0,4844.0,1.0
10980.0,5183.0,1.0
10980.0,7504.0,1.0
10980.0,8081.0,1.0
10984.0,7086.0,1.0
10984.0,14903.0,1.0
10984.0,20329.0,1.0
19178.0,4061.0,1.0
19178.0,12174.0,1.0
19178.0,14491.0,1.0
10987.0,14597.0,1.0
10988.0,7254.0,1.0
10988.0,7908.0,1.0
10988.0,11635.0,1.0
10988.0,13068.0,1.0
2797.0,2798.0,1.0
2797.0,4326.0,1.0
2798.0,14574.0,1.0
2799.0,4344.0,1.0
2799.0,13287.0,1.0
10990.0,5687.0,1.0
10990.0,6783.0,1.0
10994.0,12171.0,1.0
2803.0,2804.0,1.0
2803.0,11214.0,1.0
2803.0,12247.0,1.0
2804.0,5993.0,1.0
2804.0,6922.0,1.0
2804.0,4611.0,1.0
10997.0,2848.0,1.0
10997.0,4961.0,1.0
10997.0,11318.0,1.0
2810.0,2811.0,1.0
2810.0,11105.0,1.0
2811.0,11105.0,1.0
11006.0,13169.0,1.0
11007.0,5914.0,1.0
11007.0,11425.0,1.0
2816.0,2817.0,1.0
2816.0,7888.0,1.0
2816.0,16096.0,1.0
2817.0,11680.0,1.0
11008.0,4679.0,1.0
11008.0,11009.0,1.0
11009.0,5055.0,1.0
11023.0,7011.0,1.0
19216.0,5229.0,1.0
19216.0,19269.0,1.0
19216.0,19282.0,1.0
11027.0,11028.0,1.0
11027.0,11274.0,1.0
11028.0,3213.0,1.0
2846.0,2847.0,1.0
2846.0,11266.0,1.0
2846.0,5847.0,1.0
2846.0,13564.0,1.0
2847.0,5848.0,1.0
2848.0,2849.0,1.0
2848.0,7567.0,1.0
2849.0,4961.0,1.0
2849.0,4323.0,1.0
11044.0,19445.0,1.0
19246.0,12102.0,1.0
11055.0,5649.0,1.0
11055.0,7922.0,1.0
11058.0,11188.0,1.0
11059.0,5216.0,1.0
11059.0,11084.0,1.0
11059.0,12489.0,1.0
11063.0,4171.0,1.0
11063.0,11064.0,1.0
11063.0,11846.0,1.0
11064.0,4170.0,1.0
11064.0,11957.0,1.0
11067.0,13445.0,1.0
19262.0,14874.0,1.0
19262.0,19296.0,1.0
2883.0,6649.0,1.0
2883.0,4084.0,1.0
11080.0,5418.0,1.0
11080.0,11646.0,1.0
11082.0,11083.0,1.0
11082.0,12118.0,1.0
11083.0,3121.0,1.0
11083.0,12784.0,1.0
2893.0,2894.0,1.0
2893.0,4253.0,1.0
2893.0,5964.0,1.0
2893.0,7067.0,1.0
2894.0,8113.0,1.0
2894.0,11717.0,1.0
2895.0,3506.0,1.0
11092.0,14051.0,1.0
11095.0,5469.0,1.0
11097.0,7997.0,1.0
11097.0,11377.0,1.0
11098.0,11099.0,1.0
11098.0,20675.0,1.0
11099.0,14858.0,1.0
2909.0,2910.0,1.0
2909.0,6467.0,1.0
2910.0,4040.0,1.0
2910.0,14021.0,1.0
11103.0,4393.0,1.0
11103.0,13755.0,1.0
19296.0,19328.0,1.0
19296.0,19331.0,1.0
19298.0,13208.0,1.0
19298.0,20047.0,1.0
11108.0,5649.0,1.0
11109.0,4828.0,1.0
11109.0,11603.0,1.0
2919.0,2920.0,1.0
2919.0,7358.0,1.0
2919.0,12095.0,1.0
2920.0,6262.0,1.0
11111.0,4125.0,1.0
11111.0,11112.0,1.0
11111.0,13084.0,1.0
11111.0,11266.0,1.0
19306.0,11304.0,1.0
11112.0,5847.0,1.0
2924.0,2925.0,1.0
2924.0,7525.0,1.0
2924.0,14419.0,1.0
2924.0,14293.0,1.0
2925.0,4382.0,1.0
2925.0,7525.0,1.0
2926.0,2927.0,1.0
2926.0,12121.0,1.0
2926.0,6544.0,1.0
2927.0,11858.0,1.0
19313.0,12457.0,1.0
11122.0,7087.0,1.0
11122.0,12299.0,1.0
2931.0,2932.0,1.0
2931.0,14644.0,1.0
2931.0,12232.0,1.0
2932.0,4620.0,1.0
2932.0,8178.0,1.0
2929.0,2930.0,1.0
2929.0,7500.0,1.0
2929.0,3334.0,1.0
11126.0,6048.0,1.0
2930.0,12428.0,1.0
2943.0,5592.0,1.0
2943.0,11406.0,1.0
11137.0,4706.0,1.0
11137.0,5731.0,1.0
2947.0,5836.0,1.0
2947.0,14021.0,1.0
2947.0,7010.0,1.0
19332.0,15530.0,1.0
2950.0,2951.0,1.0
2950.0,3784.0,1.0
2950.0,6395.0,1.0
2950.0,12268.0,1.0
2951.0,7854.0,1.0
2951.0,6196.0,1.0
11145.0,4336.0,1.0
11145.0,7493.0,1.0
11145.0,13011.0,1.0
2954.0,2955.0,1.0
2954.0,7181.0,1.0
2954.0,11350.0,1.0
2954.0,16320.0,1.0
2955.0,3118.0,1.0
2957.0,2958.0,1.0
2957.0,7769.0,1.0
2957.0,3385.0,1.0
2958.0,4384.0,1.0
2958.0,13131.0,1.0
11155.0,4476.0,1.0
11155.0,12346.0,1.0
2968.0,2969.0,1.0
2968.0,4656.0,1.0
2968.0,5727.0,1.0
2968.0,3374.0,1.0
11161.0,7998.0,1.0
11161.0,12293.0,1.0
2969.0,5990.0,1.0
2969.0,3249.0,1.0
2972.0,2973.0,1.0
2972.0,3062.0,1.0
2972.0,11276.0,1.0
11166.0,11167.0,1.0
11166.0,16315.0,1.0
11167.0,14259.0,1.0
11178.0,13455.0,1.0
11178.0,20401.0,1.0
11179.0,4837.0,1.0
11179.0,13542.0,1.0
2988.0,2989.0,1.0
2989.0,3467.0,1.0
2989.0,6447.0,1.0
2989.0,13008.0,1.0
11182.0,11183.0,1.0
11182.0,14413.0,1.0
11182.0,20928.0,1.0
11183.0,14413.0,1.0
11184.0,4367.0,1.0
11184.0,7770.0,1.0
11184.0,11704.0,1.0
11185.0,7110.0,1.0
11185.0,7690.0,1.0
2994.0,2993.0,1.0
2994.0,6986.0,1.0
2994.0,7467.0,1.0
11186.0,12330.0,1.0
11186.0,13600.0,1.0
11189.0,3581.0,1.0
11189.0,7902.0,1.0
11189.0,13277.0,1.0
11188.0,11187.0,1.0
11188.0,11602.0,1.0
11187.0,11601.0,1.0
3002.0,3003.0,1.0
3002.0,11341.0,1.0
3002.0,13936.0,1.0
3002.0,3411.0,1.0
3003.0,5799.0,1.0
11199.0,3892.0,1.0
11199.0,4784.0,1.0
11199.0,11200.0,1.0
11200.0,7086.0,1.0
11200.0,7799.0,1.0
11200.0,14903.0,1.0
3009.0,3010.0,1.0
3009.0,13997.0,1.0
3009.0,4842.0,1.0
3010.0,5078.0,1.0
3010.0,5567.0,1.0
11203.0,5500.0,1.0
11203.0,16338.0,1.0
11203.0,20870.0,1.0
19396.0,6288.0,1.0
19396.0,12806.0,1.0
19396.0,15514.0,1.0
11205.0,3197.0,1.0
11205.0,4865.0,1.0
11205.0,4866.0,1.0
11205.0,11204.0,1.0
11204.0,11368.0,1.0
3011.0,3012.0,1.0
3011.0,14897.0,1.0
3016.0,3017.0,1.0
3017.0,7334.0,1.0
3017.0,12146.0,1.0
3012.0,5458.0,1.0
19401.0,6899.0,1.0
19401.0,7756.0,1.0
18509.0,12316.0,1.0
18509.0,13216.0,1.0
11214.0,4611.0,1.0
11214.0,5507.0,1.0
19414.0,15761.0,1.0
11225.0,5173.0,1.0
11225.0,7607.0,1.0
11225.0,12294.0,1.0
19419.0,19420.0,1.0
3037.0,13600.0,1.0
19420.0,8050.0,1.0
19423.0,5363.0,1.0
19425.0,16181.0,1.0
19425.0,21192.0,1.0
11236.0,7271.0,1.0
19429.0,7273.0,1.0
3046.0,11820.0,1.0
18516.0,4176.0,1.0
18516.0,12831.0,1.0
18516.0,16330.0,1.0
3050.0,7271.0,1.0
19435.0,19436.0,1.0
19436.0,7605.0,1.0
19438.0,7837.0,1.0
19438.0,19444.0,1.0
19442.0,7837.0,1.0
19442.0,19444.0,1.0
19444.0,13331.0,1.0
3061.0,3062.0,1.0
3063.0,12654.0,1.0
3063.0,14371.0,1.0
3063.0,14902.0,1.0
11257.0,5614.0,1.0
11257.0,7638.0,1.0
11257.0,7942.0,1.0
11257.0,14120.0,1.0
3066.0,3121.0,1.0
3066.0,6057.0,1.0
3066.0,3663.0,1.0
19448.0,12985.0,1.0
3067.0,4298.0,1.0
3067.0,3731.0,1.0
11263.0,16378.0,1.0
11264.0,7367.0,1.0
11265.0,11266.0,1.0
11265.0,13942.0,1.0
11265.0,13084.0,1.0
11270.0,6794.0,1.0
11270.0,11618.0,1.0
11270.0,13202.0,1.0
19463.0,5859.0,1.0
19463.0,6693.0,1.0
19463.0,14491.0,1.0
16894.0,11533.0,1.0
16894.0,14901.0,1.0
3081.0,3082.0,1.0
3082.0,12485.0,1.0
3083.0,3084.0,1.0
3084.0,7671.0,1.0
3084.0,6431.0,1.0
11277.0,5825.0,1.0
11277.0,14062.0,1.0
11273.0,7068.0,1.0
11273.0,11274.0,1.0
11273.0,13984.0,1.0
11273.0,16353.0,1.0
11274.0,7069.0,1.0
11274.0,14259.0,1.0
11284.0,3502.0,1.0
11284.0,4820.0,1.0
3102.0,3103.0,1.0
3102.0,14833.0,1.0
3103.0,7434.0,1.0
3103.0,12807.0,1.0
3107.0,3108.0,1.0
3107.0,5192.0,1.0
3107.0,14721.0,1.0
3108.0,3713.0,1.0
3108.0,7494.0,1.0
11303.0,11304.0,1.0
11303.0,14285.0,1.0
11304.0,3964.0,1.0
11305.0,11306.0,1.0
11306.0,7223.0,1.0
11306.0,11581.0,1.0
11307.0,12867.0,1.0
11307.0,12701.0,1.0
11308.0,11309.0,1.0
11308.0,11676.0,1.0
11309.0,3983.0,1.0
11309.0,12960.0,1.0
3118.0,11350.0,1.0
3118.0,4534.0,1.0
3119.0,3120.0,1.0
3119.0,7586.0,1.0
3120.0,13538.0,1.0
3121.0,3724.0,1.0
3121.0,12222.0,1.0
11318.0,4304.0,1.0
11318.0,11319.0,1.0
11318.0,12171.0,1.0
11319.0,4961.0,1.0
11319.0,12000.0,1.0
11320.0,6583.0,1.0
11320.0,7324.0,1.0
11320.0,12758.0,1.0
11320.0,13575.0,1.0
19512.0,4329.0,1.0
19512.0,5125.0,1.0
19512.0,12626.0,1.0
11322.0,7123.0,1.0
11322.0,11321.0,1.0
11322.0,14672.0,1.0
3136.0,3137.0,1.0
3137.0,6411.0,1.0
3137.0,3466.0,1.0
19522.0,13456.0,1.0
19524.0,11661.0,1.0
11333.0,11334.0,1.0
11333.0,14353.0,1.0
11334.0,4171.0,1.0
11334.0,13945.0,1.0
11337.0,3927.0,1.0
11341.0,14096.0,1.0
11341.0,14001.0,1.0
3151.0,3152.0,1.0
3151.0,6548.0,1.0
3151.0,5207.0,1.0
3152.0,13268.0,1.0
11343.0,14874.0,1.0
11350.0,16321.0,1.0
11351.0,3492.0,1.0
11351.0,8087.0,1.0
11352.0,3206.0,1.0
11352.0,4246.0,1.0
11352.0,20957.0,1.0
11353.0,6801.0,1.0
11353.0,7115.0,1.0
11353.0,7536.0,1.0
11353.0,16011.0,1.0
3162.0,3161.0,1.0
3162.0,5154.0,1.0
3162.0,12692.0,1.0
3164.0,3165.0,1.0
3164.0,6143.0,1.0
3164.0,3568.0,1.0
11357.0,8090.0,1.0
11358.0,3470.0,1.0
11358.0,6402.0,1.0
11358.0,15500.0,1.0
11358.0,14085.0,1.0
19551.0,19552.0,1.0
3165.0,3275.0,1.0
3165.0,4860.0,1.0
3165.0,15015.0,1.0
19558.0,15616.0,1.0
19558.0,15621.0,1.0
11374.0,11375.0,1.0
11375.0,6789.0,1.0
19568.0,5101.0,1.0
19568.0,7592.0,1.0
19568.0,20345.0,1.0
11377.0,11820.0,1.0
3196.0,3197.0,1.0
3196.0,12621.0,1.0
3197.0,13851.0,1.0
3198.0,3199.0,1.0
3198.0,7898.0,1.0
3198.0,13615.0,1.0
3198.0,12460.0,1.0
3199.0,7217.0,1.0
3199.0,3857.0,1.0
3199.0,14092.0,1.0
11392.0,15030.0,1.0
3205.0,3206.0,1.0
3205.0,4344.0,1.0
3205.0,11982.0,1.0
3206.0,7681.0,1.0
3206.0,13022.0,1.0
3209.0,12001.0,1.0
19597.0,19598.0,1.0
19597.0,19657.0,1.0
19597.0,19661.0,1.0
19598.0,19599.0,1.0
19598.0,19659.0,1.0
19599.0,19614.0,1.0
19599.0,19661.0,1.0
11406.0,11848.0,1.0
11409.0,5825.0,1.0
11409.0,6189.0,1.0
11409.0,7355.0,1.0
3213.0,3214.0,1.0
3213.0,5866.0,1.0
3219.0,3220.0,1.0
3219.0,3891.0,1.0
3220.0,6886.0,1.0
3220.0,3892.0,1.0
3214.0,6501.0,1.0
3214.0,5301.0,1.0
3214.0,5867.0,1.0
11412.0,3740.0,1.0
11412.0,4582.0,1.0
11415.0,3365.0,1.0
3227.0,7257.0,1.0
3227.0,14192.0,1.0
19614.0,19617.0,1.0
11424.0,4160.0,1.0
11424.0,7053.0,1.0
11424.0,7789.0,1.0
19617.0,19661.0,1.0
3239.0,3240.0,1.0
3239.0,7074.0,1.0
19624.0,15647.0,1.0
11436.0,3495.0,1.0
11436.0,11437.0,1.0
11437.0,14856.0,1.0
3247.0,3248.0,1.0
3247.0,5817.0,1.0
3247.0,13873.0,1.0
3248.0,6328.0,1.0
3249.0,3250.0,1.0
3249.0,5727.0,1.0
3249.0,5991.0,1.0
3250.0,4816.0,1.0
3250.0,5728.0,1.0
11439.0,12213.0,1.0
11439.0,12232.0,1.0
19637.0,20328.0,1.0
19638.0,16341.0,1.0
11449.0,4330.0,1.0
11449.0,14897.0,1.0
11449.0,12126.0,1.0
11455.0,4171.0,1.0
11455.0,13520.0,1.0
11455.0,13945.0,1.0
11455.0,11846.0,1.0
19655.0,19657.0,1.0
19657.0,19659.0,1.0
19658.0,19659.0,1.0
3275.0,7455.0,1.0
3275.0,20362.0,1.0
19661.0,19662.0,1.0
3281.0,12800.0,1.0
3282.0,3283.0,1.0
3282.0,6466.0,1.0
3282.0,7358.0,1.0
3282.0,7895.0,1.0
3283.0,3848.0,1.0
3283.0,5169.0,1.0
3283.0,7246.0,1.0
11481.0,5568.0,1.0
11481.0,8002.0,1.0
11493.0,11494.0,1.0
11493.0,14903.0,1.0
11493.0,14923.0,1.0
11494.0,5265.0,1.0
3308.0,1194.0,1.0
3308.0,3309.0,1.0
3308.0,4506.0,1.0
3308.0,6499.0,1.0
3309.0,5823.0,1.0
3309.0,13963.0,1.0
11502.0,3346.0,1.0
11502.0,3832.0,1.0
11503.0,4599.0,1.0
11503.0,5144.0,1.0
11503.0,5817.0,1.0
11501.0,4213.0,1.0
11501.0,5083.0,1.0
11505.0,4472.0,1.0
11505.0,6817.0,1.0
11505.0,7847.0,1.0
11505.0,13761.0,1.0
11510.0,11674.0,1.0
3319.0,12860.0,1.0
3319.0,11793.0,1.0
3322.0,4595.0,1.0
3322.0,15071.0,1.0
3333.0,3334.0,1.0
3333.0,4971.0,1.0
3334.0,7499.0,1.0
3334.0,13161.0,1.0
11527.0,4750.0,1.0
11530.0,5363.0,1.0
11530.0,11531.0,1.0
11530.0,11674.0,1.0
11533.0,5342.0,1.0
11533.0,13414.0,1.0
3346.0,3347.0,1.0
3346.0,14597.0,1.0
11538.0,5464.0,1.0
11538.0,6752.0,1.0
11538.0,11965.0,1.0
11542.0,6123.0,1.0
11542.0,6525.0,1.0
3357.0,14217.0,1.0
3357.0,14247.0,1.0
11552.0,11553.0,1.0
11553.0,6228.0,1.0
11553.0,7681.0,1.0
3365.0,11869.0,1.0
3374.0,4656.0,1.0
3381.0,11805.0,1.0
3384.0,3385.0,1.0
3384.0,7737.0,1.0
3385.0,7613.0,1.0
3385.0,7738.0,1.0
3388.0,5092.0,1.0
3388.0,12146.0,1.0
11581.0,14515.0,1.0
11583.0,6558.0,1.0
11583.0,7599.0,1.0
11583.0,13255.0,1.0
11591.0,16279.0,1.0
11594.0,11595.0,1.0
11594.0,12958.0,1.0
3407.0,7316.0,1.0
3407.0,14739.0,1.0
11601.0,11602.0,1.0
3410.0,3411.0,1.0
3410.0,14181.0,1.0
3410.0,13936.0,1.0
11603.0,4827.0,1.0
11603.0,6432.0,1.0
3411.0,5799.0,1.0
19822.0,16181.0,1.0
19822.0,19894.0,1.0
11635.0,4249.0,1.0
11635.0,13175.0,1.0
11639.0,6644.0,1.0
11646.0,12316.0,1.0
3455.0,3456.0,1.0
11651.0,11652.0,1.0
11651.0,21132.0,1.0
11652.0,15945.0,1.0
3460.0,3461.0,1.0
3460.0,12071.0,1.0
3460.0,6034.0,1.0
3462.0,4282.0,1.0
3463.0,14536.0,1.0
3461.0,7050.0,1.0
3461.0,6035.0,1.0
3461.0,4175.0,1.0
3465.0,3466.0,1.0
3465.0,5659.0,1.0
3465.0,11663.0,1.0
3465.0,5578.0,1.0
3467.0,6840.0,1.0
3467.0,14697.0,1.0
11661.0,11662.0,1.0
11661.0,13825.0,1.0
3470.0,3471.0,1.0
11663.0,4922.0,1.0
11663.0,12737.0,1.0
3471.0,14085.0,1.0
11671.0,3737.0,1.0
11671.0,13371.0,1.0
11672.0,11673.0,1.0
11673.0,14217.0,1.0
11674.0,15715.0,1.0
11676.0,3983.0,1.0
11676.0,7862.0,1.0
3487.0,3488.0,1.0
3487.0,6497.0,1.0
3487.0,8037.0,1.0
3488.0,16320.0,1.0
3488.0,7180.0,1.0
11680.0,4598.0,1.0
11680.0,7888.0,1.0
3492.0,7152.0,1.0
3495.0,6851.0,1.0
3495.0,7876.0,1.0
11690.0,3975.0,1.0
11690.0,7562.0,1.0
3501.0,3502.0,1.0
3501.0,5140.0,1.0
3501.0,16038.0,1.0
3502.0,5531.0,1.0
3506.0,4508.0,1.0
3506.0,6784.0,1.0
3506.0,12199.0,1.0
11701.0,11702.0,1.0
11701.0,14999.0,1.0
11702.0,12273.0,1.0
11704.0,5373.0,1.0
11704.0,5756.0,1.0
3510.0,3509.0,1.0
3510.0,5666.0,1.0
3509.0,5656.0,1.0
3519.0,3520.0,1.0
3519.0,5153.0,1.0
3520.0,6199.0,1.0
3520.0,6222.0,1.0
11711.0,4900.0,1.0
11711.0,6569.0,1.0
11711.0,13727.0,1.0
3523.0,3524.0,1.0
11716.0,6197.0,1.0
11716.0,7249.0,1.0
11716.0,13128.0,1.0
3524.0,5055.0,1.0
3524.0,12905.0,1.0
11722.0,3580.0,1.0
11722.0,7071.0,1.0
11723.0,5472.0,1.0
3532.0,3533.0,1.0
3532.0,4427.0,1.0
3532.0,4529.0,1.0
3533.0,4427.0,1.0
3563.0,3564.0,1.0
3564.0,6273.0,1.0
3564.0,12001.0,1.0
3565.0,5720.0,1.0
3565.0,12058.0,1.0
11760.0,4034.0,1.0
11760.0,7405.0,1.0
11760.0,13371.0,1.0
3568.0,4458.0,1.0
3568.0,5884.0,1.0
11770.0,6745.0,1.0
11770.0,11771.0,1.0
11770.0,14419.0,1.0
11771.0,7525.0,1.0
11771.0,14305.0,1.0
11771.0,12827.0,1.0
3580.0,3581.0,1.0
3580.0,4584.0,1.0
3581.0,7071.0,1.0
11776.0,6673.0,1.0
11776.0,11965.0,1.0
11777.0,11778.0,1.0
11778.0,12604.0,1.0
11778.0,14769.0,1.0
3587.0,3588.0,1.0
3587.0,4569.0,1.0
3587.0,12377.0,1.0
3588.0,3681.0,1.0
3588.0,20856.0,1.0
3588.0,20860.0,1.0
3584.0,4130.0,1.0
3584.0,5603.0,1.0
3589.0,4582.0,1.0
11784.0,4816.0,1.0
11784.0,6967.0,1.0
11793.0,12638.0,1.0
11798.0,5821.0,1.0
3609.0,3610.0,1.0
3609.0,5379.0,1.0
3610.0,5380.0,1.0
11805.0,5342.0,1.0
3615.0,5155.0,1.0
3615.0,4507.0,1.0
11810.0,12284.0,1.0
11810.0,21060.0,1.0
11813.0,11844.0,1.0
11813.0,15080.0,1.0
11820.0,15474.0,1.0
3632.0,12408.0,1.0
3632.0,6907.0,1.0
11826.0,5995.0,1.0
11826.0,11827.0,1.0
11826.0,13244.0,1.0
11827.0,13644.0,1.0
11833.0,5635.0,1.0
11833.0,5821.0,1.0
11842.0,5402.0,1.0
11842.0,7770.0,1.0
11844.0,6750.0,1.0
11846.0,11847.0,1.0
11846.0,14909.0,1.0
11848.0,5592.0,1.0
11848.0,15121.0,1.0
11850.0,7962.0,1.0
3662.0,3663.0,1.0
3662.0,6057.0,1.0
3663.0,4147.0,1.0
20047.0,6512.0,1.0
20047.0,20049.0,1.0
20048.0,7399.0,1.0
20048.0,20049.0,1.0
20048.0,20052.0,1.0
11858.0,12121.0,1.0
20051.0,4515.0,1.0
20051.0,20050.0,1.0
20050.0,4514.0,1.0
11864.0,3711.0,1.0
11864.0,16092.0,1.0
11866.0,6817.0,1.0
3675.0,3676.0,1.0
3675.0,4003.0,1.0
3676.0,4004.0,1.0
11869.0,5002.0,1.0
11869.0,12044.0,1.0
11869.0,14666.0,1.0
3681.0,12459.0,1.0
3681.0,13314.0,1.0
3686.0,3687.0,1.0
3687.0,4209.0,1.0
3687.0,4840.0,1.0
20079.0,15030.0,1.0
3696.0,3697.0,1.0
3696.0,13203.0,1.0
3700.0,3701.0,1.0
3700.0,4320.0,1.0
3700.0,7253.0,1.0
3701.0,6746.0,1.0
11897.0,12838.0,1.0
11897.0,13487.0,1.0
3705.0,13028.0,1.0
3705.0,7504.0,1.0
3711.0,3712.0,1.0
3711.0,4031.0,1.0
3711.0,4072.0,1.0
3713.0,3714.0,1.0
3714.0,7494.0,1.0
3714.0,4337.0,1.0
20104.0,14677.0,1.0
20104.0,20106.0,1.0
20106.0,15697.0,1.0
3724.0,5821.0,1.0
3724.0,6057.0,1.0
3731.0,3732.0,1.0
3731.0,4888.0,1.0
11924.0,6423.0,1.0
11924.0,11925.0,1.0
11924.0,16331.0,1.0
3732.0,5911.0,1.0
11927.0,4735.0,1.0
11927.0,6737.0,1.0
11927.0,11928.0,1.0
11928.0,13241.0,1.0
3740.0,3741.0,1.0
3740.0,4791.0,1.0
3740.0,12860.0,1.0
3741.0,13146.0,1.0
11934.0,7942.0,1.0
11934.0,12382.0,1.0
11957.0,5044.0,1.0
11957.0,14098.0,1.0
11957.0,14910.0,1.0
11965.0,6751.0,1.0
11965.0,13434.0,1.0
11971.0,11972.0,1.0
11971.0,14658.0,1.0
11972.0,6119.0,1.0
11972.0,12005.0,1.0
11973.0,3992.0,1.0
11973.0,15431.0,1.0
11973.0,15598.0,1.0
11973.0,13325.0,1.0
3783.0,3784.0,1.0
3783.0,6394.0,1.0
3784.0,7588.0,1.0
3784.0,6751.0,1.0
11979.0,4923.0,1.0
11979.0,6497.0,1.0
11979.0,13701.0,1.0
11981.0,5418.0,1.0
11981.0,6035.0,1.0
11981.0,12778.0,1.0
11982.0,4344.0,1.0
11982.0,7949.0,1.0
11982.0,13022.0,1.0
11983.0,7550.0,1.0
3798.0,7087.0,1.0
3798.0,6391.0,1.0
3804.0,4375.0,1.0
12000.0,4304.0,1.0
20193.0,3991.0,1.0
20195.0,5335.0,1.0
12006.0,3847.0,1.0
12006.0,6504.0,1.0
12007.0,12008.0,1.0
12007.0,12860.0,1.0
3816.0,3817.0,1.0
3816.0,12510.0,1.0
3817.0,6911.0,1.0
12010.0,4554.0,1.0
12010.0,13446.0,1.0
3821.0,20339.0,1.0
3826.0,3827.0,1.0
3826.0,7941.0,1.0
3826.0,4815.0,1.0
3826.0,13425.0,1.0
3827.0,4820.0,1.0
3831.0,3832.0,1.0
3831.0,4411.0,1.0
3831.0,5186.0,1.0
3832.0,4908.0,1.0
3832.0,7851.0,1.0
12025.0,4902.0,1.0
12025.0,7806.0,1.0
12025.0,12570.0,1.0
3837.0,7667.0,1.0
3837.0,5224.0,1.0
3848.0,5774.0,1.0
3848.0,7478.0,1.0
3848.0,7895.0,1.0
12048.0,6756.0,1.0
12048.0,7999.0,1.0
3857.0,3858.0,1.0
3857.0,13763.0,1.0
3858.0,5854.0,1.0
3859.0,5971.0,1.0
12053.0,5316.0,1.0
12053.0,14800.0,1.0
12053.0,13142.0,1.0
12054.0,5145.0,1.0
12055.0,7827.0,1.0
12055.0,12209.0,1.0
12058.0,5834.0,1.0
12058.0,7998.0,1.0
12058.0,12293.0,1.0
3868.0,3869.0,1.0
3868.0,7042.0,1.0
12071.0,4175.0,1.0
12071.0,5299.0,1.0
3891.0,3892.0,1.0
3891.0,7671.0,1.0
3892.0,7086.0,1.0
12083.0,14092.0,1.0
12083.0,13763.0,1.0
12095.0,4288.0,1.0
12095.0,7357.0,1.0
3906.0,1194.0,1.0
3906.0,5617.0,1.0
3906.0,6847.0,1.0
12100.0,7884.0,1.0
12100.0,12101.0,1.0
12100.0,14811.0,1.0
12101.0,7885.0,1.0
12101.0,12988.0,1.0
12101.0,12409.0,1.0
12102.0,5665.0,1.0
12104.0,5394.0,1.0
12104.0,6257.0,1.0
12111.0,5508.0,1.0
20303.0,12618.0,1.0
12118.0,7009.0,1.0
12118.0,12784.0,1.0
3927.0,3928.0,1.0
3927.0,12653.0,1.0
3928.0,7324.0,1.0
3928.0,13575.0,1.0
12121.0,7613.0,1.0
12126.0,5011.0,1.0
12126.0,12127.0,1.0
20322.0,16342.0,1.0
20322.0,20326.0,1.0
20327.0,16369.0,1.0
20327.0,20328.0,1.0
20329.0,4828.0,1.0
20329.0,7340.0,1.0
20329.0,14923.0,1.0
12142.0,4160.0,1.0
12142.0,5157.0,1.0
12142.0,12143.0,1.0
12143.0,5294.0,1.0
12143.0,20348.0,1.0
12146.0,7121.0,1.0
20339.0,13098.0,1.0
3963.0,3964.0,1.0
3963.0,6801.0,1.0
3963.0,16011.0,1.0
3963.0,12893.0,1.0
3964.0,5010.0,1.0
3964.0,4653.0,1.0
3967.0,3968.0,1.0
12161.0,14256.0,1.0
12162.0,5731.0,1.0
3975.0,4368.0,1.0
3975.0,5756.0,1.0
12171.0,4991.0,1.0
12171.0,8168.0,1.0
12172.0,12173.0,1.0
12173.0,4458.0,1.0
12173.0,15014.0,1.0
12174.0,4857.0,1.0
12174.0,7329.0,1.0
12175.0,13865.0,1.0
3984.0,3985.0,1.0
3984.0,6834.0,1.0
3985.0,7345.0,1.0
3983.0,6402.0,1.0
12182.0,7205.0,1.0
12182.0,14454.0,1.0
3991.0,3992.0,1.0
3991.0,15431.0,1.0
3992.0,6895.0,1.0
12183.0,14694.0,1.0
20380.0,5092.0,1.0
20380.0,7121.0,1.0
20380.0,14911.0,1.0
3997.0,3998.0,1.0
3997.0,6051.0,1.0
3997.0,6423.0,1.0
3997.0,5675.0,1.0
3998.0,16331.0,1.0
3998.0,5676.0,1.0
3999.0,4000.0,1.0
3999.0,7603.0,1.0
3999.0,13885.0,1.0
4000.0,5989.0,1.0
4000.0,13230.0,1.0
4003.0,4004.0,1.0
4003.0,4511.0,1.0
4003.0,7590.0,1.0
4004.0,6559.0,1.0
12208.0,5760.0,1.0
20401.0,5185.0,1.0
20401.0,20916.0,1.0
12209.0,4376.0,1.0
12209.0,6505.0,1.0
12213.0,6846.0,1.0
4024.0,7065.0,1.0
4024.0,12753.0,1.0
12222.0,12600.0,1.0
12222.0,12784.0,1.0
12223.0,4930.0,1.0
12223.0,6965.0,1.0
4034.0,5834.0,1.0
4039.0,4040.0,1.0
4040.0,6351.0,1.0
12232.0,4620.0,1.0
12237.0,7050.0,1.0
12237.0,12316.0,1.0
12237.0,12831.0,1.0
12238.0,12239.0,1.0
12239.0,14114.0,1.0
4048.0,13168.0,1.0
4048.0,14413.0,1.0
12242.0,5754.0,1.0
12242.0,13507.0,1.0
4053.0,4054.0,1.0
4053.0,4900.0,1.0
4053.0,13333.0,1.0
4054.0,12869.0,1.0
4054.0,6309.0,1.0
12247.0,6922.0,1.0
12247.0,14515.0,1.0
4061.0,4062.0,1.0
4061.0,6693.0,1.0
4062.0,4094.0,1.0
4062.0,4857.0,1.0
4062.0,13079.0,1.0
4066.0,12356.0,1.0
20450.0,20451.0,1.0
20450.0,20559.0,1.0
20450.0,20462.0,1.0
4069.0,13817.0,1.0
4072.0,14085.0,1.0
20458.0,20562.0,1.0
12268.0,6196.0,1.0
12268.0,6366.0,1.0
12268.0,7588.0,1.0
20462.0,7447.0,1.0
20464.0,15650.0,1.0
12273.0,13851.0,1.0
20465.0,20466.0,1.0
4083.0,4084.0,1.0
4083.0,14288.0,1.0
4083.0,20697.0,1.0
20466.0,6719.0,1.0
12272.0,6183.0,1.0
12272.0,7931.0,1.0
12272.0,12428.0,1.0
12284.0,4816.0,1.0
12286.0,4393.0,1.0
12286.0,7065.0,1.0
4094.0,4095.0,1.0
4094.0,5016.0,1.0
4094.0,6693.0,1.0
4095.0,13079.0,1.0
12289.0,4750.0,1.0
12289.0,12288.0,1.0
12293.0,5833.0,1.0
12294.0,6029.0,1.0
12294.0,6458.0,1.0
12294.0,21142.0,1.0
12299.0,6392.0,1.0
12299.0,13795.0,1.0
4124.0,4125.0,1.0
4126.0,4127.0,1.0
4126.0,7323.0,1.0
4126.0,5166.0,1.0
4126.0,14297.0,1.0
4129.0,4130.0,1.0
4129.0,14428.0,1.0
4130.0,6644.0,1.0
12324.0,5667.0,1.0
12324.0,6768.0,1.0
12324.0,21123.0,1.0
4133.0,4134.0,1.0
4133.0,7015.0,1.0
4133.0,13883.0,1.0
4134.0,4213.0,1.0
4136.0,4137.0,1.0
4136.0,7255.0,1.0
4136.0,5989.0,1.0
4137.0,7963.0,1.0
4138.0,7090.0,1.0
4138.0,7676.0,1.0
4138.0,7295.0,1.0
12331.0,12485.0,1.0
12330.0,14181.0,1.0
12333.0,13953.0,1.0
12336.0,4324.0,1.0
12336.0,5675.0,1.0
12336.0,6051.0,1.0
12336.0,6129.0,1.0
4147.0,4783.0,1.0
4148.0,4149.0,1.0
4148.0,14856.0,1.0
4148.0,12762.0,1.0
4149.0,5400.0,1.0
4149.0,5993.0,1.0
20534.0,15105.0,1.0
20534.0,20538.0,1.0
12339.0,16330.0,1.0
12346.0,4477.0,1.0
12346.0,7180.0,1.0
4154.0,6973.0,1.0
4154.0,13645.0,1.0
4159.0,4160.0,1.0
4159.0,7053.0,1.0
4159.0,5157.0,1.0
4160.0,12457.0,1.0
4164.0,4165.0,1.0
4164.0,6084.0,1.0
12357.0,4888.0,1.0
12357.0,4928.0,1.0
12357.0,13278.0,1.0
4170.0,4171.0,1.0
4170.0,14353.0,1.0
4170.0,7505.0,1.0
4175.0,4176.0,1.0
4176.0,12831.0,1.0
4176.0,7050.0,1.0
4185.0,4186.0,1.0
4185.0,4713.0,1.0
4185.0,6949.0,1.0
4185.0,12701.0,1.0
4186.0,5689.0,1.0
4186.0,6171.0,1.0
12379.0,7957.0,1.0
12382.0,7942.0,1.0
4193.0,4194.0,1.0
4207.0,7503.0,1.0
4209.0,4210.0,1.0
4209.0,7012.0,1.0
4209.0,6848.0,1.0
4210.0,6849.0,1.0
4214.0,4215.0,1.0
4214.0,6431.0,1.0
4214.0,7671.0,1.0
4215.0,5392.0,1.0
4215.0,6431.0,1.0
4218.0,4217.0,1.0
4218.0,7425.0,1.0
4218.0,14047.0,1.0
20599.0,4302.0,1.0
12410.0,4906.0,1.0
12410.0,12454.0,1.0
12410.0,15034.0,1.0
4229.0,7700.0,1.0
12428.0,12705.0,1.0
12429.0,13711.0,1.0
4239.0,4240.0,1.0
4239.0,6525.0,1.0
4239.0,4337.0,1.0
4240.0,4306.0,1.0
4240.0,7252.0,1.0
4240.0,4644.0,1.0
4246.0,4247.0,1.0
4246.0,13719.0,1.0
4247.0,7608.0,1.0
4247.0,20951.0,1.0
4248.0,12805.0,1.0
4249.0,4250.0,1.0
4249.0,7908.0,1.0
4250.0,5508.0,1.0
4250.0,4702.0,1.0
12442.0,5700.0,1.0
12442.0,13817.0,1.0
4253.0,5995.0,1.0
4254.0,4687.0,1.0
4256.0,4257.0,1.0
4256.0,14948.0,1.0
4256.0,6756.0,1.0
4256.0,14154.0,1.0
4257.0,5891.0,1.0
4257.0,4662.0,1.0
4261.0,4262.0,1.0
4262.0,7831.0,1.0
4262.0,13304.0,1.0
12455.0,5866.0,1.0
12454.0,5894.0,1.0
12454.0,5970.0,1.0
12454.0,8064.0,1.0
12457.0,5294.0,1.0
12459.0,7898.0,1.0
12459.0,12460.0,1.0
12460.0,7217.0,1.0
12460.0,13314.0,1.0
12461.0,4513.0,1.0
12461.0,13564.0,1.0
12462.0,14302.0,1.0
12463.0,4301.0,1.0
12463.0,15219.0,1.0
12463.0,14232.0,1.0
12463.0,14644.0,1.0
4282.0,5932.0,1.0
4282.0,14204.0,1.0
4283.0,4284.0,1.0
4284.0,14028.0,1.0
20668.0,14987.0,1.0
20668.0,20667.0,1.0
20668.0,20671.0,1.0
20667.0,20673.0,1.0
20667.0,20671.0,1.0
4287.0,4288.0,1.0
4289.0,4290.0,1.0
4289.0,13359.0,1.0
4290.0,13806.0,1.0
4290.0,4327.0,1.0
20673.0,8063.0,1.0
20673.0,14952.0,1.0
20671.0,20670.0,1.0
20670.0,8063.0,1.0
20670.0,20669.0,1.0
20675.0,20674.0,1.0
20675.0,20680.0,1.0
20675.0,20684.0,1.0
12489.0,4491.0,1.0
12489.0,12591.0,1.0
4301.0,4302.0,1.0
4301.0,15219.0,1.0
4302.0,13416.0,1.0
4302.0,15219.0,1.0
4303.0,5316.0,1.0
4304.0,4305.0,1.0
4304.0,8168.0,1.0
12498.0,5591.0,1.0
4298.0,4888.0,1.0
4306.0,4307.0,1.0
4306.0,4337.0,1.0
4307.0,4529.0,1.0
4307.0,7252.0,1.0
12506.0,4557.0,1.0
12506.0,4750.0,1.0
4319.0,4320.0,1.0
4319.0,6752.0,1.0
4319.0,5464.0,1.0
12511.0,5010.0,1.0
12511.0,5683.0,1.0
12512.0,4773.0,1.0
12512.0,6492.0,1.0
4323.0,4324.0,1.0
4323.0,5634.0,1.0
4323.0,6051.0,1.0
4325.0,4326.0,1.0
4325.0,5500.0,1.0
4325.0,5704.0,1.0
4325.0,7946.0,1.0
4326.0,7947.0,1.0
4326.0,12986.0,1.0
4327.0,4328.0,1.0
4328.0,5578.0,1.0
4328.0,5659.0,1.0
4329.0,4330.0,1.0
4331.0,6603.0,1.0
4331.0,6087.0,1.0
4336.0,4337.0,1.0
4336.0,6525.0,1.0
4336.0,7494.0,1.0
12529.0,5758.0,1.0
4344.0,6028.0,1.0
12539.0,4497.0,1.0
12539.0,12540.0,1.0
12539.0,14785.0,1.0
12540.0,4382.0,1.0
12540.0,13147.0,1.0
12548.0,6603.0,1.0
12548.0,13207.0,1.0
12551.0,5650.0,1.0
12551.0,6257.0,1.0
4367.0,4368.0,1.0
4367.0,5756.0,1.0
12560.0,16378.0,1.0
12563.0,4388.0,1.0
12563.0,7807.0,1.0
4373.0,4374.0,1.0
4373.0,5978.0,1.0
4373.0,14217.0,1.0
4374.0,7342.0,1.0
4374.0,12965.0,1.0
4375.0,4376.0,1.0
4375.0,5477.0,1.0
4375.0,13951.0,1.0
20760.0,13465.0,1.0
20760.0,13727.0,1.0
12570.0,12925.0,1.0
20759.0,13040.0,1.0
4384.0,5596.0,1.0
4384.0,13898.0,1.0
4384.0,7769.0,1.0
12577.0,12578.0,1.0
4387.0,4388.0,1.0
4387.0,7255.0,1.0
4387.0,7807.0,1.0
4387.0,6280.0,1.0
4388.0,5659.0,1.0
4390.0,4389.0,1.0
4390.0,5393.0,1.0
4390.0,12590.0,1.0
4392.0,4393.0,1.0
4392.0,7701.0,1.0
4392.0,5476.0,1.0
12587.0,5470.0,1.0
12590.0,6122.0,1.0
4404.0,4403.0,1.0
4403.0,13667.0,1.0
4411.0,6262.0,1.0
4411.0,7851.0,1.0
12603.0,7980.0,1.0
12604.0,7223.0,1.0
4424.0,4425.0,1.0
12617.0,4955.0,1.0
12617.0,5291.0,1.0
12618.0,13755.0,1.0
12621.0,7404.0,1.0
12622.0,4513.0,1.0
20817.0,14874.0,1.0
4457.0,4458.0,1.0
4457.0,12807.0,1.0
4457.0,13056.0,1.0
4457.0,7434.0,1.0
4458.0,5883.0,1.0
12653.0,4887.0,1.0
12657.0,5152.0,1.0
12657.0,13425.0,1.0
4467.0,4468.0,1.0
4467.0,13447.0,1.0
4467.0,6199.0,1.0
4468.0,7567.0,1.0
20851.0,8105.0,1.0
4471.0,4472.0,1.0
4471.0,7847.0,1.0
20856.0,20859.0,1.0
20856.0,20860.0,1.0
20858.0,4871.0,1.0
20858.0,12878.0,1.0
20858.0,20859.0,1.0
20859.0,12878.0,1.0
4476.0,4477.0,1.0
4477.0,7333.0,1.0
4477.0,7181.0,1.0
12670.0,4653.0,1.0
12670.0,7083.0,1.0
12670.0,12671.0,1.0
12670.0,16011.0,1.0
12671.0,5154.0,1.0
12671.0,13249.0,1.0
20863.0,20864.0,1.0
20863.0,20879.0,1.0
20864.0,20865.0,1.0
20864.0,21191.0,1.0
20865.0,21133.0,1.0
20865.0,21192.0,1.0
20862.0,20869.0,1.0
20870.0,6559.0,1.0
20869.0,20871.0,1.0
12680.0,8046.0,1.0
12680.0,8105.0,1.0
12680.0,13950.0,1.0
4491.0,7021.0,1.0
4494.0,5527.0,1.0
4494.0,8036.0,1.0
20879.0,13142.0,1.0
20879.0,20880.0,1.0
4497.0,4496.0,1.0
20889.0,15613.0,1.0
4506.0,4507.0,1.0
4506.0,5139.0,1.0
4506.0,13963.0,1.0
4507.0,5107.0,1.0
12701.0,5689.0,1.0
12701.0,6950.0,1.0
4511.0,7980.0,1.0
4512.0,4513.0,1.0
4512.0,13542.0,1.0
4512.0,7280.0,1.0
4513.0,13942.0,1.0
4514.0,4515.0,1.0
4514.0,4797.0,1.0
4515.0,6404.0,1.0
4515.0,6785.0,1.0
12705.0,14901.0,1.0
12709.0,5373.0,1.0
12711.0,13042.0,1.0
12714.0,13105.0,1.0
12716.0,14085.0,1.0
12716.0,16092.0,1.0
20916.0,14934.0,1.0
20916.0,15071.0,1.0
20917.0,20918.0,1.0
4534.0,4535.0,1.0
4534.0,16380.0,1.0
4535.0,4776.0,1.0
20920.0,6310.0,1.0
20918.0,14934.0,1.0
20918.0,14935.0,1.0
12731.0,6048.0,1.0
12731.0,6990.0,1.0
12732.0,6805.0,1.0
20925.0,7048.0,1.0
20925.0,20942.0,1.0
20926.0,6261.0,1.0
20926.0,20937.0,1.0
20927.0,13143.0,1.0
20927.0,20929.0,1.0
12736.0,7957.0,1.0
12737.0,4923.0,1.0
12737.0,5018.0,1.0
20929.0,20930.0,1.0
12733.0,12734.0,1.0
12733.0,14042.0,1.0
12733.0,15317.0,1.0
20928.0,13168.0,1.0
20928.0,13265.0,1.0
20936.0,20937.0,1.0
20937.0,20942.0,1.0
4554.0,4555.0,1.0
4554.0,12752.0,1.0
4555.0,13046.0,1.0
4555.0,12752.0,1.0
12744.0,5934.0,1.0
12744.0,7571.0,1.0
4558.0,4557.0,1.0
12753.0,12838.0,1.0
4557.0,4749.0,1.0
4557.0,5806.0,1.0
20947.0,20954.0,1.0
20947.0,20955.0,1.0
20948.0,20949.0,1.0
20948.0,20951.0,1.0
20949.0,20955.0,1.0
12758.0,5683.0,1.0
12758.0,6800.0,1.0
12758.0,8069.0,1.0
4567.0,4568.0,1.0
4567.0,8155.0,1.0
20950.0,5215.0,1.0
20950.0,5216.0,1.0
20950.0,8001.0,1.0
20950.0,20956.0,1.0
12762.0,5993.0,1.0
12762.0,6922.0,1.0
20952.0,20953.0,1.0
20952.0,20956.0,1.0
20952.0,20954.0,1.0
20956.0,8001.0,1.0
20961.0,6312.0,1.0
20961.0,20962.0,1.0
20957.0,20951.0,1.0
4582.0,4791.0,1.0
4584.0,4583.0,1.0
4584.0,8133.0,1.0
4583.0,6228.0,1.0
4583.0,7902.0,1.0
4583.0,5630.0,1.0
12778.0,5419.0,1.0
4594.0,4595.0,1.0
4594.0,4648.0,1.0
4594.0,6200.0,1.0
4598.0,4599.0,1.0
4599.0,13873.0,1.0
12792.0,5189.0,1.0
12792.0,14051.0,1.0
12800.0,8087.0,1.0
4613.0,4838.0,1.0
4613.0,7600.0,1.0
12806.0,12805.0,1.0
12806.0,14890.0,1.0
12805.0,6287.0,1.0
20998.0,15074.0,1.0
20998.0,20999.0,1.0
20998.0,21018.0,1.0
20999.0,21001.0,1.0
20999.0,21004.0,1.0
12807.0,5883.0,1.0
4620.0,4621.0,1.0
12809.0,4286.0,1.0
12809.0,7423.0,1.0
12809.0,13085.0,1.0
21018.0,16040.0,1.0
12827.0,6483.0,1.0
12827.0,14305.0,1.0
4640.0,4641.0,1.0
4640.0,8064.0,1.0
4640.0,14449.0,1.0
4640.0,5894.0,1.0
4641.0,16058.0,1.0
4641.0,20997.0,1.0
12836.0,12838.0,1.0
12836.0,14121.0,1.0
4644.0,4645.0,1.0
4644.0,6989.0,1.0
12838.0,7065.0,1.0
4645.0,4817.0,1.0
4645.0,6522.0,1.0
4645.0,5537.0,1.0
4653.0,4654.0,1.0
4656.0,7387.0,1.0
21046.0,6986.0,1.0
4662.0,4663.0,1.0
4662.0,14154.0,1.0
4662.0,15499.0,1.0
12857.0,5153.0,1.0
21052.0,12924.0,1.0
21052.0,21055.0,1.0
21052.0,21056.0,1.0
21052.0,21060.0,1.0
21053.0,14701.0,1.0
21053.0,21055.0,1.0
21054.0,5882.0,1.0
21054.0,14954.0,1.0
21054.0,21059.0,1.0
21056.0,5219.0,1.0
21056.0,21060.0,1.0
12860.0,13146.0,1.0
12867.0,13711.0,1.0
4679.0,4680.0,1.0
4679.0,13265.0,1.0
4680.0,13028.0,1.0
4677.0,5442.0,1.0
12874.0,7956.0,1.0
12874.0,14428.0,1.0
4686.0,4687.0,1.0
12878.0,13647.0,1.0
12885.0,7021.0,1.0
12885.0,13023.0,1.0
12893.0,5009.0,1.0
12893.0,6800.0,1.0
4702.0,4703.0,1.0
4702.0,14166.0,1.0
4703.0,5050.0,1.0
4703.0,13607.0,1.0
4706.0,4707.0,1.0
4707.0,5731.0,1.0
4707.0,5927.0,1.0
4708.0,13402.0,1.0
4713.0,7865.0,1.0
4713.0,6171.0,1.0
4714.0,4715.0,1.0
4715.0,8047.0,1.0
12908.0,12909.0,1.0
12909.0,7067.0,1.0
12905.0,5056.0,1.0
12905.0,5343.0,1.0
12905.0,7316.0,1.0
12913.0,4812.0,1.0
12913.0,5018.0,1.0
12913.0,13434.0,1.0
12918.0,4837.0,1.0
12918.0,13542.0,1.0
12919.0,6699.0,1.0
12920.0,5011.0,1.0
12920.0,7997.0,1.0
12924.0,5219.0,1.0
12925.0,14833.0,1.0
21123.0,5667.0,1.0
21125.0,5968.0,1.0
21132.0,21134.0,1.0
21133.0,21134.0,1.0
21133.0,21173.0,1.0
4750.0,4749.0,1.0
12945.0,13029.0,1.0
4749.0,7071.0,1.0
21139.0,15613.0,1.0
12949.0,12950.0,1.0
12950.0,6190.0,1.0
21142.0,6458.0,1.0
12959.0,12960.0,1.0
4769.0,4770.0,1.0
4769.0,8153.0,1.0
4770.0,7195.0,1.0
4770.0,5634.0,1.0
4770.0,8154.0,1.0
4773.0,4774.0,1.0
4774.0,6121.0,1.0
12965.0,5342.0,1.0
12965.0,5978.0,1.0
12965.0,13414.0,1.0
4776.0,5153.0,1.0
4776.0,7669.0,1.0
4776.0,12988.0,1.0
12968.0,5191.0,1.0
4783.0,7287.0,1.0
4784.0,4785.0,1.0
4784.0,5684.0,1.0
4784.0,7799.0,1.0
4785.0,6071.0,1.0
4785.0,7800.0,1.0
21174.0,6687.0,1.0
12986.0,14699.0,1.0
12981.0,7171.0,1.0
12981.0,13918.0,1.0
4796.0,4797.0,1.0
4796.0,13707.0,1.0
4806.0,4807.0,1.0
4806.0,13592.0,1.0
4807.0,7208.0,1.0
4807.0,6933.0,1.0
4807.0,13128.0,1.0
4812.0,4813.0,1.0
4812.0,5017.0,1.0
4813.0,14906.0,1.0
13005.0,5157.0,1.0
13005.0,13176.0,1.0
13005.0,14773.0,1.0
4815.0,4814.0,1.0
4815.0,5613.0,1.0
4814.0,5915.0,1.0
4816.0,5991.0,1.0
13011.0,5301.0,1.0
13011.0,6525.0,1.0
4820.0,14257.0,1.0
4817.0,4818.0,1.0
4817.0,6989.0,1.0
4818.0,7938.0,1.0
4818.0,5537.0,1.0
4827.0,4828.0,1.0
4827.0,7340.0,1.0
13022.0,16368.0,1.0
4837.0,4838.0,1.0
4837.0,6933.0,1.0
4838.0,7599.0,1.0
4838.0,7835.0,1.0
13029.0,13256.0,1.0
13033.0,6223.0,1.0
4842.0,4843.0,1.0
4842.0,5567.0,1.0
4843.0,5567.0,1.0
4843.0,8105.0,1.0
4844.0,4941.0,1.0
4844.0,7756.0,1.0
4845.0,13572.0,1.0
4845.0,14836.0,1.0
4841.0,4840.0,1.0
4841.0,6848.0,1.0
13040.0,6719.0,1.0
13040.0,14678.0,1.0
13046.0,13482.0,1.0
4857.0,4858.0,1.0
4858.0,7085.0,1.0
4858.0,13079.0,1.0
4860.0,6377.0,1.0
4860.0,6143.0,1.0
13056.0,13057.0,1.0
13056.0,13141.0,1.0
4865.0,4866.0,1.0
4865.0,6273.0,1.0
4865.0,16188.0,1.0
4866.0,5595.0,1.0
13058.0,5235.0,1.0
13058.0,7016.0,1.0
13062.0,7396.0,1.0
13062.0,15598.0,1.0
4871.0,4872.0,1.0
4872.0,7229.0,1.0
4875.0,5657.0,1.0
13068.0,6746.0,1.0
4885.0,7355.0,1.0
4885.0,7846.0,1.0
4885.0,6189.0,1.0
4886.0,4887.0,1.0
4886.0,13863.0,1.0
4886.0,8067.0,1.0
13079.0,5465.0,1.0
13084.0,13607.0,1.0
4893.0,7048.0,1.0
13088.0,13089.0,1.0
13089.0,14199.0,1.0
4900.0,13389.0,1.0
4905.0,4906.0,1.0
4905.0,6961.0,1.0
4905.0,15213.0,1.0
4906.0,5202.0,1.0
4908.0,6652.0,1.0
4908.0,7247.0,1.0
13100.0,13163.0,1.0
13100.0,14710.0,1.0
4922.0,4923.0,1.0
4922.0,5578.0,1.0
4922.0,14872.0,1.0
4923.0,5017.0,1.0
4927.0,4928.0,1.0
4927.0,14232.0,1.0
4928.0,13279.0,1.0
13121.0,6687.0,1.0
4929.0,4930.0,1.0
4929.0,5339.0,1.0
4930.0,6447.0,1.0
13128.0,6735.0,1.0
13128.0,13592.0,1.0
13129.0,7272.0,1.0
13131.0,13794.0,1.0
4941.0,6399.0,1.0
4941.0,7756.0,1.0
13142.0,13143.0,1.0
13143.0,15071.0,1.0
13146.0,13619.0,1.0
13147.0,7640.0,1.0
13147.0,16333.0,1.0
4954.0,4955.0,1.0
13161.0,5751.0,1.0
4970.0,4971.0,1.0
4970.0,6162.0,1.0
4970.0,5356.0,1.0
13163.0,5929.0,1.0
13163.0,13164.0,1.0
13164.0,14710.0,1.0
4971.0,14863.0,1.0
4978.0,4979.0,1.0
13175.0,7254.0,1.0
13176.0,5156.0,1.0
13179.0,14192.0,1.0
13181.0,5665.0,1.0
13181.0,15457.0,1.0
4991.0,4992.0,1.0
4991.0,7110.0,1.0
4992.0,6931.0,1.0
4992.0,8168.0,1.0
5002.0,7151.0,1.0
13195.0,7287.0,1.0
13195.0,7332.0,1.0
13195.0,14009.0,1.0
5009.0,5010.0,1.0
5009.0,5683.0,1.0
5010.0,14285.0,1.0
13202.0,7549.0,1.0
13202.0,13203.0,1.0
13203.0,8045.0,1.0
13207.0,13208.0,1.0
5016.0,14230.0,1.0
5017.0,5018.0,1.0
5017.0,5302.0,1.0
5015.0,5332.0,1.0
13213.0,13903.0,1.0
13216.0,6972.0,1.0
13216.0,7573.0,1.0
13230.0,13885.0,1.0
5043.0,5044.0,1.0
13238.0,13755.0,1.0
13241.0,6737.0,1.0
13241.0,14095.0,1.0
5050.0,7280.0,1.0
5050.0,13542.0,1.0
13243.0,6169.0,1.0
13243.0,14810.0,1.0
13243.0,14562.0,1.0
13244.0,14613.0,1.0
5055.0,5056.0,1.0
5056.0,5109.0,1.0
13249.0,6548.0,1.0
13249.0,7084.0,1.0
5057.0,5387.0,1.0
13251.0,8155.0,1.0
13255.0,7589.0,1.0
13255.0,7835.0,1.0
13256.0,14415.0,1.0
13256.0,16145.0,1.0
13262.0,7922.0,1.0
5075.0,5076.0,1.0
5075.0,7640.0,1.0
5075.0,5917.0,1.0
13268.0,7084.0,1.0
13268.0,13997.0,1.0
5076.0,5917.0,1.0
5080.0,5081.0,1.0
5080.0,5267.0,1.0
5081.0,5806.0,1.0
5082.0,5083.0,1.0
13277.0,13687.0,1.0
13278.0,13279.0,1.0
5092.0,5093.0,1.0
5092.0,7121.0,1.0
5092.0,16374.0,1.0
5093.0,6392.0,1.0
5093.0,13795.0,1.0
13287.0,7949.0,1.0
5101.0,5102.0,1.0
5101.0,7591.0,1.0
5108.0,5109.0,1.0
13304.0,14806.0,1.0
13311.0,7600.0,1.0
13311.0,13312.0,1.0
13312.0,16338.0,1.0
13314.0,13315.0,1.0
13315.0,13647.0,1.0
5124.0,6737.0,1.0
5124.0,14095.0,1.0
13318.0,5387.0,1.0
13318.0,5568.0,1.0
13318.0,8001.0,1.0
5138.0,5139.0,1.0
5138.0,5223.0,1.0
5138.0,6529.0,1.0
13331.0,6906.0,1.0
5140.0,5141.0,1.0
5141.0,16189.0,1.0
5141.0,16188.0,1.0
5141.0,16038.0,1.0
5142.0,5143.0,1.0
5142.0,5613.0,1.0
5143.0,7638.0,1.0
5143.0,5614.0,1.0
5143.0,13482.0,1.0
5144.0,5145.0,1.0
5145.0,5702.0,1.0
5145.0,6219.0,1.0
13333.0,6308.0,1.0
5139.0,6499.0,1.0
5151.0,5152.0,1.0
5153.0,6222.0,1.0
5154.0,6548.0,1.0
5155.0,7559.0,1.0
5156.0,5157.0,1.0
5165.0,5166.0,1.0
5165.0,14297.0,1.0
5166.0,14124.0,1.0
13359.0,13851.0,1.0
5169.0,5170.0,1.0
5169.0,7478.0,1.0
5169.0,14284.0,1.0
5170.0,5694.0,1.0
5173.0,5174.0,1.0
5173.0,7401.0,1.0
5174.0,5929.0,1.0
5176.0,5981.0,1.0
13370.0,5408.0,1.0
13370.0,5656.0,1.0
13370.0,5974.0,1.0
13371.0,7937.0,1.0
4286.0,6847.0,1.0
13373.0,13374.0,1.0
5185.0,5186.0,1.0
5185.0,6261.0,1.0
5186.0,6262.0,1.0
5189.0,5190.0,1.0
5189.0,6467.0,1.0
5190.0,14051.0,1.0
5191.0,5192.0,1.0
5192.0,13910.0,1.0
13388.0,13973.0,1.0
5202.0,6962.0,1.0
5202.0,15034.0,1.0
5206.0,5207.0,1.0
5207.0,7403.0,1.0
5215.0,5216.0,1.0
13412.0,5725.0,1.0
13414.0,7342.0,1.0
13416.0,13923.0,1.0
13416.0,14232.0,1.0
5225.0,5224.0,1.0
5225.0,5402.0,1.0
5224.0,7875.0,1.0
5224.0,7667.0,1.0
13421.0,6907.0,1.0
5230.0,5229.0,1.0
5230.0,16181.0,1.0
5234.0,5235.0,1.0
5234.0,6504.0,1.0
5234.0,13883.0,1.0
5235.0,7827.0,1.0
5240.0,5241.0,1.0
5240.0,8156.0,1.0
5240.0,5706.0,1.0
13435.0,5863.0,1.0
13435.0,13436.0,1.0
13435.0,14160.0,1.0
5241.0,5665.0,1.0
5241.0,13518.0,1.0
13446.0,5584.0,1.0
13446.0,5793.0,1.0
5256.0,5257.0,1.0
5256.0,5934.0,1.0
5256.0,7571.0,1.0
5256.0,7987.0,1.0
5257.0,7988.0,1.0
13449.0,6785.0,1.0
13455.0,7480.0,1.0
13455.0,13456.0,1.0
13455.0,14934.0,1.0
13456.0,14677.0,1.0
5265.0,8134.0,1.0
5266.0,5267.0,1.0
5266.0,13684.0,1.0
5266.0,6239.0,1.0
5267.0,13687.0,1.0
5274.0,5916.0,1.0
5274.0,14682.0,1.0
5291.0,5292.0,1.0
5291.0,8083.0,1.0
5291.0,6649.0,1.0
5292.0,6489.0,1.0
5294.0,5295.0,1.0
5295.0,7789.0,1.0
13487.0,5476.0,1.0
13487.0,13903.0,1.0
5298.0,5299.0,1.0
5302.0,6497.0,1.0
13500.0,6952.0,1.0
13500.0,7316.0,1.0
13500.0,14739.0,1.0
5315.0,5316.0,1.0
13518.0,13519.0,1.0
5327.0,7551.0,1.0
5335.0,5336.0,1.0
5343.0,5344.0,1.0
5343.0,6951.0,1.0
5344.0,6290.0,1.0
5344.0,7085.0,1.0
13539.0,5725.0,1.0
13539.0,13745.0,1.0
5356.0,14380.0,1.0
5357.0,7461.0,1.0
5357.0,7865.0,1.0
5362.0,5363.0,1.0
5362.0,15715.0,1.0
5363.0,15715.0,1.0
13564.0,14735.0,1.0
13567.0,7388.0,1.0
13567.0,7925.0,1.0
5379.0,5380.0,1.0
13572.0,13989.0,1.0
13575.0,5623.0,1.0
5387.0,5569.0,1.0
13582.0,6024.0,1.0
5392.0,7340.0,1.0
5393.0,5394.0,1.0
5393.0,6876.0,1.0
5395.0,5396.0,1.0
5396.0,7864.0,1.0
13590.0,6218.0,1.0
13592.0,6197.0,1.0
13592.0,7243.0,1.0
5400.0,14856.0,1.0
5401.0,6190.0,1.0
5401.0,14858.0,1.0
13600.0,14704.0,1.0
5414.0,5415.0,1.0
13607.0,7280.0,1.0
5418.0,5419.0,1.0
5419.0,7072.0,1.0
13615.0,6840.0,1.0
13615.0,13677.0,1.0
13632.0,13644.0,1.0
5442.0,7922.0,1.0
5442.0,5650.0,1.0
13644.0,7092.0,1.0
5454.0,5455.0,1.0
5454.0,6351.0,1.0
5454.0,14021.0,1.0
5455.0,6352.0,1.0
5458.0,13736.0,1.0
13651.0,7399.0,1.0
13651.0,7503.0,1.0
13651.0,15121.0,1.0
5463.0,5464.0,1.0
13659.0,7410.0,1.0
13659.0,13825.0,1.0
5469.0,13940.0,1.0
5470.0,5471.0,1.0
5470.0,6986.0,1.0
5470.0,15317.0,1.0
13662.0,6972.0,1.0
5475.0,5476.0,1.0
5475.0,7920.0,1.0
5475.0,7701.0,1.0
13667.0,6973.0,1.0
5477.0,14464.0,1.0
13677.0,14092.0,1.0
13678.0,13679.0,1.0
13678.0,14464.0,1.0
13679.0,14748.0,1.0
13679.0,13951.0,1.0
5500.0,7915.0,1.0
5507.0,5508.0,1.0
5508.0,14166.0,1.0
13701.0,8037.0,1.0
13701.0,14872.0,1.0
5511.0,5512.0,1.0
13706.0,13707.0,1.0
5526.0,5527.0,1.0
5526.0,8036.0,1.0
5526.0,7939.0,1.0
5526.0,13918.0,1.0
13719.0,7608.0,1.0
5527.0,7585.0,1.0
13726.0,7242.0,1.0
5537.0,5538.0,1.0
5538.0,7388.0,1.0
5538.0,6876.0,1.0
5538.0,7938.0,1.0
13747.0,14029.0,1.0
5568.0,5569.0,1.0
13761.0,6818.0,1.0
13761.0,14192.0,1.0
13769.0,7915.0,1.0
5578.0,13806.0,1.0
13771.0,13772.0,1.0
5584.0,5585.0,1.0
5584.0,14120.0,1.0
5584.0,15713.0,1.0
5584.0,7638.0,1.0
5585.0,14000.0,1.0
5585.0,15713.0,1.0
5585.0,15736.0,1.0
5586.0,5587.0,1.0
5586.0,6886.0,1.0
5586.0,7074.0,1.0
13781.0,7114.0,1.0
13781.0,7776.0,1.0
13781.0,16008.0,1.0
5591.0,5592.0,1.0
5595.0,15044.0,1.0
5596.0,5863.0,1.0
5596.0,7768.0,1.0
13794.0,13898.0,1.0
13795.0,16374.0,1.0
5603.0,5604.0,1.0
5603.0,6258.0,1.0
5603.0,6644.0,1.0
5613.0,5614.0,1.0
5613.0,7941.0,1.0
5614.0,7942.0,1.0
5617.0,5823.0,1.0
5622.0,6171.0,1.0
5623.0,6583.0,1.0
5623.0,7831.0,1.0
5630.0,6534.0,1.0
5630.0,6967.0,1.0
13825.0,13826.0,1.0
5634.0,5820.0,1.0
13826.0,5887.0,1.0
5649.0,5650.0,1.0
5655.0,5656.0,1.0
5655.0,5973.0,1.0
13848.0,6228.0,1.0
13848.0,6534.0,1.0
13848.0,7681.0,1.0
5657.0,6849.0,1.0
5666.0,6783.0,1.0
5667.0,5668.0,1.0
5667.0,7105.0,1.0
5669.0,5670.0,1.0
13865.0,6491.0,1.0
5675.0,5676.0,1.0
5675.0,6130.0,1.0
5676.0,7915.0,1.0
5683.0,7324.0,1.0
5684.0,6071.0,1.0
5685.0,5686.0,1.0
5685.0,7854.0,1.0
5686.0,6833.0,1.0
13883.0,6127.0,1.0
5694.0,14284.0,1.0
5700.0,5701.0,1.0
5700.0,6877.0,1.0
5701.0,6568.0,1.0
5701.0,14911.0,1.0
5702.0,6219.0,1.0
5704.0,5994.0,1.0
5705.0,5706.0,1.0
5705.0,6435.0,1.0
5705.0,7396.0,1.0
13910.0,14721.0,1.0
5720.0,7998.0,1.0
5720.0,6711.0,1.0
5721.0,16357.0,1.0
5721.0,6171.0,1.0
5723.0,5933.0,1.0
5723.0,14204.0,1.0
5727.0,5728.0,1.0
5728.0,14562.0,1.0
13921.0,6447.0,1.0
13921.0,6965.0,1.0
5731.0,5732.0,1.0
5732.0,5927.0,1.0
13923.0,14232.0,1.0
13936.0,14001.0,1.0
13936.0,14364.0,1.0
13940.0,14642.0,1.0
5751.0,7882.0,1.0
5754.0,5755.0,1.0
5758.0,14799.0,1.0
5760.0,5761.0,1.0
13953.0,6544.0,1.0
13953.0,7613.0,1.0
5762.0,5763.0,1.0
5762.0,7551.0,1.0
5763.0,8046.0,1.0
5774.0,7288.0,1.0
13972.0,13973.0,1.0
13973.0,16342.0,1.0
13984.0,5854.0,1.0
13984.0,16353.0,1.0
5806.0,7071.0,1.0
14000.0,14067.0,1.0
14000.0,15736.0,1.0
14006.0,6279.0,1.0
14006.0,7603.0,1.0
14009.0,7333.0,1.0
14009.0,7884.0,1.0
14009.0,14811.0,1.0
5820.0,6423.0,1.0
5820.0,7195.0,1.0
5820.0,6051.0,1.0
5823.0,1194.0,1.0
5824.0,5825.0,1.0
5824.0,6189.0,1.0
5824.0,6275.0,1.0
14024.0,6143.0,1.0
14024.0,6377.0,1.0
14024.0,6808.0,1.0
5833.0,5834.0,1.0
5836.0,5837.0,1.0
5836.0,16371.0,1.0
14031.0,7386.0,1.0
14032.0,6229.0,1.0
14038.0,14435.0,1.0
5847.0,5848.0,1.0
5854.0,16315.0,1.0
5859.0,5860.0,1.0
5866.0,5867.0,1.0
14062.0,7676.0,1.0
14067.0,6287.0,1.0
5880.0,6436.0,1.0
5880.0,8099.0,1.0
5881.0,5882.0,1.0
5882.0,6569.0,1.0
5884.0,5883.0,1.0
5884.0,7700.0,1.0
5887.0,5888.0,1.0
5891.0,5892.0,1.0
5891.0,8000.0,1.0
5891.0,6756.0,1.0
5892.0,8177.0,1.0
14091.0,6768.0,1.0
14091.0,8085.0,1.0
14095.0,7882.0,1.0
5911.0,7387.0,1.0
5914.0,5915.0,1.0
5916.0,5917.0,1.0
5916.0,7640.0,1.0
5927.0,5928.0,1.0
14120.0,14369.0,1.0
14120.0,15762.0,1.0
5928.0,14302.0,1.0
5929.0,7401.0,1.0
14124.0,14836.0,1.0
5933.0,5932.0,1.0
5933.0,6965.0,1.0
5934.0,14256.0,1.0
5932.0,6965.0,1.0
14153.0,14317.0,1.0
14154.0,16158.0,1.0
14160.0,6481.0,1.0
14160.0,16340.0,1.0
5968.0,5969.0,1.0
5968.0,8025.0,1.0
5971.0,7073.0,1.0
5973.0,5974.0,1.0
5981.0,7329.0,1.0
5981.0,14491.0,1.0
5989.0,7603.0,1.0
5989.0,6279.0,1.0
14181.0,14364.0,1.0
5991.0,5990.0,1.0
5991.0,6967.0,1.0
5990.0,7829.0,1.0
5990.0,7296.0,1.0
5994.0,5995.0,1.0
14199.0,6288.0,1.0
14199.0,14890.0,1.0
6024.0,7074.0,1.0
6028.0,6029.0,1.0
6028.0,6458.0,1.0
6028.0,6457.0,1.0
6029.0,7607.0,1.0
6034.0,6035.0,1.0
14230.0,6693.0,1.0
6048.0,6049.0,1.0
6049.0,6093.0,1.0
14256.0,7987.0,1.0
14259.0,16315.0,1.0
14261.0,14262.0,1.0
6070.0,6071.0,1.0
6070.0,7968.0,1.0
6071.0,7461.0,1.0
14262.0,7085.0,1.0
14262.0,14381.0,1.0
6087.0,6088.0,1.0
14284.0,7246.0,1.0
6093.0,14748.0,1.0
6119.0,6120.0,1.0
6121.0,15432.0,1.0
6121.0,15433.0,1.0
6122.0,6123.0,1.0
6123.0,6522.0,1.0
6127.0,6128.0,1.0
6129.0,6130.0,1.0
14322.0,14321.0,1.0
14322.0,15074.0,1.0
6150.0,14719.0,1.0
6156.0,14877.0,1.0
14353.0,6750.0,1.0
6162.0,14863.0,1.0
6162.0,14380.0,1.0
6169.0,6170.0,1.0
6170.0,14810.0,1.0
14364.0,7161.0,1.0
14369.0,7942.0,1.0
14369.0,15761.0,1.0
6183.0,6184.0,1.0
6183.0,14901.0,1.0
14380.0,7016.0,1.0
6196.0,6197.0,1.0
6196.0,7249.0,1.0
6197.0,6366.0,1.0
6198.0,6199.0,1.0
6198.0,6222.0,1.0
6198.0,7368.0,1.0
6218.0,6219.0,1.0
14411.0,7957.0,1.0
14415.0,7447.0,1.0
6223.0,7503.0,1.0
6228.0,6229.0,1.0
6229.0,8133.0,1.0
6237.0,6799.0,1.0
6238.0,6239.0,1.0
6238.0,7251.0,1.0
14435.0,15750.0,1.0
14435.0,14804.0,1.0
14441.0,14472.0,1.0
6257.0,6258.0,1.0
6257.0,14524.0,1.0
14449.0,15477.0,1.0
6261.0,6262.0,1.0
14454.0,6911.0,1.0
14464.0,14465.0,1.0
6279.0,6280.0,1.0
6279.0,7255.0,1.0
14472.0,6482.0,1.0
6287.0,6288.0,1.0
6290.0,7213.0,1.0
6308.0,6309.0,1.0
6309.0,15896.0,1.0
6311.0,6312.0,1.0
6324.0,14844.0,1.0
14524.0,7924.0,1.0
14536.0,16096.0,1.0
6351.0,6352.0,1.0
6352.0,8028.0,1.0
6352.0,8089.0,1.0
14547.0,6895.0,1.0
6366.0,7243.0,1.0
6367.0,7931.0,1.0
14565.0,6652.0,1.0
14565.0,7247.0,1.0
6391.0,6392.0,1.0
6392.0,7087.0,1.0
6394.0,6395.0,1.0
6399.0,6400.0,1.0
6399.0,7386.0,1.0
6400.0,6899.0,1.0
14597.0,16340.0,1.0
14614.0,7676.0,1.0
6431.0,6432.0,1.0
6435.0,6436.0,1.0
6436.0,7396.0,1.0
6450.0,6451.0,1.0
14644.0,8178.0,1.0
6457.0,6458.0,1.0
6457.0,14833.0,1.0
6466.0,7851.0,1.0
6466.0,7246.0,1.0
6467.0,7948.0,1.0
14671.0,7406.0,1.0
6480.0,6481.0,1.0
6480.0,6652.0,1.0
6482.0,6483.0,1.0
6489.0,4562.0,1.0
6491.0,6492.0,1.0
6499.0,6529.0,1.0
6504.0,6505.0,1.0
14697.0,6839.0,1.0
6505.0,7827.0,1.0
14704.0,7323.0,1.0
6512.0,6602.0,1.0
14710.0,6808.0,1.0
14719.0,15126.0,1.0
6532.0,6533.0,1.0
6532.0,7242.0,1.0
6533.0,6936.0,1.0
6534.0,7829.0,1.0
14730.0,7800.0,1.0
14735.0,7273.0,1.0
6544.0,6545.0,1.0
14736.0,7115.0,1.0
14736.0,7257.0,1.0
14736.0,7536.0,1.0
6558.0,6559.0,1.0
6568.0,8047.0,1.0
4562.0,4563.0,1.0
6583.0,8069.0,1.0
6602.0,6603.0,1.0
6603.0,7644.0,1.0
14803.0,14804.0,1.0
14804.0,7672.0,1.0
14806.0,7831.0,1.0
14806.0,8066.0,1.0
14809.0,7499.0,1.0
14851.0,8025.0,1.0
6673.0,6674.0,1.0
6674.0,6751.0,1.0
6676.0,6677.0,1.0
6676.0,8038.0,1.0
6677.0,7944.0,1.0
6686.0,6687.0,1.0
6699.0,6700.0,1.0
6710.0,6711.0,1.0
6710.0,7998.0,1.0
14909.0,7926.0,1.0
14909.0,14910.0,1.0
14910.0,7926.0,1.0
6718.0,6719.0,1.0
6718.0,15368.0,1.0
14923.0,8134.0,1.0
6735.0,7208.0,1.0
6735.0,7874.0,1.0
14934.0,14935.0,1.0
6746.0,7254.0,1.0
14940.0,14953.0,1.0
14940.0,14954.0,1.0
6750.0,15080.0,1.0
6750.0,7505.0,1.0
6751.0,6752.0,1.0
6752.0,7588.0,1.0
6756.0,7999.0,1.0
14948.0,16158.0,1.0
14951.0,14952.0,1.0
14952.0,14987.0,1.0
14952.0,15815.0,1.0
14953.0,14955.0,1.0
14954.0,14955.0,1.0
6767.0,6768.0,1.0
14968.0,14969.0,1.0
6783.0,6784.0,1.0
6794.0,6795.0,1.0
6794.0,7092.0,1.0
6795.0,7605.0,1.0
6799.0,6868.0,1.0
6800.0,6801.0,1.0
6800.0,7776.0,1.0
6800.0,16008.0,1.0
6801.0,16008.0,1.0
6804.0,6805.0,1.0
6805.0,7012.0,1.0
15000.0,7644.0,1.0
6817.0,6818.0,1.0
6817.0,7846.0,1.0
15014.0,15015.0,1.0
15015.0,15018.0,1.0
6833.0,6834.0,1.0
6833.0,7391.0,1.0
6839.0,6840.0,1.0
6839.0,7213.0,1.0
6839.0,6952.0,1.0
6840.0,7898.0,1.0
15034.0,15035.0,1.0
6846.0,6847.0,1.0
6848.0,6849.0,1.0
15044.0,16189.0,1.0
15045.0,15046.0,1.0
6868.0,7250.0,1.0
15074.0,15075.0,1.0
15074.0,16041.0,1.0
15079.0,7041.0,1.0
6899.0,7756.0,1.0
6906.0,6907.0,1.0
6910.0,6911.0,1.0
15109.0,7672.0,1.0
6930.0,6931.0,1.0
6932.0,7386.0,1.0
6933.0,7835.0,1.0
6936.0,7493.0,1.0
6949.0,6950.0,1.0
6949.0,7865.0,1.0
6949.0,7969.0,1.0
6951.0,6952.0,1.0
6951.0,7213.0,1.0
6951.0,7316.0,1.0
6952.0,7898.0,1.0
6961.0,6962.0,1.0
6967.0,7829.0,1.0
6972.0,6973.0,1.0
6972.0,7667.0,1.0
6989.0,7252.0,1.0
6990.0,7828.0,1.0
7009.0,7010.0,1.0
7011.0,7357.0,1.0
7015.0,7016.0,1.0
7041.0,7042.0,1.0
7048.0,7049.0,1.0
7068.0,7069.0,1.0
7068.0,7727.0,1.0
7072.0,7073.0,1.0
7073.0,16369.0,1.0
7083.0,7084.0,1.0
7083.0,7536.0,1.0
7087.0,7088.0,1.0
7091.0,7092.0,1.0
7110.0,7691.0,1.0
7114.0,7115.0,1.0
7114.0,7257.0,1.0
7115.0,16008.0,1.0
7123.0,7124.0,1.0
7151.0,7152.0,1.0
7180.0,7181.0,1.0
7205.0,7206.0,1.0
7205.0,7945.0,1.0
7206.0,7766.0,1.0
7208.0,7835.0,1.0
7208.0,7589.0,1.0
15416.0,15417.0,1.0
15416.0,15590.0,1.0
15416.0,15422.0,1.0
15417.0,15422.0,1.0
15417.0,15644.0,1.0
15418.0,7587.0,1.0
15418.0,15419.0,1.0
15418.0,15613.0,1.0
7229.0,8081.0,1.0
7229.0,7504.0,1.0
15422.0,15423.0,1.0
15423.0,15434.0,1.0
15423.0,15647.0,1.0
7232.0,7231.0,1.0
15426.0,15427.0,1.0
15426.0,16341.0,1.0
15426.0,15612.0,1.0
15427.0,15650.0,1.0
15427.0,15612.0,1.0
15431.0,15598.0,1.0
15432.0,15433.0,1.0
15434.0,15647.0,1.0
7241.0,7242.0,1.0
7246.0,7247.0,1.0
7247.0,7851.0,1.0
7249.0,7250.0,1.0
7249.0,7854.0,1.0
7253.0,7254.0,1.0
15456.0,15457.0,1.0
15456.0,16279.0,1.0
7272.0,7273.0,1.0
7287.0,7288.0,1.0
7296.0,16368.0,1.0
15499.0,15500.0,1.0
15500.0,16158.0,1.0
15513.0,15514.0,1.0
15514.0,15645.0,1.0
7332.0,7333.0,1.0
15529.0,15530.0,1.0
15529.0,15543.0,1.0
15530.0,15531.0,1.0
7355.0,7847.0,1.0
7357.0,7358.0,1.0
7357.0,7895.0,1.0
7367.0,7368.0,1.0
15569.0,15697.0,1.0
7388.0,7939.0,1.0
7399.0,7400.0,1.0
7401.0,7700.0,1.0
7404.0,7405.0,1.0
7410.0,7411.0,1.0
15612.0,15613.0,1.0
15613.0,15650.0,1.0
7425.0,7426.0,1.0
15620.0,15621.0,1.0
7447.0,7448.0,1.0
15644.0,15645.0,1.0
7456.0,7455.0,1.0
7486.0,7806.0,1.0
7493.0,7494.0,1.0
7499.0,7500.0,1.0
15696.0,15697.0,1.0
15696.0,16175.0,1.0
15713.0,15762.0,1.0
7549.0,7550.0,1.0
7551.0,8045.0,1.0
15749.0,15750.0,1.0
7562.0,7563.0,1.0
7563.0,8063.0,1.0
15761.0,15762.0,1.0
7571.0,7572.0,1.0
7573.0,7875.0,1.0
7573.0,7667.0,1.0
7587.0,7672.0,1.0
7589.0,7590.0,1.0
7589.0,7874.0,1.0
7591.0,7592.0,1.0
7599.0,7600.0,1.0
7605.0,7606.0,1.0
7607.0,7608.0,1.0
15815.0,15896.0,1.0
7669.0,7690.0,1.0
7672.0,7673.0,1.0
7681.0,16368.0,1.0
7690.0,7691.0,1.0
7727.0,8081.0,1.0
7737.0,7738.0,1.0
7738.0,7769.0,1.0
7766.0,7767.0,1.0
7766.0,8113.0,1.0
7768.0,7769.0,1.0
7770.0,7771.0,1.0
7775.0,7776.0,1.0
7775.0,8068.0,1.0
7776.0,8069.0,1.0
7799.0,7800.0,1.0
7827.0,7828.0,1.0
7829.0,16368.0,1.0
7836.0,7837.0,1.0
7846.0,7847.0,1.0
7846.0,8092.0,1.0
16038.0,16039.0,1.0
16041.0,16040.0,1.0
7861.0,7862.0,1.0
7884.0,7885.0,1.0
16092.0,16093.0,1.0
16093.0,16145.0,1.0
7924.0,7925.0,1.0
7938.0,7939.0,1.0
7938.0,8036.0,1.0
7941.0,7942.0,1.0
7946.0,7947.0,1.0
7957.0,7958.0,1.0
7962.0,7963.0,1.0
7968.0,7969.0,1.0
7980.0,8154.0,1.0
7987.0,7988.0,1.0
7988.0,7999.0,1.0
16188.0,16189.0,1.0
7999.0,8000.0,1.0
8001.0,8002.0,1.0
8045.0,8046.0,1.0
8050.0,8051.0,1.0
8064.0,8065.0,1.0
8066.0,8067.0,1.0
8068.0,8069.0,1.0
8084.0,8085.0,1.0
8089.0,8090.0,1.0
16315.0,16353.0,1.0
16320.0,16321.0,1.0
16341.0,16342.0,1.0
8153.0,8154.0,1.0
