node_id,community_id,longitude,latitude
252,0,-122.325488877273,47.6112685879909
253,0,-122.325468894927,47.61126909051795
876,0,-122.32956258836232,47.61961905285946
941,0,-122.325856102175,47.6117044268757
1245,0,-122.324332505175,47.613800400672
1246,0,-122.323725904714,47.61401351146215
1442,0,-122.324701480866,47.6104524386051
1844,0,-122.32982037158,47.6185664738031
2447,0,-122.32407331906929,47.61071793186581
2503,0,-122.324945854642,47.6112856467747
2585,0,-122.323935454219,47.610487803903
2675,0,-122.324178636004,47.61067449911141
3228,0,-122.32491424589598,47.610629639362095
3660,0,-122.32349598651427,47.61190284848705
3661,0,-122.323561656584,47.611864480542
3889,0,-122.32617015664168,47.61294139499464
3890,0,-122.322483404504,47.611377476326
3891,0,-122.322376506385,47.6112618032271
4027,0,-122.325339957278,47.6111479029485
4377,0,-122.326120601162,47.6122615762291
4389,0,-122.321889208875,47.6115773939364
4622,0,-122.326077454632,47.6119669281439
5303,0,-122.322932847029,47.6111410312439
5911,0,-122.320098400827,47.6081077346452
5912,0,-122.320650586147,47.6081069354241
6126,0,-122.32066454357,47.6092896164902
6155,0,-122.3268684458925,47.617886255057954
6156,0,-122.326857152063,47.61787387526
6267,0,-122.330359111309,47.6195959523574
6501,0,-122.32544431093169,47.6148599976481
6532,0,-122.322342411816,47.6021187789284
6671,0,-122.3215653694566,47.61038773521408
6772,0,-122.32200967096,47.602682059976
6779,0,-122.32448934506266,47.61111268383584
7038,0,-122.319604038082,47.60203836920849
7234,0,-122.325891763967,47.61167624696586
7553,0,-122.322118027757,47.602779182494
7979,0,-122.32393168773557,47.61051307213445
8035,0,-122.322547606469,47.60211450493491
8928,0,-122.323477367008,47.6124781974203
9043,0,-122.327833852519,47.6153821019216
9230,0,-122.321816229101,47.61063348523791
9684,0,-122.322043543163,47.6111586350133
9750,0,-122.3250921816805,47.610252617604246
9954,0,-122.32497007549,47.6107481776866
10170,0,-122.32193154097516,47.61156895472487
10483,0,-122.324058477654,47.6106915848226
10950,0,-122.330357579532,47.6192611772622
11926,0,-122.325153297978,47.6102562269204
12051,0,-122.322838004267,47.6117758246277
12163,0,-122.32708354789,47.6130740372739
12304,0,-122.322225351701,47.6029681542847
12323,0,-122.327527008383,47.6135657385205
12377,0,-122.325443323004,47.6138870355387
12450,0,-122.323297486429,47.61303841952239
12676,0,-122.323011722717,47.6111528273723
12732,0,-122.327077183974,47.6132630782292
12733,0,-122.327092785382,47.6132670388246
12961,0,-122.319304648514,47.6026502689115
13363,0,-122.323689471885,47.6120238768684
13677,0,-122.320629251572,47.602657331342
15158,0,-122.319729207221,47.6081076664689
15257,0,-122.32343958674,47.6136001771101
15389,0,-122.322143409766,47.6115249124168
15390,0,-122.321885533034,47.611627922382
15409,0,-122.321963181255,47.6015601251107
15835,0,-122.321980972446,47.6117517639924
16196,0,-122.3277736960762,47.616314439306215
16314,0,-122.32697094445102,47.612946871354005
16374,0,-122.32781842691266,47.6159893134816
16553,0,-122.327830875135,47.61728191932428
16713,0,-122.320631134164,47.6025270643064
16796,0,-122.320943020023,47.6080410012142
17091,0,-122.327825450341,47.615709611575
17092,0,-122.327782376979,47.6157095483026
17265,0,-122.325525420324,47.6100570118014
17706,0,-122.32353714756567,47.61245926211876
17731,0,-122.327848946227,47.6158240691288
17732,0,-122.32786602889232,47.61583111496
18102,0,-122.320099853441,47.6092901242957
18103,0,-122.319868087265,47.6092883835341
18304,0,-122.329401880621,47.6185657023204
18559,0,-122.325433543839,47.6130166957167
18793,0,-122.32622366173,47.61342404224633
18835,0,-122.326181052909,47.6130160833227
19175,0,-122.327174178924,47.61317638788879
20002,0,-122.326025515483,47.6119879512685
20192,0,-122.320638506171,47.6057921111749
21149,0,-122.32063961106,47.6046246756468
21255,0,-122.329845738443,47.6185953246108
21326,0,-122.319492136869,47.6027781719603
21327,0,-122.319479014248,47.6026494989351
22091,0,-122.31949469488,47.6010291073217
23853,0,-122.327635581286,47.6138808626098
23932,0,-122.319292869619,47.60810592512061
24089,0,-122.330978638658,47.6196168699768
24090,0,-122.33098409242253,47.6196296275233
24176,0,-122.323061709693,47.6130202915631
25035,0,-122.320989229943,47.6079862540557
25342,0,-122.3268919085485,47.61678095749655
25764,0,-122.32881536508926,47.61419499637385
25891,0,-122.320654553144,47.60864032309329
26002,0,-122.320914856969,47.6089104799643
26172,0,-122.328771666425,47.614190606363
26755,0,-122.324385095661,47.6141873284475
27006,0,-122.320640924256,47.603479145937705
27291,0,-122.319998979407,47.6034295700824
27513,0,-122.326895382388,47.6167678237819
28333,0,-122.32708957235,47.61324666501753
28671,0,-122.328221396419,47.61618898801984
29024,0,-122.323902694843,47.61052575908777
29301,0,-122.326903347052,47.61629216912834
29384,0,-122.323562915505,47.6139938437236
29829,0,-122.327822403309,47.6169261723819
30029,0,-122.328788772698,47.614219702996
30070,0,-122.324545384386,47.6112358532167
30116,0,-122.328600252809,47.6139200949266
30274,0,-122.320521080287,47.6079684411771
30384,0,-122.327997369155,47.6146657086912
30462,0,-122.328212620865,47.61594883892817
30566,0,-122.32789859664832,47.6169288527573
30611,0,-122.330610662015,47.6196147760601
31087,0,-122.327366821428,47.6136238219347
31288,0,-122.327752113071,47.6178208945661
31313,0,-122.324431783987,47.6100711624678
31327,0,-122.326690930683,47.6138011072769
31526,0,-122.325387254181,47.6136890707595
31604,0,-122.326676440572,47.61677018311966
32398,0,-122.325032859086,47.610475360965
32518,0,-122.321487893332,47.6107584652018
32559,0,-122.319145526442,47.6081443173471
32909,0,-122.325061777836,47.6102508882308
33095,0,-122.326826425896,47.61766381244447
33342,0,-122.32844849296698,47.6137886458928
33416,0,-122.317960801708,47.6081399585887
33743,0,-122.330984681361,47.6197493226436
33827,0,-122.331363447175,47.6197484079967
33885,0,-122.321401435655,47.6104550575748
34010,0,-122.32012638717468,47.608145854208736
34296,0,-122.327793996834,47.6149194965419
34505,0,-122.32540323833132,47.61389266406507
34658,0,-122.33105746434,47.6195001576854
35322,0,-122.327079650117,47.6129487414102
35691,0,-122.326626251644,47.6182169167944
35776,0,-122.323765255722,47.6103750738648
35882,0,-122.320582790909,47.6045455470524
36322,0,-122.320085334502,47.6086769228973
36434,0,-122.326211467942,47.6107566299386
36554,0,-122.326921590524,47.6163126775734
36675,0,-122.327828680556,47.6158244366932
36803,0,-122.320918799072,47.6091706086682
36928,0,-122.319667556111,47.602051478018
36929,0,-122.326895672617,47.6161260201086
36960,0,-122.326900020569,47.6177844163844
37012,0,-122.324028401956,47.6107271599666
37267,0,-122.323267158807,47.6130759712299
37435,0,-122.330577222364,47.6197503109326
37558,0,-122.328018758251,47.6147979089791
34,1,-122.34880321643,47.7732053829851
35,1,-122.34868892573802,47.7732053735194
88,1,-122.347227322768,47.7722508387612
107,1,-122.34658593736432,47.7740911968998
303,1,-122.36393374898,47.7755925314464
399,1,-122.35270989623366,47.77482327773243
641,1,-122.346110814233,47.7674443347908
985,1,-122.35007493013602,47.7741048395448
986,1,-122.350072900399,47.7740649726043
1035,1,-122.346143052944,47.7674437873124
1129,1,-122.345231112482,47.7705144625364
1327,1,-122.346951405827,47.7732892268512
1494,1,-122.346140844418,47.768900741637694
1876,1,-122.3461796354872,47.77363452411426
2093,1,-122.34586197954248,47.7739303445398
2121,1,-122.346143209822,47.77403461099405
2310,1,-122.348068500362,47.76773241769521
2809,1,-122.3537676741732,47.7769302647108
2810,1,-122.353573613471,47.776906371382
3355,1,-122.346140602629,47.7739005486096
3494,1,-122.34616522479315,47.772819291691015
3645,1,-122.348912818723,47.76682481236978
3755,1,-122.354753971857,47.774083708086
3936,1,-122.345015763264,47.77228777721
4086,1,-122.34800672375434,47.76531692304193
4165,1,-122.34615984087574,47.77013006644152
4399,1,-122.353683983856,47.7740947294823
4582,1,-122.363920393608,47.7769097909564
4660,1,-122.35142125585266,47.77725797515483
4986,1,-122.3489991503694,47.76761323119624
5135,1,-122.346109987105,47.7679935635025
5366,1,-122.34668406054766,47.77769154745977
5480,1,-122.346139170217,47.77219916117681
5666,1,-122.357222281982,47.7740804286667
5899,1,-122.346165027694,47.77341648730415
5954,1,-122.346308555475,47.7770682900287
5990,1,-122.3458031447474,47.77214726626208
6437,1,-122.357227070254,47.7740430147788
6438,1,-122.357213277337,47.7741228367646
6687,1,-122.351373407825,47.7763115927098
6797,1,-122.346340114083,47.77687563392467
7254,1,-122.346321829398,47.7765269033302
7989,1,-122.35720147459269,47.77459621703003
8030,1,-122.351322340058,47.7749855778409
8127,1,-122.347241934625,47.76786336018
8338,1,-122.345783645547,47.7706145354782
8399,1,-122.348719220752,47.7722630529218
9004,1,-122.351320389321,47.7740970595212
9136,1,-122.345134736148,47.7721908814148
9175,1,-122.348776683471,47.7741029566923
9260,1,-122.36469495246432,47.7763693079418
9816,1,-122.35137199433102,47.7760226824309
10069,1,-122.361364122177,47.7765826119823
10070,1,-122.36124237191234,47.7772001474497
10198,1,-122.3463147473,47.77667915366512
11169,1,-122.353779235304,47.777302164758645
11642,1,-122.35121832316868,47.770897792086295
11832,1,-122.35577258172198,47.7740918242701
11879,1,-122.348739411784,47.77319213113801
12168,1,-122.346156141318,47.7688958098054
12306,1,-122.359032264635,47.7740955518141
12891,1,-122.34832538468466,47.76937910286024
12892,1,-122.3486613403,47.769114098434194
12998,1,-122.344839869424,47.7705157671128
13401,1,-122.348657444911,47.7722766075248
13402,1,-122.34812083255632,47.772284185302
13555,1,-122.347411854876,47.7732733578139
13939,1,-122.35124276025,47.7722729004943
14046,1,-122.348681591957,47.7705479621382
14097,1,-122.351403057915,47.77680564205354
14513,1,-122.36387907397,47.7758493568798
14774,1,-122.349302633461,47.7668199686846
14819,1,-122.347633585568,47.770553526491
14974,1,-122.353700072123,47.7740610325918
15300,1,-122.35132043088132,47.7740541397604
15372,1,-122.36391141846498,47.77767480051741
15460,1,-122.361354363134,47.77594395880581
15603,1,-122.365046352581,47.77768804804714
16021,1,-122.3536996244648,47.77461546012342
16237,1,-122.35946976122,47.7754576034444
16254,1,-122.3537609294218,47.77649484212351
16255,1,-122.353805847703,47.7764928454199
16413,1,-122.35474095163634,47.7729764653299
16599,1,-122.364113150555,47.7769044609109
16787,1,-122.348962415175,47.7687243478516
17019,1,-122.355961750523,47.7765455209126
17682,1,-122.355875867014,47.7772839650743
18152,1,-122.355822562547,47.7753798459021
18200,1,-122.35131445268732,47.77367212683203
18426,1,-122.351591477944,47.77702330769
18716,1,-122.353725714191,47.7757450184234
19446,1,-122.361252854981,47.7754867373035
19547,1,-122.35345453663,47.7728309465537
19710,1,-122.34990523618836,47.76871647261527
20851,1,-122.34757789217969,47.7750113163238
21095,1,-122.35942171423432,47.7750517718301
21163,1,-122.353550729638,47.77560250273757
21405,1,-122.353784413662,47.7757440116497
21482,1,-122.34614720253084,47.77195722701338
21887,1,-122.360834266803,47.7776858979985
22760,1,-122.3454441788971,47.76772291169905
23096,1,-122.350630842768,47.7768812217645
23933,1,-122.347259663792,47.7702469587803
26718,1,-122.345858558024,47.7725873932311
27629,1,-122.347241934581,47.7702641361314
28339,1,-122.34586781465454,47.77313053295308
28789,1,-122.35166915118332,47.776159896557736
29387,1,-122.34515288675966,47.77219945962267
29851,1,-122.347147514969,47.7755474644907
29885,1,-122.347272527794,47.7702589917601
29936,1,-122.347916005547,47.76824417822864
30912,1,-122.344782988961,47.7740770909561
31483,1,-122.34615373490264,47.77173247193214
32341,1,-122.3458699484296,47.77337704467922
32415,1,-122.346216127044,47.7709912053495
32645,1,-122.345787973801,47.772587811387
33034,1,-122.34580681925,47.7763122499072
33209,1,-122.359444353116,47.7735751333646
33274,1,-122.346119685652,47.7649226147198
35147,1,-122.36514821859168,47.77549536583626
35503,1,-122.345823639935,47.7731320701896
35509,1,-122.36260809431764,47.7750264041783
36460,1,-122.347220464466,47.7702566874394
36967,1,-122.346236946371,47.7710068758021
37607,1,-122.343733968508,47.7676995222678
113,2,-122.350950592714,47.7555593853645
114,2,-122.35094718899,47.75526282845019
541,2,-122.352706985667,47.7559520037909
688,2,-122.358552355537,47.757489733537
1385,2,-122.353791275481,47.75286695703371
2108,2,-122.350937841119,47.7549504431403
2152,2,-122.348533979745,47.7451281810138
2153,2,-122.347933339579,47.7451427869429
2252,2,-122.353370442115,47.7559847699348
2905,2,-122.35854909086702,47.7568551349556
2960,2,-122.353095387884,47.7541898935801
3137,2,-122.350917165004,47.7541742534047
3710,2,-122.34796143616,47.7460223848482
4288,2,-122.347985261018,47.74692090928389
4575,2,-122.355764596763,47.755995498306
5679,2,-122.35076051683798,47.74691290754921
5797,2,-122.347952045857,47.7456781739973
5963,2,-122.351916865444,47.7449565475267
7887,2,-122.358536985586,47.7560081163862
7945,2,-122.35397556139134,47.7508991236278
7946,2,-122.3539820687426,47.75233813915942
7947,2,-122.354187385843,47.7519358827665
8506,2,-122.349153819396,47.7469168161168
8804,2,-122.357111827021,47.75391485698677
9702,2,-122.353339993195,47.75365699260192
10256,2,-122.350917758902,47.7534147455606
10706,2,-122.35425960048566,47.76320337326254
10720,2,-122.35118317228,47.760841974991
10839,2,-122.35634364972002,47.7559960514512
11555,2,-122.353375737506,47.756344657664265
12027,2,-122.346749785633,47.7469194014046
12028,2,-122.346180700174,47.74692103704303
12268,2,-122.35538164736532,47.75903005616883
12704,2,-122.353727390353,47.7528819220353
13000,2,-122.353004507564,47.7615007120558
13303,2,-122.355364538267,47.76293229208293
14091,2,-122.35477922862,47.7600179634991
14092,2,-122.35461540745666,47.76028619050194
14371,2,-122.347898876283,47.7451411643804
15378,2,-122.35183812784366,47.755936215892326
16244,2,-122.350859419143,47.7509198957035
16726,2,-122.354211978862,47.7549046550502
16901,2,-122.354618975246,47.7589754555841
17608,2,-122.35302059153234,47.76297596961982
18194,2,-122.356482812083,47.75216317616687
18501,2,-122.35111515519566,47.7469059016836
18804,2,-122.356498913546,47.7532722224241
18832,2,-122.3547563929246,47.7596708375457
18959,2,-122.354307168058,47.758413255752295
18973,2,-122.35515190465166,47.75965927125477
20188,2,-122.358602249634,47.7566472556618
20502,2,-122.35201517627333,47.75284208434553
20911,2,-122.35229622312,47.7519437230804
21102,2,-122.35629253511632,47.75739104012837
21105,2,-122.354793205889,47.760941304474514
22067,2,-122.34934331323234,47.7477732023227
22310,2,-122.35418826731,47.752330954856
22718,2,-122.354846721007,47.7613321386272
22930,2,-122.350829140108,47.7496988996321
23751,2,-122.357628087546,47.7530609424787
23841,2,-122.35347807486768,47.758364036258335
24025,2,-122.35377234169232,47.75898838220667
24829,2,-122.354257023668,47.761332229569
24929,2,-122.35853903856469,47.75550554585064
25199,2,-122.353908893755,47.75288249415826
25343,2,-122.355762909678,47.7560196752281
26885,2,-122.347920957419,47.7460164829551
30142,2,-122.348511574699,47.7449630901603
33094,2,-122.354848131541,47.7607315340531
33596,2,-122.348162375776,47.7459175799224
34267,2,-122.346743135277,47.7469515831546
35720,2,-122.34744937957,47.7449654331806
36537,2,-122.348833052873,47.7558415180818
37140,2,-122.351107360474,47.7534131257064
12,3,-122.309073099935,47.6065988862892
422,3,-122.31992961348747,47.6062857109356
426,3,-122.311598803587,47.6084578753186
427,3,-122.311598674293,47.6084467905263
686,3,-122.319459610648,47.6040250611942
744,3,-122.322142929393,47.6059560414385
745,3,-122.321991099121,47.6057323569114
768,3,-122.311608582207,47.6091505155435
932,3,-122.317296281483,47.6001070806065
960,3,-122.322315044706,47.604655537331006
975,3,-122.30626577769868,47.60860560061201
1432,3,-122.30886139161947,47.60794944755114
1433,3,-122.308707122886,47.6079580694336
1479,3,-122.310174905676,47.6062339040512
1734,3,-122.304390836325,47.6058024380923
1811,3,-122.31771329202942,47.60007156496401
1974,3,-122.308844429429,47.6091420114609
1975,3,-122.308853956383,47.6094779878313
2797,3,-122.322041981484,47.6057593289213
3160,3,-122.304930732557,47.6062199242921
3161,3,-122.304398685403,47.6062119345477
3348,3,-122.31818033665802,47.60578652408029
3453,3,-122.31164596412698,47.60836305252641
4103,3,-122.310202908704,47.6079269494368
4160,3,-122.318173844981,47.603311071158
4289,3,-122.318777341927,47.6051599352127
4356,3,-122.311588267316,47.6075505015153
4357,3,-122.311603025853,47.6079655467244
4405,3,-122.31806264931,47.6062963049572
4651,3,-122.305715384508,47.6079593790008
4988,3,-122.304347732393,47.6058188346313
4997,3,-122.320017902317,47.6062644329913
5005,3,-122.304953378328,47.6059812908682
5014,3,-122.319956521658,47.6063002075715
5105,3,-122.318236275851,47.6032768532877
5465,3,-122.318085462806,47.6062574152429
5466,3,-122.317586552411,47.606256573449095
6134,3,-122.31538345723702,47.6062636786916
6322,3,-122.311620368316,47.6083541023867
6583,3,-122.316681741567,47.6027091593005
6767,3,-122.319543280058,47.6039056031422
6902,3,-122.308867655448,47.6062259536546
7246,3,-122.303837859673,47.60621125442359
7247,3,-122.303445733153,47.60621605022751
7283,3,-122.31027888373768,47.6100329611023
8180,3,-122.31879277580832,47.60348153097967
8181,3,-122.318178631067,47.6034814865131
8265,3,-122.31895196495002,47.60515765522981
8291,3,-122.323621429768,47.6060865677099
8475,3,-122.32108202342634,47.6047994223646
8516,3,-122.316676629547,47.604908355606895
8837,3,-122.306250198226,47.6061747206936
8864,3,-122.318694690558,47.6051308551026
8962,3,-122.306258758017,47.6079537021627
9138,3,-122.312771905743,47.6100651472349
9139,3,-122.317975323308,47.6057037954072
9281,3,-122.312771535434,47.6091643183801
9315,3,-122.318512361205,47.6001427227203
9319,3,-122.306232506354,47.60621646619959
10058,3,-122.3140670199446,47.60916499744408
10081,3,-122.314715515455,47.6062560781294
10343,3,-122.3228104404796,47.60838299862978
10378,3,-122.310300272171,47.6091494828782
10592,3,-122.311673441982,47.6082814255741
10740,3,-122.31491876574,47.6060882236004
11052,3,-122.322901301784,47.6084783797439
11677,3,-122.30887414857598,47.6065423722601
11747,3,-122.320882192787,47.6062399392652
11921,3,-122.31823318221234,47.6039446566301
12382,3,-122.319503684504,47.6062583390422
12466,3,-122.323553675941,47.6070919164269
12677,3,-122.31666288452,47.6047078855587
12678,3,-122.316677061427,47.6043011884484
12711,3,-122.321598302985,47.6059383224794
12835,3,-122.3253116243154,47.60526420863523
12836,3,-122.325404513954,47.6053870112581
12992,3,-122.31749197527232,47.60348397796583
13212,3,-122.317104752382,47.6062542898077
13255,3,-122.303815477709,47.60657357049811
13281,3,-122.322919264648,47.6077067872562
14158,3,-122.31018430511136,47.605585229984
14345,3,-122.32005498808668,47.60561976737233
14346,3,-122.320055314172,47.6052755665425
14411,3,-122.328608333446,47.6057099539211
14479,3,-122.31489533806332,47.6022887077996
14526,3,-122.31817496898002,47.6039450990651
14576,3,-122.31496455239431,47.59995972505416
14700,3,-122.319910682228,47.6062825123726
14900,3,-122.31066996466102,47.60796822996739
14916,3,-122.325541629021,47.60652059237939
15126,3,-122.316677044961,47.6064571716259
15139,3,-122.310164333398,47.608529540543294
15580,3,-122.319446483642,47.6034861880771
15661,3,-122.320030635985,47.6061194236884
15768,3,-122.32491879744002,47.6065307437891
15769,3,-122.325299126513,47.6063753501204
15807,3,-122.311542623292,47.610795047965
15903,3,-122.31690209291166,47.611820513300735
16141,3,-122.324942103004,47.6055225452596
16931,3,-122.317477424977,47.604345856756
17023,3,-122.31817117336702,47.6030985567531
17103,3,-122.323667378649,47.6029863835456
17440,3,-122.325775518541,47.60677198544147
17558,3,-122.32478990182,47.6054148378848
17688,3,-122.32327047232,47.6088464813289
17740,3,-122.31668110414,47.60768334245379
18017,3,-122.31277972874068,47.60835299556687
18248,3,-122.31738905138953,47.60263101556943
18298,3,-122.317002662847,47.5999622060936
18331,3,-122.32360368606936,47.6075451798862
18390,3,-122.31817838405,47.6051543780763
18654,3,-122.324599089592,47.6062088394928
18655,3,-122.32439646365766,47.60600135824144
18857,3,-122.317448057813,47.6026596131573
19013,3,-122.317292965925,47.6007406272688
19022,3,-122.317493638489,47.6043039256536
19183,3,-122.314778166707,47.6091672065511
19184,3,-122.314380600903,47.6091664598928
19214,3,-122.324259894781,47.60680311944
19215,3,-122.324119237649,47.60666211013611
19235,3,-122.316674424761,47.6091685231288
19310,3,-122.31745382204036,47.60376944946653
19542,3,-122.322667332899,47.6034142493248
19572,3,-122.317350702221,47.6008140952549
19708,3,-122.31948990283,47.6057925269673
19742,3,-122.318763269553,47.6059363382705
19856,3,-122.316685655006,47.6084691262887
19945,3,-122.323100948558,47.6072862207295
19946,3,-122.323300679368,47.6071932448127
19984,3,-122.30439104118,47.60550992835734
20112,3,-122.31494185157432,47.605847463776136
20325,3,-122.304396429997,47.60658677888183
20905,3,-122.304400894256,47.60616729709161
21062,3,-122.31406303249766,47.60829882823074
21236,3,-122.32005429301834,47.60495024060089
21378,3,-122.310368123621,47.6082595255488
21776,3,-122.321939703785,47.60424636185619
21818,3,-122.32292398811,47.6053969109548
21910,3,-122.306262133602,47.6058268871389
22311,3,-122.316630137142,47.6104510890988
22832,3,-122.32604788099,47.6060516036633
22986,3,-122.324400906814,47.6067446235186
23517,3,-122.311413056049,47.6072483800737
23785,3,-122.31746451417769,47.60577782494753
23787,3,-122.322981091683,47.605388104675306
23870,3,-122.32282450053934,47.60446288339224
23967,3,-122.327144809703,47.6056055512036
24060,3,-122.325375184527,47.6063393548691
24489,3,-122.321329972238,47.606049052642994
24500,3,-122.316678652676,47.6088180388892
25157,3,-122.321678300181,47.6039556828455
25237,3,-122.32602787418732,47.60494295856977
25288,3,-122.316681442999,47.6024346961448
25812,3,-122.31729488411,47.5999404866866
26022,3,-122.3229134874569,47.606738179702326
26044,3,-122.324271343309,47.6058126869113
26199,3,-122.316663438865,47.6119422031659
26200,3,-122.316664106262,47.61176798548869
26348,3,-122.32693310628022,47.6064258222836
26865,3,-122.315688071095,47.6027207115088
26940,3,-122.316683013624,47.6097284403694
27063,3,-122.306642233774,47.6079523392687
27635,3,-122.318110024624,47.600108449041
27940,3,-122.322659145398,47.6082008952755
28250,3,-122.311635688416,47.6074405398783
28251,3,-122.31168021628,47.6073953926148
29211,3,-122.321800701763,47.6059081194141
29793,3,-122.319989175372,47.60630027613
29955,3,-122.327024423959,47.6054846270923
30026,3,-122.321905366473,47.6042902604151
30506,3,-122.316942105366,47.6087760328452
31049,3,-122.322003868194,47.6074475149827
31094,3,-122.324093161126,47.6066848895744
31417,3,-122.317376346431,47.602645518136
31891,3,-122.316941351917,47.6104480337673
31930,3,-122.321279262476,47.6059134734079
31979,3,-122.322927611961,47.6054367393788
31982,3,-122.302527093147,47.6023457302992
32110,3,-122.320107968476,47.6058192717578
32409,3,-122.316942266836,47.6091752565612
32447,3,-122.302655734336,47.6062293921761
32870,3,-122.317373220142,47.602634609995
32980,3,-122.317874130889,47.602611174429
33163,3,-122.312528222909,47.6079507615036
33375,3,-122.32341613311456,47.60717340626984
33376,3,-122.323385791628,47.6072184627702
33884,3,-122.31688299359432,47.60639501384424
33902,3,-122.314419039028,47.6091266036035
34155,3,-122.324856577174,47.6066035250249
34255,3,-122.32549565874866,47.60653926794603
34336,3,-122.315686061063,47.6026072458273
34378,3,-122.303918221421,47.6152090416935
34392,3,-122.316848186189,47.599925466258
34671,3,-122.314834000402,47.6093092383762
34679,3,-122.317407366312,47.6032709908853
35612,3,-122.32461178958766,47.60620221360483
35618,3,-122.317376371431,47.6026217160992
35636,3,-122.321692661012,47.60771360551
35877,3,-122.319280355715,47.6055970911947
36189,3,-122.323171480284,47.6089957874788
36315,3,-122.311412546645,47.6073199143836
36340,3,-122.31661788456,47.6075421453198
36387,3,-122.316435680054,47.6065278371033
36503,3,-122.316617775151,47.6084844006621
36801,3,-122.31660585868268,47.61183808238133
37044,3,-122.319914702654,47.6062199795645
37057,3,-122.31662405240355,47.611845366466255
37264,3,-122.324346136532,47.6058297786906
37370,3,-122.316618802991,47.6049192317031
37471,3,-122.316943976417,47.6022616791254
37562,3,-122.316617455298,47.6098872631823
37617,3,-122.316943174583,47.6047206950187
37625,3,-122.310098665874,47.6085288320595
60,4,-122.337413697827,47.6477226241553
125,4,-122.34582843189077,47.64943968321164
365,4,-122.342626261204,47.6490009365447
398,4,-122.330186840981,47.6556335806353
407,4,-122.3425150769654,47.6512748450222
785,4,-122.350572190796,47.65149046700011
933,4,-122.332481638088,47.6480757990959
1084,4,-122.352112773573,47.6498885914835
1133,4,-122.34978930650202,47.65137697550259
1196,4,-122.344116571125,47.6505997649468
1210,4,-122.3447894203018,47.64969880759882
1431,4,-122.352173619865,47.6498878172565
1728,4,-122.338580643884,47.6479747827292
1797,4,-122.33019052419668,47.6553856270882
2087,4,-122.338581272196,47.6480061798588
2229,4,-122.346960614789,47.6495931468756
2359,4,-122.33267516986,47.6478331647056
3062,4,-122.344108088218,47.6527512195942
3148,4,-122.34920817532634,47.65034483528786
3192,4,-122.34476270559,47.6506426243945
3502,4,-122.336256022838,47.6492563831874
3593,4,-122.349778683022,47.6509046090792
3594,4,-122.349815522675,47.6512217747887
3779,4,-122.340217035418,47.6480991643345
3962,4,-122.351857021924,47.6498615488299
4015,4,-122.33977208935433,47.648030379022565
4093,4,-122.346607904102,47.6541619657505
4094,4,-122.346016626027,47.6541586972194
4110,4,-122.340200717274,47.6491805167376
4206,4,-122.34660461775302,47.65293539148166
4280,4,-122.346641747643,47.6558917030489
4282,4,-122.3468273401363,47.64958052777046
4487,4,-122.340898055071,47.6478076618561
4702,4,-122.34473922317,47.6554230033639
4703,4,-122.339137939104,47.6475467620123
4821,4,-122.3479859671506,47.6510934947071
4896,4,-122.335234442868,47.6479847851769
4931,4,-122.326273216225,47.6554572003399
4971,4,-122.346620514007,47.65501162359211
5006,4,-122.345743388763,47.6494101656901
5123,4,-122.343427765708,47.652745098795
5217,4,-122.333143668854,47.64810142881
5558,4,-122.349439798029,47.6500107357125
5559,4,-122.344749954224,47.6527940023724
5746,4,-122.342493400678,47.6519282390906
5883,4,-122.342436721879,47.6527434592936
5925,4,-122.336238668392,47.648333876375
5945,4,-122.343059580694,47.6485088247234
6340,4,-122.349282548848,47.6512955295572
6980,4,-122.332494841806,47.6481188908674
7097,4,-122.345807508456,47.6494351719235
7523,4,-122.342077472891,47.6492377407116
7649,4,-122.359146736207,47.6526288780423
7678,4,-122.345799011956,47.64946346341
7792,4,-122.352610291834,47.649958592135
7842,4,-122.349827831594,47.6513454694916
7867,4,-122.338629265746,47.6526564778151
7889,4,-122.3433358226708,47.648555099474265
7910,4,-122.342656689525,47.6484459093349
8424,4,-122.34019000159368,47.65032077248557
8657,4,-122.332736041778,47.649914319155336
8798,4,-122.330759471946,47.6505650277017
8933,4,-122.35766586001098,47.65186442016161
9024,4,-122.342611303156,47.6493427294344
9029,4,-122.332806039115,47.648828809332
9086,4,-122.344067757194,47.653214124016
9390,4,-122.337616817266,47.6473204750282
9514,4,-122.337611418122,47.6476421507042
9553,4,-122.344106935959,47.6494379899609
9606,4,-122.32631584367898,47.65558321294029
9607,4,-122.325604345888,47.6557103123649
9628,4,-122.349744451842,47.650618498172
9630,4,-122.331946551035,47.6489473983295
9643,4,-122.34531928129466,47.6518943921036
9706,4,-122.349397863753,47.6511752605146
9753,4,-122.34666516255702,47.6508962599674
10196,4,-122.34080914837568,47.65055527469186
10342,4,-122.343620202108,47.6554196806247
10674,4,-122.34282445085,47.6512764783752
10707,4,-122.330170426898,47.6567306613487
11048,4,-122.33881601349,47.648178316436464
11070,4,-122.3466553865,47.6495472644149
11145,4,-122.33277258167,47.6489306344873
11205,4,-122.345869838456,47.6494729213747
11206,4,-122.345852173185,47.6494701991098
11305,4,-122.334001839481,47.6479829509542
11374,4,-122.344113205372,47.6495959705287
11375,4,-122.34466700635,47.6496799999831
11376,4,-122.356126141093,47.6511317296927
11609,4,-122.342680507292,47.6480836646683
12016,4,-122.344113609151,47.64911463341347
12503,4,-122.337418553922,47.6472312213079
12550,4,-122.344102965113,47.6507763557257
12599,4,-122.342546410935,47.6505935754734
12624,4,-122.352082176094,47.6498576659936
12730,4,-122.331989399498,47.6489561024097
12809,4,-122.336212269155,47.6484745677776
12833,4,-122.352133422767,47.6498654756655
12847,4,-122.32561843743264,47.65442891818134
13067,4,-122.33878226785232,47.64846671529009
13160,4,-122.346611661005,47.6541222195186
13695,4,-122.346018102153,47.6541202723184
13977,4,-122.33624731804431,47.6502210861774
14247,4,-122.341423813201,47.6505928617864
14850,4,-122.334195520628,47.6469734571673
15132,4,-122.344091578261,47.65159047719019
15366,4,-122.333988621963,47.647658819587
15379,4,-122.353668906831,47.6502010831146
15721,4,-122.349723740511,47.6508972478776
15787,4,-122.33627922496198,47.6479768971468
15847,4,-122.334316980768,47.646811274784
15876,4,-122.341434738178,47.6482711833711
16242,4,-122.34536530864098,47.6507038742798
16263,4,-122.338775725456,47.649148223413
16264,4,-122.33812901825966,47.64916644100557
16330,4,-122.338673491583,47.6468369154425
16669,4,-122.341452038892,47.649190790068
17148,4,-122.345564455883,47.652774070990496
17276,4,-122.337623175372,47.6479984760173
17282,4,-122.337625465149,47.64682101927141
17437,4,-122.33940467313,47.6491718254367
17509,4,-122.33518236458968,47.650200467284265
17539,4,-122.33978745639833,47.65054839407927
18566,4,-122.34544440835968,47.65659257282937
18567,4,-122.34603150374,47.65356355777863
18647,4,-122.336926902649,47.6491605668915
18682,4,-122.344741634134,47.6541638151206
18795,4,-122.33759972199869,47.6483384847709
19681,4,-122.341396006367,47.6523792508296
19738,4,-122.336274651116,47.6482775799529
20046,4,-122.34547464968632,47.6485076371441
20453,4,-122.333938137749,47.65027358853846
20512,4,-122.34683020771666,47.64910374218547
20798,4,-122.345923149561,47.6517415469724
20938,4,-122.33756554195,47.64617084029501
21096,4,-122.346013074792,47.6565753235739
21150,4,-122.333169829981,47.6479460587165
21494,4,-122.360993920437,47.6536864577765
21803,4,-122.33573880869834,47.649232395447534
21860,4,-122.356067640201,47.6512409249853
21897,4,-122.346581429954,47.6550256166985
22823,4,-122.34924855572366,47.65380565549947
22908,4,-122.34644159978,47.64995003465644
23619,4,-122.34799482071666,47.652790161726
23660,4,-122.34791198887268,47.65181737508386
23695,4,-122.343189711071,47.6494651446502
24319,4,-122.346004809032,47.657641080545496
24441,4,-122.330646299397,47.65673107986576
24473,4,-122.34083843580198,47.6477611095472
24605,4,-122.349258723994,47.65277577166321
25188,4,-122.32962824972869,47.65671385089217
25212,4,-122.343584433929,47.6527898751081
25430,4,-122.349811953339,47.6536363151192
25495,4,-122.346593906358,47.65742183914683
25543,4,-122.359515459573,47.6529363651836
26552,4,-122.341427675482,47.6484216779445
27479,4,-122.355975000478,47.6512204874315
28604,4,-122.334068020077,47.6467830419291
30670,4,-122.334193219001,47.64678426750479
31023,4,-122.336665288112,47.6481290216497
31810,4,-122.34657561003034,47.6519782882302
32891,4,-122.343623374864,47.654154501910966
34007,4,-122.342423181268,47.652019192844
34811,4,-122.34414404829266,47.651581292507935
34952,4,-122.346691364286,47.6530984255701
35092,4,-122.350547999927,47.6516534459129
35265,4,-122.332643492319,47.6478105522252
35861,4,-122.356022947478,47.6512971884824
36297,4,-122.344093677045,47.6534158507795
37402,4,-122.343885694043,47.6507723133573
224,5,-122.360870888575,47.7068859946634
737,5,-122.360893415751,47.7097367004262
856,5,-122.36073553464,47.7050798144526
866,5,-122.364985603961,47.701770779061
875,5,-122.365031600493,47.7017792014951
1814,5,-122.359805221561,47.7029953204863
2689,5,-122.364152601039,47.7100598448738
2766,5,-122.36476266291434,47.69822849832604
4843,5,-122.360922882651,47.711670644684
4901,5,-122.363236955587,47.7027656611428
5656,5,-122.365969996606,47.7014537618851
5657,5,-122.365667212073,47.7014374676296
5845,5,-122.36483623002,47.7004468695383
6418,5,-122.362131035094,47.700749358213805
7441,5,-122.3619608160692,47.7034376186583
7442,5,-122.361348138732,47.7035416314063
7959,5,-122.363475284616,47.7011338919682
8314,5,-122.360821062048,47.702483616237
8316,5,-122.36084054562998,47.70507040607671
8317,5,-122.360839957788,47.705505988849005
8901,5,-122.366696137918,47.7014838690526
9137,5,-122.360819802152,47.7043029671696
9195,5,-122.360890657306,47.7087003196394
9238,5,-122.357401557064,47.70508017439863
9272,5,-122.36081291919,47.70352695343771
9273,5,-122.360818929176,47.7037442746044
9733,5,-122.359529136211,47.7068802197337
10051,5,-122.359643511102,47.7028029643031
10892,5,-122.357699781253,47.704308948258735
11185,5,-122.365026140867,47.7041188287507
11278,5,-122.366124047819,47.7075201220064
11435,5,-122.365232590844,47.70024190100603
13062,5,-122.359529693679,47.7069213398815
13306,5,-122.359549658087,47.7086913590868
13751,5,-122.366001795297,47.7050895548244
13868,5,-122.361989644351,47.7018869197755
14871,5,-122.360901107455,47.71079524727569
15281,5,-122.362134276984,47.70149379894699
15631,5,-122.36178268907334,47.707200606878736
15818,5,-122.36088778315066,47.70549008942464
16061,5,-122.360903379218,47.7103875921097
17031,5,-122.35880161894131,47.70717559595664
17834,5,-122.360923157222,47.7068858716629
18104,5,-122.365354649222,47.7014522001354
18205,5,-122.3629199455476,47.701418247379806
18294,5,-122.36597890141,47.70152094359279
20286,5,-122.36596870189334,47.70042101199433
20619,5,-122.36438104266831,47.71001381090103
21100,5,-122.358829427393,47.7086884047925
21722,5,-122.36172798173634,47.70354608195737
22141,5,-122.360798956979,47.7103866697688
22173,5,-122.362135593031,47.7035421334304
22891,5,-122.36672877146198,47.7015497081044
22892,5,-122.366729009756,47.7015974111814
23056,5,-122.358899712772,47.7050958353436
23151,5,-122.36349000275202,47.70871084672573
23152,5,-122.36285105226402,47.7087021340258
24276,5,-122.362105867837,47.6981349808789
24379,5,-122.36219430754234,47.70509070894184
25025,5,-122.35882890871731,47.71096203106884
25635,5,-122.356701841621,47.70457748983011
25852,5,-122.36543249812034,47.71002408559617
25922,5,-122.36299406072732,47.71119257587157
25923,5,-122.362436784594,47.71154543301975
26127,5,-122.36017464747,47.710373130085536
26888,5,-122.36148252629968,47.71160691219033
26894,5,-122.35955797181,47.7099015355165
28047,5,-122.364674562688,47.6997472711077
28192,5,-122.358760429066,47.7068253505411
28202,5,-122.365810074187,47.7039654791471
28492,5,-122.36343075382068,47.69817938819523
28511,5,-122.363456980489,47.6997243770721
28922,5,-122.36273547901766,47.699714724700165
29028,5,-122.36194420665667,47.70932334084584
29740,5,-122.36018694021732,47.70868682354647
29864,5,-122.358791536069,47.7065038811139
29868,5,-122.36482550346,47.70127461321033
30027,5,-122.361506838229,47.7016032975756
30338,5,-122.366435767321,47.70512533591787
30580,5,-122.366724509148,47.7014329051999
30606,5,-122.363110436351,47.701352393884
31463,5,-122.36283141777768,47.7079465017821
32426,5,-122.36521586083,47.7041986947172
33178,5,-122.361793891847,47.708702357239
33199,5,-122.359512115506,47.7055291590833
33681,5,-122.358837655451,47.7037168461274
35114,5,-122.36242268369324,47.711555462220645
35711,5,-122.363076592351,47.7113594624875
36356,5,-122.363351093805,47.7026704803479
37130,5,-122.362181633068,47.7007504487296
37285,5,-122.36008570757,47.711018287990896
16,6,-122.297772577427,47.624328093141706
52,6,-122.312003463902,47.62255358902373
77,6,-122.320746364327,47.6242060847103
78,6,-122.320726400615,47.6242049806258
219,6,-122.320816965339,47.6209840664318
286,6,-122.310628231829,47.6244062610723
347,6,-122.320663964454,47.6241877129529
460,6,-122.303494602545,47.6196961451505
539,6,-122.298881635684,47.6243431627573
542,6,-122.310681257922,47.6221268955924
820,6,-122.30824570730331,47.62520529705663
1170,6,-122.31799483128938,47.62644857890685
1286,6,-122.308017763104,47.62363667431473
1519,6,-122.29774974793736,47.62304568583284
1751,6,-122.3207384375255,47.62193229128
1757,6,-122.301886519879,47.6278162272593
1862,6,-122.32102039053288,47.625048684886856
1875,6,-122.31273138839532,47.62141695415753
1902,6,-122.3013237855756,47.61651563893948
1944,6,-122.30617061085302,47.61748070700569
2135,6,-122.322091599227,47.6243702201442
2303,6,-122.296660871507,47.62508743845981
2410,6,-122.30724118002,47.6241681322725
2431,6,-122.299124872214,47.6319916298384
2660,6,-122.303186476978,47.620261361404
2973,6,-122.312729835708,47.6219606638839
3182,6,-122.32141270781268,47.62193560960444
3191,6,-122.311953642303,47.62449055547267
3424,6,-122.30418039407898,47.61705799351903
3766,6,-122.317982677988,47.626875446535
3915,6,-122.307973893623,47.6243957542068
3916,6,-122.307162301409,47.6243892298176
4002,6,-122.317930346745,47.626582671635
4058,6,-122.30111129562567,47.62477835860847
4396,6,-122.321867114748,47.6244498000425
4408,6,-122.303629765791,47.6243552687889
4430,6,-122.310709817347,47.6205388083092
4787,6,-122.296408492226,47.6262724527894
4804,6,-122.309352821936,47.6205334385479
4868,6,-122.300309539089,47.628201355925
4924,6,-122.301037637298,47.625559769253
5368,6,-122.302981076267,47.6203002390539
5468,6,-122.303732429436,47.6186223674232
5482,6,-122.322107638678,47.6243702203798
5601,6,-122.30801168323,47.6252049237911
6133,6,-122.312731831506,47.6220004139475
6874,6,-122.322092117329,47.624245192377
7034,6,-122.30797766592,47.6246193340024
7090,6,-122.30723595421966,47.623534137636966
7144,6,-122.309404719211,47.6199769194763
7215,6,-122.30205311297068,47.61901661002943
7551,6,-122.30134331109498,47.61527741990411
7552,6,-122.304782564415,47.6170654817744
8290,6,-122.321872436111,47.6249266561454
8301,6,-122.307425026938,47.6221181405118
8447,6,-122.306672251155,47.624384832355794
8854,6,-122.307165425487,47.6242884233494
9039,6,-122.319280359604,47.62424171518454
9244,6,-122.303702606223,47.619693332479
9811,6,-122.303036238725,47.6251649056465
10012,6,-122.316667956957,47.62400772731717
10013,6,-122.316636884553,47.6242733730497
10172,6,-122.302169594546,47.6165216766028
10387,6,-122.3189346506124,47.62395553511622
10404,6,-122.316737476187,47.6253225346973
10405,6,-122.31625473971036,47.62535089045067
10562,6,-122.318002937051,47.626039651357
10640,6,-122.303629723225,47.62436897643951
10704,6,-122.298722464848,47.62818811062251
11347,6,-122.2964595622626,47.6270313969556
11362,6,-122.3035101007,47.618788185278
11458,6,-122.30294448651767,47.629884109836574
11550,6,-122.311932344637,47.6244098178387
11595,6,-122.29889664302532,47.6225840617541
11743,6,-122.3074291275014,47.620101898925576
11744,6,-122.307904842968,47.6200848128156
11837,6,-122.322081582069,47.6242877702891
11948,6,-122.320367558643,47.6256191767617
12065,6,-122.311948099448,47.6244542556034
12208,6,-122.301986205726,47.6196387849909
12469,6,-122.296494428216,47.62550894498721
12583,6,-122.30928737655,47.6243988168711
12637,6,-122.322115932758,47.6238449176202
12841,6,-122.322107238888,47.6243955129779
12911,6,-122.317934844857,47.6260392722792
13120,6,-122.296146594513,47.625520662845965
13262,6,-122.320597472479,47.62422678842071
13338,6,-122.305923431355,47.6203797708174
13376,6,-122.308001861485,47.6244524960455
13949,6,-122.308014731463,47.6221056753129
14201,6,-122.3080081400828,47.6247860695518
14326,6,-122.296470448474,47.626258769030606
14358,6,-122.306241836892,47.6174322423231
14360,6,-122.30184248937066,47.6270581447986
14915,6,-122.30123022083,47.6189697075643
15284,6,-122.303739248314,47.6152106628465
15451,6,-122.30262269791233,47.61353948261053
15591,6,-122.30935951027,47.6221151365033
15756,6,-122.296604455046,47.6277505283733
15757,6,-122.29684887664,47.6281901808107
15816,6,-122.307881080186,47.6252020521511
15831,6,-122.316623373305,47.6242310886613
15929,6,-122.309299750824,47.6245247485883
16062,6,-122.301293987159,47.62020011379601
16229,6,-122.30230080615868,47.62864204231187
16366,6,-122.301109789367,47.6243293048455
16743,6,-122.298819296816,47.6251203231438
16750,6,-122.318888304196,47.6242778098027
17005,6,-122.301819401907,47.62631288083457
17158,6,-122.30105294048734,47.628203026066025
17288,6,-122.298864327199,47.624385702813605
17443,6,-122.317471961554,47.62678692936024
18222,6,-122.296686145958,47.6277513422087
18413,6,-122.308034503703,47.6220642097426
18641,6,-122.297744138136,47.6251093024119
19064,6,-122.296432946674,47.6255234643094
19072,6,-122.31275062316,47.6243381753706
19147,6,-122.302824032858,47.6142774400401
19170,6,-122.306675367398,47.623665661463
19745,6,-122.30368790443168,47.62026260858587
19846,6,-122.3004208955218,47.62778263865674
19847,6,-122.299830249552,47.6277937990517
20035,6,-122.29913871915367,47.62882488820667
20178,6,-122.30722145452232,47.623853665009165
20455,6,-122.297753572153,47.6243703283346
20492,6,-122.318907606671,47.6242363599232
20519,6,-122.30801274576532,47.62276099268073
20542,6,-122.303283461272,47.6243575607805
20633,6,-122.31921362070932,47.62563058285903
20745,6,-122.302680014444,47.614654977493
21680,6,-122.296135851768,47.6262710684056
21952,6,-122.31978198543202,47.6242186586962
22126,6,-122.318875605035,47.62494947959991
22852,6,-122.303033756376,47.6251217744731
23171,6,-122.31890319472666,47.6235334939716
23208,6,-122.301970668406,47.6255693273191
23316,6,-122.316704739041,47.6264526891257
23317,6,-122.31626657935232,47.62657986103796
23552,6,-122.302956792671,47.62861587735491
23587,6,-122.319837688537,47.62325972075866
23973,6,-122.319211292865,47.6287150957753
23974,6,-122.319196228009,47.629033156619805
24432,6,-122.30374404656466,47.61844385734943
24482,6,-122.313536636533,47.6242258385878
25452,6,-122.309376127693,47.6208242417934
25621,6,-122.3080433278156,47.622754110240194
25692,6,-122.31783436387302,47.6242383031827
26028,6,-122.31979772332,47.624259714875
26072,6,-122.309371027601,47.6204918504503
26124,6,-122.31982149556,47.6250729569113
26339,6,-122.302663828652,47.61466294686025
26497,6,-122.312700348311,47.6237416644486
27132,6,-122.308018511911,47.6231811906513
27614,6,-122.316677248439,47.6283974261207
27615,6,-122.316677535192,47.6284318941696
27659,6,-122.302560827019,47.614615589541934
27913,6,-122.309376413086,47.6207577693554
28968,6,-122.319206304689,47.6268751442848
29073,6,-122.31967114049166,47.62870623525617
29478,6,-122.307964504164,47.6253195213456
31232,6,-122.307975304112,47.6213988359966
31621,6,-122.30933659020866,47.62400347738876
31727,6,-122.310763370153,47.6199744478594
31974,6,-122.316190497845,47.6283475967383
32157,6,-122.31796959372468,47.62811632359783
32717,6,-122.302961164112,47.6153986597124
33788,6,-122.30253188649831,47.61603193955204
35955,6,-122.30281354482,47.6146802760289
36821,6,-122.304346112888,47.6172082971614
755,7,-122.3239879538954,47.71220184529894
1160,7,-122.323312305829,47.71216271089327
2365,7,-122.323077411876,47.7017856950449
2591,7,-122.334507900319,47.7031771966632
2634,7,-122.320911053557,47.7187314269056
2707,7,-122.325852750088,47.7093653491191
2742,7,-122.325947302436,47.7099632497729
3244,7,-122.323279109036,47.7110256220775
3326,7,-122.335744226296,47.7017261300505
3439,7,-122.335168364283,47.7031809412262
3705,7,-122.324032442399,47.7123185806831
3708,7,-122.323855703438,47.703206141809495
3765,7,-122.327455262715,47.712174573161
3824,7,-122.32320056780502,47.709653627085
3825,7,-122.323202117105,47.70988581087621
4234,7,-122.323206672457,47.7104158318626
4524,7,-122.323368320849,47.71397178405929
4553,7,-122.31928447002667,47.71541583861261
5154,7,-122.323055880392,47.7031956177876
5181,7,-122.3247782192008,47.71400316958731
5708,7,-122.323349140945,47.7159024711477
5977,7,-122.320658879222,47.709567628884
5978,7,-122.320645736848,47.7091479037281
6028,7,-122.325952747224,47.710831394044
6221,7,-122.325980779392,47.7142533388887
6309,7,-122.320828245563,47.7158063781226
6389,7,-122.335770925697,47.703183722028506
6519,7,-122.323151208549,47.7099064510013
6651,7,-122.320892026767,47.71822963204053
6652,7,-122.320875696007,47.7177616731746
6683,7,-122.33577528198168,47.70460210279297
6692,7,-122.3207297701422,47.71169980064168
7060,7,-122.32076517633702,47.7139587528294
7160,7,-122.333749405962,47.70316962685191
7184,7,-122.323026501075,47.7053968867061
7499,7,-122.335755473715,47.7024363201377
7500,7,-122.335752236076,47.702789553706
7576,7,-122.323052976311,47.7009948415288
7577,7,-122.325983826603,47.7121951511546
7673,7,-122.325938028832,47.70977802709441
8745,7,-122.323387895333,47.7147941870472
8925,7,-122.323013813442,47.7020489478339
8954,7,-122.32076402881098,47.7158060801869
9394,7,-122.32315196268,47.70768335394539
9421,7,-122.335769217581,47.7032544301152
9477,7,-122.325933924407,47.7096987751751
9478,7,-122.32592480827832,47.70952273850467
9509,7,-122.323048858509,47.7021705452406
10475,7,-122.32341284269631,47.71064190758377
11644,7,-122.321879961413,47.7204988902331
11790,7,-122.323422009695,47.7159152216353
12882,7,-122.320922810168,47.7194229731145
12918,7,-122.32067849614502,47.7101493426288
13431,7,-122.320689638015,47.710910752982194
13897,7,-122.320719151635,47.7121700521362
14003,7,-122.325500786081,47.7032179261867
14044,7,-122.323181621168,47.70890434311931
14809,7,-122.32474359611268,47.7125542359564
14810,7,-122.324732376982,47.7122016549998
14839,7,-122.320925075015,47.7205038466044
14868,7,-122.321760707788,47.71217409570709
15029,7,-122.32091647890434,47.72062192061856
15108,7,-122.32342924157,47.7139709878847
15998,7,-122.323084039716,47.705397350748704
16192,7,-122.32476563583066,47.71346496955463
16545,7,-122.31655021846166,47.712136388736894
16865,7,-122.321209375615,47.7139815247952
17277,7,-122.33404264809784,47.70371375070998
17390,7,-122.31841801033734,47.71396981644853
17589,7,-122.323257227122,47.7104043956789
17798,7,-122.325944939515,47.7104153255155
17853,7,-122.323055208582,47.7039937289777
17854,7,-122.323320839577,47.7039994412018
18420,7,-122.323224435645,47.7110259461295
19099,7,-122.31896701871568,47.710914380475366
19854,7,-122.317895848485,47.7157079472296
20113,7,-122.325514314044,47.703240078864
20263,7,-122.317866442362,47.7114731434243
21104,7,-122.324597909828,47.7158139875186
21469,7,-122.326020003272,47.7136457565255
22026,7,-122.324178340362,47.7009117862607
22749,7,-122.320502219023,47.7100608718281
22750,7,-122.320501695965,47.7100471691953
23518,7,-122.335294611152,47.7077512526586
24950,7,-122.31782678961,47.7121357169868
25314,7,-122.319822417577,47.715791978536295
25519,7,-122.319230472729,47.7139743984292
25755,7,-122.322085928549,47.7139909659905
26932,7,-122.326818525112,47.7032497070802
26989,7,-122.323150394975,47.7098785136842
27003,7,-122.333760449275,47.7045750886911
27125,7,-122.335570030692,47.7027964349272
27352,7,-122.324306651859,47.700161633745005
27545,7,-122.32052227563,47.710059179704345
27748,7,-122.320479136786,47.71006110174133
27847,7,-122.320716568369,47.7100282508417
28219,7,-122.320511353801,47.7117019152313
29444,7,-122.31781446848233,47.71144035787916
29503,7,-122.317866091702,47.7121491866446
30425,7,-122.317276281982,47.7114010050055
30492,7,-122.322051418777,47.71510698314663
30505,7,-122.32070114492,47.70956473574606
30563,7,-122.3178181469294,47.710928818816896
30731,7,-122.324301379301,47.6999103560739
31000,7,-122.324208241112,47.70016421966116
31332,7,-122.32196923884366,47.71312484441646
31514,7,-122.32313056297332,47.71943483569197
31809,7,-122.318600953803,47.717594656561936
31842,7,-122.324139919764,47.6993599190131
32410,7,-122.317848864144,47.711461613587446
33144,7,-122.317803648854,47.712157854405525
33253,7,-122.323854638879,47.7030633027177
33435,7,-122.32589770152768,47.71083588951934
33791,7,-122.31922826300166,47.712620088893175
33794,7,-122.333758756118,47.7044598141976
33914,7,-122.32075286342132,47.71836753784694
34321,7,-122.323577362305,47.7147890126527
34436,7,-122.32311065383668,47.70770187070887
35485,7,-122.323258604517,47.702142476088
35671,7,-122.317897410436,47.7114733040094
35683,7,-122.325807439988,47.7084953549076
36042,7,-122.326140339175,47.7110372428482
36591,7,-122.318628321616,47.7193706739636
37037,7,-122.320733084042,47.7107456316999
37079,7,-122.335815348752,47.702911416616
37175,7,-122.334071704175,47.7036439990119
37466,7,-122.334077196293,47.7040181923853
37481,7,-122.324349191689,47.6999108706977
214,8,-122.29988818885931,47.60807113484688
376,8,-122.30001135692,47.6042872277171
532,8,-122.288480810575,47.596688448752
620,8,-122.28918754377166,47.594900219088096
697,8,-122.29889081851998,47.6062060675854
705,8,-122.298801894992,47.5967109816095
715,8,-122.29137451856,47.5966779069289
872,8,-122.300943783854,47.6003329058013
1171,8,-122.2913884285184,47.60082344542902
1177,8,-122.298958066374,47.604257755497
1477,8,-122.2892855946474,47.60169646746358
1717,8,-122.30230292665856,47.60087968129308
1852,8,-122.299008583839,47.6008244973531
1916,8,-122.291395474702,47.59750975521316
2059,8,-122.301235907742,47.5965283024162
2122,8,-122.301234492123,47.59673639923741
2593,8,-122.300743091909,47.59205804365853
2970,8,-122.302342319271,47.5952460839294
3306,8,-122.294523010668,47.596633324788
3370,8,-122.298829163293,47.595881306724095
3823,8,-122.29872304684902,47.5991504852025
3883,8,-122.29637794917431,47.5966776360712
3974,8,-122.30231234311324,47.596113519004206
4127,8,-122.289126119124,47.596176341072805
4237,8,-122.30232449247583,47.59985338358717
4425,8,-122.301627744838,47.5979602975603
4523,8,-122.2913869850054,47.602220223206345
4765,8,-122.290185879074,47.5966662420479
6709,8,-122.30123242952898,47.5973255921989
6839,8,-122.300049868938,47.6008230106962
7120,8,-122.302312383603,47.59892193718476
8000,8,-122.298952050273,47.6062194933773
8382,8,-122.290339808254,47.5975263700319
8622,8,-122.302356267518,47.6008598994808
8636,8,-122.293814329334,47.596624139076
8765,8,-122.292568959508,47.5966248699692
10142,8,-122.295032702889,47.6008207002444
10158,8,-122.291542837581,47.593934306104
10679,8,-122.298907184559,47.6026231900801
10944,8,-122.296347189007,47.6008267880783
10992,8,-122.298782253112,47.5995186443687
11418,8,-122.297618628921,47.5966843431108
11624,8,-122.298968842712,47.6026113127055
11742,8,-122.2986985866756,47.59968046382606
11754,8,-122.295118828689,47.5979715630165
12088,8,-122.298660076236,47.59915778660659
12141,8,-122.302355456512,47.5998107917646
12465,8,-122.301963305803,47.6042963093954
12837,8,-122.301224236727,47.6002885618775
12952,8,-122.293854004093,47.6002287684422
12953,8,-122.294489591652,47.60023725156547
12985,8,-122.293832366157,47.6008159459401
13276,8,-122.295181469107,47.5966375468542
14446,8,-122.298842252003,47.6042565031748
15092,8,-122.290220355645,47.595802712389
15244,8,-122.288684189254,47.5966635009994
15245,8,-122.301778631698,47.6026365046901
15267,8,-122.301161617598,47.6042914588635
15268,8,-122.301159412386,47.6044066392928
15430,8,-122.301227133684,47.6006165101635
15747,8,-122.297941674935,47.6008248784698
15939,8,-122.29766827563236,47.595585729685695
16622,8,-122.301225663415,47.6008254029562
16689,8,-122.296288926056,47.5991311675295
16808,8,-122.29386593822636,47.5996113936332
17018,8,-122.296852579309,47.6025920457302
17227,8,-122.297529202319,47.59880213507097
17309,8,-122.287083022228,47.6016871679876
17864,8,-122.295885075142,47.6008249306522
17986,8,-122.299897406335,47.5967236199195
18885,8,-122.289120653879,47.5957864895076
18911,8,-122.297503986115,47.5996682609977
19527,8,-122.29438071546866,47.599130571420936
20139,8,-122.28966737606233,47.6027180202252
20769,8,-122.301162128095,47.6026342408769
20923,8,-122.29664637368836,47.59374381293053
21382,8,-122.29364482360631,47.60248654464717
22400,8,-122.29256360359066,47.5978942400111
22485,8,-122.29379510858256,47.60248545496743
22593,8,-122.28769077458,47.5966970271837
22599,8,-122.293703062508,47.5991216531142
22600,8,-122.293191317817,47.59911367106313
23008,8,-122.300010387201,47.5945519673582
23067,8,-122.30046774007369,47.60161334825847
23173,8,-122.30318634283266,47.5935226107212
23457,8,-122.299129141557,47.5945828518796
23535,8,-122.298408814189,47.6042486084018
23596,8,-122.30110556102,47.5945503476282
24384,8,-122.293838506434,47.6017743983594
24485,8,-122.291377536604,47.60228285621199
24823,8,-122.297911297143,47.6016082575348
24937,8,-122.292680248753,47.5938708544542
24984,8,-122.298369210646,47.60620939659726
25067,8,-122.298894905325,47.5912589641561
25122,8,-122.29597070788468,47.60372644482106
25644,8,-122.29842462447634,47.5916185675252
25691,8,-122.297799089316,47.6026214029633
25736,8,-122.297598675011,47.5967256425616
26061,8,-122.29942317340532,47.60263141624653
26181,8,-122.299148814016,47.5945412766068
26427,8,-122.297360029812,47.600829725864095
26744,8,-122.298889542326,47.592015333714606
26784,8,-122.302137132776,47.5951713984571
27026,8,-122.288411349724,47.5957723927232
27028,8,-122.299198929449,47.6016108078682
27222,8,-122.300031262725,47.6016141221912
27723,8,-122.29989973266532,47.60537402069104
27840,8,-122.30110162872332,47.593348328575736
28019,8,-122.30248750114464,47.59219948154401
28110,8,-122.29497640070656,47.60169395913734
29294,8,-122.29632756807132,47.59845366370767
29428,8,-122.2938339008235,47.6017611788439
29517,8,-122.30049803518534,47.60263487705487
29535,8,-122.29838904243066,47.60160695155653
29931,8,-122.3011600149046,47.603535757077225
30056,8,-122.299121943164,47.595203587212666
30130,8,-122.302116730441,47.5945516530273
30528,8,-122.301222332426,47.6012510945902
30536,8,-122.29258605834302,47.5966675275931
30666,8,-122.291392422412,47.5966363201098
30809,8,-122.29268231143,47.6055278564473
31108,8,-122.29631109802033,47.5988743039566
31278,8,-122.2925721699684,47.601705887089295
31387,8,-122.29445918007669,47.59760440369583
31430,8,-122.291413759926,47.60220357918087
31946,8,-122.290495936715,47.6008182763209
32064,8,-122.289277890082,47.6017361251604
32083,8,-122.30001861194968,47.602214702632295
32208,8,-122.296288415862,47.599617789861
32255,8,-122.294510097853,47.5991002155492
32281,8,-122.30116529909,47.602035610611
32298,8,-122.296833196633,47.6076178849163
32302,8,-122.3023853424342,47.60150911888906
32721,8,-122.293661376344,47.6002262963131
33104,8,-122.295054003482,47.6019957317103
33111,8,-122.301933447973,47.60353388411503
33245,8,-122.290742971673,47.5957747545855
33544,8,-122.302752729545,47.5964660646062
33548,8,-122.29746478892166,47.6016090117896
33554,8,-122.29850256220202,47.59458803336568
33697,8,-122.301294454738,47.5972200670628
33916,8,-122.29980258768032,47.59968586708323
34019,8,-122.301201919152,47.599931129386
34311,8,-122.302776021268,47.5991887020793
34543,8,-122.300403820044,47.5993725771879
34817,8,-122.29686674687066,47.6019505393456
35134,8,-122.29983180897334,47.59884574756623
35146,8,-122.297817573681,47.60190088199507
35211,8,-122.29603081573084,47.602144746657245
35348,8,-122.29650979042869,47.60171339499906
35400,8,-122.29586546481868,47.60122424934176
36061,8,-122.293767253373,47.6047239678368
36350,8,-122.294404464378,47.5981117290852
36804,8,-122.291415546308,47.6022586313477
37085,8,-122.301292341959,47.6007427572308
37575,8,-122.29259310015,47.6017027806512
160,9,-122.265280949342,47.6866327320358
999,9,-122.277736255353,47.7029157150449
1083,9,-122.2643650355428,47.68284872656402
1505,9,-122.277042176373,47.6965040965382
2236,9,-122.278812807361,47.7087692514959
2468,9,-122.266398416856,47.68891344459811
2556,9,-122.277528034458,47.6974039350651
2877,9,-122.276493724884,47.6958060888189
3103,9,-122.267627733109,47.6805320699279
3104,9,-122.267647603757,47.6805292753172
3274,9,-122.2738839134526,47.701060818459126
3284,9,-122.266495837234,47.6829384038803
3285,9,-122.26647699535953,47.68293445118916
4536,9,-122.279553862716,47.699370334679
4537,9,-122.278889998485,47.6993889920034
4609,9,-122.277841278176,47.6993973500052
5016,9,-122.263747489146,47.677952606599
5164,9,-122.26373615485902,47.6801491665417
5400,9,-122.267620680592,47.6805192167347
5524,9,-122.278891826314,47.69932109214
5570,9,-122.266366185047,47.686171807539175
5891,9,-122.27716885172434,47.6959468889556
6167,9,-122.266140629041,47.6889847079392
6689,9,-122.276451839093,47.6993029560538
7226,9,-122.263731336228,47.679475785354406
7367,9,-122.26726348068,47.683671737784
7436,9,-122.278421632228,47.705079854426494
7658,9,-122.278015876511,47.7045836293627
8143,9,-122.263791547268,47.6798715416692
8565,9,-122.265344942106,47.6866543565871
8721,9,-122.275244466122,47.698086269868
8728,9,-122.277172947784,47.71040711656957
9120,9,-122.265115972186,47.6861886297613
9182,9,-122.266485443724,47.6829605054163
9342,9,-122.2757078094376,47.70454041482878
9387,9,-122.274401554246,47.70330087316611
9605,9,-122.27522373016798,47.6993587090352
9928,9,-122.263722961716,47.6786423612613
9977,9,-122.276917167565,47.7075885693049
10327,9,-122.274920730293,47.7045928688376
10328,9,-122.274892101921,47.70452328390851
10499,9,-122.26641599336769,47.68290619563541
10788,9,-122.278142620791,47.704583495438
11149,9,-122.276370130931,47.702879284681806
11447,9,-122.271669532757,47.6929594170249
11621,9,-122.263795575385,47.6828790022252
11622,9,-122.26431072762864,47.6828755735254
12150,9,-122.263759179593,47.6814232425323
12448,9,-122.263746383155,47.6808870764516
12564,9,-122.279369283288,47.707054308869
12639,9,-122.27985693851,47.70522898023366
12650,9,-122.263704015759,47.6777934373194
13408,9,-122.263724645691,47.6797921157145
13411,9,-122.275255634549,47.7045443498875
14202,9,-122.28186965188,47.7064880275521
15406,9,-122.26444328281498,47.684527466611904
15407,9,-122.264632565891,47.68485681335719
15842,9,-122.27650497538131,47.6973886236693
15964,9,-122.27704133278432,47.7029093802426
16230,9,-122.27720187192,47.7053613821577
16231,9,-122.27699990313268,47.70496058449007
16313,9,-122.278339556307,47.7051004467304
16539,9,-122.273403141537,47.6993183620324
16810,9,-122.272626014268,47.69414079430711
17312,9,-122.27893923878932,47.703705212909504
17591,9,-122.275225222875,47.6992897720734
17848,9,-122.276535834202,47.70550464307757
17881,9,-122.27514971388769,47.7028747472959
17926,9,-122.27304729828866,47.69554482204987
18183,9,-122.280577047563,47.7067879365348
18877,9,-122.27418815416134,47.70168951617973
19025,9,-122.274538572622,47.6939669441572
19202,9,-122.274997107187,47.694223121388895
19304,9,-122.26606719637525,47.68465400629663
19331,9,-122.274160467112,47.7028340747188
19440,9,-122.27504308240198,47.703829332324005
19538,9,-122.27635757290902,47.70415571860624
19787,9,-122.263731467586,47.6790273091899
19799,9,-122.264957050294,47.6857613265225
20118,9,-122.27416028636368,47.69818025291547
20290,9,-122.282743017666,47.70648370552187
20685,9,-122.278967883151,47.6986071285334
21001,9,-122.274709460575,47.69528117642367
21004,9,-122.27927009409966,47.704895934051
21392,9,-122.27848145449866,47.70296727337337
21519,9,-122.28213232479634,47.70702373085339
21771,9,-122.272982492377,47.6992990106395
21908,9,-122.274139903325,47.69592086723327
22011,9,-122.276449988033,47.69937167818531
22056,9,-122.273232818534,47.69276201558879
22077,9,-122.274786978759,47.6912747820663
23006,9,-122.274020366683,47.6923698048239
23147,9,-122.277599219245,47.70902657575137
23225,9,-122.27300399811,47.6934329188901
23337,9,-122.27349226116064,47.69191964892163
23759,9,-122.275259510976,47.6920520896999
24507,9,-122.27495012739,47.69173555434584
24974,9,-122.263825795916,47.6815535606092
25028,9,-122.27633148947832,47.70636800898897
25202,9,-122.263949335613,47.683859822748
25367,9,-122.281135987194,47.7079892003653
25528,9,-122.281008812935,47.7046823321957
25894,9,-122.26381008674768,47.68093396480163
25903,9,-122.267526052759,47.68051148292877
26443,9,-122.27467201494034,47.69465746293653
28915,9,-122.272051485638,47.6916069045325
29040,9,-122.2669630546886,47.68483843174755
29321,9,-122.264847910135,47.686212987262
30208,9,-122.273104695722,47.69227477549783
31966,9,-122.268489801607,47.6851801795456
32589,9,-122.26399820719,47.6838598303902
33877,9,-122.27543611210832,47.69127686382226
34103,9,-122.269802504736,47.6829431842644
34159,9,-122.264839772149,47.6861908653136
35022,9,-122.264243751279,47.6856196391225
35091,9,-122.276749010734,47.6965480353106
35821,9,-122.263754912513,47.6780726415051
36029,9,-122.267216161687,47.685853166331945
36095,9,-122.263442022124,47.6786584559306
36185,9,-122.278351580966,47.692712841279
36719,9,-122.276701745441,47.6905650884964
665,10,-122.363093660929,47.7705733796489
754,10,-122.350987137534,47.7564512318941
1097,10,-122.365783648933,47.774227810474905
1256,10,-122.3483458411286,47.75822736804749
1322,10,-122.3613574988,47.7690622781449
1708,10,-122.363715803679,47.77045182282
1725,10,-122.34634040203,47.7607108813092
1899,10,-122.36304671873968,47.77268283144179
2054,10,-122.34921238513,47.76506982430697
2676,10,-122.3666997843736,47.76878215316157
2862,10,-122.36484879449732,47.7722107382829
2958,10,-122.353583077801,47.765253974213
3510,10,-122.357864253211,47.7705306913138
3511,10,-122.3571997863964,47.77052330514116
3656,10,-122.366702809679,47.77057657633069
3791,10,-122.351371553831,47.7674809631637
3817,10,-122.356600129836,47.77291246245127
3839,10,-122.350227286614,47.76083871169519
3882,10,-122.36670001023,47.76919367928159
3969,10,-122.351004920506,47.7576920245865
4039,10,-122.3598286244968,47.77054263709168
4107,10,-122.351177375463,47.76509329724329
4124,10,-122.3666904322506,47.76728629077714
4307,10,-122.35286384685269,47.7668161462063
4695,10,-122.35790272555734,47.7719310812145
4699,10,-122.366698852421,47.7664906116347
4953,10,-122.353594191048,47.7705275793318
4981,10,-122.34676215056466,47.76364418909046
5087,10,-122.366740308799,47.7668841330534
5088,10,-122.366696625952,47.7668829799124
5163,10,-122.34842673133,47.7623540655021
5227,10,-122.35379849158478,47.76444789603234
5776,10,-122.366758339925,47.7700915314809
5892,10,-122.351048331133,47.7603814423872
5893,10,-122.351035189972,47.7603813736526
5919,10,-122.36988657048234,47.77757268678317
6939,10,-122.346903238411,47.76330611435967
6992,10,-122.348403430721,47.7615520095812
7082,10,-122.3666929017094,47.76802034893132
7699,10,-122.36772688420272,47.76929814144535
7895,10,-122.351238532089,47.7650796101407
7968,10,-122.35059575742162,47.76236564030068
8312,10,-122.351060592279,47.7591247556293
8313,10,-122.351083842696,47.759592145665
8354,10,-122.351177860018,47.7668048905501
8357,10,-122.351189734359,47.7674849799495
8702,10,-122.366740616488,47.7741471707779
9256,10,-122.348415176737,47.7633075309801
9335,10,-122.348496652462,47.764808987494
9336,10,-122.348476705254,47.7640975816042
9379,10,-122.351134549546,47.76236632400279
9534,10,-122.351148972744,47.759593348628
9535,10,-122.351710334236,47.75960516551794
9615,10,-122.348362970977,47.7615531334841
9678,10,-122.363679934665,47.7705788623821
9679,10,-122.353606584852,47.7712288654918
9759,10,-122.35236080103766,47.75725462337966
9789,10,-122.348383708653,47.7608800332529
9794,10,-122.35852300269032,47.77271029636906
10207,10,-122.351210888425,47.769591313234
10276,10,-122.347575109135,47.7633024339911
10302,10,-122.361301409364,47.772722070225
10390,10,-122.3667085765852,47.77008923750642
10641,10,-122.351212415387,47.7705350559011
10734,10,-122.368746076626,47.7758867711991
10775,10,-122.35442832525,47.7661912484599
10908,10,-122.361268121528,47.7705624208319
10991,10,-122.356942063545,47.7686685371423
11099,10,-122.36034691712798,47.7717764023603
11195,10,-122.368368580392,47.772690051931136
11373,10,-122.354753855449,47.76444873756103
11648,10,-122.34829244927,47.7561197636772
11905,10,-122.365467257709,47.7687953938251
11962,10,-122.35240278462231,47.771228735662994
12446,10,-122.348473693665,47.7636144395951
12531,10,-122.35305621920564,47.7722627173037
12611,10,-122.350323977402,47.7622360936466
12850,10,-122.34978432706768,47.75910611961897
13111,10,-122.34834656352298,47.7589997916017
13191,10,-122.366719742224,47.7717061078693
13540,10,-122.35123924698,47.7668183243907
13576,10,-122.351016849999,47.7596009835204
13588,10,-122.347910353008,47.7644425709162
13755,10,-122.357195068603,47.7689820301701
13756,10,-122.35782089793766,47.76898699613224
14232,10,-122.35584175573,47.77051978738401
14364,10,-122.35638824376,47.7724733599826
14424,10,-122.353611139923,47.7715620681413
14789,10,-122.359088615161,47.7705407230317
14953,10,-122.355834113293,47.77048044001899
15468,10,-122.35849862912534,47.76932412033754
15609,10,-122.35911642881,47.77212261691966
15620,10,-122.352375872034,47.7705294028708
15707,10,-122.35347028093,47.7652612244507
15925,10,-122.355773909004,47.7686897188733
16479,10,-122.35198927315264,47.7632830663022
16676,10,-122.367677659192,47.77194542852523
16945,10,-122.35848438061198,47.77053248908711
16972,10,-122.368702314299,47.775741173282896
17014,10,-122.352428597895,47.7584330799139
17346,10,-122.351386187852,47.7695920128724
17652,10,-122.3612838352208,47.771439911638346
17683,10,-122.349361593453,47.7576916383757
18124,10,-122.36671342426298,47.77100501329429
18125,10,-122.366763728538,47.771002982377
18492,10,-122.368681861911,47.77417412357944
18560,10,-122.351047390887,47.758429619070704
18741,10,-122.359919207088,47.7687408920439
18914,10,-122.360546308117,47.76874656055807
19210,10,-122.356378508285,47.7724796374758
19323,10,-122.350940330101,47.758205746002
19647,10,-122.35989898532932,47.7682503501434
20149,10,-122.368700185854,47.77669826420634
20285,10,-122.34864326364,47.76421384528563
20435,10,-122.36356672960534,47.77361447794447
20468,10,-122.35273766217034,47.771574988474505
21089,10,-122.34940426495,47.7668184202105
21451,10,-122.35041055585832,47.76330977379484
21626,10,-122.366503400705,47.7681376188882
22509,10,-122.3628246222336,47.77199145800624
22753,10,-122.348291922416,47.7591120441101
23117,10,-122.351142199544,47.769592653452
24142,10,-122.367703590528,47.7719477156118
24240,10,-122.36131775713902,47.773704817934494
25012,10,-122.36132345922,47.77419037616
25173,10,-122.366498606323,47.7672813787336
25293,10,-122.36880325884069,47.76928247531193
26175,10,-122.353651632227,47.7712291079671
27014,10,-122.348658396382,47.763734430307
28058,10,-122.347642097093,47.7645553308999
28287,10,-122.36404093269684,47.77121699363123
29963,10,-122.36245259538732,47.77349725081467
30244,10,-122.348421732866,47.7640423564288
30537,10,-122.367653609474,47.77189580018464
31413,10,-122.34757614699733,47.763316831293366
35984,10,-122.365186975535,47.77123999159527
36545,10,-122.36761017514034,47.7692379504851
37452,10,-122.366493691426,47.7664993465843
910,11,-122.340734072658,47.6606007078555
1121,11,-122.342097601627,47.6599136438472
1224,11,-122.34233671855168,47.66076861622701
1336,11,-122.341567591238,47.6541999057722
1554,11,-122.332497830019,47.659080979243605
2060,11,-122.33323370955368,47.65674472682767
2061,11,-122.332545521357,47.6567463591296
2178,11,-122.343738714783,47.6606339537111
2186,11,-122.33611282820702,47.6603663921712
2209,11,-122.333715900954,47.6591197450174
2241,11,-122.33504426003464,47.66120474208126
2425,11,-122.33853553697502,47.6591621956776
2779,11,-122.333695644639,47.65908530683091
2919,11,-122.337333603616,47.6591087810202
2983,11,-122.335069471302,47.659145835447
3380,11,-122.341980790769,47.6610253107606
3441,11,-122.336130243637,47.6591469068206
3463,11,-122.336109494987,47.66094602555203
3612,11,-122.342071313269,47.6606361279753
3679,11,-122.342133324973,47.6591390296728
3688,11,-122.342368292468,47.6544776548015
3752,11,-122.33850841506,47.6610730573584
3753,11,-122.33843371992,47.6610978571111
4197,11,-122.341093340236,47.6605902940678
4215,11,-122.335125831099,47.6607525839928
4264,11,-122.338431117447,47.6612781309583
4724,11,-122.332517854745,47.6591154375843
5037,11,-122.342193373016,47.6580570722715
5047,11,-122.338716354763,47.6600737973834
5064,11,-122.342167504717,47.6585585840994
5193,11,-122.330138309987,47.6590701580749
5199,11,-122.340825574252,47.6591278903725
5200,11,-122.339760879138,47.65912396005562
5291,11,-122.331317341806,47.659074516344994
5627,11,-122.33732008577832,47.66066230780043
5752,11,-122.3422760141,47.6554797195451
5937,11,-122.329061213803,47.6591007954122
6022,11,-122.3290842893124,47.66100578871486
6375,11,-122.328264421043,47.65904883048879
6451,11,-122.338514089499,47.659121208553394
6484,11,-122.341408447392,47.66061639347436
6503,11,-122.343742623265,47.6605896331309
6525,11,-122.340842085448,47.6580469840904
6529,11,-122.33011346576131,47.66112192072651
6655,11,-122.33853039609,47.6600278531724
6853,11,-122.34412264246332,47.66063279336114
7318,11,-122.33617958999066,47.65600176272434
8098,11,-122.336109077075,47.6591055706354
8142,11,-122.342380316664,47.65408221074491
8213,11,-122.335046017254,47.6607321504795
8645,11,-122.34235472023164,47.66077218009436
8682,11,-122.328255810016,47.6602919247537
8801,11,-122.338567436191,47.6576561230746
9205,11,-122.335050702069,47.660358378873205
9333,11,-122.33368812851836,47.66119028781757
10269,11,-122.335091019411,47.65910537816611
10504,11,-122.343612406912,47.6566891577797
10506,11,-122.329083300802,47.6590667156446
11186,11,-122.329136408085,47.65353563943827
11451,11,-122.328271012276,47.6590137427668
11864,11,-122.342153757082,47.6588404230219
11934,11,-122.336166187237,47.6568831462076
12604,11,-122.342594696329,47.6554249980584
12696,11,-122.34226131669898,47.656680369268905
13595,11,-122.341833748675,47.6591358620226
13982,11,-122.34261631308898,47.6591439071463
18117,11,-122.33736631729232,47.65757487474477
18145,11,-122.328334194008,47.6582089828437
18731,11,-122.342219442971,47.6575890595456
18881,11,-122.338591247428,47.6559998142756
19104,11,-122.339210567202,47.656872046312834
19906,11,-122.343659238544,47.6611014086818
21563,11,-122.335085696019,47.6580425009001
21591,11,-122.335106685936,47.6568519573454
22481,11,-122.34285159511334,47.65407890414773
22974,11,-122.33979315641902,47.65687570567
22975,11,-122.34026721222334,47.6568756767565
23593,11,-122.33564037863232,47.656854019549264
24055,11,-122.338116184524,47.65686709453591
24265,11,-122.33257324235969,47.65608398025813
24320,11,-122.328240954556,47.6611382058728
24378,11,-122.34229298655066,47.65590235179406
24985,11,-122.33457049626467,47.6568497684614
25366,11,-122.33438844311333,47.66033469647544
25946,11,-122.342250480414,47.6568867214601
26343,11,-122.337372942397,47.6568693618793
26647,11,-122.34361002618168,47.65580519786843
26791,11,-122.33440847233832,47.658016705156
26987,11,-122.33317675394431,47.65799660760784
26988,11,-122.332539779782,47.6580272142084
27832,11,-122.338565258353,47.6568682564796
28249,11,-122.331337904025,47.6591091291472
28692,11,-122.34135101655868,47.65687956063914
29284,11,-122.337388331006,47.656095465573166
29320,11,-122.34304124115,47.65668681102997
29339,11,-122.342137238293,47.6578987418743
29393,11,-122.34409191043336,47.65668934907057
29756,11,-122.342108371998,47.6584881864261
30258,11,-122.33221716470564,47.6579161209379
30276,11,-122.34120471631532,47.65991843256611
30587,11,-122.3427207002,47.6566113871398
31152,11,-122.34308254202068,47.65805198322854
31477,11,-122.33196514409234,47.66032404125847
32028,11,-122.33510872056034,47.656012950619605
32057,11,-122.331999998658,47.65674000416546
32075,11,-122.33986454865766,47.6560123724999
32428,11,-122.33653938996,47.6603394023721
32548,11,-122.344082414634,47.65991932351543
32670,11,-122.327873770494,47.66026288456853
32729,11,-122.33375709269666,47.65597631629483
33734,11,-122.33260009577332,47.66146283422464
33959,11,-122.331380651239,47.6556725445673
34376,11,-122.342040479692,47.6590916755596
34685,11,-122.331306615708,47.6603265631823
35475,11,-122.33130264605266,47.66114238364816
36769,11,-122.342452114743,47.6589226537183
36818,11,-122.342545583771,47.6592751447482
36907,11,-122.338481788974,47.6577543205539
37105,11,-122.342193587672,47.6575796087301
49,12,-122.312648642573,47.7320319278491
603,12,-122.312874928279,47.733500368065
604,12,-122.312888836252,47.7335001515033
722,12,-122.311395507689,47.7177170952631
748,12,-122.331392696752,47.7151479193377
918,12,-122.30844774203,47.71581853723487
961,12,-122.30570103924332,47.7125088612404
1106,12,-122.314768864669,47.71394446586189
1483,12,-122.331349211911,47.7131737664175
1541,12,-122.3126267056865,47.7320343453421
1545,12,-122.31261127115476,47.7334414711102
2084,12,-122.32102025522718,47.71945993601423
2086,12,-122.309891342333,47.7120921126933
2116,12,-122.29998911995,47.7174325655167
2168,12,-122.30452348104102,47.7138391799167
2189,12,-122.311012985533,47.7121066474191
2257,12,-122.298828622439,47.714422571284025
2258,12,-122.299075495787,47.7144114139328
2350,12,-122.328727229756,47.7147606929339
2382,12,-122.30461932468032,47.71888747489826
2433,12,-122.301693735499,47.7120184786221
2628,12,-122.303861693011,47.7189106450217
3150,12,-122.31260507274834,47.73264828286237
3170,12,-122.32881750744998,47.7171269453321
3718,12,-122.30044712201,47.7156144795328
4722,12,-122.297868056685,47.7180038189187
4908,12,-122.328905808682,47.7151181981971
5302,12,-122.312499834814,47.7157286755021
5305,12,-122.30374326018,47.7192881695063
5346,12,-122.31260485359,47.732679203412296
5599,12,-122.303097496559,47.7120346946627
5606,12,-122.30370953647169,47.71926104802673
5645,12,-122.30845876783,47.7157053749483
5729,12,-122.310451207008,47.7175192786701
5861,12,-122.333854924526,47.70599764841841
6040,12,-122.3099785702744,47.717151887668216
6316,12,-122.30041010853002,47.71270079254048
6334,12,-122.298529112648,47.7173990355708
6632,12,-122.3123908107668,47.7132349833361
6759,12,-122.31256899333134,47.7326800672025
7035,12,-122.3070220448478,47.71207058050664
7036,12,-122.306359803705,47.7120593030128
7176,12,-122.307303835929,47.7178967073744
7567,12,-122.308410649936,47.713890453527
7670,12,-122.3290341264674,47.719836200444526
7763,12,-122.312625436026,47.731619078928
7894,12,-122.304476786075,47.7120436088445
8422,12,-122.3037269824915,47.71927599824821
8519,12,-122.30821491718798,47.71208246704591
9100,12,-122.31393109396026,47.71949272608206
9208,12,-122.316600808317,47.7157336577664
9434,12,-122.301694365219,47.71335929998327
9515,12,-122.30886829800666,47.71773417409926
9989,12,-122.297894411567,47.7173930910655
10444,12,-122.334108801248,47.7059892124246
10665,12,-122.315352751275,47.7157643272916
10716,12,-122.3113076470734,47.717553814608
11133,12,-122.307263490724,47.71569671525359
11587,12,-122.312621936693,47.7308496806111
11814,12,-122.328709861286,47.71401320231521
12174,12,-122.328809236509,47.7149898566903
12184,12,-122.311087038421,47.7139166128586
12316,12,-122.32875240674998,47.7149750198497
12423,12,-122.3027645341946,47.71565143772474
13192,12,-122.30234460638631,47.7103478856803
13523,12,-122.304556560162,47.7156731981033
13546,12,-122.30042929582,47.712008416459206
13904,12,-122.311496746489,47.71076783791023
13944,12,-122.30779383533368,47.71389306277481
14121,12,-122.310492253455,47.7139130041254
14141,12,-122.297910767095,47.7170104313561
14334,12,-122.312381431495,47.7124930043119
14485,12,-122.301731735042,47.71565292548231
14596,12,-122.297820704748,47.71894129813237
14597,12,-122.297848679379,47.71851240424271
14820,12,-122.328900932842,47.715013796945335
15129,12,-122.30650323547532,47.71568894111431
15135,12,-122.313873992119,47.71213069477828
15418,12,-122.306376850883,47.71758691572264
15517,12,-122.333285451904,47.7159677869193
15825,12,-122.31252297504444,47.716518010026846
15943,12,-122.3016854371372,47.71111442059944
16112,12,-122.312360792,47.7121124441577
16174,12,-122.300465198108,47.7127079901677
16667,12,-122.305765218686,47.7157242523786
16797,12,-122.32878125575,47.7158464593002
17069,12,-122.311534824542,47.7157325904693
17235,12,-122.313122550953,47.71212591097301
17352,12,-122.308165829393,47.7086280482267
17405,12,-122.301609559165,47.711463354627
17408,12,-122.309946351362,47.7157186428177
17901,12,-122.314485896656,47.7121347576064
17938,12,-122.31079146763268,47.71701968246583
18032,12,-122.305917865025,47.71865220679209
18093,12,-122.305764247753,47.7156831358765
18364,12,-122.311372035671,47.7179977192074
18535,12,-122.29624278791202,47.7199128181145
18692,12,-122.313973877569,47.7122581532222
18696,12,-122.31489952783032,47.715763084938125
18734,12,-122.315298693278,47.7139503184863
18892,12,-122.2990464512807,47.71927071864132
19190,12,-122.307381602441,47.7194187262676
19358,12,-122.303040348988,47.71347178136261
19425,12,-122.305738549709,47.7138687529191
19427,12,-122.312465102047,47.7168969716045
19449,12,-122.30446344543502,47.710235172926
19477,12,-122.304477487343,47.7121102409296
19485,12,-122.30837573733932,47.71270147438017
20101,12,-122.2979953202805,47.7192715810208
20223,12,-122.313309383176,47.7157578441551
20402,12,-122.3353042886,47.704987083199
20522,12,-122.30186687007,47.7113122928622
20657,12,-122.305776316048,47.7193132506362
20803,12,-122.31248570089971,47.71521702293539
20848,12,-122.31256566045,47.7316187678905
21063,12,-122.32867779760268,47.71300394474934
21249,12,-122.31235834936231,47.708772731563634
22078,12,-122.30574158243068,47.714312575369526
22096,12,-122.33004849136434,47.71706067623473
22267,12,-122.29833341195666,47.7159874455924
22340,12,-122.30916180331734,47.713902139753934
22341,12,-122.31386155824464,47.70896158539573
22502,12,-122.3100471497064,47.7181495026727
22640,12,-122.31718559687832,47.71396695915763
22897,12,-122.30177286363,47.71846391040357
23003,12,-122.3016677355782,47.71151017402828
23050,12,-122.298013441876,47.7192662208542
23102,12,-122.33334986090534,47.71405789538934
23244,12,-122.304731310533,47.7193010824096
24049,12,-122.31288776416,47.7334202102696
24217,12,-122.304247230224,47.7084883399833
24563,12,-122.31124357452188,47.71947850374984
24931,12,-122.310075129498,47.7102817913344
25101,12,-122.29725580855,47.7175070107564
25112,12,-122.3106842488106,47.710297962569975
25161,12,-122.30348716320434,47.7143153550565
25215,12,-122.306602614628,47.7193154128629
25226,12,-122.308455163895,47.7157464252918
25520,12,-122.313118903866,47.710313545333
25521,12,-122.31385540950198,47.7103106354164
25530,12,-122.331353431464,47.7140412025754
25594,12,-122.332689473344,47.70598826471843
25637,12,-122.31539091307802,47.7165066826834
25850,12,-122.29627228557229,47.71923663490732
26068,12,-122.31239308554,47.71355738641147
26145,12,-122.303305381963,47.71794902089429
26202,12,-122.312545037197,47.716521590476354
26299,12,-122.312877821488,47.7326790919405
26359,12,-122.31224431897664,47.71463680291214
26554,12,-122.312468278401,47.7142999845046
26857,12,-122.30722607114866,47.71417913712043
27011,12,-122.30782970319063,47.71790237195376
27093,12,-122.303502707873,47.7138634859836
27193,12,-122.300243181062,47.71876695002174
27238,12,-122.31113823254368,47.71536444619776
27462,12,-122.30336213288034,47.71023326974497
27982,12,-122.30169342221102,47.7120742967459
28347,12,-122.302742618384,47.71430953665504
28852,12,-122.301769484522,47.717460410194896
28890,12,-122.301731979797,47.7156940471458
28958,12,-122.33138523876768,47.715482878184936
29340,12,-122.309786042508,47.7171323789646
29576,12,-122.315318247992,47.7129655580739
29726,12,-122.304441575616,47.708466792068
29802,12,-122.331522858415,47.7131036726054
29935,12,-122.31254464344028,47.71718118740346
30475,12,-122.331322613446,47.7151483509425
30478,12,-122.31002895633333,47.718974367568336
30592,12,-122.31148335816164,47.71029066231976
30762,12,-122.30587046034964,47.7209768497674
31065,12,-122.30906209054666,47.71028002703313
31683,12,-122.30106182339632,47.713960115394734
31759,12,-122.307396583545,47.7194094698737
32091,12,-122.312408671798,47.7158712107715
32138,12,-122.296258924826,47.71922815847
32386,12,-122.314768174674,47.7139109079113
32467,12,-122.30441584619,47.7069110155552
32674,12,-122.33008521395,47.713157616264965
32754,12,-122.298059163244,47.7180006815277
32984,12,-122.333102444702,47.70599249065064
33001,12,-122.307456619204,47.7193726344634
33031,12,-122.31232841169134,47.71250179745966
33230,12,-122.331214863517,47.7059577734838
33254,12,-122.304624950131,47.7138419765095
33654,12,-122.31268497988168,47.714347881343095
33755,12,-122.299475612221,47.71500783558681
34002,12,-122.312695970393,47.716345150468
34184,12,-122.297842410425,47.7173163227853
34251,12,-122.30171086,47.71428816935856
34271,12,-122.297792385726,47.7185734358021
34273,12,-122.315411226992,47.7174705182997
34396,12,-122.312578876464,47.7334197993274
34474,12,-122.30023851186,47.71451026408537
34757,12,-122.312581199796,47.7194704114462
34821,12,-122.31256005715082,47.71754453384466
35048,12,-122.328658781149,47.7149751987793
35188,12,-122.315433326583,47.7165091240677
35646,12,-122.314273608719,47.7129464501551
35783,12,-122.297334716437,47.719383867458
35936,12,-122.312653514298,47.7150707587736
36127,12,-122.298441942411,47.7192064670535
36132,12,-122.294576638637,47.719165352756
36365,12,-122.3124549694,47.7173661234043
36535,12,-122.312605279511,47.7340323634716
36570,12,-122.312582648704,47.7337026878952
36629,12,-122.298546861342,47.7169888717789
36704,12,-122.303747950466,47.7194237596532
36833,12,-122.30471395394,47.7194325297727
36931,12,-122.30662030021531,47.71928686165817
37166,12,-122.313779776435,47.7131288603285
37343,12,-122.299039639629,47.7192098199787
37387,12,-122.312560330811,47.7320322095042
37396,12,-122.307380489088,47.719432413915
37443,12,-122.312851850015,47.7316114493922
37548,12,-122.313130257735,47.7122530818473
374,13,-122.297471780664,47.6776285631687
566,13,-122.291661141757,47.6829996148504
1207,13,-122.299648510863,47.6866276979545
1230,13,-122.295992778664,47.690967240950194
1278,13,-122.295962424606,47.6884187913544
1629,13,-122.29331984873932,47.69128393199123
1677,13,-122.306562589292,47.6730306816875
1956,13,-122.305333514195,47.68009957447557
2461,13,-122.30657553079702,47.67483502989
2601,13,-122.29741291736498,47.6866237662739
3438,13,-122.293014918991,47.67936951280209
3462,13,-122.29869624645,47.68354151441133
3531,13,-122.304001072823,47.6793731199539
4506,13,-122.29294058074768,47.6762760088873
4543,13,-122.297472965672,47.69028722273341
4680,13,-122.29591278115,47.689210682006
4684,13,-122.29592689033667,47.68841893769693
4704,13,-122.306084044278,47.68081393024633
4961,13,-122.292360488152,47.6769606255104
5098,13,-122.295885652812,47.6866299615638
5148,13,-122.292871088768,47.6761439174895
5204,13,-122.30272699673134,47.67770879730517
5316,13,-122.295971753367,47.6892088891997
5507,13,-122.295980890704,47.6916104108101
5761,13,-122.297379441063,47.686674686668
5867,13,-122.280777537991,47.67582997957711
5923,13,-122.29601128677798,47.69030765874791
5924,13,-122.295995796271,47.6898923289773
6148,13,-122.3016309643374,47.67659278656661
7392,13,-122.301107457407,47.683129537973
8282,13,-122.296714926485,47.6902823201956
8796,13,-122.29329859718298,47.690963431143
8869,13,-122.299635000488,47.6829730244901
9033,13,-122.29729640771102,47.68982087904269
9529,13,-122.30067855977669,47.68433032913117
9710,13,-122.301570294898,47.6766671829951
9994,13,-122.2979262033084,47.68299928392865
10024,13,-122.28940074320234,47.68036232585126
10148,13,-122.27893267503768,47.67459963862964
10213,13,-122.301120054362,47.6829945545167
10263,13,-122.30400557952636,47.68082354987484
10584,13,-122.293317561153,47.6915957164733
10657,13,-122.30774189140668,47.68443115441596
10797,13,-122.29523697980666,47.67945877233323
11118,13,-122.291139205604,47.690975029438334
11602,13,-122.303923332842,47.6773858962038
11985,13,-122.302726279147,47.6793733845536
12026,13,-122.299510930491,47.679353090857
12267,13,-122.296418076137,47.67877511704953
12351,13,-122.29165682280102,47.683039625079
12376,13,-122.30054459953,47.6793563918874
12406,13,-122.2934696341582,47.69057661761008
12538,13,-122.298674653673,47.6829953092275
12569,13,-122.301220147769,47.6884322539198
12807,13,-122.29120174710734,47.69024827751236
13728,13,-122.305338539138,47.679374224983896
13745,13,-122.29711712013231,47.68729533349773
14156,13,-122.29061691216,47.6835619369846
14985,13,-122.29405960932,47.679368522600406
15051,13,-122.288229493212,47.6758252105547
15098,13,-122.290639796717,47.68656951688539
15393,13,-122.278988908445,47.6757920213964
15470,13,-122.304008911084,47.6808938784404
15789,13,-122.305249636758,47.6830376074359
15879,13,-122.30763728432,47.6793982577316
16089,13,-122.288329837409,47.67936833448041
16312,13,-122.30279043216169,47.68086963363313
16899,13,-122.295193602554,47.6775350607055
17144,13,-122.286963605271,47.6758329338158
17157,13,-122.297448972929,47.6775874348555
17194,13,-122.289375412805,47.6793676194248
17223,13,-122.307658603866,47.6794394626178
17268,13,-122.30007715451,47.67762437362436
17269,13,-122.299468961721,47.6776251506135
17381,13,-122.294100481774,47.67940441649339
17464,13,-122.305973033688,47.6812209245036
17585,13,-122.291025672912,47.6793696778528
17691,13,-122.28821457699632,47.67726771789787
17723,13,-122.289357968543,47.67902556855777
17850,13,-122.306719844728,47.6794090496979
17922,13,-122.306798183994,47.682974226838006
17924,13,-122.29400638561266,47.67609139233107
17998,13,-122.296450348746,47.67762441232011
18266,13,-122.28600975246434,47.678987855664765
18329,13,-122.288313585594,47.6794108089743
18356,13,-122.2840650549904,47.67582824705824
18411,13,-122.303980400747,47.6794143734491
18528,13,-122.29915247646768,47.68297060036466
18550,13,-122.29121889667069,47.69160447507604
18598,13,-122.30708972419832,47.6742354105297
18827,13,-122.298816584303,47.690253885160665
18931,13,-122.29823779633,47.6884183541137
19043,13,-122.30490239851632,47.680673351849975
19193,13,-122.28585787902098,47.6758270082429
19230,13,-122.28085914193768,47.67740242318007
19420,13,-122.301675665922,47.6794156663035
19556,13,-122.302749219844,47.6794142184526
19648,13,-122.297396957538,47.6857686631715
19800,13,-122.291557656349,47.6758251929058
19851,13,-122.30531969864,47.67941578192241
20010,13,-122.298695536986,47.6889324547966
20158,13,-122.296207871769,47.691396914669
20215,13,-122.304088735945,47.6829569199081
20276,13,-122.29671904483332,47.68926639473856
20357,13,-122.305295342514,47.6839429177711
20367,13,-122.304084172293,47.68410357578364
20482,13,-122.29822929961666,47.68747862259673
20617,13,-122.29638015019134,47.6773300141615
20737,13,-122.282911612657,47.675869825924
20742,13,-122.3016537221,47.679374589069
20866,13,-122.308750833087,47.67481899670511
20867,13,-122.30875611526432,47.67507187105787
20898,13,-122.305222829083,47.6829975973104
21244,13,-122.29743512597932,47.67733167457637
21422,13,-122.299150740493,47.6829951288683
21426,13,-122.30389017402666,47.67602874877227
21544,13,-122.305278079195,47.677927191461606
22153,13,-122.30280873594,47.68299857637961
22254,13,-122.295904503513,47.6898994270925
22586,13,-122.289283558919,47.67582560168669
22587,13,-122.289045483464,47.6758252975375
22643,13,-122.295255210809,47.6793661020859
22933,13,-122.30181389184531,47.68444857778423
23202,13,-122.29096768162168,47.677638864113135
23622,13,-122.291567831557,47.68127355424141
23866,13,-122.294276254194,47.68299722697649
23890,13,-122.28834307344,47.6803424507838
23905,13,-122.303452221057,47.68128657025247
24101,13,-122.292715991118,47.6826125166617
24128,13,-122.298359481152,47.67934480565
24246,13,-122.296421380519,47.6775836398982
24273,13,-122.297497556283,47.6898760233959
24478,13,-122.292396913094,47.679404988087605
24642,13,-122.2967752356722,47.682997316984384
24734,13,-122.318460019423,47.6831616030242
24843,13,-122.289982092577,47.6793333901521
24987,13,-122.30162262031368,47.67621181892603
24994,13,-122.28290942535098,47.67583282460149
25271,13,-122.289942271179,47.6793757066543
25330,13,-122.279061936019,47.6791600889823
25350,13,-122.30172783330566,47.680870306523495
25353,13,-122.29716547505132,47.6843646875152
25459,13,-122.278995994297,47.6758329046911
25488,13,-122.30174588652662,47.68299676039212
25584,13,-122.30764092893568,47.6786531756915
25585,13,-122.284083168041,47.675869233178
25629,13,-122.293515315476,47.6905759778961
25715,13,-122.29235858712302,47.6793692002312
25815,13,-122.308165032015,47.6748191260504
25816,13,-122.30818557184068,47.67459081985893
25901,13,-122.310061977041,47.683094318845896
26089,13,-122.304901439736,47.6812219826379
26390,13,-122.291644420496,47.6833295892191
26484,13,-122.297116407325,47.682997387764296
26505,13,-122.307089843652,47.6748329363317
26704,13,-122.29677136603932,47.68297212406444
26886,13,-122.30409451013,47.6829978961442
27052,13,-122.309963169695,47.68150492022854
27074,13,-122.30173011885,47.6812660913258
27323,13,-122.295164750938,47.6758257600585
27499,13,-122.292889777754,47.6758271832226
27608,13,-122.297305129365,47.6793480948939
27691,13,-122.29953594898534,47.67663598033306
28011,13,-122.30524225109131,47.68166537540207
28188,13,-122.302792991858,47.6809189358472
28225,13,-122.30675550233498,47.681205857334
28562,13,-122.30982912918232,47.675168819656704
28563,13,-122.294136588104,47.679494023631
28574,13,-122.287088171243,47.67934683080531
28814,13,-122.31134061676666,47.674795528424106
28909,13,-122.292053132945,47.6812721654521
29174,13,-122.29964691039066,47.683948600625264
29244,13,-122.301728280365,47.6809406701131
29386,13,-122.288228100063,47.675866783543
29610,13,-122.309833888109,47.6748057510747
29816,13,-122.302236947178,47.6812803434492
29820,13,-122.30173595085598,47.6829316816014
30087,13,-122.295777863665,47.68299566148
30185,13,-122.29100007434532,47.67830437611084
30454,13,-122.30759922951266,47.67519326754573
30455,13,-122.307588733371,47.6748231865054
30624,13,-122.291520649402,47.6794933923071
31172,13,-122.318455992679,47.6832050382181
31450,13,-122.308450784332,47.6737059350139
31550,13,-122.29003477478,47.679351661425606
31680,13,-122.318686696856,47.6828477907542
31879,13,-122.290492065667,47.6792050816968
31967,13,-122.2979238416,47.682965388779
31992,13,-122.319826719309,47.683236411525
32012,13,-122.289178127926,47.6704807207762
32361,13,-122.290969361617,47.6794977526759
33100,13,-122.310899458983,47.67479180260259
34188,13,-122.299456467538,47.6867571489979
34729,13,-122.31089676539432,47.675147017273936
34803,13,-122.308197220264,47.6750651970473
36080,13,-122.290673928223,47.6852857689138
37391,13,-122.294265131999,47.6829660118933
37660,13,-122.303969829843,47.6772055640169
72,14,-122.275684367022,47.65772720934556
157,14,-122.27340967752366,47.65675283046087
369,14,-122.278005641646,47.6553892335078
473,14,-122.27562049181334,47.65979186675413
537,14,-122.276702872756,47.65827761790365
543,14,-122.27381933180568,47.6573681038243
1073,14,-122.27809721380768,47.6557601745956
1447,14,-122.27358312771734,47.65721275997647
1487,14,-122.276251331748,47.656558328283
1488,14,-122.27569576625832,47.655953575004105
1578,14,-122.276744462271,47.6567007652893
1664,14,-122.276726654801,47.65670714628984
1763,14,-122.27656468826666,47.6592233737018
1789,14,-122.27677552801435,47.6591142718444
1920,14,-122.27410131843077,47.65849021368784
1921,14,-122.27410960600332,47.65920217420344
1936,14,-122.27506963835334,47.65703175145193
1937,14,-122.274623134041,47.6556256675556
2500,14,-122.27483020154,47.65830717279567
2743,14,-122.278179420339,47.6543731906284
2744,14,-122.27816315399124,47.65437436352257
2758,14,-122.272941248373,47.65745052175757
2887,14,-122.27476104301132,47.659791396633466
3037,14,-122.27880195116,47.655779628062426
3180,14,-122.27678112980482,47.65982252198159
3264,14,-122.273940898071,47.6601151856726
3374,14,-122.27388519592,47.6604940846953
3544,14,-122.277037196861,47.6557163206428
3724,14,-122.2768094313115,47.657580280211896
3767,14,-122.274129036934,47.6592032178257
4070,14,-122.276974639567,47.6556996901526
4097,14,-122.27574036240031,47.65907699207873
4119,14,-122.2764414467,47.66050337799253
4263,14,-122.27472238659333,47.65909746990007
4423,14,-122.27573282171632,47.65831336976549
4512,14,-122.27390526059736,47.658321074916365
4985,14,-122.2780252129565,47.655391447223394
5246,14,-122.278752523467,47.6550120662187
5275,14,-122.273901177306,47.6589708963499
5311,14,-122.27516612060133,47.660519248972896
5318,14,-122.273915595358,47.6595661969925
5353,14,-122.27482988669868,47.65671410096606
5509,14,-122.277983070706,47.6540736809818
5722,14,-122.27573486905834,47.65690588273437
6003,14,-122.27622161680434,47.65649463242013
6159,14,-122.276270281805,47.6565617736349
6801,14,-122.276806677803,47.6558251786258
6953,14,-122.274645885008,47.6561703798187
6988,14,-122.27775513243866,47.65737368295057
8156,14,-122.276847930651,47.65758585274109
8404,14,-122.278089567086,47.6549280532292
8539,14,-122.27695565012,47.65569625738645
8540,14,-122.276156596715,47.6551697663468
8604,14,-122.27555339690866,47.65540023737563
10030,14,-122.274673967884,47.65771455803743
10066,14,-122.273436409014,47.6581155849982
10067,14,-122.273434982356,47.6581044843855
10624,14,-122.27340993964464,47.656052028822735
12391,14,-122.276898025844,47.6576105915528
12907,14,-122.27797403283,47.65336807205
380,15,-122.300237707342,47.5787837595216
592,15,-122.29199679212614,47.58484554435779
804,15,-122.30107304496332,47.5829738205789
805,15,-122.30045470056102,47.582985167412495
830,15,-122.30155646897,47.5844579515321
1066,15,-122.299325622884,47.5774638413307
1424,15,-122.299344558632,47.57746536923221
1564,15,-122.301018267445,47.584694367124
1691,15,-122.292077113858,47.5782932484026
1724,15,-122.300920846019,47.5845817599239
1732,15,-122.300665806592,47.5790907915079
2019,15,-122.302239176804,47.57839829011599
2042,15,-122.292919701129,47.57968773387
2144,15,-122.300610418487,47.5791029693407
2237,15,-122.294222233601,47.5784118452037
2297,15,-122.28997090765202,47.5783059149107
2298,15,-122.2899570074805,47.57831550287611
2561,15,-122.294171555898,47.5829655898818
2658,15,-122.302887723486,47.5828835001198
2714,15,-122.301592146901,47.5813512363124
2725,15,-122.29093778806168,47.58278866621203
2835,15,-122.300399531764,47.5855350433528
3012,15,-122.29744024036,47.577179622426
3861,15,-122.307942349758,47.5770398542175
3896,15,-122.297154403032,47.5836790834303
4025,15,-122.300839868126,47.584459288615
4171,15,-122.300229486755,47.5784088771103
4228,15,-122.300341299185,47.58698281176
4229,15,-122.30038330382,47.586873546351
4585,15,-122.301449212728,47.5844559020997
5021,15,-122.306785640764,47.5770000794735
5067,15,-122.300841221927,47.5845687944124
5192,15,-122.28668244577666,47.58194037814386
5385,15,-122.304389635264,47.5775754844461
5805,15,-122.303633987414,47.5837027983204
5838,15,-122.28548758105012,47.57718004929014
5854,15,-122.30336652408867,47.578107835598
6067,15,-122.30680592197298,47.577041459371095
6118,15,-122.309228579345,47.577039095955
6285,15,-122.29101179213669,47.57831438659159
6325,15,-122.299437700235,47.5784041090765
6661,15,-122.30225986535702,47.5776010277495
6703,15,-122.294064742581,47.5757505864
6838,15,-122.295061844044,47.5784115056292
7056,15,-122.304334883342,47.58359797995811
7080,15,-122.304974869106,47.5783837824746
7129,15,-122.294217336377,47.5796126700098
7328,15,-122.298574710059,47.58360815905561
7386,15,-122.298956347486,47.577444854295
7408,15,-122.306777825105,47.5783976872894
7460,15,-122.30156035451364,47.58511914820874
8157,15,-122.30138354568,47.5844193698909
8231,15,-122.30294896444302,47.5828964674235
8321,15,-122.29924328777,47.5774665728354
8450,15,-122.30079495003366,47.5809752315086
9225,15,-122.30865980807732,47.575482032532
9340,15,-122.300179178464,47.5791129681147
9365,15,-122.301523117186,47.5813503556937
9366,15,-122.29736566995102,47.578414534379
9392,15,-122.29548456001932,47.57575317547293
9397,15,-122.303327098248,47.58291026575233
9587,15,-122.300778067745,47.5792554016715
10123,15,-122.29768487712242,47.57759000179198
10201,15,-122.304312193481,47.5851479710928
10284,15,-122.2929330028,47.5770972419954
10796,15,-122.297361429187,47.5772040427398
11087,15,-122.28988723811034,47.57766120812314
11253,15,-122.30023331723632,47.579573764605264
11475,15,-122.300410354235,47.5836134280733
12009,15,-122.303372192185,47.57839652840661
12681,15,-122.297529545405,47.5811804689495
12702,15,-122.299206034148,47.5784091701477
12760,15,-122.300184967956,47.5855913169429
12825,15,-122.30651053360232,47.575495337863
12838,15,-122.28609857179453,47.57842976807849
13083,15,-122.299754423582,47.5836003403543
13207,15,-122.30285252230966,47.58397475839967
13545,15,-122.30438186922,47.5783959588524
13570,15,-122.30226707591834,47.577118542734695
13697,15,-122.30362507593368,47.584444315647495
13698,15,-122.304331861125,47.5844451273376
13952,15,-122.291991469862,47.58366725328045
13953,15,-122.2920061422635,47.58367597206606
14043,15,-122.29360377773068,47.581001899421096
14306,15,-122.30042974160531,47.58200657864014
14391,15,-122.29411028959198,47.5829526531827
14392,15,-122.29360862376468,47.58294954812603
14463,15,-122.30224249959868,47.57876863611563
14845,15,-122.29609071894464,47.57902059253763
14846,15,-122.296085088579,47.57874854383831
14881,15,-122.30155496205168,47.58438156841953
14949,15,-122.29605311839198,47.5785185053627
15045,15,-122.29468840784402,47.5784064313872
15170,15,-122.296095888953,47.577575037714
15319,15,-122.296039041203,47.5784172071615
15509,15,-122.294210508044,47.5810339642239
16016,15,-122.295054869142,47.5829503274767
16160,15,-122.30806589725069,47.57917743693334
16336,15,-122.2870996435618,47.57706752310855
16337,15,-122.28854187666768,47.57830941488947
16710,15,-122.29509427781632,47.581335434068734
16730,15,-122.300240965078,47.5791296660344
16744,15,-122.29509780584668,47.57770562011053
17271,15,-122.294114695454,47.5836821910194
17400,15,-122.302261593885,47.5783573423053
17415,15,-122.303376310615,47.5775737385029
17562,15,-122.31015567082268,47.578674990574136
17807,15,-122.3004024229,47.5844593485245
17812,15,-122.299109097613,47.5836034631945
17990,15,-122.309248526379,47.57699770713091
18128,15,-122.30282029827832,47.577561713923565
19495,15,-122.301005593828,47.5836015141158
19829,15,-122.301648600622,47.57759751922728
19892,15,-122.299433691405,47.5784326187671
19978,15,-122.30924842586,47.5786848889773
20199,15,-122.30925663177068,47.57918249921117
20372,15,-122.295056329759,47.5832032699276
20980,15,-122.307944178867,47.5769956960006
21058,15,-122.28478615598014,47.57623992228087
21701,15,-122.29603004987467,47.57874890010643
21846,15,-122.28856770079167,47.57830540284366
21847,15,-122.305565899262,47.5786669648781
21855,15,-122.29082268676989,47.58279014136071
21896,15,-122.30336788067432,47.57567461936457
22543,15,-122.29945823717668,47.57990517282376
23051,15,-122.29079171444153,47.5836523655873
23052,15,-122.29077523256,47.5836600539107
23472,15,-122.307484642738,47.5754672528107
25219,15,-122.284136153044,47.5765038453622
25220,15,-122.28415233622955,47.57651381185857
25323,15,-122.301557118623,47.5855617005272
25771,15,-122.29603032471734,47.57863222430253
25782,15,-122.30137844673,47.58733985479836
25783,15,-122.301489745948,47.58698864192829
26227,15,-122.285322444351,47.5785250343717
26803,15,-122.28628052933966,47.5792310447654
27015,15,-122.30231758714768,47.58445729620926
27900,15,-122.286858645045,47.5783243827695
28325,15,-122.290924059721,47.5850902759515
29295,15,-122.300400904662,47.5847782421672
29357,15,-122.295811011508,47.582836645101
30253,15,-122.304373501844,47.5851367437056
30750,15,-122.28553464853952,47.57996768180576
30767,15,-122.291127595613,47.5850970936745
30937,15,-122.298373102496,47.5784496050514
31200,15,-122.291005098055,47.5850907388728
31606,15,-122.29029686424728,47.58508669402196
31953,15,-122.299681780954,47.5837285908429
32025,15,-122.28971567606928,47.58365183678837
32135,15,-122.29199123543066,47.585651853165565
33056,15,-122.286266955283,47.5803676381578
33181,15,-122.28876323255533,47.577664666632
33561,15,-122.2991125896,47.5837278069555
33603,15,-122.29029784785634,47.57837463916794
33868,15,-122.29459984699052,47.5783091016154
34993,15,-122.290301275751,47.58424854987967
35209,15,-122.29519791893732,47.57829877932373
35386,15,-122.290805659163,47.5813093521716
35978,15,-122.29717708634442,47.57686323341176
36143,15,-122.287484617702,47.5802782835017
36195,15,-122.297459664797,47.5837214305368
36239,15,-122.289740945448,47.581460702299
36293,15,-122.304366591822,47.5859245393472
36334,15,-122.284525383973,47.5759106332868
36368,15,-122.289759431936,47.5815136846727
36525,15,-122.290812003148,47.5813638696965
36641,15,-122.28691831290234,47.579847152995136
36766,15,-122.299069815527,47.5837277488816
37071,15,-122.30018992175,47.5847786509611
37239,15,-122.297484254225,47.5784587237173
37274,15,-122.291851121781,47.5769219603188
37501,15,-122.291867546573,47.5768684608802
0,16,-122.384863730144,47.6887435976678
51,16,-122.390768542466,47.6849937810139
181,16,-122.380079966353,47.6887708386046
673,16,-122.38765600837333,47.68208579220373
680,16,-122.388828191054,47.685502392169
946,16,-122.38698886779532,47.68348810268591
963,16,-122.384233817307,47.6776615014627
1057,16,-122.38162640767332,47.68715988930783
1280,16,-122.388641101404,47.68306042345781
1773,16,-122.387000253454,47.6850286913059
1934,16,-122.388782897444,47.6867505199384
2356,16,-122.381112118555,47.6776499196701
2463,16,-122.388621333139,47.6813598576439
2671,16,-122.3888044916592,47.69232968904578
2849,16,-122.388600237525,47.6780893874099
2942,16,-122.387691960976,47.6850289867267
2957,16,-122.38700235059532,47.68710192975943
3053,16,-122.383279009414,47.67766518746189
3313,16,-122.384232073421,47.677720985842
3330,16,-122.382220277452,47.6777027084807
3469,16,-122.38876985088102,47.6890757191997
3539,16,-122.38220702606166,47.6764650890032
3858,16,-122.387697113825,47.68447787239177
3880,16,-122.382218753858,47.6776446983468
4099,16,-122.387685832274,47.6776289049604
4100,16,-122.38763423987568,47.67806462043517
4104,16,-122.386994709723,47.68639017716151
4138,16,-122.38594047143334,47.69016565491203
4152,16,-122.387001011956,47.6887348000451
4272,16,-122.387676175131,47.6843545835199
4834,16,-122.3903610008648,47.69168570861196
5063,16,-122.38856243817068,47.676233808549
5266,16,-122.385918098864,47.683713300791965
5405,16,-122.388772156368,47.6850152971773
5555,16,-122.38813164378232,47.68502298829856
5608,16,-122.390359252585,47.6920045993937
5713,16,-122.383293822917,47.681360694945305
5932,16,-122.39037344863702,47.690936333041
6975,16,-122.384215585213,47.6813177690777
6982,16,-122.387418573687,47.677650807322
7182,16,-122.387701154535,47.6887023783327
7277,16,-122.382087064071,47.6850608156517
7502,16,-122.38207525768,47.681365082942
7611,16,-122.387627496886,47.6760527759654
8165,16,-122.387723886142,47.6924004982127
8270,16,-122.381618486139,47.6887645747043
8271,16,-122.381155933085,47.6887700476692
8418,16,-122.388785778963,47.6905056897856
8654,16,-122.3811212345394,47.67999501662568
8961,16,-122.39248099798267,47.68307394542797
9368,16,-122.389835978976,47.6813553895835
9424,16,-122.385296805442,47.68135729966699
9447,16,-122.381114528536,47.6777110403772
10041,16,-122.38271029561,47.6887517907298
10092,16,-122.387684710841,47.6813563365514
10356,16,-122.383788801805,47.6887487171859
10741,16,-122.387708267999,47.6890623980448
11218,16,-122.390756049742,47.68134706303911
11339,16,-122.388712233877,47.69050947611171
11367,16,-122.38983862009,47.6849512551299
11544,16,-122.38652379025102,47.6813533766601
11548,16,-122.390820717136,47.6904933846219
11707,16,-122.380060348768,47.6813692492477
11779,16,-122.381164529277,47.6813724226914
11869,16,-122.38648554636,47.6776580208564
11889,16,-122.3887675179302,47.68570669679347
12299,16,-122.39196689755902,47.6813477589812
12629,16,-122.39196761428,47.68130172183769
12774,16,-122.383275923465,47.6777218613361
12861,16,-122.39261750908634,47.6920023266128
12898,16,-122.385932895797,47.6887389858436
13126,16,-122.389860563322,47.68500327698191
14976,16,-122.380929186851,47.6776566739988
15091,16,-122.38487454095134,47.69017391573583
15210,16,-122.387720451004,47.6904342672281
15242,16,-122.384184545476,47.68135688722881
15336,16,-122.38859080195898,47.677750560069
15338,16,-122.38163097625367,47.69017168474248
15365,16,-122.393031171536,47.6867238155102
15456,16,-122.38328322266932,47.68084456803194
15698,16,-122.384840289178,47.685023698676
15762,16,-122.382081791905,47.681068579372464
15883,16,-122.386500260628,47.6794513236668
16083,16,-122.38380193652532,47.69017483170117
16093,16,-122.390789576921,47.6849447410603
16114,16,-122.388624211698,47.6795609485056
16115,16,-122.38812712865234,47.67954227698187
16117,16,-122.389636067741,47.6777217440249
16441,16,-122.38486373775866,47.68314638645304
16455,16,-122.382217186228,47.6790183518529
16692,16,-122.385930410114,47.68715874009117
16795,16,-122.39071717121,47.6777404194901
16836,16,-122.386503146955,47.6813118062704
16849,16,-122.38982745855266,47.683439385087006
17126,16,-122.380077736909,47.6864792648793
17149,16,-122.38162569590132,47.6864749864387
17200,16,-122.390706175045,47.676139646288
17407,16,-122.392304229254,47.6909415712526
17434,16,-122.39191228553368,47.67619798201844
17634,16,-122.39169230746,47.692770629327335
17930,16,-122.384863293647,47.687101282435
18251,16,-122.384230183414,47.6761978034671
18347,16,-122.390744346643,47.6780235134746
18440,16,-122.38326862731031,47.67612469363587
18799,16,-122.385920596688,47.6850179223557
19044,16,-122.38052888692266,47.67947845951687
19322,16,-122.38648498096602,47.677715533627
19928,16,-122.38822875029268,47.69053204307374
19969,16,-122.38007855597232,47.690174898650525
21254,16,-122.38981748318234,47.68276732170267
21256,16,-122.381145213533,47.6864833918364
21488,16,-122.384858122597,47.686411447624266
21499,16,-122.39204877692266,47.69167823167013
21671,16,-122.389633032082,47.6761498646077
21685,16,-122.38613576628067,47.67947298344933
21799,16,-122.38875097424,47.6830735015061
21820,16,-122.38921098733766,47.67953010664593
22045,16,-122.384206039635,47.6794558677433
22066,16,-122.38112052465432,47.68106733165146
22506,16,-122.39078235201866,47.68343412920384
23325,16,-122.390773805654,47.68127229810781
23557,16,-122.385314674783,47.6794684634627
23558,16,-122.38484580834532,47.679471379615
23590,16,-122.388751481355,47.6924000272101
23642,16,-122.385922853047,47.68640197036401
23702,16,-122.381103744199,47.6794796979378
23753,16,-122.386480758358,47.6762444739643
23854,16,-122.38823616736032,47.68311483315404
23991,16,-122.387009775171,47.690154292325
24043,16,-122.380064160808,47.687163490971
24053,16,-122.381100869962,47.6761894950253
25014,16,-122.38379529314402,47.686424376586935
25015,16,-122.38988548048,47.6904441713717
25047,16,-122.381154387594,47.6901754745613
25837,16,-122.38424020798368,47.67977872118853
25839,16,-122.383786537004,47.6871183244637
26059,16,-122.39142227387867,47.679510674534136
26060,16,-122.390760353457,47.6795176999027
26081,16,-122.38271007708634,47.686434794992834
26891,16,-122.38272026486568,47.69017957129076
26946,16,-122.381136324493,47.6871562479199
26996,16,-122.39078453451668,47.6827057219485
27317,16,-122.382711706489,47.6871283165349
27873,16,-122.390219670571,47.6795222814964
28012,16,-122.38966921771367,47.67803049096813
28238,16,-122.385311877323,47.6779985336112
29889,16,-122.391962561793,47.6795074488179
30428,16,-122.389760485404,47.6813107757773
30906,16,-122.38425245739532,47.68277557785586
32021,16,-122.39197403629164,47.68270111557526
32768,16,-122.38533122604632,47.6827227082573
32846,16,-122.38329659043602,47.6825853159591
33449,16,-122.38531765348598,47.6813161428234
33517,16,-122.39245874784564,47.67950077891657
33739,16,-122.386498133766,47.6797581663037
34453,16,-122.39193205945634,47.67802418784487
35471,16,-122.38651136946136,47.68277888967297
54,17,-122.288308366004,47.62608540405879
74,17,-122.277182464304,47.6369972636245
439,17,-122.2881763418,47.6250739025794
479,17,-122.27723843051425,47.63851868635867
613,17,-122.28533609241,47.6418726802825
647,17,-122.295248311398,47.624197700324
703,17,-122.279203994183,47.6333196467564
704,17,-122.278606153727,47.6333127526619
1091,17,-122.27724101296536,47.63872308207901
1303,17,-122.289606818519,47.6280203144485
1445,17,-122.285304657731,47.641871654130746
1604,17,-122.279985938553,47.633306433202
1605,17,-122.279982058493,47.6329191350411
1711,17,-122.294722656373,47.623724912100734
1712,17,-122.294898859766,47.6235866946667
1853,17,-122.285372463172,47.6233102622359
1854,17,-122.285388906873,47.623318146169495
1894,17,-122.285343753862,47.6411723818932
1933,17,-122.286098876497,47.62299961419131
2131,17,-122.279660763911,47.64075860832529
2132,17,-122.280226216689,47.6407539738515
2133,17,-122.28409385059268,47.62685768831204
2205,17,-122.280288190237,47.6347871221546
2722,17,-122.28488512983968,47.62562033168604
2842,17,-122.27919159665132,47.63448288297883
2915,17,-122.2880947666135,47.6250761229288
2916,17,-122.2880746351072,47.62507328191637
2932,17,-122.277148039673,47.6404432764441
3413,17,-122.296632881669,47.622464977213
3750,17,-122.295621081865,47.62394564876576
4404,17,-122.28887470107186,47.62776041910736
4626,17,-122.28570696223,47.62406456026684
4796,17,-122.28526761894231,47.62335715053657
4850,17,-122.27869100788432,47.631486939846695
4895,17,-122.288321527738,47.6260971097162
5579,17,-122.284687466585,47.6367042177305
5732,17,-122.28832778806002,47.6260842559093
5953,17,-122.2845015438995,47.6226495987707
6051,17,-122.27992436425798,47.6333189870361
6339,17,-122.27719486892902,47.6364194280031
6766,17,-122.278621550803,47.6322204441322
6864,17,-122.27720616346916,47.6399078687567
6867,17,-122.28261640654098,47.6346217083607
6868,17,-122.283379319075,47.6346307264734
7085,17,-122.279806789412,47.6286449105294
7183,17,-122.286098948984,47.6230117300816
7855,17,-122.28471007699034,47.6334273161684
7862,17,-122.294619480835,47.6246688234934
8337,17,-122.28557810907398,47.62504378920714
8627,17,-122.281956424616,47.6346240787876
8942,17,-122.280104808118,47.6344558715612
8982,17,-122.281391892462,47.6335778222402
9181,17,-122.283363538737,47.6322418092345
9264,17,-122.281650580266,47.6334057602627
9524,17,-122.277177791148,47.64074563614489
9904,17,-122.294041227455,47.6250076759592
10590,17,-122.29446534861,47.6247254044142
10989,17,-122.284293726917,47.6224250942896
11139,17,-122.288171617324,47.6250947515634
11189,17,-122.280202526768,47.6406056286903
11282,17,-122.2861157820565,47.6230063475702
11531,17,-122.2833931739816,47.63341965103586
11660,17,-122.277751501521,47.6407442721061
11787,17,-122.282755445017,47.64081155672719
11954,17,-122.29198399029868,47.62690679269343
12297,17,-122.286180752033,47.6230589330933
12345,17,-122.280423417403,47.6333247719587
12596,17,-122.284051930439,47.6411151674036
12814,17,-122.28085257551702,47.6407892811368
13156,17,-122.276971341075,47.6407655661836
13157,17,-122.29098611533202,47.6274326563095
13543,17,-122.278428053837,47.6407482178604
13594,17,-122.289882848663,47.62782028092
13928,17,-122.291187498221,47.624929802110806
13929,17,-122.291872563657,47.6248836741576
13998,17,-122.277265172153,47.633306734289
13999,17,-122.27707449038,47.6333075442754
14250,17,-122.291037084312,47.6254054167628
14663,17,-122.283896347616,47.6411545584645
15032,17,-122.291120204342,47.6254156260682
15601,17,-122.28758750963702,47.6293768452529
16427,17,-122.283013245034,47.632478877797006
16506,17,-122.277776810585,47.63699295984801
16820,17,-122.279247387516,47.6312172477418
17468,17,-122.290728890681,47.6249733500025
17748,17,-122.291158568063,47.6274382596452
17830,17,-122.276949102022,47.6385228165319
17831,17,-122.27695152529448,47.63850928297455
17900,17,-122.28261448397102,47.63638828920983
18076,17,-122.284735728727,47.6322220325867
18096,17,-122.27846495677264,47.63506473380121
18265,17,-122.277204108059,47.6356489684215
18345,17,-122.28333494990534,47.63606415029776
18444,17,-122.27777184926236,47.63847643568637
19006,17,-122.28607726160932,47.62299774099797
19109,17,-122.279622427105,47.6408162884581
19371,17,-122.290206026283,47.624971922072
19494,17,-122.290197553376,47.6269571163915
20268,17,-122.29292401573066,47.62846902847887
21224,17,-122.28399535541767,47.63250130681206
21287,17,-122.282614892554,47.6281147797976
21934,17,-122.284737515138,47.63300372683983
22236,17,-122.27868177172802,47.6318807317326
22286,17,-122.28570340104348,47.62730028306319
22929,17,-122.283996749077,47.63221685391179
23723,17,-122.28537273179434,47.6277370986738
24296,17,-122.281400152907,47.6369379078959
24684,17,-122.28474535146034,47.6318789370442
24759,17,-122.28671466933,47.6260942036452
25275,17,-122.282623938789,47.6418880263718
25834,17,-122.28196386818831,47.6339778281199
25885,17,-122.276917490095,47.6399528623435
26150,17,-122.27839687395,47.631767353642
26158,17,-122.289504512735,47.629502944107
27081,17,-122.282608906221,47.6324384326973
27213,17,-122.277761466808,47.639451467038135
27416,17,-122.284251951825,47.6285767102193
27417,17,-122.282596937775,47.62853763557935
28457,17,-122.28260995843068,47.62797460622384
28964,17,-122.283022028499,47.6320898876979
29097,17,-122.284058221738,47.641208834858
29832,17,-122.287491396921,47.6276459542438
30388,17,-122.290978532899,47.629256602925
30638,17,-122.27715066443,47.6332371076208
30954,17,-122.28806649545568,47.62506240105351
30955,17,-122.28762550370432,47.62501911863304
31733,17,-122.278402124766,47.6408095491172
32540,17,-122.288890251022,47.62775058177647
32578,17,-122.277677674985,47.6368601960828
32837,17,-122.283044281861,47.627242160719696
32952,17,-122.278389456937,47.6322277119215
33674,17,-122.276947216235,47.6372944549001
33683,17,-122.28570152943,47.6272526502859
33821,17,-122.285611018233,47.624589806763
34282,17,-122.288952401689,47.626283386251
34332,17,-122.280038670267,47.6324813148136
34463,17,-122.286123990013,47.6294604512389
34934,17,-122.289415086192,47.624950578414136
35021,17,-122.282595148007,47.6281264559721
36084,17,-122.276911898674,47.6405381272536
36137,17,-122.28534350509,47.6411947349106
36911,17,-122.276939471323,47.6379421949399
37055,17,-122.276932100741,47.6385585926999
37243,17,-122.286463327343,47.6228579560327
37245,17,-122.280758892206,47.6408280090998
26,18,-122.329724985626,47.6401603173808
179,18,-122.321828684178,47.649986178212295
371,18,-122.326532218869,47.639735626260496
372,18,-122.326524539707,47.6399802452855
406,18,-122.328422897506,47.6397373382902
501,18,-122.32472053747,47.647009371576
593,18,-122.320224050478,47.6443852388749
771,18,-122.31539358905802,47.64241359796
788,18,-122.324026446473,47.6471659033211
789,18,-122.323483228685,47.6469789893196
867,18,-122.320594357598,47.65072151791559
1228,18,-122.3277599753,47.6397337215028
1330,18,-122.3258128597588,47.63866113646982
1397,18,-122.322103250722,47.6506850815748
1398,18,-122.322090547011,47.6506954770198
1827,18,-122.325797801489,47.6431335903273
1828,18,-122.325264509907,47.6431370285999
1838,18,-122.32714709227768,47.6427380434768
1861,18,-122.32773166202,47.63931881601949
2444,18,-122.327776529308,47.6396912630502
2482,18,-122.325584571493,47.6474955000889
2653,18,-122.3145306662502,47.64178284923862
2986,18,-122.32526322567068,47.6443965035802
3236,18,-122.321448853996,47.6468780009621
3317,18,-122.317727490081,47.6456622994266
3377,18,-122.328491267298,47.6431246154848
3378,18,-122.328481538696,47.6432952492161
3451,18,-122.320946441555,47.6431363902152
3591,18,-122.324726984707,47.6545671545803
3659,18,-122.329377154769,47.6396817882103
3689,18,-122.3247967906,47.6416971767035
3921,18,-122.325260705434,47.6462904688795
4109,18,-122.325792094971,47.6444165989464
4162,18,-122.31730171529466,47.64707630525436
4428,18,-122.329367255976,47.6407959568007
4625,18,-122.323295082182,47.6488239744487
4744,18,-122.318744803233,47.64867303107869
4801,18,-122.317719927196,47.64687176950489
4805,18,-122.323530047709,47.6485584218266
4870,18,-122.327183004441,47.639692440502735
5002,18,-122.32848464384298,47.6431121521777
5358,18,-122.326550669602,47.6396939061111
5421,18,-122.324062051188,47.6471099016318
5452,18,-122.328504405785,47.6432952647404
5642,18,-122.323613583663,47.65590555719249
5757,18,-122.321991098709,47.6508747576377
5999,18,-122.328422314585,47.6396896888808
6083,18,-122.324302377579,47.649165144288
6147,18,-122.324680566231,47.6546746477758
6149,18,-122.327166124021,47.6397340039945
6297,18,-122.3208774214308,47.65104570094825
6331,18,-122.32937966847,47.6402940834964
6366,18,-122.321529309104,47.6510278847361
6417,18,-122.32636436176,47.6456985272783
6667,18,-122.32685203703402,47.6458110468409
6784,18,-122.326508866069,47.6407967408367
6854,18,-122.325790040134,47.6420803982647
6855,18,-122.325800854176,47.6417917654636
6893,18,-122.327209369666,47.6452879407072
7072,18,-122.329632459985,47.6396786947222
7268,18,-122.322288512624,47.6482613364067
7690,18,-122.326414321142,47.6445966222049
8110,18,-122.326521934018,47.64135791222984
8111,18,-122.3266353487865,47.64611274660275
8112,18,-122.326254623218,47.6465953912748
8114,18,-122.323477018902,47.6488743936597
8429,18,-122.32466276627,47.6546644519265
8494,18,-122.321765438055,47.6500713856582
8571,18,-122.322010902477,47.6482952053735
8649,18,-122.32842183868968,47.63719724094687
8764,18,-122.320848879279,47.6513031946078
9214,18,-122.321259086229,47.6498488957373
9241,18,-122.32201621041,47.6477865499038
9280,18,-122.320239222018,47.6468777573489
9621,18,-122.324564892202,47.6423685837745
9825,18,-122.31844096619598,47.6483347133811
9864,18,-122.318730731333,47.6431460574077
10031,18,-122.325323508191,47.6407975274067
10465,18,-122.3175663566122,47.64736161089044
10622,18,-122.32285481442598,47.6558422194403
11006,18,-122.32304835384932,47.650869494181
11179,18,-122.325794778683,47.64473015583348
11610,18,-122.324626040355,47.6396912213261
11760,18,-122.327737060119,47.6370193429224
12070,18,-122.326634047005,47.6460993204287
12322,18,-122.326372189057,47.6455214409317
12556,18,-122.3217625886586,47.65181551409496
12739,18,-122.324563012917,47.6431440493838
12765,18,-122.322507266644,47.650177689917
12810,18,-122.3241046358196,47.63828008689668
12899,18,-122.324650262791,47.6558209832797
13472,18,-122.322011536974,47.6481826967621
13493,18,-122.320168677086,47.6431364961052
13494,18,-122.320165488884,47.6430559536946
13500,18,-122.32612389333532,47.6420731098672
13802,18,-122.321447205389,47.6515390649134
13938,18,-122.324629057721,47.6382820420851
14335,18,-122.324471300436,47.649224894707096
14646,18,-122.327671496462,47.6431409238381
14878,18,-122.324461703069,47.6457151310017
15248,18,-122.32017811762,47.6432886951878
15383,18,-122.318977582292,47.64687590789631
15897,18,-122.32456116954,47.6420613473804
15989,18,-122.326533722033,47.6444394176263
15990,18,-122.32652140325968,47.643981995437706
16013,18,-122.32356236695034,47.65627896936451
16014,18,-122.3236171553264,47.65587943447515
16142,18,-122.317875421318,47.6485738364451
16489,18,-122.31530011798868,47.6424557749013
17136,18,-122.322988053809,47.6550120644342
18932,18,-122.3179204693527,47.648604078177335
19153,18,-122.3246318412628,47.64143406114782
19253,18,-122.326613137279,47.6460853038985
19359,18,-122.316992915877,47.6448601984338
19360,18,-122.316978577835,47.6451144898361
19674,18,-122.326198866428,47.6457268859543
21946,18,-122.32358688801531,47.65543272443026
22638,18,-122.328839318495,47.643313718713166
24418,18,-122.324090842838,47.64003047948927
24567,18,-122.31699082361864,47.64405990434913
25468,18,-122.31802895938,47.648176596139
25477,18,-122.31638682959,47.6468877223528
25478,18,-122.31625769751832,47.6468711184217
25978,18,-122.32774887334666,47.64094922813109
26670,18,-122.31699602944302,47.6445277702606
26773,18,-122.32409252128734,47.63696290112566
27598,18,-122.31911300943568,47.64828052812057
27806,18,-122.323116961417,47.64744573453033
27962,18,-122.318975459029,47.64366977427977
28259,18,-122.32651339353032,47.6449293244793
28305,18,-122.323703203616,47.6455797375184
28961,18,-122.327158162297,47.637174376222
29092,18,-122.321639778636,47.6473732599174
29570,18,-122.32147370996232,47.6435656490144
29900,18,-122.32762662842464,47.64325144914417
30076,18,-122.32154238285334,47.647759995632406
30083,18,-122.31897097572332,47.64455931610596
30250,18,-122.326994357754,47.6461801012327
30304,18,-122.326457669612,47.6409691511479
30844,18,-122.326520017398,47.63718362487297
30911,18,-122.321242747357,47.6518552559111
31029,18,-122.324911170956,47.6470978339428
31333,18,-122.324009102535,47.6437062031939
31342,18,-122.328984872293,47.6425871694373
31505,18,-122.314613812228,47.64123292559589
31928,18,-122.323498343986,47.64848209801661
32305,18,-122.326540073523,47.6399909272304
32634,18,-122.320718820563,47.648679824897805
32750,18,-122.326952964859,47.6444340592744
32816,18,-122.32647120780868,47.64314438196697
32892,18,-122.326047224644,47.6383392874745
32974,18,-122.32775381549266,47.63932090451516
33272,18,-122.32699988953966,47.6435782904244
33450,18,-122.32521140738169,47.646274084389766
33770,18,-122.316326695129,47.64563435245457
33797,18,-122.321340150155,47.648680435607965
33915,18,-122.321815232926,47.6506582322788
34029,18,-122.325736562443,47.6417956578109
34278,18,-122.32364490814868,47.6396941357144
34283,18,-122.32953656655866,47.6408006927885
34673,18,-122.316397637592,47.6468098214614
34995,18,-122.32186897355166,47.651697401534136
35032,18,-122.316473785418,47.6470194060504
35169,18,-122.322987787859,47.6550313363864
35206,18,-122.32726253471732,47.6445496378124
35308,18,-122.320025331205,47.64958537421917
35712,18,-122.32124753045,47.6430893566835
36116,18,-122.326124755452,47.6461793332788
36711,18,-122.324477526708,47.6422621499369
36737,18,-122.322991663511,47.6547494536598
37034,18,-122.316924555699,47.6447127723121
37357,18,-122.323781779676,47.6481145808324
37600,18,-122.323546650471,47.648564050381
91,19,-122.267681994924,47.5460980020708
211,19,-122.267084741456,47.5425028176665
239,19,-122.26710778645368,47.54365897465623
288,19,-122.267341024162,47.5354996033154
397,19,-122.26826698233,47.5379223016486
510,19,-122.269978373023,47.5425101036154
597,19,-122.26237182082302,47.55105807347329
667,19,-122.267065707384,47.5443031130467
840,19,-122.266606094729,47.5329985211716
863,19,-122.266605191773,47.5328509006151
972,19,-122.265907950279,47.55107089523009
1466,19,-122.260273050994,47.54310975605864
1475,19,-122.27260072995,47.5504502531631
1866,19,-122.272567555802,47.5460787260673
1908,19,-122.272586311208,47.5518477387146
1963,19,-122.26976161351864,47.537608838242704
2123,19,-122.25902422523556,47.54717599694161
2321,19,-122.26670810377702,47.5326569796573
2378,19,-122.273276022759,47.5534011558556
2496,19,-122.266455731866,47.5316261428264
2510,19,-122.270866729215,47.5397626426684
2512,19,-122.26608808738868,47.5496760904912
2632,19,-122.267318578097,47.538231051064905
2633,19,-122.267329305006,47.5379051754715
2966,19,-122.2647048183722,47.553364931374325
2967,19,-122.26384030443,47.5533760623575
3075,19,-122.267084790803,47.5460923270053
3309,19,-122.2725812474,47.553416720489
3694,19,-122.264114385412,47.5447001832724
3922,19,-122.269976870501,47.5443113661775
4012,19,-122.26188171746,47.54248753719029
4032,19,-122.273630545811,47.5460681851626
4493,19,-122.274347316435,47.5544857600812
4576,19,-122.263562620426,47.5424867569024
4933,19,-122.267157548052,47.5354935639634
5147,19,-122.26655839433,47.5328067716358
5231,19,-122.270029237477,47.5526092449835
5335,19,-122.266963112771,47.5397426863622
5340,19,-122.26559637603631,47.54162154004547
6139,19,-122.268742937021,47.53162953714483
6142,19,-122.2671010515,47.5446784472497
6209,19,-122.272618311415,47.5477695177697
6250,19,-122.272647906753,47.5518599036
6528,19,-122.26730398156,47.5389334949985
6582,19,-122.272038407502,47.5460805480028
6903,19,-122.264054191901,47.5570307349445
6940,19,-122.265842366361,47.55107486964581
6962,19,-122.272432655307,47.54249685811484
7171,19,-122.264790272732,47.5369389023712
7172,19,-122.264790171472,47.5368976031164
7309,19,-122.273345691668,47.54340616495509
7310,19,-122.27270730041398,47.54344635887727
7511,19,-122.272624336834,47.5470397534242
7541,19,-122.269885816701,47.5460963631775
7890,19,-122.270803730184,47.5534077389431
7965,19,-122.26563043968432,47.53978067194357
8116,19,-122.26349762542502,47.5407043015064
8182,19,-122.272587042106,47.5526625830999
8232,19,-122.270992194441,47.54914092906626
8884,19,-122.274272143417,47.5460622485711
9217,19,-122.261924158426,47.5511025430983
9218,19,-122.261923295486,47.5510591678507
9233,19,-122.272600943121,47.5496794109417
9769,19,-122.265766943858,47.538922546017
9869,19,-122.266388660979,47.5309651881558
9981,19,-122.266385510995,47.52984431658691
10071,19,-122.26184143552568,47.55482743538917
10154,19,-122.26183537642198,47.544962268613
10155,19,-122.26182783196032,47.54529867227893
10156,19,-122.2709288416,47.53926833689866
10266,19,-122.26772947087,47.5460117180403
10286,19,-122.273645942326,47.5460261200705
10315,19,-122.26059682057186,47.54502379497654
10870,19,-122.27356299219032,47.5442766549439
11816,19,-122.269954774427,47.5500407769887
11935,19,-122.259612325085,47.5449524792482
12182,19,-122.266782125701,47.5281342700187
12226,19,-122.267336739862,47.536915146236105
12308,19,-122.273665893267,47.545568709324
12358,19,-122.272585110722,47.5512164369579
12543,19,-122.268499488652,47.5460973119393
12570,19,-122.271493747079,47.5425014870902
12749,19,-122.25826565114,47.544749129709366
12781,19,-122.26639015301,47.5285124214464
12844,19,-122.263430334693,47.5523276146052
13136,19,-122.26697620672934,47.54824409274793
13219,19,-122.26183975109102,47.54310485036441
13307,19,-122.265655600849,47.53633402221751
13308,19,-122.265552144048,47.5363346961964
13569,19,-122.261672100114,47.55061483915
13754,19,-122.264712348319,47.5422160245874
14032,19,-122.26938424378234,47.541635356303765
14107,19,-122.269954898832,47.5407643580287
14144,19,-122.26809595852468,47.551089598378496
14279,19,-122.267242724742,47.5389221507289
14557,19,-122.269785926198,47.5469792674207
14668,19,-122.26853140612369,47.54653101334953
14993,19,-122.272662125474,47.55043691473029
15154,19,-122.265176255237,47.52934032365727
15542,19,-122.26611453926598,47.53745607091984
15650,19,-122.267275417401,47.5369281108622
15872,19,-122.263324284512,47.5570325573247
16354,19,-122.266926011973,47.5335395855152
16382,19,-122.266404257478,47.5472071378216
16488,19,-122.2652605406214,47.53694285600672
16574,19,-122.26571792734,47.55947079878771
16687,19,-122.266207811759,47.53694813484998
16722,19,-122.26194235417702,47.553362664582565
16788,19,-122.26986872921934,47.55458361165657
16798,19,-122.269962746535,47.5491445293178
16799,19,-122.269958537091,47.5488177069225
16891,19,-122.266557852786,47.54071982036
17104,19,-122.26044116848432,47.55105296365417
17293,19,-122.269963607833,47.5504405487205
17344,19,-122.273918373296,47.5483069307602
17467,19,-122.269949945971,47.5397659516013
17516,19,-122.272595377595,47.5484091372008
17531,19,-122.267103170569,47.541629295893
17641,19,-122.27122794389264,47.5407352282489
17642,19,-122.2705211559624,47.5407388276903
17855,19,-122.270042871397,47.55265156497709
18243,19,-122.268130872116,47.5518519708592
18384,19,-122.274658282426,47.5512030087053
18763,19,-122.26095141939132,47.54154282979423
18821,19,-122.258769343421,47.5495683983469
18906,19,-122.26714794412936,47.55039570551123
18913,19,-122.26429737194434,47.55396808900233
19091,19,-122.26853208794232,47.552246957115365
19239,19,-122.262488514151,47.5548447015232
19793,19,-122.27366286426,47.54515404547453
19825,19,-122.264026362917,47.558244764192665
20196,19,-122.27145813335468,47.5470418444244
20376,19,-122.278128966158,47.5397251770547
20377,19,-122.258898938288,47.549566263504
20421,19,-122.2644626369214,47.55822251584936
20459,19,-122.274792196978,47.5518824197136
20535,19,-122.263546954296,47.5424136936888
20569,19,-122.26566784346134,47.53590239271699
20590,19,-122.260756096354,47.544964340955495
20597,19,-122.267486982492,47.5496723424244
21147,19,-122.270846952599,47.55414723085911
21148,19,-122.27084785882168,47.55451642411657
21393,19,-122.268555561423,47.529503122027
21476,19,-122.268199893863,47.551089599059
21583,19,-122.25882603279268,47.54921334888124
21704,19,-122.26490317170732,47.527272733076096
21754,19,-122.2726496999,47.5512141439742
21816,19,-122.27073123135,47.539279918001
21923,19,-122.26456443678032,47.53894583339223
21935,19,-122.272662182074,47.5496929787349
21940,19,-122.269954686571,47.5484875034049
22221,19,-122.26775801547431,47.55002090379103
22334,19,-122.265688872697,47.5369184122312
22585,19,-122.269978931494,47.5534019162383
22601,19,-122.272487173811,47.5541580256186
22654,19,-122.269888023554,47.53492915710749
22691,19,-122.26711433885468,47.54324999098064
22739,19,-122.268685924377,47.5269655533837
22916,19,-122.262508165538,47.5500610199609
22955,19,-122.267610430179,47.53127377002144
23128,19,-122.270066960016,47.5477873677554
23180,19,-122.261831108969,47.5439421381993
23341,19,-122.271486593168,47.5432271250682
23568,19,-122.26475478905364,47.54649050458966
23594,19,-122.267164239202,47.5495654251858
23689,19,-122.268106649117,47.53282765546603
23793,19,-122.266741660141,47.5335434830396
23799,19,-122.264493707954,47.5570418355531
23898,19,-122.274675452364,47.5504415821066
23936,19,-122.273967659053,47.5442873994882
24026,19,-122.270017798154,47.5517952533996
24238,19,-122.261712479362,47.546647411083
24291,19,-122.263447096332,47.55286342878
24429,19,-122.264023647289,47.5316295911818
24454,19,-122.27991519463336,47.5397356472814
24635,19,-122.269893161104,47.5407527035903
24972,19,-122.267960726486,47.5274156675039
25008,19,-122.26710745233966,47.544748672706426
25148,19,-122.266292872907,47.5464845724056
25238,19,-122.265725914311,47.55979948014621
25294,19,-122.26869664198868,47.53025812497964
25426,19,-122.268062594459,47.5487784890834
25472,19,-122.261931913177,47.5515550134776
25516,19,-122.267560737222,47.5276496201131
25525,19,-122.266205099636,47.5309586352619
25642,19,-122.265033038231,47.55716417773513
25670,19,-122.263416600249,47.5548280304626
25753,19,-122.273180152963,47.5496935213028
25818,19,-122.27402059488732,47.54879427710487
25868,19,-122.259613794306,47.5448757621677
26164,19,-122.26351201133166,47.54004614233183
26608,19,-122.272099184401,47.5460062702074
26776,19,-122.274937305963,47.548414536548
26834,19,-122.269888536935,47.5342726161023
27034,19,-122.269819187258,47.5342733722219
27181,19,-122.263279728206,47.55038120825276
27304,19,-122.261408992246,47.54928242578307
27814,19,-122.269818380942,47.5349298071333
28184,19,-122.261923169795,47.54069856059697
28220,19,-122.265986437396,47.55250652665577
28240,19,-122.26060523213368,47.54597154510913
28471,19,-122.26058435454632,47.548824621107
28736,19,-122.26570521813431,47.55821771212093
29234,19,-122.26987918979,47.5534014182871
29266,19,-122.26999213364302,47.536186608175
29329,19,-122.264541475635,47.5407264238931
29511,19,-122.26759883716402,47.5316431356496
29807,19,-122.265164599052,47.528600656547
30031,19,-122.26474631531,47.5370344383747
30391,19,-122.262686131267,47.5518688482151
30702,19,-122.270529888023,47.5407520196905
30766,19,-122.26813009578602,47.531627275387
31182,19,-122.26262573191498,47.5493092440391
31241,19,-122.26903476419868,47.52951140154801
31402,19,-122.26679755350068,47.52653652765337
31404,19,-122.270115857766,47.5383739911175
31427,19,-122.26209054633098,47.54806946514301
31546,19,-122.263883839438,47.5284958766889
31558,19,-122.266388930461,47.5316246529711
32179,19,-122.262638433053,47.5518063303016
32357,19,-122.265126136465,47.53892110389693
32650,19,-122.258873896726,47.5479814409498
32702,19,-122.25931234323434,47.54508702021397
32776,19,-122.267140517751,47.5382325796927
33486,19,-122.266203939523,47.529831786277
33653,19,-122.274458377427,47.53690900444163
33698,19,-122.25812717990432,47.5495802465328
33764,19,-122.270259524198,47.5389624366882
33987,19,-122.26937584617532,47.529017157744704
34149,19,-122.264517654369,47.5369052459012
35551,19,-122.273813466567,47.5454514407884
36113,19,-122.258804514622,47.5492821746251
36451,19,-122.269939121359,47.5362213162437
36461,19,-122.274411358877,47.5459825712931
432,20,-122.31104516965767,47.6879118979065
447,20,-122.315031315044,47.686755547594
453,20,-122.317524560732,47.6940649264374
652,20,-122.3276107892705,47.703235005355246
1054,20,-122.328482470469,47.6940797871946
1055,20,-122.328470276105,47.6936355031257
1225,20,-122.30411039603798,47.6848763524832
1226,20,-122.304887487971,47.684878217804
1367,20,-122.31837023856431,47.6859961231544
1943,20,-122.30606804903466,47.68581607879273
2492,20,-122.322745801141,47.7087005258036
2532,20,-122.317520647673,47.68861732252859
2533,20,-122.31695668420438,47.68850351232482
2595,20,-122.328420766785,47.7000407670612
2596,20,-122.328413715716,47.6995877146798
3136,20,-122.328516613521,47.7077133657229
3142,20,-122.30784153916,47.688415506504
3976,20,-122.315386687217,47.6831126932236
4045,20,-122.309935508364,47.686720401354734
4141,20,-122.328386644298,47.6974962347739
4336,20,-122.31222989879132,47.68637843266354
4613,20,-122.308468772821,47.68845276329596
4935,20,-122.314398733092,47.68848213902519
4936,20,-122.314995824295,47.6884877961374
5049,20,-122.31446871591233,47.68523508642483
5947,20,-122.320340699921,47.6868076322183
5979,20,-122.31501203227,47.6867141744119
6199,20,-122.30785862418364,47.6902316332207
6237,20,-122.309025872621,47.6884532758918
6245,20,-122.328451377609,47.7077239461592
6323,20,-122.317456970494,47.6867703822936
6520,20,-122.32202605114544,47.70868137631744
6636,20,-122.32840079440624,47.703364495315846
6978,20,-122.328379036019,47.69665541287801
7170,20,-122.321998735386,47.684575849497925
7289,20,-122.304298380486,47.6864292784349
8012,20,-122.3094449943456,47.68389031425616
8070,20,-122.326998596481,47.6941202696948
8089,20,-122.328541470458,47.709135603975
8090,20,-122.32848367321,47.7091391731087
8145,20,-122.328649315057,47.69635415252261
8760,20,-122.308849903423,47.6794578853933
8946,20,-122.326730151633,47.7032490545786
9173,20,-122.32439723041598,47.68757732073559
9308,20,-122.311012997916,47.6867139739044
9436,20,-122.308993337268,47.6866253344914
9485,20,-122.306032053105,47.6848736469461
9667,20,-122.30843959352968,47.68879423099253
9865,20,-122.31334539458,47.6867575071614
10184,20,-122.320279753532,47.6845295365647
10185,20,-122.320149100024,47.6837924865276
10268,20,-122.306879098885,47.6884137781923
10281,20,-122.31750526541198,47.69313563598039
10282,20,-122.317533089531,47.6935947047036
10296,20,-122.328670148031,47.6963442323319
10373,20,-122.317430951518,47.6835527305834
10424,20,-122.316224654191,47.6867630111164
10693,20,-122.328512326828,47.696240858675
10793,20,-122.328508831621,47.6958340093775
10958,20,-122.328548459338,47.7089010638465
11202,20,-122.31992924921468,47.6824890506445
11248,20,-122.32841126766898,47.6994873885406
11269,20,-122.30625257268764,47.68843542070866
11270,20,-122.306253730706,47.6884127133522
11315,20,-122.320084350886,47.6837815709439
11332,20,-122.320301191046,47.68599280905121
11345,20,-122.31827036503869,47.68824005495667
11875,20,-122.30208285257132,47.6858171266128
11915,20,-122.30348519719368,47.68548603178844
12095,20,-122.312281208265,47.686725718152
12118,20,-122.3133046703062,47.68511492698304
12201,20,-122.315014662197,47.68637248246913
12212,20,-122.31536915811732,47.68407780254726
12576,20,-122.316965307284,47.6886367393305
12863,20,-122.323732406401,47.695827193667405
13165,20,-122.311014981846,47.68676188427
13398,20,-122.307865188378,47.6898069902112
13747,20,-122.31396924799463,47.688479091760094
13855,20,-122.31343253144298,47.684903787188
14030,20,-122.307511694698,47.6909207716433
14067,20,-122.32835651493632,47.699439255815896
14716,20,-122.30780273312132,47.68703400367233
14948,20,-122.328559468116,47.70948238572131
15114,20,-122.31752160650836,47.6953846390799
16167,20,-122.324371277339,47.6871684822702
16180,20,-122.315549349167,47.6884915916526
16224,20,-122.31324576776,47.68325892133104
16402,20,-122.305195571661,47.6884453470611
16779,20,-122.320359690588,47.6882578216611
16830,20,-122.302993371862,47.6848776172407
17246,20,-122.323041922755,47.68787386952797
17746,20,-122.300618774721,47.6848858738916
17747,20,-122.30067750757,47.6848872875627
18110,20,-122.30409761870068,47.68609808676384
18258,20,-122.309437667908,47.6835183993555
18293,20,-122.30945479174666,47.684522417088665
18318,20,-122.30602777194132,47.68419657300274
18346,20,-122.30778039169132,47.68621664516133
18467,20,-122.30775275577498,47.6848840213986
18478,20,-122.32073615275068,47.68385071307603
18582,20,-122.309903150959,47.6848876376335
18666,20,-122.31662150305,47.6931246741094
18952,20,-122.306834955136,47.6848852087092
19380,20,-122.3051422828288,47.6885836301195
19781,20,-122.312009975708,47.6825710521831
19848,20,-122.306906873147,47.6899104315984
19886,20,-122.31342895745269,47.6899128449003
20081,20,-122.312225304376,47.6848518104629
20084,20,-122.304883071796,47.6849423139885
20193,20,-122.328492130774,47.7095020959912
21040,20,-122.30287165351632,47.68378686558387
21066,20,-122.309044114762,47.6894643502063
21272,20,-122.328404188094,47.6988242315515
21276,20,-122.305195472853,47.6884238007348
21798,20,-122.316203142446,47.6884714108988
22035,20,-122.313331533586,47.68609672147493
22134,20,-122.312176748262,47.6838982553177
22299,20,-122.306857967487,47.6866934183863
22323,20,-122.313324821081,47.6864307246374
22700,20,-122.328513467971,47.7104176492214
23192,20,-122.316948594443,47.68812797642911
23214,20,-122.313722643043,47.68341306689732
23256,20,-122.306768010322,47.6836242381145
23513,20,-122.310987378325,47.6851933695591
23653,20,-122.30682741951732,47.686420242002136
24264,20,-122.32701392694467,47.694541148983696
24284,20,-122.312264489353,47.6848960418144
24305,20,-122.317697187981,47.693574530249634
24312,20,-122.314354851998,47.6870885377799
24627,20,-122.318823143648,47.68751879850316
24628,20,-122.308960079666,47.6848463823629
24673,20,-122.327780800177,47.69683929258471
24836,20,-122.31342802718,47.6848632943986
25050,20,-122.309966944788,47.6884416818956
25352,20,-122.306249995288,47.6885772576181
25505,20,-122.323041960953,47.6875577083537
25745,20,-122.32556086753274,47.7086249627971
26291,20,-122.30070248028468,47.68587012080737
26375,20,-122.30897473836,47.68488629694199
26817,20,-122.304747451213,47.6847778698222
26896,20,-122.308972383823,47.68593698310531
28510,20,-122.330239746531,47.697691651037
29069,20,-122.328371924087,47.7033772240377
29081,20,-122.321910273906,47.7086953792583
29113,20,-122.328790890602,47.6996456968549
30375,20,-122.328403702154,47.7017769116237
30376,20,-122.328385424195,47.7017810581683
31968,20,-122.328429759839,47.7056248099901
32267,20,-122.31748345481031,47.693604018145095
33016,20,-122.328414648673,47.7045510591722
33496,20,-122.328728016671,47.6966681827594
33507,20,-122.32873586594,47.6999489483778
33557,20,-122.328885873124,47.6999525471146
33875,20,-122.32835014297166,47.69882177027949
34262,20,-122.314934337075,47.6886204798856
34980,20,-122.310166118844,47.688664014664
35338,20,-122.32838479505834,47.70162728920167
35706,20,-122.328378798735,47.7033523325496
35932,20,-122.324512904958,47.708615771837
35967,20,-122.3186784543,47.6839904524131
36251,20,-122.328366900247,47.700035711281295
37045,20,-122.327548608867,47.70864468674534
37283,20,-122.328392617874,47.7045682514652
37597,20,-122.307797148862,47.6898312113905
37606,20,-122.328385216502,47.7017652890474
4745,21,-122.323699639379,47.6092977207915
5600,21,-122.32374757481205,47.609366144159786
5610,21,-122.3280310207611,47.61101487569502
5611,21,-122.32807126151695,47.610985666025975
5612,21,-122.32753455420006,47.61041568161202
5613,21,-122.3275591357642,47.610448257539225
5669,21,-122.32812707966498,47.61014739728888
5736,21,-122.321390078522,47.6103994042436
5737,21,-122.3214336872961,47.61038080533513
6276,21,-122.32527230801084,47.6121836477453
6277,21,-122.32599479595406,47.611846684743576
6602,21,-122.32288853714552,47.60841144331712
6603,21,-122.32440004510592,47.60775775660584
6933,21,-122.323218916428,47.608744227234666
6972,21,-122.32875532242404,47.6107099350466
6973,21,-122.328713852246,47.6109089493914
6974,21,-122.32872940250552,47.61069555881975
7413,21,-122.32711823769876,47.60661170782432
7414,21,-122.32775342843496,47.607334485305714
7415,21,-122.32772367444824,47.60732622854105
7416,21,-122.327087934702,47.60660534186594
8266,21,-122.322915676465,47.60843121015031
8267,21,-122.322575471959,47.60808355881931
8268,21,-122.322606811895,47.6080956610206
8331,21,-122.321589857022,47.6039631413446
8332,21,-122.32163222511902,47.60397194832709
8333,21,-122.32311372614002,47.60381818590751
8451,21,-122.322383240147,47.6081732556165
8452,21,-122.32258909743932,47.608100915701264
8485,21,-122.32704184746,47.61294053188194
8486,21,-122.32754196888492,47.61274790036197
9499,21,-122.325993121052,47.6086998682207
9500,21,-122.32596494242404,47.60868354568226
9501,21,-122.3255444766629,47.60825259545528
9502,21,-122.32548700894776,47.608274370266805
9963,21,-122.32340776942296,47.60917297402965
9964,21,-122.32346069143404,47.609146232969785
9965,21,-122.323183214679,47.60874132895405
10912,21,-122.32619415024452,47.60800857163878
10913,21,-122.32618317527005,47.6079885822926
10914,21,-122.32680887458602,47.6077396144476
10915,21,-122.326745721568,47.6077682905238
10924,21,-122.32908328608104,47.61209904175468
10925,21,-122.32896245847778,47.61195880630355
12397,21,-122.328662015093,47.60995055432451
12398,21,-122.328622040622,47.60996708960801
13140,21,-122.32471683708847,47.6105649768342
13141,21,-122.32479706149392,47.61055288953131
13803,21,-122.32772255324,47.6079130895774
13804,21,-122.32724853751796,47.60753476688138
13806,21,-122.3271952156645,47.607581608122246
14148,21,-122.32377666397151,47.61275629240848
14149,21,-122.32352398442002,47.6124772463666
15022,21,-122.323761710681,47.61274304124921
15623,21,-122.32931563746668,47.6132026921062
15624,21,-122.32932976553,47.6131753587562
15625,21,-122.329315534518,47.6131591836708
16078,21,-122.32811946833408,47.61248262152549
16079,21,-122.32715945130802,47.6113720987027
16791,21,-122.32354462492717,47.60913174694234
16792,21,-122.323603967981,47.6091655759771
16793,21,-122.32355936508768,47.60914969735418
17022,21,-122.3275139754245,47.61042798468635
17320,21,-122.33008777309598,47.60976301993959
17321,21,-122.329933903471,47.6103420539826
17322,21,-122.330035146765,47.6097875243388
17340,21,-122.326426406152,47.6098929264379
17341,21,-122.32624703576496,47.60979564361609
17342,21,-122.32620321499772,47.6098378151471
17458,21,-122.322440173554,47.60944136262496
17459,21,-122.32248002418116,47.60939879648993
17460,21,-122.322490829719,47.6093943225507
17753,21,-122.32622023367502,47.6090129278939
17754,21,-122.32625802692698,47.6089937380572
17755,21,-122.32593190202368,47.60869724786393
17799,21,-122.327089659922,47.606653846236
17800,21,-122.327227238383,47.6063860099237
18084,21,-122.32352792280103,47.604262384437895
18085,21,-122.3236696373922,47.60420269875341
18086,21,-122.32364943432,47.6042035079785
18178,21,-122.323750671601,47.6094150259714
18537,21,-122.327766774567,47.6073364657631
18538,21,-122.328345832434,47.60709642980149
18580,21,-122.326797582838,47.609573800050896
18581,21,-122.32678485804148,47.609635048747805
19161,21,-122.32752511681,47.609265969275015
19162,21,-122.32757287745,47.6094131850092
19163,21,-122.327514710498,47.6093109766616
19390,21,-122.32114674059596,47.61004911849772
19391,21,-122.32116240537997,47.61007253114081
19488,21,-122.3222083474432,47.60957454682416
19489,21,-122.32223661662634,47.60958467012497
19490,21,-122.32352823404784,47.60911683138412
19873,21,-122.329107206456,47.61056601051651
20159,21,-122.328565760366,47.61229355257191
20420,21,-122.328362042972,47.6120642334404
20442,21,-122.32064174510104,47.60896902899002
20443,21,-122.32059366667,47.608694518868
20754,21,-122.32485053812002,47.607573290204606
20755,21,-122.3248904477915,47.60754521398928
20756,21,-122.32599284088904,47.60709393141919
20864,21,-122.32442631047394,47.60873258594168
20865,21,-122.32440461086053,47.60872368348484
21351,21,-122.326053696355,47.6084865726423
21531,21,-122.323903022159,47.6047210926526
21532,21,-122.323940127623,47.60470822533389
21533,21,-122.323541139123,47.6042930577064
21688,21,-122.3258496004585,47.609994450195
21689,21,-122.32586933804552,47.609958333019
21711,21,-122.321656185511,47.6104922893082
21806,21,-122.329154288062,47.609494947576
21807,21,-122.3291393275716,47.60948221371413
21808,21,-122.328793744503,47.609118029355
21809,21,-122.328824683584,47.6091446041489
22112,21,-122.325297217887,47.61218247832669
22288,21,-122.324831695106,47.60756428993
22482,21,-122.32245916364802,47.6095791080588
22486,21,-122.326148705209,47.6080004787006
22487,21,-122.32679220901058,47.60772901082067
22649,21,-122.328036965907,47.6109772143802
22820,21,-122.323896394757,47.60473143186955
22843,21,-122.324727694371,47.604626610631406
22844,21,-122.32474431812476,47.60464625033283
22845,21,-122.325258300511,47.6042605286923
22904,21,-122.327104247731,47.6105689731001
22905,21,-122.327079406899,47.6105533166041
22909,21,-122.329058677592,47.6105767982442
23123,21,-122.326670233012,47.6068271582098
23124,21,-122.32665750532747,47.60684297219781
23125,21,-122.3266830456642,47.6068294853943
23333,21,-122.326815612143,47.60959328664139
23334,21,-122.327442426278,47.6092801531135
23893,21,-122.322843148977,47.6084334450942
23921,21,-122.327124839613,47.6113560024669
24318,21,-122.323531269205,47.6091743521242
24410,21,-122.329380872242,47.6124250789866
24525,21,-122.325278335443,47.6063727056865
24526,21,-122.325351264209,47.6063607813508
24527,21,-122.32414650153802,47.60492557760755
24528,21,-122.324164560178,47.6049461649194
24705,21,-122.327844210264,47.6106898327266
24706,21,-122.327819113522,47.6106763487197
24707,21,-122.32757056862,47.610442265245
24766,21,-122.32930366575872,47.609638565996114
24767,21,-122.32962473804696,47.609494087611786
24768,21,-122.32960230336488,47.60952691144208
24850,21,-122.330141524186,47.6082229634542
24851,21,-122.329580107801,47.60838932511908
24852,21,-122.329557352042,47.60837989938085
24853,21,-122.330091059799,47.60825386311395
24872,21,-122.324770543396,47.610548077276
24905,21,-122.328048607985,47.61102673806665
24958,21,-122.329274064805,47.6096882643455
25300,21,-122.32514753477402,47.60841780292359
25469,21,-122.32811329446,47.60901399649842
25470,21,-122.328088902539,47.6090074393201
25491,21,-122.323238118653,47.6046979917567
25574,21,-122.327826450731,47.6130872240777
25661,21,-122.324408055758,47.6087639814873
25938,21,-122.328529328925,47.6070400903991
26035,21,-122.322819481504,47.6034945171329
26036,21,-122.3215938312638,47.60395255032047
26037,21,-122.3227639229558,47.60352280995048
26083,21,-122.32886476721204,47.6118266214471
26084,21,-122.32882143271038,47.6118444720157
26241,21,-122.330322536298,47.6092036121542
26270,21,-122.32489876099692,47.61231285628067
26271,21,-122.32487158365451,47.61234908944393
26536,21,-122.32741019698298,47.6102551731609
26537,21,-122.326912933238,47.6096893762132
26581,21,-122.321102818585,47.61006915943
26640,21,-122.325982320112,47.608700912644
26641,21,-122.325851675404,47.6086094092641
27334,21,-122.324158519969,47.60683415222746
27335,21,-122.32423791113996,47.60682154533352
27336,21,-122.32302876276806,47.60544917443142
27582,21,-122.323043932957,47.603862966315695
27613,21,-122.323296027882,47.6054683001601
27867,21,-122.324101717695,47.6049464114573
27868,21,-122.324333337912,47.6048237514016
27935,21,-122.327875596026,47.6108117671491
27936,21,-122.327916524579,47.6107975195365
28091,21,-122.323776831113,47.6094277682537
28489,21,-122.32527459986672,47.612134649332006
28638,21,-122.327197187848,47.6075433616653
28885,21,-122.32857797296572,47.60885212861783
28886,21,-122.32895388224004,47.608682051245005
28895,21,-122.329344178294,47.6104898793787
29141,21,-122.32808819938172,47.60904238064696
29186,21,-122.32520870864502,47.60842892917991
29187,21,-122.325233978547,47.60839390154512
29406,21,-122.328560778527,47.6088396189949
29407,21,-122.328488940156,47.60881719735679
29606,21,-122.326960323944,47.61295490389839
29713,21,-122.328050692017,47.61250245574969
30255,21,-122.323390731345,47.6091731237524
30640,21,-122.327171489073,47.6130665350979
30651,21,-122.327489483115,47.6092561233798
30917,21,-122.322896692221,47.6084335260597
31085,21,-122.3255611206135,47.6082650802888
31414,21,-122.326242370038,47.6090291020421
31701,21,-122.326172370762,47.611971859508
31871,21,-122.32793820656802,47.6105646249122
31877,21,-122.324066661337,47.6046364659778
31897,21,-122.327676202498,47.6063421341499
31898,21,-122.327711671535,47.60636851299109
31899,21,-122.32741481677964,47.60595726023362
31900,21,-122.327098896176,47.6056594733457
32010,21,-122.323040631179,47.6054803755149
32119,21,-122.322438985807,47.6093880017709
32131,21,-122.328646190123,47.6099458156623
32286,21,-122.329351193617,47.609656013445
32406,21,-122.327512844024,47.6127612229771
32567,21,-122.327562430472,47.611848860762
32568,21,-122.327540585315,47.6118295077282
32996,21,-122.328684206615,47.6120811910941
33060,21,-122.32228390641,47.6046814399088
33061,21,-122.322192580801,47.6046931150251
33165,21,-122.32927932889702,47.60963405253549
33309,21,-122.328879778745,47.6118471686157
33366,21,-122.320623609134,47.6090233897901
33545,21,-122.326699495741,47.61071534340675
33546,21,-122.32672868310804,47.61072649646871
33568,21,-122.327628563406,47.6111948162245
33569,21,-122.327574060165,47.6111775663229
33733,21,-122.323971512279,47.6047323929441
33745,21,-122.32354741971902,47.6051506660778
33765,21,-122.323511641819,47.6042881705853
33954,21,-122.323210888853,47.6087354415323
34000,21,-122.324403430319,47.6100401638095
34138,21,-122.324773549681,47.610530335508
34140,21,-122.327131488959,47.6113834338122
34290,21,-122.327478870895,47.6092780332668
34579,21,-122.323731100983,47.6093516306371
34662,21,-122.324709970521,47.6046586168442
34665,21,-122.323649991635,47.6042229688408
35183,21,-122.325424681369,47.6073295403493
35184,21,-122.325455279541,47.6072996698968
35185,21,-122.325973254591,47.6071229037784
35193,21,-122.327665056994,47.6063817648274
35215,21,-122.330068804429,47.6097844257949
35220,21,-122.327435402166,47.6059755686097
35221,21,-122.327416334296,47.6059104802841
35233,21,-122.327942358859,47.6108100018998
35397,21,-122.323092691933,47.6038369775577
35487,21,-122.328951018416,47.6119714618992
35512,21,-122.327588125761,47.6111800215352
35588,21,-122.32679725661,47.6069119672672
35599,21,-122.328911119947,47.6086923852384
35632,21,-122.322134617251,47.609714647091
35633,21,-122.322196408954,47.6096143268376
35663,21,-122.324848432195,47.6075622433092
35748,21,-122.329049863586,47.6120838073736
35761,21,-122.330426490468,47.6087614408027
35869,21,-122.327582884672,47.6112063248549
36064,21,-122.328371583091,47.607106087625
36087,21,-122.326221899244,47.6080050510901
36235,21,-122.328715873401,47.6083503392726
36236,21,-122.328693139197,47.6083595204559
36255,21,-122.328317426986,47.6071093860719
36320,21,-122.325961359576,47.6071250323138
36656,21,-122.327276304804,47.6125223986628
36761,21,-122.324755334695,47.6046720502024
36870,21,-122.324177020068,47.6049437290903
37018,21,-122.328309462023,47.6078852643731
37019,21,-122.328274132384,47.6079011615567
115,22,-122.369202310853,47.66374093280877
116,22,-122.368689656765,47.663745619523
147,22,-122.370587191481,47.6630187852299
222,22,-122.376935928791,47.667943132187
223,22,-122.376793910436,47.66794462409257
394,22,-122.373730018751,47.6632135629285
395,22,-122.373728939517,47.662829424560606
600,22,-122.372114170534,47.66638572387459
610,22,-122.37812750994952,47.669379833346056
611,22,-122.37710313375798,47.66936166154319
630,22,-122.3789536809276,47.66980863953512
632,22,-122.378147611549,47.6693787732343
855,22,-122.373731237671,47.6663796014686
904,22,-122.37373442228731,47.66098116268563
951,22,-122.373452672123,47.6637610018647
1034,22,-122.382306316644,47.6680995052639
1131,22,-122.370689025794,47.664460387786
1184,22,-122.373724414463,47.6656510628814
1316,22,-122.377857420853,47.6637381707755
1472,22,-122.38227087947,47.6665944940285
1688,22,-122.371532609279,47.6613798237997
1785,22,-122.378843097366,47.670231574381
1820,22,-122.378805229718,47.6644604144714
2063,22,-122.372975337388,47.6670684721771
2064,22,-122.372990163001,47.6672060671842
2127,22,-122.378959412811,47.67095530472201
2266,22,-122.37962087833434,47.66513817683509
2269,22,-122.377238688875,47.6695342566267
2440,22,-122.3848470075244,47.66981816884474
2502,22,-122.378818994686,47.6694031595157
2997,22,-122.381189323408,47.6695392311758
3158,22,-122.378817426046,47.665000577943296
3168,22,-122.38484605268498,47.66934103488423
3436,22,-122.3829416874675,47.66718339032229
3437,22,-122.382956088512,47.6671923183442
3461,22,-122.38222092981,47.6666306870375
3491,22,-122.380973676222,47.6655621962553
3655,22,-122.371420425111,47.6615207219077
3737,22,-122.370876493499,47.6594820711729
4049,22,-122.371686723736,47.6649943504252
4052,22,-122.379447362553,47.6678142102889
4191,22,-122.37374216478,47.6637465039864
4335,22,-122.380198778226,47.6693727682378
4345,22,-122.373743307824,47.6650021615996
4361,22,-122.384027098196,47.66940455481241
4422,22,-122.377589476989,47.6650028704511
4598,22,-122.38250407318166,47.66824598560143
4673,22,-122.370678462339,47.6637403482088
5278,22,-122.377987850231,47.6695143085178
5747,22,-122.382947528771,47.6702706649507
5767,22,-122.386300388907,47.670275832257
5812,22,-122.378477436284,47.6693548945306
5814,22,-122.3810275575584,47.66940309531371
5815,22,-122.381459082924,47.6694006992503
5816,22,-122.368692323817,47.6644525186169
5821,22,-122.3816597804068,47.6675279296215
5830,22,-122.377831545944,47.6695350133966
6019,22,-122.37686827139568,47.66444496959739
6173,22,-122.37198700596132,47.66499438058614
6391,22,-122.374433262154,47.66359229387151
6441,22,-122.375417528817,47.6637385474439
6649,22,-122.373802563746,47.66152350814699
6761,22,-122.382582179777,47.67168694369433
6776,22,-122.37882136403398,47.667584587673
6777,22,-122.378820731071,47.6679431878265
6798,22,-122.376887111527,47.6693528691469
7154,22,-122.377933796097,47.6635877335551
7155,22,-122.377322069336,47.6635857001616
7227,22,-122.380198835709,47.6695379962029
7418,22,-122.378687848294,47.6664875307628
7603,22,-122.372206744523,47.6665190954887
8075,22,-122.376449047124,47.6650039296359
8335,22,-122.38138749906742,47.66937019820853
8398,22,-122.378893166105,47.6650042584665
8588,22,-122.378950737494,47.6702317839134
8591,22,-122.37461855822,47.6637371886496
8706,22,-122.378901564656,47.6672184175373
8790,22,-122.382376171614,47.666769401165
9030,22,-122.378813943884,47.6656646305222
9197,22,-122.386231958294,47.67023191520061
9407,22,-122.3788175938262,47.66896570157842
9412,22,-122.373727961947,47.6625114000826
9795,22,-122.37706552662966,47.66938457102273
10140,22,-122.376771996185,47.6657960181669
10225,22,-122.384870025981,47.66941040528311
10443,22,-122.37561867001268,47.66500311390763
10542,22,-122.373794249633,47.6660356380637
10694,22,-122.37090500044,47.6615259272561
10729,22,-122.370009762899,47.66499404018631
10730,22,-122.369514737935,47.6649957910869
10875,22,-122.384806400863,47.66904273350626
11245,22,-122.378812934317,47.6660811422847
11246,22,-122.378812118945,47.6664895787614
11316,22,-122.372968567474,47.66500179687549
11317,22,-122.37250043427332,47.66499399784684
11433,22,-122.36698932263933,47.664422287834896
11493,22,-122.380218940313,47.6649216937603
11569,22,-122.377529114775,47.6679434968815
11570,22,-122.377217561133,47.6679437970948
11795,22,-122.370625490888,47.6628673907667
11802,22,-122.37068525457398,47.66499127917
11844,22,-122.38671119553936,47.670235329950096
11994,22,-122.384204823687,47.66831869490357
12152,22,-122.373726957511,47.666046480757
12259,22,-122.38040021866398,47.6664577279651
12338,22,-122.378825222275,47.667217769691
12440,22,-122.373480506624,47.6632917771144
12540,22,-122.36868882176634,47.664657514892006
12726,22,-122.368685590646,47.6633063773325
13131,22,-122.378876969592,47.6709268856038
13302,22,-122.37561732918134,47.667210275252536
13575,22,-122.365689397928,47.66288021883
13914,22,-122.380639548576,47.6693993708133
14118,22,-122.3692067239,47.6656522354481
14357,22,-122.367725351835,47.6636982692955
14399,22,-122.370630384162,47.6663843946707
14713,22,-122.377691821428,47.6649610093949
14840,22,-122.36900448757568,47.66638177181267
14917,22,-122.37577300592034,47.66566157637297
15038,22,-122.382824687858,47.6671410626255
15116,22,-122.373728340814,47.6672081880341
16101,22,-122.37673125772368,47.6672047077922
16198,22,-122.378751200891,47.6676448811687
16516,22,-122.370028681071,47.66286596266891
16521,22,-122.37548324255432,47.66638282810894
16602,22,-122.383410473809,47.6715483979777
16860,22,-122.381456464306,47.67095330827457
17204,22,-122.373728731832,47.6672643609757
18276,22,-122.38161677228766,47.667547715914566
19821,22,-122.382967497562,47.6702284767809
19947,22,-122.384810000261,47.6702332469383
20440,22,-122.37687557451868,47.67085566189653
22887,22,-122.37130270191231,47.66720718781653
23093,22,-122.37068426527134,47.66678303583197
25513,22,-122.38269438834766,47.66660134899536
25738,22,-122.380338474538,47.6664694946861
25759,22,-122.377215817713,47.6678022840025
26129,22,-122.376583976637,47.6664901534476
26135,22,-122.383393919423,47.6716877514971
26597,22,-122.37756813063532,47.667981601342696
27114,22,-122.379772330652,47.6680358236255
27458,22,-122.38479869285702,47.671690509764
27893,22,-122.3769286943,47.6678018804507
28046,22,-122.37168204517968,47.66495706613086
28655,22,-122.378981952475,47.6697407856833
29015,22,-122.3652242862486,47.66284461380794
29541,22,-122.381096321419,47.6682825349174
30166,22,-122.379010885983,47.6697403147781
30602,22,-122.372899815943,47.6649549373698
31124,22,-122.381285308795,47.6683801939036
31340,22,-122.37689222907734,47.67022391455697
31882,22,-122.384876506343,47.6697975218269
32425,22,-122.373797750942,47.6627549185744
32770,22,-122.37897786217351,47.66972763173605
33039,22,-122.379090018118,47.6662910170169
33525,22,-122.382499046624,47.6680118004656
33667,22,-122.373797166448,47.6632691615827
34142,22,-122.370033964841,47.6649513032336
34833,22,-122.383954079317,47.6695433401917
34956,22,-122.380379873882,47.6659977135881
35247,22,-122.373391371315,47.6632472276462
35283,22,-122.365621077366,47.662839790893
35594,22,-122.364931019157,47.6615528531892
35966,22,-122.380221720904,47.6693570869541
35994,22,-122.386766642252,47.6717345439355
36319,22,-122.382930055309,47.6671538660204
36405,22,-122.379017891548,47.6691206984333
36550,22,-122.378123325486,47.6693544456633
36555,22,-122.369987444976,47.6628370115235
36746,22,-122.379355337772,47.6676822685995
36834,22,-122.37516234245,47.6630235964721
36946,22,-122.381385962948,47.6693585397857
37521,22,-122.381295920693,47.6683926625964
37611,22,-122.380818840593,47.6677569804044
166,23,-122.30142990666,47.70573684407187
207,23,-122.282816240285,47.704644758045
775,23,-122.28133950493232,47.7014265405193
979,23,-122.28683076061502,47.7074612933138
1201,23,-122.28273074636,47.70828407804711
1310,23,-122.288094491878,47.7101040263515
1566,23,-122.2833705755108,47.70464748709762
1749,23,-122.286806899252,47.7082795082677
2341,23,-122.28405955941032,47.7073528603522
2698,23,-122.29343060903,47.7083337674193
2772,23,-122.280217763537,47.70885211665169
2974,23,-122.285569102267,47.7046779355104
2976,23,-122.28336477759932,47.7060786710044
3323,23,-122.285511473085,47.70374806202219
3349,23,-122.28940253116332,47.70926615217864
3481,23,-122.281489549499,47.70462393880429
3507,23,-122.288759765487,47.7083040110202
3508,23,-122.288171636068,47.7082961578956
3926,23,-122.3017843593366,47.70448736932514
3968,23,-122.296289828848,47.7083746222173
3982,23,-122.301786799346,47.7058958751349
4379,23,-122.29549032020334,47.71014555523707
4577,23,-122.301777759809,47.7067319469919
4892,23,-122.289376953839,47.7118731324241
5417,23,-122.293419905698,47.7083034971153
6586,23,-122.296286475285,47.7070471225781
6587,23,-122.296302196268,47.7066438487584
7197,23,-122.288036630379,47.711871522919
7937,23,-122.28931251034,47.7136298574765
8064,23,-122.297850449467,47.7083768199367
8289,23,-122.296287899738,47.7084186594918
8633,23,-122.282782966215,47.701177877924
8882,23,-122.282819734934,47.7029685509908
9312,23,-122.2993055773396,47.70838593279889
9426,23,-122.29827238231134,47.70990597752086
9427,23,-122.29781251109098,47.709881721062494
9637,23,-122.286862721521,47.7046924730728
9801,23,-122.28273496634466,47.7012220167781
10364,23,-122.28941696827968,47.71013093701617
10970,23,-122.296275015682,47.7101526464695
11952,23,-122.277537391495,47.711592467544
11953,23,-122.27728804745568,47.7111985564585
12204,23,-122.30293750155867,47.70812673755436
12654,23,-122.287597674701,47.7101035262626
13203,23,-122.300321358353,47.7083922115325
13204,23,-122.299679323157,47.7083884916542
13666,23,-122.299582457922,47.710101226293865
14913,23,-122.280865812164,47.7043187614919
15269,23,-122.28934159554731,47.7109147200517
15427,23,-122.28998313605068,47.71191323440053
15546,23,-122.29785622136336,47.709442562040266
15951,23,-122.289529559849,47.7072559844311
16295,23,-122.29626013035102,47.71128937861133
16561,23,-122.30049707827168,47.7073815309652
16589,23,-122.278983399782,47.709115342317
16697,23,-122.296355203199,47.7066485619125
16968,23,-122.28001053419436,47.70391258147843
18180,23,-122.289504151043,47.70831279978089
19357,23,-122.296361053864,47.7059170286804
19555,23,-122.29068307269182,47.68763829978298
19768,23,-122.28000369156,47.70423235486053
20029,23,-122.28431283837268,47.70375448917607
20254,23,-122.29762179403768,47.71036004875313
21520,23,-122.29726761291,47.7050961097921
21766,23,-122.296261654238,47.7058174429906
21888,23,-122.28280615003102,47.7047130566179
21958,23,-122.286789670256,47.70299800491716
23203,23,-122.2906679538445,47.687652675030606
23232,23,-122.287972483797,47.7136104722644
23319,23,-122.28392460438933,47.70337526426568
24993,23,-122.277808513261,47.7121281542917
25037,23,-122.286777908354,47.708409671213
25251,23,-122.285449004055,47.707067971203465
25291,23,-122.28214358424032,47.70242011745146
25609,23,-122.282797802431,47.7047699104574
26185,23,-122.28947017055002,47.7083648251675
26265,23,-122.279029276354,47.7092346008082
27192,23,-122.29069619732802,47.708316505200095
29604,23,-122.282778124304,47.7011645652067
30404,23,-122.288699534399,47.708266728584
32692,23,-122.290532765379,47.687596571215785
34642,23,-122.285332244176,47.7027986478731
34814,23,-122.296073396397,47.7069859473833
35191,23,-122.285454022351,47.7032714006395
35402,23,-122.290779060352,47.6884834370106
36252,23,-122.2839474146992,47.699715166048406
36278,23,-122.300954901447,47.7066445477675
36875,23,-122.300322216134,47.7085028310398
37134,23,-122.290731273874,47.6870284792201
37238,23,-122.298342800103,47.7083558755333
37499,23,-122.282968871157,47.6998858645213
1446,24,-122.31804320505276,47.71950271087563
1754,24,-122.31840091364,47.7196171393752
2599,24,-122.3291057724072,47.71926751163178
3066,24,-122.324904187146,47.7191373158055
3397,24,-122.312796299265,47.7183253613045
3690,24,-122.323437058867,47.7238943654274
3759,24,-122.32088741465564,47.72144074621726
4130,24,-122.314145808929,47.72128348387
4311,24,-122.31252058344026,47.72083263248768
4833,24,-122.3346917359326,47.717174421827536
6674,24,-122.312609452661,47.7200866904169
6675,24,-122.312520480427,47.7204209962374
7118,24,-122.323476925959,47.7255545254882
7175,24,-122.32342520705367,47.725544172672
7267,24,-122.312829087317,47.720460580329
7308,24,-122.312627160223,47.7200809492821
7420,24,-122.329664838454,47.71858800910061
7421,24,-122.329930703192,47.71826675987542
7466,24,-122.317994993394,47.7195331853405
8052,24,-122.323489542833,47.7186841525517
8501,24,-122.334056835891,47.7170580752718
10521,24,-122.327547505684,47.7195607710498
10540,24,-122.3139119737204,47.71756506768452
10960,24,-122.315469575584,47.7230074843765
11080,24,-122.312521846045,47.7200699156251
11620,24,-122.319432786289,47.7204376915614
11652,24,-122.326878632398,47.7195607858683
11690,24,-122.323497530005,47.7238944630771
13322,24,-122.329171083664,47.7194486164829
13504,24,-122.32347182355402,47.7177421202698
13532,24,-122.332110369946,47.71707255206
13821,24,-122.32812484731068,47.7194746202538
14130,24,-122.318058911884,47.7201872849467
14400,24,-122.315460593047,47.71984985623533
14745,24,-122.336280145998,47.7171711803772
14862,24,-122.31749078590234,47.71759409472177
15767,24,-122.3162140259976,47.71757793019729
17132,24,-122.31859002611766,47.72302516987193
17362,24,-122.319491328492,47.72236713893947
17594,24,-122.323486620284,47.722867819626
17666,24,-122.33569054579898,47.7171682763799
17890,24,-122.323485777284,47.7241465222354
17964,24,-122.316762745723,47.71758081845434
18002,24,-122.31952805160302,47.72303889645044
18030,24,-122.3139240511766,47.718349509276855
18174,24,-122.31622515815434,47.719004489209794
18561,24,-122.326159784247,47.7194613951971
18610,24,-122.323491962479,47.7235355575124
18938,24,-122.323514433157,47.7197366524075
20032,24,-122.327544827087,47.7196139164054
20070,24,-122.337742217387,47.7170467947601
20942,24,-122.33126553686468,47.71874727271653
21300,24,-122.31416340173,47.7213158131398
21401,24,-122.321294864001,47.72410916597693
22996,24,-122.320916847271,47.723050101829
23139,24,-122.31391443248,47.71575658040174
23364,24,-122.31678970515068,47.71852777102197
23532,24,-122.323439780404,47.7235361555398
23609,24,-122.318054687504,47.7213147567209
23680,24,-122.3126090472855,47.72083103639331
23764,24,-122.320917878898,47.7223431928365
24069,24,-122.31458160257668,47.718482441579766
24103,24,-122.32091308410666,47.72202480742229
25017,24,-122.323501357212,47.7213688931816
25534,24,-122.33561437834032,47.716531285490966
25601,24,-122.323416878177,47.7330887190302
26097,24,-122.323368721704,47.7331034502234
26560,24,-122.323366058488,47.7334583506419
26726,24,-122.312577558343,47.7200874112734
26767,24,-122.32745944158098,47.7176551684641
27722,24,-122.321343559567,47.7176222360001
28066,24,-122.315477995712,47.7213080831198
29247,24,-122.316898415756,47.72016981436573
29589,24,-122.31824615554432,47.7201617442056
30229,24,-122.326131377129,47.7176445154386
30470,24,-122.327506024395,47.717779600162
31012,24,-122.32818712206668,47.71584205789753
31147,24,-122.327486931603,47.7158358057197
31210,24,-122.327672157566,47.7194713322768
31939,24,-122.327001843018,47.71583861855462
31957,24,-122.322458295013,47.7187017016692
32127,24,-122.329731146892,47.7187663651635
32166,24,-122.31671332883434,47.722982065496296
32385,24,-122.334689231503,47.7172070152886
32460,24,-122.336253486557,47.7172092205746
32501,24,-122.32609474984834,47.716292911653966
32795,24,-122.31263390679644,47.72298377051177
33413,24,-122.327540609938,47.720086813343336
33935,24,-122.326878117042,47.7195915759595
34484,24,-122.334041232167,47.717205572096
34895,24,-122.32548144548169,47.717644186312405
35645,24,-122.331577280965,47.7171887702525
36561,24,-122.31252352773,47.7208717181161
36944,24,-122.312549619761,47.7212850459365
37315,24,-122.312634076111,47.7250024844812
675,25,-122.311509430618,47.5991315310879
676,25,-122.311505809062,47.5988237423911
698,25,-122.311502055539,47.598375704081
1048,25,-122.305421288427,47.5991912427484
1153,25,-122.314229924867,47.6009224000453
1287,25,-122.31818584951934,47.61213892027249
1300,25,-122.311303306095,47.6034822144049
1510,25,-122.314059119211,47.6128328530726
1511,25,-122.314041416773,47.6127847174
1652,25,-122.30757389387666,47.60347926941299
1858,25,-122.31819162124502,47.61235236972269
1859,25,-122.3181970311934,47.61256756811333
2215,25,-122.320598832814,47.6117803582017
2644,25,-122.319495645769,47.6120935972459
2864,25,-122.31156375489302,47.599958280107806
3144,25,-122.312816184698,47.6016357007131
3545,25,-122.320670597484,47.6127354382171
3604,25,-122.30758806839,47.59963304276
3605,25,-122.30759968071034,47.6000483918566
4136,25,-122.318225917579,47.6128866099994
4319,25,-122.319375094816,47.6139590251761
4320,25,-122.319379511232,47.6141413433469
4681,25,-122.320364777579,47.6130022976522
4737,25,-122.31213319908132,47.6107949637804
4785,25,-122.311477572496,47.5996317451034
5307,25,-122.320658217692,47.6118738838434
5450,25,-122.30697624884732,47.60347993145697
5697,25,-122.30758478848566,47.60199658592544
5933,25,-122.314752998812,47.6137380762282
5934,25,-122.31510463089069,47.61359572307779
6261,25,-122.311518309036,47.6016118773071
6374,25,-122.307479888337,47.6115580147681
6460,25,-122.31543108960598,47.60163932157409
6802,25,-122.32063499853102,47.613011784616
7535,25,-122.31148037456,47.60161884409499
7825,25,-122.320649591539,47.6129697564337
8021,25,-122.31299239407,47.6022271491723
8115,25,-122.312766625906,47.610812617346205
9370,25,-122.310838317824,47.6128713474964
9416,25,-122.31130345079966,47.60385996700567
10176,25,-122.32066784795131,47.6095073320996
10226,25,-122.31662866371867,47.60164171707751
10481,25,-122.319548008972,47.6130493878096
10834,25,-122.309929633149,47.5991737472734
11551,25,-122.31726435120966,47.61301083023447
11617,25,-122.31155941048,47.6009217697706
11663,25,-122.31412371328734,47.60308292873757
11714,25,-122.314243047015,47.6016332446379
11984,25,-122.308928376267,47.6128199627107
12324,25,-122.312097143208,47.6128673396351
12325,25,-122.312117979463,47.61299447883527
12764,25,-122.31382983764232,47.60271589427146
12777,25,-122.311363240949,47.6027230897111
13028,25,-122.313564400976,47.5999624751791
13407,25,-122.311552708244,47.5991381609712
13671,25,-122.312734843168,47.6128320614744
13844,25,-122.311502531994,47.599944601132
13889,25,-122.320677145185,47.6141376243518
13910,25,-122.314235657528,47.600101131033966
13920,25,-122.317263397875,47.6129771861766
13934,25,-122.31078615701767,47.60271089711813
14045,25,-122.31371595843632,47.59915221219733
14090,25,-122.312082620205,47.6128251782195
14101,25,-122.316670597385,47.612867870693
14151,25,-122.314230231382,47.6012652773291
14169,25,-122.307564060385,47.5991867271023
14181,25,-122.30953121911402,47.6128227991986
14234,25,-122.314126377074,47.6135329025413
14436,25,-122.318695262879,47.6141345449405
14629,25,-122.30953570526434,47.6107968997317
14869,25,-122.31373963044868,47.60347533492084
14981,25,-122.31010117780902,47.6034861511242
15187,25,-122.319327262849,47.6125902177908
15416,25,-122.313343701166,47.6008968859045
15758,25,-122.309445310911,47.5999546376417
16005,25,-122.31082884425666,47.6146856321452
16020,25,-122.31861615930666,47.61401261866257
16068,25,-122.312799883238,47.6027147102066
16173,25,-122.3144304451444,47.61386922020722
16428,25,-122.31149687112502,47.6009308577131
16469,25,-122.317785443639,47.612333443755006
16969,25,-122.311309557654,47.60271403933731
16970,25,-122.312811435006,47.6012171628985
17030,25,-122.31085602209698,47.612829652647
17065,25,-122.316668957925,47.6128347664954
17066,25,-122.316690210325,47.6130057405438
17101,25,-122.31272069302068,47.5996184260731
17127,25,-122.322167452576,47.6130193375674
17555,25,-122.31933390989498,47.6128781913479
17581,25,-122.308921607938,47.6141505780534
17660,25,-122.32041107207164,47.61530904345374
17835,25,-122.316656824601,47.6126122463687
18378,25,-122.31082603656098,47.6143630994058
18909,25,-122.321792823957,47.6141287306891
19277,25,-122.3135591429208,47.61426025695846
19309,25,-122.311787553305,47.6034893935644
19439,25,-122.311920921315,47.6035962346728
19513,25,-122.31544330755666,47.6016037748255
19554,25,-122.318281595251,47.6145238581886
19699,25,-122.312504827446,47.61466880793339
19871,25,-122.32069308171134,47.61478763815656
19878,25,-122.30943822620333,47.59836359584373
20143,25,-122.31803870782927,47.61391386834688
20248,25,-122.31093396096831,47.600887590000205
20454,25,-122.310840218626,47.6104767199411
20696,25,-122.320046714748,47.61563678138683
20760,25,-122.303355087789,47.5991941818685
20981,25,-122.32199897764433,47.612515271658765
21053,25,-122.31823392995,47.6132390976134
21054,25,-122.318239870284,47.61325183205196
21168,25,-122.310346245418,47.5999556344622
21743,25,-122.311657030773,47.6150693674352
22287,25,-122.31279884532866,47.60310055721314
22483,25,-122.310780600229,47.6143753389535
22864,25,-122.313024506084,47.59883087948396
23257,25,-122.309540273029,47.6142006357777
23873,25,-122.318236030771,47.6130411158479
23874,25,-122.318258041523,47.6130480258731
23877,25,-122.31033122384434,47.6004513487235
24147,25,-122.317982095255,47.6151845182616
24148,25,-122.31796505367552,47.61517784885609
24309,25,-122.312801424826,47.6024119738155
24373,25,-122.317988453087,47.6153735335418
24681,25,-122.31866391175748,47.61415684681315
24682,25,-122.31840576001764,47.61416197622916
24704,25,-122.3101839513,47.6017942639124
25826,25,-122.30979029499,47.5993249214872
26182,25,-122.318683642587,47.6141589424998
26992,25,-122.3089211731074,47.613498471637214
28062,25,-122.3181860297845,47.614631204134
28239,25,-122.308993013644,47.61349620112
29356,25,-122.30892079311802,47.6147192781251
29788,25,-122.302992753717,47.6152174196974
30038,25,-122.319309847774,47.6128128615628
30039,25,-122.31931016453,47.6128244034851
30107,25,-122.319569351183,47.614821265301295
30334,25,-122.30527176511232,47.599347632573405
30433,25,-122.3140824036205,47.613621707929184
30615,25,-122.30753277543567,47.59972743004894
30626,25,-122.320043745778,47.6157397255435
31112,25,-122.31826257547,47.6133319573335
31117,25,-122.319555455261,47.614244831529206
31467,25,-122.31806907241644,47.61470873899177
32270,25,-122.320920966701,47.6140039388147
32362,25,-122.3182210057054,47.615123611320136
32643,25,-122.319540828151,47.6133269436586
32775,25,-122.317999975559,47.613645140195
32943,25,-122.318691073144,47.6141461888635
33466,25,-122.31821667545502,47.61323941775417
33495,25,-122.313198661682,47.6144271047209
33522,25,-122.310664921146,47.6015907628899
33582,25,-122.319594845686,47.6149698537309
33676,25,-122.305271313083,47.5993316495505
33773,25,-122.314787226458,47.6137649843382
33790,25,-122.317971832262,47.6151963396274
34012,25,-122.317724574042,47.6139932301488
34082,25,-122.305247548797,47.5993523459012
34460,25,-122.317485690862,47.6151688447243
35059,25,-122.320125094787,47.6157140736041
35160,25,-122.321943291241,47.6129752305618
35614,25,-122.319563780053,47.6130531468847
35764,25,-122.31358147707,47.6142659733753
36047,25,-122.321941744366,47.6130636420518
36093,25,-122.322251528807,47.61305411985669
36156,25,-122.319309531251,47.6128013191354
36216,25,-122.320880174051,47.6128134107247
36226,25,-122.31956347803532,47.61332680755347
36291,25,-122.319976237453,47.6164591027553
36298,25,-122.319302831404,47.6134616129004
36336,25,-122.322251365303,47.6144717303264
36454,25,-122.31929661500531,47.612829825212295
36607,25,-122.318633473818,47.6140182109397
36784,25,-122.319540315791,47.6126114521498
36817,25,-122.321982785207,47.6129529418982
36955,25,-122.312490774084,47.6142024044567
36987,25,-122.323203899174,47.6130636082853
37185,25,-122.31711265152468,47.61301451259229
37439,25,-122.313342026971,47.6007570410558
37523,25,-122.312605988149,47.6146741533226
37619,25,-122.317952678395,47.6151654288888
161,26,-122.326794710662,47.6219530422567
1521,26,-122.326819051222,47.62424902933859
2259,26,-122.326513832876,47.621954863066
2678,26,-122.326650200833,47.6207980776843
2729,26,-122.32680459226128,47.6188740607834
3579,26,-122.330910263301,47.6257056764063
4034,26,-122.329383121061,47.62423392157789
4035,26,-122.32901650071034,47.62423489447627
4424,26,-122.324658714532,47.6212494376355
5283,26,-122.330393569908,47.6242290501371
5413,26,-122.32720911093467,47.6243349579731
5617,26,-122.3254649818518,47.62434901352724
5621,26,-122.326497133756,47.6242529924129
5744,26,-122.32959427432,47.6242303583408
5991,26,-122.324699192907,47.6208067261315
5992,26,-122.32540667944902,47.62080664708011
6068,26,-122.325187087932,47.620838015213
6069,26,-122.325141343277,47.6208905269787
6576,26,-122.330587023545,47.6219290577383
7066,26,-122.330553621564,47.6225687501467
7216,26,-122.331174041222,47.6241912542952
7378,26,-122.3266508336595,47.6195840432102
7457,26,-122.330413175071,47.6219370611304
7491,26,-122.326618602867,47.6195101012759
7704,26,-122.330358043948,47.62222401080421
8038,26,-122.330370047892,47.6219394541298
8471,26,-122.332781716355,47.6242285405709
8557,26,-122.32664751031102,47.61865387752363
9624,26,-122.326448980208,47.6195186569688
10252,26,-122.334652065132,47.6248871381533
10608,26,-122.331261386312,47.62423453624459
10795,26,-122.33038513351,47.6236417074011
11061,26,-122.329862965985,47.624359227535
11192,26,-122.32735094906,47.6184042615797
11556,26,-122.326641234955,47.62046164816021
11811,26,-122.330375119648,47.6227178049731
12067,26,-122.33076871192002,47.6247610689386
12093,26,-122.325712790092,47.6242637209105
12488,26,-122.327756967186,47.6239305488012
12610,26,-122.324674725281,47.6208372483237
12831,26,-122.330361697589,47.6221373746159
12975,26,-122.32684957698,47.6188474634456
13013,26,-122.324693387056,47.6212211359947
16505,26,-122.326830245357,47.6184219571929
17401,26,-122.324656814871,47.6214203678217
18391,26,-122.3305313995282,47.624489968556745
19356,26,-122.32592978628934,47.61844031974024
19668,26,-122.326452353165,47.6199521484317
19770,26,-122.33681237912502,47.624450643215
19771,26,-122.336847432605,47.6244250441684
22174,26,-122.33987227096,47.6234171756977
22175,26,-122.3398834248565,47.6234217081753
22684,26,-122.33755201210369,47.62446142798181
22685,26,-122.337488895345,47.624518929646605
23186,26,-122.338101587333,47.624451958913
23249,26,-122.332380470818,47.6245337215967
23602,26,-122.33519836322728,47.624154731705545
23791,26,-122.333899851628,47.6244272574906
24428,26,-122.327214493443,47.620771895946405
24675,26,-122.32667866734148,47.6203758935064
25384,26,-122.337482225007,47.62480486696146
25835,26,-122.324623181893,47.6202757888058
25968,26,-122.335137618244,47.6240611832018
26532,26,-122.331606433539,47.6247007146702
26538,26,-122.333923832446,47.6243925279641
26887,26,-122.326653119053,47.61890530816461
27549,26,-122.32777626530633,47.62013501778159
28270,26,-122.330634173679,47.6248538652038
29707,26,-122.339883550763,47.623405985365
30082,26,-122.330559636145,47.6235132762965
30499,26,-122.32720054050031,47.62204362782021
30769,26,-122.32720122398868,47.62078399197687
30878,26,-122.333659201613,47.6236430629191
30879,26,-122.333665634087,47.6236300638689
31127,26,-122.326848670498,47.6172056141778
31426,26,-122.327189228555,47.6211642296575
31703,26,-122.336197620032,47.6248354087194
31797,26,-122.33031170626168,47.62223781776303
31819,26,-122.340971999217,47.6224238015147
31864,26,-122.3372917829,47.6237869503915
32314,26,-122.338030114977,47.62451682347304
32318,26,-122.325849230385,47.619570799641
32529,26,-122.33454703827098,47.62441711723375
32530,26,-122.33444189168831,47.6240258359448
32556,26,-122.327323966143,47.6191376861372
32804,26,-122.326697226415,47.6202321347758
33057,26,-122.330307988013,47.6220974510191
33357,26,-122.327191398832,47.6215504992765
33386,26,-122.327737827216,47.6206045577207
34533,26,-122.337904947028,47.6244482338166
34558,26,-122.338320785374,47.6249042293673
34905,26,-122.338335299711,47.6248946581374
34914,26,-122.339876309466,47.624307454781
34985,26,-122.336788902364,47.6244248196981
35288,26,-122.32721261656,47.6207891803451
35291,26,-122.332943325439,47.6244912944534
35364,26,-122.338615887186,47.6248219712255
35461,26,-122.33602959957,47.623784068473
35742,26,-122.338315505981,47.6241524244369
36069,26,-122.32669595754568,47.62038637683747
36622,26,-122.326598507574,47.6189071945789
37109,26,-122.329749914525,47.624090425397
37144,26,-122.333601465158,47.6235574807999
37333,26,-122.335224470981,47.6233543828834
168,27,-122.317953569736,47.68021292259831
236,27,-122.31372503584856,47.67556144028169
237,27,-122.313706101164,47.6755607255575
459,27,-122.3167773446296,47.67409905372754
612,27,-122.31922923260534,47.680218652820905
1794,27,-122.317186871828,47.6733784673617
1795,27,-122.301596512733,47.6760835421427
1796,27,-122.301558915516,47.6761869264976
1972,27,-122.315781673653,47.67880981756221
2941,27,-122.307554953207,47.675875561779
2977,27,-122.301593740454,47.67583792554691
3189,27,-122.31630068866302,47.6815115477882
4072,27,-122.312276232654,47.6758366612627
4793,27,-122.317384425516,47.6815137044242
5678,27,-122.312058349888,47.6781044476275
5826,27,-122.31530868818,47.6750618173591
6293,27,-122.302300769555,47.6758570131115
6514,27,-122.316204701255,47.67336558174279
6515,27,-122.315729200602,47.6733983523879
7161,27,-122.3157298461,47.6750631209189
7162,27,-122.31572149689002,47.6753932480618
7205,27,-122.31209555916,47.6758671068203
7557,27,-122.315734081233,47.6759007829137
8269,27,-122.31925082286268,47.68153388044933
8315,27,-122.31412969175136,47.67461401815374
8668,27,-122.312029452219,47.67722354938561
8689,27,-122.317365910492,47.6802320259188
8811,27,-122.316290870465,47.6801893128785
9916,27,-122.316774510368,47.6744139058026
10400,27,-122.305306267982,47.675817925079706
10495,27,-122.318729742485,47.6813358940391
11196,27,-122.31490333975,47.6733671918505
11265,27,-122.301800369048,47.6760969436474
11450,27,-122.31636630245698,47.6826487719996
11577,27,-122.31522097181966,47.678788199405865
11729,27,-122.314484154853,47.6764544308319
11903,27,-122.302674639561,47.6757722905897
11919,27,-122.31206641048202,47.6787548374321
12111,27,-122.302211163547,47.6758184665453
12663,27,-122.317405152631,47.68276960374536
12755,27,-122.31851285188368,47.681526469594665
12756,27,-122.318198250756,47.6815225899191
12941,27,-122.312084114989,47.6773701462498
14095,27,-122.31572825548498,47.674080181607096
14344,27,-122.31637133406302,47.682262977218805
14477,27,-122.313682903596,47.675848391478006
14772,27,-122.30270360615198,47.6754748609574
14884,27,-122.317377463533,47.68080400780351
15024,27,-122.31743645057,47.6802276001555
15160,27,-122.30528794608,47.67578579803
15487,27,-122.31250346673632,47.675053298147226
15862,27,-122.316919313362,47.6740995014239
15880,27,-122.309908504686,47.6786954004023
16132,27,-122.309945589045,47.6793752272933
16606,27,-122.307632844252,47.6782908437237
16858,27,-122.31527026468602,47.6814792016969
17067,27,-122.30392915091,47.6758177082106
17141,27,-122.316809668153,47.6787914740982
17428,27,-122.30524815411134,47.67646880364151
17841,27,-122.3125017559562,47.67583814949209
18422,27,-122.313263763249,47.6764761207421
19120,27,-122.30486336374634,47.67335209272854
19275,27,-122.31448650523733,47.6797700240362
19392,27,-122.314497709404,47.67942549086249
19487,27,-122.30882704162498,47.675861881945
19700,27,-122.317322391228,47.6765218782629
20185,27,-122.3109558656832,47.67584225236455
20341,27,-122.31101841964,47.6793654355607
20412,27,-122.303853315415,47.67301653124363
20475,27,-122.31106304414168,47.68242368404943
20548,27,-122.31202695410468,47.67683454278566
20728,27,-122.310998415427,47.6794068604776
20729,27,-122.31098744503068,47.67900070867034
21120,27,-122.318675105467,47.6816099742588
21332,27,-122.308835773192,47.6786095084062
21530,27,-122.30444883133698,47.6758167550606
22532,27,-122.316226064123,47.6731499885882
22533,27,-122.31621149731102,47.6733114364867
23141,27,-122.315779708272,47.6753844835638
23154,27,-122.302650428192,47.6758196650758
23228,27,-122.31579115190398,47.6765188209201
23335,27,-122.309925036753,47.6794165632175
23336,27,-122.309917347117,47.6790352615695
23355,27,-122.31932284288166,47.680842012553
23357,27,-122.31208275775002,47.67934888511829
24107,27,-122.313281610017,47.679388574625
24108,27,-122.31326832482569,47.67971281898323
24556,27,-122.30995978577369,47.68117203690027
24978,27,-122.301130374073,47.6758120463291
25308,27,-122.317351237504,47.6794139316767
25562,27,-122.314907832868,47.6733190827803
25626,27,-122.31522558365934,47.67806798237323
25778,27,-122.30271789895166,47.67446579575184
26495,27,-122.31794063745969,47.68024691850757
26743,27,-122.315737339239,47.6765120107457
27137,27,-122.30341295835431,47.6737041526375
27799,27,-122.303850811185,47.6736808230053
27912,27,-122.302719366433,47.6774511522103
28014,27,-122.312163821502,47.6742955006627
28068,27,-122.3109711295,47.6786556017402
29038,27,-122.314699876561,47.67654286637819
29090,27,-122.312080197626,47.6793829892076
29458,27,-122.31542743291966,47.6823352695805
29950,27,-122.309887272533,47.6758533571152
30138,27,-122.31621777758367,47.67374435643683
30219,27,-122.31745306992302,47.6808191163517
30249,27,-122.312075309224,47.68031424082386
30781,27,-122.318663307422,47.6840923208528
30973,27,-122.305346246489,47.6756951664426
31176,27,-122.318510114795,47.6829212723309
32289,27,-122.318651561711,47.6814947982657
32552,27,-122.31490406469732,47.67265267477047
32613,27,-122.316299101752,47.6808141350308
33494,27,-122.316534951097,47.6764962771076
34714,27,-122.316522728243,47.67652799994179
35412,27,-122.316541513102,47.682264976729
35817,27,-122.314927189901,47.6743555804617
35944,27,-122.302618392896,47.6754728010538
37363,27,-122.301131713582,47.6756915836656
2,28,-122.32041229422698,47.7039872006608
176,28,-122.320555573671,47.7058770802208
177,28,-122.320540762375,47.7053083226127
348,28,-122.320364331633,47.6931658295844
358,28,-122.321520039872,47.6852702429452
433,28,-122.32034308665,47.701276906840896
717,28,-122.3225663447674,47.701270073728175
732,28,-122.320527553892,47.704864959603
868,28,-122.320446989158,47.7012756445604
1072,28,-122.320272598282,47.6976284975974
1082,28,-122.320327966894,47.7003498421023
1547,28,-122.317601720029,47.70023636429215
1644,28,-122.31773376313257,47.70801001099364
1743,28,-122.320616400779,47.707601140611
1744,28,-122.320604605234,47.70712544206399
1834,28,-122.322925964622,47.6903103434237
1947,28,-122.32039697547002,47.69855867112201
2270,28,-122.32846642292068,47.6931732240915
2562,28,-122.320352698715,47.6907114454466
2615,28,-122.320469144146,47.70216635671121
2684,28,-122.326506505072,47.6976739135058
2823,28,-122.320932675162,47.6994587700222
2824,28,-122.32042059084,47.6995346024133
3408,28,-122.320322356889,47.6958220117423
3899,28,-122.32305805908,47.6890147412154
4067,28,-122.32037160773798,47.6897054461755
5040,28,-122.320403494268,47.6958222786211
5041,28,-122.320368345592,47.69498921721671
5109,28,-122.32251747501734,47.6958394694414
6305,28,-122.32298290212262,47.6945050231661
6307,28,-122.320656834152,47.7073281534136
6344,28,-122.323045623231,47.699954594663005
6468,28,-122.320369069158,47.6967267382497
7141,28,-122.324476729331,47.69845484153154
8218,28,-122.32039609884198,47.7030822851569
8264,28,-122.320362926126,47.6903172879132
8320,28,-122.320615959237,47.7078564137091
8502,28,-122.320635096234,47.7071906035506
8602,28,-122.32043074967198,47.70035087366781
8608,28,-122.32303813268702,47.6994605944438
9161,28,-122.323029422194,47.6985973907748
9440,28,-122.327040067197,47.6968921155201
9877,28,-122.326626402661,47.6978008485963
9960,28,-122.32066364172,47.7076511293015
10224,28,-122.330242684733,47.6977166874232
10439,28,-122.325740853758,47.6903477683311
10635,28,-122.320498838615,47.7030798419375
10639,28,-122.323003168183,47.6967168821452
10879,28,-122.32298825366,47.69490191455511
10938,28,-122.322991101063,47.7000987843064
11074,28,-122.320653925479,47.7071902439227
11126,28,-122.320298235808,47.6890023960374
11212,28,-122.31800679262,47.7080142588213
11263,28,-122.322961493941,47.693192595003005
11363,28,-122.31828161100668,47.701244966701175
11731,28,-122.321800267097,47.7030933482662
12791,28,-122.320374458482,47.6976106953315
13348,28,-122.32628908112734,47.68865205365236
13498,28,-122.322877665228,47.686681832114
13519,28,-122.322973609279,47.698597322756
13894,28,-122.320631995871,47.7086600797408
14404,28,-122.326940255982,47.6892770697845
14405,28,-122.320512073644,47.7039862000374
14831,28,-122.320359062919,47.6890067650032
14940,28,-122.31848571875834,47.68968670289557
15359,28,-122.320359351265,47.6921572048411
15373,28,-122.32579189786502,47.6976585783724
15529,28,-122.324443120326,47.69765673374851
15615,28,-122.32264713215568,47.690351589517526
15824,28,-122.32371289100534,47.692184876638265
16133,28,-122.31828309486168,47.69764013990213
16199,28,-122.317034307649,47.699509480684206
16225,28,-122.327883236562,47.69767392237554
16494,28,-122.318083765476,47.6957842843507
16704,28,-122.320281583505,47.696730379282
16948,28,-122.320352518774,47.6913413802552
17109,28,-122.32036689180102,47.7021711186728
17472,28,-122.32577166028598,47.6921866465738
17473,28,-122.32579314979834,47.692458064086765
17654,28,-122.320227846594,47.690710463014
18397,28,-122.324420916491,47.691319306798135
18592,28,-122.32031026701502,47.6897037459044
19355,28,-122.322629785653,47.70218280042193
19917,28,-122.32093304001542,47.699524106606816
20053,28,-122.32437444176266,47.689009939322034
20521,28,-122.32307347995,47.6907505258785
20906,28,-122.327797581235,47.6976837867895
21398,28,-122.317739547835,47.7049470921341
21746,28,-122.325704459411,47.6986199953542
21760,28,-122.31843919889366,47.69852572356727
21957,28,-122.320283470749,47.6921622690575
21973,28,-122.32305008507,47.688690786605065
22030,28,-122.31868525034832,47.69313141383387
22494,28,-122.322564770164,47.69953840481417
22602,28,-122.31829233930132,47.70216163328191
22619,28,-122.32701243680968,47.6937179707374
22978,28,-122.324406127758,47.6903633700819
23262,28,-122.32056435154,47.7048670784314
23715,28,-122.31854694128532,47.70547146931256
24308,28,-122.31844940834266,47.69033225696243
24636,28,-122.32252192526232,47.69766606137031
25151,28,-122.322006581955,47.6967440254195
25544,28,-122.32245827301432,47.69219249175827
25857,28,-122.32249044321766,47.69315151141763
26761,28,-122.31833080763867,47.703065252502064
26923,28,-122.32026401633702,47.691334432529096
27548,28,-122.31851059232334,47.68896204251234
27669,28,-122.323169716272,47.6945151675662
27670,28,-122.31815370064334,47.6921544646157
28021,28,-122.320827837694,47.6868051279171
28331,28,-122.32027950411198,47.6949813978945
28470,28,-122.32258112592,47.70311010312586
28624,28,-122.320302628718,47.6903195981391
28864,28,-122.322470889565,47.69132909010977
29000,28,-122.321001738178,47.6994398763332
29077,28,-122.320413721454,47.7073572043491
30186,28,-122.32702412076668,47.69544453233243
30321,28,-122.3220672553,47.70037374421393
30339,28,-122.32279671768,47.7039859352973
30713,28,-122.320287178115,47.693160695195
30940,28,-122.31869226198232,47.6913106200835
31001,28,-122.318838034792,47.70488837231161
31139,28,-122.320757290329,47.68527374522183
31252,28,-122.327875868024,47.697645095632
31273,28,-122.317938834056,47.696722243122736
31596,28,-122.31809777678768,47.6949506161653
32139,28,-122.327840837471,47.6978093481929
32304,28,-122.32252219889232,47.694976764399634
32336,28,-122.322627967919,47.68970597623493
32511,28,-122.31845540791868,47.70489329715583
32746,28,-122.327002461628,47.6932003219606
33202,28,-122.319979796307,47.7059265954196
33862,28,-122.32139192301,47.6839855109529
34318,28,-122.319776106476,47.7059044158251
35330,28,-122.320614328095,47.7053117390831
35697,28,-122.3176602107,47.70226128109
35743,28,-122.317691288942,47.7081059206509
35930,28,-122.317710684961,47.7039869904258
36088,28,-122.321829449884,47.7030766051115
36566,28,-122.317110781592,47.7049977207429
36872,28,-122.317655219498,47.7021242552503
37322,28,-122.317594483209,47.6990772338777
37556,28,-122.319753314519,47.7059250799664
2899,29,-122.322308785443,47.6546754540036
3642,29,-122.322323495913,47.655553255098
3643,29,-122.31979025939997,47.65568841920992
6050,29,-122.318138627108,47.6552102316811
7101,29,-122.32253727071,47.6548877648095
9455,29,-122.320654123033,47.6575306969895
9456,29,-122.32068961371677,47.657492157572506
9457,29,-122.319296266075,47.6574501760588
11533,29,-122.315980060097,47.6609078470286
11534,29,-122.31601210190811,47.65978684568086
13414,29,-122.317949922063,47.6563636644954
13415,29,-122.317925337893,47.65634479099089
13416,29,-122.3188294973145,47.655798343977295
13417,29,-122.318868475968,47.6558236385042
15782,29,-122.31605222211,47.6568191829822
15783,29,-122.316090283639,47.6568304774984
15784,29,-122.314956187937,47.6568137473388
15803,29,-122.314887649569,47.6568532402531
16362,29,-122.32233095811672,47.65456599276459
16363,29,-122.3229925987075,47.65468161450175
17365,29,-122.31715592236525,47.659793174838136
17502,29,-122.31487057943,47.6583119228072
17602,29,-122.319676803631,47.6559667973793
17603,29,-122.31970280002903,47.655953765314
17604,29,-122.319767594708,47.655671093041
19205,29,-122.322332609895,47.6555793758883
19206,29,-122.322303050304,47.6555665535997
19837,29,-122.3137665062495,47.65756715648785
19838,29,-122.313796589288,47.657559453114025
19839,29,-122.313797726461,47.6572427452598
19840,29,-122.31376748524524,47.65678003714895
19841,29,-122.313796003082,47.657232878813
20674,29,-122.317250877872,47.657656743995
20675,29,-122.317226561078,47.6576464257145
20676,29,-122.317214360729,47.6576440187377
20924,29,-122.31487188449633,47.65977327402019
20925,29,-122.314962767864,47.6594587586475
20970,29,-122.3125434254357,47.65975098857972
20971,29,-122.312618817102,47.658743215996935
20972,29,-122.31258654613504,47.65826983768952
20973,29,-122.31261994894795,47.65827800721421
21616,29,-122.317864036307,47.6598193069188
21617,29,-122.31785330491304,47.65981210328409
21723,29,-122.313664126291,47.6582933012711
21724,29,-122.31365858646548,47.65825724888825
21919,29,-122.320749162362,47.6560317204997
21920,29,-122.32076210066924,47.65600209198397
21921,29,-122.32229629244,47.655595299561
21985,29,-122.312546898879,47.660739314301
21986,29,-122.31258445031148,47.66010950928071
23236,29,-122.31368272338902,47.659757447357805
23237,29,-122.313766139799,47.6586291197928
23238,29,-122.313758523644,47.6586192939599
23239,29,-122.31371405042702,47.6582782569032
23356,29,-122.315964942793,47.6598002166162
23815,29,-122.317302159356,47.6568373373901
23947,29,-122.315322356739,47.65988748445039
23948,29,-122.315372014259,47.65987008505159
24663,29,-122.317650892163,47.6568118577382
24664,29,-122.317660444066,47.6568254986238
24729,29,-122.3136739805,47.6582714978211
25965,29,-122.317181558271,47.6583241144161
25966,29,-122.31604331456198,47.65831178812231
26790,29,-122.313718148877,47.6567935383058
27204,29,-122.322791352104,47.6546162755278
27205,29,-122.322302385488,47.6545496247777
27422,29,-122.31533516147,47.6607334816959
27625,29,-122.312591287439,47.6585848058287
27808,29,-122.318105486364,47.6552026236991
28530,29,-122.313734774767,47.6567708888597
29065,29,-122.312558363182,47.6603034212883
29144,29,-122.322330565344,47.6545431094345
29293,29,-122.315996034968,47.6583570087317
29331,29,-122.317141921872,47.6597723369558
29653,29,-122.312619213931,47.6579862017568
29654,29,-122.31263585310828,47.657981630953074
29655,29,-122.312638377489,47.65726026371829
29789,29,-122.318816072189,47.655808047795
30254,29,-122.320748548313,47.6560102581244
30289,29,-122.31608605914,47.6580429619971
30290,29,-122.3160672291,47.6580473947761
30479,29,-122.316079155898,47.6574365637484
30775,29,-122.317116388482,47.6611792156022
30978,29,-122.314913070135,47.6590658680982
30979,29,-122.314913355851,47.6590539028013
30980,29,-122.31492403251764,47.65874452903935
30981,29,-122.31491348429,47.65829897366419
31791,29,-122.316096479088,47.6577084840518
31792,29,-122.316075971867,47.6577135056784
32136,29,-122.31719776916626,47.6591826498792
32137,29,-122.317243169512,47.659182227576
32863,29,-122.317362219216,47.6568232899943
33242,29,-122.32233138841332,47.65458849055724
33540,29,-122.317936429315,47.6563556143932
33614,29,-122.319278176102,47.6574501346019
33673,29,-122.317111106673,47.659806144088
33826,29,-122.319691080921,47.6559846253201
34118,29,-122.314955870829,47.6579730359096
34397,29,-122.313814811929,47.6578909622382
34398,29,-122.313787905649,47.6578907079948
34495,29,-122.312489111706,47.6597659079771
34530,29,-122.317944544687,47.6567325166857
34531,29,-122.317947086782,47.6566360996361
34652,29,-122.316040569628,47.6568054394444
34861,29,-122.317670702809,47.6568253495238
34862,29,-122.317307199488,47.6568124417945
35119,29,-122.319676040842,47.6549084988767
35141,29,-122.312537977243,47.6582833257708
35142,29,-122.31264291677476,47.65678976028123
35200,29,-122.315116106679,47.6569390905364
35276,29,-122.313634691211,47.6597715715704
35359,29,-122.316089951282,47.6593481183989
35360,29,-122.316008820134,47.6583535393141
35456,29,-122.321368963717,47.6546354832806
35549,29,-122.319871782267,47.65449821497
35550,29,-122.319842821213,47.6544788643026
35793,29,-122.317856137962,47.6553262260513
35988,29,-122.317295376804,47.6569652992667
36096,29,-122.314912694243,47.6587384932397
37108,29,-122.32299593132,47.6545560357981
37161,29,-122.31881667026,47.6558289790165
37202,29,-122.319690474006,47.6559633971532
37407,29,-122.314822883202,47.6597892632353
37567,29,-122.312596786246,47.6568025573025
37569,29,-122.319841847803,47.6543494392842
11,30,-122.320139069656,47.6318118305218
17,30,-122.319127548026,47.6323602099498
209,30,-122.320219195386,47.6359025885694
215,30,-122.319077878052,47.6371457325911
283,30,-122.326117373862,47.63391092905673
390,30,-122.322520556083,47.6358633863604
491,30,-122.32070887950168,47.63843502885957
492,30,-122.32014794675,47.6384481406603
873,30,-122.325249295035,47.63452051674741
919,30,-122.32126765441224,47.63697752530312
1116,30,-122.319195671535,47.6291035195557
1382,30,-122.329146364109,47.6276935848137
1457,30,-122.319157304597,47.632995883195
1512,30,-122.325883544639,47.6359748672184
1595,30,-122.317852160261,47.6419039742219
1637,30,-122.325700291724,47.6329698538896
1991,30,-122.317917644468,47.6372084736275
2254,30,-122.319088094281,47.6350803767432
2335,30,-122.329013838629,47.6290679663787
2548,30,-122.31919024039,47.6323682675171
3028,30,-122.312512051868,47.63784211564326
3147,30,-122.317937776367,47.6360541102622
3329,30,-122.321327268041,47.6395926869475
3677,30,-122.32860695606868,47.62947836739627
3699,30,-122.31612953073034,47.64088016124606
3832,30,-122.317388399923,47.6372146856893
3870,30,-122.319082062431,47.6358764878352
3871,30,-122.315180412297,47.6389679881448
3884,30,-122.317890973391,47.6396003645211
3898,30,-122.316930391764,47.64059488704226
3938,30,-122.325283505142,47.6352956330722
4063,30,-122.31417773014898,47.6371223618714
4081,30,-122.32624601157902,47.6316708979706
4115,30,-122.31247976012833,47.636682117515
4359,30,-122.329126139059,47.6283219822731
4565,30,-122.32013415599432,47.63958439174383
4620,30,-122.31285061037867,47.63752253558977
4876,30,-122.322336853168,47.6349926387662
4921,30,-122.32463865856,47.6368339306133
4941,30,-122.324434720858,47.6356810588633
4942,30,-122.324498913566,47.635828765736
5202,30,-122.31783051470268,47.64190414403593
5287,30,-122.31986627323369,47.63843740247057
5331,30,-122.325607037745,47.6334947870133
5839,30,-122.32234687192134,47.63587345620377
6104,30,-122.325473106696,47.6339130183463
6567,30,-122.32016317434932,47.63633961051474
6742,30,-122.325643894132,47.63337820953749
6862,30,-122.317299088425,47.6393979725789
7396,30,-122.318960745367,47.6396041456085
7477,30,-122.31785021423566,47.64196036194753
7734,30,-122.311885787161,47.6379856909336
7891,30,-122.324537189468,47.6339121269247
8046,30,-122.324170176093,47.6349327153024
8130,30,-122.31731012972098,47.63766651502001
8703,30,-122.318962342995,47.6414134489054
8947,30,-122.320204728954,47.635945020104295
9245,30,-122.316160198369,47.6383120532791
9698,30,-122.31466570515902,47.6360019227306
9920,30,-122.330355095068,47.6269327807265
10396,30,-122.320131951459,47.641903372844
10625,30,-122.317953729073,47.6395856032561
10865,30,-122.325161609481,47.63493264282889
11085,30,-122.32013605854802,47.64103933443349
11092,30,-122.318535405746,47.6322940447139
11552,30,-122.324510268138,47.6356426015975
12012,30,-122.31896034221832,47.64203550953087
12092,30,-122.325457905105,47.63578812547771
12240,30,-122.3257499327842,47.63655231982016
12252,30,-122.321054311346,47.6358865143962
12346,30,-122.325947647747,47.6323525703631
12584,30,-122.318980677019,47.63765077782816
12741,30,-122.32187928282632,47.63957469340027
13100,30,-122.32461763934698,47.6339129715813
13116,30,-122.315149900589,47.6383123859528
13419,30,-122.317029958113,47.6383129983224
13503,30,-122.32491717622234,47.63819635905024
14085,30,-122.31592229285566,47.63767075232701
14154,30,-122.31587599992832,47.637210980524905
14291,30,-122.320142311374,47.62563686672047
14307,30,-122.32463793445,47.6381811680956
14427,30,-122.320276644059,47.6321899349528
14534,30,-122.325188953609,47.6345140259203
15290,30,-122.314190856506,47.636009630439
15731,30,-122.330912331422,47.62588799360714
15765,30,-122.324326088761,47.6339144834609
16054,30,-122.32016227876,47.6364099689041
16145,30,-122.325525784406,47.632223607319
16425,30,-122.32071055499466,47.64138555384736
16655,30,-122.317286406577,47.63693506236
16691,30,-122.31849529210731,47.641388424875664
16733,30,-122.31954998125264,47.64139208312877
16941,30,-122.316891417896,47.6395806460761
17112,30,-122.313715257251,47.6359452495611
17919,30,-122.321456748421,47.63631077882184
18842,30,-122.324680369756,47.6337763356394
19222,30,-122.325663336779,47.6364652992834
19919,30,-122.314660027686,47.6378771158471
19931,30,-122.320328204934,47.6321893727351
20909,30,-122.316129932721,47.639605181038
20987,30,-122.32457016027,47.6358291150762
21307,30,-122.321247165355,47.63411772386596
23164,30,-122.32296813238032,47.63268697459777
23211,30,-122.32568793653012,47.63646876779876
24250,30,-122.324282443736,47.6368024681117
24450,30,-122.31985948110032,47.63270887898717
25009,30,-122.319937856374,47.641023709094
25623,30,-122.32386374829764,47.63582266617596
26266,30,-122.31807307784966,47.63555291616033
27508,30,-122.326311166939,47.6360914497698
28236,30,-122.325700832593,47.6366148457573
28558,30,-122.326449330104,47.6362821298345
29027,30,-122.330764694187,47.6269534858188
30153,30,-122.32022323904,47.6340747752099
30857,30,-122.327324215686,47.63095007781754
33393,30,-122.32232565755334,47.63898509866559
33937,30,-122.322289804829,47.6374299761021
34183,30,-122.325462564952,47.6337578604526
34406,30,-122.320328284691,47.6322448253967
34799,30,-122.32127717175034,47.63802345778617
35083,30,-122.321235119428,47.6369769900098
35103,30,-122.328474056111,47.6296078305964
35792,30,-122.329117456439,47.6283270352958
36438,30,-122.325224033364,47.6353148727816
36703,30,-122.32808647636,47.629985952504
37524,30,-122.324770786355,47.6349478691242
141,31,-122.3234907392245,47.61968040200005
144,31,-122.31282406385527,47.61939229363082
476,31,-122.319625621374,47.61909085793909
853,31,-122.31670766168,47.6219343668254
1010,31,-122.314245024047,47.6200264259507
1011,31,-122.314249139381,47.6201920849655
1254,31,-122.318042175377,47.616332954253
1420,31,-122.32466360898498,47.62272899843404
1496,31,-122.32617059775,47.617701237502594
1529,31,-122.32519981051934,47.623911121631465
1630,31,-122.31891178638834,47.62278486455603
1779,31,-122.32393316813176,47.62005980167648
1780,31,-122.3239356557255,47.62004547830225
1782,31,-122.319680028824,47.6203544152769
1816,31,-122.322347742755,47.6203898460836
2155,31,-122.32519203440133,47.62271650670877
2421,31,-122.32304136561432,47.62164459652467
2491,31,-122.312781905004,47.6205414294022
2854,31,-122.321964407003,47.6210376808226
2863,31,-122.324668935856,47.62305227810399
2900,31,-122.318290707321,47.618691930479
2921,31,-122.32230959400457,47.62048738240386
3084,31,-122.3148438325,47.6188130339034
3088,31,-122.31966445299,47.6193777607846
3174,31,-122.325944447303,47.6231691806279
3237,31,-122.3194724383534,47.619061039554886
3366,31,-122.32547949506902,47.6176766567724
3745,31,-122.325904292296,47.6219598827277
4036,31,-122.320137937411,47.6171097813065
4037,31,-122.3201339728455,47.61712286630975
4120,31,-122.32255129513436,47.619828693666136
4267,31,-122.31554810031066,47.61919579842316
4486,31,-122.319862502828,47.6219624736565
4597,31,-122.324597928326,47.6208035721922
4602,31,-122.322280561883,47.62075702899781
4603,31,-122.322266085337,47.6203778694816
4685,31,-122.315134841461,47.6199966095815
4731,31,-122.322327222066,47.6191344425277
4807,31,-122.316189867791,47.619990849632
4817,31,-122.315553592467,47.6200155159624
4818,31,-122.31554976650598,47.6197165263818
4976,31,-122.31496709506168,47.619041092027366
4994,31,-122.317944177376,47.6163886114983
5187,31,-122.316802422976,47.6179759069339
5309,31,-122.31814902098364,47.62033691069203
5456,31,-122.320159783694,47.6178955479301
5543,31,-122.324854460223,47.61853916379139
5544,31,-122.32468891177469,47.618530672863
5772,31,-122.314187341031,47.6202258648416
5777,31,-122.323721987471,47.6139944460609
5955,31,-122.32214919808004,47.62049596025243
6007,31,-122.3234601214,47.6152945951929
6034,31,-122.320729158932,47.61817327704781
6496,31,-122.324058208949,47.618530528465534
6696,31,-122.325340245779,47.6179891980695
6814,31,-122.318944471479,47.62195296598859
7143,31,-122.325240796563,47.6227244439952
7260,31,-122.322242597747,47.6191245580737
7372,31,-122.31788904682432,47.6214678171439
7454,31,-122.3168452928908,47.61934909850482
7634,31,-122.319583364704,47.6187167384602
7643,31,-122.312022042402,47.6205599110857
7819,31,-122.322352102834,47.6206597050534
7879,31,-122.320167586749,47.6183734173783
8308,31,-122.318312064915,47.6210311629774
8637,31,-122.313339190822,47.6210896352383
8957,31,-122.325952412413,47.6225604772586
8984,31,-122.31727856714366,47.62106424182864
9083,31,-122.319659500353,47.6190691760235
9150,31,-122.320683420361,47.6181845159829
9177,31,-122.324073010972,47.6199248941854
9254,31,-122.323497562646,47.6201970858483
9309,31,-122.32347783819098,47.61655243161911
9405,31,-122.325981925213,47.6226915731291
9805,31,-122.325909590225,47.6219021379335
9870,31,-122.324386144573,47.623058130745
9919,31,-122.319449429496,47.6210456511477
9949,31,-122.319879168571,47.6220043682149
10064,31,-122.313151743936,47.6195833047779
10191,31,-122.322224267104,47.6175951006691
10257,31,-122.323004835536,47.6219678317832
10382,31,-122.325954748369,47.62254596139522
10421,31,-122.31566024096,47.6214442624756
10560,31,-122.31892397094002,47.621994325756
10683,31,-122.31366953680768,47.61873935332003
11058,31,-122.326198821881,47.616706571528965
11075,31,-122.314932549901,47.6196437121236
11174,31,-122.320148585076,47.6171965475941
11198,31,-122.323479164252,47.61668145125
11314,31,-122.325233700773,47.6220010701665
11341,31,-122.318294735637,47.6198544462286
11393,31,-122.317054734009,47.6194673531217
11408,31,-122.324073975133,47.6197203961101
11497,31,-122.323495276492,47.6177929361574
11498,31,-122.323541877852,47.617396528716505
11705,31,-122.311499840998,47.620546545394
11713,31,-122.322331572157,47.6204919185804
11826,31,-122.324075669669,47.6207971543564
11908,31,-122.31201197409298,47.62175131716021
11924,31,-122.320116767485,47.6176783226822
12072,31,-122.32407330846,47.6219613478082
12073,31,-122.324080068147,47.6216397752735
12451,31,-122.31276169849998,47.6209047547876
12483,31,-122.322262240509,47.6210309852403
12626,31,-122.32524094779768,47.620910421886
12710,31,-122.32346339838,47.6149938076986
12914,31,-122.324073232268,47.6194272566456
13068,31,-122.326976231724,47.6231624866141
13277,31,-122.323320818127,47.6210123329956
13355,31,-122.31627008839934,47.61914336837733
13501,31,-122.316813523297,47.6188055600629
13621,31,-122.31892864218332,47.6214623333866
13738,31,-122.32460753333132,47.619649530099736
13791,31,-122.318299169036,47.6202298558762
14150,31,-122.323039995934,47.621413248550105
14276,31,-122.319455933442,47.6187200994259
14343,31,-122.324424478396,47.616698613896766
14474,31,-122.317879711318,47.6219476516907
14734,31,-122.324669606714,47.6231752844285
14780,31,-122.32521434435598,47.62195937344129
14889,31,-122.321988663792,47.621369894376606
14890,31,-122.32207831607,47.62174722451814
14954,31,-122.32346520015136,47.614602364402735
14957,31,-122.319009647386,47.618736671574105
15046,31,-122.31368513533069,47.62108710361127
15048,31,-122.32546154478432,47.61570892266044
15115,31,-122.327064334348,47.62316125110487
15128,31,-122.315652674497,47.6219339557016
15377,31,-122.323457958236,47.621079845322974
15448,31,-122.32392657008624,47.62054712082743
15452,31,-122.322283306699,47.6186251899212
15636,31,-122.322244135506,47.6187037918959
16063,31,-122.314985289333,47.6199995049174
16456,31,-122.316711874103,47.622078321726
16604,31,-122.323066335605,47.6210207891945
16703,31,-122.32374198071,47.6176846330948
16740,31,-122.315567780348,47.62070067711469
16783,31,-122.3236551519062,47.62193881582324
16959,31,-122.31948325783868,47.619684709732205
17012,31,-122.322043048041,47.6181208274913
17073,31,-122.31773131271366,47.61997843085957
17163,31,-122.316705418374,47.6214501850053
17470,31,-122.320142358649,47.6176853896049
17534,31,-122.322134954704,47.6164446067034
17535,31,-122.322015622788,47.6164322395547
17942,31,-122.312827482607,47.619143287669694
18024,31,-122.322303658494,47.6188659885682
18231,31,-122.313616094787,47.6215675862357
18381,31,-122.31986507300869,47.62286707116553
18421,31,-122.31425975251598,47.620859042047
18484,31,-122.325243474598,47.6231738056873
19069,31,-122.324190678021,47.6231795462115
19458,31,-122.32404196778866,47.6184302377265
19505,31,-122.32333500595934,47.61723830274187
19822,31,-122.323939506058,47.6219115155212
20166,31,-122.320727447323,47.6178632979619
20338,31,-122.32346116362534,47.618690869668335
20805,31,-122.324691738715,47.6184446675876
20913,31,-122.323024585685,47.6225501233104
21103,31,-122.32310351127433,47.61759664763776
21333,31,-122.319889264771,47.62144450485656
22068,31,-122.326199546856,47.617975481179
22426,31,-122.323527921721,47.6180043229198
23534,31,-122.32348323426946,47.61939908807924
23536,31,-122.320709684041,47.6185565935398
24171,31,-122.3241062625726,47.62017182024726
24825,31,-122.32593379353185,47.6230884890682
27116,31,-122.323332178273,47.6181659408103
28024,31,-122.321420423409,47.6186570799857
28556,31,-122.315768774614,47.6206926612706
28904,31,-122.323100975556,47.6163367732367
29411,31,-122.322850838152,47.618691798809465
29445,31,-122.323718961067,47.6176989702619
30008,31,-122.31285033564734,47.6191436441666
30355,31,-122.32487944123834,47.61840656051964
30548,31,-122.315611502532,47.62145432331428
30576,31,-122.323548110591,47.6179873658765
30631,31,-122.32597706247331,47.62254692614736
30824,31,-122.324567060952,47.6162861133204
31258,31,-122.322086275997,47.6207720681143
32096,31,-122.3259875911,47.6237178152045
32097,31,-122.320140676037,47.616694464425
32296,31,-122.319079173324,47.6198302492297
33013,31,-122.322059637729,47.619137549866
33424,31,-122.3239559153172,47.62156770574002
33497,31,-122.315485405827,47.6197111714927
33518,31,-122.324607854006,47.6162635121914
33748,31,-122.324146982172,47.6222090671384
33943,31,-122.321660943845,47.6209798855132
34279,31,-122.32300490666,47.62051630244133
34408,31,-122.320692112674,47.6178453697536
34427,31,-122.32721790292634,47.623075515791335
34444,31,-122.322288921624,47.6188799867813
34481,31,-122.32202089537,47.6167568290751
34716,31,-122.322160237018,47.6164584159006
34996,31,-122.32201581469,47.61644408469
35064,31,-122.323894456075,47.6205484244949
35254,31,-122.321915912739,47.6213632170654
35300,31,-122.322966556719,47.6213810501999
35302,31,-122.323895516446,47.6207413944875
35304,31,-122.32409403647334,47.61988314435657
35465,31,-122.325387881001,47.619146270468
35672,31,-122.325900939122,47.6230538427645
35731,31,-122.323789228887,47.6164342272298
36023,31,-122.316661480362,47.6214581319727
36075,31,-122.32339244097,47.6193992307579
36104,31,-122.312808642192,47.6186852134508
36158,31,-122.312817727508,47.6186952111372
36515,31,-122.321433145035,47.6149333097427
36575,31,-122.311523858332,47.6206037594477
36812,31,-122.322021191852,47.6167750107101
36815,31,-122.320105820181,47.6171099627557
37010,31,-122.312549241552,47.621386046578
37038,31,-122.312821737076,47.6186814726309
37125,31,-122.322323041441,47.6188806782489
37181,31,-122.313757170998,47.6215575575727
37325,31,-122.322322480917,47.6188466415079
37576,31,-122.325979627501,47.6222644707724
37662,31,-122.325408797932,47.6179543643262
733,32,-122.31966769638068,47.66261364401407
924,32,-122.320778220776,47.6551219632108
1249,32,-122.320649314339,47.6632072203962
1414,32,-122.320110991001,47.66317541458
1522,32,-122.32074456151,47.6594222578249
3814,32,-122.31875752417,47.6598328784985
5038,32,-122.320779442934,47.655590167056
5418,32,-122.319612258296,47.6621779171466
5758,32,-122.323450466988,47.653933570407
6049,32,-122.31796832457276,47.65532847258627
6150,32,-122.320775449665,47.6549801130401
6713,32,-122.32094882848,47.6554081576723
6714,32,-122.320979312711,47.655436445943
6810,32,-122.320735845829,47.65545418933
6919,32,-122.319684749344,47.6548833189703
7006,32,-122.32184973220032,47.6546291622513
7007,32,-122.322123123601,47.6543962141453
7229,32,-122.320945610667,47.6590155038148
7244,32,-122.317258357548,47.6630869578597
7566,32,-122.31935432549967,47.65481641935509
7569,32,-122.320747694625,47.6575660427691
8960,32,-122.324662992615,47.653753050465205
10671,32,-122.3190189002468,47.65941489719538
10737,32,-122.320908644863,47.6543990658949
11658,32,-122.32003909623069,47.6543990937445
11664,32,-122.317240592868,47.6554014467493
13429,32,-122.320606138586,47.6625634773035
13948,32,-122.320066431201,47.663053933493
14228,32,-122.31843893059734,47.66457366604717
14792,32,-122.31845574329698,47.6631639147057
15412,32,-122.317341240779,47.6630143908505
15413,32,-122.317302669959,47.6630291616534
15907,32,-122.319822237276,47.6600697136671
16122,32,-122.32092178297,47.6584757630842
17123,32,-122.320810314039,47.6545948857158
17702,32,-122.320767268441,47.6585691199267
18009,32,-122.319670465836,47.657266500679
18033,32,-122.320735867452,47.66008834731065
18034,32,-122.320713277069,47.6598249350677
18173,32,-122.320653376498,47.6625760707976
18648,32,-122.318755333536,47.6593518814893
18946,32,-122.317869207088,47.6631621540108
18975,32,-122.319839641487,47.6563020688149
19866,32,-122.31688175027828,47.66335706885921
20013,32,-122.320479187431,47.66317800415809
20072,32,-122.319750849889,47.65600658455413
20255,32,-122.32011994634,47.66455723142466
20811,32,-122.321349292193,47.6561334747553
20863,32,-122.320653753086,47.6621247040352
20967,32,-122.318752298597,47.66025617557509
21109,32,-122.320713566572,47.6545945957323
21413,32,-122.318950586234,47.6631671891788
21414,32,-122.319839753532,47.6572010915885
22278,32,-122.320113368429,47.6631190591388
22474,32,-122.32076696032398,47.6601856835052
22529,32,-122.31961320378498,47.6626124937288
22943,32,-122.318456533363,47.6625954788029
22944,32,-122.318459752008,47.6623847643838
23548,32,-122.319604500079,47.6631093552231
24258,32,-122.31987779461,47.6563664305122
24417,32,-122.31982289798168,47.660809070749366
24644,32,-122.31872422338144,47.66058227328679
25338,32,-122.3207682657116,47.65729305388136
25702,32,-122.319836020981,47.6593621779839
25845,32,-122.31877543627232,47.65622296209551
26026,32,-122.319603211382,47.6631698429069
26144,32,-122.321841911469,47.657879803416535
26810,32,-122.31845556228102,47.6631175181903
26895,32,-122.319836575383,47.6594166257693
27119,32,-122.31756233271466,47.663159702973566
27401,32,-122.31876361792278,47.656960673903576
27710,32,-122.317302848283,47.6630131406494
27817,32,-122.318984368053,47.65937637825
27884,32,-122.320135374553,47.66190813345836
28104,32,-122.318465846527,47.6615821081647
28199,32,-122.318666006162,47.65759178848109
28228,32,-122.319613463452,47.6615645101646
28929,32,-122.318717947881,47.6569625812876
28992,32,-122.318961160954,47.66342654349993
29349,32,-122.318729736571,47.6567682542007
29350,32,-122.318718936328,47.6567707866105
30047,32,-122.318701094481,47.6604021246467
30133,32,-122.31960935303066,47.6635355822356
30429,32,-122.320943526792,47.6580071655809
30682,32,-122.320979541463,47.6552173470035
31061,32,-122.318700592468,47.6605047005014
31418,32,-122.319900900056,47.6599969788472
31862,32,-122.323464710958,47.65446450722664
32105,32,-122.316923575368,47.6633418335249
32798,32,-122.319447515372,47.6621759614347
33259,32,-122.321593638746,47.6546446922773
33361,32,-122.318767897832,47.65697464610899
33362,32,-122.318715642572,47.6574097822482
33419,32,-122.32105581895,47.661831565301
33955,32,-122.319675044883,47.6563274708208
34631,32,-122.320712176783,47.6600313450202
34683,32,-122.318514292946,47.6629579968096
35105,32,-122.318287320715,47.662108894581
35120,32,-122.318707896973,47.6590063142201
35344,32,-122.318860703174,47.6609556609839
35702,32,-122.318703562439,47.6598986706919
36364,32,-122.320963356616,47.6584758792963
36723,32,-122.320726533098,47.6571334382404
36781,32,-122.316927819116,47.6645705594344
36921,32,-122.318703292495,47.6575979582013
37061,32,-122.317303034225,47.6629964492769
37263,32,-122.319918962976,47.6562332699342
235,33,-122.275316494772,47.5512434675241
414,33,-122.275322190003,47.5518469090004
1138,33,-122.275321196654,47.5527001908547
1139,33,-122.275321434685,47.552261058103
1220,33,-122.26590209837802,47.5541447850648
1221,33,-122.26589326443,47.55380584304974
1231,33,-122.27530753573,47.5552543666201
1460,33,-122.271494655447,47.5549001784262
1461,33,-122.27084355247798,47.5549011318686
1701,33,-122.268143468972,47.5594943667381
1747,33,-122.275303604692,47.554516688679
1771,33,-122.275378714008,47.551233245744
1962,33,-122.27822308076834,47.551225630573605
2188,33,-122.26807775608,47.5548951550728
2206,33,-122.26807409423698,47.55413456836501
2231,33,-122.268073714631,47.5563110460678
2511,33,-122.276426034451,47.55228542681933
2557,33,-122.27730682543334,47.55189423976007
2646,33,-122.272580289884,47.554903144266895
3021,33,-122.275320969037,47.5504642845621
3058,33,-122.269396538916,47.5605192526492
3218,33,-122.268109808756,47.5570333541592
3940,33,-122.272578999529,47.5552324630798
3999,33,-122.270156091679,47.56055525984874
4195,33,-122.275015206771,47.5522765833741
4196,33,-122.2753828182,47.5522735674594
5448,33,-122.26943343300802,47.5629931503471
5449,33,-122.26877886342,47.5629497475226
5503,33,-122.26698576441,47.56059186648721
5504,33,-122.266988708711,47.5609201772735
5878,33,-122.267005504743,47.5605503837597
6018,33,-122.275382557779,47.5504520911041
6077,33,-122.266966981356,47.55851135377
6284,33,-122.2687626737,47.5629718876895
6474,33,-122.27531522044768,47.55557970393247
6493,33,-122.265732964788,47.5605474316637
6622,33,-122.268171451154,47.5570454222024
6624,33,-122.275338029517,47.54969236786351
7194,33,-122.278113065205,47.55269383227451
7279,33,-122.271506809687,47.5569743730104
7280,33,-122.272004576082,47.55703685876531
7590,33,-122.272571927066,47.5560473923634
7724,33,-122.274896124944,47.5518824629184
8339,33,-122.273094124187,47.557028566369205
8340,33,-122.272553532377,47.5570297006332
8390,33,-122.268075918759,47.5556010787667
8852,33,-122.272584599891,47.5545629147266
8980,33,-122.275384658271,47.55185604305981
9346,33,-122.268098789958,47.560539379193
9843,33,-122.269856228933,47.5563079306096
10471,33,-122.270617407325,47.5594678058303
10535,33,-122.274762022542,47.5512072681056
11781,33,-122.27477937939432,47.55044242212316
12138,33,-122.27441809128268,47.55913754899527
12233,33,-122.26510688130634,47.56058306897146
12748,33,-122.26647889221432,47.5563027538495
12955,33,-122.27741661649766,47.5504704876918
12987,33,-122.26815226434734,47.561185316119
13078,33,-122.27656711303068,47.54968866321013
13334,33,-122.276002495995,47.555259164991
13603,33,-122.27328408634634,47.549693630847706
14190,33,-122.26893089089,47.55413662141913
14280,33,-122.266987398255,47.5570628241836
14281,33,-122.266478683935,47.55706003656244
14995,33,-122.274347926419,47.5570196161508
15214,33,-122.269371085423,47.5634299039522
15613,33,-122.268134708647,47.556297838592094
15714,33,-122.27437046500434,47.55658065791403
16592,33,-122.265894748145,47.55448206530897
16597,33,-122.269856942242,47.55602089588663
16821,33,-122.27085620667332,47.55631335089074
17904,33,-122.26590007909368,47.55520855655717
18667,33,-122.27437886285,47.5582521929113
18785,33,-122.275037851269,47.55825441081214
18942,33,-122.269859889941,47.5565915664352
19276,33,-122.26700052039368,47.5579079587408
19664,33,-122.274213458613,47.5496940247709
19779,33,-122.27199672692034,47.55917476101271
19911,33,-122.27436769627468,47.556078185293735
20020,33,-122.269400838655,47.5595470546748
20640,33,-122.273164114534,47.5591510280476
21464,33,-122.271335096262,47.5594428698853
21607,33,-122.274068741034,47.5490832357307
21988,33,-122.265936207997,47.5555862293813
22324,33,-122.27481495038668,47.557018988852
22382,33,-122.27380484739034,47.55824988096733
22547,33,-122.265297040158,47.55625289568909
22659,33,-122.26591539382632,47.556322362573866
23363,33,-122.268565031071,47.5627560318698
23478,33,-122.26813717025398,47.555587690464
23954,33,-122.27151607113836,47.556582864373866
24372,33,-122.26880803927698,47.55945827433427
24693,33,-122.270597474607,47.5573173965528
24779,33,-122.2657271172,47.5598698404578
26267,33,-122.26988589523,47.5556455449718
28067,33,-122.275492466442,47.5544055706447
34489,33,-122.278336859142,47.5527299448771
296,34,-122.293856126324,47.73660124940554
1041,34,-122.312962633797,47.7374372464338
1056,34,-122.310041538666,47.7366879271628
1074,34,-122.295210789557,47.7341610809415
2713,34,-122.296581697195,47.7329317852821
3151,34,-122.293891580528,47.73378549399539
3570,34,-122.296622583868,47.732008295997
3582,34,-122.293893074953,47.7338174918417
4004,34,-122.293236169998,47.7319003821412
4865,34,-122.29322602082831,47.73199764891387
4866,34,-122.293572216785,47.73199887065331
5029,34,-122.304750352508,47.7339982911763
5030,34,-122.304753423271,47.7338390019994
5277,34,-122.307445218183,47.7338118284977
5336,34,-122.293898192839,47.7312116712986
5905,34,-122.293894516689,47.731991117373205
6656,34,-122.310004148209,47.735684346835
6796,34,-122.310808079891,47.7347547993633
6990,34,-122.299189644381,47.732031161483
7092,34,-122.300629162314,47.7320390538633
7093,34,-122.307478644988,47.73566776272279
7955,34,-122.293007472991,47.731879532551
8029,34,-122.301917568522,47.730240038134106
8146,34,-122.297862744059,47.734326095016
9325,34,-122.29582823022102,47.73691548001402
9442,34,-122.312168877653,47.735723114386666
9557,34,-122.30344479371202,47.73216863055718
11204,34,-122.29324877703168,47.73016860869387
11557,34,-122.311157074342,47.73479750070461
11767,34,-122.304795086829,47.733878395391
11880,34,-122.295228250957,47.7338099561867
12063,34,-122.307243799136,47.7302039752476
12121,34,-122.300622895023,47.732078076589
12122,34,-122.30062389003736,47.7319789189782
12123,34,-122.293754244393,47.7300317774807
12495,34,-122.297751295221,47.733833230543006
12648,34,-122.29201990880632,47.73380075555783
12762,34,-122.299171489033,47.7304120788698
12870,34,-122.307433903447,47.733935342866
13012,34,-122.308499167471,47.73666754341684
13072,34,-122.308598325936,47.7302145979022
13134,34,-122.296633528208,47.7338295948811
13229,34,-122.303259493957,47.72887169603177
13732,34,-122.293917167483,47.7305485608359
14221,34,-122.296590374288,47.7326799588085
14289,34,-122.29271754008,47.7338223694013
14572,34,-122.296590106736,47.7323697388523
14615,34,-122.301893760815,47.7320473648018
14673,34,-122.29663057385534,47.736367248605866
15071,34,-122.30293663041698,47.729769796413336
15741,34,-122.2952250209024,47.73691077045774
16130,34,-122.30528879829032,47.7304612569834
16333,34,-122.29346058612369,47.7368874383911
16525,34,-122.292691995445,47.7338584931283
16829,34,-122.300707437198,47.733855665714
17010,34,-122.31209495622,47.7367062218937
17375,34,-122.301806534771,47.7339249351934
17714,34,-122.30612634538,47.7339041388201
19284,34,-122.30742311176,47.734751628582806
19398,34,-122.30133246853168,47.7302367860544
19422,34,-122.297904145159,47.73716278475937
20213,34,-122.300689862022,47.7337369986749
21202,34,-122.30722775440766,47.72883121057933
21210,34,-122.31214108462298,47.73481777450197
21974,34,-122.303622473668,47.72976640009031
24102,34,-122.29461464134798,47.730193105947095
24728,34,-122.306433602463,47.7303752911671
26183,34,-122.2972201018,47.73268457061042
26314,34,-122.307512621119,47.7374527958649
26340,34,-122.29461890541734,47.7301601261377
26882,34,-122.29780773025033,47.73432446915003
28432,34,-122.299190548744,47.7319693468372
28699,34,-122.30254306029066,47.73211138776509
29305,34,-122.30061368562131,47.73060517299084
30284,34,-122.303678444368,47.7338188987666
30310,34,-122.29550681103,47.7337115835433
30311,34,-122.29551886322037,47.733698446182736
30389,34,-122.307506536322,47.7375941412875
31566,34,-122.29393940571266,47.73054656722214
32587,34,-122.30275508698968,47.73315413890206
33238,34,-122.29852990283564,47.73302528436746
33973,34,-122.296413034953,47.7325581003285
34275,34,-122.29549996517925,47.7336978076058
34385,34,-122.293939703734,47.7312164569577
34454,34,-122.296648224546,47.7332108783308
35579,34,-122.29371128798232,47.73201578065774
36144,34,-122.295326672372,47.7302264262787
36873,34,-122.307482843437,47.7337980314698
316,35,-122.267497664048,47.4992127214668
488,35,-122.300954287207,47.548590121754806
2006,35,-122.264898832771,47.5053944559963
2007,35,-122.264898531493,47.504909787217
2331,35,-122.285447269107,47.53462038623593
2474,35,-122.301709780585,47.551075271875
2627,35,-122.29917121503,47.5427325312187
2703,35,-122.30253491263402,47.55380181715301
2734,35,-122.2877442557114,47.52825430825294
3076,35,-122.26640095486432,47.50632694383224
3222,35,-122.264924556792,47.5025977625819
3512,35,-122.293768636622,47.5374649853572
3793,35,-122.284737201676,47.527921747166
3965,35,-122.25107011019,47.5096889066669
4071,35,-122.269951319483,47.5029457246723
4494,35,-122.29840023292802,47.55099641041139
5282,35,-122.2870408430204,47.52615995319388
5505,35,-122.275115050163,47.5169692397664
5879,35,-122.27529278502702,47.5169489923708
5981,35,-122.30289927723702,47.55500119766881
5982,35,-122.30230680173833,47.554909469980366
6160,35,-122.266455795858,47.4992372734954
6170,35,-122.287802423943,47.5295990654088
6171,35,-122.287732433784,47.5279512265721
6596,35,-122.255799315186,47.5135579051761
6686,35,-122.272653454241,47.5027140403127
7009,35,-122.299601619414,47.544146885038096
7010,35,-122.299477803439,47.5437496135715
7019,35,-122.254629059358,47.5097290500403
7736,35,-122.253482714006,47.5094058637296
7737,35,-122.253456627641,47.5097314903864
7757,35,-122.270550284961,47.50629825846389
8039,35,-122.294573979206,47.5380017648622
8043,35,-122.294074898076,47.5425741600841
8192,35,-122.263156678495,47.50493263994
8323,35,-122.29186361911,47.5362685185145
8363,35,-122.29198252140502,47.5362880358906
8419,35,-122.287864883662,47.5309331254547
8525,35,-122.264025436615,47.504918136182
8843,35,-122.297856866276,47.54023954347221
8916,35,-122.28030522455934,47.5280265619873
9104,35,-122.26480173624766,47.49899564800607
9165,35,-122.261287616572,47.5025488238167
9166,35,-122.260532914589,47.5025466481552
9611,35,-122.287648370143,47.5261891429155
10108,35,-122.270092772845,47.5052631276709
10109,35,-122.270103903742,47.5049484138173
10114,35,-122.28871476431569,47.52655718209803
10160,35,-122.269896028816,47.502999894734806
10161,35,-122.26985997157134,47.50320063540007
10546,35,-122.290016717334,47.53699960499901
10609,35,-122.268617301405,47.5014437404621
10760,35,-122.27031531399102,47.5049917496333
10853,35,-122.301381908266,47.549981020844506
10939,35,-122.250090645797,47.5097000047547
11500,35,-122.3014325638136,47.55366327743056
11960,35,-122.2557885952,47.50968098223941
11966,35,-122.285887595172,47.5237505919533
12467,35,-122.273892529222,47.514352854553
12499,35,-122.254616380466,47.5096867495167
12902,35,-122.255842601211,47.5093428060808
12903,35,-122.25580275758098,47.5097231927694
12968,35,-122.290455761389,47.53526604088281
13606,35,-122.267517020719,47.5026295897584
13645,35,-122.297060134992,47.53965990868661
13716,35,-122.250122541034,47.5096488625989
13788,35,-122.26525434015998,47.4992482663126
14219,35,-122.26376533655268,47.50966165140647
14220,35,-122.263126923744,47.5096573703367
14339,35,-122.256987670838,47.509678529235
14693,35,-122.267504298845,47.5037141190727
14695,35,-122.291446389225,47.5369899216605
14696,35,-122.292197440862,47.53701614132243
14856,35,-122.251121325673,47.51093566135677
15301,35,-122.271892055247,47.5102522156154
15335,35,-122.267490377884,47.5014275954646
15414,35,-122.273809107975,47.5143285987119
15696,35,-122.27523867972934,47.51084903649857
16170,35,-122.269936035403,47.50372647449583
16260,35,-122.29007484760568,47.5380976810288
16708,35,-122.26237349663666,47.504915732996665
17047,35,-122.2499902801658,47.51040393886406
17048,35,-122.249992667246,47.5104926153507
17196,35,-122.28905529205537,47.52816762441653
17240,35,-122.29418156769502,47.5508947914387
17302,35,-122.29751603285,47.54852807040313
17772,35,-122.270233415055,47.50497631222171
18054,35,-122.27259028038834,47.50458454133116
18386,35,-122.252275176543,47.50969236507709
18675,35,-122.27490344718132,47.51434564590284
18861,35,-122.288081163587,47.5343953734104
18894,35,-122.26581653080568,47.50490107055614
19093,35,-122.253441269502,47.5096894453274
19185,35,-122.272982504215,47.5124850732699
19229,35,-122.25462636059666,47.51335934619669
19299,35,-122.25578459662532,47.51433168354647
19382,35,-122.291471920925,47.5386248782077
19411,35,-122.28589245496,47.5254614584978
19447,35,-122.26245012318134,47.50077125815937
19515,35,-122.253445921416,47.5127802460134
19518,35,-122.299344289154,47.5523740861581
19610,35,-122.27081144466,47.5026939981639
19623,35,-122.300718382393,47.55106476753699
20179,35,-122.26748543996,47.50453245185603
20235,35,-122.27402668844532,47.50940069071033
20257,35,-122.2880539586756,47.53526642361628
20531,35,-122.256556454751,47.5154999743218
20638,35,-122.27523058403868,47.51198401389197
20689,35,-122.28705072147268,47.5265493158671
20743,35,-122.275389105318,47.512497092675
20879,35,-122.274371783335,47.5027634072828
21450,35,-122.262382955328,47.5025632292462
21502,35,-122.272283940755,47.51106204129271
21535,35,-122.26492955963,47.5059186955349
21582,35,-122.30119925587668,47.5526772803037
21636,35,-122.288650249604,47.53439808246609
22401,35,-122.26436424655266,47.49968194868483
22513,35,-122.286323118689,47.5343896427285
22612,35,-122.27398989817466,47.51159703971303
22928,35,-122.270396496187,47.5050115404649
23414,35,-122.27011987223132,47.50461864918877
23415,35,-122.255928416668,47.5149356942849
23757,35,-122.251139178101,47.51251602517127
23809,35,-122.26615867598366,47.49800270347896
23916,35,-122.26246190118866,47.50335380451204
24073,35,-122.27522183848198,47.5112357921089
24737,35,-122.29355209031633,47.55131956652031
24751,35,-122.274051327304,47.511106944824
25016,35,-122.28862159654034,47.536291109564935
25094,35,-122.251081059162,47.5097313986773
25253,35,-122.27463166539066,47.51017216679933
25606,35,-122.286661231442,47.5279285762301
25607,35,-122.286662236421,47.528218537374805
26134,35,-122.264999770902,47.5036971904309
26510,35,-122.26254128917,47.5013642194026
26556,35,-122.28476083300632,47.52872471492356
27079,35,-122.288708617361,47.526167067735095
27080,35,-122.28939035193132,47.526081887568665
27373,35,-122.2822769926194,47.527889309258605
27413,35,-122.300896678793,47.55174594028424
28137,35,-122.26609862416969,47.50634732685603
28185,35,-122.293664329596,47.5374667722763
28200,35,-122.30031652989132,47.5530135981272
28274,35,-122.29745613163966,47.54363126153694
28478,35,-122.273995160565,47.5101543564678
28559,35,-122.289924061393,47.5370025219248
28560,35,-122.28948476049466,47.53701966512924
28602,35,-122.29754224373433,47.542019130745
28625,35,-122.288448644506,47.5352696183079
28781,35,-122.296798427176,47.5410648814804
28891,35,-122.291725538003,47.5510331477758
29119,35,-122.29420132098666,47.54981013059273
29272,35,-122.300948008532,47.553653987231904
29855,35,-122.289981010482,47.5352603677534
29891,35,-122.30100048685568,47.5544475099608
30654,35,-122.2914675041,47.53773985478299
30742,35,-122.299915976702,47.5486579154968
31183,35,-122.30129423692,47.55297895808646
31257,35,-122.251130535645,47.5094088400822
31300,35,-122.2705852616,47.514271087442
31453,35,-122.29999770376634,47.55362831613254
31473,35,-122.256969327727,47.515450435038666
31584,35,-122.283609634816,47.5261522073627
31736,35,-122.282282107965,47.527921718648
31806,35,-122.263194275453,47.5026449643896
31962,35,-122.289903793832,47.5310406144086
32085,35,-122.272798492193,47.5125055618032
32271,35,-122.289331200758,47.53033331065319
32283,35,-122.29863609565602,47.544100045032536
32430,35,-122.286240013466,47.5236417610311
32665,35,-122.254668559228,47.5093953385466
32829,35,-122.291520683157,47.5377403788378
33107,35,-122.2967668275,47.5410647811701
33329,35,-122.291424519384,47.5362995212393
33463,35,-122.252289846652,47.5118842984025
33632,35,-122.289318291506,47.53103951288201
33783,35,-122.28927208427768,47.52961775878188
34197,35,-122.300358228734,47.5499875564198
35080,35,-122.296844020327,47.542362301943
36118,35,-122.255952802766,47.5137862093407
36275,35,-122.266395167032,47.5064681140801
36705,35,-122.294639574492,47.538115697632
37642,35,-122.270828774428,47.5027207921394
225,36,-122.306430264421,47.54102204699981
1297,36,-122.287205830883,47.532369779308
1383,36,-122.30934528535902,47.543479497177294
2691,36,-122.302863615244,47.53801126422909
2696,36,-122.302390368697,47.5376055166615
2910,36,-122.30787723520298,47.5422375346241
3070,36,-122.285855465012,47.5315938371027
3210,36,-122.302115853864,47.5511274659039
3483,36,-122.303701133191,47.5563338802148
3691,36,-122.30349445166298,47.5510881422724
3864,36,-122.300712400874,47.5464828940986
4142,36,-122.300362888582,47.5453115210386
4607,36,-122.299632391719,47.542959743923895
4795,36,-122.30300031437032,47.54876304063424
5189,36,-122.302271107006,47.5500518492565
5190,36,-122.301771818799,47.549991648889296
5317,36,-122.321100171176,47.5535403988441
5526,36,-122.30727912210432,47.55310238384197
5593,36,-122.30118978984198,47.5408761315637
5644,36,-122.30294057678502,47.5538165017092
5904,36,-122.293011440623,47.5365988837357
5927,36,-122.30001923098798,47.5442399801174
6412,36,-122.315648534628,47.5485906381132
6581,36,-122.307133246181,47.5426401718222
6605,36,-122.298601903313,47.54053660578919
6685,36,-122.304018666459,47.545356217190296
6722,36,-122.300853916776,47.541833349342
6755,36,-122.313077861045,47.5466911036097
6841,36,-122.299025760622,47.53456330119101
6856,36,-122.321625452193,47.55351203191319
6930,36,-122.29592257265466,47.53664344131457
6938,36,-122.295438623829,47.530067301856
7115,36,-122.298842707009,47.5408592598038
7547,36,-122.300100348925,47.540875397305705
7902,36,-122.29452960716166,47.53443121993289
8799,36,-122.306040656157,47.5464553524381
8800,36,-122.306536276162,47.5466350896013
9105,36,-122.291937076383,47.5209745038722
9303,36,-122.321393465493,47.5538825263061
9304,36,-122.321353357202,47.5537983751004
9479,36,-122.29979882859202,47.5435230357433
9578,36,-122.303048165303,47.5379131960096
9755,36,-122.3034246243162,47.553823390059776
9812,36,-122.297904672842,47.53894369447337
10003,36,-122.304399246975,47.5500933441493
10556,36,-122.304656853678,47.5395207117219
10713,36,-122.295316090355,47.530078950612
11586,36,-122.288559066321,47.5317249464862
11629,36,-122.30345451644298,47.54640155021739
11674,36,-122.299685002417,47.5429422660421
12107,36,-122.318837408839,47.55129776735711
12368,36,-122.305220053132,47.5511326062626
12419,36,-122.289179892521,47.5330049350951
12459,36,-122.302278646374,47.5467163415052
12717,36,-122.321588717764,47.5527011982359
12718,36,-122.321634306864,47.5526981504946
13147,36,-122.30256500075431,47.5375067066258
13217,36,-122.312437125085,47.5471168577381
13224,36,-122.306329652695,47.5511636197722
13225,36,-122.306307275343,47.5510599683891
13984,36,-122.306850138995,47.5511710711484
13985,36,-122.306846702018,47.5512103953116
14114,36,-122.285877166588,47.532333208822
14260,36,-122.288883738947,47.5323518136513
14736,36,-122.30230516161268,47.5420323576659
14905,36,-122.321210929775,47.5525294654074
14937,36,-122.29772415681698,47.5329644820699
15292,36,-122.315879398669,47.5483312645094
15567,36,-122.282883816904,47.5315625069889
15878,36,-122.309522396131,47.5433729025755
16071,36,-122.312845936522,47.5464719646639
16343,36,-122.29078839917834,47.51861215462981
16526,36,-122.304049458679,47.556226107738006
16631,36,-122.306647769977,47.546049435485
16670,36,-122.29459852981,47.53765453033301
16785,36,-122.302235030213,47.5487448024202
17083,36,-122.286650993792,47.52908616759057
17114,36,-122.291060010171,47.5352993762634
17215,36,-122.284824948527,47.5314676015312
17251,36,-122.299622477869,47.53916828709461
17808,36,-122.28665999516733,47.53048508412737
18481,36,-122.305183496575,47.55340330060153
18823,36,-122.29191252146,47.5209880695272
18824,36,-122.291864225415,47.52097952265401
18852,36,-122.301035105027,47.54021320778937
19217,36,-122.304108731467,47.5511055336205
19602,36,-122.303506676152,47.5516169703872
19624,36,-122.304544089272,47.5464272807728
19759,36,-122.300864315191,47.5408753776084
20104,36,-122.304120759279,47.5537704149366
20229,36,-122.294580206064,47.5353372272352
20626,36,-122.30287698875834,47.543567005323865
20648,36,-122.28821542900698,47.5337710229702
21363,36,-122.304020510957,47.5453277879923
21373,36,-122.289541695686,47.533698432093
21593,36,-122.295141100478,47.52941395973453
21764,36,-122.293363755655,47.5343661305632
21786,36,-122.296958360226,47.5389260213118
21991,36,-122.31996989132232,47.551105327441405
22208,36,-122.28589515489,47.5296392048577
22209,36,-122.285873603136,47.5296394397333
22451,36,-122.304501949766,47.5465592641944
22526,36,-122.284826101879,47.5315803242616
22785,36,-122.30598857463632,47.54747403040701
22989,36,-122.293288431193,47.5330593201096
23869,36,-122.286646985279,47.52964095054299
23885,36,-122.306971633064,47.5575597238304
24086,36,-122.304061591221,47.5562144037322
24248,36,-122.313541042699,47.546323332024
24381,36,-122.30337260233668,47.5468568445632
24490,36,-122.30407998836766,47.55288905290943
24588,36,-122.293368797035,47.5337377414616
24589,36,-122.29391833819466,47.53374105827867
24632,36,-122.298626501823,47.5341588908149
24870,36,-122.303432168115,47.5538384266668
25129,36,-122.30220577008168,47.5442471203981
25345,36,-122.296315578026,47.5304519228248
26100,36,-122.290052206577,47.5344072549102
26421,36,-122.29604907873,47.5298682425964
26649,36,-122.288384825372,47.5314326387722
26716,36,-122.322655545368,47.5535094404243
26863,36,-122.306281409613,47.553066122059
27194,36,-122.285919316862,47.533046946931
27951,36,-122.285886189447,47.5262247123275
28051,36,-122.290296003344,47.53173853060449
28229,36,-122.29517697121,47.5300363770812
28636,36,-122.313965136371,47.5467297690217
29128,36,-122.293395173761,47.5320523061148
30178,36,-122.28528585064834,47.53231622234083
30280,36,-122.296460563981,47.5388940032066
30891,36,-122.298493807912,47.5339560853455
31631,36,-122.294650504177,47.537638694319
32065,36,-122.29693599309434,47.53889380436794
32669,36,-122.296631214739,47.5305995546271
33917,36,-122.299067679355,47.5345424763531
34033,36,-122.30026685447034,47.5402509248411
34222,36,-122.282885010593,47.5316238736461
35128,36,-122.31363532514564,47.5456338143189
35358,36,-122.321323283151,47.5538138130122
36148,36,-122.304804248464,47.5393925267121
37005,36,-122.297759817799,47.5329525400333
37172,36,-122.306605889127,47.5409125636437
37213,36,-122.291800244035,47.5199048418934
5,37,-122.387721216103,47.6694057169524
6,37,-122.387717752017,47.6690919462301
247,37,-122.398297538698,47.6751053165112
248,37,-122.398305534715,47.67480266308231
931,37,-122.39820648840198,47.6701619736871
1165,37,-122.398307565481,47.6739284823821
1166,37,-122.398301090873,47.6736531548433
1264,37,-122.398308342499,47.6745281922962
1790,37,-122.395751145624,47.6766441974404
2230,37,-122.38816666733568,47.67169578067713
2264,37,-122.398299977855,47.675990203136
2265,37,-122.398275181128,47.6758199213692
2485,37,-122.398290859043,47.6729226883688
2952,37,-122.392889566625,47.6813393341397
3456,37,-122.39279874428298,47.6717046938029
3854,37,-122.392802230119,47.6694226073096
4799,37,-122.398198029635,47.671604694110805
4946,37,-122.403271265844,47.6781645781633
5439,37,-122.388178517252,47.6759070714985
5685,37,-122.385679931359,47.66940718672671
5789,37,-122.39165913922402,47.6738918454077
5900,37,-122.402069829527,47.6774866370581
6157,37,-122.3877185731446,47.67306357096648
6191,37,-122.395710787726,47.66942824245709
6318,37,-122.40117146642,47.6770610456292
6376,37,-122.390087422097,47.6697798213904
6531,37,-122.387745972248,47.6759026383962
6538,37,-122.398208045112,47.6721678276618
6735,37,-122.40470286187866,47.67587433001523
6808,37,-122.401207925284,47.6686627778382
6881,37,-122.387715171838,47.67012732166861
7001,37,-122.386906940137,47.6694086168312
7002,37,-122.387401017409,47.6694072125457
7148,37,-122.391692702196,47.6737466320711
7883,37,-122.394709676168,47.6694274986132
7884,37,-122.39410288145,47.6694263435022
7893,37,-122.384241194234,47.6709575495482
8009,37,-122.392798740512,47.670161237592
8369,37,-122.392889167363,47.675863952337
8695,37,-122.392805074649,47.67096507641029
9046,37,-122.392457727004,47.66942306469426
9186,37,-122.398309329094,47.6743793215527
9361,37,-122.39007384239136,47.6756543492891
9406,37,-122.390071694088,47.6738877065741
9859,37,-122.38961994662134,47.67306342837156
10147,37,-122.390084332658,47.670405779597466
10301,37,-122.39282403002,47.672297183365
10359,37,-122.40112648752934,47.67511176613414
10360,37,-122.401190186359,47.6748054976129
10591,37,-122.398243456638,47.674548935514
10923,37,-122.401130014492,47.6757493450665
11010,37,-122.390066821421,47.6694191548744
11049,37,-122.398234108716,47.6686836230991
11067,37,-122.39575316696,47.6773547580506
11633,37,-122.390071860979,47.6701399571566
11718,37,-122.392926118909,47.67389108583459
11843,37,-122.39293508733,47.6744037709148
12131,37,-122.388982162866,47.6694203268209
12137,37,-122.395741267889,47.6751351957159
12164,37,-122.401107173546,47.676591353482
12264,37,-122.395755395629,47.6758383283645
12374,37,-122.39271601977768,47.66908747838446
12460,37,-122.3988541126424,47.66820534671717
12498,37,-122.401165333157,47.67826842019681
12608,37,-122.3982280913134,47.66821552105498
12618,37,-122.39004398835,47.6709693303498
12708,37,-122.392927298414,47.6751579142359
12712,37,-122.398207926587,47.6713140690832
12713,37,-122.39821892013,47.6709763244122
12725,37,-122.401125760847,47.6754219076782
12957,37,-122.403549969164,47.6757366417145
13314,37,-122.40186916552432,47.6691240992448
13315,37,-122.40120141236498,47.66912088803739
13392,37,-122.40177503253432,47.6730192112066
13725,37,-122.39327433566632,47.67095973296966
13726,37,-122.392886744029,47.6709641464992
14036,37,-122.387721911914,47.67045609070599
14351,37,-122.398779937851,47.66948579266974
14389,37,-122.386892195578,47.6759105013986
14415,37,-122.397696900425,47.6694329684652
14502,37,-122.39571784537031,47.6687093104841
14514,37,-122.388361947166,47.66941323983409
14598,37,-122.392803488083,47.6690917674911
14781,37,-122.40116628293369,47.6717911428131
14782,37,-122.401174370868,47.671348038066206
14876,37,-122.403574576615,47.6758914025459
14877,37,-122.403574669213,47.675870659125
15004,37,-122.38819344986868,47.6746047499145
15057,37,-122.38839548292464,47.67014575280617
15736,37,-122.39391144599166,47.6709595451343
15749,37,-122.403722580355,47.6721987537754
16304,37,-122.392806357847,47.6689559710692
16984,37,-122.40187143955602,47.66865906122553
17554,37,-122.40121744975266,47.668203412973405
18362,37,-122.401176744259,47.67393263372
18419,37,-122.40206615204232,47.66997131437167
18958,37,-122.401181556779,47.67038081918141
19506,37,-122.39836551061,47.6729222173289
19557,37,-122.402174316598,47.6782796523311
19560,37,-122.3956914539426,47.67664166058762
20573,37,-122.404082973529,47.674464418898765
20609,37,-122.40234544267436,47.679185222691
20869,37,-122.395720868577,47.6722604335924
20995,37,-122.395693379176,47.67735297194989
21156,37,-122.40358553351734,47.67281608852293
21487,37,-122.39906140174766,47.67825537338777
21523,37,-122.40118713534498,47.66997559410131
21524,37,-122.400405503816,47.66998023853567
21622,37,-122.39007382581,47.6723345099545
21623,37,-122.390074882662,47.67201787908627
21747,37,-122.39331736296964,47.67666019351967
21756,37,-122.4040607975604,47.6749070721583
21824,37,-122.39338619863264,47.67170110447597
22312,37,-122.40408477754,47.6734429226228
22313,37,-122.404075809717,47.67387549323651
22344,37,-122.40342513096664,47.671357190702736
22701,37,-122.383186570045,47.6709536689547
22924,37,-122.40360027918102,47.6749056760648
23311,37,-122.398300161199,47.6760587398403
23747,37,-122.403433360535,47.6703653176033
23911,37,-122.401742582695,47.6721898914011
24009,37,-122.39794372299669,47.676621606648006
24299,37,-122.38258169697832,47.6709531536732
24325,37,-122.39351908811268,47.67442317472603
24582,37,-122.402633977324,47.6722158678825
24600,37,-122.40417486821,47.67220110114994
24690,37,-122.38818997086037,47.67388433492403
24724,37,-122.399673145903,47.6782593024796
25128,37,-122.388391963411,47.675335096980966
25193,37,-122.394831653031,47.6694150839209
25639,37,-122.385658685214,47.66954578488
25720,37,-122.40344212965432,47.67882820116787
25730,37,-122.39830790320434,47.67763522624747
25777,37,-122.398288861246,47.6709546775682
25794,37,-122.392800841881,47.6688871630091
25920,37,-122.395737157481,47.674397949633295
25921,37,-122.39573337024169,47.67406414630816
26224,37,-122.398522094692,47.67074188659476
26619,37,-122.40474257669966,47.67706961736646
26732,37,-122.395725975959,47.6729314943712
27016,37,-122.39007486944134,47.67131014708136
27411,37,-122.40170636443568,47.67656675711766
27446,37,-122.39783679860066,47.677334017839904
27523,37,-122.399697204418,47.6781301331236
27880,37,-122.394080033848,47.6687868111053
28050,37,-122.39007251652733,47.672714136834905
28097,37,-122.395729460859,47.6716998824403
28438,37,-122.387138953612,47.6758694036084
29605,37,-122.40457937754866,47.67761166356297
29777,37,-122.404633896136,47.67524566246627
29840,37,-122.395737874716,47.67365593245821
30143,37,-122.39392799107232,47.67736778178966
30230,37,-122.398303886551,47.677044996193
30319,37,-122.40029535010332,47.67655462842297
30401,37,-122.40165840315268,47.675758287399
30493,37,-122.390022172796,47.6697792290601
30746,37,-122.39823091007366,47.66784456501686
31096,37,-122.401140457246,47.67345105071567
31236,37,-122.39371780208,47.6736679701985
31425,37,-122.394831944857,47.669385640214
31516,37,-122.40116322895268,47.672586432217
31535,37,-122.401154946006,47.672931875895394
31807,37,-122.404549767979,47.673837486646
31874,37,-122.393509584689,47.6729363683027
32206,37,-122.402632588323,47.6728177217762
32244,37,-122.39007719902568,47.6734740620113
32525,37,-122.388397057651,47.672333550443504
32547,37,-122.38778878493,47.6702958901335
32893,37,-122.395737405607,47.674466487085
33161,37,-122.395742552009,47.67547804476243
33832,37,-122.395726834191,47.6733354073605
33904,37,-122.395716329655,47.6710367410938
33909,37,-122.393521588239,47.6751606296744
35451,37,-122.393556249435,47.6722030720729
35514,37,-122.397508867137,47.6693866531606
35681,37,-122.3872478275364,47.66938959700458
35854,37,-122.384195584768,47.6710017130959
36140,37,-122.388163900812,47.6700972433969
36209,37,-122.389387145439,47.6693689260964
36741,37,-122.388057841341,47.6758625072779
36750,37,-122.394053072784,47.6695479809937
36913,37,-122.388781380785,47.6695493134023
37046,37,-122.386910951547,47.6695473763981
37256,37,-122.394779101791,47.6695499847465
37581,37,-122.382929540292,47.6708185460318
299,38,-122.355436106712,47.6788452457101
300,38,-122.35543993178152,47.678856762256
449,38,-122.340043344839,47.68480486280381
886,38,-122.355462061107,47.685844254846
965,38,-122.342114873344,47.6840062316027
966,38,-122.341498381555,47.6841400399252
1187,38,-122.360726805124,47.6650881319059
1917,38,-122.355411570084,47.68397728131
2223,38,-122.355403422978,47.68466902165451
2604,38,-122.360740810037,47.6687299198542
2622,38,-122.35542542187,47.67883411326525
2719,38,-122.349958792725,47.68861109786891
2720,38,-122.349957744226,47.6883474602694
2819,38,-122.360709951432,47.6742990255513
2934,38,-122.355413764876,47.6854248917118
3128,38,-122.355277094868,47.6751620554175
3400,38,-122.355047260095,47.6809770064065
3554,38,-122.347297583978,47.6854581663121
4203,38,-122.349858661615,47.6854396923541
4247,38,-122.340053052503,47.68477257944081
4390,38,-122.341456668379,47.6839638590858
4480,38,-122.356463874304,47.6767914015376
4751,38,-122.352504731222,47.6876254433571
4874,38,-122.345065627009,47.6817544675775
4875,38,-122.344636487147,47.6817445216137
4893,38,-122.360723953763,47.6708227515414
5099,38,-122.352504212468,47.6898014105605
5360,38,-122.36058645758,47.6832361941005
5383,38,-122.36056882434,47.6824769712118
5597,38,-122.352502686541,47.6883500984244
5782,38,-122.35426461000934,47.68762796198907
5851,38,-122.355479717144,47.678587835543
5948,38,-122.355160087902,47.6810214649932
6346,38,-122.344314405426,47.6840055323152
6580,38,-122.360720685082,47.6643692544172
6617,38,-122.3575161009352,47.67594733986867
6719,38,-122.352496751621,47.6890744577213
6721,38,-122.355451032728,47.6788638976976
6818,38,-122.344935068406,47.68619296498514
6875,38,-122.36058934472533,47.68363954039847
6979,38,-122.347297513922,47.6861859063685
7403,38,-122.35541071633502,47.685844199775
7534,38,-122.355388087275,47.6797040749832
8017,38,-122.339959728176,47.6848296495121
8125,38,-122.349934678842,47.6847222222045
8334,38,-122.35649076014634,47.67307221487193
8617,38,-122.355403996691,47.679696721389
9130,38,-122.3607875150758,47.67083769260184
9265,38,-122.355495635177,47.6718391729309
9411,38,-122.34462897868498,47.6846963969522
9629,38,-122.355105489598,47.6854117928954
9671,38,-122.360799965325,47.6687303594384
9803,38,-122.355421696506,47.6784405153061
10162,38,-122.360425132117,47.6807770598319
10222,38,-122.36073881691,47.6693720826271
10291,38,-122.353143653447,47.6825256570521
10313,38,-122.355413884445,47.6832434251599
10501,38,-122.354913151647,47.6890740776491
10612,38,-122.34729300460668,47.6851067007712
11124,38,-122.344016457411,47.68191320916353
11213,38,-122.360783192347,47.6650747185225
11419,38,-122.358522253428,47.675986153401
11522,38,-122.36275776878364,47.665043420852975
11847,38,-122.356362155014,47.681091187791736
11850,38,-122.360607059694,47.675918284633
12173,38,-122.360732833302,47.6656854785114
12223,38,-122.342193520609,47.6838979863932
12289,38,-122.344621518133,47.6833705231871
12572,38,-122.35047766111568,47.68979861523604
12779,38,-122.34729552191232,47.68656586424171
12797,38,-122.36073663051998,47.6664052262567
12799,38,-122.349940480452,47.6854357549839
12951,38,-122.35652161710202,47.6759456246383
13094,38,-122.360756586522,47.6679110619264
13115,38,-122.35649501885798,47.67598561285191
13169,38,-122.3607464405274,47.667228179804205
13287,38,-122.355272271752,47.67593625789291
13288,38,-122.349933006725,47.6839661347094
13323,38,-122.345816319181,47.68175125349169
13327,38,-122.355412288057,47.6825200129168
13567,38,-122.34502431466166,47.685463362409
13835,38,-122.359548606619,47.6759407083836
14037,38,-122.35539490414,47.68617002239629
14578,38,-122.360732403798,47.6669406895972
14621,38,-122.350478261472,47.6876247688074
14677,38,-122.357375679633,47.6811698347584
14738,38,-122.354986383075,47.6854557394712
15037,38,-122.36131461478033,47.67083781797076
15239,38,-122.35868673042734,47.66546409413087
16587,38,-122.356338227259,47.6817738253864
16640,38,-122.352559181623,47.6890744492111
16911,38,-122.355419712806,47.6817600385978
17016,38,-122.356451498983,47.6795114648969
17198,38,-122.357471446862,47.67986966444213
17954,38,-122.35250844710934,47.68471351601347
18021,38,-122.35187590394166,47.68398323042808
18309,38,-122.36296208279134,47.66723135527156
18406,38,-122.357468889713,47.679487002694906
18635,38,-122.357337522303,47.6817708953094
18912,38,-122.352566920451,47.6898011729189
19067,38,-122.361242761073,47.66935515024263
19372,38,-122.359539677782,47.6759870459125
19482,38,-122.35645980929,47.6782236409956
19517,38,-122.355460504566,47.6807835842101
20400,38,-122.34571065285633,47.6823037781872
20830,38,-122.355312658163,47.68252049638661
20993,38,-122.35767860808932,47.67207523080376
20994,38,-122.35767007163,47.6718188888992
21126,38,-122.350503645153,47.6861873826046
21208,38,-122.36338656758232,47.664343659496296
21312,38,-122.346660228999,47.68175131313151
21493,38,-122.359495393404,47.68016715839443
21663,38,-122.350506667241,47.68691663845443
21823,38,-122.34934952634266,47.68326731927524
21848,38,-122.362923415594,47.66641052323007
22065,38,-122.357853223693,47.6825138418393
22127,38,-122.352980398466,47.6854578590552
22163,38,-122.360273728938,47.6716160322336
22610,38,-122.356451200987,47.6805122461243
22773,38,-122.345034989725,47.6817931054058
22931,38,-122.35843526433432,47.68250476872437
22932,38,-122.357498653211,47.6731400787995
23155,38,-122.359088312182,47.6687267736759
23347,38,-122.358604506993,47.67088073780601
23686,38,-122.35065376034066,47.6890717356342
23867,38,-122.357636587814,47.67116226493
23876,38,-122.34503371163702,47.68219005898667
24143,38,-122.358527193949,47.6759442697461
24151,38,-122.35492238730669,47.675254362096666
24350,38,-122.35848199290832,47.67998912283984
24423,38,-122.360630276469,47.6824933603256
24634,38,-122.361290911685,47.6687319233288
24763,38,-122.34513531465564,47.68142871125036
25201,38,-122.346598434165,47.6817778561086
25208,38,-122.35909554374432,47.669161309879335
25276,38,-122.349852415685,47.6839718781405
25277,38,-122.349429914394,47.6861881073365
25393,38,-122.355000688897,47.6897979248238
25506,38,-122.358150363333,47.6707497810663
25748,38,-122.359529951437,47.6727133045876
25849,38,-122.34700660896432,47.6812473101863
25870,38,-122.340328328329,47.6839830531255
26330,38,-122.357503181864,47.6759844537791
26509,38,-122.358360183475,47.670773220626
27037,38,-122.35973579579866,47.66570612122297
27203,38,-122.3576606819,47.6706035006524
27307,38,-122.349853485841,47.6847239059637
27384,38,-122.35975881856,47.66682368021318
27717,38,-122.345012593757,47.6847367612377
28052,38,-122.36075121467998,47.6742697107116
28075,38,-122.34501546120566,47.684005213792695
28319,38,-122.352481298305,47.6839790359188
29450,38,-122.357561650068,47.66872527040937
30122,38,-122.36300413997002,47.68396491549856
30156,38,-122.35301966354068,47.68471418016373
30277,38,-122.358516797257,47.6726651351141
30340,38,-122.35921543923868,47.666821817527335
30412,38,-122.3625584399,47.6656798166382
30467,38,-122.352946782979,47.68619104643657
30535,38,-122.361319869844,47.674214422075
30574,38,-122.361319273761,47.67593969085393
31411,38,-122.357696875,47.6705734283181
31462,38,-122.35702912953434,47.6704158427304
33137,38,-122.355594673714,47.6711558371605
33378,38,-122.36031834889,47.67431189667909
34746,38,-122.36254888349032,47.66794993268787
34769,38,-122.36296898969968,47.68249571955096
36108,38,-122.354844974506,47.6788162340548
37136,38,-122.34583774690968,47.68171978970847
37549,38,-122.355470125034,47.6798089292338
195,39,-122.262729934199,47.5201110913641
699,39,-122.277523374246,47.523246336007
1335,39,-122.26549947784,47.5231860595711
1469,39,-122.264984700493,47.5267372569721
1584,39,-122.278113573803,47.526162816775
1592,39,-122.264318746698,47.5220467817
1682,39,-122.26383323124,47.52108198329589
1693,39,-122.27888065471252,47.52590259666215
1925,39,-122.280407383666,47.52614941726879
2337,39,-122.27941505253834,47.52684481181009
2843,39,-122.264689609331,47.5242048080136
2845,39,-122.26464305293798,47.5233899169591
2971,39,-122.264794910132,47.5255701944667
3117,39,-122.266488634205,47.5258891182842
3430,39,-122.28032032848232,47.5286964600303
4128,39,-122.274191365009,47.5232443564674
4363,39,-122.274125363758,47.5238231486007
4469,39,-122.28262887120802,47.5135239689149
4470,39,-122.282287579922,47.51352215399131
5484,39,-122.280785277861,47.5245609525257
5664,39,-122.264468184367,47.521886302728696
6096,39,-122.266514955893,47.5268615017818
6234,39,-122.278648437688,47.5134397121663
7654,39,-122.278455228729,47.5118608676329
8013,39,-122.280905739027,47.5268067253474
8449,39,-122.264635242625,47.52315016196061
8536,39,-122.278144440655,47.5232488712951
8537,39,-122.27842587156766,47.52323474833143
9357,39,-122.278732115385,47.511842576416
9422,39,-122.2844407040004,47.51351100356008
9672,39,-122.271241528744,47.522845819753
10167,39,-122.265489319888,47.5233917489362
11694,39,-122.271019367757,47.5204424299564
12776,39,-122.271263298961,47.5232413349886
12868,39,-122.272370508626,47.5232403135953
12979,39,-122.27808761763966,47.52652009598097
13434,39,-122.271259761571,47.5233917521711
13875,39,-122.263940698486,47.528127902402936
14439,39,-122.271289077953,47.52284272325121
15179,39,-122.278705220292,47.51417454365819
15238,39,-122.270534112195,47.5201496662481
16149,39,-122.276968729776,47.5232476283497
18207,39,-122.26925147334198,47.52339627834541
18640,39,-122.282641172458,47.52698990509166
19339,39,-122.27972826055502,47.52076411579569
19381,39,-122.263877836313,47.5267439174875
19595,39,-122.28146703229814,47.51348002060257
19823,39,-122.28090760249266,47.5275989915522
20180,39,-122.269835405259,47.519884269625
20231,39,-122.278493732346,47.5124232268148
20515,39,-122.28090094058798,47.5261063347487
20853,39,-122.27861964556,47.5134203215735
21115,39,-122.278701033383,47.5102342974804
21260,39,-122.278441582833,47.512422222659
21478,39,-122.278876954579,47.51305563408033
23014,39,-122.278522635034,47.5124350076467
23338,39,-122.261288302139,47.5268082614683
23439,39,-122.272373385266,47.52320346566813
24235,39,-122.278652594694,47.5102608271383
24973,39,-122.266802601292,47.5270808646593
25272,39,-122.278428277332,47.51186381815
25287,39,-122.26924824263,47.5234150391793
25434,39,-122.284901159367,47.5135577536352
25435,39,-122.284844011029,47.5135567784673
25490,39,-122.283650865061,47.513557197923
26434,39,-122.278443193096,47.5124359619175
26442,39,-122.278259297834,47.5100702028623
27529,39,-122.28365121663968,47.51350072531167
27745,39,-122.260940777279,47.52440937207253
28529,39,-122.277062135252,47.52255375066357
29253,39,-122.266524675538,47.5256694004468
29608,39,-122.26533483591868,47.525004696440135
30256,39,-122.274197135954,47.5232016849624
31227,39,-122.282361477342,47.5134743025529
31669,39,-122.28035766907033,47.51346661301807
31910,39,-122.26379080513966,47.5257137812608
31941,39,-122.285121583847,47.51352174233966
32608,39,-122.26187579999768,47.52855522503256
32976,39,-122.264737484198,47.5242051371266
33080,39,-122.279460160373,47.5212888326664
33861,39,-122.270437370201,47.5202417738668
35006,39,-122.26466586549,47.523128962849
35090,39,-122.27110039698334,47.51956236109203
35153,39,-122.263681727233,47.5211778532874
36830,39,-122.280559835316,47.5135964308333
37339,39,-122.278678570674,47.509858571276
221,40,-122.35832151486902,47.7214765628565
241,40,-122.36485024507432,47.712003654829495
583,40,-122.36717464323368,47.71295205028866
1411,40,-122.3682612585,47.7120941968516
1674,40,-122.367524925695,47.71164855833666
1930,40,-122.36419785645532,47.71310599154807
2169,40,-122.36565145385566,47.71181701348804
2319,40,-122.36595438065648,47.711966874811296
2320,40,-122.366183275357,47.711781494309726
2437,40,-122.362384987412,47.7196899769092
2573,40,-122.36357211231336,47.71269571335936
2709,40,-122.36855947408134,47.712477951194366
2751,40,-122.365934407228,47.7119658392426
2883,40,-122.37172688403,47.71605155607617
3165,40,-122.3621655341274,47.71423739421331
3166,40,-122.3615882239188,47.7142342505443
3431,40,-122.37107956507668,47.71974477759367
3639,40,-122.3663998424085,47.71305731356495
4496,40,-122.36095877111602,47.7142422317423
4743,40,-122.366390323579,47.7130692901326
5091,40,-122.36555568940868,47.7129576354338
5184,40,-122.368024211162,47.7117614136153
5230,40,-122.363625637003,47.7136549149943
5568,40,-122.365238154292,47.723358328345824
6187,40,-122.363621434845,47.713641863115
6274,40,-122.358901646042,47.7142151902086
6453,40,-122.35695391056,47.7232836285938
7096,40,-122.358314374089,47.7196641296037
7432,40,-122.3637357233984,47.71965839835074
7589,40,-122.364925308719,47.7178900506561
7789,40,-122.362897261679,47.71423420715789
8239,40,-122.371663767916,47.71605687482471
8521,40,-122.362370411052,47.7233353373739
8820,40,-122.361006510912,47.72332000007301
9112,40,-122.36165320173932,47.71785964602704
9355,40,-122.359662480062,47.7232526334935
9356,40,-122.359660580099,47.7233372124243
9734,40,-122.35827150086,47.71421667516629
9746,40,-122.356680485742,47.7184153341559
9771,40,-122.36372842254734,47.72192288485866
9940,40,-122.368686364156,47.7126742063848
10121,40,-122.356808992395,47.71965307574229
10166,40,-122.362352864865,47.7178646607875
10585,40,-122.361014691677,47.7196800625046
11686,40,-122.359680481449,47.7196237062626
12456,40,-122.35731374015668,47.71969051423006
12597,40,-122.3677585723946,47.71780585419113
13030,40,-122.358313557015,47.7232918160183
13489,40,-122.359613289182,47.714220813435
13662,40,-122.369142330227,47.7197300397169
14229,40,-122.366716573158,47.7160712290208
14230,40,-122.366233952113,47.7160671931097
14329,40,-122.356932108399,47.7142075978497
14362,40,-122.359681836173,47.7196686363628
14582,40,-122.35694874243534,47.72184793216467
14678,40,-122.362983939205,47.72332727608549
14775,40,-122.358210570016,47.7142163850198
14776,40,-122.362386426056,47.7196452791355
15672,40,-122.359661817497,47.7233018945694
15809,40,-122.361006831762,47.7232775114004
15868,40,-122.361029858453,47.719217265297736
16060,40,-122.358343860794,47.7239835000136
16322,40,-122.371725900444,47.7159222825582
16512,40,-122.36370739391198,47.723346100078494
16583,40,-122.36878150802168,47.71971199139863
16729,40,-122.359667631619,47.7214995041747
16934,40,-122.359655436858,47.7184901271901
17226,40,-122.356929204787,47.7155665514021
17292,40,-122.35961254387,47.7141796941422
17663,40,-122.35732762784,47.71965470534119
18075,40,-122.3602585303648,47.71594860639199
18095,40,-122.370478612959,47.7197400917618
18788,40,-122.3664461897872,47.71984670757179
18953,40,-122.355749077164,47.7231524672874
19150,40,-122.36101193028,47.7217702074127
19403,40,-122.370413107237,47.7178236295315
19640,40,-122.36369619388734,47.7174222865629
20256,40,-122.358931704685,47.7195957717177
20876,40,-122.356993740481,47.71625219843546
21526,40,-122.359656220071,47.7185586622944
21682,40,-122.360982872891,47.7159609777307
22029,40,-122.361026944409,47.7191496703926
22094,40,-122.37241578199432,47.72362496813324
22095,40,-122.371965616259,47.7234046408198
22368,40,-122.368001241071,47.7148524168841
22490,40,-122.369609724807,47.71670522553163
23350,40,-122.368021310459,47.71541045279941
23425,40,-122.359736206836,47.7159480559289
23607,40,-122.355694374498,47.713725304462834
23906,40,-122.3629831889528,47.72328188996456
24080,40,-122.360954278499,47.714182542895706
24686,40,-122.362896672079,47.7141065668455
24778,40,-122.368693858919,47.714328388796666
24875,40,-122.36240193848634,47.72190136470937
25273,40,-122.369646757441,47.717815697918
25411,40,-122.3677065415772,47.71607660983175
25707,40,-122.362328732008,47.7161433047532
25817,40,-122.36679260533,47.7160716427577
26091,40,-122.370462981655,47.7204331739867
26193,40,-122.36300167551263,47.71787579779783
26318,40,-122.36495380070636,47.71924144204329
26883,40,-122.366411564947,47.723337761957
27053,40,-122.36600986207834,47.714524595813096
27359,40,-122.366206761983,47.7148382220226
27937,40,-122.360931919137,47.7127661694259
27985,40,-122.37053195289366,47.7254356684711
27997,40,-122.36764308900769,47.71926100846076
28018,40,-122.362983423673,47.7233550787487
28996,40,-122.369131653579,47.72010467366351
28998,40,-122.35892177768136,47.72147962598303
29180,40,-122.369302114997,47.7160906395532
29559,40,-122.36215425624668,47.712927087152735
29859,40,-122.36371683656098,47.7163022874156
29860,40,-122.36275613566,47.7161480157096
30216,40,-122.37038562546869,47.71713175449767
30368,40,-122.358941210972,47.7129044271186
30459,40,-122.3679737522026,47.723902624240296
30673,40,-122.36643043955448,47.7233413034226
30674,40,-122.366475712591,47.723376048998
31044,40,-122.36370642901402,47.72330506724709
31199,40,-122.36969931906266,47.719039870013695
31452,40,-122.365103187812,47.7197434920886
31656,40,-122.36371674844032,47.72372850426197
31677,40,-122.362777956833,47.716084775029
31688,40,-122.36504625965732,47.72626065538024
32313,40,-122.361587804588,47.7142657674336
32654,40,-122.362402672696,47.7218310017566
32710,40,-122.36299348682168,47.72188509198656
32796,40,-122.363797976481,47.716287448212
33520,40,-122.361016995221,47.7196398375749
34235,40,-122.361014707613,47.7213508354492
34424,40,-122.358254691955,47.7214768193538
34629,40,-122.366412979239,47.7233240882307
34681,40,-122.366497113541,47.7198337685081
34809,40,-122.368000430314,47.7238354924621
34946,40,-122.360282821107,47.7196063480241
35116,40,-122.36372847578834,47.7210054778641
35174,40,-122.366378263293,47.7232735011923
35232,40,-122.35756268699434,47.721474821736194
36268,40,-122.366403008745,47.7233253300273
36317,40,-122.360998312183,47.7239385045539
36345,40,-122.35966818534,47.7219268445955
36764,40,-122.367993396794,47.7248373796886
37040,40,-122.365234238504,47.7233457799791
37359,40,-122.36641523963,47.7232715256326
37448,40,-122.36665085917,47.723373004248
36,41,-122.283370225182,47.6123019376067
1314,41,-122.290416081494,47.6128322784315
1344,41,-122.290346110013,47.6152147169494
1581,41,-122.283800842997,47.612213675146165
2558,41,-122.28898778113366,47.62137503991347
2991,41,-122.291397570482,47.6152529827888
3125,41,-122.289000110834,47.620193655165
4378,41,-122.291924321246,47.6224376132937
4569,41,-122.288716694226,47.6186106585203
4570,41,-122.288836117125,47.6183030110881
4672,41,-122.291132828841,47.6236240583101
5285,41,-122.290924821676,47.6128201381968
6564,41,-122.286060981473,47.6118768238529
6573,41,-122.28916221896002,47.61520633084441
7688,41,-122.289229266512,47.612848986870894
7767,41,-122.288401135466,47.6189686824768
8189,41,-122.2875108601544,47.61831287166386
8211,41,-122.28702820677168,47.617173794485005
8355,41,-122.297560527143,47.6141726180955
8427,41,-122.2825306969832,47.613503323402526
9158,41,-122.286065299543,47.6140037751778
9159,41,-122.28660514569,47.61400314116537
9199,41,-122.289145037759,47.615164030874006
9720,41,-122.285959228112,47.6165033480133
9909,41,-122.28873529982934,47.61291886828044
10366,41,-122.290412967637,47.61207481425557
10604,41,-122.293710799941,47.6141584709551
10659,41,-122.287890482834,47.620937283779966
10844,41,-122.28981399632,47.6224831661927
10860,41,-122.28446297024202,47.6163821522241
10861,41,-122.28449635247598,47.61672409524849
11072,41,-122.2884067331624,47.62247245670646
11090,41,-122.290367124556,47.61517361640839
11232,41,-122.284494450227,47.6172538911979
11311,41,-122.286002355562,47.6151617405726
11542,41,-122.291901373601,47.6236117556982
11563,41,-122.285212649184,47.6164255174454
11851,41,-122.282007739586,47.6122909365595
12034,41,-122.29140323939198,47.61521407757849
12235,41,-122.29755237992332,47.613063265295104
12509,41,-122.282733391709,47.6109410372406
13127,41,-122.28952314281666,47.61907289148287
13271,41,-122.286343421563,47.6192472010234
14134,41,-122.289225198205,47.61311695451604
14459,41,-122.28712216613,47.6151619070898
14489,41,-122.291309382063,47.6186681942158
14590,41,-122.284434754515,47.6173173741025
14698,41,-122.287100865673,47.6152037525454
14703,41,-122.29112906473766,47.62345178743556
14783,41,-122.288735328006,47.6192301651516
15014,41,-122.283015643675,47.61179275609154
15404,41,-122.293544950431,47.62058092069893
15486,41,-122.288936846762,47.6232755523437
15576,41,-122.296276024217,47.6141694100385
15642,41,-122.28751838731232,47.61800701343126
15670,41,-122.297558837833,47.6141301966243
15755,41,-122.293696468554,47.61411625839779
15962,41,-122.292479621548,47.6152278030341
16144,41,-122.289231472013,47.612669239960574
16309,41,-122.285213665524,47.6164667367273
16874,41,-122.293111433828,47.6224441760509
16881,41,-122.29143750352432,47.61316970115704
17032,41,-122.29373480562032,47.62458560980367
17034,41,-122.287876595057,47.6224771610136
17576,41,-122.28593003072866,47.61768567519393
17867,41,-122.28658518458764,47.61291766553877
17933,41,-122.296255295035,47.6141280341381
18106,41,-122.284420913377,47.61765670947991
18123,41,-122.290025345152,47.62112628167646
18217,41,-122.2937827605804,47.622444045450905
18847,41,-122.29123621458798,47.62243129117601
19110,41,-122.288081696103,47.6151646456884
19195,41,-122.29383833605232,47.621390041045096
19874,41,-122.296258131381,47.6149859371767
20425,41,-122.284971018016,47.613940297317
20426,41,-122.285444080384,47.6139740468414
21017,41,-122.290090709108,47.6181968117637
21424,41,-122.28519704408,47.6174490125837
21634,41,-122.284373494453,47.6148653199306
21637,41,-122.29110623994,47.6242810297166
21655,41,-122.291327378563,47.61927251104637
22201,41,-122.293131939483,47.6214460343575
22404,41,-122.297553701041,47.6148823084174
22751,41,-122.285438420379,47.61352780040753
22907,41,-122.29626754211368,47.6134322772727
23070,41,-122.29309454222566,47.62452066412727
23717,41,-122.288027103885,47.6171683128012
23979,41,-122.284896996115,47.612479469456
24601,41,-122.293688917279,47.6137049075496
31240,41,-122.287028332434,47.6196735357349
31458,41,-122.288978525223,47.6232222844057
32234,41,-122.302825415398,47.6142243421678
33183,41,-122.28862061465566,47.6184843704
33414,41,-122.287572631106,47.6230807005541
36863,41,-122.284442615377,47.61672401682093
37002,41,-122.281568402988,47.6123299173654
761,42,-122.272707696109,47.5342363103726
3249,42,-122.275262735903,47.5346713981969
4571,42,-122.272706439105,47.5346804215692
6467,42,-122.26989524346,47.5281196942841
6693,42,-122.272704436517,47.5358903220751
6694,42,-122.272691343555,47.5353753675004
7149,42,-122.27066826186564,47.533692228535394
7826,42,-122.274446976915,47.5316017310388
7939,42,-122.269896837497,47.53329858831129
7940,42,-122.26989148059,47.53296870660031
11044,42,-122.275255140296,47.5325753081948
11289,42,-122.271409561283,47.5279475504276
11530,42,-122.275285736709,47.5382338533829
11746,42,-122.269886518198,47.5248037468144
13209,42,-122.26776277406866,47.521929601202565
13693,42,-122.27463177998466,47.52657995595427
13872,42,-122.269777339077,47.5203227483566
13873,42,-122.26951669182866,47.52010149986433
14122,42,-122.27271234510933,47.53211740428397
14801,42,-122.269895595866,47.5300348897616
15294,42,-122.26987269189,47.5316222635829
15810,42,-122.272752405728,47.5326016354409
16415,42,-122.275043472339,47.527928448149474
16478,42,-122.270850016802,47.5316181342638
17391,42,-122.2706814311502,47.53468842851309
17392,42,-122.270105835576,47.534673557799
17579,42,-122.271739627439,47.531617470626905
17868,42,-122.27101390100631,47.53824744083517
18209,42,-122.270823415171,47.5291651698688
18532,42,-122.26989311266,47.5287024638197
18686,42,-122.271835513857,47.5290904595396
18846,42,-122.269916895533,47.5189954211811
19438,42,-122.275299744527,47.5389383079984
20222,42,-122.275257385672,47.53369404321919
20323,42,-122.272833875311,47.5279461642738
20324,42,-122.27282825656,47.52750335413666
20479,42,-122.275252104371,47.5315980252713
21495,42,-122.27268968049832,47.53530501342124
21498,42,-122.272748895236,47.5316160288803
21540,42,-122.270319221093,47.529090681987
21662,42,-122.273297291195,47.52794604691619
21815,42,-122.269893037194,47.5213304576613
21900,42,-122.272765256212,47.52878148636673
22041,42,-122.270408907526,47.535895585728
22042,42,-122.27067915609798,47.5358967657456
22182,42,-122.270644635634,47.527356081267634
22882,42,-122.27527154467002,47.5358792407119
23104,42,-122.27098429504834,47.5190088888507
23542,42,-122.27043329119168,47.527948275474806
23624,42,-122.26988495485598,47.5335241388543
24422,42,-122.275268919003,47.5396897146222
24962,42,-122.27178952347032,47.5285368914032
24995,42,-122.274471420971,47.5279423024454
25487,42,-122.27115484827566,47.53761237571053
25842,42,-122.270648363439,47.5358459083379
25860,42,-122.26928743316232,47.5316239146361
25971,42,-122.275257431386,47.5375985957864
26213,42,-122.269898512072,47.5219513568067
26341,42,-122.26982038677,47.5332969615374
26873,42,-122.27268889343502,47.53640227469353
27812,42,-122.27358951876134,47.52997953747607
28535,42,-122.27198336479567,47.53892761798826
28683,42,-122.272707715525,47.53430667556637
28782,42,-122.273473155331,47.5265073508191
29429,42,-122.27068741133333,47.53259992324153
30097,42,-122.269823940196,47.5282122719454
31983,42,-122.26984686664552,47.533496397573
34135,42,-122.269820074084,47.533552291651
34584,42,-122.269826390461,47.5300386404841
34810,42,-122.269847609503,47.5334838658955
35441,42,-122.269820973352,47.5328194444198
35567,42,-122.270148550381,47.5288059571205
36416,42,-122.270533615628,47.5347839448765
37353,42,-122.268658171729,47.5213099043497
37468,42,-122.269818762633,47.524812767585
106,43,-122.23025390135666,47.48953306562717
666,43,-122.2478824254,47.48840500470519
902,43,-122.227703633597,47.4843601397238
1976,43,-122.22653218489069,47.4879171423234
2484,43,-122.24514106385702,47.4878237127677
2568,43,-122.225899682276,47.48259966323854
2679,43,-122.243649436412,47.4883598878622
2950,43,-122.220230287275,47.483078116279806
3560,43,-122.234636489128,47.4882308354782
3700,43,-122.2371787076932,47.48828456161796
4194,43,-122.227513297372,47.4842629331253
4202,43,-122.241471351664,47.4843621245655
4647,43,-122.238410008755,47.487123359896
5026,43,-122.23306716405466,47.48122311171184
5345,43,-122.238255451772,47.4837293333641
5671,43,-122.227494978644,47.4881117476354
6070,43,-122.227510548649,47.4864991593847
6097,43,-122.227373960698,47.4845198131963
6481,43,-122.241026594116,47.48480101181016
7185,43,-122.227522090401,47.485097122750666
9413,43,-122.238215851649,47.4847989006861
9446,43,-122.2275186870696,47.48336351684658
9885,43,-122.227500778335,47.4877990447915
10445,43,-122.235516439504,47.4886010897359
10487,43,-122.230726585289,47.4825950508987
10787,43,-122.227523973576,47.4898014976465
11019,43,-122.238276437634,47.488284811432
11355,43,-122.247876657102,47.48756656962277
11370,43,-122.233014217083,47.4865013980713
11678,43,-122.245003386218,47.4861865738431
13064,43,-122.23416877194366,47.4847321708266
14001,43,-122.23093525804332,47.484659592417735
14320,43,-122.238273851046,47.4883036367637
14464,43,-122.23015342161402,47.4881663389331
14956,43,-122.231692013802,47.4827351355448
15161,43,-122.245181925282,47.4870973028661
15375,43,-122.22751680299298,47.48751544756309
15578,43,-122.23914608023864,47.48471721356077
16572,43,-122.2214208893154,47.48319754920024
17085,43,-122.237180064165,47.4882394864402
17191,43,-122.230394083272,47.486506720524
17192,43,-122.230006271869,47.4862987430406
17533,43,-122.227452294087,47.4864984780762
17583,43,-122.245149459479,47.4883767230759
18168,43,-122.238446974088,47.4888097388261
18169,43,-122.23824953736398,47.48880832450461
18597,43,-122.233334664646,47.4815638665966
19769,43,-122.227520220462,47.4822209266074
20168,43,-122.231712075342,47.482693923763
20393,43,-122.222925708548,47.4814986268023
21043,43,-122.246620363712,47.48403077527604
21403,43,-122.24444632387932,47.48623978455954
21710,43,-122.23358189451636,47.487709535084434
21795,43,-122.233026648148,47.484716825858
21796,43,-122.233593078521,47.4847399422464
22160,43,-122.24738072177864,47.4869128925296
22161,43,-122.246766245724,47.4869067666491
22791,43,-122.235031490165,47.4862359618409
22946,43,-122.22560940839,47.4845173726658
22947,43,-122.225402776283,47.4847956308993
23362,43,-122.232116122936,47.48078312202896
23459,43,-122.227708638722,47.4831262708674
23654,43,-122.23122593158034,47.4868637203547
24004,43,-122.247824140148,47.48621680311186
25084,43,-122.23299512308,47.4874810257274
25721,43,-122.22208640429832,47.48449200736619
25911,43,-122.24641619085132,47.48760661355704
26008,43,-122.2437146356,47.482549935679
26346,43,-122.227448166924,47.4875149305539
27185,43,-122.233013584835,47.4877433563374
27295,43,-122.22090568506134,47.4835851755795
27337,43,-122.241773010095,47.4875050866077
27616,43,-122.238273813731,47.4875237477331
28341,43,-122.238434327213,47.4897590546577
28474,43,-122.243649622254,47.4883157455607
29014,43,-122.23781148849498,47.48972012338757
29099,43,-122.24468374175632,47.4877880568242
29422,43,-122.248949708239,47.4885375596387
29526,43,-122.227702134911,47.4847295452786
30449,43,-122.22025071335868,47.48304522672856
30641,43,-122.234272536453,47.4847340220982
31367,43,-122.2478582339,47.4884456923913
31368,43,-122.247852017527,47.4885257126019
32006,43,-122.22237090840169,47.48138003694729
32332,43,-122.23469742282134,47.48652742755443
32344,43,-122.230318158441,47.4864945516746
32420,43,-122.218666181348,47.482914516394
32998,43,-122.23573890158,47.4870207718821
34645,43,-122.244086497115,47.487119510648
35977,43,-122.238208720272,47.4853194851984
35995,43,-122.228012339805,47.4899452222218
66,44,-122.354187545529,47.7341458574424
332,44,-122.353521374807,47.7233391063638
457,44,-122.356243781336,47.7251159118424
756,44,-122.357712360567,47.7251036161791
1558,44,-122.353561366268,47.7231839494278
1656,44,-122.359534043383,47.72511078838389
2450,44,-122.355676948192,47.7251169152612
2583,44,-122.355702325413,47.7340039330895
2648,44,-122.354268840267,47.7159180681104
2739,44,-122.355673657078,47.724793785981
2984,44,-122.35055851841932,47.732892126232
3107,44,-122.35172991072402,47.728551708821406
3248,44,-122.355414068177,47.7214228846789
3275,44,-122.351001464635,47.7231819520921
3336,44,-122.3542031626826,47.70764011809082
3387,44,-122.35427007528878,47.71420451118529
3517,44,-122.350604880327,47.73415684025
3939,44,-122.358318935811,47.7251107963101
3980,44,-122.355679936241,47.7271573064473
4001,44,-122.3629470115306,47.725130137621775
4412,44,-122.355695188767,47.728697536839
4690,44,-122.353552073902,47.7233112061943
4948,44,-122.355660518606,47.7189376125149
5069,44,-122.35614869048432,47.71593243755803
5234,44,-122.350620374995,47.7342034511206
5557,44,-122.350610444226,47.7348838186416
6122,44,-122.355912872176,47.7251340515394
6452,44,-122.356889772363,47.7249743388825
6889,44,-122.354247847823,47.7214603410021
7112,44,-122.361963509379,47.7286571842351
7607,44,-122.354168332756,47.7159193506973
7774,44,-122.35089196863676,47.72813645061864
8717,44,-122.35416194308,47.734199126134
8821,44,-122.355675420303,47.725957662292
9593,44,-122.35541610599532,47.7200165849707
9791,44,-122.361010584332,47.7251216304183
9792,44,-122.36025799629836,47.725117610056735
9892,44,-122.355689350918,47.72777302990969
10100,44,-122.355697769232,47.7268664949542
11055,44,-122.355405206782,47.7342303260917
11494,44,-122.353129112119,47.73419162208419
12082,44,-122.355700542275,47.7331661289654
12249,44,-122.36161914861698,47.725122612217696
12659,44,-122.355415374605,47.721464151090096
12731,44,-122.354238321068,47.710571582347
12737,44,-122.355220503088,47.7323964908757
12832,44,-122.355686398397,47.7297426273192
12982,44,-122.355663118229,47.7231327705859
13034,44,-122.35419053038,47.73323334950866
13104,44,-122.354216867404,47.708680242284096
13184,44,-122.355668022189,47.7214825674818
13240,44,-122.355725555549,47.7260670036033
13596,44,-122.35309157954134,47.7333469227782
13809,44,-122.35478935895068,47.71592756419174
13960,44,-122.360992778629,47.7283018161437
13997,44,-122.358282631438,47.7331725982352
14053,44,-122.349576212092,47.72728083030703
14078,44,-122.366393327748,47.7286834514801
14231,44,-122.355666269277,47.7209109478136
14354,44,-122.355698874851,47.7327676374065
14355,44,-122.355699555594,47.7324900221282
14501,44,-122.355680786185,47.7240301681169
14569,44,-122.361015259834,47.7286574979095
14724,44,-122.355630812877,47.7287082684992
14858,44,-122.34915069116,47.727814230977536
14859,44,-122.349557993644,47.727821292973466
14992,44,-122.356376445106,47.7250945150822
15009,44,-122.366281748787,47.7269059951007
15053,44,-122.355700159462,47.7322440193422
15068,44,-122.362160141808,47.7286241531631
15220,44,-122.355731349238,47.7240306042049
15447,44,-122.355674579376,47.72550656673141
15666,44,-122.355660704901,47.71592487324839
15671,44,-122.355699384381,47.7282803400021
15963,44,-122.354193492036,47.7342356141701
16074,44,-122.35310887542,47.7342111636256
16075,44,-122.353110800073,47.734143124100704
16886,44,-122.350523562978,47.7348752681877
17506,44,-122.35525019456448,47.72638220670245
17599,44,-122.349402939819,47.7159183483869
17865,44,-122.355407111852,47.723184139685
18133,44,-122.35100405146902,47.729637708124
18954,44,-122.355729359582,47.7231479495726
19164,44,-122.351004526714,47.7296713422978
19658,44,-122.3553864303685,47.7271049836359
20487,44,-122.350526705634,47.7350085175628
21635,44,-122.36101133332768,47.72647803088264
22331,44,-122.358307633168,47.72778419540271
23041,44,-122.352999064201,47.7254456272197
23079,44,-122.35507377155334,47.726362358937706
23178,44,-122.353527354708,47.71143665698873
23207,44,-122.359653400865,47.7322846692043
23328,44,-122.353150015621,47.7301307345754
24401,44,-122.35573153732273,47.726230297039294
24923,44,-122.363708394129,47.7250843758384
25416,44,-122.361010941129,47.72506889886879
25682,44,-122.35538035993552,47.72711675143092
25704,44,-122.358381628998,47.7332812046967
26232,44,-122.354196323895,47.7072190491131
26493,44,-122.362060393239,47.7286256362153
26561,44,-122.354142257274,47.7105709340215
27191,44,-122.357668618616,47.724568046119735
27275,44,-122.359650443732,47.729604238367926
27407,44,-122.35480958059468,47.7086785028665
27644,44,-122.360961833313,47.73276081342743
27769,44,-122.366323178646,47.7256128444755
27770,44,-122.366360672348,47.7233954933823
27852,44,-122.361004074232,47.72433890672469
27987,44,-122.360261190726,47.725155259242
28141,44,-122.35482602707566,47.710576799444674
28257,44,-122.360985447103,47.7323051338606
28546,44,-122.36370717278167,47.72648805017516
29022,44,-122.353148792437,47.729657505559
29803,44,-122.349471970331,47.729633657465904
30064,44,-122.355443898601,47.7328234305416
31111,44,-122.359813688339,47.72421875555707
31455,44,-122.35261658988266,47.72511663644997
31687,44,-122.36645440706,47.7269047587754
31947,44,-122.361622245726,47.7250739805585
31948,44,-122.361620887963,47.7249970989046
32307,44,-122.355367559001,47.7248584637001
32339,44,-122.36295078832434,47.7261487892679
32414,44,-122.35332205654768,47.72573117779401
32465,44,-122.354250426045,47.722814602119534
32620,44,-122.36100843051634,47.730955657281406
32730,44,-122.351036956596,47.723333985509
32959,44,-122.364308636422,47.729546182325
33047,44,-122.351730507099,47.7285776885608
33293,44,-122.355427872464,47.72509368130047
33295,44,-122.355372001044,47.726848867585
33608,44,-122.355753925224,47.7340067376494
33675,44,-122.355361493598,47.7221691510234
33769,44,-122.359546689807,47.72664854500337
33848,44,-122.354257413928,47.7076008598959
33908,44,-122.35934366107568,47.72738157845404
34040,44,-122.363708433402,47.72467874536314
34600,44,-122.366468288066,47.7246054558415
34633,44,-122.361055302526,47.732304422957
34692,44,-122.355959069894,47.7323975066111
34697,44,-122.355320199823,47.7140760805439
34918,44,-122.355358993856,47.7210550371189
34951,44,-122.355363053751,47.7228648088176
35124,44,-122.350823122563,47.7281396680578
35204,44,-122.354467467723,47.726406371824
35242,44,-122.360996061417,47.7240070247339
35414,44,-122.35624223121368,47.72147186439313
35501,44,-122.355740128201,47.7277623508651
35530,44,-122.35577737538,47.7286825706776
35595,44,-122.36099148759833,47.73191133939207
35719,44,-122.355703986675,47.7154258122423
35896,44,-122.361620274799,47.7251615870354
35976,44,-122.362501766417,47.7279755147744
36653,44,-122.353589098151,47.7233667181874
36672,44,-122.350478083132,47.7228270507536
36681,44,-122.355352908354,47.7189226351246
36829,44,-122.355372342487,47.72710447689187
37531,44,-122.355737749937,47.7268643731704
37532,44,-122.355735686882,47.7259501754517
37605,44,-122.362914632657,47.7354000569882
70,45,-122.355532845009,47.6589129853775
417,45,-122.353345317037,47.65234956899533
435,45,-122.3532655196228,47.66025665220338
436,45,-122.353851608929,47.66026321720856
477,45,-122.375144680878,47.6621134577651
505,45,-122.353933528764,47.6504314273686
581,45,-122.36495900010334,47.661550192181664
708,45,-122.35491875033068,47.65779770576344
730,45,-122.376734887515,47.66287019057393
823,45,-122.36392269398398,47.66042474566459
824,45,-122.363927937565,47.660839734782
849,45,-122.363920738579,47.6600895272252
1075,45,-122.35137209021998,47.65082868612691
1076,45,-122.350654575925,47.65072354879924
1100,45,-122.348714857328,47.6592744746496
1209,45,-122.35843807900534,47.66043577179286
1373,45,-122.355481699858,47.6528805094762
1467,45,-122.34770011574666,47.66080177280767
1491,45,-122.357414712421,47.6615243687824
1516,45,-122.351338359879,47.654166188809
1597,45,-122.384822838283,47.6670047562832
1634,45,-122.3832930487502,47.66639797736557
1700,45,-122.35439974532,47.6514719442548
1765,45,-122.363931107787,47.6615214864321
1766,45,-122.36393073953,47.661413090237
1832,45,-122.362752949898,47.6570077551346
1886,45,-122.356186578122,47.6596048917903
1887,45,-122.35617502952766,47.6598100918275
2076,45,-122.347968006306,47.6531160316294
2426,45,-122.364970569052,47.66005843539353
2483,45,-122.354453955975,47.6589192844815
2575,45,-122.378180943948,47.6622766715877
2616,45,-122.34470098642,47.6614676085527
2681,45,-122.383394638978,47.6654795728055
2791,45,-122.358459086465,47.65891449306511
2841,45,-122.34467445674468,47.65911570964454
2920,45,-122.35956900087132,47.6537637802959
2982,45,-122.35620917598467,47.65562153595903
3221,45,-122.350118221183,47.6614488569776
3238,45,-122.355497480848,47.6623076194762
3328,45,-122.346969477097,47.6541585506954
3368,45,-122.353321382854,47.6541687931211
3467,45,-122.355554410142,47.65482011477119
3550,45,-122.348675939313,47.6541601491391
3551,45,-122.347950992197,47.654160917159096
3644,45,-122.38588843630066,47.6682767694447
3711,45,-122.36071964921298,47.6628035202821
3719,45,-122.35355625986467,47.6559898832389
3851,45,-122.344494869478,47.6591245217368
4204,45,-122.348604631477,47.6580968496213
4306,45,-122.355440962976,47.6525517287395
4327,45,-122.34662952925132,47.660211193747
4360,45,-122.35651731186162,47.65418790155004
4398,45,-122.346630687714,47.65963823417351
4498,45,-122.360733229559,47.654994724212
4502,45,-122.35616602262368,47.65222156815116
4919,45,-122.346636658445,47.65862837569
4920,45,-122.346641448922,47.65902892987091
5100,45,-122.35655240704098,47.65630727488931
5101,45,-122.35608306401468,47.65630903428383
5216,45,-122.363775873915,47.6614151685743
5271,45,-122.349256751475,47.6541626076423
5379,45,-122.34474242457502,47.6621660721722
5380,45,-122.34469925435369,47.66251559120197
5401,45,-122.36118323177466,47.65600644172043
5502,45,-122.3545213782646,47.65547456432444
5516,45,-122.349439496971,47.65809361788244
5634,45,-122.363936511309,47.6617753640216
5864,45,-122.347078869577,47.6596610980272
5907,45,-122.34663196616832,47.659933245024696
5957,45,-122.366294910618,47.6617363592687
5997,45,-122.366131009026,47.6602326003018
6026,45,-122.385845635832,47.66735439333231
6027,45,-122.386129760613,47.6672746762675
6084,45,-122.364865671087,47.6629672786892
6111,45,-122.35952079710734,47.6604287492637
6180,45,-122.367686080105,47.662164924038
6218,45,-122.34869139209302,47.66145190249839
6219,45,-122.34913278126533,47.66145261538068
6239,45,-122.3591722158164,47.654818247954005
6336,45,-122.344576196201,47.65572404068232
6429,45,-122.379689684123,47.6624814135347
6637,45,-122.36603536230102,47.65901796188231
6677,45,-122.378575923654,47.662398065551294
6707,45,-122.366296348673,47.6630085329542
6717,45,-122.38483985621971,47.66749666743503
6780,45,-122.36450021813,47.65887774760089
6964,45,-122.363472813742,47.65782214751831
7055,45,-122.360701671338,47.6615208092369
7083,45,-122.366336111235,47.6593218034478
7177,45,-122.351189288543,47.6515480601224
7251,45,-122.363951446111,47.6625438206244
7252,45,-122.36395378134,47.6628681267407
7255,45,-122.360765787901,47.6628203369605
7272,45,-122.352714948052,47.6541759702556
7381,45,-122.353286018193,47.6554685241174
7402,45,-122.3662853364,47.6604383915195
7453,45,-122.362852249973,47.6589165042758
7456,45,-122.354390089775,47.6541765860135
7516,45,-122.35227707507032,47.65408914536547
7646,45,-122.34677868661034,47.65895630838457
7719,45,-122.365429769222,47.6588604041189
8092,45,-122.35618501130098,47.6595420112375
8186,45,-122.3654156545836,47.65890015465492
8236,45,-122.352136521944,47.65805802903841
8293,45,-122.357882828906,47.6615325829307
8318,45,-122.35666936522334,47.657537112802096
8360,45,-122.364356860656,47.6621084197495
8373,45,-122.35443946711,47.6614487201499
8405,45,-122.3554989643,47.6614824837063
8459,45,-122.353404103683,47.6512388923195
8661,45,-122.345709487067,47.6586271566212
8773,45,-122.3668891716562,47.66215332169316
8849,45,-122.353888993877,47.65038890432171
8853,45,-122.35952688889,47.65896792722399
8896,45,-122.34404462435502,47.65806496302816
8922,45,-122.36374581665,47.6578199414159
8936,45,-122.357187432307,47.659604641183
9350,45,-122.351091547802,47.6577658648915
9415,45,-122.354469282916,47.6578144964943
9423,45,-122.3575839266714,47.65255854769973
9470,45,-122.351077440726,47.6580902039324
9631,45,-122.347958829938,47.6541218198394
9721,45,-122.353878760176,47.66283501991919
9815,45,-122.357417145381,47.6615802702207
9879,45,-122.354404911243,47.6523150800046
9903,45,-122.366331986143,47.6621712627193
10028,45,-122.344733151321,47.66220012597629
10055,45,-122.350953583388,47.6614405240274
10135,45,-122.350119554443,47.6614793102001
10189,45,-122.38266700598167,47.66449268298743
10341,45,-122.352138710843,47.6614399101064
10409,45,-122.364016025534,47.6600877119571
10469,45,-122.359532940162,47.6577779093551
10473,45,-122.354081269541,47.6517779841354
10519,45,-122.349570717698,47.65930392871794
10662,45,-122.353238962609,47.6512460991184
10785,45,-122.378767493618,47.66287680110279
10830,45,-122.348638691782,47.6533977883612
10852,45,-122.358455050422,47.6589674457189
10910,45,-122.364598392836,47.6614118032154
10911,45,-122.364704887429,47.661552544543
10962,45,-122.352129750092,47.6588821557121
10963,45,-122.360719083485,47.6635475056
11043,45,-122.357541510513,47.6563044470081
11262,45,-122.36217417637,47.656188916827
11321,45,-122.36016561772932,47.655616848684495
11322,45,-122.355663052775,47.6529001344773
11398,45,-122.348417317575,47.657774798635806
11456,45,-122.35326991216466,47.66097902480666
11597,45,-122.386269539044,47.66764606487019
11676,45,-122.362692622199,47.65700718387111
11803,45,-122.34693600861966,47.658640794231566
11876,45,-122.360954829297,47.6549324654958
12279,45,-122.351189820257,47.65458052870471
12449,45,-122.36367094164734,47.65621925059586
12481,45,-122.382332744391,47.66458133660191
12617,45,-122.379516847078,47.6626860953875
12699,45,-122.345105179637,47.65962914795077
12795,45,-122.350042148354,47.65661735999689
12839,45,-122.36019940096266,47.65630633361061
12927,45,-122.360746765284,47.6559903895473
12944,45,-122.375936377305,47.6621617242684
12965,45,-122.344503118929,47.6593738801951
12970,45,-122.348703225835,47.6608018195483
13031,45,-122.35227937881798,47.651838896347805
13048,45,-122.366709844967,47.6594470523137
13058,45,-122.378526419966,47.6621255143894
13153,45,-122.36689368719,47.66219900161601
13200,45,-122.348701948384,47.660000239007
13375,45,-122.361142263135,47.6551305490294
13517,45,-122.351074461729,47.6581587112659
13630,45,-122.359940083562,47.6541763996168
13710,45,-122.35332146722,47.6501194891605
13848,45,-122.38121420563432,47.664631736771696
13885,45,-122.345662883012,47.6612890097633
13995,45,-122.356525475741,47.6533844522898
14055,45,-122.364973962296,47.6621092305262
14103,45,-122.383643821862,47.6653208785482
14210,45,-122.344522899254,47.6580987185933
14274,45,-122.349205282596,47.65739941291321
14305,45,-122.36560374656231,47.660834171474335
14315,45,-122.358443232973,47.6601606778535
14390,45,-122.35210528129232,47.65459523197307
14397,45,-122.36593224374968,47.6569699415285
14414,45,-122.379045347086,47.6625360139588
14448,45,-122.385018826615,47.6676882098181
14454,45,-122.352673347706,47.6614442697192
14593,45,-122.351171487984,47.6566253999992
14674,45,-122.36543095559269,47.65780134045743
14692,45,-122.345724916727,47.6578193152436
14730,45,-122.352740078003,47.6622098685152
14769,45,-122.38063528500466,47.66414135629089
14883,45,-122.359521589616,47.66015710736587
14986,45,-122.354403146569,47.6518468149467
15085,45,-122.353275540776,47.6578002531327
15086,45,-122.35386019031166,47.65779728293267
15087,45,-122.34771000759834,47.66000697452903
15159,45,-122.363681658577,47.65699300777461
15166,45,-122.357585182371,47.6539323672416
15185,45,-122.360143354112,47.65782934050306
15202,45,-122.34964084917937,47.65777776670337
15291,45,-122.348587721099,47.6586041953476
15345,45,-122.386194970647,47.6672537040049
15438,45,-122.352657090178,47.66221021319901
15515,45,-122.360277454279,47.65419412765501
15531,45,-122.36135233333766,47.65700074774413
15532,45,-122.361840897161,47.6569959272338
15549,45,-122.360438597327,47.6540630274394
15614,45,-122.386363001978,47.66815015048227
15629,45,-122.36529260097602,47.6569615343253
15716,45,-122.361941684724,47.6589193019309
15727,45,-122.357587759168,47.6530392949512
16012,45,-122.357183191392,47.6595418804204
16038,45,-122.354911094161,47.662211228247166
16065,45,-122.352659045977,47.656627156717
16069,45,-122.3748658733476,47.66215922294708
16165,45,-122.35617359580232,47.66016051483073
16201,45,-122.38486769350898,47.66669103269809
16218,45,-122.351064568931,47.6608717572315
16248,45,-122.361197112808,47.6578139015703
16306,45,-122.354518338939,47.6546065270665
16326,45,-122.364230928028,47.65598758405028
16411,45,-122.354457861044,47.6514783077173
16436,45,-122.34780317058666,47.65809955657354
16485,45,-122.345697707539,47.6596279539629
16508,45,-122.350491005466,47.658907654846765
16595,45,-122.35001545945,47.6541754191419
16596,45,-122.349995617229,47.6538938285045
16709,45,-122.34666332746131,47.65781514647187
16873,45,-122.36341769071932,47.6611538372357
16893,45,-122.358984492244,47.6555528418079
17273,45,-122.34996242786434,47.661971314040365
17433,45,-122.387360571006,47.6680611854936
17601,45,-122.365869242708,47.6621664044645
17619,45,-122.35154810114432,47.65774830385293
17705,45,-122.363913180397,47.6588897709496
17733,45,-122.344517253744,47.6586292126398
17811,45,-122.353265592538,47.6588825401374
17894,45,-122.357101204777,47.6623398616126
18083,45,-122.358425575261,47.6615264800787
18164,45,-122.347105285279,47.6544647727525
18199,45,-122.35055493920233,47.655580882782864
18254,45,-122.35717213648532,47.6607903740545
18446,45,-122.35712582142166,47.65207913935893
18616,45,-122.358458016611,47.6577839867096
18617,45,-122.358518313859,47.6577817200358
18730,45,-122.35434427309734,47.66220593479346
18739,45,-122.35660978370434,47.661953879211296
18783,45,-122.34509010656332,47.66060459281513
18876,45,-122.349448703852,47.65863318439009
19001,45,-122.36342713463868,47.66006153582436
19263,45,-122.356145638557,47.66153657759239
19455,45,-122.35118173644578,47.65535059767346
19456,45,-122.350549881146,47.6553610684381
19516,45,-122.358983209649,47.6556213734635
19530,45,-122.35055289510268,47.655121083322605
19859,45,-122.35911268004502,47.6615216870328
19932,45,-122.35618213167432,47.658109014832
19999,45,-122.360238394205,47.6548191153024
20050,45,-122.34686925933758,47.65419590230097
20157,45,-122.358634248162,47.6532785673852
20233,45,-122.351076193973,47.6602643174432
20422,45,-122.34615649689532,47.65962416724003
20495,45,-122.35848382558332,47.66355213167631
20546,45,-122.362091617857,47.661159333201965
20568,45,-122.361940724656,47.658972446939
20579,45,-122.35791845364,47.6618663681972
20613,45,-122.356460141161,47.6615319840358
20668,45,-122.344489314199,47.6606007966092
20843,45,-122.35858794530468,47.656788818783774
20891,45,-122.35061245055134,47.6602524829912
20900,45,-122.36093932918702,47.65449142065514
21258,45,-122.34780687762668,47.65863151711277
21372,45,-122.35390263491666,47.66317117232026
21458,45,-122.35372325923932,47.65890706216667
21529,45,-122.35952833555602,47.6589177721608
21642,45,-122.36391303392035,47.65856924175917
21768,45,-122.35391243809534,47.6625316524698
21854,45,-122.351353817353,47.6519043642009
22014,45,-122.35053066331834,47.65662012877704
22303,45,-122.35137452112367,47.65109912879083
23111,45,-122.363777425775,47.66147554421355
24376,45,-122.36193265260734,47.6600569426268
24648,45,-122.3634264510204,47.660446779570336
26080,45,-122.38680234588568,47.668064510609405
26981,45,-122.352644626045,47.6577786762823
27050,45,-122.36719833876,47.6577588651782
28131,45,-122.376058165373,47.6614699629076
28415,45,-122.36287017650264,47.66022190973767
28637,45,-122.364125367579,47.6622819564992
28694,45,-122.36285358875598,47.65896200672879
29029,45,-122.35552633995,47.65962613195959
29364,45,-122.361923485106,47.6581602571156
29675,45,-122.36334622506534,47.66360631927424
29765,45,-122.355584296212,47.659618730422
29766,45,-122.355986830774,47.6595673215558
30114,45,-122.36288360932,47.65815904017413
30357,45,-122.360769294009,47.6635624432933
30627,45,-122.36328717797969,47.662875060711904
30676,45,-122.364361074317,47.6615520758299
31003,45,-122.344458611186,47.6594954724805
31846,45,-122.348164191109,47.6613935412622
32753,45,-122.35952415290832,47.66281009887027
32926,45,-122.384866348753,47.66806580475191
32990,45,-122.351158979491,47.6518173888998
33261,45,-122.347787911698,47.6592512406577
34091,45,-122.365288606018,47.6568157934093
34592,45,-122.354600929995,47.6540362156288
34867,45,-122.37687738987,47.6616168035516
34921,45,-122.351127106754,47.6607853256561
35626,45,-122.361830018456,47.6568303232051
35887,45,-122.357186549118,47.6622824074532
35942,45,-122.339280914042,47.6614812900774
36003,45,-122.349910825107,47.661035006322
36032,45,-122.363453361379,47.6550613418541
36102,45,-122.365205901613,47.6628388405186
36702,45,-122.364654836507,47.6615524765632
36734,45,-122.383243636005,47.6665922765749
36968,45,-122.386092366353,47.6675835622531
37056,45,-122.346890403801,47.6540453654563
37177,45,-122.364590839673,47.6615523898634
37485,45,-122.348711478465,47.6544532443651
130,46,-122.223111981239,47.4930604704399
186,46,-122.227884078339,47.49906932001621
860,46,-122.238159834597,47.5014446545781
861,46,-122.2380914134,47.5014432521258
1205,46,-122.22401798096298,47.49318132673413
1247,46,-122.227565738213,47.4946522037591
1350,46,-122.227440100248,47.5011089668009
1526,46,-122.23564566075,47.4937484982522
1835,46,-122.22753676093198,47.4968025275619
1847,46,-122.23090159115698,47.5027425139343
2000,46,-122.235697968285,47.4919931419664
2140,46,-122.227556975804,47.4960888553503
2283,46,-122.229758802082,47.4971132772131
2386,46,-122.23451184996831,47.4926097389933
3533,46,-122.232158181737,47.50034597054904
3789,46,-122.230201043621,47.4991087366682
3809,46,-122.235479279202,47.50027791518991
3810,46,-122.23550544204402,47.4995973398957
4016,46,-122.233044538637,47.48960725367963
4066,46,-122.249979230661,47.5107383031653
4170,46,-122.223121730285,47.4936247828457
4248,46,-122.230177627226,47.49195966673009
4339,46,-122.224706772323,47.4931963052496
4708,46,-122.236824667715,47.49841836158104
4855,46,-122.236063843688,47.502843161297
5074,46,-122.235462255797,47.5006903277635
5092,46,-122.235434167829,47.50140327237491
5361,46,-122.227531414319,47.4918934736852
5406,46,-122.248584101051,47.511865407861
5407,46,-122.2482916323678,47.51165616491856
5411,46,-122.23210889647,47.5008830659102
5464,46,-122.229198963115,47.4919336509984
5622,46,-122.24477487434902,47.50986123559732
5631,46,-122.232833900402,47.5027691010397
6127,46,-122.233047907527,47.4936952349637
6251,46,-122.235524139749,47.499220291534
6765,46,-122.234506375436,47.4936798918936
7210,46,-122.227471193011,47.499687863071
7238,46,-122.227416790502,47.5018560020139
7401,46,-122.234968783748,47.5028150609881
7545,46,-122.23452286191998,47.493721769022805
7616,46,-122.224019146537,47.4932411289275
7745,46,-122.235452898184,47.50099645265809
7747,46,-122.227528200964,47.4974880242278
7913,46,-122.231001797319,47.5008717357044
8094,46,-122.235604742098,47.4973807553352
8483,46,-122.230900240132,47.5007937232253
9074,46,-122.22754347818902,47.4932515261701
9453,46,-122.233583149351,47.5006661744949
9882,46,-122.227546158747,47.4939563339185
11684,46,-122.236110392657,47.4998993689719
11840,46,-122.2355427078,47.4973913711382
11941,46,-122.227374916108,47.499687396002
12066,46,-122.236908211087,47.4937725482638
12094,46,-122.225610793241,47.492875127268434
12181,46,-122.236108597488,47.4992224887809
12275,46,-122.227450769525,47.500393828461
12504,46,-122.230239306667,47.4973099818466
12525,46,-122.227488293207,47.4989349835755
12526,46,-122.236927264577,47.4937307036998
12664,46,-122.234436067676,47.4907621841195
12773,46,-122.22168704180132,47.49740609620064
12897,46,-122.22733251181,47.5042154794339
12925,46,-122.22893294024531,47.49069679274823
13076,46,-122.225630021206,47.49389609538739
13092,46,-122.22758848199,47.4953545227622
13436,46,-122.22958872322332,47.493981397989806
13475,46,-122.22312376656198,47.4942773842176
13551,46,-122.235374895909,47.50282976310789
13556,46,-122.231820185818,47.4932805492359
14690,46,-122.229323844573,47.5047108942201
15610,46,-122.2273922693,47.5026041126199
15692,46,-122.230230745042,47.4980212155167
15941,46,-122.23774518525134,47.50706200118416
16327,46,-122.227427812324,47.5008147099324
16414,46,-122.22676183968132,47.50259862680716
16451,46,-122.23115232085866,47.49541843742477
16462,46,-122.230309686155,47.504150341748606
16564,46,-122.222930511006,47.4949912469631
16701,46,-122.222413126536,47.5011496633765
16988,46,-122.230781597073,47.50550460830056
17021,46,-122.227647521049,47.49464745169311
17337,46,-122.243838842243,47.5105274588558
17411,46,-122.22914830691498,47.5051296155274
17570,46,-122.227506142388,47.49821012815
17623,46,-122.24629709777568,47.5093104295122
17658,46,-122.22180457230802,47.49956564631011
17659,46,-122.221386725208,47.4995582393474
17995,46,-122.230189268451,47.500852351383095
18399,46,-122.223147835891,47.4956170100496
18890,46,-122.227627620139,47.4932495990226
19483,46,-122.22042552210831,47.4935641818516
19537,46,-122.24635056625398,47.5111021040151
19568,46,-122.233059713825,47.506246791247
19849,46,-122.233039298356,47.5060630972676
20049,46,-122.223128121881,47.49456211408509
20087,46,-122.227652756021,47.4953677618059
20424,46,-122.23767962091232,47.492006645084366
20588,46,-122.223137479807,47.4959982202071
21310,46,-122.23595045185898,47.50629730405111
21423,46,-122.23960219844334,47.510144588723165
21474,46,-122.232831896958,47.5031616323383
21475,46,-122.232665623279,47.5031098127018
21516,46,-122.233382464508,47.5051850305181
21517,46,-122.22934576443632,47.49325772226134
21559,46,-122.223152147028,47.494991348359896
21748,46,-122.227605324662,47.49964770783953
21868,46,-122.225650435163,47.494543168096
22169,46,-122.233043860768,47.4901366094329
22186,46,-122.22122941079634,47.4981020853275
22546,46,-122.23693072278934,47.4951009071695
22699,46,-122.223784253602,47.49528933260476
22875,46,-122.248287979864,47.5109225269744
23597,46,-122.2359904042464,47.50542477084558
23833,46,-122.258728425004,47.5199822464995
23837,46,-122.232898817537,47.5020651653375
24380,46,-122.233062468089,47.493832896239
24607,46,-122.224807133493,47.5004308729757
24621,46,-122.233823981902,47.49196271796419
24824,46,-122.228823610514,47.50442579348189
24828,46,-122.230268031619,47.5009754054874
25080,46,-122.227635507165,47.4939519901698
25181,46,-122.23304322045232,47.49097576601284
25295,46,-122.23609931372869,47.50213673687277
26229,46,-122.23443231912532,47.49161447940261
26353,46,-122.23364508200932,47.49538336314957
26459,46,-122.226841595164,47.4932472495351
26564,46,-122.239841421425,47.5029412634034
26729,46,-122.234188670958,47.4973182038565
27197,46,-122.23315570576622,47.49995226850872
27517,46,-122.23876698785166,47.50965038497146
27628,46,-122.22318307981,47.4925661415953
27742,46,-122.23550239432602,47.5014030611763
28191,46,-122.236019634225,47.5049955443811
28304,46,-122.22069949517466,47.49424004231366
28612,46,-122.244710111593,47.508513395330304
28667,46,-122.235885541551,47.504923724177
28687,46,-122.230386487466,47.5041939961699
28913,46,-122.24476592278668,47.5078739117672
29282,46,-122.23017295284,47.5040637040318
29414,46,-122.239300790188,47.5069378140317
29989,46,-122.23699277599734,47.49249520123487
30028,46,-122.23411622883,47.5049816189059
30177,46,-122.23811666130732,47.50033990491903
30590,46,-122.229548110335,47.49253839113154
30616,46,-122.229078982557,47.5008217362589
30729,46,-122.235765014371,47.5075152896556
30790,46,-122.236142116666,47.5028880709362
30920,46,-122.231927428293,47.4973264814544
30941,46,-122.223075869185,47.49884228246341
31042,46,-122.23182166371966,47.49326624466323
31120,46,-122.22245070464167,47.496750192094034
31366,46,-122.221747643772,47.499680838562
31742,46,-122.23696087679532,47.4961154134802
32048,46,-122.223089301276,47.4982025281547
32260,46,-122.23209181825932,47.502088784278
32300,46,-122.221865421476,47.498112851011705
32537,46,-122.236087229056,47.5050262834883
32560,46,-122.222461284008,47.5017518865702
32605,46,-122.234948959581,47.5028640650944
32793,46,-122.23078588238302,47.4973152055268
32852,46,-122.223553878947,47.5020751030653
33008,46,-122.22314662836231,47.49568737050774
33267,46,-122.234867151085,47.5021027930907
33282,46,-122.23098871147334,47.50208060093036
33594,46,-122.22181519507,47.4994974877794
33630,46,-122.23128360126069,47.49470919981203
33867,46,-122.23684133210502,47.4974292953823
34024,46,-122.232923434784,47.5009529211633
34466,46,-122.23811540993768,47.50106968420147
34497,46,-122.232181467472,47.498055674078365
34513,46,-122.229651563041,47.4999277325257
34643,46,-122.232900330243,47.501350796625
34647,46,-122.23368025293468,47.50136703704146
35946,46,-122.223092433731,47.4980654702185
36142,46,-122.225481957594,47.4909720047237
36160,46,-122.230790618298,47.4972778759559
36174,46,-122.223025134544,47.500963172465
349,47,-122.35787414788,47.6919534319387
517,47,-122.35599698299166,47.692117781240505
618,47,-122.363409276001,47.6935700924221
657,47,-122.365280634185,47.692852140841005
790,47,-122.355547238086,47.7014170851263
857,47,-122.355570985474,47.7035967098868
900,47,-122.361805467009,47.692841118133465
1185,47,-122.3560919389215,47.70357109333855
1186,47,-122.356072374424,47.7035727923074
1192,47,-122.350642304577,47.6905385955353
1319,47,-122.35388522195468,47.69101179050201
1366,47,-122.3539096732832,47.69168643843168
1458,47,-122.351185131914,47.694268751445
1997,47,-122.356076097829,47.7037208548473
2070,47,-122.352713919089,47.6912288518294
2077,47,-122.35258200169,47.6923904318595
2163,47,-122.35555929374898,47.7029125239217
2360,47,-122.35383505543298,47.7035857939442
2419,47,-122.355179281433,47.6963900654377
2829,47,-122.355536713504,47.7022287974759
2904,47,-122.352549629203,47.690519762896905
3154,47,-122.36529736244567,47.6943129442512
3738,47,-122.357907773637,47.6942824458865
3746,47,-122.35523053663331,47.69484098897857
3932,47,-122.356533724187,47.7035592584898
3950,47,-122.351183865909,47.69111551384
4133,47,-122.358121778359,47.69605148057931
4230,47,-122.360637222504,47.6960711740073
5248,47,-122.351157391596,47.6912905619768
5337,47,-122.355546465184,47.69056519656165
5350,47,-122.356187797419,47.7035949913308
5863,47,-122.356769023877,47.6911086614123
6745,47,-122.354081030609,47.695675689708594
6816,47,-122.352541973339,47.690134266706
6935,47,-122.358126086802,47.6959829278424
6987,47,-122.35675789786266,47.694982323781865
7300,47,-122.36179257597534,47.69201423113077
7830,47,-122.353911203162,47.6923890687818
7836,47,-122.356539362136,47.692114351721166
8287,47,-122.357961632028,47.7029473185125
8350,47,-122.363402959687,47.6928445961102
8514,47,-122.36209201706,47.6960068861562
8693,47,-122.35068907744666,47.70370173719829
8755,47,-122.356055528568,47.695992589211
8756,47,-122.355506887636,47.6959908394059
8787,47,-122.35557128368198,47.7043171226373
8822,47,-122.36343200253002,47.6960105695972
8981,47,-122.356019518229,47.69360352115597
9305,47,-122.355952647035,47.6918686039231
9316,47,-122.35537587510974,47.69124979150291
9484,47,-122.355928850687,47.6959473512936
9625,47,-122.359487325433,47.6996189017303
9777,47,-122.35258322481134,47.693850528358006
9855,47,-122.35329912244966,47.69425576134044
9858,47,-122.35120648811,47.692365738255695
10217,47,-122.354983006432,47.6941582261631
10319,47,-122.358161613854,47.701424156739
10320,47,-122.355536424356,47.6955841240287
10380,47,-122.35257789410302,47.69134221379701
10425,47,-122.357936522355,47.6924909892557
10426,47,-122.357916514075,47.6919826165445
10576,47,-122.357059316692,47.7037270827608
10780,47,-122.36118117282132,47.69139633695681
10906,47,-122.351395528971,47.690756024681
10951,47,-122.35811725361502,47.69749687353734
11110,47,-122.363427801003,47.6973696045275
11446,47,-122.35491217615066,47.69239050767047
11638,47,-122.356589755244,47.6905692415904
12090,47,-122.35669466338663,47.70431773496088
12262,47,-122.354060064256,47.6942602297421
13010,47,-122.357388345616,47.694284773893
13019,47,-122.35930079227836,47.69402949900453
13214,47,-122.362089477962,47.69430288903519
13247,47,-122.359272150184,47.69250556032009
13319,47,-122.356733682295,47.6924880070445
13320,47,-122.35600729687,47.6924849310786
13736,47,-122.35115393622,47.6909540205798
13881,47,-122.36527423144132,47.693573912953134
13936,47,-122.35812891276731,47.6983420202684
14483,47,-122.35134365330634,47.70294484897183
14635,47,-122.363416388628,47.6943011323592
14932,47,-122.356823478382,47.7014137228432
15163,47,-122.3555069129025,47.69056104314271
15258,47,-122.362090859652,47.6960757335757
15422,47,-122.355246536064,47.6959881461522
15467,47,-122.3595026145944,47.70143474834888
15550,47,-122.360786929187,47.6977224422349
15779,47,-122.36525626666268,47.6914149941012
15984,47,-122.363217510154,47.6942986697448
16568,47,-122.35198808851,47.70358336988753
17286,47,-122.363431651352,47.6960795021278
17372,47,-122.363394285923,47.6914061025933
17609,47,-122.356767131701,47.69567970369173
17892,47,-122.35735406592164,47.69335188572196
18226,47,-122.360612626962,47.695999597828894
18924,47,-122.361449562417,47.69428580443103
19075,47,-122.36138919049031,47.6996339142024
19852,47,-122.363395791834,47.6920177818415
19853,47,-122.360622770288,47.702268561749
20476,47,-122.36567744275436,47.692040231919634
20545,47,-122.355201256239,47.693464283529
21536,47,-122.363422973221,47.6907052991458
21543,47,-122.363258105584,47.6942992824346
21797,47,-122.36058867568,47.6929231982468
22105,47,-122.36179928714267,47.69356341125383
22222,47,-122.362108972187,47.6977265576633
23163,47,-122.3525075564575,47.69043626046249
23270,47,-122.359465660494,47.6978547949507
23884,47,-122.358261775924,47.6996142368818
24557,47,-122.358117772448,47.6919529941881
25001,47,-122.360705705232,47.7014561820517
25218,47,-122.355298051422,47.7047847202308
26269,47,-122.353714835499,47.6941494476738
28617,47,-122.354007381661,47.69164596654975
28618,47,-122.354013195018,47.6916317924603
28753,47,-122.3565501533395,47.690569879194
30849,47,-122.35467480911458,47.69051373747026
31171,47,-122.355369370064,47.693502282631
31648,47,-122.35762923388933,47.690572476246025
32092,47,-122.355823789514,47.6903087457562
32989,47,-122.355145333726,47.6931139994138
33036,47,-122.355472305492,47.6913609046927
34114,47,-122.35400244119,47.691664628785496
34115,47,-122.354040212992,47.6916784800382
34469,47,-122.35619879669734,47.69053592394037
34578,47,-122.355484151642,47.6923663860723
35345,47,-122.354020039087,47.6916488387459
35415,47,-122.355180953526,47.6934642239334
35464,47,-122.361135098499,47.6909762847508
35510,47,-122.354639831926,47.6906918513072
35834,47,-122.355322952265,47.6912694178875
36031,47,-122.352721769221,47.6904799040147
36068,47,-122.355944149193,47.6943015844791
36269,47,-122.355521149936,47.6941133432939
36380,47,-122.355226826911,47.7009562927579
37337,47,-122.352624248732,47.7035054141444
71,48,-122.283790177439,47.5617430625908
290,48,-122.282779048183,47.566197428422
291,48,-122.282774425397,47.5658856143248
309,48,-122.281949375241,47.5662474440082
486,48,-122.279419385596,47.5641457363819
575,48,-122.288820146038,47.5714317182575
650,48,-122.28487265692802,47.5617092654268
1217,48,-122.28435355795598,47.5607732356232
1427,48,-122.280788810646,47.5687986464575
1839,48,-122.286970067651,47.5662429041498
1845,48,-122.280788748713,47.5640680934963
1884,48,-122.288953817098,47.5679058040756
2045,48,-122.280851978143,47.5626580363239
2353,48,-122.284195620011,47.5751967049287
2509,48,-122.287200397687,47.56790283207099
2760,48,-122.284894701573,47.5628947310183
3030,48,-122.284982576198,47.5678686452676
3653,48,-122.286155587968,47.5640598559027
3836,48,-122.28672031750034,47.57240623700503
3930,48,-122.287826792031,47.569826184794
3957,48,-122.27569328853,47.56411298577941
3958,48,-122.275702875563,47.5639938351677
4144,48,-122.28941928911,47.569821035607
4233,48,-122.28926056729,47.5640813382664
4436,48,-122.286182434922,47.567461522058
4495,48,-122.288893124556,47.560803468596
4586,48,-122.288109600306,47.566194332521
4587,48,-122.288087827639,47.5660689976097
4880,48,-122.286665056109,47.5662035783604
4996,48,-122.28757011838802,47.56790513421921
5213,48,-122.27620485669,47.5694202583692
5993,48,-122.286215187397,47.5678917408367
6117,48,-122.28668630685434,47.56800400935674
6369,48,-122.281870333374,47.5678745033197
6399,48,-122.289637920341,47.565476448971
6521,48,-122.287163017951,47.5698146955306
6691,48,-122.284962439745,47.5662432157614
6770,48,-122.283852598853,47.5662323027783
6842,48,-122.275676459232,47.56415479564729
6966,48,-122.286662094059,47.5661034171235
7086,48,-122.28388570017466,47.566621447985135
7087,48,-122.283870932693,47.5661906101651
7111,48,-122.286688221749,47.5678929295961
7543,48,-122.280893288781,47.5678518103931
7638,48,-122.277087635108,47.5641537322297
7689,48,-122.288878525921,47.5698231803456
7729,48,-122.284847016574,47.56077862774
7735,48,-122.280760714069,47.5607664251695
8586,48,-122.288941026171,47.562894888822
9183,48,-122.281297545078,47.560772698121205
9232,48,-122.28134233226068,47.56410169916544
9324,48,-122.2838824808262,47.56788201559728
9860,48,-122.287508164399,47.5662241435455
9926,48,-122.282760599496,47.5662390950329
10015,48,-122.281733327687,47.56223397273831
10243,48,-122.288170468911,47.5628489311884
11805,48,-122.282697892566,47.5618363739772
11858,48,-122.28589775598869,47.574814311589705
12165,48,-122.27313120375932,47.56794530633487
12585,48,-122.288485550647,47.5628519975613
13102,48,-122.289125970211,47.565534410293566
13664,48,-122.287017523887,47.5662043094626
13841,48,-122.28716006588968,47.57116407684203
14076,48,-122.28017405296332,47.566394863145895
14341,48,-122.283904191255,47.5679234178545
14717,48,-122.286099169945,47.5628726797504
14998,48,-122.28484341871,47.5604989342171
15316,48,-122.28619728740098,47.567933400853
15325,48,-122.28327740318936,47.5640866412439
15764,48,-122.274450879052,47.56533979942261
16325,48,-122.2860124354684,47.57240512215314
16442,48,-122.274440433889,47.564162948426
16443,48,-122.27399357614934,47.5641570068069
17115,48,-122.275717696108,47.565728151319
17684,48,-122.288311898353,47.5623282077106
17721,48,-122.283517112437,47.575059525316
17722,48,-122.28350232889431,47.5750657274383
17884,48,-122.28430400053244,47.571223203808266
21072,48,-122.281830807888,47.5672655219669
21557,48,-122.28722477988,47.5645065512809
21579,48,-122.28247328112032,47.5727087868087
21835,48,-122.27571705852466,47.5659958671808
21965,48,-122.28752119066934,47.56402025806773
22212,48,-122.281838801881,47.5704036249887
22272,48,-122.282787284805,47.5682513417623
22360,48,-122.27570729825202,47.5665245549641
22455,48,-122.284955952145,47.5712836458304
23477,48,-122.27946744012468,47.56804187952287
23520,48,-122.27445277594568,47.5660304794842
24161,48,-122.28618515357536,47.56753186380203
24542,48,-122.281853093292,47.5679162666643
25172,48,-122.28276306692732,47.56918524901624
25899,48,-122.279443979982,47.5664014880673
26327,48,-122.28383955186,47.5640797472941
26445,48,-122.283897914332,47.566943169315
26504,48,-122.283887277966,47.5698498653335
27477,48,-122.27320133649532,47.56464169805267
27565,48,-122.284461764402,47.564075083060935
27999,48,-122.273200670552,47.565345017531
28064,48,-122.272625208479,47.56534156231393
29034,48,-122.280277703794,47.5688931733004
29086,48,-122.28222356701656,47.57110317631315
29529,48,-122.284821940492,47.5600557788241
29619,48,-122.28885122796866,47.5641517654347
29714,48,-122.284372679526,47.5606482649789
29925,48,-122.290477978085,47.56982063972029
30163,48,-122.273202529043,47.56602944661663
30924,48,-122.27440486035,47.56400408263
31032,48,-122.287574001223,47.5680206162779
31165,48,-122.283811707236,47.5657954613342
31217,48,-122.274478133382,47.56650244013159
31447,48,-122.291072525841,47.5693189212978
31855,48,-122.28079269994198,47.57048543430563
31867,48,-122.277080922326,47.56533233534537
32005,48,-122.289325859864,47.5696844913093
32466,48,-122.29223956632,47.5704814379194
32536,48,-122.281447552821,47.5606879889758
32646,48,-122.27581264063552,47.56805670636256
32802,48,-122.285016067751,47.5605653559259
33412,48,-122.283864555285,47.5652797448003
33456,48,-122.291027282426,47.569671503464
33526,48,-122.275808658728,47.5680434787129
34225,48,-122.281829411421,47.56719516334863
34479,48,-122.285608559442,47.564033902386
34653,48,-122.282788746246,47.570625148358
35202,48,-122.282772787195,47.565803377549
35240,48,-122.285655149016,47.5751731798348
35901,48,-122.287467584113,47.5696943202954
36260,48,-122.288123070845,47.562879749408
36717,48,-122.276746477297,47.5698847532051
36783,48,-122.290528881801,47.5697755418447
36867,48,-122.282204571501,47.5710961490248
37663,48,-122.283980769859,47.5737206048992
108,49,-122.344729113673,47.6642506940134
142,49,-122.355331138894,47.6670175060473
163,49,-122.32344583135098,47.657055041733
411,49,-122.35529015972,47.6704213754055
778,49,-122.355351871356,47.66435492429181
794,49,-122.35734565378634,47.6670839164405
1018,49,-122.35448835840198,47.6721535171827
1019,49,-122.354531037666,47.6718000208276
1556,49,-122.349952839238,47.6635095824679
1557,49,-122.349888138041,47.6732003955557
1631,49,-122.349953902479,47.6635437399376
2062,49,-122.344691611049,47.6649501759064
2110,49,-122.355396064698,47.6650520471901
2119,49,-122.355345735559,47.6650447711125
2275,49,-122.35383629493832,47.66497642313277
2282,49,-122.355335103215,47.667683271681
2296,49,-122.354928808916,47.6731257100192
2383,49,-122.351544079106,47.6635466076304
2507,49,-122.355483060434,47.6635540600596
2911,49,-122.340213395903,47.66496000598429
2929,49,-122.355326234331,47.6697387213624
2930,49,-122.35490840186868,47.6697655119321
2988,49,-122.355336393372,47.6657933386728
3526,49,-122.346958158772,47.6649619176052
4313,49,-122.352654726913,47.6649750950836
5066,49,-122.346168074728,47.6635350433703
5113,49,-122.348871261239,47.66496801005237
5325,49,-122.34996510605733,47.662614226964
5369,49,-122.352658532969,47.66354645813059
5451,49,-122.355334599181,47.668730376832094
5897,49,-122.348469369557,47.6649592243765
5898,49,-122.348474693011,47.6651249485009
6635,49,-122.35717009247831,47.6661132122535
6989,49,-122.34807213791198,47.673194004682834
7301,49,-122.349926579953,47.6643556246601
7430,49,-122.32719009066034,47.66172627986327
7630,49,-122.352090621473,47.664978746695
7671,49,-122.35637797487,47.6667871647295
7754,49,-122.3499422150216,47.66464958765224
8014,49,-122.347065198361,47.669047403842
8108,49,-122.35448190394732,47.6724127836707
8666,49,-122.328201981845,47.66504345300191
8826,49,-122.352648308803,47.6643509560231
8937,49,-122.349897660245,47.6724063222345
9189,49,-122.35533597563,47.6663473561346
9744,49,-122.352149260772,47.6651269409458
9745,49,-122.352130828458,47.6650959912288
10082,49,-122.35786133404169,47.66749616684813
10240,49,-122.35396817456336,47.6717889794139
10295,49,-122.34989996938002,47.6717765176436
10329,49,-122.35638258227202,47.666464378151865
10451,49,-122.356399722628,47.6657490542598
10715,49,-122.355301540707,47.6724596563319
11427,49,-122.35869400246634,47.666156100221095
11657,49,-122.355497201385,47.66280536442931
12013,49,-122.348505360106,47.66434972891701
12084,49,-122.344722709488,47.663533023335
12307,49,-122.35385555581,47.6643498649
12468,49,-122.355271042525,47.6718007674796
12655,49,-122.35732861766331,47.668515749288666
12808,49,-122.35494254383764,47.67248262445787
13002,49,-122.34774612972568,47.67176345809083
13159,49,-122.344684310461,47.66390967907864
13227,49,-122.352660220673,47.6635806701964
13244,49,-122.35812053227632,47.665086091840266
13265,49,-122.34747940253231,47.67239963099826
13624,49,-122.351536362959,47.662831317674296
13770,49,-122.355295211932,47.67323790435111
13962,49,-122.341757620458,47.6642503381654
13968,49,-122.35790341730667,47.6628103515566
14136,49,-122.355331449462,47.6679673605143
14186,49,-122.329133571517,47.665042186588
14374,49,-122.357315140417,47.666815043013706
14433,49,-122.346133626728,47.6642470265211
14434,49,-122.34612163219768,47.66464653409744
14666,49,-122.3573503351782,47.667471391193246
14818,49,-122.343102864393,47.663537639923
14879,49,-122.35943384947798,47.67231253582543
15173,49,-122.348052225127,47.66354376363341
15408,49,-122.35054109648767,47.66497372153314
15458,49,-122.355401379128,47.6643552399647
15502,49,-122.35388949555166,47.66408111629874
16181,49,-122.327136102328,47.6650382685626
17029,49,-122.35152042317968,47.66408648989746
17038,49,-122.34795038614432,47.66283056547426
17093,49,-122.354956319454,47.6732132606134
17138,49,-122.3571252988926,47.66904720545949
17139,49,-122.357154027389,47.6687285284148
17228,49,-122.352818048109,47.66322694579864
17387,49,-122.351531838237,47.6643490728809
17571,49,-122.35637191110398,47.6676969306499
17685,49,-122.34775764109068,47.66433724312643
17707,49,-122.34989779367568,47.6735904970186
17918,49,-122.355287405547,47.6739224570415
18135,49,-122.352088993847,47.6643482991317
18242,49,-122.357531983344,47.66355070359104
18387,49,-122.35152394756066,47.6646640521485
18845,49,-122.355446820073,47.6628058100953
18895,49,-122.357079287577,47.66545136812973
18941,49,-122.353451872912,47.6635501113689
19039,49,-122.3571289824726,47.66941685405166
19297,49,-122.351506524598,47.6717835573331
19400,49,-122.35449394509936,47.66285216987439
19437,49,-122.34689219734798,47.66433532960593
19604,49,-122.35453795254666,47.66534251124437
19619,49,-122.340481724508,47.6644147070922
19817,49,-122.344694534298,47.66318626329024
20366,49,-122.35707528568666,47.664659320099226
21003,49,-122.335279160944,47.665069403285
21050,49,-122.35389194250868,47.66466056596494
21232,49,-122.354979169156,47.6650205802064
21338,49,-122.360175214919,47.6643386314975
21355,49,-122.357336572946,47.6679873493185
21394,49,-122.356052465551,47.67028012011497
22111,49,-122.34615888817434,47.6632264668742
22207,49,-122.348517584316,47.66394539616059
22306,49,-122.35204131189732,47.66283423368886
22318,49,-122.35668475306068,47.66908185321796
22667,49,-122.35399725050333,47.67241586468183
22816,49,-122.35693668354736,47.6699635535924
22997,49,-122.32902106159533,47.66175805458894
23066,49,-122.33510204646336,47.66464897581991
23327,49,-122.359209728261,47.6697603485236
23735,49,-122.353433175885,47.67178694398086
23786,49,-122.35812233694234,47.665756404634266
23848,49,-122.354579749156,47.664354124352
24126,49,-122.328236240277,47.66175469991053
24226,49,-122.346122537107,47.663941268198734
24234,49,-122.357076054199,47.6650842961054
24333,49,-122.35494923073368,47.66636029559323
25498,49,-122.347834095517,47.6635022931734
25756,49,-122.359453196688,47.6675970326471
25970,49,-122.340013614184,47.6642095088967
26648,49,-122.351996028948,47.66438357901763
28233,49,-122.34263919177432,47.663535337515135
28686,49,-122.341674881246,47.664247097056
29087,49,-122.34107839119632,47.66496813049786
30987,49,-122.323605980969,47.6571496313807
31567,49,-122.352094388442,47.664989895334
32676,49,-122.32298751205,47.6550513967255
33177,49,-122.354544099005,47.6722426316193
33873,49,-122.354923550708,47.6676839959773
35367,49,-122.353446871963,47.663513371542365
35582,49,-122.35446109393432,47.66438786919787
37332,49,-122.351469259684,47.6716569301745
104,50,-122.324136352782,47.74355183835627
134,50,-122.3504734773864,47.7322674028188
615,50,-122.337287046426,47.7414852407083
812,50,-122.34422479775318,47.75336127419187
838,50,-122.326499780095,47.7428191119845
959,50,-122.332236907491,47.74035230982724
1080,50,-122.32747783853772,47.741305915575005
1081,50,-122.327478624691,47.74127566605159
1122,50,-122.339920063013,47.7469355603121
1501,50,-122.346247891435,47.7606822408458
1611,50,-122.346987582296,47.750813277097365
2015,50,-122.347686012542,47.731091549147
2697,50,-122.344264180801,47.7469433992969
2756,50,-122.34572409266,47.7521686749196
2857,50,-122.3359317838348,47.73773731908304
2858,50,-122.335503106364,47.7377452596308
3490,50,-122.34453315041488,47.741504484975856
3646,50,-122.34792758023,47.7311124876263
4010,50,-122.35171372447869,47.7305071195896
4014,50,-122.344270462339,47.7491947850042
4262,50,-122.33838830473434,47.73925482492663
4323,50,-122.35185146938534,47.73371451799107
4775,50,-122.339925731713,47.7450201791112
4828,50,-122.347674716041,47.7343698985898
4829,50,-122.347672231078,47.7341774920429
4904,50,-122.34643081705356,47.73419693890704
4916,50,-122.344251133592,47.7504541955034
4943,50,-122.345754579824,47.7530297832045
5075,50,-122.3453768456804,47.75357002888456
5090,50,-122.34542376783028,47.75256310553565
5386,50,-122.347686187068,47.73059439783551
5542,50,-122.3458514603486,47.7554290061734
6238,50,-122.33843203672798,47.74145664395579
6240,50,-122.344212228245,47.7535373071677
6604,50,-122.345529893041,47.7429170422735
6896,50,-122.3454886389855,47.742021399436254
6950,50,-122.347624159295,47.732919155825
7102,50,-122.346214917959,47.76142883115565
7400,50,-122.344467501585,47.74500302892673
7470,50,-122.347681484816,47.7322624940415
7494,50,-122.3414089456654,47.7450178345104
7691,50,-122.344253097469,47.7511596755975
8018,50,-122.34702804214233,47.75045896680607
8061,50,-122.33173699075434,47.74187437408454
8149,50,-122.34449479313868,47.741512736985165
8195,50,-122.3264281508192,47.74131047722136
8304,50,-122.334400714815,47.74055376788469
8746,50,-122.33705315023,47.7410293684484
8757,50,-122.343795431606,47.7414836542352
8911,50,-122.3331637458944,47.74135867562431
9122,50,-122.337363473547,47.7450536625688
9584,50,-122.347658320714,47.7332198602889
9907,50,-122.341964747255,47.7414795326513
9945,50,-122.34483237301832,47.75044868303254
10042,50,-122.333632140031,47.7469696715404
10145,50,-122.343055309644,47.74149109900899
10247,50,-122.338404141493,47.7414880460942
10677,50,-122.345435558091,47.7397579658508
11136,50,-122.32656159143232,47.74357567462523
11649,50,-122.344638244853,47.7450131973146
11726,50,-122.346186667065,47.7645293568548
11727,50,-122.346197643583,47.7645380083781
11734,50,-122.34766599309,47.7335625909599
11862,50,-122.32660809261,47.7455039913263
11890,50,-122.33551384105664,47.73732818732797
11974,50,-122.35179830993802,47.7315249915496
12042,50,-122.33437210367028,47.74055965853668
12081,50,-122.33272488681132,47.7436452005984
12140,50,-122.33447072937868,47.74383239020577
12945,50,-122.334637076648,47.740764137256
12986,50,-122.338561149227,47.7446525006203
13370,50,-122.345064183471,47.7398289149311
13752,50,-122.343050536906,47.7413346767472
13908,50,-122.345154173304,47.7430370332938
14155,50,-122.35181476108,47.7322540029413
14287,50,-122.354522382372,47.73160491645054
14367,50,-122.333924988356,47.7486297984692
14438,50,-122.3426174691728,47.74501116530794
14701,50,-122.33325405657666,47.74204775411123
14891,50,-122.348155886069,47.7504734950071
15008,50,-122.34074379988634,47.750484069832936
15021,50,-122.32656400217633,47.7444888968252
15034,50,-122.347655975721,47.7329857909048
15180,50,-122.3439810359964,47.74501020752746
15230,50,-122.337245996678,47.7410447599783
15543,50,-122.33594025444582,47.7414909827259
15592,50,-122.350475549958,47.7322319751494
15777,50,-122.346637689492,47.7381333967557
15881,50,-122.328498708944,47.7445054553213
16404,50,-122.337155308148,47.7377384992297
16586,50,-122.339838835947,47.74200997167844
16803,50,-122.349630154109,47.7504574665304
17187,50,-122.34701700548,47.7522801966945
17366,50,-122.324536392069,47.74274616647474
17393,50,-122.353703392998,47.7309083421622
17564,50,-122.33271556602834,47.73954172754483
17975,50,-122.348178186001,47.752283549669
18146,50,-122.324235686805,47.7454662503228
18268,50,-122.35300724944598,47.732262098065895
18297,50,-122.351783677012,47.7309167879661
18367,50,-122.337650384281,47.7377399888755
18900,50,-122.337142568683,47.7374694440278
19179,50,-122.342907549711,47.7504727316094
19204,50,-122.349473704342,47.73226422530311
19342,50,-122.324079269796,47.7417697363375
19373,50,-122.34815149174231,47.750118569826434
19861,50,-122.35306284856831,47.73272414382157
19934,50,-122.335997591624,47.7378634039145
20625,50,-122.352770126048,47.73154555844123
20744,50,-122.32833998157832,47.74551363802957
20763,50,-122.326477075483,47.7417960489946
21298,50,-122.342527091857,47.74184425275457
21430,50,-122.3398765267736,47.74329876212132
21602,50,-122.33542874802932,47.73998622435369
22185,50,-122.3424940998908,47.75048009835892
22261,50,-122.343888217618,47.7421623594993
22302,50,-122.32423519710969,47.74447118761646
22831,50,-122.345829579414,47.7533531943288
23417,50,-122.3343566364115,47.73960414216469
23721,50,-122.34196068881,47.7413361078759
24638,50,-122.34132039943434,47.74183915519774
24733,50,-122.32908247387866,47.7428711975139
25231,50,-122.334349368658,47.7392435740575
26333,50,-122.3444230419646,47.7545726436453
26465,50,-122.334464671167,47.74381354426611
26547,50,-122.324553099103,47.7463000667259
26997,50,-122.32815213165566,47.7418140010273
27158,50,-122.326565987265,47.7428195467582
27404,50,-122.344547500123,47.7492593883945
27537,50,-122.344148871339,47.7544433643898
27879,50,-122.346595974817,47.7378530157762
28851,50,-122.346106110664,47.7575587817173
28991,50,-122.344203239799,47.753755736601
29427,50,-122.34057255064532,47.743299057388604
29758,50,-122.34249546563336,47.751100681492765
30084,50,-122.335504725604,47.7378639635945
30450,50,-122.343889974565,47.7422308858032
30519,50,-122.334371804685,47.741588868102006
30530,50,-122.34267868572968,47.74913071611917
30591,50,-122.33443804933628,47.742764733257616
31341,50,-122.34642943062,47.7342120686239
31624,50,-122.34411437830369,47.75447816522671
31987,50,-122.346175552907,47.7645381936003
32531,50,-122.334139981136,47.7340266981537
32821,50,-122.345571575083,47.7428353999605
32903,50,-122.345688317124,47.7609405807329
33131,50,-122.349654710298,47.7323964795305
33176,50,-122.346298644294,47.7606821120603
33262,50,-122.345692228307,47.7608295014648
33275,50,-122.34610708395,47.7645387694923
33639,50,-122.334520911559,47.7468017704608
33746,50,-122.34365673426066,47.749189122138496
33874,50,-122.334329595621,47.738589469268
35028,50,-122.344436584899,47.755968568299
35087,50,-122.344537151013,47.7511057964966
35122,50,-122.345401366703,47.7525420701664
35703,50,-122.345482120177,47.7387907190945
36222,50,-122.344377066585,47.7559687285463
36428,50,-122.344573205225,47.7469596913775
36677,50,-122.344862679507,47.7450539687704
36773,50,-122.349768961282,47.7085890002118
36918,50,-122.349788086644,47.7085888566011
37463,50,-122.347595141316,47.7305154287488
37570,50,-122.335800713153,47.7413121196479
39,51,-122.311088752356,47.6902818644827
987,51,-122.30633983186031,47.69481074276367
988,51,-122.306883067069,47.6948172581586
1117,51,-122.31228074979,47.691303378408
1576,51,-122.31226699511669,47.68799776887107
1577,51,-122.31227551615,47.688443255961694
1642,51,-122.31704735385,47.69494552687416
1979,51,-122.306845867255,47.6939007493499
2978,51,-122.312193292878,47.6958503747947
3626,51,-122.30604146576862,47.69207019817672
4504,51,-122.306312895866,47.69391888973039
4760,51,-122.312219603934,47.691320305675
4761,51,-122.312089346031,47.6913076662414
5598,51,-122.312223706381,47.6948370897714
6200,51,-122.312308222556,47.6905581907622
6411,51,-122.312197945449,47.698476023650606
6621,51,-122.307440735263,47.6909697805231
6743,51,-122.31494410559,47.6949329561025
7331,51,-122.30687319385332,47.694351564051
7860,51,-122.312250002492,47.6931201635959
8792,51,-122.313238605411,47.6912784707895
9021,51,-122.309387473405,47.696652323179
9070,51,-122.306885485671,47.69180524192209
9071,51,-122.306888655068,47.6913518642087
9252,51,-122.311102009921,47.6910249616991
9465,51,-122.30687917311,47.69308625159599
9466,51,-122.30528724614533,47.693493423577
9775,51,-122.306751679626,47.6907378546158
9950,51,-122.312180509901,47.69757675177621
10059,51,-122.312315650029,47.69027823447059
10416,51,-122.31493499647831,47.6926295938676
11016,51,-122.306943171425,47.69073757710729
11473,51,-122.312137630805,47.69757675533
12404,51,-122.306442302136,47.6916982356268
13154,51,-122.312220756238,47.6940199240791
13773,51,-122.312183867067,47.696665254557
14508,51,-122.314963001882,47.6931121656963
14512,51,-122.30401060575,47.6939349988529
15165,51,-122.312264535973,47.6920976943608
15621,51,-122.31216131140802,47.69311865915919
16204,51,-122.30692731486332,47.69062322092636
16658,51,-122.309982611666,47.690266705113
16659,51,-122.31001788405234,47.68990151397867
16919,51,-122.31647483069963,47.69220734288797
17252,51,-122.309433828547,47.6948248005803
17295,51,-122.312143930907,47.69484162969659
17424,51,-122.31002646229868,47.69581544753746
17625,51,-122.30755367562466,47.69306374618643
17646,51,-122.30685995810164,47.6975276426152
18119,51,-122.31489958570567,47.69536327434083
18148,51,-122.30944639903866,47.694524112150994
18337,51,-122.306867402811,47.696225014806735
18477,51,-122.30632220116968,47.69305734022793
18853,51,-122.31651757268332,47.6931197009033
20709,51,-122.30945171004132,47.69247634324987
21146,51,-122.312183964237,47.6921122629005
21344,51,-122.310534293057,47.6984670406548
21691,51,-122.314915592006,47.6943298444917
21907,51,-122.31491921799,47.6937790774514
22008,51,-122.312864177544,47.6887501232588
22501,51,-122.30686164199966,47.69527303379626
22949,51,-122.30739738308334,47.692099496659104
22962,51,-122.309430401619,47.6930754902568
23242,51,-122.310030949407,47.690978218580106
24643,51,-122.30944750826768,47.69350144477753
24723,51,-122.30696251007232,47.69580460099587
24876,51,-122.309391996324,47.69623961526483
25235,51,-122.30686711576702,47.6966276099196
25537,51,-122.311079883086,47.6889213480184
25570,51,-122.306171532606,47.6938808937755
28889,51,-122.306203352093,47.6915518272854
30150,51,-122.313416092148,47.6904021101041
31439,51,-122.306535667822,47.6921742860144
37036,51,-122.306928165016,47.6915117715043
330,52,-122.30655465039,47.6693941319924
596,52,-122.306573265973,47.666435789376
711,52,-122.300745913905,47.6632377014083
1748,52,-122.3055285975678,47.66866884214696
2080,52,-122.306567278272,47.6648049062287
2466,52,-122.310217100496,47.6684731549206
2777,52,-122.30770015906536,47.66807025867944
2830,52,-122.303470785129,47.667025179649805
2879,52,-122.303783508067,47.6682921363338
2918,52,-122.315797188418,47.6638357810196
3575,52,-122.300493710534,47.6656474964847
3666,52,-122.3055157873868,47.663142266920815
4106,52,-122.301970026226,47.6658948990353
4749,52,-122.300802130251,47.662951821889
4754,52,-122.311362218494,47.666460859893
5111,52,-122.305552740275,47.6680278364955
5441,52,-122.3065609694472,47.66795235340376
5528,52,-122.303019337712,47.66500409616287
5548,52,-122.30195402618368,47.66677178016283
5886,52,-122.316236788476,47.666393662217
6471,52,-122.30655103763,47.6706925309984
6740,52,-122.302416641089,47.66197326256261
7106,52,-122.300683083795,47.6648388547733
7178,52,-122.30551250678802,47.66341101354251
8106,52,-122.305591118191,47.6664262050335
8123,52,-122.303892757702,47.6695596072191
8184,52,-122.317311136419,47.6671678503666
8243,52,-122.314627914578,47.66648635162719
8426,52,-122.31464680626831,47.67081928076807
8444,52,-122.30089836069,47.6652539602723
8488,52,-122.30427518170102,47.6664878229676
8567,52,-122.3088214893925,47.6631112967151
8662,52,-122.303729391371,47.6682786044679
8772,52,-122.300643820516,47.66521055172419
8833,52,-122.307747414054,47.66639248248921
8880,52,-122.317297763125,47.66884511550723
8924,52,-122.311362199986,47.6664015634125
9736,52,-122.300748929396,47.6643092068499
10323,52,-122.30775655906268,47.66516877537436
10458,52,-122.302205849499,47.6611565301209
10629,52,-122.30080051963098,47.6626087945809
11277,52,-122.30349864476,47.6657018280591
11291,52,-122.304292153703,47.6664462201358
11397,52,-122.302224812035,47.6657706933527
11761,52,-122.304280648244,47.6695597997628
11791,52,-122.319600630755,47.6685427877866
11815,52,-122.305392413074,47.6695176921093
11859,52,-122.310218737503,47.6648875387333
11868,52,-122.30074374456,47.6625604670453
11892,52,-122.3043722554244,47.66495365198099
11893,52,-122.303896454922,47.664949819297
11932,52,-122.31463979100933,47.668037416447
12079,52,-122.302185163885,47.6611565061857
12190,52,-122.317302365947,47.6663864621449
12266,52,-122.310211225106,47.6648357088622
12364,52,-122.30615493659866,47.6613134737434
12413,52,-122.30782343863189,47.662989241119774
12544,52,-122.31527958149734,47.6656326688464
12691,52,-122.305068120859,47.663122873686405
12706,52,-122.300465731535,47.6656635656866
12740,52,-122.315763442326,47.66643301509939
12743,52,-122.303314962875,47.6618038287324
12747,52,-122.302310661782,47.6656032838278
12872,52,-122.316230383125,47.6665153375747
12873,52,-122.31579099231,47.6664741511407
13044,52,-122.30658673345134,47.66157425776751
13057,52,-122.316265714986,47.6651988191731
13678,52,-122.314653642926,47.6664450039745
13685,52,-122.30395131240202,47.6637540786242
13780,52,-122.304476353646,47.6619507168354
13828,52,-122.30885064725,47.6689230645872
13898,52,-122.31527057704402,47.6664828043477
14104,52,-122.31139791618284,47.66431013350834
14770,52,-122.301063997624,47.6606974175654
14841,52,-122.317305033727,47.666355212430496
14842,52,-122.30435434188166,47.667525705444326
14969,52,-122.304451979293,47.6656217792497
14991,52,-122.30522331884237,47.6703775302205
15035,52,-122.312386628081,47.6684688725758
15168,52,-122.300540253598,47.6655904237528
15193,52,-122.300805118442,47.664325607651
15322,52,-122.310243910733,47.66380812652407
15674,52,-122.30051308513468,47.6675815640802
15723,52,-122.317494260669,47.6663818945332
15763,52,-122.3105429956185,47.6648320238171
15798,52,-122.30560948107798,47.6664680758723
15799,52,-122.304620074116,47.6617205823725
15891,52,-122.307766984124,47.6664338689432
15930,52,-122.31468565846563,47.665267169557104
16107,52,-122.315748859323,47.6662543923809
16221,52,-122.300805017483,47.6641167828903
16861,52,-122.308879544526,47.6684795125025
17224,52,-122.315735706223,47.67237499105719
17396,52,-122.306577552803,47.6627807340354
17889,52,-122.307483573097,47.6689316788252
17897,52,-122.303962829143,47.6627936146074
18370,52,-122.316154822853,47.6663906957314
18494,52,-122.316827537812,47.6685648202913
18656,52,-122.31580032148102,47.6638224387939
18722,52,-122.31641666800634,47.665257499343134
18816,52,-122.3102829390992,47.66265841181862
18819,52,-122.320621144987,47.6670802546002
18858,52,-122.31137470840366,47.66513222873266
18985,52,-122.317324293249,47.66559139545401
19054,52,-122.310251418878,47.664172061063
19081,52,-122.308623645648,47.669741819189
19144,52,-122.31581086599677,47.66455828806954
19155,52,-122.316265115785,47.665290548387
19232,52,-122.317327660816,47.66532001642457
19617,52,-122.305540122504,47.6676412669926
19649,52,-122.316814493177,47.6686885499435
19727,52,-122.310203941996,47.6663849832967
19773,52,-122.316261573485,47.6655479151928
19792,52,-122.315751385754,47.66798429546793
19833,52,-122.311318424609,47.6685072903168
19895,52,-122.305428260252,47.6698881072989
19991,52,-122.320573267663,47.6685413177179
19992,52,-122.320080150486,47.6685417337506
20151,52,-122.32079756292131,47.66855058473084
20363,52,-122.318449833408,47.66853658561271
20802,52,-122.31135944559426,47.66300393157446
21005,52,-122.32010717830566,47.66561763374244
21022,52,-122.318477128729,47.66528254126237
21187,52,-122.308857877771,47.6685204809902
21545,52,-122.30560528337033,47.6652421135139
21730,52,-122.30267478295866,47.66652595437974
21817,52,-122.300742744562,47.6648165990268
22166,52,-122.303316976136,47.6618215628139
22403,52,-122.315750706928,47.6685179344446
22545,52,-122.311333589817,47.6677645016404
22670,52,-122.31571828294,47.6687709817783
23315,52,-122.3208265754,47.6670826848462
23740,52,-122.30162139144902,47.6667824641116
24022,52,-122.300504991356,47.66639921728071
24218,52,-122.300801829426,47.6630948328422
24287,52,-122.300540327389,47.66637400814951
24479,52,-122.305397393035,47.6694800263623
24797,52,-122.30430309882466,47.66936672377267
24847,52,-122.31028529224234,47.66299897332647
24886,52,-122.310234619442,47.668512825883
24936,52,-122.3111639237304,47.66481855031656
25066,52,-122.311337851916,47.6684665753208
25124,52,-122.313602952616,47.6684751181013
25656,52,-122.30156489283634,47.6667880897283
25724,52,-122.31139152368851,47.66429012803566
26139,52,-122.31623197262668,47.67249893472073
26140,52,-122.315672768662,47.6723805361875
26195,52,-122.316806512669,47.6685232314883
26441,52,-122.316867320484,47.66567372206054
26703,52,-122.306559822711,47.66848997985219
26707,52,-122.319589388896,47.66561080874157
28059,52,-122.307825016273,47.662359909743
28127,52,-122.3088860528946,47.664518540621415
28256,52,-122.300448755909,47.6664008399536
28258,52,-122.301800129262,47.664373616269
28384,52,-122.314630179923,47.6684954078028
28823,52,-122.3053569355775,47.663465140226606
28824,52,-122.305336322458,47.6637850978691
28899,52,-122.315747366948,47.6648233959581
28920,52,-122.303875486597,47.66983495072327
29031,52,-122.31135814654,47.6674761034716
29474,52,-122.30889439621431,47.66517119392944
29579,52,-122.310234164446,47.6684328128434
29614,52,-122.30165386892,47.6630957443852
29691,52,-122.31477461711,47.67224411620666
30068,52,-122.311400500106,47.6629972999344
31105,52,-122.304372512089,47.6655248886454
31115,52,-122.314623243378,47.664994287181
31220,52,-122.301817532105,47.6643798759257
31221,52,-122.301817969554,47.6643935802082
31272,52,-122.30428404369802,47.6695179543631
31328,52,-122.315761405319,47.6637629378851
31504,52,-122.301568214205,47.6643393578606
32122,52,-122.312393564336,47.6684321182583
32473,52,-122.310213119465,47.6686140543307
32684,52,-122.315760336978,47.6638436623759
33411,52,-122.301808020844,47.6633091202264
33446,52,-122.303952800121,47.6686374641156
33560,52,-122.30471525884468,47.670000244166296
33928,52,-122.303298942143,47.6617245400816
34021,52,-122.313538252036,47.6684404429752
34097,52,-122.307122616736,47.6704951396235
34129,52,-122.31751741315,47.6656805102451
34217,52,-122.308830367385,47.6630557268005
34236,52,-122.303887622541,47.6628546669524
34287,52,-122.306628119114,47.6707072051848
34331,52,-122.30183712912,47.6643330083719
34440,52,-122.300801104424,47.6656182902775
35040,52,-122.30204046878,47.6619945173104
35216,52,-122.312037286663,47.6712837383648
35248,52,-122.31581722921663,47.663833060862125
35443,52,-122.303928823559,47.6637620888421
35452,52,-122.31575874394,47.6639639218213
36277,52,-122.311166299596,47.6648047332901
36450,52,-122.3077528406122,47.66419468025726
36793,52,-122.311415236277,47.6640442169195
37131,52,-122.310312180899,47.6615966704324
37210,52,-122.310519827308,47.6648017136942
37234,52,-122.317507993377,47.6665378936728
37364,52,-122.308967836422,47.6619305573446
37400,52,-122.310217145136,47.6641289631406
37413,52,-122.311374147695,47.6643043525727
37428,52,-122.307795891568,47.6629647105055
37480,52,-122.305372910713,47.664319118336
21,53,-122.27748094972652,47.6523337240977
726,53,-122.2828310133702,47.657039828014405
727,53,-122.282680297965,47.6580182863239
751,53,-122.276920966274,47.654037759675
770,53,-122.278557405772,47.6522108043483
833,53,-122.278521611998,47.652907154615
1212,53,-122.276686320022,47.6543798994294
1313,53,-122.283279852019,47.6583375484634
1325,53,-122.277646213258,47.6519757006427
1326,53,-122.27766292180723,47.651979303245774
1332,53,-122.279715487811,47.652296324123306
1333,53,-122.27915049896,47.6521806646257
1440,53,-122.277339517049,47.6497882575139
1981,53,-122.276951768916,47.65352653479115
1982,53,-122.276933803573,47.6535313840737
2027,53,-122.28267461348234,47.660844584370295
2294,53,-122.279976003273,47.6545460038442
2451,53,-122.280356602494,47.6536772464123
2545,53,-122.282598235178,47.6584944110524
2546,53,-122.28261811698168,47.658494809245575
2705,53,-122.277123570781,47.6491309416972
3226,53,-122.2828305692575,47.6558264526426
3227,53,-122.28148306245733,47.65445056477653
3256,53,-122.282651536642,47.66002562488439
3257,53,-122.2826688076335,47.66002662082017
3311,53,-122.27702419784,47.6531304295451
3598,53,-122.28268319765968,47.6595521733177
3687,53,-122.285661689705,47.6583528777788
3907,53,-122.28268403098537,47.6562517817317
4008,53,-122.280574289338,47.6536969179051
4305,53,-122.277557563639,47.6503597956964
4657,53,-122.282849273468,47.6570381011194
4713,53,-122.281483037759,47.6544373619325
4756,53,-122.279733609727,47.6522908504236
4856,53,-122.276542860409,47.6489889644244
5052,53,-122.276911049479,47.6545291912993
5327,53,-122.27728635806402,47.6515191904901
5530,53,-122.279608769582,47.652712566805945
5595,53,-122.2805580127695,47.6536893278535
5698,53,-122.279633644394,47.6528623403157
6319,53,-122.28282184311853,47.6560882050927
6475,53,-122.277483622618,47.6523472029858
6669,53,-122.27759851162098,47.6502464256824
7651,53,-122.28216129865564,47.65494120044184
7827,53,-122.282841564289,47.6560872606521
7967,53,-122.28267496609466,47.6587665064379
8151,53,-122.278300181136,47.6508595006941
8440,53,-122.276041960605,47.64985548711715
8441,53,-122.276314642497,47.6501111945157
8612,53,-122.276318022251,47.6490018998388
8741,53,-122.282557829682,47.65538979769826
8934,53,-122.279520992831,47.6522283236163
9097,53,-122.27939712332402,47.6541242932195
9226,53,-122.28268606838569,47.65716756193404
9474,53,-122.282849869366,47.655827502844
10036,53,-122.28266927856832,47.66025326595737
10361,53,-122.276901312312,47.6548087016429
10399,53,-122.278245248908,47.6515599072675
11669,53,-122.28144054612932,47.65454699887593
11845,53,-122.280140849563,47.6525784299138
11867,53,-122.277208588251,47.6491154048024
12265,53,-122.277139213027,47.6512309118494
12786,53,-122.27783271718,47.6519788551856
16967,53,-122.277413135114,47.652276395447
29531,53,-122.27908011618231,47.653829304042
35996,53,-122.283418119404,47.6585135854105
38,54,-122.308029646369,47.586353888831205
250,54,-122.316650135756,47.5789797530017
255,54,-122.301663050633,47.5731242568609
258,54,-122.30568827812333,47.5727826882986
437,54,-122.312123212298,47.5768193417486
598,54,-122.317642260664,47.5769234486449
974,54,-122.310852582253,47.580918666605406
1107,54,-122.302787840235,47.5862913956193
1301,54,-122.309509824242,47.5731297439593
1632,54,-122.313858850252,47.587728820045605
1806,54,-122.317428663928,47.5760831277475
1931,54,-122.314629596769,47.5809662829149
2174,54,-122.310758854129,47.5788128958901
2624,54,-122.305419780395,47.5841152370149
2866,54,-122.314775652297,47.5740277262054
2903,54,-122.314584102928,47.5785783838108
3011,54,-122.30180296018598,47.56826982601209
3179,54,-122.309377959016,47.5863631713465
3220,54,-122.30936136732198,47.58632117979331
3231,54,-122.310316576697,47.5771071764035
3757,54,-122.302798012644,47.586334022779
3758,54,-122.302738719347,47.58660090128233
3837,54,-122.29250343660134,47.5876853870069
3935,54,-122.31196649570704,47.5731356031528
3981,54,-122.308078242885,47.5859439809198
4009,54,-122.314599132326,47.5768279370893
4069,54,-122.310810362402,47.5776445776801
4083,54,-122.31385125425768,47.58965975038283
4125,54,-122.314447055187,47.5863035119384
4402,54,-122.316101507465,47.5794469727186
4417,54,-122.30734578277,47.57313339747841
4418,54,-122.30801131084802,47.57313477358431
4451,54,-122.3108222669794,47.5802206083425
4488,54,-122.297987225923,47.5863274610163
4500,54,-122.314666764815,47.5750840466524
4811,54,-122.299073976582,47.5863177191975
4891,54,-122.31080181736,47.5798532990078
4918,54,-122.3113722806132,47.57506254348279
5127,54,-122.292921033648,47.585111795231
5221,54,-122.304892073165,47.5731309235283
5272,54,-122.30547950326,47.58402051688098
5295,54,-122.31538218362202,47.5837376187851
5443,54,-122.314647089285,47.57954411803061
5519,54,-122.309416007569,47.5753976452009
5550,54,-122.312513433814,47.5731404868882
5587,54,-122.30139648799302,47.5682533943128
5716,54,-122.313480369591,47.5794413603854
5717,54,-122.31289553278869,47.579436512734674
5806,54,-122.310877174455,47.5797188233949
5850,54,-122.313461675714,47.57682175804829
5884,54,-122.310719408495,47.5837501944695
6017,54,-122.306943409507,47.5829156360445
6143,54,-122.292916716066,47.5810709688401
6372,54,-122.317435541163,47.57540265587297
6477,54,-122.304399504862,47.5750393738421
6541,54,-122.300178997169,47.5682263140447
6623,54,-122.294088774211,47.5851005947234
6660,54,-122.30490754062262,47.58630893554456
6672,54,-122.314059037893,47.5729530027729
6803,54,-122.314097107135,47.572834680556
6846,54,-122.310277241572,47.5770620835385
6861,54,-122.31034197093766,47.5795600582861
6873,54,-122.298029268246,47.5859509657361
6892,54,-122.310403362152,47.5777470045018
7078,54,-122.312240925338,47.5802399192685
7079,54,-122.312183226785,47.5802092500997
7269,54,-122.299093560568,47.5862762738947
7579,54,-122.31017875312,47.57504713732019
7580,54,-122.309644932443,47.5750444447665
7684,54,-122.307949067091,47.5750449852922
7685,54,-122.30736274115002,47.575040739225
7739,54,-122.301855765367,47.5682101150339
7929,54,-122.297975649245,47.5862852051876
8036,54,-122.312108051006,47.5785666464567
8131,54,-122.305470342494,47.5829104113077
8187,54,-122.30625379986002,47.5731325382765
8410,54,-122.313488774734,47.5837339775183
8484,54,-122.310794015725,47.5795671680628
8619,54,-122.312454387806,47.5750683053538
8810,54,-122.313458152708,47.58632609338681
8827,54,-122.313442488009,47.57686322011259
8834,54,-122.30546891636898,47.5795393580762
8950,54,-122.311303645187,47.5781867116822
9001,54,-122.309068892879,47.57312999280979
9016,54,-122.316063512612,47.57605546589431
9073,54,-122.311435608901,47.5731343734393
9231,54,-122.29862709037302,47.5682021502792
9258,54,-122.294980258191,47.5862750800626
9385,54,-122.314018026227,47.5785785800798
9443,54,-122.30715647098766,47.57434556956153
9488,54,-122.31460952984,47.5837623363773
9591,54,-122.30905919191498,47.5750450120587
9592,54,-122.308565105911,47.5750453194698
9696,54,-122.309420995264,47.5829297416536
10060,54,-122.30827275258734,47.57231252151424
10152,54,-122.314613769599,47.5829504712459
10408,54,-122.312135678211,47.5863260022922
10708,54,-122.31032986280998,47.57313396759239
10942,54,-122.29677034769502,47.5862861576048
10943,54,-122.296321933981,47.5862871937685
10947,54,-122.313489329316,47.571686474169
10948,54,-122.31295006622734,47.5716804048877
11116,54,-122.31273509295,47.5785688144316
11279,54,-122.31742261137566,47.57712010940393
11352,54,-122.31351166392432,47.58030600704723
11671,54,-122.312109019027,47.57905273791581
11897,54,-122.308087795319,47.582921191658805
12227,54,-122.310758412708,47.5785661301474
12228,54,-122.310744011614,47.57834431572684
12454,54,-122.29409604886,47.5862422225037
12455,54,-122.29355416553068,47.5862692429324
12796,54,-122.308016435828,47.5863114686669
12915,54,-122.321276366778,47.58099403739461
13046,54,-122.30440525605302,47.57435809802154
13056,54,-122.30284493940268,47.58540529778827
13280,54,-122.30770575284134,47.57954876326426
13318,54,-122.29800837676534,47.58745090593353
13522,54,-122.310836115467,47.5768159351965
13970,54,-122.2990973544,47.5865831720366
14000,54,-122.313438440555,47.58636776506281
14077,54,-122.31537189739,47.5809622168764
14238,54,-122.305459016566,47.5863043385777
14278,54,-122.30689630034,47.5863411088771
14394,54,-122.299071202475,47.5858444933767
14430,54,-122.31669058413,47.57945198528531
14520,54,-122.294977085619,47.5863912262765
14571,54,-122.313466127594,47.5793203296494
14622,54,-122.314059386594,47.5837331029939
14929,54,-122.306145649413,47.58093336117387
15474,54,-122.316050437612,47.5785851522222
15562,54,-122.316653897362,47.5785994635829
15892,54,-122.31213455969632,47.57540385919043
16031,54,-122.316106325838,47.5806831289968
16086,54,-122.321270862139,47.5819535500794
16147,54,-122.307946025715,47.5750879649647
16200,54,-122.308121168575,47.5817928045446
16353,54,-122.306777098441,47.57916161485533
16393,54,-122.31606353264232,47.5773104942976
16481,54,-122.317749979068,47.5769237979754
16735,54,-122.30988208011802,47.57955134834051
16769,54,-122.313449541922,47.5753611202114
16831,54,-122.31535645733834,47.57945093419894
16847,54,-122.310082049423,47.5847956566899
17055,54,-122.308076764018,47.58601433287473
17178,54,-122.30879287844932,47.580578177038895
17239,54,-122.3134509177994,47.57301081731022
17253,54,-122.306917661512,47.586299954424
17499,54,-122.306382753193,47.5750473348555
17692,54,-122.312526647785,47.5715481307042
17803,54,-122.310710064237,47.5844680251578
17874,54,-122.310830618243,47.5751271079482
17896,54,-122.313444052212,47.5785743827495
17902,54,-122.30828297155034,47.5742387014605
18058,54,-122.31081367796736,47.57718760949183
18195,54,-122.306933467481,47.58329786909017
18353,54,-122.313449430816,47.58449407418224
18728,54,-122.311456293467,47.58097150275106
18729,54,-122.310790366261,47.5809301659197
18740,54,-122.296346222348,47.5850006238097
18883,54,-122.304825077137,47.5829168052883
18897,54,-122.30663393864434,47.58061490533746
18898,54,-122.306635342954,47.5802233429954
19341,54,-122.313417944866,47.5789108661957
19361,54,-122.31406220439132,47.57251079926864
19362,54,-122.3098536905306,47.580238876148464
19363,54,-122.309842645834,47.5805818824169
19471,54,-122.30942297602034,47.58898293503583
19520,54,-122.312633878793,47.587814819686095
19567,54,-122.29648922402266,47.58691002060309
19573,54,-122.30368890404502,47.58630080062179
19578,54,-122.31031553763069,47.5735014251942
19611,54,-122.311243687822,47.5785632218006
19646,54,-122.321274326644,47.5813084895885
20060,54,-122.314270020994,47.5809823540377
20279,54,-122.306895084245,47.5865784995321
20344,54,-122.295056661863,47.58327363464216
20395,54,-122.310809585512,47.57685719596359
20564,54,-122.31476250414168,47.57304368258536
21073,54,-122.31145523835868,47.572241860188136
21118,54,-122.311371962289,47.5749967876248
21128,54,-122.316047503032,47.5819678335722
21231,54,-122.321272715631,47.5822626664757
21386,54,-122.31345897417566,47.58405151850807
21852,54,-122.321282875514,47.5794241381052
21893,54,-122.310445935075,47.5795617007002
22430,54,-122.299022348177,47.58915872582577
22647,54,-122.316002355884,47.57604202128389
22648,54,-122.31536766666568,47.576038292446334
22799,54,-122.306776824646,47.5795402534106
22912,54,-122.30967246478669,47.57438716074339
23092,54,-122.307920704089,47.5750040745711
23322,54,-122.31666662279468,47.57728678019
23451,54,-122.30598945668233,47.58022561424463
23515,54,-122.308446810207,47.5802296630879
24286,54,-122.309418675532,47.5833339436167
25069,54,-122.31397857583032,47.57167274694806
25158,54,-122.309517152566,47.57308734972
25718,54,-122.312631644181,47.58728104670666
26108,54,-122.31263024327932,47.58811816935489
26176,54,-122.30162210210834,47.5743428542641
26207,54,-122.307743573015,47.5723125306986
26959,54,-122.307986321954,47.5751685862874
27025,54,-122.30943097700266,47.5813781922544
27178,54,-122.308338759603,47.58906503510073
27716,54,-122.31195633585531,47.57252389758403
27846,54,-122.313470765752,47.5836922591935
28114,54,-122.321306760739,47.5813086223601
28742,54,-122.311406630883,47.578898432075
29025,54,-122.31343766442932,47.5746824855064
29041,54,-122.306943727129,47.58122727809493
29883,54,-122.298873220722,47.5865772223297
30337,54,-122.297759982883,47.56911735370227
30396,54,-122.304912083095,47.5864037645611
30668,54,-122.301494103865,47.5647884158148
30706,54,-122.31210863257,47.5870065348941
30862,54,-122.309134405329,47.57185277029746
31095,54,-122.31349479662369,47.58138821673096
31132,54,-122.30006750251398,47.56549514821587
31283,54,-122.310356294087,47.5721767723035
31412,54,-122.311359774811,47.5790580506221
31671,54,-122.308107074756,47.5829627158984
31765,54,-122.311802709148,47.5790550601468
32223,54,-122.311636242231,47.5845090555311
32348,54,-122.30466354918734,47.57242359557674
32666,54,-122.2986219337,47.5691339520779
32722,54,-122.309528474836,47.57374631614917
32869,54,-122.313967068204,47.5793012546194
32991,54,-122.311424014202,47.5791217853169
33396,54,-122.29856656640868,47.56941000510773
33506,54,-122.309084277417,47.5725079688527
33567,54,-122.321599544255,47.5810773337361
33781,54,-122.307312354996,47.5730081010669
34276,54,-122.31352935885934,47.570185955343504
34430,54,-122.310705423539,47.5861429323006
34439,54,-122.31404670444634,47.58188339173444
35398,54,-122.306244603693,47.5730898544199
35892,54,-122.321230337224,47.5813078993079
36048,54,-122.310873837997,47.5788243233617
36945,54,-122.303686702596,47.5862530822167
37323,54,-122.315594730412,47.5809297480139
305,55,-122.375456341389,47.6868362020954
709,55,-122.37552263601,47.6917423698562
973,55,-122.37403113854369,47.6858150855856
1868,55,-122.374026230677,47.6843747987343
1897,55,-122.376707215679,47.6942374905837
2069,55,-122.37688612037,47.6924840238534
2203,55,-122.376652456764,47.6876462052364
2204,55,-122.376652319583,47.6874743857968
2886,55,-122.375524483333,47.6925055341654
2889,55,-122.375553315299,47.69194350062261
2890,55,-122.37557547199168,47.691943103217504
3808,55,-122.374030629362,47.6868469215686
4134,55,-122.3766501995062,47.68616831011791
4240,55,-122.375523299402,47.68984046326201
4330,55,-122.37551597677502,47.68683388980529
4492,55,-122.375578443394,47.6916325524092
4515,55,-122.37896839748,47.6905526954093
5178,55,-122.375509630307,47.68500504865491
5338,55,-122.37268735794966,47.68652954600703
5377,55,-122.377842762346,47.6924011046554
5488,55,-122.37665227911002,47.68680965045579
5940,55,-122.376921009841,47.69425307079905
6595,55,-122.37896285579,47.6924411152998
6625,55,-122.37781625362366,47.68656358469431
6645,55,-122.379029280936,47.6905517106581
6884,55,-122.375668007157,47.6831694581108
7061,55,-122.375526829318,47.6886849503557
7471,55,-122.3766655656736,47.68948043823716
7692,55,-122.37402982018098,47.683204312502
7760,55,-122.377359509176,47.68878251611897
7899,55,-122.374037335917,47.6886898120032
7900,55,-122.37346729950734,47.688691775099606
8749,55,-122.37612277108066,47.69421669304477
8812,55,-122.377839044569,47.6910224926426
8823,55,-122.375521991175,47.690671354232
8952,55,-122.377821678636,47.6887853631193
9338,55,-122.377801036016,47.6868280566793
9562,55,-122.37403201818734,47.687514050334805
10075,55,-122.37738664857469,47.686831187594805
10220,55,-122.37784189032702,47.6924700505839
10505,55,-122.376896322959,47.6924135952875
10543,55,-122.37662206249232,47.68948374209051
10550,55,-122.37346060191202,47.6868552777255
12318,55,-122.37624536274431,47.69066844228104
12487,55,-122.3806081717904,47.69055236300052
12829,55,-122.382075290744,47.69054601981591
12830,55,-122.381616663013,47.69054695231
13033,55,-122.37780511530998,47.68687507003299
13317,55,-122.37735011938268,47.69055580967007
13404,55,-122.374792056061,47.6850238262981
13923,55,-122.37666711535,47.6904424897232
14131,55,-122.375754628423,47.6831753353291
14249,55,-122.379008942619,47.6868092758997
14652,55,-122.374032784523,47.6874436880949
15028,55,-122.37617155222866,47.68868306644737
15149,55,-122.372680374163,47.685028884729
15630,55,-122.380091632349,47.6939318883092
15977,55,-122.381182452464,47.6905469289101
16335,55,-122.374042012597,47.690254674815634
17447,55,-122.381620555989,47.69347978945283
18118,55,-122.375450205879,47.6850173793237
18305,55,-122.377834068295,47.69025107883527
19002,55,-122.371968227582,47.68503278190224
19690,55,-122.378909011404,47.6887755508358
19723,55,-122.379003768307,47.6924584462521
19728,55,-122.373104732083,47.68321256418017
19887,55,-122.372675933647,47.684042158752966
19937,55,-122.37604615873732,47.68319511476843
20952,55,-122.37478804529466,47.683838374696535
21419,55,-122.386886631115,47.6905318928795
22798,55,-122.37595921880632,47.68501485351653
22880,55,-122.380084866526,47.69081265308503
23937,55,-122.374026111958,47.68534784512
25788,55,-122.381139574352,47.6921208601062
26163,55,-122.376608150584,47.6862878757111
27065,55,-122.37783655058864,47.6939315968894
28102,55,-122.3794588417332,47.69245567177275
29050,55,-122.37948694339866,47.69103436304033
29273,55,-122.376613160506,47.6877098431982
29893,55,-122.379005576357,47.6939316226786
30760,55,-122.380079726393,47.6924578152465
31697,55,-122.38224296672269,47.6939049384083
32035,55,-122.376901466423,47.6916680171694
32036,55,-122.376906399141,47.6916560691063
33967,55,-122.380597187316,47.6906796129217
34249,55,-122.376612202433,47.6874367518359
34787,55,-122.381083404463,47.6938203210652
35010,55,-122.37397392950702,47.68436803145543
35297,55,-122.376600875513,47.6842359954308
36446,55,-122.375586626078,47.6901761514771
37571,55,-122.376887737581,47.6916682031153
229,56,-122.35539590957666,47.715559418952864
364,56,-122.348025783671,47.7291474375095
458,56,-122.3476055134318,47.726506317506136
738,56,-122.34766755444498,47.72962891787571
795,56,-122.35028405967,47.7122928835172
1349,56,-122.35559914321534,47.70797221206576
1379,56,-122.356885242275,47.7086742140896
1719,56,-122.356914767525,47.7123654187484
1941,56,-122.34801914651,47.7286173190031
2111,56,-122.347536821749,47.7264078020198
2302,56,-122.347662993487,47.7291556690029
2307,56,-122.356873962894,47.7068692125595
2735,56,-122.355607259102,47.7068449318834
2898,56,-122.34764136151098,47.7278270707557
3515,56,-122.356153816834,47.7086751452072
3516,56,-122.35566430288732,47.708684853530734
3684,56,-122.353578855491,47.71782699778567
3787,56,-122.356921342997,47.7138072083236
4147,56,-122.358255836439,47.712307825649
4623,56,-122.358213387421,47.7081521935636
4624,56,-122.358194534925,47.7076789497032
4664,56,-122.347780977598,47.72529816249121
5431,56,-122.34765701499002,47.72856201268771
5498,56,-122.355378413498,47.7123684448508
5715,56,-122.347815523165,47.724925989378
5941,56,-122.359378110024,47.7123123041271
5960,56,-122.35819664286667,47.70732887804427
6060,56,-122.35745188242667,47.70633454552186
6061,56,-122.357452725623,47.706866575803
6268,56,-122.35419593423268,47.7071544214727
6317,56,-122.35532801947,47.712931448005
6378,56,-122.348420046578,47.7210897325173
6877,56,-122.355396711821,47.7129303642919
6997,56,-122.352936242879,47.7123000898052
7245,56,-122.354208591561,47.7068493357691
7259,56,-122.35533103388066,47.70559305151317
7755,56,-122.355341226216,47.7064837294106
7898,56,-122.34769018779302,47.7261579315003
8097,56,-122.348111226147,47.7231571301371
8124,56,-122.356900333802,47.7105796424324
8436,56,-122.35538282279,47.7125867266725
8971,56,-122.348268922513,47.7122797381842
9091,56,-122.3478603096404,47.72445818225588
9152,56,-122.347992656086,47.7235862792179
9229,56,-122.350281692914,47.712360259317
10231,56,-122.347939767901,47.7264535935182
10274,56,-122.352868602168,47.7068513675216
10931,56,-122.355582397818,47.7055027943745
10995,56,-122.34780372001,47.7245214717809
12333,56,-122.349283984039,47.7096340519392
12563,56,-122.356916418023,47.7122964898004
12574,56,-122.351522097755,47.7068443554027
12939,56,-122.356127249461,47.7063252687085
13045,56,-122.3555919934706,47.70616410237014
13202,56,-122.358202883406,47.706868712051
13266,56,-122.349054355182,47.7141913569085
13372,56,-122.355377009272,47.71229901716631
14142,56,-122.350302296398,47.7141921705868
14175,56,-122.348883777544,47.7122830857052
14402,56,-122.35614206697,47.706845991561
14732,56,-122.352978403396,47.7178251204702
15264,56,-122.350248510211,47.7105102940332
15724,56,-122.35288354594982,47.70866068438251
16128,56,-122.347632581448,47.72655174297281
16148,56,-122.35150015966468,47.70538400723203
16205,56,-122.34897190582268,47.715528291708
16348,56,-122.350320926347,47.7158496245433
16496,56,-122.35360465482631,47.71420129169267
16896,56,-122.35296327954168,47.72099229646364
17053,56,-122.35418648103632,47.705819457250776
17086,56,-122.351523702136,47.7071809381294
17967,56,-122.348132989106,47.7250678823796
18162,56,-122.35226535251668,47.71782070113107
18482,56,-122.35284049945666,47.70549375076863
18514,56,-122.350256894525,47.711557606344094
19412,56,-122.35348610812169,47.70866553339044
20045,56,-122.35106828714268,47.70684427175403
20227,56,-122.358192170048,47.7060176522283
23283,56,-122.35007560102,47.7118158147339
24150,56,-122.347462445337,47.7296305839082
25583,56,-122.35751629993132,47.71353610922333
27035,56,-122.348291684306,47.7211386750256
28008,56,-122.35614676698331,47.708307803400665
28595,56,-122.356157543554,47.709140311355405
28660,56,-122.35617457568566,47.71161116032647
28896,56,-122.35935826479032,47.711836566585305
29430,56,-122.35638804958565,47.7050732493715
30043,56,-122.358261191041,47.70812012262386
30211,56,-122.34974565655,47.7085891753118
30550,56,-122.356172895499,47.7105742194511
32861,56,-122.349809198938,47.7085886981045
34172,56,-122.34768897393,47.7253186204974
36229,56,-122.355691899193,47.7125206980458
36399,56,-122.355276966175,47.7065846210625
36754,56,-122.355643090446,47.7060740618922
36943,56,-122.348339582494,47.7236334107224
37406,56,-122.348418176506,47.7230861419129
37451,56,-122.348403383083,47.7276881200931
37464,56,-122.34797144051,47.7261911564376
19,57,-122.28543873273,47.708718770973725
274,57,-122.289358907455,47.71912049090779
315,57,-122.29212782367613,47.71860942519967
512,57,-122.2830123342768,47.72013928138038
701,57,-122.283167260977,47.71204978629895
803,57,-122.294908056912,47.7174645981459
1038,57,-122.291393014105,47.7139470220013
1047,57,-122.286667600409,47.7118607403419
1214,57,-122.290905398759,47.7202002181867
1215,57,-122.29073171797177,47.72025495274311
1299,57,-122.290706468208,47.7193082221157
1381,57,-122.29072787076798,47.7193118531657
1434,57,-122.29180532753666,47.714289309935
1671,57,-122.29127071104617,47.71400332732867
1672,57,-122.291262496527,47.7139910675586
1889,57,-122.292555939858,47.71922217243989
2075,57,-122.29071559349237,47.72026703932146
3139,57,-122.289355593819,47.71637774822423
3216,57,-122.2940591545592,47.71786502710316
3390,57,-122.29074477879358,47.72089225767723
3601,57,-122.283836707197,47.717374561695
3637,57,-122.295030803473,47.718120948106
3831,57,-122.280412652339,47.7175781043946
4060,57,-122.295231189443,47.717964081745
4244,57,-122.279632768402,47.7136548650054
4245,57,-122.27924079474168,47.7136233969521
4599,57,-122.29408234215,47.7179198680649
4748,57,-122.29210428487,47.7183953634455
5056,57,-122.294828890223,47.719222600114
5807,57,-122.28533100650002,47.7155093426002
6047,57,-122.283176262226,47.718299418187
6265,57,-122.295021075813,47.717335553417
6469,57,-122.285404090998,47.7100748048382
6539,57,-122.283591826171,47.710105798629
6860,57,-122.282619546762,47.71720334674941
7041,57,-122.28167026995202,47.7172727911581
7355,57,-122.281882695697,47.7123534633997
7537,57,-122.285349842715,47.7118367252446
7930,57,-122.286365374118,47.7191706977834
7985,57,-122.291352744772,47.71724717350424
8005,57,-122.282291685057,47.7103803517278
8298,57,-122.286679768499,47.71071080768747
8442,57,-122.282760763241,47.7172973153242
8868,57,-122.284633751469,47.7186759407004
9145,57,-122.2940267265956,47.718448988024605
9317,57,-122.287355686188,47.7164330180539
9451,57,-122.290645204642,47.7201864322646
9511,57,-122.2914460934976,47.71544241514714
9705,57,-122.290765430252,47.7211700810491
10381,57,-122.28931847666,47.7140973853733
11528,57,-122.291228838276,47.7136677714736
11972,57,-122.284229176813,47.71147248125256
12271,57,-122.29530565947734,47.71598067790537
12432,57,-122.294058655431,47.7173193960432
12493,57,-122.29127222072758,47.717828948929984
12878,57,-122.292095591361,47.7186082406676
12949,57,-122.29546128139,47.71450823778974
12958,57,-122.296226634291,47.71527542001333
13032,57,-122.283307889723,47.71918503913836
13458,57,-122.28107387716598,47.710652023004
14655,57,-122.289373889594,47.71728700801939
14921,57,-122.287346165475,47.7154930672966
15111,57,-122.289386728441,47.71850244441026
15518,57,-122.282583911333,47.71494597386883
15877,57,-122.280426394216,47.70926957511531
16042,57,-122.285364343122,47.717313160137
16102,57,-122.28749342186067,47.710103375952905
16235,57,-122.28047043994998,47.712396991660135
16470,57,-122.289348513233,47.7154772150142
16563,57,-122.294056135742,47.7173891983342
16641,57,-122.287367804158,47.717299890919
16702,57,-122.283801416626,47.7173176942732
16711,57,-122.281238802598,47.715093249746246
16811,57,-122.292717896993,47.7172992791224
16825,57,-122.287365799324,47.71736268167789
17413,57,-122.283011746698,47.70888719153593
18109,57,-122.282506769758,47.71220847621046
18429,57,-122.28490152636935,47.71292119709627
18834,57,-122.292185290166,47.715471678523805
19278,57,-122.295261569515,47.7173397363454
19463,57,-122.289353562227,47.7163073974534
19472,57,-122.29343550983332,47.715787493358505
19548,57,-122.296457476885,47.71624667337577
19629,57,-122.283164808836,47.7191241423275
20011,57,-122.294120651837,47.7155090968262
20470,57,-122.282408197643,47.7122313942541
20605,57,-122.284407066715,47.7118301557668
20792,57,-122.2964944543602,47.715550120367126
20856,57,-122.28165119440632,47.7090384001912
21490,57,-122.289371446732,47.717344995783
21679,57,-122.28123272408168,47.71250089563846
22354,57,-122.28115205073868,47.718288610260096
22460,57,-122.293095936356,47.71413905177567
23039,57,-122.278367496874,47.7158032345257
23058,57,-122.29265217195534,47.71883957454816
23120,57,-122.2933885084754,47.71730457579839
23373,57,-122.282816296181,47.7115302897659
23783,57,-122.283825796166,47.71655362945003
23795,57,-122.286647724325,47.7136526962326
23904,57,-122.28735578017,47.7165152599991
24020,57,-122.295201612681,47.71862933123807
24050,57,-122.2894055592158,47.71918665936458
24078,57,-122.27898506649366,47.7122239884416
24324,57,-122.28737942238467,47.71880387385924
24371,57,-122.28059922701868,47.71912731141037
24732,57,-122.29578754416832,47.71706694182524
25046,57,-122.287951729135,47.7136790186767
25250,57,-122.28290413275968,47.7207253063744
25467,57,-122.282992820588,47.7159732886548
25705,57,-122.278402388267,47.71370639950956
26031,57,-122.283204805032,47.7201392361939
27931,57,-122.29517671886,47.71512218387176
28095,57,-122.29276486730198,47.71610415469073
32917,57,-122.291418210208,47.7178981605156
33175,57,-122.280145239573,47.7175491338241
37641,57,-122.291357945896,47.717218001786
415,58,-122.302022501528,47.74328642969309
499,58,-122.285655614015,47.7328486934847
672,58,-122.28703151384734,47.7347963194693
692,58,-122.31114098464934,47.734029414744434
1028,58,-122.28695798309498,47.733774184243295
1240,58,-122.296606291841,47.7428217576136
1523,58,-122.311980813695,47.7503055059951
1833,58,-122.303554926967,47.75020608013201
1869,58,-122.3020759009684,47.74743273846612
1906,58,-122.29545092236,47.742852450107
2173,58,-122.286646309275,47.7337827898597
2247,58,-122.301984682732,47.741803980323
2418,58,-122.293971330741,47.74187251042141
2662,58,-122.313268638422,47.7485202468678
2663,58,-122.313071843741,47.748530733155
2837,58,-122.28836205319,47.7337769620349
3416,58,-122.299280930812,47.7428968318844
3484,58,-122.302087078296,47.7482929983295
3731,58,-122.2927338619342,47.74651089159748
4198,58,-122.30216756497,47.7418007675007
4279,58,-122.289684279588,47.7333443401228
5517,58,-122.302241747508,47.7474329438817
5689,58,-122.291408134765,47.747826431355065
5866,58,-122.291238249908,47.7481950717783
6151,58,-122.293988822135,47.7427975225883
6154,58,-122.30217624358,47.7424597517475
6229,58,-122.29047335048,47.7338104135936
6364,58,-122.30781052199,47.75025663184059
6969,58,-122.299133929855,47.733860259901
6970,58,-122.299190777004,47.7334725613018
7040,58,-122.293969374641,47.74283927130839
7225,58,-122.301903169132,47.73568308375659
7231,58,-122.297344781934,47.7428756961624
7232,58,-122.296587095007,47.7428635226702
7822,58,-122.300679191492,47.7356470619494
7845,58,-122.30199865267498,47.7424631794326
8175,58,-122.29135271152472,47.74430380748088
8336,58,-122.300781352067,47.7429070641071
8375,58,-122.300822930204,47.74642182453167
8761,58,-122.295428856821,47.7428108932777
8926,58,-122.300780270399,47.7428385313739
9193,58,-122.299222573069,47.737521624105
10054,58,-122.298123534453,47.74606330746277
10078,58,-122.29033934159229,47.74687449620241
10672,58,-122.29092763937,47.730065259872
10684,58,-122.286891914063,47.7300406531163
10699,58,-122.29202021107066,47.74185173700386
12030,58,-122.305581133819,47.7502315331584
12098,58,-122.301953319713,47.739669104694
12176,58,-122.30070075474534,47.73702432614903
12417,58,-122.291386412358,47.7415193755314
12934,58,-122.30193589913,47.7374183461425
13040,58,-122.30767276032,47.75013906124147
13063,58,-122.295352551369,47.746507940902966
13088,58,-122.2926604865658,47.74281698287962
13623,58,-122.313111480624,47.74927599220749
14588,58,-122.312954432365,47.7449997984227
14639,58,-122.304923634578,47.7502229513791
15117,58,-122.29660624399,47.7409965629369
15315,58,-122.290342837944,47.7337690680801
15385,58,-122.29410591438666,47.74650301709144
15720,58,-122.291027442394,47.7337846119045
16186,58,-122.292681707647,47.7427752521742
16193,58,-122.28712046291234,47.73268426777877
16453,58,-122.289584786427,47.7300513781312
16460,58,-122.29127759451669,47.74785343443856
16623,58,-122.298091504949,47.7428805061517
16809,58,-122.28688146646368,47.72967725450937
16895,58,-122.28573179550864,47.73253899156124
17374,58,-122.301821162598,47.733971908871
18263,58,-122.301966250324,47.7356689680333
18849,58,-122.28709095348164,47.7323341503556
19177,58,-122.300697522645,47.7373931482637
19475,58,-122.299345475089,47.74640299387644
19957,58,-122.30353633333368,47.748667786389234
20004,58,-122.303646605771,47.7374242838416
20061,58,-122.28955916589868,47.72894020938417
20071,58,-122.313150428371,47.7492965004211
20529,58,-122.292079524303,47.7464986289283
20880,58,-122.296619499497,47.7461483579298
20884,58,-122.28763706962,47.7313298668856
21587,58,-122.292389005196,47.74974911420177
22298,58,-122.29146517023,47.75028308603337
22326,58,-122.28571590075468,47.73004315752541
22800,58,-122.28493135085,47.7320311224091
23167,58,-122.29542084631768,47.74204425260277
23193,58,-122.292663358047,47.74242797727751
24676,58,-122.291009714992,47.73006470225911
24677,58,-122.29115407028,47.7300645521623
25100,58,-122.288380909928,47.73412873030307
26503,58,-122.311895805122,47.7502704734076
28447,58,-122.29138410043043,47.74562451726149
28657,58,-122.311074315082,47.74849028713064
29366,58,-122.312927111942,47.7449986117296
29549,58,-122.302139107892,47.7396393531172
29560,58,-122.301040555528,47.74827870327016
30628,58,-122.30486949104368,47.748873978074
30908,58,-122.30064166660532,47.734183864255975
31643,58,-122.31286323758268,47.74173531082633
33117,58,-122.313307534953,47.7493745339837
33573,58,-122.310633529604,47.74929647537866
34457,58,-122.302649225034,47.7357017576194
35352,58,-122.291350092983,47.7464697346106
35372,58,-122.302186700649,47.7432538018106
35446,58,-122.30559920812,47.7501092802029
35910,58,-122.290385273456,47.7470816353945
35997,58,-122.285808738935,47.7329158295929
36049,58,-122.291295759096,47.7415410610979
37112,58,-122.29394121336334,47.74096669404863
37440,58,-122.297387984684,47.742747011157
56,59,-122.32331146928898,47.6759290507592
57,59,-122.323289357926,47.6759850901452
87,59,-122.32413796023802,47.6589022117601
257,59,-122.325520676233,47.6656596890214
341,59,-122.320055760383,47.6766964690458
455,59,-122.31811349382036,47.67882633743003
470,59,-122.326152974682,47.6763200879626
497,59,-122.318398081774,47.6772538853105
624,59,-122.322769825114,47.6824084291399
678,59,-122.319986649003,47.6759223556306
834,59,-122.318087460018,47.6759177357826
899,59,-122.325482430875,47.6685676158046
996,59,-122.322978298101,47.6799619500806
1152,59,-122.325135965851,47.6787099421956
1258,59,-122.32710002441802,47.677547838003
1259,59,-122.327360905081,47.677521675706
1500,59,-122.325423325917,47.6728728845267
1679,59,-122.322791578202,47.6802858112475
2036,59,-122.322495100301,47.6778103804925
2051,59,-122.322889977222,47.6721988561205
2128,59,-122.325476243465,47.6783375661285
2146,59,-122.32280985365,47.681954624273104
2156,59,-122.325499204362,47.6672143066488
2176,59,-122.320012439574,47.67880769834701
2177,59,-122.320019823491,47.67844410503469
2256,59,-122.324364529008,47.6759554180284
2293,59,-122.322905066599,47.6701434572511
2424,59,-122.32657710988828,47.67839656652639
2520,59,-122.325391185754,47.6747332345278
2700,59,-122.322991913329,47.6588824626335
2759,59,-122.322801774795,47.6808170232175
3065,59,-122.320040357653,47.6772661589391
3219,59,-122.325014899414,47.66320289047619
3680,59,-122.317814393423,47.6765177688097
3785,59,-122.323845291503,47.679239804742
3800,59,-122.32338268761002,47.6776003606409
3830,59,-122.323359837837,47.6743577726482
3852,59,-122.324116936468,47.658948288258806
3944,59,-122.326279285492,47.6589187392085
4205,59,-122.323336190408,47.6743986964305
4209,59,-122.322820671005,47.6823776150852
4384,59,-122.325405143213,47.6722211645396
4844,59,-122.32566880457632,47.6782593970455
5051,59,-122.321399262531,47.6759152303996
5288,59,-122.325444059458,47.6716095617582
5410,59,-122.317043010528,47.6772534821786
5577,59,-122.320028036379,47.67807898396419
5841,59,-122.324627420447,47.6804715519589
5980,59,-122.326615229437,47.6776884192647
6072,59,-122.317259086055,47.6781058047658
6132,59,-122.31629968307266,47.67806779505491
6296,59,-122.317519079198,47.6777626754842
6527,59,-122.316085373436,47.6773858678097
6631,59,-122.322926941013,47.6619874191043
6644,59,-122.322918495123,47.6692772483429
6729,59,-122.32688664494,47.6771106045777
6773,59,-122.32442603467,47.67594692999571
6790,59,-122.32351649165498,47.6777343484271
7012,59,-122.32986316389032,47.66932645018717
7050,59,-122.32355882052,47.6788964840225
7233,59,-122.3248664593266,47.679006699944736
7287,59,-122.3254572318,47.6707590194843
7312,59,-122.318452461098,47.6779507908011
7707,59,-122.327094598367,47.6773313272661
7796,59,-122.32567450431002,47.6782445471025
7934,59,-122.325587857496,47.6740186506946
7935,59,-122.325397673246,47.674124495800605
7966,59,-122.32239836466532,47.68198394042017
7976,59,-122.32340197289402,47.6807122862138
8022,59,-122.325349864732,47.6744051042676
8051,59,-122.322933655214,47.66782406071659
8122,59,-122.317921761634,47.6764776856693
8341,59,-122.319404179487,47.6742315407219
8342,59,-122.31939946355268,47.674004348099565
8346,59,-122.31843137695098,47.67795297032651
8715,59,-122.322474113298,47.6793075674255
8803,59,-122.324381210061,47.6744075755859
9068,59,-122.324486016455,47.6797223544994
9110,59,-122.318298218255,47.6758877039332
9146,59,-122.327367279673,47.65892503017411
9176,59,-122.326235553219,47.6611138777223
9313,59,-122.318050310532,47.6733667305195
9348,59,-122.31729100032886,47.6730379578354
9349,59,-122.317271377975,47.6730385295685
9367,59,-122.3184294291538,47.67806155830432
9472,59,-122.325542977222,47.66858249816389
9566,59,-122.323872733607,47.6774645196889
9752,59,-122.323956622562,47.6631959374444
9974,59,-122.31886204092602,47.6780693379604
9986,59,-122.32520435159334,47.679863926844895
10117,59,-122.32181974562032,47.67987355107393
10143,59,-122.32506728601,47.658903713145
10234,59,-122.323491333007,47.6756710196215
10283,59,-122.324404325196,47.67221547603091
10502,59,-122.31926593824,47.6758980201142
10537,59,-122.318687958471,47.6772142966362
10545,59,-122.313158115909,47.66984249354933
10747,59,-122.324141418875,47.6791864960484
10857,59,-122.318295647114,47.677939206582
11037,59,-122.31775439489034,47.67877932168836
11292,59,-122.31878011300466,47.6757384567184
11412,59,-122.3194185417226,47.67653450833302
11465,59,-122.32507218004366,47.67790340919347
11667,59,-122.317221092301,47.6780620049554
11688,59,-122.32791022029134,47.66641241094464
11739,59,-122.320036837829,47.6692368724601
11740,59,-122.313133839019,47.6694857153271
11958,59,-122.328277513021,47.6728252798647
11967,59,-122.326725609981,47.6538378204498
11986,59,-122.331486915671,47.67601292296289
12193,59,-122.3229338563,47.663188052132
12612,59,-122.322801939921,47.6815268066438
12623,59,-122.31748200717,47.677556266742194
12633,59,-122.325059438692,47.66110861351114
12822,59,-122.328296946388,47.67745696062
12823,59,-122.328802817839,47.6774838554559
12937,59,-122.323387367731,47.6787972466883
12964,59,-122.32508703053,47.65893802610881
13108,59,-122.318122240656,47.6787894385407
13951,59,-122.322744406879,47.6808289324032
14019,59,-122.323027956745,47.6834517724964
14022,59,-122.32053049725332,47.66928225081861
14023,59,-122.320097266064,47.6692555986082
14119,59,-122.32233756541298,47.6722041950056
14185,59,-122.322763673703,47.679595714753
14308,59,-122.329692961839,47.67599905773287
14661,59,-122.3227776375334,47.67986467576317
14697,59,-122.32549483772,47.67159788047119
14704,59,-122.32551027062202,47.6663835653491
14757,59,-122.319986873013,47.6721777999621
15138,59,-122.32234386002864,47.67647025026017
15306,59,-122.327345759703,47.6589591553772
15374,59,-122.320027768282,47.6701190586046
15491,59,-122.322464445222,47.6777675024884
15530,59,-122.32673762644,47.677191019258
15605,59,-122.318037806967,47.6749032466509
16019,59,-122.32540387626,47.673524211208
16164,59,-122.31779417472,47.6765179378565
16171,59,-122.32783259528934,47.67323749616981
16331,59,-122.314239826778,47.6695158691235
16416,59,-122.323410637542,47.6806699154485
16459,59,-122.32460117087533,47.65639686689894
16473,59,-122.322832645383,47.67552874432906
16672,59,-122.32351476204433,47.6663823274777
16924,59,-122.31628019235356,47.67723359402885
16930,59,-122.329526827486,47.6776093799136
17308,59,-122.31803726576167,47.672908678264
17578,59,-122.33013024789902,47.676359807172
17756,59,-122.326602110199,47.6784062050881
17775,59,-122.32888149246298,47.66787017634377
17822,59,-122.330019140662,47.677615975625
18066,59,-122.319985648201,47.6754013160516
18072,59,-122.32829441082,47.67323949417041
18137,59,-122.32393130637269,47.66469585774817
18233,59,-122.33317592727764,47.67227506095336
18453,59,-122.331307921456,47.67047429492063
18531,59,-122.323447007472,47.67157298545703
18672,59,-122.32634118765732,47.66140323451653
18773,59,-122.324996612891,47.664674796722
18813,59,-122.31729365981867,47.67231792815927
18918,59,-122.32339645645634,47.67264028514186
19240,59,-122.32730994116967,47.66069440039583
19262,59,-122.325562590625,47.667201727421705
19266,59,-122.323956806908,47.6792559583253
19535,59,-122.317639205247,47.66926872424887
19691,59,-122.317288284943,47.6733808458876
19958,59,-122.330707161906,47.67831579580024
20164,59,-122.319996214492,47.67341859122039
20591,59,-122.32534070775834,47.680340668432
20631,59,-122.312475188476,47.6694031617601
20708,59,-122.321340714647,47.6768906924873
20786,59,-122.331523544115,47.6708042321062
20894,59,-122.320029374366,47.6715874545913
21269,59,-122.32552154686,47.670768887837504
21558,59,-122.32271405300432,47.6780542358498
21683,59,-122.33194607057732,47.67481963373073
21733,59,-122.31247851006032,47.6706174838504
21745,59,-122.328630267107,47.66731665276652
21751,59,-122.313132929506,47.66977647916641
22383,59,-122.32002976314,47.6707049215538
22447,59,-122.31998738255,47.6742330700279
23222,59,-122.32540082487964,47.67379714684984
23400,59,-122.32572737626832,47.67552721762221
23861,59,-122.323935486566,47.66220204048157
23865,59,-122.32826981686736,47.67251375257694
23966,59,-122.317483895159,47.673043934648
23989,59,-122.33176724242033,47.67116576496756
24010,59,-122.31246932432698,47.6702946542901
24127,59,-122.312465916862,47.66873633708337
24456,59,-122.323029344849,47.6685698876716
24790,59,-122.31799349808448,47.6772201836693
24988,59,-122.32341129824164,47.667187606849005
25123,59,-122.325401609744,47.6737267841876
25137,59,-122.313149040673,47.6709722546484
25364,59,-122.32009041483,47.67157056298671
25462,59,-122.317281435942,47.670714540858
25556,59,-122.33296811109,47.67288178012364
25648,59,-122.32743133399464,47.67598849517231
25983,59,-122.329714609142,47.6686113815792
26019,59,-122.31766385319432,47.670078945523
26025,59,-122.333476180804,47.67329385303197
26376,59,-122.319418755337,47.6743668907528
26578,59,-122.329529040297,47.6781810604384
26579,59,-122.324069549767,47.6783747865783
26769,59,-122.318777740895,47.675248095944
26824,59,-122.32342233154334,47.67085957374533
27498,59,-122.3255709708,47.666397818889
28039,59,-122.3242802842,47.6617575558122
28183,59,-122.31728839250268,47.67474855220467
28402,59,-122.31877778829,47.6733769321379
28424,59,-122.32369016986914,47.67793870984411
28580,59,-122.32735094534,47.6580645856236
28644,59,-122.32242981310532,47.67932846547669
28673,59,-122.313623788285,47.6710946823761
28674,59,-122.31360514680632,47.67079074102737
28709,59,-122.32076702972734,47.67154249833767
29206,59,-122.31822586417869,47.67152979368464
29302,59,-122.313127759314,47.66902578967299
29448,59,-122.322402026479,47.681564461033965
29790,59,-122.32314720734534,47.6760749603071
29798,59,-122.313650847201,47.6693577791497
29871,59,-122.314278661126,47.6712022521927
29990,59,-122.32558060011802,47.6656740722089
30379,59,-122.318696463434,47.682806723819
30553,59,-122.318777518264,47.6744511781335
30578,59,-122.32411216,47.66124434031113
30608,59,-122.33071339737968,47.6653167803727
30738,59,-122.31876095921102,47.673009381758
31035,59,-122.319013398722,47.6766266063341
31385,59,-122.33188147996,47.6716399534213
31532,59,-122.319245115268,47.6765064372082
31623,59,-122.32882951598532,47.66670480926367
32389,59,-122.325078367232,47.6576449873813
32649,59,-122.319169703162,47.6766547788381
32659,59,-122.328830410131,47.6776151493563
32736,59,-122.319269395526,47.6764912787242
32751,59,-122.323007070128,47.66198257038394
33220,59,-122.32619718039967,47.67629919539194
33451,59,-122.317515660957,47.6775563279176
33539,59,-122.326634710584,47.6781838671171
33691,59,-122.3223289556,47.6796005444242
33775,59,-122.323445415074,47.66565693694486
34136,59,-122.325617593359,47.65596629133514
34200,59,-122.315793748618,47.6766812106995
34499,59,-122.323661624463,47.677932634035
34583,59,-122.324139935197,47.65818672951256
34990,59,-122.32421026625,47.6785647009848
35319,59,-122.318810533268,47.6745117334552
35340,59,-122.319036674353,47.6764889321227
35695,59,-122.327136439712,47.6776796714549
35804,59,-122.318568645266,47.6752462214818
36166,59,-122.323608489484,47.6569737217772
36602,59,-122.328380796598,47.6766372074774
36888,59,-122.32405133792432,47.67838394845803
36976,59,-122.319013512838,47.676653203903
37123,59,-122.319931905963,47.6755246777657
37124,59,-122.316373146109,47.6772204225952
37352,59,-122.318858784171,47.6779448434273
37417,59,-122.312432535799,47.6702823088235
37421,59,-122.319951076104,47.6784528590135
37530,59,-122.321539785735,47.677944868273
37616,59,-122.31274515043,47.6708466931793
170,60,-122.2813983322552,47.53779879726852
295,60,-122.283556086548,47.5358993362398
1092,60,-122.2780212818138,47.52923518775039
1609,60,-122.2820287305545,47.5390855617121
1735,60,-122.266678643162,47.5149942423572
1803,60,-122.281763785374,47.53695670012763
1826,60,-122.28202007761855,47.53909990349586
1928,60,-122.267978602938,47.5158530358224
1929,60,-122.267497767928,47.5155476392859
2531,60,-122.279070119996,47.5147448768339
2600,60,-122.281386438609,47.52128744410953
2706,60,-122.2808367663,47.538945992379205
2943,60,-122.270647223274,47.5066929988455
3108,60,-122.2832918578765,47.53632049863875
4510,60,-122.273807507076,47.5168421457391
4511,60,-122.273796959078,47.5168404949838
5012,60,-122.283263827403,47.53629305016819
5013,60,-122.283277507068,47.5363066713826
5128,60,-122.273153058412,47.5168284232713
5414,60,-122.275474758586,47.5370163304827
6512,60,-122.28066080223834,47.53695053640734
7365,60,-122.264639401035,47.5136353650642
7702,60,-122.27577270886998,47.52420946522087
7835,60,-122.27336676073068,47.5162437344942
7984,60,-122.285711290388,47.53642736168143
8473,60,-122.264230339548,47.5133639202077
8845,60,-122.279274210949,47.5352653738065
9250,60,-122.272876822991,47.5231283991309
9262,60,-122.27914091231568,47.5297061718295
9402,60,-122.270802646209,47.5180646354742
10310,60,-122.273692907521,47.521105103720096
10893,60,-122.28489030032966,47.5234229055354
10894,60,-122.28278446776253,47.5389442240473
10895,60,-122.282964656575,47.5389661966103
10987,60,-122.269428859682,47.5168064513736
11261,60,-122.280646022424,47.5376545324945
11401,60,-122.2764777940804,47.52403177083478
11906,60,-122.276773615374,47.5389328473748
12321,60,-122.277400558248,47.5274986432642
12874,60,-122.28066271761,47.5369031328595
12932,60,-122.27913837330344,47.52261631092805
13535,60,-122.278377023721,47.5320715396931
13694,60,-122.2793063316214,47.53554968077684
13718,60,-122.272045025357,47.5168238730616
13822,60,-122.28762614853169,47.51832330942421
14239,60,-122.271032114938,47.51681733471239
14613,60,-122.27823197186,47.5315882051388
15289,60,-122.2787811925874,47.52370774675695
15331,60,-122.27680709736,47.536801197879
15559,60,-122.27656799125698,47.5295268634583
15708,60,-122.276892959785,47.51905800698071
15865,60,-122.27538829367067,47.5124833066481
16009,60,-122.275367556691,47.533434889671
16163,60,-122.283786359257,47.5214234624459
16317,60,-122.263606152,47.4983272430618
16536,60,-122.278064182545,47.5295338054056
16537,60,-122.27753288343,47.5295109909143
16866,60,-122.273138196841,47.51900808424
17348,60,-122.28057622296284,47.53545610095699
17456,60,-122.279321748769,47.5370071107324
17513,60,-122.271345382432,47.5189683137685
17592,60,-122.2823538986614,47.53156225224256
17593,60,-122.28194672354202,47.5315605295531
17676,60,-122.276874067023,47.5261655564142
17687,60,-122.2808214852598,47.53770407812114
17973,60,-122.283807468931,47.5165639981296
18143,60,-122.280586793452,47.51858629848696
18607,60,-122.279436289183,47.5170197864012
18671,60,-122.277566044389,47.5278793056791
18917,60,-122.279701225744,47.5315757128703
19005,60,-122.277986123168,47.5370180040667
19176,60,-122.275400955007,47.5389379152952
19330,60,-122.28537653930069,47.52264854482943
19776,60,-122.283773524125,47.5229729792004
20106,60,-122.27986572082158,47.53160235269799
20224,60,-122.28022114650932,47.52312320122153
20335,60,-122.281763801517,47.5369409544153
20336,60,-122.281735364614,47.5369483851408
20651,60,-122.283811724785,47.51819006332331
20652,60,-122.28434559407168,47.51821402735504
20661,60,-122.275802989242,47.5261635018349
20697,60,-122.278015147234,47.5294911578238
20767,60,-122.272995993083,47.5124690947823
20974,60,-122.276433948889,47.5334329724487
21097,60,-122.27074202028034,47.52618016161457
21151,60,-122.276567693573,47.5294991250037
21190,60,-122.277447641752,47.52028234446544
21209,60,-122.271192499194,47.5261740116404
21346,60,-122.280261818376,47.535290772375
21647,60,-122.285917790644,47.5197042440961
21905,60,-122.267490004461,47.5155860448649
21929,60,-122.279500176674,47.5366600391885
22083,60,-122.28588935021432,47.52266918039194
22345,60,-122.280816711857,47.53745436469763
22416,60,-122.278811016215,47.5334247113247
22622,60,-122.276249960191,47.53159640990051
22657,60,-122.28645362037366,47.52140996095426
22658,60,-122.285897272152,47.5214166098189
22976,60,-122.280090288428,47.5206078857542
23314,60,-122.278145123308,47.5389254730203
23741,60,-122.28134328775802,47.5229774621399
23840,60,-122.279782509714,47.5370052858246
23999,60,-122.27674858225534,47.53781242087413
24067,60,-122.277331985967,47.5274964992646
24115,60,-122.28539111000842,47.52141960728362
24123,60,-122.27219271564968,47.5159813232494
24237,60,-122.268066868557,47.5156981794109
24504,60,-122.2777879965506,47.52837324824564
24505,60,-122.277717271266,47.5283705519794
24919,60,-122.27325190056,47.5191490192663
24940,60,-122.273158923567,47.51864688094511
25010,60,-122.272878079683,47.5218301255029
25011,60,-122.272866184025,47.5223081211704
25090,60,-122.26392384437,47.4983211765956
25284,60,-122.27935389275268,47.538145658990096
25359,60,-122.276387496295,47.531470893228
25402,60,-122.280646292223,47.5233494095454
25458,60,-122.28489498243664,47.52458292216047
25538,60,-122.278081515154,47.5279614544676
25550,60,-122.284897232956,47.5242290475096
25643,60,-122.276237142873,47.53330684634387
26040,60,-122.28325955429,47.5363043049286
26126,60,-122.277599873916,47.5352596680965
26253,60,-122.284933001242,47.5214181272394
26590,60,-122.28492943455,47.51738428970007
26757,60,-122.284915367722,47.5213763783976
26881,60,-122.285983118348,47.5158761335782
26961,60,-122.278117156235,47.5279590923452
27033,60,-122.285417523773,47.524232870449474
27353,60,-122.27912496577,47.51474526852593
27449,60,-122.264823975839,47.5098329444447
27535,60,-122.272071147623,47.5172809648024
27603,60,-122.27624816946,47.5190289032426
27612,60,-122.280958250325,47.5227292910946
27998,60,-122.27758885200268,47.53444083984967
28195,60,-122.280737808227,47.5230557010338
28507,60,-122.278994312279,47.5140143458454
28677,60,-122.28489669682632,47.52182349732615
28688,60,-122.271046201457,47.51555437022207
29308,60,-122.277211932945,47.5334271774174
29362,60,-122.28141901437266,47.52431599251207
29522,60,-122.27204144715,47.5168680064769
29558,60,-122.280399244816,47.5226603339417
29721,60,-122.281342552509,47.5315664955012
29738,60,-122.276515863466,47.5296363447141
29914,60,-122.27645190436368,47.53472461263727
30202,60,-122.280018960056,47.5208394003526
30286,60,-122.283293063576,47.5388010662993
30288,60,-122.278084394663,47.5268305752596
30378,60,-122.272827426199,47.5124936086505
30436,60,-122.277532135445,47.5296335168486
30447,60,-122.281338619221,47.5314524180265
30787,60,-122.281825578816,47.5390840077393
30791,60,-122.277501416141,47.5278800586238
30945,60,-122.280379972686,47.5355661470819
31655,60,-122.26642720846868,47.51623215367013
32347,60,-122.271170345565,47.5176023550864
32831,60,-122.272324063392,47.5223671706198
32856,60,-122.275336796781,47.5237691985202
32879,60,-122.279549312212,47.5357950174345
33143,60,-122.280011334979,47.529254190390425
33173,60,-122.280635042394,47.5369499947085
34312,60,-122.273167581474,47.5184343726093
34359,60,-122.280508658047,47.5305562522211
34498,60,-122.282436084375,47.5314572516535
34780,60,-122.271203074761,47.5260491422363
34883,60,-122.281363814369,47.532123609988
35692,60,-122.272812919297,47.5220178494534
35839,60,-122.273819687461,47.5168595645561
35900,60,-122.276806176977,47.533303987228
37199,60,-122.280524943299,47.5327510929683
37354,60,-122.266395702748,47.5062556636339
58,61,-122.24217129156864,47.49671726627787
285,61,-122.25614206294,47.4956190276892
401,61,-122.254356401038,47.4964319411528
567,61,-122.243668091246,47.4968321812215
935,61,-122.25744329030664,47.48878943169407
1356,61,-122.257267506222,47.5029981354692
1396,61,-122.26029596979768,47.49387647596247
2013,61,-122.259602696948,47.49391995376019
2014,61,-122.259620018732,47.49336249264061
2201,61,-122.243679597728,47.4980232900777
2523,61,-122.2441225504166,47.49808606936284
2603,61,-122.2455439459694,47.496896028767615
2731,61,-122.238179053845,47.4954015248026
3009,61,-122.254322937007,47.4978457140926
3010,61,-122.254336509813,47.4974425481117
3054,61,-122.23822619803734,47.49032935417444
3614,61,-122.2502539236364,47.50176308973646
3857,61,-122.250547973765,47.5025966707613
4353,61,-122.259537780651,47.5036952030747
4545,61,-122.24851283733,47.4993625477916
4546,61,-122.248037781013,47.498889538674
4894,61,-122.25001773381102,47.5010337752021
6091,61,-122.2529802429006,47.49573931150268
6224,61,-122.241683400495,47.4978374485241
6311,61,-122.240687594686,47.4989090920393
6464,61,-122.261210361985,47.50606555173349
6511,61,-122.2436233615,47.4996274846929
6540,61,-122.259523480135,47.5060602785752
6705,61,-122.25073801814,47.502891268984506
6706,61,-122.2507095235015,47.50288876538305
6901,61,-122.26165698828866,47.49475570280817
7133,61,-122.262799498942,47.49870298742909
7422,61,-122.258225394576,47.5060916625258
7617,61,-122.259602817128,47.4947727243398
7645,61,-122.248533252037,47.4993223704972
7652,61,-122.258802156154,47.4955859110376
7846,61,-122.258512302517,47.4912337963018
7971,61,-122.238160338507,47.496623620359706
8302,61,-122.262019512787,47.4974183122946
8493,61,-122.25957150382,47.4960272362763
8771,61,-122.259616679158,47.5001345885569
9049,61,-122.24369449448834,47.495864781741496
9375,61,-122.238196739087,47.4938147215888
9403,61,-122.254346900376,47.4971327183346
10050,61,-122.23630455920367,47.4954177537893
10391,61,-122.246103790776,47.4971098234181
10392,61,-122.245487530134,47.4970388461714
10689,61,-122.239241189154,47.493408461525895
10763,61,-122.248403019508,47.4997252292301
10783,61,-122.240544326371,47.4924742214333
10784,61,-122.240310576384,47.4926403389415
10972,61,-122.24320062646832,47.49670713845177
11344,61,-122.250124096308,47.5013762509944
11432,61,-122.254212538907,47.4957274076272
11536,61,-122.249070591393,47.4983578467191
11636,61,-122.25913427781,47.5025089233389
12217,61,-122.260511594021,47.4965651126831
12288,61,-122.259583127793,47.4956689460764
12496,61,-122.24919895959466,47.5025528228412
12962,61,-122.256042173109,47.50448506553041
13074,61,-122.238233318054,47.4910166513814
13222,61,-122.259575435549,47.5025405314076
13620,61,-122.2405949608445,47.4925756513512
13708,61,-122.259611136317,47.5013221806727
14176,61,-122.25657696350764,47.50301897404364
14182,61,-122.256824513032,47.4900720843751
14263,61,-122.263347766971,47.4981779099956
14480,61,-122.257282392174,47.4992013675797
14988,61,-122.248853398883,47.4957136171311
15089,61,-122.24452762663032,47.502683796525936
15357,61,-122.24701511121002,47.4996714240317
15380,61,-122.259530491213,47.5043678135745
15833,61,-122.23575814363032,47.4891762411742
16401,61,-122.257237846741,47.5043731093111
16472,61,-122.259473424312,47.5093198148753
16523,61,-122.240236243599,47.4925961869725
16532,61,-122.240388037075,47.491811467543606
16603,61,-122.24255559095802,47.499612444722
16668,61,-122.24409330105202,47.4980533605663
16827,61,-122.24570551479432,47.50008834868908
17524,61,-122.255339977024,47.50003678391017
17832,61,-122.252213315164,47.4957430455608
18288,61,-122.250226115551,47.5017648872884
18545,61,-122.243093828879,47.497996473857
18961,61,-122.24842040221,47.499095957457
19178,61,-122.265439341012,47.49561601899743
19480,61,-122.247446412868,47.4986698675741
19625,61,-122.255230950103,47.5050506127306
19956,61,-122.254862963069,47.4888666840369
20322,61,-122.25208294386032,47.503391246351335
20707,61,-122.25761410032,47.5077487099239
20770,61,-122.26435212704,47.4974149530619
21347,61,-122.257272598496,47.5036507541547
21491,61,-122.258135889361,47.4970204781949
21765,61,-122.258246302654,47.506140260784
22024,61,-122.262339059253,47.5013612582365
22268,61,-122.25828645608134,47.5005840140437
22717,61,-122.258542493844,47.5077115359642
23032,61,-122.235743161186,47.4898511803101
23460,61,-122.257231609691,47.5061660541166
23561,61,-122.258210340057,47.5044724626572
23583,61,-122.25908974666132,47.507717646392194
23690,61,-122.23866847800566,47.49775708310296
24541,61,-122.241692543382,47.4977907845545
24689,61,-122.258312154266,47.4991165129865
24935,61,-122.267074372386,47.49799834261044
25110,61,-122.258601216714,47.49739706649327
25324,61,-122.26214761977234,47.4931939946706
25440,61,-122.254251307819,47.4955930359157
25805,61,-122.256446100587,47.499103598983
25806,61,-122.25645314293,47.49852132686871
26141,61,-122.241014494958,47.4966483383836
26785,61,-122.250354933631,47.5013998052464
27055,61,-122.258130854115,47.4977216553397
28227,61,-122.253011252447,47.4949151307096
28743,61,-122.25254022785032,47.495615563143
29011,61,-122.250426816066,47.49757512134118
29172,61,-122.23839405520864,47.49109170225
29274,61,-122.238241192229,47.4954116989508
29493,61,-122.257224186479,47.5045098697024
29800,61,-122.24744697422268,47.49869274138436
29929,61,-122.25617251053366,47.49408404221037
29949,61,-122.246456282307,47.50133656739237
30104,61,-122.25833587446532,47.508438840799066
30542,61,-122.255461107565,47.49914294213003
30622,61,-122.25844089959266,47.49120754854553
30928,61,-122.26189956500669,47.50016334695687
31181,61,-122.266397266282,47.5062903176333
31230,61,-122.240861017945,47.499593619413
31245,61,-122.261213843051,47.5081751992725
31329,61,-122.26236725665166,47.508204071694536
31468,61,-122.26122592825,47.5061073217372
31481,61,-122.25727295449867,47.50039452229316
31503,61,-122.242458630596,47.5022889498328
31559,61,-122.261202374444,47.5093273163788
31785,61,-122.259584971007,47.5081712022162
31917,61,-122.24969641229032,47.497216555684304
32273,61,-122.240625663238,47.4926732866886
32358,61,-122.25857411393169,47.50294858840456
32394,61,-122.24174238906268,47.49853245767641
32400,61,-122.258318658117,47.498765340831504
32520,61,-122.233732596358,47.488827685991765
32799,61,-122.26248855392468,47.496546041666136
33151,61,-122.24219801088566,47.49624743209563
33289,61,-122.256445462968,47.4992418133744
33403,61,-122.262393562306,47.4997984117986
33625,61,-122.260947237876,47.5000831252587
33923,61,-122.23818893429234,47.49836501416026
34061,61,-122.256459608662,47.49787869602
34156,61,-122.261276281897,47.5038604365042
34168,61,-122.240962717148,47.496589465744
34185,61,-122.23815249820866,47.49696599678697
34317,61,-122.252095526658,47.4956146002024
34853,61,-122.248038583579,47.4988430590392
34927,61,-122.245972762257,47.496899099771
35823,61,-122.259605118686,47.4933735544548
36721,61,-122.240621275844,47.4925705767106
884,62,-122.298484819392,47.71199125156802
1290,62,-122.29224388574,47.7221219623383
1509,62,-122.29231555327527,47.721925784264
2578,62,-122.286412034956,47.7230234916262
2827,62,-122.288511567074,47.7222178727877
2985,62,-122.291924792629,47.7119224470627
4930,62,-122.294935608708,47.7120204290521
5619,62,-122.288609524538,47.72648074656061
6489,62,-122.294913345949,47.711954925826
6507,62,-122.28449465617102,47.73052799396961
7147,62,-122.292644938784,47.7196383350826
7180,62,-122.301161829864,47.7085597069056
7181,62,-122.301147821845,47.70856918478515
7286,62,-122.29762787118234,47.713609747085066
7455,62,-122.290859413333,47.72721181645661
7463,62,-122.292352347673,47.7219334647847
7820,62,-122.28855894614766,47.72468606719957
7923,62,-122.292775400738,47.7234018604779
8229,62,-122.2829101724226,47.7238863337131
8237,62,-122.292717289959,47.7206613192909
8830,62,-122.289543675943,47.72833210192
8992,62,-122.294924405962,47.7088635833212
9095,62,-122.301098553882,47.7085870836648
9339,62,-122.300705199678,47.7095877519929
9871,62,-122.29267357967,47.7206454971595
10888,62,-122.292502613234,47.7205441640798
11181,62,-122.299371196108,47.71195203740055
11386,62,-122.292791162366,47.72017106753841
12305,62,-122.290894581404,47.7283324313951
12430,62,-122.29231445899102,47.7218478566287
12462,62,-122.291986774993,47.7101255802487
12635,62,-122.289497551542,47.7264933646105
13001,62,-122.289552628439,47.7286907648164
13547,62,-122.300276970577,47.71200908398131
13618,62,-122.286354590998,47.7198774439587
13867,62,-122.288196525619,47.7283262488753
14258,62,-122.296264765037,47.7119701124015
14750,62,-122.286506716131,47.7264657621461
15141,62,-122.28684207335202,47.72830498131301
15219,62,-122.288500061208,47.7230233958774
15344,62,-122.288560906176,47.724756419358
15619,62,-122.28328827196766,47.7310327288169
15823,62,-122.29204291886232,47.708630276039536
16119,62,-122.297664881772,47.71198529966821
16154,62,-122.28827151213,47.7310302840812
16448,62,-122.282952859173,47.7215117485593
16449,62,-122.282762046663,47.7215227535913
16513,62,-122.285598231192,47.72716940437903
16519,62,-122.28680897333334,47.7269818502154
16569,62,-122.298290260634,47.7113406737267
16712,62,-122.282634289886,47.72470291521879
16852,62,-122.292357407902,47.7219158284336
17237,62,-122.29283625912132,47.71961299048596
17281,62,-122.29084931903584,47.7251103259408
19088,62,-122.295013221634,47.71342013413929
19159,62,-122.282891650555,47.7207951645668
21037,62,-122.286246863164,47.7230239433671
21246,62,-122.283061591326,47.7272679203308
21282,62,-122.283106748853,47.7276453714154
21693,62,-122.2826814301092,47.72193403767878
21812,62,-122.288713491304,47.7223916624569
21938,62,-122.288171237863,47.7268681445564
22047,62,-122.28844983612434,47.719593491539534
22206,62,-122.286185774674,47.719929538316
22277,62,-122.28559003633602,47.7264508781228
22645,62,-122.282696522416,47.7264094956893
22646,62,-122.28202592757732,47.72640807310827
22763,62,-122.2845369177722,47.72644039645752
23910,62,-122.284530928959,47.7263144964916
24203,62,-122.28853315773,47.722982293708206
24301,62,-122.283109724558,47.7237270475126
24660,62,-122.282867940647,47.7219843257362
24968,62,-122.29385018470198,47.7131217620682
25325,62,-122.286879355862,47.7296069042875
26012,62,-122.29184695002,47.7283296706427
26221,62,-122.291817631696,47.728368972207
27684,62,-122.29386000703198,47.71238959834353
27934,62,-122.29087075638388,47.72568488786568
28226,62,-122.30033262949873,47.710318995400975
28790,62,-122.291916690937,47.7127996559976
28940,62,-122.300710190544,47.7096615834292
28988,62,-122.296878774895,47.71390166871144
29499,62,-122.292192830978,47.7255085308687
29545,62,-122.29154411670334,47.728313793225134
29596,62,-122.289996141533,47.7257293966656
29754,62,-122.29221735782298,47.725515376879954
29930,62,-122.2907568945938,47.72180540687013
30989,62,-122.282839064929,47.7246830688831
32523,62,-122.290693203403,47.7218066760151
32706,62,-122.301330681824,47.7105997633624
32902,62,-122.292591043661,47.712211808223
33323,62,-122.292607182785,47.7196048562538
33330,62,-122.28550415814134,47.730943539376106
33938,62,-122.290761327945,47.7252657247966
33968,62,-122.29171838935444,47.722777239765605
33969,62,-122.291692353755,47.7227903057199
34018,62,-122.296264574114,47.712751330287496
34160,62,-122.297536313917,47.7150150662481
35506,62,-122.292178191649,47.7101160446411
37047,62,-122.29068268147,47.7212723193823
37346,62,-122.292053547547,47.7221095226543
37585,62,-122.292337244878,47.7219861102572
254,63,-122.31261574694356,47.72930152901083
1643,63,-122.312637932935,47.7302184336048
2105,63,-122.309925853917,47.7284973367192
2117,63,-122.307207245221,47.72751570027609
2336,63,-122.329078194055,47.7386536671589
2933,63,-122.312114244596,47.7340189024718
3503,63,-122.329014609215,47.7364260248811
3904,63,-122.334167066533,47.7304320900494
4781,63,-122.334394053938,47.734075755443904
4861,63,-122.334153792791,47.7294185827654
4884,63,-122.307983573826,47.7339801169834
4951,63,-122.309942290568,47.7297133374625
5152,63,-122.309962009898,47.7339825692551
6109,63,-122.33011079931468,47.73724472451287
6236,63,-122.310159665429,47.7331482643341
6286,63,-122.3089023941536,47.73395449036868
6844,63,-122.312564226072,47.7293007018931
7053,63,-122.333775699223,47.7340778766941
7357,63,-122.3290085179655,47.7349331344503
7358,63,-122.329018285906,47.7349290411501
8117,63,-122.32998906960616,47.74148902432391
8259,63,-122.328953764259,47.7364295213485
8361,63,-122.33536844831622,47.73407043610895
8840,63,-122.30999441179,47.733010883731
9087,63,-122.30586625474182,47.725207538227856
9269,63,-122.3200162118866,47.73406418685822
9383,63,-122.329049174927,47.7377441002352
9393,63,-122.32683872775368,47.73540132046293
9399,63,-122.310121352703,47.7297544569116
9848,63,-122.330320261305,47.7340511583238
9941,63,-122.333724261425,47.7364502850381
10412,63,-122.3262909460264,47.734015023284456
10413,63,-122.327197797907,47.7340240284989
10678,63,-122.333800701443,47.7340505950811
11313,63,-122.32898307991,47.7354241765917
11491,63,-122.328935431158,47.7322039847318
11591,63,-122.328957812734,47.7340086119275
11645,63,-122.309948683943,47.730974318226494
11771,63,-122.307182785495,47.7265449221996
11789,63,-122.307984620827,47.7339428328446
12047,63,-122.335028192704,47.7296536413515
12568,63,-122.309409767148,47.7284930714275
12668,63,-122.318244205965,47.7340824557895
12669,63,-122.31827537521,47.73404461964359
12995,63,-122.31443514999,47.73027095509794
13024,63,-122.310135183906,47.7309728089029
13119,63,-122.331599346073,47.7372315865805
13294,63,-122.326159338422,47.7339771533361
13592,63,-122.331548704667,47.7355246715595
13680,63,-122.30869038217782,47.7284940575817
13683,63,-122.306776863,47.728469174161766
14071,63,-122.31330329630002,47.7340256711214
15131,63,-122.309305483834,47.72849223935973
15236,63,-122.31557038351302,47.7340202168024
15363,63,-122.32688912945132,47.73413695453864
15428,63,-122.3328616286374,47.73229231726434
15690,63,-122.307204579734,47.7284771797124
16010,63,-122.32886200498534,47.73643535615406
16841,63,-122.309966460944,47.7321473756632
16940,63,-122.330288997344,47.7322112666863
18509,63,-122.307223240211,47.7287609133637
18548,63,-122.311547883797,47.7285089468995
18549,63,-122.311535412374,47.7283815805786
19116,63,-122.33318194138369,47.73781217319922
19182,63,-122.30735510185066,47.72627981803553
19655,63,-122.31047540851432,47.72669057438167
20494,63,-122.33306103893432,47.733690453321294
20862,63,-122.33155260321,47.7346739628013
21041,63,-122.30984951555,47.7275891262076
21740,63,-122.33231534601232,47.7304505622493
21741,63,-122.33277740397098,47.7304520363085
22316,63,-122.330274888331,47.73086713683053
22698,63,-122.331515988201,47.7346880946447
22754,63,-122.33155644849766,47.7359353005689
23519,63,-122.332987502591,47.7347368344564
23564,63,-122.312639166208,47.73082117591965
23571,63,-122.319958394896,47.734098586596
23683,63,-122.328976338756,47.7352491239944
23886,63,-122.331575753424,47.7364377297247
24076,63,-122.33534601606232,47.73270323775163
24198,63,-122.33029042163868,47.7330300104586
25657,63,-122.33155509205,47.7358649421806
26473,63,-122.329036366555,47.7353238705505
26636,63,-122.33216451780233,47.73225928194113
26779,63,-122.330294154101,47.7342634987972
27434,63,-122.312652572499,47.73022757355935
27874,63,-122.33422969535256,47.735593847129785
28525,63,-122.3290308922085,47.7353107909251
31423,63,-122.33421373556332,47.73481194720343
33078,63,-122.331444735365,47.7354234283915
34493,63,-122.334250515126,47.7364539227305
34893,63,-122.328854950988,47.7373375002658
34902,63,-122.312828500938,47.7308198083378
34960,63,-122.3290182611,47.7345344670069
35668,63,-122.313321193876,47.733874903454
35730,63,-122.329056060813,47.7353756574579
36569,63,-122.312574349352,47.7338500631221
36572,63,-122.328893706116,47.7386540860311
36826,63,-122.31281397434,47.7297367390005
36930,63,-122.312830141325,47.7309421432047
37089,63,-122.31530692546,47.7335854744905
37386,63,-122.312520247038,47.7320414257502
46,64,-122.323150988599,47.6247996868787
159,64,-122.321221937501,47.6231605394897
180,64,-122.322957710353,47.626816669409
391,64,-122.324095014852,47.62340151779549
408,64,-122.326508123137,47.6270376156666
544,64,-122.322954676738,47.626798378079
827,64,-122.326534750839,47.62551418531191
828,64,-122.326525931297,47.6251442537092
911,64,-122.323572081891,47.6231667242769
1008,64,-122.324092975463,47.62454240250984
1407,64,-122.315617346178,47.6242465941189
2025,64,-122.324138959151,47.6241208481001
2032,64,-122.322995875141,47.6236863577387
2499,64,-122.32555853548,47.6272222155937
2821,64,-122.317860264238,47.6231470506108
3273,64,-122.315638875349,47.623487375581
3540,64,-122.321367331315,47.6303750772471
3596,64,-122.314576405097,47.6231351435963
3658,64,-122.322062378867,47.6231169865215
4443,64,-122.3211421117,47.6304076638475
4518,64,-122.3239804828514,47.62412292374218
4809,64,-122.325387670435,47.6264895572691
4991,64,-122.325383763493,47.6265333625584
5112,64,-122.3213535419124,47.62731948713764
5162,64,-122.324094145082,47.6240436637029
5179,64,-122.323572224467,47.6277793534452
5326,64,-122.321166797784,47.6274570239349
5354,64,-122.31315040409233,47.62312457483866
5440,64,-122.31783632173934,47.62404091068377
5895,64,-122.31453884492198,47.62429773658889
5987,64,-122.322063403104,47.6231660116789
7596,64,-122.3252606624962,47.62514328306743
7597,64,-122.325254110767,47.62484962584861
7715,64,-122.324117649374,47.625182019698094
7726,64,-122.32669729035034,47.62496121167064
7758,64,-122.322046254268,47.62340086280267
8560,64,-122.323005566728,47.6231264423107
8970,64,-122.315246359279,47.62313846444364
8972,64,-122.322419655295,47.6268119632566
9337,64,-122.324901038638,47.6325888428162
9398,64,-122.322612502808,47.62424468768089
9463,64,-122.324089309947,47.62318044721021
9464,64,-122.324084699956,47.6228617959014
9585,64,-122.322502742066,47.6253272799695
9915,64,-122.32075994235,47.62680233484624
10098,64,-122.326533006452,47.62581746298
10466,64,-122.32428440053,47.6272908978101
10632,64,-122.326722848477,47.6257368926279
10653,64,-122.324327505402,47.6308591953669
10746,64,-122.31356125413966,47.624865905413735
10929,64,-122.323583508298,47.6232194579672
10949,64,-122.32415013079266,47.62341739014909
11053,64,-122.324157877421,47.6241206188803
11057,64,-122.323403631846,47.6272144360109
11162,64,-122.32205620482598,47.6228213670443
11173,64,-122.315649643256,47.6231400655628
11410,64,-122.321717977581,47.63041265218403
11526,64,-122.315653403181,47.6222618473779
11594,64,-122.324332175369,47.6273153448405
11696,64,-122.316633615206,47.6231428125534
11870,64,-122.322442022571,47.6255278313298
12117,64,-122.327422952704,47.6266959446127
12128,64,-122.32206609150836,47.62224377597969
12230,64,-122.322543505917,47.6241907761971
12276,64,-122.32416056544,47.6246169351263
12491,64,-122.322985900582,47.6231678155211
12812,64,-122.314581340248,47.62375481664841
12933,64,-122.315065374392,47.62108174895286
13305,64,-122.326065924289,47.6271752578353
13579,64,-122.3266965796952,47.62781017334352
13580,64,-122.314510996451,47.62424272435769
13813,64,-122.325514595423,47.62735498353791
13865,64,-122.322022455738,47.62481626601971
14009,64,-122.325241052418,47.624324564514
14033,64,-122.32124584120132,47.6256947466703
15049,64,-122.31354043360402,47.62423955408
16143,64,-122.316668116458,47.6239373684858
16892,64,-122.312794451014,47.6243308111131
17059,64,-122.316692775159,47.62226808862897
17817,64,-122.313999047307,47.6242403506485
17960,64,-122.321366042112,47.6268081588175
18887,64,-122.315326296736,47.626461226923
19187,64,-122.322305638183,47.62769574492393
19444,64,-122.32428376454702,47.62768150167
19452,64,-122.32238250957634,47.63014940503769
19830,64,-122.32409298493464,47.62426493722439
20126,64,-122.314502399015,47.6253319479361
20142,64,-122.324647429484,47.6251402464722
20404,64,-122.316649680934,47.6231008780777
21114,64,-122.32388841565466,47.63119860239484
21183,64,-122.32601213138868,47.625142442241234
21615,64,-122.324385157401,47.6307072369322
21941,64,-122.32238953545898,47.6287025447644
22294,64,-122.323068534577,47.62870529294727
23553,64,-122.32649294299831,47.62588603375468
24292,64,-122.32647987021498,47.62637141934518
24484,64,-122.324351867267,47.6254301193363
24981,64,-122.32426842988734,47.62831564781146
25179,64,-122.32708893329,47.6276368704296
26208,64,-122.321323928584,47.6286994727144
26321,64,-122.32361634988064,47.62551530622997
26708,64,-122.32361795991166,47.628077423851664
27351,64,-122.326475930574,47.6240699851882
27594,64,-122.326541685008,47.6267696309402
27595,64,-122.326537447634,47.6264592339899
28288,64,-122.322475478975,47.62514697983371
28791,64,-122.327211022013,47.6268733822742
28792,64,-122.327126337906,47.6269033477426
30057,64,-122.32651107307,47.6245892875471
30058,64,-122.32649641001048,47.6245801307509
30780,64,-122.327230301332,47.6268714751515
30799,64,-122.32296529164,47.6251409345798
31027,64,-122.319775169264,47.6287085579283
31461,64,-122.31786222140369,47.62248829563603
31515,64,-122.321787551081,47.6232128477397
31668,64,-122.32475621434234,47.63232114410639
31853,64,-122.314762637677,47.6237851849482
32880,64,-122.325708809284,47.6273076812791
33074,64,-122.32759619168,47.6263601461145
33134,64,-122.326480451608,47.6256027860599
33273,64,-122.326476795996,47.6267694457247
33605,64,-122.314056752769,47.6241742597957
33731,64,-122.326478764372,47.6245753016469
34085,64,-122.315576287373,47.6236375527275
34999,64,-122.325198959213,47.6248184147146
35410,64,-122.324376886309,47.6276544001993
35453,64,-122.323849909191,47.6288675342321
35611,64,-122.323541533459,47.6230660545724
35660,64,-122.326721734247,47.6261440800789
36076,64,-122.326479607255,47.6258724529854
36668,64,-122.315995169367,47.6241802232322
36676,64,-122.321745013497,47.6220733602568
37138,64,-122.322942473985,47.6228771036996
1118,65,-122.326864059238,47.6352205551845
2151,65,-122.326852361824,47.6335562281641
3772,65,-122.32784225307,47.6361515059819
4897,65,-122.327981602079,47.63682206273959
5603,65,-122.326864184597,47.6343124088721
6242,65,-122.329945320102,47.629673457220896
7196,65,-122.329054877884,47.636832458523294
7458,65,-122.326759227421,47.6356841626784
8597,65,-122.329397590042,47.630104468558194
8867,65,-122.32727828506968,47.63682345666347
10886,65,-122.327270530922,47.6348798817234
11004,65,-122.326767275297,47.634320834654
11114,65,-122.326842692861,47.6352122667317
11687,65,-122.332869120507,47.6274035087864
11973,65,-122.329387639456,47.629754532777
12171,65,-122.32684858739,47.63267497814329
12278,65,-122.327275157561,47.6327064296734
12954,65,-122.32700195821,47.6356764780982
14271,65,-122.326929214391,47.63529759194024
15246,65,-122.327261571872,47.6358192340897
16090,65,-122.332229232381,47.6278705586112
16091,65,-122.332785787239,47.6274430265189
19772,65,-122.333876086435,47.6265745233751
19962,65,-122.33960133754088,47.62619188727672
23109,65,-122.334550571034,47.6256448405996
23912,65,-122.330387318184,47.6293208755387
24236,65,-122.333697710354,47.6267179731471
24842,65,-122.331310509605,47.6285937352308
26118,65,-122.337574065903,47.62584612851702
26668,65,-122.334895369343,47.6257373310514
27836,65,-122.339614696976,47.62565607214441
27865,65,-122.334506179077,47.6261770552594
28734,65,-122.334498411797,47.6262439327795
28811,65,-122.326770525465,47.6337114177065
32375,65,-122.330925509351,47.6269520741479
32586,65,-122.337359160438,47.6259552172578
32933,65,-122.332443580395,47.6271252776899
33037,65,-122.331495587891,47.6286029666926
33728,65,-122.330498566939,47.6293861796724
34434,65,-122.329555876362,47.6301267386464
34448,65,-122.335037989889,47.6259898138011
35007,65,-122.334594398883,47.625615808652
35255,65,-122.328005859441,47.6367659226105
35383,65,-122.334680951562,47.6248660839339
35765,65,-122.335200389455,47.6253109811617
36778,65,-122.327064843419,47.6359020246739
36942,65,-122.342558017952,47.625282087816
37043,65,-122.339566609538,47.6261220516854
37158,65,-122.327761687386,47.6361613445709
37522,65,-122.332892987148,47.6275052935321
13,66,-122.37402487867298,47.69070840989641
500,66,-122.368653001977,47.6960232028002
629,66,-122.37844240777866,47.69791726078344
842,66,-122.378431964643,47.6989416830368
1120,66,-122.36610109222902,47.6960051398126
1176,66,-122.360635000145,47.6861613455222
1482,66,-122.369268756582,47.6920242791952
1520,66,-122.360580984704,47.685428407846
1635,66,-122.38073650800898,47.6982043726702
1686,66,-122.360584532076,47.688342204015
1909,66,-122.365935878208,47.6846654754903
2366,66,-122.381721159599,47.69820047973641
2367,66,-122.38174595105131,47.6981619797059
2423,66,-122.370471840289,47.6920226923327
2550,66,-122.35892082767752,47.6905533413169
2551,66,-122.359261097279,47.6905353166088
2569,66,-122.36058238644236,47.69020611882113
2570,66,-122.360582659121,47.6897890452278
2699,66,-122.367304963077,47.6978137003686
2826,66,-122.368259722231,47.6920596908648
3217,66,-122.360581686055,47.6869809223634
3225,66,-122.367202124043,47.6920314006313
3373,66,-122.380637957158,47.69902541721982
3375,66,-122.371339510405,47.6979257999339
3780,66,-122.355416155659,47.6883906083521
3967,66,-122.372678785769,47.6979286999292
4105,66,-122.36715644241022,47.69070298177623
4332,66,-122.36058733096868,47.68438065717213
4337,66,-122.355914143238,47.68616565381157
4706,66,-122.382390307629,47.69975193648704
4758,66,-122.370450831833,47.6868302073078
5436,66,-122.369454516163,47.6906962868236
5790,66,-122.365930281125,47.6887728541525
5791,66,-122.365903115641,47.6883433822831
5983,66,-122.366090018741,47.6943208625128
6426,66,-122.370466786559,47.6906895536238
6890,66,-122.366114587426,47.690707473733
7242,66,-122.38206751931334,47.698161389452366
7323,66,-122.355414932015,47.68762888352861
7366,66,-122.355908463939,47.6847071864177
7674,66,-122.36719490036168,47.69101967704853
7784,66,-122.37670587242,47.6979441341151
7837,66,-122.366703819579,47.68689220404477
7892,66,-122.37403377039,47.6979314674068
8091,66,-122.371490512727,47.690694185588505
8096,66,-122.379442876049,47.6990280976194
8134,66,-122.37843191676632,47.6994366734957
8712,66,-122.365373400837,47.6890670730822
8994,66,-122.37402034675434,47.69106271692037
9127,66,-122.37020831748198,47.6979262393327
9644,66,-122.370212997255,47.6977926016079
9912,66,-122.368411063977,47.6906973485167
10079,66,-122.3554073307656,47.68798026679197
10132,66,-122.37040785201698,47.6868660138621
10144,66,-122.368257066178,47.6868823456327
10303,66,-122.360573589653,47.6861614199837
10348,66,-122.365470883401,47.6897913020723
10434,66,-122.358901947549,47.6905523889012
10661,66,-122.364761655197,47.6960637357462
10768,66,-122.360583618524,47.684697934914105
10806,66,-122.378407105637,47.6990256920458
10856,66,-122.355417289947,47.6883492302903
10864,66,-122.376708670304,47.697640541628
10890,66,-122.368649315821,47.6978074687506
11275,66,-122.362002594127,47.6905849073349
11346,66,-122.365929534052,47.6870006909699
11483,66,-122.380709875494,47.6997557467135
11944,66,-122.36593374944898,47.6853986645404
12014,66,-122.360582940209,47.6890690378491
12019,66,-122.367194149947,47.6868869701044
12023,66,-122.360573048759,47.6876141825797
12076,66,-122.35540900737634,47.68940956935626
12500,66,-122.35540950216868,47.6872532147239
12589,66,-122.372653397341,47.6906873777202
12660,66,-122.3726714241184,47.69008767294626
12680,66,-122.364757832861,47.69601599748879
12980,66,-122.380804270763,47.697885105102
13174,66,-122.36064232406,47.6854287674496
13537,66,-122.363435743965,47.6890670352875
13884,66,-122.36340096205232,47.684969445605134
14541,66,-122.363448215616,47.68616003815654
14803,66,-122.37096753264166,47.6920192071527
14911,66,-122.36926829144402,47.6868734382135
14978,66,-122.376696758164,47.69903353985401
15094,66,-122.36339009798934,47.6887298813738
15612,66,-122.35589661224869,47.68907527738847
15638,66,-122.360642862378,47.68469783507229
15806,66,-122.364760579635,47.69733657840343
16349,66,-122.36537442811432,47.68615826966714
16355,66,-122.35589250595666,47.6897984774472
16619,66,-122.36719662747932,47.685413423157264
16954,66,-122.367236139235,47.6928439975636
16998,66,-122.360635128991,47.68761529026491
17003,66,-122.380719031433,47.699029392243
17128,66,-122.36666112991634,47.69203211617744
17190,66,-122.372077307181,47.6906917558699
17649,66,-122.378922531002,47.69976012253636
18627,66,-122.36724637724632,47.693636595197326
18683,66,-122.360643556699,47.6890692142313
18789,66,-122.365401997826,47.6943139002337
18790,66,-122.366016843827,47.6943194143516
18963,66,-122.366623659413,47.692849584904536
19076,66,-122.361076182916,47.6869775420558
19133,66,-122.36547393713532,47.68762099396087
19351,66,-122.36306016086466,47.68469514593426
19613,66,-122.37669142943632,47.70102470994157
19842,66,-122.360044630752,47.68763005795339
20091,66,-122.37133693337032,47.69729564364463
20403,66,-122.372684068593,47.6873328711399
21145,66,-122.360111055169,47.6875818149207
21343,66,-122.369267933156,47.691004973551934
21362,66,-122.367985422971,47.69385752921927
21554,66,-122.372696269488,47.6899856574719
21801,66,-122.37202921427,47.686860719547575
21802,66,-122.371374847233,47.6868566309657
21842,66,-122.367619245885,47.6979508940708
22031,66,-122.364758376686,47.6943710519412
22162,66,-122.36928640864134,47.68535988600427
22349,66,-122.358002743681,47.6876280575065
23253,66,-122.369272537525,47.6872914740942
23312,66,-122.367203000202,47.6871800992821
23346,66,-122.37137757,47.687280231867
23682,66,-122.360644070225,47.6897895624275
23862,66,-122.356025363547,47.6854466082024
24184,66,-122.357901250503,47.6876271817981
24357,66,-122.368254521062,47.687176429898535
24566,66,-122.368259393999,47.6920228748981
24692,66,-122.355893150281,47.68698301863953
24865,66,-122.36825277192432,47.69102510752713
24879,66,-122.367296652524,47.6955833938638
25089,66,-122.36340184909334,47.6865681998687
25569,66,-122.379644200956,47.6989011890617
26136,66,-122.38249600627069,47.69902549363864
26499,66,-122.37398030567266,47.69752253013561
26945,66,-122.36927494965164,47.6960215503417
27090,66,-122.37271801297668,47.69736474787917
27518,66,-122.36447674320966,47.6846935478774
27705,66,-122.36396003264,47.6854301212812
28597,66,-122.372028335995,47.6907256394236
28658,66,-122.376710844833,47.6946087286915
30390,66,-122.37137487795268,47.685443457931065
31195,66,-122.376914511291,47.697678973011
32747,66,-122.36826175319231,47.6853994691294
33291,66,-122.362012953695,47.6905508336613
34370,66,-122.371377319455,47.6871979868934
35070,66,-122.368255120919,47.6871060658603
36631,66,-122.35546274785,47.6880774814063
1315,67,-122.295011360455,47.5894935874118
1417,67,-122.30323041717502,47.58831019228873
1870,67,-122.29139813484714,47.58939463931843
1871,67,-122.291363400669,47.587645806165895
3079,67,-122.29602738360602,47.5873452182961
3994,67,-122.294447829175,47.5944146811585
4287,67,-122.295178807355,47.59586991074989
5114,67,-122.29976089669266,47.58951534258907
5718,67,-122.293500020764,47.5907271115071
5759,67,-122.302160092234,47.5884582349113
6589,67,-122.292196793805,47.59038291637995
6680,67,-122.288109517307,47.59115208169769
7028,67,-122.303239346081,47.5883475329774
7071,67,-122.296011568776,47.5882544064521
7527,67,-122.289353784668,47.5911515288717
8100,67,-122.290301055877,47.5934909258096
10043,67,-122.302047095384,47.58832178841581
10428,67,-122.287157656308,47.590577953829
10655,67,-122.294499694016,47.5913229810537
12894,67,-122.29364482625,47.58798596075869
13177,67,-122.300215639999,47.58828727099691
13190,67,-122.296940507309,47.5882606058878
13511,67,-122.29035817145298,47.591199849486905
13675,67,-122.297950342881,47.5933720957542
13689,67,-122.30335916534432,47.589542269999264
14428,67,-122.28856000525,47.5911571336714
14983,67,-122.297891449815,47.59258578858769
15429,67,-122.29770031139,47.5915867841652
15635,67,-122.298534752779,47.5882729683527
16118,67,-122.296928986284,47.5887595920338
16408,67,-122.294977324353,47.5868442420722
16565,67,-122.293511618458,47.5903743050269
16630,67,-122.296125958847,47.5919793355289
16801,67,-122.303923610061,47.5883370015965
16888,67,-122.30393519169,47.5895234404204
17062,67,-122.298574414854,47.5882330381628
17171,67,-122.293421918373,47.5933512364394
17773,67,-122.294463870659,47.5933555590668
17787,67,-122.292973935079,47.5894091720063
17944,67,-122.29437026153398,47.5913159598016
18474,67,-122.293343404153,47.59581944751773
18715,67,-122.292462441726,47.5890366674921
18925,67,-122.30392039484734,47.58767192030003
19060,67,-122.28933889185032,47.59062582005976
19676,67,-122.29348358736802,47.5912797665086
19898,67,-122.297093256709,47.58746672460767
20017,67,-122.28938919880932,47.587372507151066
20099,67,-122.294963011884,47.5879023162178
21227,67,-122.294011483239,47.59407941387176
21477,67,-122.286729234196,47.58919500537636
21874,67,-122.29201607029032,47.58800458756127
21889,67,-122.28678822575232,47.58694883904863
22009,67,-122.29608494177432,47.59162280596823
22032,67,-122.292459998798,47.5879785261183
22380,67,-122.292148040296,47.5903875910513
23042,67,-122.293666161258,47.5879446338842
23112,67,-122.287897972462,47.5911486906007
23113,67,-122.28798668534034,47.591483017507166
24063,67,-122.297081161081,47.591993349017066
24149,67,-122.289211021119,47.5876335898508
24488,67,-122.29065097799965,47.5945721384588
24754,67,-122.2861236083974,47.58950458907872
25203,67,-122.29376198362267,47.587181913074566
25447,67,-122.29700978266732,47.59131956237386
26419,67,-122.290262856606,47.5945615749228
26854,67,-122.28773188320234,47.59512371813833
27573,67,-122.2891738884048,47.58923187096498
28045,67,-122.29039692427534,47.59064873035714
28670,67,-122.295393834177,47.591621120378
29454,67,-122.292289692024,47.5920738373683
29550,67,-122.28929217554531,47.5933881527704
29882,67,-122.293216467515,47.59026457327707
30247,67,-122.29047002272029,47.58777348270464
30439,67,-122.305089305041,47.5885864986475
30977,67,-122.29142115592532,47.5882803184064
31377,67,-122.288703044534,47.5909877378264
31459,67,-122.28677083866002,47.58761875907295
32128,67,-122.290231544832,47.5953876388269
32343,67,-122.287858657172,47.5945161428478
32557,67,-122.289337163004,47.5911096824147
32635,67,-122.28795900135832,47.5890484215058
32686,67,-122.298019215443,47.5946147945091
34496,67,-122.29037330612,47.59009430867406
35030,67,-122.28799114928886,47.587627117369735
35871,67,-122.293566558172,47.5907262414365
36288,67,-122.294398016619,47.5907142048881
37309,67,-122.29144046106131,47.589728003634896
33,68,-122.336718563857,47.5744335166959
273,68,-122.334998335676,47.5959649552002
480,68,-122.32987328769134,47.571748701066205
508,68,-122.336648345407,47.5736571015378
558,68,-122.334321568861,47.5904617357938
791,68,-122.338150228445,47.5717521110886
1167,68,-122.337557380938,47.5907135809263
1284,68,-122.333212874823,47.5753698428818
1337,68,-122.337670278432,47.5717693900204
1449,68,-122.333205366228,47.57958666809301
1540,68,-122.333149960391,47.5754789557539
1659,68,-122.32984476107566,47.57174663776983
1913,68,-122.335113384831,47.5959371640284
1960,68,-122.333189357644,47.5860287367456
2134,68,-122.3349425736684,47.596313927095935
2340,68,-122.335196196082,47.5884600064554
2495,68,-122.336697216258,47.5779664138852
2574,68,-122.333198199868,47.5883294426551
2672,68,-122.334075276341,47.5744268291761
2780,68,-122.333273122849,47.5786931601676
2783,68,-122.333148785276,47.5786745880927
2838,68,-122.332595906955,47.57172875276973
2897,68,-122.331861212384,47.5862436752107
3381,68,-122.339736423767,47.5860531553981
3388,68,-122.339662751273,47.5865419253526
3392,68,-122.338848576639,47.57176440578906
3395,68,-122.336686629858,47.5860639992489
3513,68,-122.33991172647602,47.581759451567
3701,68,-122.331863448848,47.5862810993605
3764,68,-122.340161404824,47.5859691556905
4026,68,-122.339093563451,47.57175020440957
4041,68,-122.334066592302,47.5856987032384
4181,68,-122.33916536086733,47.574429174276
4410,68,-122.330065249,47.58790607377531
4489,68,-122.33665387109,47.57973846303431
4563,68,-122.336581291068,47.5835873770775
4568,68,-122.334071347673,47.58340656507371
5017,68,-122.331346193873,47.5717395860775
5286,68,-122.331521118237,47.57435051648431
5297,68,-122.337819012644,47.5898276613706
5304,68,-122.333205159123,47.5797141574729
5384,68,-122.334071200193,47.5755280187736
5536,68,-122.331872677013,47.5696909607935
5676,68,-122.340150069155,47.5772609330274
5771,68,-122.334998093847,47.5897730349189
6201,68,-122.33349241817102,47.5859954408744
6345,68,-122.33676342391202,47.5718360378161
6504,68,-122.33577596352534,47.57174056007083
6561,68,-122.336672743937,47.57574315957189
6608,68,-122.330066429817,47.5760662582745
6702,68,-122.331467247586,47.5717797547733
7524,68,-122.334999388748,47.587020133059
7625,68,-122.328893383108,47.5860667866118
7730,68,-122.331881743897,47.5711345167306
7801,68,-122.3331502833568,47.57549471709213
7870,68,-122.327510850539,47.5860533957345
7871,68,-122.327366146038,47.5860601917679
7988,68,-122.33467611601002,47.5736679962527
8190,68,-122.3370080742,47.591995467455
8220,68,-122.34014703624,47.5758008163005
8547,68,-122.330069351766,47.5743550488636
8548,68,-122.330069646495,47.5742851225611
8558,68,-122.337560380603,47.5900022264851
8623,68,-122.3326143178518,47.57368491945758
8677,68,-122.33507140881868,47.57430893285007
8828,68,-122.334179848098,47.5862602273562
8986,68,-122.340181616901,47.5804197082295
9019,68,-122.334969752085,47.5883657557553
9163,68,-122.333143401629,47.57971346151143
9200,68,-122.33672571856,47.57365058784169
9321,68,-122.336084836975,47.57442956715371
9352,68,-122.339760904945,47.5757654213207
9574,68,-122.335181217897,47.5869272380878
9674,68,-122.3367083727226,47.583632390295534
9800,68,-122.33976419143836,47.575278712964696
9830,68,-122.331472444234,47.5713388504772
9961,68,-122.340261991576,47.5858650296807
10021,68,-122.336671808196,47.58667204263569
10411,68,-122.334412205662,47.5755238209941
10514,68,-122.344410352935,47.571732744618
10527,68,-122.33360216724002,47.573662398013504
11357,68,-122.32883575607669,47.5860646961434
11457,68,-122.33593111413,47.5797282227806
11776,68,-122.335067277056,47.5959108598649
11831,68,-122.340180574899,47.5821013059293
11871,68,-122.328887704889,47.5755346413684
11878,68,-122.333142736006,47.5883294928852
12031,68,-122.333156279765,47.5862426396582
12471,68,-122.331824455652,47.5744537555699
12472,68,-122.331824655743,47.5744262901458
13194,68,-122.331445819428,47.5744249631316
13640,68,-122.33320137313,47.5806074741647
13651,68,-122.3367299576842,47.57384977610012
13986,68,-122.331873204317,47.5678616390362
14482,68,-122.333282223259,47.57762752592453
14799,68,-122.332371241982,47.5713642325566
14800,68,-122.33197196841802,47.57132388635986
15142,68,-122.327519681625,47.5870286716234
15326,68,-122.33671371249,47.5720623792753
15481,68,-122.335185708087,47.5862737027447
15482,68,-122.33504617513,47.5862719186686
15733,68,-122.340158759388,47.5750641952964
15734,68,-122.340152452787,47.574630402398
15912,68,-122.334340625418,47.5921861781895
15935,68,-122.330104890304,47.5882665047451
17311,68,-122.33428887811,47.5925053600318
17336,68,-122.330081353212,47.5754128021042
17345,68,-122.340167268443,47.5860303186602
17650,68,-122.340189448469,47.5855502383548
17785,68,-122.335039427538,47.5838408715428
17980,68,-122.33866346462968,47.57366642548849
18774,68,-122.335042771983,47.5863605096656
18865,68,-122.340183393326,47.5771507871796
19731,68,-122.33505347203898,47.577983014581
20784,68,-122.334064113488,47.58776306461456
21425,68,-122.328888777606,47.5872525833066
21788,68,-122.33531372384668,47.574353936110576
22099,68,-122.334723979422,47.5925039770627
22443,68,-122.334504641034,47.5904493168972
22459,68,-122.32986466878668,47.57435431516484
22607,68,-122.331125164856,47.5754179619352
22809,68,-122.335192222261,47.5904030300997
23040,68,-122.330066286705,47.58624703966169
23199,68,-122.328888216994,47.5748773581355
23292,68,-122.335066566757,47.574353245849
23634,68,-122.334397988989,47.5905086077595
23995,68,-122.339036134815,47.5878782741752
24263,68,-122.33316160027071,47.59462658935332
24716,68,-122.336579496967,47.5890877673254
24748,68,-122.334294681806,47.5862555848427
24830,68,-122.328849327335,47.5872537162486
25529,68,-122.337525439002,47.571744098944
26015,68,-122.326373322026,47.5862464517318
28321,68,-122.338063908625,47.58935903766943
28340,68,-122.336103162159,47.5744546765504
28641,68,-122.336989481584,47.5779843263023
29200,68,-122.339000688049,47.5879130800415
29346,68,-122.333383087502,47.593673489779
30072,68,-122.33615557793,47.5799488044687
30722,68,-122.334031668211,47.593091761406406
30986,68,-122.33499808278,47.5898035064847
31225,68,-122.336091999082,47.5984247007829
31709,68,-122.334945541176,47.5883657528949
31956,68,-122.334036759495,47.592985747766
32644,68,-122.32987550125466,47.5881097895056
32824,68,-122.326382764585,47.5862798872351
32825,68,-122.333998714919,47.5742041769774
32924,68,-122.335153316786,47.59225954513301
33012,68,-122.336617426388,47.5893287819869
33070,68,-122.335248389708,47.5777592908982
33897,68,-122.337576792017,47.5901291323221
34133,68,-122.333455562447,47.5736312652572
34344,68,-122.339019343789,47.5878947011956
34428,68,-122.336586021084,47.5737842884562
34738,68,-122.333182542424,47.59382171919634
34880,68,-122.327474743721,47.5713377159299
35117,68,-122.337562886481,47.5900975814422
35290,68,-122.335267894836,47.5965807167921
35427,68,-122.335000827306,47.5834820563551
35484,68,-122.33515737795166,47.5976667870996
35725,68,-122.333146849178,47.5806391280873
36234,68,-122.333991607365,47.5928803905668
36240,68,-122.335004432642,47.5963136855079
36382,68,-122.333996479031,47.5833493598823
36617,68,-122.333385151416,47.5895321373307
37294,68,-122.333995357554,47.5858258816704
37356,68,-122.340170509095,47.5742532027456
37512,68,-122.334675363214,47.573631602722
37604,68,-122.336579198953,47.5897771278342
138,69,-122.295988287218,47.6939088232667
276,69,-122.295947564283,47.692330964517
297,69,-122.3041208473268,47.69228253226542
298,69,-122.304130610637,47.6920592875264
351,69,-122.289895719275,47.6910058788711
556,69,-122.303386402407,47.69366462649926
582,69,-122.305556459957,47.6958285595982
799,69,-122.31688017351534,47.68329295869003
854,69,-122.295911997231,47.6956340871975
1639,69,-122.30103617436832,47.69567391586244
1904,69,-122.295927188036,47.6974503021702
2325,69,-122.299210679337,47.6939203008538
2475,69,-122.30337106623,47.6936760593427
3069,69,-122.287914152052,47.6923215276849
3185,69,-122.304699650183,47.6957090183027
3186,69,-122.304224289755,47.6957041104161
3289,69,-122.301595481634,47.6975020578687
3350,69,-122.301817650796,47.6848942986978
3354,69,-122.291303475481,47.695602045111
3356,69,-122.287957208065,47.6908738875875
3725,69,-122.304914939427,47.6920366263061
3909,69,-122.2879349032,47.6902436027302
4059,69,-122.2810265756454,47.692383896612135
4261,69,-122.301517546433,47.69029505840191
4686,69,-122.31528761438,47.6851476279575
4962,69,-122.30555502787732,47.69025424223517
4963,69,-122.305122987833,47.6902470248044
5046,69,-122.295912008717,47.6931485278231
5166,69,-122.301555232157,47.6939511016643
5223,69,-122.29340894112,47.695611816616896
5312,69,-122.295920864419,47.6966282773522
5412,69,-122.305014671222,47.69305338906147
5420,69,-122.303721446603,47.6939421204333
5442,69,-122.30068589570833,47.69484163619344
5553,69,-122.305740995208,47.6941126976851
5882,69,-122.302557095689,47.69022468657969
6110,69,-122.31618904684068,47.684585099803
6287,69,-122.304230122914,47.69518138272727
6812,69,-122.28194401770588,47.69239049322585
7284,69,-122.3037999959722,47.690235431580895
7452,69,-122.29127086273066,47.69742814870843
7753,69,-122.282507227763,47.6931782678423
7778,69,-122.291094911096,47.6966090315475
8273,69,-122.291727717842,47.6974274630933
8453,69,-122.30158659255,47.6993515677547
9002,69,-122.30415720837398,47.6912465244014
9003,69,-122.30412469020932,47.6908685686721
9547,69,-122.301557345648,47.6956844400218
9807,69,-122.28803830598,47.6915991707663
10181,69,-122.2933709923296,47.69660855400378
10275,69,-122.300477536608,47.6939387566452
10594,69,-122.295897561686,47.6948172204238
10631,69,-122.299259282888,47.693805192725
10718,69,-122.304120893665,47.6966065544256
10799,69,-122.31619470416,47.6852413328185
10922,69,-122.303315502422,47.69212417365026
11151,69,-122.30409161726202,47.69303823925859
11392,69,-122.302834332274,47.6930278805672
11523,69,-122.287936088585,47.6915985126973
12186,69,-122.303800737333,47.6901998389643
12327,69,-122.301546243382,47.689388718256
12705,69,-122.293444191445,47.6938879809104
12895,69,-122.285211573951,47.6905598464273
13096,69,-122.29131239885868,47.69478236031299
13332,69,-122.28519929607,47.691986975185
13447,69,-122.293421953292,47.6948019358343
13653,69,-122.30155986322602,47.6947686951749
13719,69,-122.294040899215,47.69562456125513
14476,69,-122.289612520452,47.69024244498083
14492,69,-122.31480553722,47.6856963580644
14511,69,-122.303750408675,47.6939414073781
14620,69,-122.29145195810366,47.69232760228164
14968,69,-122.30193649155,47.690726327629335
14979,69,-122.316196434856,47.6852826533892
15067,69,-122.31622176423134,47.68640669997384
15442,69,-122.301581702079,47.6965909568271
15957,69,-122.304075159272,47.6942417663818
15985,69,-122.301604230119,47.69840050855381
16179,69,-122.304226476258,47.6984105332812
16191,69,-122.293313751332,47.69232387825409
16236,69,-122.300399797746,47.69381446813723
16535,69,-122.300823488141,47.69666921579213
16607,69,-122.305696866144,47.69403653558769
16921,69,-122.29867920046,47.69206808374906
17068,69,-122.288003434561,47.6901114691315
17236,69,-122.29939722994034,47.6893984460724
17242,69,-122.28954888288064,47.691596173499136
17279,69,-122.305706314116,47.6939127200131
17640,69,-122.295982612467,47.6966300381663
18026,69,-122.281961599326,47.6901636544111
18768,69,-122.293323096483,47.69271201437794
19503,69,-122.295959400173,47.6948173570344
19612,69,-122.285366020164,47.6923176341341
19865,69,-122.30386093949134,47.69480285900747
20210,69,-122.295245815124,47.693902453482906
21882,69,-122.285205525519,47.691262273174
22210,69,-122.29812605706,47.69316186832904
22539,69,-122.291052940166,47.6938788616217
22655,69,-122.29341333250466,47.69521229550373
23917,69,-122.302647005021,47.6912060437899
24132,69,-122.28801530946198,47.6923218756535
25058,69,-122.302513487553,47.6901907673111
28074,69,-122.29047855107234,47.692318237428026
29109,69,-122.300618764533,47.6849008369331
31103,69,-122.301636925115,47.6983976453059
31354,69,-122.304260848374,47.6971403561747
31564,69,-122.29123112069436,47.697382219285466
32569,69,-122.304459148091,47.698413632999
32647,69,-122.320091226654,47.6842268749614
35263,69,-122.304803537795,47.695799822062
36729,69,-122.305366010589,47.6903565578738
1321,70,-122.342200279048,47.70008463646926
1351,70,-122.347372404308,47.6978899740259
1476,70,-122.347393791335,47.700490407922
2104,70,-122.346840553274,47.6890735047029
2618,70,-122.347388384632,47.6996873352582
2740,70,-122.341987080975,47.6986720655196
2774,70,-122.34195704213036,47.69601729225283
2775,70,-122.3419779936986,47.69629938990811
2834,70,-122.34464070647202,47.686888018896205
3110,70,-122.350599885828,47.6977809696502
3204,70,-122.350192546269,47.7022527054378
3647,70,-122.35197564899134,47.701395518357465
3697,70,-122.339970045985,47.6996871879856
3872,70,-122.354658783603,47.697781694294
3966,70,-122.34575071421834,47.700484038907405
4021,70,-122.352664682589,47.70255931068849
4074,70,-122.340867501686,47.697854154723
4145,70,-122.352685392604,47.7043093241518
4354,70,-122.351965171316,47.6977807199151
4531,70,-122.343477266471,47.6942338735737
4747,70,-122.352675584729,47.7032661138723
5265,70,-122.353359805075,47.7015024316928
5427,70,-122.339738636891,47.69421022278599
5428,70,-122.339110039186,47.6941982007508
6004,70,-122.344683686182,47.69237997073551
6038,70,-122.353345939307,47.6977836522821
6098,70,-122.347409154538,47.7017999931632
6289,70,-122.360788156223,47.6977909734806
6963,70,-122.344630411227,47.6962960356956
7166,70,-122.365943344642,47.6978042544545
7768,70,-122.342047758446,47.6996546357563
7876,70,-122.347289831387,47.6920926044778
8585,70,-122.33973993334332,47.6942362450104
8993,70,-122.352667452346,47.7021395468141
9539,70,-122.340326351699,47.6942125266944
9754,70,-122.34731314050198,47.6942611197693
9844,70,-122.353038309042,47.70472249997496
9959,70,-122.3473259099,47.69499070482001
9995,70,-122.352685531565,47.7036918063008
10027,70,-122.345294097284,47.6997035310707
10433,70,-122.360805798398,47.7014676684203
10526,70,-122.347195682324,47.69280980340411
10630,70,-122.352836532739,47.70503115381021
10807,70,-122.340705561525,47.6963411524942
10847,70,-122.347291485338,47.69122714781181
10996,70,-122.34244477744367,47.691003122780806
11188,70,-122.35117724790268,47.703984494867136
11207,70,-122.36595268864968,47.69946739688146
11208,70,-122.34187265867996,47.68799465089173
11221,70,-122.35946502824,47.69778790240199
11377,70,-122.33909699037932,47.6908778491839
11507,70,-122.350572227212,47.7015294586662
11807,70,-122.343330205017,47.6996616780744
12053,70,-122.343599431907,47.6932242410016
12124,70,-122.35269484953,47.7040158227706
12126,70,-122.347393930547,47.7010030174681
12497,70,-122.347336435743,47.6957267465775
13051,70,-122.34979696845367,47.691259058550905
13052,70,-122.354663153728,47.6978434300897
13077,70,-122.35462912650166,47.696087066426266
13239,70,-122.354650749354,47.6986891306678
13361,70,-122.344666842935,47.69092622695499
13437,70,-122.340901507565,47.699654234047806
13548,70,-122.342042967325,47.6996098339379
13549,70,-122.342003636992,47.69924205183779
13643,70,-122.3472968798,47.69281472020421
13644,70,-122.347305027867,47.693396287137695
13676,70,-122.344715654087,47.6949786647427
14116,70,-122.347189706101,47.6912320689511
14147,70,-122.344751000919,47.6978760215515
14195,70,-122.34460191377998,47.68905011854181
14196,70,-122.3440790963828,47.68906860146334
14475,70,-122.352670212707,47.7047347789218
14561,70,-122.34249631465,47.6942261556737
14885,70,-122.34195515379866,47.69455162780963
15023,70,-122.347202963542,47.6934011576273
15485,70,-122.351968543009,47.70326589110547
16025,70,-122.353315620683,47.6945697580992
16203,70,-122.35133824789,47.7043020011233
16332,70,-122.34722277530402,47.6949862448377
16804,70,-122.344732232812,47.6962920015778
17013,70,-122.35366880467632,47.70326868847107
17082,70,-122.345273233981,47.6996755289944
17418,70,-122.3434084986906,47.691864767053154
17420,70,-122.36594433128,47.6964653245808
17982,70,-122.345306327931,47.6942272633392
17983,70,-122.3447146159,47.6942343722818
18167,70,-122.34855418672,47.6912560314644
18551,70,-122.34729549171,47.7004919483976
18856,70,-122.34465917817,47.68904614766691
18991,70,-122.365944913559,47.6978728497563
19079,70,-122.3434218178434,47.69342697284564
19407,70,-122.340284564041,47.697828183658906
19519,70,-122.34943066645234,47.6927946098673
19566,70,-122.347188596066,47.69208539637631
19684,70,-122.341970396419,47.6966648302764
19940,70,-122.345374766389,47.69495401906163
20174,70,-122.343390507921,47.6989253237454
20266,70,-122.35195096317068,47.69462281891933
20868,70,-122.34472612997,47.695718444207806
20899,70,-122.352751899729,47.7032712052874
21092,70,-122.345282626807,47.69278351002897
21410,70,-122.35179943378569,47.70213299565861
21677,70,-122.344374631329,47.6908886673276
21719,70,-122.347211183344,47.6942566856597
21819,70,-122.35467257515133,47.70503117137184
21849,70,-122.344659034624,47.6897732963065
22534,70,-122.346378279519,47.69631908512667
22552,70,-122.34459760639702,47.6897767515263
22829,70,-122.35526413007533,47.70150176223823
22890,70,-122.354794241327,47.7043190181703
23099,70,-122.351030283127,47.70502069642623
23442,70,-122.35416101565367,47.70254462240447
23471,70,-122.33774963164534,47.69291260264944
23487,70,-122.34180716613,47.6991680190308
23632,70,-122.343338921486,47.6918011524026
23756,70,-122.35276944602,47.7040127374919
23832,70,-122.341403039974,47.6942190815328
23980,70,-122.359440549362,47.69459056398576
24146,70,-122.337741366091,47.6941915293062
24446,70,-122.349442506778,47.686915064144365
24457,70,-122.351962500326,47.697840797333605
24595,70,-122.34337367483,47.691941659755095
25233,70,-122.352873368402,47.7040084396819
25688,70,-122.344642822217,47.6876051842933
25872,70,-122.343508445099,47.6890241004676
25931,70,-122.345279167283,47.692062747564535
25958,70,-122.34929772044666,47.6956859602664
26062,70,-122.349395470225,47.6934330229719
26235,70,-122.34956581908534,47.700504174958034
26584,70,-122.35476291816931,47.70214420023806
26821,70,-122.34537279862768,47.69568396229817
26871,70,-122.344212258147,47.6923383774029
27117,70,-122.34593557373232,47.70179387481883
27227,70,-122.352557144294,47.7035438912074
27638,70,-122.34938055803566,47.69207397093773
27798,70,-122.347234931844,47.6957210199405
27828,70,-122.340297871871,47.691008855104165
28234,70,-122.34876885673232,47.70180183250381
28462,70,-122.347984843901,47.70099680430044
28589,70,-122.342642294921,47.69493685002967
28815,70,-122.347307752284,47.7017985185162
29192,70,-122.34530585895368,47.6934184960328
29850,70,-122.34137026807566,47.691021024565664
30361,70,-122.34526977367,47.6912469902851
31194,70,-122.346853638076,47.68979617593
31352,70,-122.34188601404531,47.68945744230623
32116,70,-122.345917273702,47.69422533076874
32326,70,-122.34338875548764,47.69103520718047
32639,70,-122.349513449152,47.6942328157912
32967,70,-122.349836778586,47.6949692412376
33555,70,-122.350557914316,47.6942609174309
33963,70,-122.341917072726,47.68977628963003
36287,70,-122.348534638761,47.6912217003866
37242,70,-122.343582662274,47.6918102128427
385,71,-122.35007537698,47.700113455188806
1208,71,-122.35003103068168,47.67838225261056
2530,71,-122.352587035395,47.6777642470445
3649,71,-122.34726830687669,47.68073348967274
3819,71,-122.34740326505,47.6777374915942
6852,71,-122.354472560662,47.6739228613401
7222,71,-122.354466953778,47.674604861160994
7395,71,-122.34634160653302,47.6787315955175
7790,71,-122.34646520506531,47.67802678818376
7795,71,-122.35446595947366,47.67739649428116
7815,71,-122.34998570496198,47.691243432819
8256,71,-122.352668891317,47.6810183475315
8720,71,-122.35007851874498,47.6996969575224
9058,71,-122.35025986449,47.7037016074491
9619,71,-122.35447206498232,47.6736452989771
9786,71,-122.351427806204,47.6754016830291
10511,71,-122.3537937581364,47.67603760206886
11176,71,-122.35380218482068,47.67639479922334
11525,71,-122.35062679394734,47.6769484739657
11728,71,-122.35445462775,47.677104427645794
12518,71,-122.350030491048,47.6912719395687
12542,71,-122.350113929388,47.70327442598509
13838,71,-122.35014229721268,47.7046857304071
14072,71,-122.349501421409,47.6769359407336
14168,71,-122.35045933367466,47.67602720254476
14496,71,-122.348220833205,47.67601770650421
14553,71,-122.349880235353,47.67539113283059
15100,71,-122.35316823594631,47.67963528159553
15320,71,-122.34735918946,47.67695349867049
15914,71,-122.3493908943638,47.6969291558819
15945,71,-122.352584642006,47.6769589723053
16151,71,-122.350060369192,47.6986730212925
16403,71,-122.35258462392868,47.67667251912017
16434,71,-122.34591321223768,47.67992480065123
16447,71,-122.34999317288664,47.67913756037549
16515,71,-122.352611801121,47.6802755136934
16635,71,-122.347420165917,47.6795676449139
16639,71,-122.349392386503,47.6968490053767
17124,71,-122.345901169665,47.6802638448207
17146,71,-122.349955709639,47.6810169372848
17686,71,-122.34551846739532,47.6808193259057
17703,71,-122.3500478959982,47.69684377647194
17796,71,-122.35445622658,47.6754055814221
18516,71,-122.34747968724,47.6986568621723
19065,71,-122.34937618781034,47.67391034983336
19165,71,-122.347744342807,47.6746234325249
20241,71,-122.349946860757,47.679932695615
20406,71,-122.35483498205734,47.6787817128448
20441,71,-122.34810352633168,47.70008888139633
21008,71,-122.354819325687,47.679636130716034
21009,71,-122.354447989103,47.6796167488801
21165,71,-122.35271656087302,47.6796308168533
21166,71,-122.34738051256902,47.67777838844669
21371,71,-122.352582360946,47.6787711482964
21453,71,-122.350353726845,47.674625873781736
22371,71,-122.349519041067,47.680274050375
22420,71,-122.349943140353,47.6795502582854
22463,71,-122.354468721764,47.6759248184487
22768,71,-122.352672917828,47.6802621325609
22815,71,-122.347743933066,47.68101219556289
23212,71,-122.34591556751066,47.68252966090833
23303,71,-122.3514222282258,47.67602304814134
23761,71,-122.34843769775767,47.67538974817807
24157,71,-122.354457098063,47.6787810807628
24201,71,-122.347393737763,47.6787366580146
24310,71,-122.34811083930464,47.696927625097736
24338,71,-122.35003848971,47.6777408372676
24435,71,-122.347403456158,47.6802660156702
25386,71,-122.349421099851,47.67602435607407
25890,71,-122.349408022226,47.67462527691013
26013,71,-122.34988350954102,47.6825251361437
26114,71,-122.35299199012168,47.6754014213671
26217,71,-122.34688554775734,47.67773607381377
26483,71,-122.34785682026832,47.699677250125866
26713,71,-122.35052713472668,47.68027424495153
27022,71,-122.349589952968,47.6795759424397
27099,71,-122.35192331628132,47.67540213082743
27172,71,-122.346233549542,47.6795613077356
27898,71,-122.354842700939,47.6759494613413
27963,71,-122.352726150088,47.6825236251828
28145,71,-122.349936747762,47.6825148880765
28298,71,-122.352670817698,47.6813875844715
28437,71,-122.35052323038632,47.67876308836063
28993,71,-122.34952525067798,47.6787494636865
29179,71,-122.350380906487,47.6753927969817
29841,71,-122.353022888242,47.6787720861086
30464,71,-122.346249402877,47.6794936118025
31642,71,-122.354734676626,47.6803957347094
33186,71,-122.354511031806,47.6771460930419
35545,71,-122.345136954075,47.6811211544953
37146,71,-122.347679108069,47.6809537107041
728,72,-122.33448313374168,47.770086511130735
1101,72,-122.34026287508,47.7596717074484
2004,72,-122.329731825342,47.7650549750017
2005,72,-122.3297084593,47.7646451731075
2753,72,-122.342939705915,47.7604837154709
2765,72,-122.33079649252328,47.76692187976872
2987,72,-122.343095374744,47.75849635185063
3807,72,-122.341246054583,47.7560266856095
3951,72,-122.343054366341,47.7631893669534
3989,72,-122.340160256594,47.7548060962699
4872,72,-122.340213729869,47.7577412443515
5356,72,-122.34302797768198,47.7619442520338
5462,72,-122.342035296515,47.7540936345081
5463,72,-122.34286187452732,47.75268049530776
5554,72,-122.340192732029,47.7560441132722
5592,72,-122.342306144443,47.7631925331597
6016,72,-122.337827324946,47.7560674799956
6235,72,-122.34289843937032,47.7586842026134
6870,72,-122.32973970919,47.76561522460239
7136,72,-122.340194883681,47.75648911056541
7349,72,-122.340176083486,47.7556702115836
7510,72,-122.343014257599,47.7614928152583
8205,72,-122.329837105697,47.7700170188553
8949,72,-122.33027970270068,47.76680777303434
8999,72,-122.343653336062,47.763186152987
9076,72,-122.329539955037,47.7646345229006
9377,72,-122.329773740827,47.7631921800106
9798,72,-122.340309024822,47.7614850551161
9866,72,-122.342916380885,47.7586902423237
9999,72,-122.340335347828,47.759672254114
10309,72,-122.340347081536,47.7549012857111
10349,72,-122.342182374051,47.7542386608236
10529,72,-122.340326780504,47.7631937898892
10547,72,-122.340291273615,47.760690680754
10964,72,-122.342999682947,47.7606394638444
11699,72,-122.338836420118,47.76319826587329
11709,72,-122.341800311534,47.75645697699414
12819,72,-122.3311035871,47.7633467692915
12885,72,-122.3312766113,47.7632020557933
13026,72,-122.343220475833,47.762111025423
14688,72,-122.33869265576702,47.7560576769121
14707,72,-122.344256703467,47.7614908319859
14806,72,-122.343922042207,47.7633512256753
16637,72,-122.338921143624,47.757749688612826
16666,72,-122.345465858251,47.7614832135874
16909,72,-122.337883095711,47.76375375231487
17287,72,-122.342903910499,47.7577238229018
17712,72,-122.340129330589,47.7534012634192
17735,72,-122.33636873477931,47.76087123400583
17857,72,-122.33809386045598,47.76692926558525
18441,72,-122.33897127922836,47.75966860306653
19807,72,-122.34299511019567,47.76332947193357
19826,72,-122.33116343512933,47.767213804919294
19843,72,-122.33607542839302,47.761495282872296
19844,72,-122.33551303345833,47.761492919332
19963,72,-122.340398730166,47.76550020184501
22686,72,-122.340275974622,47.7577522129255
22838,72,-122.345610675881,47.763145421282
23437,72,-122.3401425533244,47.754183249580976
23944,72,-122.34284488393769,47.7677538410774
24011,72,-122.340329589529,47.76312803274
24111,72,-122.336426216551,47.7669331752019
24503,72,-122.329768531331,47.7667070629447
24659,72,-122.34074659973598,47.76320045807968
25038,72,-122.34172664681734,47.7515310518296
25455,72,-122.342276683123,47.752691065737
26007,72,-122.341312908791,47.7558400645153
26789,72,-122.340344812296,47.7627715853678
26831,72,-122.334511233907,47.7691374813816
27591,72,-122.338710799081,47.7560159128055
27732,72,-122.34043403838298,47.7669232516569
28002,72,-122.337748219327,47.7614929548275
28310,72,-122.33912918649,47.76605335023643
28359,72,-122.32636417147668,47.76994701723584
28766,72,-122.343131997822,47.75993842052623
29007,72,-122.34293511741134,47.758206486683605
29047,72,-122.34306268612433,47.75735212583847
29108,72,-122.33222105769164,47.765657399616906
29289,72,-122.336590975236,47.76149228792409
29749,72,-122.340109147176,47.7526935762481
29834,72,-122.337788001391,47.7628481012487
29974,72,-122.33927348859568,47.75666979967287
30063,72,-122.329828052562,47.7681717932093
30066,72,-122.33444561899933,47.76822032631173
30172,72,-122.329767926808,47.7631697258776
30191,72,-122.335642644416,47.766938648015
30285,72,-122.34259804577869,47.75409015244111
31036,72,-122.336340170138,47.76381843227163
31161,72,-122.338960637055,47.7559006168777
31598,72,-122.342384539483,47.767753708013
31635,72,-122.34045134252568,47.7673415677086
31813,72,-122.336592141421,47.7615307722782
31895,72,-122.34247151948,47.7577319946341
31919,72,-122.34287689571632,47.75339878499184
32018,72,-122.343616523879,47.7577075407183
32154,72,-122.34121272218134,47.7677606851332
32196,72,-122.329805856172,47.7690586923623
32440,72,-122.34426690037,47.761343853055
32513,72,-122.340483724971,47.7605754908927
33079,72,-122.327173333941,47.7690095866093
33470,72,-122.341370963056,47.7655185429855
33650,72,-122.340731305057,47.7631736610041
33771,72,-122.34008703815232,47.75127262878633
34042,72,-122.32978440953,47.7646454424823
34341,72,-122.34170812684,47.7596721717861
35669,72,-122.329549103821,47.7650589183579
35828,72,-122.340363412752,47.7556614453031
37271,72,-122.343894455647,47.7560521653793
1565,73,-122.302610801757,47.6002368305744
4108,73,-122.305244003889,47.6015910481033
4386,73,-122.308887958336,47.60235307400651
4937,73,-122.306269079491,47.6043333053394
5460,73,-122.312786304705,47.606666616748406
5743,73,-122.308887031872,47.6026416968013
5873,73,-122.305114393555,47.6035410825907
6048,73,-122.304962609521,47.6043321862104
6271,73,-122.310111470573,47.60433690569349
6908,73,-122.30510670751868,47.6030233162129
7411,73,-122.305126182082,47.6020136451627
7656,73,-122.30298173413566,47.60263142832873
7807,73,-122.304961019794,47.604288299264304
8456,73,-122.312804022935,47.604304978833
8477,73,-122.304713095742,47.6026361623151
8583,73,-122.31159071286,47.6068706188206
8733,73,-122.30889356423,47.6022038964997
8734,73,-122.308896119854,47.601990222056834
8967,73,-122.303201006356,47.6002539613223
9022,73,-122.304420992067,47.6022305423557
9389,73,-122.314106463931,47.6043086308161
9473,73,-122.311617017575,47.6042976132178
9542,73,-122.316196584616,47.6034790086608
10014,73,-122.310182341366,47.60489785445887
10766,73,-122.30495987386,47.6059110668945
10872,73,-122.30437551500232,47.602092613586365
11187,73,-122.304369675955,47.60263729089056
11899,73,-122.303184696147,47.60428824914326
12207,73,-122.3052754802,47.6015904187826
12225,73,-122.30367781095,47.6042871677759
13020,73,-122.308890505203,47.6042923266547
13148,73,-122.30436452927,47.6027478477022
13213,73,-122.306249501385,47.6042919216523
13451,73,-122.303734445606,47.6026299883892
14649,73,-122.310090515924,47.60429569346021
15133,73,-122.312801068542,47.60402977756123
15744,73,-122.31011267842132,47.60371534267324
16645,73,-122.30435007267032,47.6035386307514
17307,73,-122.303673104079,47.6026165940738
18051,73,-122.308097815436,47.6026406328133
18585,73,-122.308832930282,47.599776829151
18633,73,-122.305112273373,47.60210008251773
18680,73,-122.303699030231,47.6050598200583
19234,73,-122.314098658514,47.6056872930885
20331,73,-122.3088502662587,47.601757606364174
20525,73,-122.31298569188,47.6073875886049
21667,73,-122.30885600991,47.6016121463028
21752,73,-122.307066162537,47.6026393538397
22636,73,-122.30627523446434,47.6019876906855
23248,73,-122.30884761005,47.6009764389508
23329,73,-122.306263390329,47.60575835504
25242,73,-122.303633634424,47.6002355268514
25514,73,-122.30757038064758,47.60174633815814
27387,73,-122.3036433450835,47.60026359779796
27388,73,-122.304221174506,47.6002444596029
28454,73,-122.308922492599,47.602279661682
28508,73,-122.30362429151,47.60026037706
29003,73,-122.306451726456,47.6017605541969
29150,73,-122.3096812212554,47.60173766518589
29835,73,-122.31272620410168,47.60661113506362
31083,73,-122.305180102421,47.6012883572384
32519,73,-122.303849958747,47.601568914497
32600,73,-122.306432076841,47.6017571951995
33700,73,-122.308786941716,47.6015875612981
34855,73,-122.30422153133,47.6003366336859
35033,73,-122.308057830899,47.6025983578345
35310,73,-122.30387110386468,47.60156889177446
35500,73,-122.305680732983,47.6034349719443
35830,73,-122.309090840221,47.6022804311361
36263,73,-122.30645500861,47.6007150545861
36625,73,-122.307580306518,47.6015854881067
37167,73,-122.306484761991,47.6020484326231
37284,73,-122.303164855312,47.6000130937466
90,74,-122.336406312772,47.77059434604829
636,74,-122.340489519807,47.7705802887164
1807,74,-122.33495985147634,47.76600625993917
3181,74,-122.335079091701,47.7706188055029
3843,74,-122.340817467758,47.7741116619632
4393,74,-122.342041591789,47.7705750237761
4468,74,-122.33782168444858,47.77181163898248
4725,74,-122.342296159353,47.769615798607
6647,74,-122.34046341209168,47.76813389896836
7324,74,-122.337803234426,47.770548541631705
8835,74,-122.337800238131,47.769775294427895
9294,74,-122.33646754866702,47.7723196347094
9560,74,-122.335134681138,47.7743780016373
9561,74,-122.335137350293,47.77432470103779
9712,74,-122.337782246647,47.7705903176975
9723,74,-122.344965547892,47.7662073432693
9797,74,-122.342353699767,47.76983801690741
10010,74,-122.334981779501,47.7660091219384
10288,74,-122.340508560409,47.7705384713947
10316,74,-122.336367133899,47.7677744290691
10317,74,-122.335754638164,47.76777413703643
11056,74,-122.335888609789,47.7741147122215
11165,74,-122.34161025997498,47.77410656626071
11166,74,-122.341610283581,47.7740872113168
11682,74,-122.343745422975,47.76775533361981
11830,74,-122.34372811547566,47.76771287146003
11833,74,-122.338164606626,47.7741154101385
11988,74,-122.343672617609,47.7741048247816
12443,74,-122.334951685459,47.7645578824013
15337,74,-122.342887822249,47.77410670648519
15500,74,-122.335141413183,47.7735939920094
15802,74,-122.33798387675,47.7728303692976
16613,74,-122.3367100748,47.7741158183236
19074,74,-122.338026285344,47.7728280563488
19172,74,-122.34018183697,47.777693766301866
19714,74,-122.337735527955,47.777439096036495
19715,74,-122.337356480725,47.77726625962706
19744,74,-122.337930000625,47.776043373931
19997,74,-122.335520944294,47.7669438271603
19998,74,-122.335001642454,47.7669702853645
20016,74,-122.334968824408,47.7654176774038
20234,74,-122.332996305208,47.7669482893989
20297,74,-122.33879206989134,47.773316625231566
20471,74,-122.33232691790266,47.7676057840308
20984,74,-122.336323183454,47.7760443736076
20985,74,-122.33581846811234,47.77604467172606
21222,74,-122.335776796424,47.77480788533567
22675,74,-122.338009032785,47.7731993786757
22676,74,-122.33801139301066,47.7735970392045
22950,74,-122.33779887739566,47.77230500989537
23631,74,-122.337811818967,47.7710954205207
24012,74,-122.337892719113,47.7749007472896
24358,74,-122.33674738180932,47.77484783183687
25045,74,-122.333664856422,47.7669451705733
25153,74,-122.339082306934,47.7759341240617
27454,74,-122.338690122639,47.7733016910161
27681,74,-122.34025303520632,47.7758403860538
28800,74,-122.343005325751,47.77408390087442
29140,74,-122.336424502136,47.7705520991708
29323,74,-122.335878796981,47.772324203934
29826,74,-122.33510204439,47.7711188428256
29867,74,-122.33493122220368,47.76367393208093
29945,74,-122.33512087279333,47.773593801965006
30049,74,-122.339811325438,47.7747670148602
31078,74,-122.33782419067602,47.7770793544997
31141,74,-122.33872853548267,47.7718545622045
31155,74,-122.33863842038431,47.7771924013587
31433,74,-122.33367128201598,47.76737797367716
31628,74,-122.33922099873666,47.77542539056841
31657,74,-122.3323127000946,47.76693785364626
32061,74,-122.33886268700832,47.77109310952903
32500,74,-122.334375795051,47.7653419788961
32667,74,-122.33971868236,47.7677640325562
32855,74,-122.3306450089378,47.76626030485684
33706,74,-122.33635193638332,47.77644441831293
34092,74,-122.33625300725532,47.77312669557393
34130,74,-122.337746358942,47.7678408097001
36196,74,-122.333300081228,47.766774115265
36669,74,-122.337976128719,47.7697685564291
37190,74,-122.333297843116,47.7646840618438
37235,74,-122.343672451423,47.7742451310644
85,75,-122.259262193075,47.51684193887
105,75,-122.253299645756,47.5053026523204
350,75,-122.25467667716698,47.50657842355989
483,75,-122.260636673761,47.5203850160078
885,75,-122.259296349707,47.51013098515781
1235,75,-122.264801261392,47.5096346581311
2267,75,-122.264808378084,47.5087474355422
2268,75,-122.264805678668,47.5085428476908
2345,75,-122.264821890406,47.5078433329459
2831,75,-122.25817091621302,47.5167772270882
2947,75,-122.262690150239,47.52004807610731
2948,75,-122.262258965557,47.52010018788141
3607,75,-122.26312835284834,47.51557742821437
4091,75,-122.260517488446,47.5202403153752
4566,75,-122.26516870005032,47.51718940012117
4944,75,-122.272464710645,47.5070275619049
5186,75,-122.26311729355298,47.5168676717694
5467,75,-122.254370798518,47.5062969748302
5647,75,-122.260441210277,47.5204778333091
6194,75,-122.259305438639,47.51163350750951
6337,75,-122.267353412818,47.5197785226701
6342,75,-122.266726968504,47.5062611180264
6600,75,-122.264520883146,47.5141776893862
6876,75,-122.267267422298,47.5223679900649
7618,75,-122.265315875301,47.514104315281294
8254,75,-122.269967698924,47.5129664491464
8392,75,-122.26217024190198,47.510007295424536
8788,75,-122.283213496928,47.5033703005543
8871,75,-122.262159037717,47.5107399238795
9082,75,-122.264839815441,47.5070455863948
9770,75,-122.265225271777,47.5168794472686
10195,75,-122.259296046848,47.51512753426144
10221,75,-122.264652102512,47.5136629777792
10285,75,-122.26196376455232,47.51061881252253
10827,75,-122.26222536803,47.5120586596235
10828,75,-122.261830918623,47.5118011498107
10833,75,-122.269200019302,47.5168071646522
10837,75,-122.260517016898,47.52035761921869
11378,75,-122.267251332568,47.520551417497
11380,75,-122.255824220945,47.50765254406681
11449,75,-122.25929894449833,47.51387191679527
11643,75,-122.264968888015,47.5138768206779
11665,75,-122.26721570009902,47.52055108506854
12437,75,-122.268615394993,47.5197725646488
12492,75,-122.260076872403,47.5106505676197
12541,75,-122.258128093959,47.5161181946397
13328,75,-122.267364149935,47.5168928204022
13329,75,-122.266803360188,47.51688597489581
13846,75,-122.270048324504,47.5070478603209
14187,75,-122.267247379887,47.5231623690513
14352,75,-122.270072838177,47.5060322072059
14353,75,-122.27009969014,47.5056509288897
14455,75,-122.264824281575,47.5069764873196
14875,75,-122.269450297577,47.5198349968033
15124,75,-122.26518820716468,47.50963473293433
15333,75,-122.265656253479,47.5143273416231
15471,75,-122.265831796136,47.5070443801784
15641,75,-122.2608173663334,47.51684956710928
15954,75,-122.262747068859,47.519345538414505
16642,75,-122.26044940572,47.516853554301
16749,75,-122.262207014785,47.5121095905891
16802,75,-122.265167660638,47.5197655746971
17486,75,-122.251138844149,47.5064198576981
17674,75,-122.26992884724,47.5183040770053
17690,75,-122.27000778334998,47.5087617793212
17784,75,-122.26997439656502,47.5124105590082
17794,75,-122.26044691101,47.51179204943063
18230,75,-122.25006904167766,47.507551585874005
18377,75,-122.26405195087,47.5168706242714
18634,75,-122.26840821818868,47.50878015285767
18863,75,-122.2511410239,47.5093388428006
19152,75,-122.262766259273,47.5171825050206
19160,75,-122.266878336864,47.5197772009135
19189,75,-122.266290323754,47.5189709936022
19279,75,-122.2493316261016,47.50563594358461
19280,75,-122.25016825450666,47.50563504515341
19601,75,-122.25231631644134,47.509342217665335
19739,75,-122.272719802361,47.5124985817137
20075,75,-122.26837560286631,47.51820972316357
20430,75,-122.27056418102768,47.5183134162697
20540,75,-122.262747253744,47.5189437791887
20632,75,-122.270705210245,47.5070484960446
20774,75,-122.270695701636,47.507053965445
20839,75,-122.265143581107,47.5189590902997
22249,75,-122.26893347275798,47.5087618331741
22262,75,-122.262165499486,47.5203118850035
22399,75,-122.252315840435,47.5064323330399
22881,75,-122.25740084353,47.51615152271321
23290,75,-122.255891233041,47.5061495767357
23291,75,-122.256462542481,47.5061386072665
23468,75,-122.252320506942,47.5054160635061
24036,75,-122.250111085703,47.5064184657509
24247,75,-122.27244729319132,47.50659655477036
24282,75,-122.258177008559,47.5116450238711
24506,75,-122.254432301182,47.5062712532827
24909,75,-122.257011831642,47.51638089393297
25190,75,-122.25770514166766,47.51810102189006
25631,75,-122.263931350076,47.51729925557074
25749,75,-122.253398546348,47.5064325364661
26228,75,-122.25661028157168,47.51556009937667
27085,75,-122.25626822186632,47.50574909986693
27166,75,-122.25834059987,47.519285267964
27241,75,-122.273904040618,47.5070085675706
27952,75,-122.25974785591602,47.5179719320246
27956,75,-122.25467662342568,47.509325193038535
28043,75,-122.261581085312,47.5189341107454
28193,75,-122.25758853752966,47.511642953797
28323,75,-122.257121506559,47.5061211673608
28385,75,-122.268933718428,47.5087450015378
29221,75,-122.255843108378,47.5092742699764
29447,75,-122.24948497941068,47.5064141467683
30405,75,-122.26580835599668,47.50786598155133
30443,75,-122.266217249723,47.519294735623134
30620,75,-122.261606497818,47.517239345223
30621,75,-122.26405875933268,47.51516632574496
31033,75,-122.25706714114268,47.51740701128424
31110,75,-122.254300931817,47.5063158100436
32209,75,-122.25588818249268,47.5067620689953
32374,75,-122.266323646736,47.5171851167309
32383,75,-122.26019971309331,47.51516652264607
32601,75,-122.26389250326,47.5189544257853
33296,75,-122.265879019386,47.5087586735045
33493,75,-122.249273729494,47.5057373842901
33922,75,-122.26156305788,47.5190239585
34001,75,-122.267440593269,47.5224189696114
34065,75,-122.264864140214,47.5084170146174
34124,75,-122.26900123278,47.5169355847313
34608,75,-122.266440897141,47.5199523661626
34635,75,-122.26032633373131,47.51930115718167
34873,75,-122.259170698999,47.5201540343442
35907,75,-122.262215482241,47.5107265256328
35986,75,-122.265830884039,47.50698010564647
37070,75,-122.269926634722,47.5129734511195
37395,75,-122.266958360001,47.5169234886521
1,76,-122.304711275917,47.6183597367883
101,76,-122.308077902678,47.63234617207829
451,76,-122.305953574317,47.6331601936173
518,76,-122.312928119096,47.635923753683
1060,76,-122.30985173181568,47.633395606148206
1282,76,-122.303605342769,47.617044910955386
1610,76,-122.311887710026,47.6313809926334
2274,76,-122.309232646799,47.6310208102172
2445,76,-122.30287107867998,47.63232031817879
2686,76,-122.303553573637,47.6323303594852
2718,76,-122.310530992889,47.6322765456435
2962,76,-122.303617545273,47.6173642227789
3140,76,-122.306572807952,47.6323359018784
3712,76,-122.30545897497798,47.6184509940632
3713,76,-122.306084585699,47.6184526579291
4084,76,-122.303582794114,47.6331582984272
4464,76,-122.31063361473832,47.62478611780454
5115,76,-122.304079259599,47.63528879193694
5314,76,-122.3092021455636,47.63227801368994
5339,76,-122.306080088781,47.6227391365456
5637,76,-122.31352429905232,47.63706886106684
5730,76,-122.311916210647,47.6314217463332
5931,76,-122.307381642523,47.6268181257559
6315,76,-122.303753621092,47.6252913259907
6405,76,-122.304740538231,47.6231538296855
6552,76,-122.304607106956,47.62517075596859
6558,76,-122.304528500207,47.6184635801423
7153,76,-122.305081139187,47.6331653642938
7306,76,-122.305881357068,47.6339728368442
7397,76,-122.30538897995432,47.62312659056047
7465,76,-122.305364624145,47.6197434189887
7591,76,-122.30472396659566,47.61834621482467
7667,76,-122.313535905234,47.6359561657772
7813,76,-122.31188266226802,47.6307228008264
8060,76,-122.305327309791,47.6323274731673
8543,76,-122.311868926955,47.63409681714321
8573,76,-122.308076586632,47.6322282490129
9102,76,-122.3061221413712,47.62316554377366
9814,76,-122.30792395823669,47.63093891008166
9835,76,-122.305420644652,47.62680893534141
10150,76,-122.31195935198302,47.62478981846703
10242,76,-122.304153840742,47.62717930459599
10388,76,-122.304677240419,47.6231582214024
10435,76,-122.308650845622,47.6323559301325
10616,76,-122.305396066535,47.6231631546735
10658,76,-122.303702103195,47.617358826024905
11389,76,-122.303878887554,47.6178247238247
11916,76,-122.311861496272,47.632372157679605
12519,76,-122.306724756138,47.6327499281177
12886,76,-122.304061662063,47.6323290251911
13353,76,-122.305462138627,47.62518682958049
13460,76,-122.302231835048,47.6323189140083
13647,76,-122.306062034185,47.62378573078596
13874,76,-122.31219476500269,47.6323741360113
14509,76,-122.313535745857,47.6359164445685
15367,76,-122.30225614563568,47.63185846926637
15386,76,-122.302251720432,47.6329589690901
15867,76,-122.304523478876,47.633165111638
16351,76,-122.306639211944,47.6268109207066
16490,76,-122.306573672926,47.6322203672605
16626,76,-122.310030143279,47.6322732467118
17113,76,-122.313663030078,47.6359368692628
17893,76,-122.305411348763,47.61902997319
17966,76,-122.311883971029,47.6331248146248
18175,76,-122.308649029859,47.6323957443466
18224,76,-122.302877485866,47.6322016510099
18355,76,-122.304516034522,47.6182603317748
18402,76,-122.30664798927567,47.62517707984989
18579,76,-122.307391476168,47.6265343525682
18612,76,-122.304832483672,47.6184555250286
19167,76,-122.30528561190266,47.63418398418981
19353,76,-122.30662406759332,47.62822219157626
21463,76,-122.303450169384,47.6148404856412
21936,76,-122.305468060997,47.6251388432941
22572,76,-122.302075303294,47.6338321751588
24633,76,-122.311925001597,47.6307241597663
29822,76,-122.30544149897,47.619009853381726
30885,76,-122.303856361262,47.6175864239675
32239,76,-122.30250484536032,47.61836270022593
35023,76,-122.302543028976,47.621993274517
36725,76,-122.311995078546,47.6331208872168
53,77,-122.315261822895,47.7105108080011
200,77,-122.307799991292,47.7048379751879
201,77,-122.307088480227,47.7048136086089
1206,77,-122.303560037939,47.700218620953
1423,77,-122.31701700720464,47.7030543193001
1464,77,-122.307092434606,47.7043967825735
1465,77,-122.3070707370438,47.70439595323823
2139,77,-122.315281042859,47.70893638457411
2210,77,-122.314636465976,47.708479486299005
2211,77,-122.313895188841,47.7084755319486
2290,77,-122.314971720176,47.6994968345108
2594,77,-122.30965310879832,47.70167787689264
2856,77,-122.30282773063531,47.70295833113136
2956,77,-122.306304747272,47.7084253242877
3399,77,-122.312248082097,47.7030231311164
3452,77,-122.308156790366,47.7067034681671
3868,77,-122.31257843431968,47.69848153450147
4077,77,-122.309637557248,47.700272439432
4179,77,-122.315278879081,47.7084797356068
4365,77,-122.306954477915,47.7038914292033
4591,77,-122.31266222323832,47.69758736300823
5032,77,-122.3043468883,47.70206727825174
5324,77,-122.312241857487,47.7021140994396
5458,77,-122.31481655763498,47.6966921369007
5998,77,-122.304379839233,47.704362565700734
6210,77,-122.31525442384918,47.710974112219816
8049,77,-122.306948464574,47.6994206113712
8581,77,-122.31700419494,47.7084814891089
8605,77,-122.304331291084,47.702545975790166
8606,77,-122.304350082795,47.7029685198193
8659,77,-122.316347128332,47.7097358906753
8671,77,-122.301833939405,47.70266579111401
8758,77,-122.306932464862,47.7029887753877
8825,77,-122.31882460359132,47.70849882018307
8948,77,-122.30620169928,47.7048123106721
9023,77,-122.30689433617266,47.6980456410465
9552,77,-122.310049316603,47.7084618916388
9570,77,-122.306896261966,47.7020804136588
9818,77,-122.315238404012,47.709730492671405
10063,77,-122.31698817738034,47.70215178871833
10210,77,-122.31491843023998,47.6957913868902
10297,77,-122.311631851294,47.70120981988077
10673,77,-122.306204041228,47.7084266567061
10681,77,-122.30738600217067,47.70026470964263
10705,77,-122.306328091912,47.71025589945301
10968,77,-122.3096584923314,47.7012651816204
10969,77,-122.309634993791,47.700756566816224
11338,77,-122.31050445721633,47.70210542757593
11384,77,-122.31654593835736,47.70032747994156
11452,77,-122.316641134047,47.704880093730026
11453,77,-122.316073713069,47.70486775925409
11605,77,-122.31703934519568,47.69761045662733
11717,77,-122.314899984406,47.69669358878989
11877,77,-122.314930469468,47.6984939468985
11983,77,-122.314827944613,47.6984958323165
12089,77,-122.308182000656,47.7064460295048
12195,77,-122.3061887239,47.7066900162768
12238,77,-122.302813074949,47.7010861635926
12329,77,-122.304346206239,47.70337259260376
12343,77,-122.31002007536,47.7067207969707
12379,77,-122.315116937086,47.7030485273311
12429,77,-122.31267080650169,47.69577542048
12508,77,-122.312093722553,47.6994727386811
12638,77,-122.309623483413,47.7042898983003
12790,77,-122.314806670348,47.6976021918643
12817,77,-122.307810960778,47.699432166527096
12900,77,-122.304262241536,47.699404845196
13047,77,-122.312344834294,47.7067474767822
13439,77,-122.30269199311832,47.7020474461206
13536,77,-122.306916478337,47.69851292812902
13589,77,-122.312673863166,47.69667551666453
13704,77,-122.306290476901,47.7066894193922
13769,77,-122.303409327389,47.7064791393315
13779,77,-122.315136706324,47.703951971718
13861,77,-122.315799921104,47.7084892701418
13922,77,-122.30702585247,47.702984943433
14109,77,-122.303235372446,47.7038639096179
14431,77,-122.30705229572202,47.70389208122
14653,77,-122.315011975638,47.7030499208087
14682,77,-122.31079394996432,47.7030171722811
14739,77,-122.31704528481768,47.69580470218176
15223,77,-122.309587952419,47.6994576642035
15232,77,-122.306961772528,47.7012583003819
15433,77,-122.302081564293,47.702050867776
15875,77,-122.31506046738998,47.70213720514639
15999,77,-122.315039373703,47.70394967352869
16000,77,-122.315822999178,47.7039593327323
16178,77,-122.304237933854,47.6987290799156
16187,77,-122.317774578007,47.7096811864571
16281,77,-122.30842109327,47.6993221338455
16504,77,-122.30551691739466,47.69843997190336
16533,77,-122.30805113369166,47.70299696318836
16673,77,-122.315323234878,47.708935469261
17049,77,-122.308361303853,47.6994385223035
17169,77,-122.314884133792,47.70676967459366
17272,77,-122.317424951093,47.7097326669524
17489,77,-122.303820885272,47.6994055490144
17698,77,-122.316890972376,47.6967113888999
17766,77,-122.320427871545,47.7080286355632
17972,77,-122.30315832519402,47.70022933793283
18055,77,-122.311725344044,47.7002928748287
18351,77,-122.302855306749,47.701090408242
18403,77,-122.303431349642,47.7002292179665
18485,77,-122.30699893805,47.7020785641412
18493,77,-122.31489286756398,47.6975994777135
18772,77,-122.30877506950269,47.7048755900675
18807,77,-122.317062980009,47.703964984285335
18992,77,-122.30750519789169,47.70208756742783
19337,77,-122.30781000470768,47.69988987661507
19378,77,-122.31064640936631,47.70077491430927
19651,77,-122.31387069432532,47.70620351814106
19667,77,-122.31233414073137,47.70433143412317
19689,77,-122.31281241233069,47.70029178416296
19877,77,-122.307462772959,47.701253244885
20007,77,-122.31700973055234,47.6985165681329
20111,77,-122.312886355669,47.7030379869326
20329,77,-122.315103849588,47.70488032299469
20351,77,-122.313865822679,47.7067632558642
20926,77,-122.306332766596,47.7002668207596
21324,77,-122.30719451432134,47.70553266679783
21408,77,-122.314962706901,47.702137231573296
21656,77,-122.31506913971198,47.7053449390718
21657,77,-122.314690637444,47.70523790305543
21792,77,-122.30982531890702,47.7048828850834
22300,77,-122.312352061442,47.7064536811886
22301,77,-122.312355196731,47.70622391356546
22449,77,-122.312347537928,47.70801969883093
23095,77,-122.31501338314,47.7003161575851
23182,77,-122.31490854784902,47.70031557457819
23461,77,-122.314942346459,47.7012150594451
23576,77,-122.31381579079,47.70486792731783
23894,77,-122.31764524725,47.709732757042
24377,77,-122.31591839588168,47.7105145844778
24535,77,-122.309891676192,47.7051301374104
24536,77,-122.309849195234,47.705130680451
24713,77,-122.31504322162898,47.7012123415792
24904,77,-122.31679341110134,47.7064095502899
24963,77,-122.31295561200636,47.70390806638759
25517,77,-122.31283057986832,47.70213247177063
25719,77,-122.309863095753,47.7048825750229
25932,77,-122.31506529169468,47.70571374871647
26099,77,-122.31670992103034,47.70719136933658
26724,77,-122.31707410254931,47.70123387657063
27236,77,-122.31003358706532,47.7077797303652
27698,77,-122.306225562379,47.7102546909886
27699,77,-122.30573969356531,47.7102489610483
28120,77,-122.30935805799233,47.70563964234117
28242,77,-122.30440845223,47.7066673388031
28414,77,-122.31269799207166,47.70120387897754
28540,77,-122.308780531587,47.70898961390674
28821,77,-122.31577695154331,47.71099838912107
30251,77,-122.304413729454,47.7068406653574
30843,77,-122.317744635477,47.7085019470013
31287,77,-122.315269998264,47.7071870929349
32004,77,-122.31039601773966,47.70571949730863
32342,77,-122.307181482657,47.71026257200157
32577,77,-122.312823113299,47.7067486810795
32720,77,-122.30816520040833,47.707961801320096
33109,77,-122.315642106509,47.7118020925881
34072,77,-122.318018742034,47.7093453711778
34445,77,-122.318808056557,47.7084804135545
34806,77,-122.30547964203464,47.7085481659017
36089,77,-122.316401110655,47.7097012305635
37090,77,-122.31777010912,47.7084990021868
37382,77,-122.301885400669,47.7027030251717
442,78,-122.34549174398734,47.72235574347233
464,78,-122.33396195158171,47.70970783213063
710,78,-122.3312960741374,47.710912962945855
734,78,-122.341799357973,47.6985476471839
913,78,-122.3321068523525,47.70950760667605
1089,78,-122.34380409452064,47.6971235831312
1109,78,-122.33209752500666,47.709609412037
1130,78,-122.343055092503,47.7123969191977
1151,78,-122.344657471327,47.6986333551097
1371,78,-122.33392493166131,47.712249140060926
1372,78,-122.333905411378,47.7122482312185
1506,78,-122.339657623049,47.7182013448102
1573,78,-122.34197811584322,47.69747505014678
1740,78,-122.344776339031,47.7001404843555
2167,78,-122.333299174562,47.7096479719277
2467,78,-122.3418314941393,47.6986624626934
2514,78,-122.33830359609163,47.71632544808119
2888,78,-122.331918312965,47.7096394661546
3036,78,-122.342039251027,47.7144722358638
3145,78,-122.33404735964,47.7160139207359
3234,78,-122.334123540334,47.724296549650695
3260,78,-122.343135328826,47.7123614269635
3261,78,-122.34221323370302,47.71237876604831
3331,78,-122.334012870269,47.710435674462
3501,78,-122.333861218544,47.7095066153387
3518,78,-122.342230286052,47.7129406603587
3613,78,-122.339441481189,47.7170302456956
3769,78,-122.345105517661,47.7214568164208
3911,78,-122.345104329301,47.719523823414
4098,78,-122.338041472171,47.7159753404709
4113,78,-122.34204237732,47.7130701876187
4114,78,-122.342047334364,47.71308309718095
4148,78,-122.334128484459,47.7249696414532
4593,78,-122.3487957653628,47.70501307497573
4594,78,-122.34513879281933,47.72145604780357
4596,78,-122.33399123413334,47.71043342996907
4666,78,-122.347459089663,47.70500914704435
4730,78,-122.339504888203,47.7196210637366
4763,78,-122.35154995488,47.7086600073736
4772,78,-122.34508826929898,47.7200522785748
4794,78,-122.350276245328,47.7223540091264
4888,78,-122.339440467419,47.71632047210212
4889,78,-122.339423040758,47.7159819469671
4909,78,-122.337211911079,47.712381723625
4913,78,-122.345124943636,47.7200540008168
5024,78,-122.34196903516168,47.69673518818226
5025,78,-122.34198305260502,47.6971430292268
5313,78,-122.33631921295,47.712379371979
5472,78,-122.33331890323568,47.70962673442333
5632,78,-122.350411986142,47.71963438747449
5633,78,-122.350248127549,47.7195448170011
5773,78,-122.335748183392,47.7159786888733
5874,78,-122.339474530877,47.7181611313215
6310,78,-122.33636718865598,47.7159753795251
6410,78,-122.342346590015,47.7195853879272
6764,78,-122.343917594644,47.7123991301826
6805,78,-122.344937142005,47.712360717530295
6909,78,-122.332110466665,47.7094943939971
7203,78,-122.33284401436,47.72496716441359
7316,78,-122.3378020720182,47.71704312447552
7329,78,-122.344843041084,47.70557040954801
7410,78,-122.342220049642,47.7004356683651
7487,78,-122.34202338431,47.7135465147271
8031,78,-122.344826444084,47.7042732485662
8058,78,-122.33397349446166,47.71119979842134
8081,78,-122.33509035011998,47.72507202722469
8159,78,-122.344073399969,47.7123660623457
8174,78,-122.350272913867,47.72145972203359
8257,78,-122.34565269184,47.6986345179352
8329,78,-122.3420270813,47.7137614555449
8356,78,-122.336249273266,47.712337357959
8374,78,-122.341981233213,47.697850127753405
8716,78,-122.334083910073,47.7220739220008
8718,78,-122.332254241114,47.709477040517
8789,78,-122.344894224281,47.70975732684061
9080,78,-122.344887748772,47.7057104675558
9207,78,-122.35044149786734,47.72235776796313
9267,78,-122.336186615872,47.7219323136327
9296,78,-122.351526788934,47.7075241844318
9469,78,-122.35152416678,47.7072631819723
9620,78,-122.334678318014,47.7231506302382
9729,78,-122.339514438504,47.7224767931138
9730,78,-122.339503969823,47.722076939027
9747,78,-122.344954372143,47.7097614978948
9773,78,-122.349425542461,47.7223540742058
9857,78,-122.33642614528,47.72206288233931
9935,78,-122.341800906826,47.6986706622416
10216,78,-122.351690834394,47.7196381057639
10330,78,-122.334306848354,47.708682143241
10811,78,-122.339455544356,47.7158546582679
11045,78,-122.329525599606,47.724943227785765
11064,78,-122.342276736088,47.7141049935642
11091,78,-122.331603013731,47.7249595699138
11102,78,-122.342247349066,47.7140959663798
11284,78,-122.342014278867,47.7130172252096
11391,78,-122.342033268375,47.6977714398744
11992,78,-122.34235549204,47.7195258569347
12274,78,-122.33408959681,47.72314521537479
12352,78,-122.34092419782034,47.71631380034379
12390,78,-122.331604565351,47.725351896433
12494,78,-122.33953015038,47.7163063013707
13150,78,-122.3447014572468,47.715991942217
13218,78,-122.34033276651822,47.722117178937616
13337,78,-122.352973981852,47.7214532116006
14484,78,-122.333987978157,47.7122192567015
14595,78,-122.341984137598,47.6986035574567
14899,78,-122.33416991329402,47.72314646654869
15175,78,-122.34942551007198,47.7195442891552
15195,78,-122.34364645551132,47.700057789058
15221,78,-122.342325231459,47.7189581705264
15321,78,-122.338916148226,47.7123511788164
15488,78,-122.34574819995198,47.6986709263775
15579,78,-122.33851083791,47.719616164846
15748,78,-122.3351283998544,47.71597622220738
15820,78,-122.345000577705,47.7159392651561
15911,78,-122.331311977111,47.711354782158
16499,78,-122.342338085382,47.7196540111125
16845,78,-122.34744020131798,47.7043354197084
16846,78,-122.3474798584958,47.7047156855998
16949,78,-122.334039854389,47.723145648918
17094,78,-122.350356463335,47.7178228887981
17164,78,-122.34745133903398,47.7042662547298
17205,78,-122.34942058062168,47.7231419736764
17726,78,-122.343731600519,47.719518667772
17863,78,-122.34676415199569,47.70500823891246
18292,78,-122.347426758375,47.70399624052464
18352,78,-122.335422359097,47.7123350467214
18486,78,-122.344798329532,47.70222751415261
18705,78,-122.32976490964968,47.72310864449096
18891,78,-122.344613793712,47.7132192383638
19431,78,-122.33412636129,47.7268057260233
19693,78,-122.3448912803926,47.70832053830546
19872,78,-122.346302112104,47.70469721587764
20473,78,-122.34881194176,47.706094188771296
20715,78,-122.333993576414,47.7133626986535
20895,78,-122.334704157541,47.71233187984941
21439,78,-122.335299615756,47.72510957405783
21585,78,-122.349448965581,47.7050179669518
21821,78,-122.344940576012,47.7127971597396
21951,78,-122.350249031345,47.7104399307098
21969,78,-122.331273219327,47.71054949009348
22110,78,-122.344777749314,47.700456467387504
23900,78,-122.337146761668,47.7123445453771
24289,78,-122.35032233104,47.7159866905291
24300,78,-122.344945384109,47.7132323661855
24342,78,-122.33757160065,47.7213306431768
24343,78,-122.337603709442,47.7213450043946
25243,78,-122.344759211787,47.6986383208312
25541,78,-122.330124885629,47.7122264458607
25638,78,-122.346708382853,47.69867901584504
25770,78,-122.336646572133,47.71964279926473
25992,78,-122.344656020837,47.7126570506606
26433,78,-122.331339403861,47.7122249608976
26580,78,-122.349385311564,47.7159868182505
26631,78,-122.33295088169366,47.72313491425261
26874,78,-122.33745562442634,47.717564075626136
27154,78,-122.335743383799,47.7158484730817
27276,78,-122.330265821753,47.7109072409614
28150,78,-122.344929020376,47.70823702041877
28296,78,-122.35169885834866,47.72282028759574
28453,78,-122.33011503295734,47.71182110187431
28539,78,-122.350221533922,47.7086542053516
28897,78,-122.33228178960132,47.71042346239273
28951,78,-122.33728225424768,47.721954440028405
28971,78,-122.34690657479234,47.70211970706063
29181,78,-122.334664399986,47.7233040347459
29461,78,-122.337839893655,47.7213114841057
29485,78,-122.33538521061568,47.71532344444273
29510,78,-122.34549345372402,47.722341250509
29896,78,-122.3378398562,47.72315140596847
30020,78,-122.349420237302,47.7196131125255
30333,78,-122.331491283003,47.7113709411166
30736,78,-122.33412740077,47.7257324721004
30737,78,-122.33353488989434,47.72574192572663
30789,78,-122.33163751916,47.7231217185265
30872,78,-122.34033171254,47.7221621392987
30942,78,-122.33134573045466,47.712878053419765
31039,78,-122.35094313938832,47.71781737175237
31281,78,-122.333471421695,47.7268047663243
31421,78,-122.349531448097,47.721458310779
31611,78,-122.33414469756632,47.72824685747974
31738,78,-122.330251102465,47.72375210388543
32017,78,-122.334818163623,47.7268054880398
32297,78,-122.329676759191,47.712225526033
32320,78,-122.333951576263,47.7133692838916
32379,78,-122.33412049023,47.72127828381647
32485,78,-122.34134052937831,47.69783251751167
32571,78,-122.338024523504,47.7158522879825
33467,78,-122.33284798376,47.7262617191076
33551,78,-122.337681328808,47.7179682297706
33616,78,-122.330250578156,47.7231132282408
33688,78,-122.335541052306,47.7250611840227
33996,78,-122.332826532642,47.7242802814593
34158,78,-122.34092973945168,47.7169561897515
34302,78,-122.337639069193,47.7179962940217
34403,78,-122.338229425257,47.712384395836
34797,78,-122.351581517707,47.707481869146
34866,78,-122.350206803509,47.7044257947917
35411,78,-122.333887262243,47.7103940523969
35502,78,-122.350206596957,47.7079488058255
35604,78,-122.343758145958,47.71965426102
35814,78,-122.336363036185,47.7158495138935
35878,78,-122.334133447429,47.7097135446317
36033,78,-122.352971410161,47.72281687221
36947,78,-122.34473976565,47.7212269221514
37265,78,-122.335416023336,47.7123769852151
151,79,-122.34264099153602,47.7032769139178
284,79,-122.343424547919,47.7069220722122
1542,79,-122.342125161051,47.7069361885448
1543,79,-122.341342210963,47.7069402417051
1598,79,-122.350031860132,47.7035735083909
2794,79,-122.343946688719,47.7069557296311
2938,79,-122.340735938517,47.706943017162
3534,79,-122.341342308527,47.7068742095045
3674,79,-122.34203332533532,47.7020907669452
3675,79,-122.34203920722298,47.7024987023585
3802,79,-122.347420043435,47.7032536509203
3964,79,-122.33540563917968,47.70768776188711
4557,79,-122.347474904845,47.7067893301302
4608,79,-122.337588300128,47.704982514516
4733,79,-122.3481111295168,47.70809293560286
4734,79,-122.3474939194064,47.70796774064495
5185,79,-122.3488364977412,47.70796549907409
6711,79,-122.348088099741,47.7064709767668
7294,79,-122.343938749045,47.706919766988
7348,79,-122.335085496536,47.7080764680831
7866,79,-122.348087626256,47.7064284977828
7885,79,-122.342066451671,47.7032917422448
7886,79,-122.341318164403,47.7032777444221
8258,79,-122.335005306862,47.7080764313793
8955,79,-122.337437301101,47.7069144465906
8987,79,-122.339353089045,47.70322495649841
8995,79,-122.34943485985998,47.7035708741968
9247,79,-122.340710042942,47.7051731298395
9943,79,-122.33386699367448,47.70677965452979
10518,79,-122.337562016353,47.7031732690945
10523,79,-122.33942314809,47.70687087177729
11280,79,-122.336027025696,47.7069337678363
11281,79,-122.33539351640802,47.706800768231496
11576,79,-122.346174550544,47.7079837262374
11590,79,-122.342123768295,47.70686704426921
12129,79,-122.340692605097,47.7032814258815
12490,79,-122.342061237865,47.7032384780016
12505,79,-122.34395298266868,47.70453907922536
12512,79,-122.332065792078,47.70599755206217
13073,79,-122.336867474278,47.70618952554033
13098,79,-122.34346419783463,47.70818968584664
13129,79,-122.34394312648,47.7032888421501
13700,79,-122.339426010779,47.70693865574051
14545,79,-122.33935759614,47.7032762777586
14600,79,-122.346137953509,47.706487429345295
14895,79,-122.340692090743,47.703230075958494
15196,79,-122.339993406013,47.7032702059516
15215,79,-122.34080657420832,47.70862869088666
15477,79,-122.341380954143,47.70793861956624
15511,79,-122.34266424991768,47.70429653000493
15599,79,-122.348065331205,47.70561990130566
15660,79,-122.334960004801,47.7067899818571
15681,79,-122.332665154091,47.7068077301717
15761,79,-122.343398528448,47.705353735018
15906,79,-122.340739214841,47.7068791821998
16634,79,-122.331769235313,47.7068007581164
16731,79,-122.347411819557,47.7035427034342
16882,79,-122.34214984619366,47.708282768869104
16889,79,-122.34546862099933,47.70799440331268
17131,79,-122.348820345281,47.7067704657335
17270,79,-122.34076017095,47.7077923736719
18450,79,-122.347412759652,47.7025329156788
18840,79,-122.34132959785832,47.70586345162277
19171,79,-122.33743362021266,47.708301373347695
19238,79,-122.34208316756734,47.7046270406643
19308,79,-122.33534968433932,47.70770466194983
19504,79,-122.332664004534,47.7068977399412
19508,79,-122.337610215613,47.705083942060206
19638,79,-122.33938064435434,47.70540422096713
20251,79,-122.34937981027537,47.70543706292656
20957,79,-122.34614877165968,47.70690075685007
21068,79,-122.34611794250333,47.70546244269577
21697,79,-122.345347130404,47.70251971681423
21750,79,-122.34617491733802,47.70836545037713
22012,79,-122.333754200904,47.7087346457134
22052,79,-122.34337810244034,47.7039788484765
22802,79,-122.33263855054712,47.70858214300084
23724,79,-122.333841771333,47.7087905822975
24003,79,-122.34909938716532,47.70253130781996
25333,79,-122.34132284337666,47.70431095107643
25846,79,-122.343431184207,47.7051208501851
26010,79,-122.34206421151836,47.70236919396737
26011,79,-122.34208991497,47.7022720333103
26090,79,-122.339332588703,47.70176752910003
26695,79,-122.340672423014,47.7018459013463
27442,79,-122.3338389752856,47.70841948424086
28973,79,-122.340718800229,47.70463151236507
29078,79,-122.339365432975,47.7043000952167
29709,79,-122.333798475557,47.7077562408925
29873,79,-122.335333854633,47.7067703525002
31156,79,-122.349277366278,47.7032544154999
31706,79,-122.34129173239836,47.70188559059313
34015,79,-122.34208970523,47.7022554151755
34303,79,-122.34627779492034,47.70325044255463
34425,79,-122.339956182969,47.7024976969035
34648,79,-122.333870342778,47.7060354026134
34759,79,-122.342152892358,47.7053952126482
35431,79,-122.342090176843,47.7022928531362
35934,79,-122.350219345623,47.7058756126739
36376,79,-122.350219014313,47.7058555328091
36383,79,-122.331880436121,47.7085453813638
37067,79,-122.350229403075,47.7037015170868
37237,79,-122.331986381798,47.7069186029971
37258,79,-122.335862755071,47.707818043537
86,80,-122.26204526270702,47.67493203913569
98,80,-122.26804063833856,47.67592735403912
99,80,-122.26805163246232,47.67591745699184
278,80,-122.270232654191,47.6787311918045
313,80,-122.258080101235,47.6724654951749
373,80,-122.2590463975238,47.67277575174314
428,80,-122.266395932275,47.6757823293525
841,80,-122.264325313936,47.67286271116749
962,80,-122.26944812644132,47.67682047132893
1227,80,-122.266191112549,47.6720449516461
1380,80,-122.2646523268335,47.6758030902657
1515,80,-122.26203396724424,47.674940711741804
2126,80,-122.27267595716974,47.67562439743588
2995,80,-122.255988776792,47.67208007189884
3376,80,-122.266944805552,47.67583798275455
4168,80,-122.270363014817,47.6731974025937
4383,80,-122.266089548972,47.67830356464589
4655,80,-122.258071758675,47.67454866092094
5138,80,-122.270514017733,47.67570890217521
5534,80,-122.268409888214,47.6785809028104
5535,80,-122.268392657032,47.67858796980354
5702,80,-122.277867744832,47.6757006495558
6408,80,-122.270517167864,47.6730172830458
6414,80,-122.265086805773,47.6744745055647
6497,80,-122.260420560927,47.6743328974484
6610,80,-122.268841096813,47.6757151427559
6769,80,-122.266936052718,47.6758502357363
7908,80,-122.267927207326,47.6794212211457
7962,80,-122.2726435413074,47.67563622401666
8065,80,-122.26368695586102,47.6765930378022
8701,80,-122.26120185275666,47.67463917093293
9201,80,-122.263394582322,47.6739469317531
9938,80,-122.260868133986,47.67214929117057
10128,80,-122.256076746614,47.6720030663756
10129,80,-122.255868797517,47.6723814872615
10314,80,-122.27778205603902,47.6758296651943
10474,80,-122.261919195544,47.6750586701965
10743,80,-122.261947007882,47.675058799085
10810,80,-122.27035650641066,47.67292315869974
11681,80,-122.263389989954,47.67550129656231
12194,80,-122.26203454927,47.6749220074592
12930,80,-122.25758777399166,47.6729119863519
13125,80,-122.268782937564,47.6757710427672
13189,80,-122.27566934461,47.6776199242007
13766,80,-122.254818988956,47.6736169181865
14516,80,-122.25815395207452,47.67282900949469
14982,80,-122.256883560927,47.67204064242173
15229,80,-122.276758803965,47.6758239678006
15750,80,-122.277814564758,47.675792728847
15751,80,-122.275496544667,47.6748718699188
15936,80,-122.27685629424998,47.67762586714159
15967,80,-122.269287756025,47.67457282685789
16286,80,-122.2634486823235,47.67292970230495
16315,80,-122.267418237435,47.6703607539493
16316,80,-122.267459656761,47.6702576019697
16737,80,-122.25973244787234,47.67205926218764
16859,80,-122.276797073155,47.6756968902663
17438,80,-122.276017685524,47.6793562140226
17463,80,-122.255677104857,47.6723858559896
18114,80,-122.263597265148,47.6749410052054
18115,80,-122.263472415215,47.6752345914623
18206,80,-122.26875556644798,47.6703730762597
18308,80,-122.268883245974,47.6702564454176
18483,80,-122.267953606486,47.6720894994049
18766,80,-122.27678223152502,47.67578323301209
19369,80,-122.25816349251372,47.66983932887797
19370,80,-122.258167681411,47.66985546158
19470,80,-122.268777786254,47.6714982414442
19755,80,-122.276878728491,47.6793659641876
20244,80,-122.258352712826,47.6720399368751
20245,80,-122.25836724461374,47.67204780013887
20739,80,-122.26749620037332,47.6745850339006
20829,80,-122.25474590463,47.6735095547398
21238,80,-122.27571149259768,47.67884421016677
21309,80,-122.263583754502,47.6742607557817
21318,80,-122.26455515323732,47.673592882713535
21379,80,-122.27794258762,47.6794912172092
21782,80,-122.276248836486,47.6758260414556
21959,80,-122.254965588726,47.67351032007449
21975,80,-122.266191369471,47.6737569237739
22596,80,-122.264946690792,47.6742310129751
22603,80,-122.27564959863366,47.67805047288213
22635,80,-122.269711033836,47.6733805535342
22661,80,-122.254698162443,47.6737613285076
22847,80,-122.274195473843,47.6770189260251
22906,80,-122.2596029769582,47.67113812273498
23803,80,-122.2608299297845,47.672785269497446
23804,80,-122.260815362095,47.672779072682
24097,80,-122.274972712442,47.67761901751927
24614,80,-122.25819432913568,47.66978908325303
24696,80,-122.260860771327,47.6721614763857
24863,80,-122.269463975698,47.6767534646955
25385,80,-122.27618407828366,47.68007165792414
25591,80,-122.27695471380362,47.67947983646461
25647,80,-122.266983241191,47.6727798860989
25673,80,-122.267437238497,47.6710525064139
25813,80,-122.25701533835046,47.670977583529485
26064,80,-122.263696084435,47.6774060939937
26383,80,-122.263580914444,47.6741950848644
26644,80,-122.27472336375264,47.67569965740373
26679,80,-122.27269665659068,47.67499081988847
26866,80,-122.275692304728,47.6764950914436
27531,80,-122.265942717522,47.6735176265274
27590,80,-122.26103167090366,47.671125019317095
28654,80,-122.257569057083,47.6702092596224
28977,80,-122.263590738383,47.6746198520101
29453,80,-122.266364286931,47.675864867599
29567,80,-122.2615206743438,47.6720312942629
29698,80,-122.264628664995,47.675802767829886
29821,80,-122.273812498934,47.6748149681652
30326,80,-122.2608486094975,47.67277838547475
30430,80,-122.260867455616,47.67278518907324
30677,80,-122.263741740669,47.6774257460939
31830,80,-122.25694114902,47.6709082432108
32059,80,-122.267090559575,47.67541661516523
32528,80,-122.2746435312385,47.67482057235095
32841,80,-122.2552329611145,47.67297534344665
32936,80,-122.27476309851367,47.67570716252833
33351,80,-122.2688594457255,47.67571114195295
33352,80,-122.269366118652,47.6757015942068
33619,80,-122.274729389868,47.675853220904
33738,80,-122.275604737719,47.6716561305072
33747,80,-122.258167622369,47.6697853420679
33825,80,-122.264718313538,47.675810362122
34101,80,-122.25817738401132,47.672826603351325
34180,80,-122.254914120528,47.6733102321342
34382,80,-122.263647517626,47.6745349220681
34560,80,-122.263724632782,47.6765853934273
34874,80,-122.2581912389262,47.67125141066672
34962,80,-122.267873284989,47.67562703026066
35652,80,-122.271619982995,47.6770969084234
35933,80,-122.25864472080632,47.672038985093
35972,80,-122.256448284653,47.67307597089137
36498,80,-122.25658774987969,47.67143456341953
36957,80,-122.260883943874,47.6727932654757
37240,80,-122.258268782105,47.6745135044728
37247,80,-122.262742469166,47.6720311224521
37467,80,-122.260955747557,47.6728102449947
145,81,-122.291058445827,47.57101655298461
573,81,-122.288816056465,47.5715005275064
574,81,-122.288809019439,47.5716189329925
679,81,-122.289902388144,47.5706770998859
774,81,-122.30224904268398,47.5750434796657
869,81,-122.296189598964,47.5709392976755
897,81,-122.295994206842,47.5662945175039
1026,81,-122.297662858023,47.5731114796691
1277,81,-122.29873964524602,47.5750414441846
1281,81,-122.2966965287924,47.571540748542645
1298,81,-122.289857085039,47.5733601122397
1497,81,-122.292899324973,47.566225095737
2017,81,-122.291044994931,47.572043193989664
2030,81,-122.29303537442767,47.56894114965383
2508,81,-122.289869806844,47.572525119898806
2584,81,-122.288750775287,47.5751783292265
2592,81,-122.289833179057,47.5752038970065
2650,81,-122.291019017093,47.5662405602091
2656,81,-122.29549867689802,47.5698734918413
2949,81,-122.289886630668,47.57163805130201
3004,81,-122.28980657255369,47.57638918311213
3031,81,-122.286928969464,47.5551134369916
3224,81,-122.294125231113,47.56625976245099
3242,81,-122.297685176322,47.5716848759777
3739,81,-122.292089825695,47.57549058380216
4266,81,-122.29674346672576,47.56801730732548
4301,81,-122.295451802335,47.5737684559542
4541,81,-122.29870733724,47.5739883146096
4668,81,-122.28990840094131,47.569938260181495
4939,81,-122.303277545601,47.5750326017737
5053,81,-122.294896918885,47.56900539575511
5134,81,-122.29468596364632,47.574786018639365
5276,81,-122.29091375192,47.5710124803184
5334,81,-122.292407002411,47.56799292944
5475,81,-122.296180036832,47.5708686736252
5493,81,-122.286494928142,47.5542048450089
5539,81,-122.29297371467266,47.5736454703881
5846,81,-122.300224114845,47.5762994293142
6032,81,-122.2967296561994,47.569065838198654
6442,81,-122.297047082171,47.567980152100894
6628,81,-122.294911762789,47.5730750297707
7212,81,-122.294923109348,47.57307100675
7594,81,-122.29766147879,47.5739891938924
7636,81,-122.2923678210832,47.56619917947705
7660,81,-122.286373178811,47.5542050567377
8067,81,-122.297880632155,47.5713846335049
8095,81,-122.29251048077266,47.56769700001234
8491,81,-122.289814213578,47.5751624043609
8559,81,-122.295950446299,47.5735977295257
8562,81,-122.290996232633,47.5751577023172
8644,81,-122.294127679329,47.5662035701651
9168,81,-122.289177802165,47.55513243117763
9212,81,-122.30227513435966,47.5759368607749
9251,81,-122.294191334722,47.56798285643033
9253,81,-122.291064171919,47.5706468436919
9435,81,-122.291068322393,47.5705388984135
9448,81,-122.295182174915,47.5725916101386
9449,81,-122.29506989374568,47.572448080541164
9691,81,-122.286478708878,47.5541705285794
9976,81,-122.296706745515,47.5678770263995
10273,81,-122.29018681413702,47.5628603996995
10436,81,-122.291307884491,47.5716175847234
10536,81,-122.292576463068,47.5747614864826
10808,81,-122.28670283744634,47.5734530107455
10994,81,-122.300545401646,47.57503874013721
11007,81,-122.2966582816801,47.57283846270996
11172,81,-122.296730597624,47.5671684581116
11371,81,-122.291050486395,47.5716207423574
11733,81,-122.29358913497,47.5744169118755
11778,81,-122.28707754359334,47.55543272177041
11824,81,-122.29925616598,47.5759652041858
12015,81,-122.292531179929,47.574730616946304
12205,81,-122.294236405566,47.574183892064205
12314,81,-122.294190712401,47.5741533054269
12453,81,-122.297887369634,47.5716641275652
12461,81,-122.300499579207,47.575074357012
12511,81,-122.299364592586,47.5750449385444
12627,81,-122.2976703781516,47.57359640258733
13027,81,-122.289841488029,47.5706425083881
13346,81,-122.298190730207,47.5750400418081
13438,81,-122.30218679074834,47.57196902773656
13981,81,-122.29931195776,47.5728852667045
14337,81,-122.291618440236,47.5661852148224
14552,81,-122.293363864903,47.5730498556652
15145,81,-122.286690631946,47.5752375168015
16555,81,-122.298236716256,47.573554543769774
16990,81,-122.303323745715,47.574107791736
16991,81,-122.30385716958068,47.574084898924376
17108,81,-122.29296520177267,47.57530722141073
17449,81,-122.286660863809,47.5764757443859
17487,81,-122.29042956775466,47.572536406031496
17734,81,-122.301770674191,47.575040022933
18065,81,-122.29157930966834,47.57276500415924
18695,81,-122.29411941401467,47.56706908723806
18697,81,-122.292145710241,47.5735198494751
19047,81,-122.28817614791969,47.57755982304213
19317,81,-122.291381512352,47.5631913789173
19423,81,-122.30013555163332,47.573119779118166
19798,81,-122.286710428243,47.5751960688088
20630,81,-122.29221861469,47.5679787770031
20947,81,-122.298198598111,47.5754436928255
21604,81,-122.28872862376,47.57656168672013
21843,81,-122.30062077978032,47.5725053328046
21881,81,-122.286977226469,47.571619624537135
22284,81,-122.286851852908,47.5551134020961
22574,81,-122.288316487547,47.5716183761634
22777,81,-122.28833363179932,47.57007255229579
23399,81,-122.287815465655,47.5716279121786
23436,81,-122.2937769868618,47.5716208742194
23512,81,-122.30060758659,47.57312618152739
23763,81,-122.29240146199702,47.568460655627966
24288,81,-122.297230028592,47.5750327027526
24395,81,-122.299339671383,47.572527521122105
24959,81,-122.29414147576568,47.56588699431597
25005,81,-122.292102015156,47.5755870828277
25095,81,-122.293286636848,47.5709233414076
25195,81,-122.28426326974402,47.57520268933745
25196,81,-122.284241651331,47.5752009912042
25363,81,-122.29246146832033,47.57341588652263
25599,81,-122.293978000531,47.5698273615896
25999,81,-122.29102155403102,47.57384009268913
27143,81,-122.298746311571,47.5724561808555
27630,81,-122.28399283026012,47.573789752337056
29013,81,-122.297046843672,47.57165820380492
31583,81,-122.291210668424,47.564814685795305
32833,81,-122.296227220054,47.5710299589339
33891,81,-122.28398498517,47.5738125429584
33990,81,-122.296120016761,47.5722738492419
34297,81,-122.29099340039234,47.56720433982133
35627,81,-122.292489729846,47.5755827384257
35811,81,-122.30188505629,47.5749820131343
35884,81,-122.2970317297872,47.56927112343258
35970,81,-122.291126622207,47.5706465519521
36285,81,-122.293735006686,47.5716245795545
36335,81,-122.284394412042,47.5756454196316
36393,81,-122.29176385211,47.5626929888262
37058,81,-122.29000012327,47.5733839729459
37069,81,-122.296009475841,47.570717899698
37388,81,-122.297073275217,47.5702740812914
37408,81,-122.283989755721,47.5737750968681
3,82,-122.37372279893002,47.66934326940051
126,82,-122.375620863035,47.6753686692976
188,82,-122.375359368595,47.6752111758093
251,82,-122.379026638307,47.6723231705738
337,82,-122.37474519631,47.6693512269462
405,82,-122.384810383359,47.6746006805002
496,82,-122.38145476324932,47.67168268533697
589,82,-122.378948009046,47.672324472191896
623,82,-122.36826860516366,47.6798551379565
714,82,-122.375303941143,47.6777251825472
908,82,-122.363217729364,47.6650691215499
925,82,-122.376401594089,47.6747360379116
944,82,-122.373718154018,47.6708359840687
1027,82,-122.38225822631767,47.66983709951083
1110,82,-122.364998085527,47.6742161263103
1119,82,-122.375220526129,47.6752320791601
1178,82,-122.36608179875002,47.6663778631011
1197,82,-122.363396767738,47.6832345815321
1198,82,-122.375130347304,47.675367597343
1237,82,-122.38529913764766,47.67727470720073
1252,82,-122.384805302956,47.6753351605266
1308,82,-122.374995228182,47.6730399014503
1358,82,-122.382216126069,47.6723096406296
1368,82,-122.377794533983,47.6813776039151
1507,82,-122.373710620888,47.676063868233
1508,82,-122.37371037208,47.6759592405359
1603,82,-122.373734408776,47.668575404302
1821,82,-122.365940821112,47.68245676179979
1830,82,-122.366065475905,47.6687391010156
1831,82,-122.366074184905,47.6685180327957
1856,82,-122.36559315887166,47.67421299638067
1890,82,-122.376085126343,47.6730436413383
1945,82,-122.37530214920498,47.6777530257934
2031,82,-122.37579750384,47.6777258426038
2044,82,-122.36501909881063,47.67198862637113
2083,82,-122.37691740811331,47.68442061306616
2109,82,-122.36608047754,47.66726225144671
2170,82,-122.36198362087934,47.6807704078398
2171,82,-122.361522339606,47.6807961122958
2354,82,-122.36502425228302,47.6687357007196
2361,82,-122.365952183332,47.6752936279461
2373,82,-122.366081767263,47.6656542530765
2390,82,-122.3766856167,47.6759506070257
2458,82,-122.382213092876,47.6709720989864
2623,82,-122.376344080054,47.67523477761031
2917,82,-122.372492363721,47.681475240972
2990,82,-122.384812169764,47.6724150385869
3023,82,-122.376083910366,47.6737769142398
3092,82,-122.374212489832,47.6694015083986
3262,82,-122.377319833628,47.6776356810028
3301,82,-122.363942908245,47.6742162727184
3302,82,-122.36347349398966,47.67421588411046
3524,82,-122.373677433313,47.6814702831478
3776,82,-122.366077909293,47.6679928622706
3865,82,-122.36198861333,47.6703429268456
3900,82,-122.376095392955,47.6716756818912
3979,82,-122.375364968762,47.6751871719775
4329,82,-122.3848038233,47.6731458767018
4385,82,-122.365884057626,47.6817103729733
4426,82,-122.36152152922,47.68116815331783
4466,82,-122.37778822249702,47.6794709266872
4478,82,-122.384799266497,47.6738694405546
4738,82,-122.373721293585,47.6723035214528
4928,82,-122.361517651446,47.6795114891889
5116,82,-122.371325018024,47.6685747696313
5364,82,-122.373707483982,47.6745881752296
5376,82,-122.378979069723,47.6776642728227
5434,82,-122.37439069591166,47.67304097213077
5531,82,-122.363924831572,47.6643088194987
5705,82,-122.376589729342,47.6805042308419
6081,82,-122.384809214819,47.672008218532
6095,82,-122.37092119333369,47.67806722088793
6263,82,-122.385305345561,47.6759197122345
6443,82,-122.361923782345,47.6701481889807
6472,82,-122.3650257352,47.66947876044591
6513,82,-122.37418151802336,47.6752325020473
6756,82,-122.382215704867,47.6699587557026
6913,82,-122.367192903833,47.6814798323937
7005,82,-122.373657564558,47.67085148586009
7051,82,-122.380038630986,47.6769494017034
7052,82,-122.380037711478,47.677352356146734
7214,82,-122.372182784,47.6685792739612
7266,82,-122.364083836356,47.6687375045452
7483,82,-122.380017109586,47.6759486472695
7546,82,-122.371887452681,47.675948591343
7640,82,-122.37561723511,47.66794224749003
7742,82,-122.377769502246,47.6776741746037
8059,82,-122.361942483752,47.6759351351983
8077,82,-122.380036076719,47.67168231286039
8288,82,-122.38689073112369,47.675334962963966
8295,82,-122.376074097422,47.6745962421678
8300,82,-122.376909939738,47.680432594978605
8487,82,-122.36394735769,47.6694779972301
8515,82,-122.364863423021,47.6621090858262
8561,82,-122.380047947368,47.677668869812
8634,82,-122.367581631682,47.6759406651818
8660,82,-122.384800961563,47.6717590299082
8680,82,-122.362420525859,47.6817562021516
8802,82,-122.372949789382,47.66816464813636
8816,82,-122.36450170279,47.6759398772053
8963,82,-122.372212117228,47.6685266256033
9274,82,-122.378958749223,47.6716811332629
9404,82,-122.365933061961,47.6839299822712
9544,82,-122.37777099592032,47.6762419261577
9575,82,-122.377849411368,47.67948474798809
9627,82,-122.38700296811568,47.67314998342543
9700,82,-122.370877829918,47.6759485208598
10219,82,-122.363473288575,47.6759378850935
10260,82,-122.366477841199,47.6687381212946
10271,82,-122.37536399705068,47.6737747195558
10365,82,-122.369809391752,47.6759482584228
10496,82,-122.366088944615,47.664010935853206
10599,82,-122.36281883729198,47.6759319568308
10600,82,-122.362419562598,47.67593639881121
10831,82,-122.374605144022,47.68146841209741
10841,82,-122.361918263596,47.6723037878689
10883,82,-122.36543573539,47.6817386552739
10917,82,-122.374028465921,47.669350840402
11026,82,-122.368274523615,47.6814814179352
11117,82,-122.362826405564,47.6687362023553
11335,82,-122.38743801630166,47.67232831646516
11434,82,-122.36243082768432,47.6723103074308
11524,82,-122.373991379696,47.6794994612604
11598,82,-122.376926813921,47.6813803081493
11724,82,-122.37608961361,47.67593427283921
11766,82,-122.38697328745498,47.67460245375983
11839,82,-122.366063092407,47.67226147760639
11849,82,-122.375661066304,47.6814648365848
12142,82,-122.379000697245,47.68317117044959
12277,82,-122.384811234049,47.675922716731
12344,82,-122.369290283181,47.6814756060744
12431,82,-122.371404296366,47.6814768157352
12549,82,-122.382218656015,47.67273599909777
12780,82,-122.37732031389,47.679484636542135
12851,82,-122.373726918534,47.6679394293234
12938,82,-122.363948765418,47.6759246448377
13166,82,-122.384744786394,47.675334681045
13409,82,-122.372962461675,47.6679381105304
13435,82,-122.37481754276298,47.6679396514834
13720,82,-122.365011830067,47.6726492308841
13733,82,-122.378940056378,47.6752287506364
13860,82,-122.373719212344,47.6701208133878
13954,82,-122.380101114186,47.6776688561354
14273,82,-122.36501201706868,47.67567448480384
14282,82,-122.379473589487,47.6715428801291
14417,82,-122.35940516560632,47.68116720858947
14740,82,-122.37536541389169,47.6685837561943
14749,82,-122.378961762335,47.6759420739777
14872,82,-122.382251033114,47.6759395929278
15112,82,-122.35935833521,47.6817636627294
15144,82,-122.36568866193902,47.66223920381
15243,82,-122.366612863084,47.6759460996524
15586,82,-122.375417149232,47.6708583140783
15976,82,-122.38221293371132,47.669061855861735
16008,82,-122.366088456258,47.663278573282206
16072,82,-122.376889048175,47.6723116510191
16121,82,-122.370920605253,47.6776382757474
16338,82,-122.37660395838732,47.673135289065605
16503,82,-122.377800698251,47.6831700262724
16507,82,-122.375221065691,47.6794944191865
16657,82,-122.37371675246834,47.671675335250136
17135,82,-122.358361385798,47.6817617695525
17552,82,-122.36720179733702,47.6814387176467
17662,82,-122.377015209353,47.6831759578207
17689,82,-122.371314291594,47.66793642006079
17820,82,-122.374199155465,47.66950591954025
17895,82,-122.37781795571,47.68624156900077
18179,82,-122.36347223764966,47.669476100287305
18198,82,-122.371443877126,47.68282784566736
18825,82,-122.37660776098232,47.6738600781367
18966,82,-122.371904809532,47.678039857741
19111,82,-122.379965478505,47.6831649749731
19191,82,-122.373374542966,47.6716717698514
19296,82,-122.362861021056,47.67421587676049
19544,82,-122.36920317567034,47.67230678251457
19558,82,-122.368270212956,47.6814405281638
19902,82,-122.373723544628,47.669402229951
19951,82,-122.380052463242,47.68103918236967
19952,82,-122.379418337141,47.6753246630431
20034,82,-122.37681004923832,47.674594561305135
20684,82,-122.36450707200434,47.663286022860405
20822,82,-122.363439817091,47.6817543233982
21121,82,-122.36820032334268,47.67230617450616
21215,82,-122.365889110082,47.6759328647831
21220,82,-122.373434548765,47.6693771788827
21245,82,-122.38221492741366,47.6741986421788
21356,82,-122.36722453450932,47.68290002177476
21446,82,-122.36665107307,47.670847907571535
21550,82,-122.38257985402868,47.67240698531554
21684,82,-122.363513251032,47.6664098563941
21997,82,-122.37468888693,47.6679808463041
22131,82,-122.372946946433,47.6723121820685
23160,82,-122.36683132376668,47.67011142077023
23566,82,-122.377811506039,47.6850936532908
23567,82,-122.3773262046556,47.685095508698495
23626,82,-122.362454461133,47.68043205108387
23677,82,-122.358390653025,47.6811585109522
24058,82,-122.363404731843,47.6797649746535
24889,82,-122.369847604775,47.6685716903261
24897,82,-122.37944545931532,47.67948280103686
25013,82,-122.365444402986,47.66433662926951
25699,82,-122.371284476831,47.6679766237398
26155,82,-122.362867624234,47.66906726295019
26294,82,-122.36662213672734,47.67166438073187
26404,82,-122.363375423742,47.6679678441741
26506,82,-122.37402564714132,47.67803359752247
26575,82,-122.37564773548,47.6794949170772
26686,82,-122.37611142652564,47.67786532941697
26690,82,-122.36286364413634,47.6795275626333
26786,82,-122.373660318337,47.67230694200109
26884,82,-122.37294478447534,47.67112837539707
26907,82,-122.36285054562768,47.67079618920703
26947,82,-122.36502324130169,47.67952690324864
26969,82,-122.364424986777,47.6795204635474
26970,82,-122.36401001677632,47.679524457446206
27709,82,-122.37838845405264,47.68317200345157
27831,82,-122.36131743440966,47.67231041617976
27938,82,-122.372500655928,47.682886458709
28010,82,-122.373767971341,47.6795057471419
28666,82,-122.366627241601,47.6779607384741
28828,82,-122.372495498977,47.6814331473277
28949,82,-122.372488994428,47.679509932985205
29210,82,-122.365493315238,47.6762349030386
29475,82,-122.363946385127,47.67272339013144
29573,82,-122.372951230876,47.6716719810982
29757,82,-122.367202518732,47.679524114775
29888,82,-122.37141977416302,47.6814349844685
29910,82,-122.37480452991366,47.67012325461364
30015,82,-122.36254402258268,47.679180766987336
30101,82,-122.376961378368,47.6851207479404
30155,82,-122.37733308710166,47.68464091219963
30220,82,-122.36098221123234,47.67952994503887
30316,82,-122.373676009639,47.68142861024379
30632,82,-122.36198655359834,47.67953010697624
30832,82,-122.368278233423,47.68288586039344
30847,82,-122.36350590260533,47.6650618717233
30852,82,-122.37460642273398,47.68286188955714
30972,82,-122.36984673843769,47.6685263991378
31151,82,-122.37367024769432,47.68296914505
31239,82,-122.36455713300168,47.66946937877844
31301,82,-122.374605052881,47.68142818339809
31457,82,-122.37561466757036,47.67231363303557
31814,82,-122.369843889232,47.6776386513933
31894,82,-122.36759835534968,47.67767992843179
32011,82,-122.372850373163,47.6794846911063
32113,82,-122.364467829889,47.6814486377772
32324,82,-122.363431842128,47.6656739901925
32325,82,-122.37368813433,47.6675971672121
32433,82,-122.36932444280336,47.67995060253944
32439,82,-122.36450041531766,47.66401574060867
32451,82,-122.369296047677,47.68143311578
32660,82,-122.366631094919,47.6776925283638
32818,82,-122.36588913041,47.6752945628335
33090,82,-122.37420568993,47.66953195713
33135,82,-122.37294957962634,47.678113336679765
33145,82,-122.371067147486,47.667976288167
33155,82,-122.365971970275,47.6695012572819
33312,82,-122.36933625648,47.68286145547237
33481,82,-122.36240356236732,47.67421518215006
33822,82,-122.36552690858932,47.67230177972963
33844,82,-122.384875966441,47.6719832994994
33929,82,-122.37106719657702,47.6679498258221
34028,82,-122.373386809552,47.66751423724
34088,82,-122.363941272146,47.6824891814389
34154,82,-122.380098887868,47.6771506532959
34409,82,-122.365690026846,47.6621101663208
34492,82,-122.375054715356,47.6729977016521
34936,82,-122.36350967266,47.6672311601245
34977,82,-122.37189763267,47.6776787542902
35055,82,-122.387330900078,47.6737408126845
35150,82,-122.374609075818,47.6797617064157
35314,82,-122.367488335099,47.6795166758013
35536,82,-122.369273514062,47.6679332859722
36092,82,-122.375702054587,47.6693712934396
36558,82,-122.371463080093,47.6685257124125
36814,82,-122.373792569875,47.6675946060244
37557,82,-122.381933783281,47.6709978802321
292,83,-122.296974760558,47.7228223927835
802,83,-122.29624714771413,47.72193243140313
1502,83,-122.292267205588,47.732801977651
1503,83,-122.292271589596,47.73278902533295
1752,83,-122.296977024921,47.7229436582306
2406,83,-122.29629766372,47.722005893816
3282,83,-122.296431872114,47.7219308636476
3569,83,-122.29648176867902,47.7320068829122
4517,83,-122.303941516651,47.726531558158094
4549,83,-122.29519839908798,47.72293724387745
4583,83,-122.30793643308532,47.7212556108305
4584,83,-122.307363869564,47.7212522884984
4768,83,-122.293792897981,47.7295780249687
4777,83,-122.296224735342,47.7219435056277
5183,83,-122.31552722994532,47.726626169452366
5222,83,-122.296468798468,47.7219665866192
5859,83,-122.29226299915166,47.73268445392036
6152,83,-122.301821142886,47.7226905481621
6445,83,-122.29904775064934,47.722506722492106
6730,83,-122.31135488949369,47.72501068429977
7503,83,-122.30670276697,47.7284681523738
7504,83,-122.306143013063,47.7284618244905
7659,83,-122.292504380779,47.7325223147029
8160,83,-122.299130091185,47.730211354322
8328,83,-122.297695695823,47.7235062513957
8423,83,-122.295042712611,47.7228433036519
8584,83,-122.297866151045,47.7301987658907
8927,83,-122.296241817569,47.720181914165
9114,83,-122.292238473016,47.7327879483304
10022,83,-122.296203031459,47.7201801397192
10979,83,-122.295024033709,47.7228563964077
11150,83,-122.301987972006,47.72298807531829
11247,83,-122.292228967268,47.7325047422265
11382,83,-122.296300586722,47.7247482061266
11568,83,-122.296386506436,47.7247486535857
11951,83,-122.294861397554,47.7228173080172
11957,83,-122.299081267953,47.726578936269
12029,83,-122.29783277638,47.7201617488191
12086,83,-122.29574171790098,47.72654735429893
12109,83,-122.301816359993,47.7220139626664
12326,83,-122.297752591514,47.7281708946279
12375,83,-122.305023957924,47.7295985847765
12401,83,-122.30519364384502,47.727228106458135
12794,83,-122.30675397878564,47.723054287758295
13099,83,-122.29370369464058,47.72859856394888
13128,83,-122.30466243865,47.7265365709828
13430,83,-122.310783630991,47.7247607700659
13843,83,-122.294851001967,47.7210422280501
13850,83,-122.299109149347,47.7283865075159
13993,83,-122.299113659777,47.72940856141
14216,83,-122.2990908307122,47.72729559125252
14217,83,-122.299763371506,47.72745817513661
14488,83,-122.30093099164434,47.72743032476197
15059,83,-122.297888828621,47.72975371043084
15137,83,-122.316826121006,47.7266275884898
15496,83,-122.300573865125,47.7210786743466
15932,83,-122.300584134875,47.72549582053799
15947,83,-122.31742930110734,47.72429295099327
15973,83,-122.29558209553466,47.7301950238792
16360,83,-122.30526369434666,47.726539220554464
16373,83,-122.295214408885,47.73200840586801
16567,83,-122.304667107274,47.7284470497898
16573,83,-122.300415801275,47.7284079619064
16780,83,-122.294850314028,47.7280269414249
16818,83,-122.30559805751902,47.727817662749295
16875,83,-122.304666490837,47.7220520772488
17380,83,-122.30826772744,47.7232441675087
17406,83,-122.29771933328432,47.72578170906693
17425,83,-122.293696667352,47.7282422806697
17426,83,-122.3173939508196,47.72662672219678
17517,83,-122.29633297460198,47.7265620958002
17655,83,-122.301872175612,47.7284208418416
17744,83,-122.29908594470936,47.7261223195514
17915,83,-122.297705020393,47.7247595651908
18287,83,-122.296281181726,47.7229644275829
18445,83,-122.30625309326769,47.72731587078963
18447,83,-122.315531640443,47.7267578691392
18555,83,-122.294570355085,47.7247428671842
18643,83,-122.31379389272,47.72661253282579
18645,83,-122.293529263557,47.7285500808203
18862,83,-122.293711556761,47.7288036691416
18867,83,-122.313499902805,47.7244791058912
18915,83,-122.29243782750916,47.73046586135466
19436,83,-122.296259094517,47.7211777598983
19551,83,-122.292577886186,47.728352442254106
19672,83,-122.300552118605,47.722184679506434
19794,83,-122.29772844439766,47.72720700518494
19885,83,-122.303171358919,47.72368085182557
20434,83,-122.296343640872,47.7279720573299
20467,83,-122.30058077332534,47.7258065719361
20489,83,-122.29797042232832,47.7314145560588
20541,83,-122.307386785783,47.723024494256
20819,83,-122.310987086509,47.7232644519705
21020,83,-122.30313178018,47.724675682742
21035,83,-122.301277355729,47.7301704777409
21452,83,-122.313984442274,47.72448073912864
21486,83,-122.294607652736,47.7229381016511
21613,83,-122.299065806818,47.724785244619
21757,83,-122.299600592591,47.72937847107187
21906,83,-122.313411296298,47.7265731434846
21964,83,-122.300545632047,47.7197207994418
21995,83,-122.30053219294,47.7247979941022
22046,83,-122.30464799391,47.7230106315046
22106,83,-122.306027342777,47.72301436578599
22164,83,-122.296405454721,47.72104282294283
22200,83,-122.293662335241,47.727406311636095
22669,83,-122.301967807837,47.7264429108932
22683,83,-122.30177822267932,47.71973318443384
22687,83,-122.294593734553,47.72283512568853
22853,83,-122.300476158556,47.72400997144617
23196,83,-122.312235559292,47.7251088450922
23342,83,-122.30003724607066,47.72479811233217
23560,83,-122.299108423093,47.7283179723477
23585,83,-122.29307247778166,47.72652338405163
23789,83,-122.30161410346868,47.72697278387356
23864,83,-122.307334857965,47.7197611464989
23958,83,-122.30669517988332,47.721267711358
24105,83,-122.3073578515534,47.72489259574279
24162,83,-122.3092395013664,47.721842138260726
24275,83,-122.299085260997,47.7261920883064
24285,83,-122.299080687793,47.7254565943234
24321,83,-122.3067562087076,47.72302282803798
24392,83,-122.296522724657,47.727971556551374
24508,83,-122.29456455315166,47.72589716586577
24647,83,-122.294555801848,47.72435798525783
24653,83,-122.29328544576072,47.72228798891234
24654,83,-122.293355013825,47.7221200781825
24930,83,-122.297784419136,47.7210523501323
25056,83,-122.296443972012,47.7301958889408
25108,83,-122.29328883608969,47.724756841273205
25174,83,-122.30614858663,47.72981154389316
25177,83,-122.302934314251,47.7284234463537
25263,83,-122.317192855703,47.7267462770442
25723,83,-122.30350667620368,47.7210752311399
25822,83,-122.293633155286,47.72652805921441
25928,83,-122.30902391354,47.7237064923809
25959,83,-122.31357611651669,47.724076756400365
25996,83,-122.309030821493,47.719760817354334
26405,83,-122.301795362946,47.72107062224
26439,83,-122.299029980109,47.7210593150272
26481,83,-122.29776042005534,47.72941958540613
26507,83,-122.298970995063,47.7197160507101
26518,83,-122.301962859884,47.7248060145892
26555,83,-122.293024766522,47.728333036667
26604,83,-122.310820766457,47.7197576390469
26625,83,-122.29779822536132,47.72232673903934
26701,83,-122.295026215139,47.7278791954197
26841,83,-122.30902019038166,47.726009555728375
26993,83,-122.30117842483334,47.7210747620382
27333,83,-122.304527410391,47.721379697868734
27544,83,-122.299054194549,47.7230343309577
27572,83,-122.315522037923,47.7265932999109
28268,83,-122.303161194204,47.7229904000216
28299,83,-122.30662183549832,47.7248301363637
28469,83,-122.30735940708064,47.725722166667566
28651,83,-122.30427882523834,47.72764232543807
28697,83,-122.300657463709,47.730231179421
28817,83,-122.306024974977,47.72245463612817
28985,83,-122.30191233298,47.7254790411584
29138,83,-122.2925063414,47.7298580830269
29145,83,-122.29522077194,47.732034531522
29220,83,-122.29299726862,47.72293297075381
30010,83,-122.302467088759,47.7300118556586
30266,83,-122.31681344527334,47.7252668452802
31123,83,-122.291732062569,47.7265357267816
32492,83,-122.292986319174,47.7229445169306
32516,83,-122.29457976485963,47.7319986572543
34507,83,-122.296462913283,47.7214934118052
34696,83,-122.292585711331,47.7334414521551
34750,83,-122.292611480555,47.7283717781361
34852,83,-122.29385931507,47.7219853234821
35079,83,-122.29371705607636,47.727410834131696
36709,83,-122.29376449015233,47.72880964095723
981,84,-122.340721656281,47.6611338364583
1615,84,-122.339861272474,47.668820179790906
2306,84,-122.338571454417,47.6657423605425
2454,84,-122.334982844489,47.6730127741809
2519,84,-122.33630674664,47.6686500080898
2640,84,-122.332597413527,47.66183388687716
2723,84,-122.33007102053598,47.6639935353796
2940,84,-122.331397178764,47.66307342881754
3573,84,-122.33635645326,47.6642314207956
4736,84,-122.33284347618,47.67479629325016
5000,84,-122.331397981396,47.6626635870484
5009,84,-122.332591089713,47.6626713010956
5243,84,-122.328250935977,47.6755549577191
5532,84,-122.328262305488,47.6740251951532
6815,84,-122.333636076345,47.662676232093
6831,84,-122.340787574169,47.6611277252079
7325,84,-122.33360470294063,47.66830635449196
7548,84,-122.33302651688798,47.6686300565872
7713,84,-122.33983300266,47.6688512692225
7936,84,-122.325604582619,47.6740093418867
7994,84,-122.33360691050602,47.6682124985765
8048,84,-122.338553028972,47.6672427804422
9300,84,-122.3420375617,47.6628259864518
9381,84,-122.330082079746,47.662656710838895
9543,84,-122.338060409821,47.6686650017188
9567,84,-122.340713404793,47.6628062354277
9703,84,-122.342584349004,47.6621951250026
9774,84,-122.333518525258,47.6686326646411
10265,84,-122.336330333812,47.667140987093696
10358,84,-122.336422883875,47.6642343050895
10821,84,-122.333641407495,47.6635433137047
10900,84,-122.333652182932,47.66186872171736
11167,84,-122.325909161569,47.6755474399984
11486,84,-122.340724650861,47.6621871037942
11584,84,-122.336328536834,47.6678916941902
12071,84,-122.334054034553,47.667969790345865
12169,84,-122.333615226156,47.6665371539567
12183,84,-122.339990345706,47.6653902439025
12967,84,-122.336358792504,47.662189277069
13518,84,-122.335091200731,47.6642544059363
13578,84,-122.33140015665332,47.66176424786713
13622,84,-122.332350611508,47.6687674595891
13699,84,-122.33458433658669,47.66218799446897
13909,84,-122.33218505861566,47.67559831826887
14120,84,-122.341481957494,47.6701505397476
14262,84,-122.33258413829768,47.662987119781
14416,84,-122.336341397887,47.6664171205538
14863,84,-122.336348492684,47.6628308514835
15054,84,-122.333619802928,47.6658129369653
15055,84,-122.33363727732667,47.66554573336006
15082,84,-122.330732285044,47.6675979222444
15083,84,-122.33143984122968,47.66738459167943
15274,84,-122.33682447848,47.6657441067138
15368,84,-122.33348822633802,47.674093785555804
15793,84,-122.33510494625402,47.662825924539
15900,84,-122.333626116722,47.6646149870455
15969,84,-122.339081502639,47.6687089939574
16162,84,-122.333607847114,47.6672688901088
16648,84,-122.336374361375,47.6686543954774
16900,84,-122.33512641796533,47.6617433062605
16979,84,-122.338542023414,47.66798034095231
17035,84,-122.33442878053434,47.6746204729652
17412,84,-122.34007201534068,47.66282943825484
17789,84,-122.335111943275,47.6621860995407
17963,84,-122.32926870732,47.666298723155
17997,84,-122.33636949062868,47.661835614181136
18016,84,-122.334831511632,47.67139106830192
18061,84,-122.339956217137,47.66841494218951
18156,84,-122.337625994983,47.672095209279895
18157,84,-122.33728252296268,47.67178388972047
18271,84,-122.33510319461232,47.66394459382944
18360,84,-122.336337578508,47.6657207134717
18700,84,-122.336357708027,47.6635212783303
18755,84,-122.33408903680936,47.67265004414073
18756,84,-122.334421174293,47.672367428004
19332,84,-122.335518620399,47.67072345732047
19620,84,-122.340493791559,47.6643738701337
20343,84,-122.336432117468,47.6635243518733
20413,84,-122.33489938004702,47.66865315783989
20996,84,-122.331673709333,47.6755670830101
20997,84,-122.331631154597,47.67559551456011
21018,84,-122.338564669122,47.66653328682551
21354,84,-122.33854812792067,47.66830423165734
21556,84,-122.33534579049632,47.667248616214266
21621,84,-122.33966659477332,47.664258772155165
22044,84,-122.33165350343,47.6690202930624
22497,84,-122.330507967483,47.6650068044607
22961,84,-122.33925496677334,47.667820215690426
23390,84,-122.33942754107632,47.6671140090455
23592,84,-122.338568659117,47.66540585457434
24202,84,-122.33854406188868,47.6675860027302
24293,84,-122.33423315787866,47.66283099454859
25018,84,-122.342662183111,47.6620155829722
25223,84,-122.33925682981332,47.66841974099996
25448,84,-122.33420641571868,47.66426048535444
25630,84,-122.34010429460636,47.6635453011283
25840,84,-122.339813194124,47.670142824949096
26410,84,-122.339519517858,47.6656987708291
27141,84,-122.330779080905,47.6692436944908
27263,84,-122.333969152422,47.67211306057124
27415,84,-122.33006141114566,47.661519440814736
28035,84,-122.33510834398568,47.66251058491744
29129,84,-122.33420717716,47.670440452202094
29413,84,-122.346638612306,47.662828616036336
29751,84,-122.339101552484,47.66647940895351
30170,84,-122.331771952564,47.6665462178983
30283,84,-122.336408884368,47.6628315753506
30341,84,-122.33854865059,47.666907211368
30585,84,-122.34203714899267,47.66318924400107
31203,84,-122.33518122346634,47.66652779358967
31324,84,-122.33232797001268,47.66873347415339
31801,84,-122.33626056960766,47.66986364200563
32217,84,-122.331609645624,47.66898818241841
32397,84,-122.33489735469634,47.672728236294
32593,84,-122.333501782641,47.6728666991272
32636,84,-122.33510807145667,47.66313303592224
33326,84,-122.333167663018,47.6679818658971
33742,84,-122.332243655415,47.6672539838915
33961,84,-122.3371715594,47.6711610759577
34351,84,-122.33352678988,47.668573810537
34402,84,-122.330274337476,47.6639923140649
61,85,-122.261920044725,47.488438454602
149,85,-122.254829736665,47.4920389205092
317,85,-122.267658690815,47.4992078183159
318,85,-122.267786860731,47.49920391510741
424,85,-122.26134818535,47.4879344654072
1320,85,-122.26094308095,47.49006050432771
1484,85,-122.241262650174,47.4856383784899
2944,85,-122.25196470888402,47.4901520499848
3433,85,-122.259210988455,47.4886170709603
3460,85,-122.260867588967,47.4900609205963
3773,85,-122.249696544201,47.4834885088515
3983,85,-122.25427181904,47.4912075509596
5133,85,-122.258826232477,47.4880725831387
6029,85,-122.254533047396,47.4914633220384
6470,85,-122.248808459009,47.4830879829714
6682,85,-122.254261047905,47.4913112977892
7909,85,-122.241174550007,47.4808299827673
8055,85,-122.254311815844,47.489954191955
8518,85,-122.250958118209,47.4896867202337
8892,85,-122.26203269006,47.4883272103572
10001,85,-122.25885073484,47.488053207249
10057,85,-122.249004362568,47.4858312899434
10643,85,-122.25497247725302,47.4875324514776
10644,85,-122.254966109791,47.4875241023396
10959,85,-122.241024339052,47.48117483291319
11083,85,-122.238242833279,47.4857348787628
11103,85,-122.240046619577,47.4856865972025
11122,85,-122.249550883835,47.48330158490071
11326,85,-122.259175118919,47.4886153332372
12334,85,-122.25584533157,47.4856461597491
12335,85,-122.255815872598,47.4856675339111
13011,85,-122.235758886737,47.4869978314679
13887,85,-122.249278816107,47.4824441817858
13888,85,-122.24913701952,47.48242890097461
14028,85,-122.250266271753,47.4884323330508
14047,85,-122.269217409681,47.4974181387506
14115,85,-122.267806384979,47.49959698448399
14124,85,-122.25042239594602,47.488431925295
14245,85,-122.2543508783,47.4880003949593
14437,85,-122.254372860614,47.4920396029726
15001,85,-122.251667223031,47.4784763421279
15327,85,-122.257850256236,47.4872696571175
15381,85,-122.254556280505,47.4890081613368
15382,85,-122.254337278402,47.4890240066373
15597,85,-122.269222891491,47.49744213523076
16297,85,-122.259267694365,47.4873079076406
16298,85,-122.258802607255,47.48726987126721
16299,85,-122.255763842232,47.487312276558406
16942,85,-122.267057275049,47.4956235604549
17448,85,-122.250218298069,47.4884318471906
17615,85,-122.246629380404,47.4824765807249
17720,85,-122.270296280791,47.50019005632439
17910,85,-122.260935403089,47.49075528525649
17934,85,-122.251866206416,47.48763988974667
18049,85,-122.26751886737064,47.4949950280926
18158,85,-122.251370145536,47.488968094501935
18326,85,-122.254552457505,47.4848637227794
18787,85,-122.270274598866,47.5026273726978
18797,85,-122.258353403577,47.4920054478656
18798,85,-122.257851442008,47.4920017019329
18855,85,-122.27333297034768,47.5008909641122
18869,85,-122.25916584421766,47.4907495599874
18986,85,-122.263490165228,47.48889886117464
19424,85,-122.270288382724,47.50145445345798
20250,85,-122.26097734313198,47.487914246367005
20472,85,-122.258818372687,47.4872396071204
20687,85,-122.256641373748,47.4862967606693
22258,85,-122.251731145277,47.4784497327219
22792,85,-122.24502869464,47.4820231139862
22837,85,-122.260835217767,47.4927577495166
23055,85,-122.261340119898,47.4878829850268
23381,85,-122.261926716233,47.4878374177885
23508,85,-122.267781675583,47.49995031899527
23544,85,-122.25455058404631,47.484885677661566
24077,85,-122.271186647237,47.4982171759933
24323,85,-122.245093173917,47.4821719738559
24369,85,-122.254449146149,47.4803638846665
25105,85,-122.239996690062,47.4812401579515
25159,85,-122.27119766903236,47.501721481152494
25410,85,-122.256618499074,47.4863080169854
25634,85,-122.260949279654,47.489729490696
27354,85,-122.238249883433,47.4866380356506
27438,85,-122.254294847421,47.4899526342204
27505,85,-122.261636299401,47.490276708033
27617,85,-122.246583328565,47.4821924462053
28271,85,-122.253362905351,47.4871519580468
28903,85,-122.24114774722834,47.4864584276066
30440,85,-122.250915571948,47.4896976275666
30649,85,-122.25795519358566,47.49335187718967
33543,85,-122.238235858091,47.4853843325149
35805,85,-122.251967665724,47.4901156064641
36560,85,-122.255770419686,47.4874704579352
80,86,-122.36669562866298,47.7647369720103
81,86,-122.3666748999248,47.76444307191054
178,86,-122.35854985209,47.7605117320088
331,86,-122.357981658435,47.7632858508919
687,86,-122.358565479091,47.7576828106164
816,86,-122.3652367730692,47.763336336256046
936,86,-122.358611532415,47.7605257803036
939,86,-122.371489107782,47.7613883655746
1490,86,-122.359972036888,47.76329538186351
1867,86,-122.358573336186,47.75848820679041
1999,86,-122.366479509488,47.7644295738
2606,86,-122.363910526914,47.7568965525621
3116,86,-122.366670270413,47.7661297330406
3422,86,-122.358607408431,47.7632942644099
3423,86,-122.358615645929,47.7626834895183
4050,86,-122.361344251372,47.7650084437629
4369,86,-122.363807865112,47.7618109805516
4714,86,-122.361260418862,47.7582371457087
5094,86,-122.36379227269,47.7633261124821
5774,86,-122.35763910894234,47.7619826150206
6046,86,-122.3624451336732,47.76331489665208
6446,86,-122.363631597425,47.7650095733587
6447,86,-122.363640408805,47.7650184710146
6487,86,-122.361274980013,47.7672353986214
6654,86,-122.35807807751166,47.76410614687304
6757,86,-122.36226286669933,47.76093394095776
7393,86,-122.362900633291,47.765026520751
7394,86,-122.363504033333,47.7650312018476
7431,86,-122.36667874027,47.76529044978
7773,86,-122.35857217602,47.7591512123903
7964,86,-122.358613340741,47.7576888043183
8140,86,-122.36126485297298,47.767847682523005
8402,86,-122.361145945852,47.7619358509123
8438,86,-122.362070442055,47.7633091295239
8632,86,-122.35657901994666,47.76327481016467
8747,86,-122.36191410610802,47.7650224965985
8748,86,-122.362372311449,47.7650238497723
9121,86,-122.366676348098,47.7638946021931
9374,86,-122.36379670799,47.7609505886512
9693,86,-122.36522615212398,47.7650497750991
10292,86,-122.35958617503,47.7649997581801
11562,86,-122.363068242207,47.7651691820241
12054,86,-122.363650358975,47.765009736504
12160,86,-122.359737550417,47.767704107159965
12236,86,-122.371470243198,47.7614307492609
12250,86,-122.359973913856,47.76362085104844
12607,86,-122.362558710455,47.7617718643155
12656,86,-122.358632053171,47.7649857135934
12657,86,-122.358561911632,47.7651324869317
12924,86,-122.36011785407432,47.75833468401421
13480,86,-122.366652992382,47.7596985685061
14200,86,-122.366474222688,47.75788334780841
14460,86,-122.365226347109,47.7650234085481
15120,86,-122.35639436749402,47.760492221241
16036,86,-122.36666444611332,47.76274640960028
16047,86,-122.3639175766936,47.75817825386749
17071,86,-122.363812302997,47.7632848013612
17072,86,-122.363811604309,47.7633593019759
17338,86,-122.358503667412,47.7591576390162
17388,86,-122.35859206831732,47.76755135025366
17445,86,-122.365103571547,47.7618117296172
17620,86,-122.35637650087568,47.76000488522153
17750,86,-122.356468866561,47.7612137652024
18374,86,-122.363863287349,47.766501027938766
18596,86,-122.361269526907,47.7684879304259
18910,86,-122.35696350068132,47.7643145269145
19154,86,-122.36924503269276,47.76391891391712
19450,86,-122.35756149565,47.76125122504296
19514,86,-122.372081265266,47.76245472674077
19549,86,-122.361327634361,47.7678467647137
20186,86,-122.35655424285632,47.76227256984217
20189,86,-122.361109537218,47.7597687434773
20326,86,-122.37301857979963,47.75896404818693
20483,86,-122.362474051533,47.7631838721856
20634,86,-122.362070069855,47.765160506208
20825,86,-122.359705981019,47.767230560993504
21174,86,-122.357384289034,47.7591492022865
21396,86,-122.361105987197,47.759700248909006
21397,86,-122.360450562114,47.7596840592437
21412,86,-122.35628368490168,47.75846707681567
21830,86,-122.362071965898,47.7633450831222
21949,86,-122.35581548382568,47.7622362989776
22151,86,-122.363071338889,47.7596846997857
22152,86,-122.362344899972,47.759693698002
22329,86,-122.3692608442957,47.75897919406098
22330,86,-122.3692402097135,47.7589659423137
22446,86,-122.361286085237,47.7664773725273
22757,86,-122.365221228373,47.76283820361283
22854,86,-122.3680051046718,47.75969473500212
23541,86,-122.36028176405269,47.757309249936434
23565,86,-122.362402000887,47.75810899327643
23842,86,-122.359912978009,47.76052553065466
24034,86,-122.359607914661,47.7649479523391
24241,86,-122.36287802495734,47.75735315938309
24938,86,-122.36211479613034,47.75680519385276
25149,86,-122.36484922286968,47.76096716990986
25945,86,-122.366482615434,47.75709088818513
25947,86,-122.368010234518,47.7595656327691
26696,86,-122.36796041074132,47.76458879155117
26951,86,-122.36217162412466,47.76012244531444
27124,86,-122.37115967139,47.75833303118814
27492,86,-122.363753405949,47.75968964077149
27821,86,-122.363740978684,47.7563989052519
28292,86,-122.36127280427,47.75731911048771
28332,86,-122.364501593175,47.7596769664726
28397,86,-122.37121554024634,47.75929761875003
28431,86,-122.369263348927,47.76391528219029
29382,86,-122.364693575656,47.75968654095243
29437,86,-122.37297401784332,47.757863628724834
29539,86,-122.363129215478,47.7595259324752
29892,86,-122.36910070005634,47.75769663577973
30589,86,-122.372989903007,47.7598475179618
30943,86,-122.366646598029,47.7589774652583
31485,86,-122.362333292077,47.7590236267129
31547,86,-122.37147069521434,47.761390367843696
31548,86,-122.370533787823,47.76262009293214
33319,86,-122.370356553116,47.761195567739065
33356,86,-122.366474569844,47.7637086991131
33725,86,-122.37010501611368,47.764443969302334
34361,86,-122.369281801546,47.7639210361919
34945,86,-122.36478238048666,47.76046938591583
35166,86,-122.36903634405934,47.76128718454137
36273,86,-122.366491226781,47.7661396502911
36482,86,-122.362369630914,47.7649437745576
36564,86,-122.36928348490169,47.7637299519382
36603,86,-122.37299402793668,47.75991770208688
37371,86,-122.369296292138,47.7596673624902
55,87,-122.333602179516,47.622242345941
2538,87,-122.333570255974,47.6219038915424
2539,87,-122.333589728508,47.62190300835245
2874,87,-122.33362192479468,47.62229758575567
3902,87,-122.33340223818702,47.62192409976999
4929,87,-122.331155025082,47.622019172676
5126,87,-122.33235720605154,47.62206913524745
5529,87,-122.330994544126,47.6220524293739
6377,87,-122.33365840185633,47.6220441381445
6575,87,-122.330746093801,47.6219269649926
6748,87,-122.33106166421,47.6218877467822
8466,87,-122.33115605792,47.6220519672857
8683,87,-122.3336002966876,47.6233521391123
8684,87,-122.33363463777955,47.62333940175418
8685,87,-122.33371167438082,47.62309076566944
8686,87,-122.3336693333528,47.623084204613406
8860,87,-122.3329709377,47.62052087766098
8861,87,-122.33303091541325,47.6204933359639
8862,87,-122.33291717849976,47.61936595289817
8863,87,-122.332868419065,47.61939378676835
9669,87,-122.332395273419,47.6223780317548
9925,87,-122.331151594855,47.621924485317
11656,87,-122.33230806914162,47.621916956877
12213,87,-122.3336855209864,47.6220133998392
12214,87,-122.33303702564746,47.62184715434085
12215,87,-122.33297052875548,47.6218745748769
12332,87,-122.333777895617,47.6220536863313
16502,87,-122.33592103719523,47.62382663656108
18291,87,-122.3330535205726,47.6218734813156
18499,87,-122.33174493735493,47.620622860178365
18500,87,-122.33168140558432,47.62065066023023
21418,87,-122.33588700050632,47.623825804586566
22071,87,-122.335086235087,47.62314622285594
22072,87,-122.33512650119071,47.62315927682461
22391,87,-122.33596753809232,47.62369059538067
22727,87,-122.33593406691983,47.6221560298116
22728,87,-122.33589247324642,47.62212628094368
22729,87,-122.33457387584087,47.62205519804044
22730,87,-122.33453571955523,47.62204753959063
23187,87,-122.334536882677,47.6220886417722
23188,87,-122.334544858971,47.6219359909699
23406,87,-122.33368319237802,47.62369749532311
23475,87,-122.33556557239608,47.62314084906941
23476,87,-122.33561236583316,47.623160905191554
24669,87,-122.331756761038,47.619582918089
24803,87,-122.33508748903414,47.62319540999474
24804,87,-122.33518750543034,47.62299790683063
24841,87,-122.335166968941,47.6231409791191
26479,87,-122.3316889559514,47.62182456087457
26480,87,-122.3317447229585,47.62179863380747
26539,87,-122.335544249831,47.6208501464575
26540,87,-122.33558613327044,47.62086246151728
26541,87,-122.334901340325,47.6208184255616
27302,87,-122.33242537666916,47.62198734022356
27303,87,-122.331752258739,47.621814049503
28705,87,-122.33363975685602,47.6222714264475
28706,87,-122.333639560118,47.6222598494713
28880,87,-122.336816626998,47.6231584452198
28881,87,-122.33594533570977,47.62306061748087
28882,87,-122.33595871764,47.62308287663521
29074,87,-122.33565950791667,47.62316168767319
30007,87,-122.3323957076,47.62245055271169
30306,87,-122.333653093534,47.6233575801109
31254,87,-122.333681641798,47.6234223814132
31521,87,-122.332387411067,47.6219765126511
31582,87,-122.3316807447175,47.62183438573495
31771,87,-122.336748767635,47.6220975094807
31772,87,-122.33680023133998,47.62206206949917
31773,87,-122.33789061854,47.6220727976277
32384,87,-122.33554562413302,47.62090038067453
32450,87,-122.33366121869,47.6231053381323
32551,87,-122.336911302796,47.620880491755
32678,87,-122.334435312881,47.6232136134523
33053,87,-122.3330578975955,47.62329670749671
33054,87,-122.333044628065,47.62326640652711
34125,87,-122.331758391119,47.6227170855626
34700,87,-122.332855248139,47.6191694796943
35284,87,-122.336374006043,47.6232919505056
35914,87,-122.335228916086,47.6228018654106
36254,87,-122.335817483784,47.62437792135134
37076,87,-122.3323774291,47.6220003833234
37165,87,-122.334444580315,47.6232211962672
430,88,-122.289620896672,47.6993372347575
454,88,-122.2942024970874,47.70117885279472
622,88,-122.29068652067072,47.69456658189978
693,88,-122.282631408084,47.6974000830643
796,88,-122.282654577639,47.69846713065623
881,88,-122.290825869292,47.704744183742
969,88,-122.27849516958334,47.69656970570026
1293,88,-122.29001918513032,47.69386898415576
1758,88,-122.28571167646066,47.7011210224298
2741,88,-122.279922722022,47.6974284705301
2965,88,-122.293437299303,47.7001745637808
3048,88,-122.289995196551,47.6945954300885
3118,88,-122.294195890917,47.7031080578948
3138,88,-122.293483739851,47.70106910405181
3337,88,-122.289668562333,47.6975023725642
3338,88,-122.288718419023,47.697493803049404
3365,88,-122.283671837182,47.6953781618021
3775,88,-122.292944835605,47.7012126013114
3844,88,-122.282632356194,47.697468977169
3961,88,-122.298752426686,47.6993757249509
4005,88,-122.30012323871068,47.69840458983384
4192,88,-122.29054251988472,47.69831474223288
5172,88,-122.288212422645,47.7047079005745
5541,88,-122.281456364924,47.6974410801085
5691,88,-122.29013545960066,47.702916783198965
5692,88,-122.289506099922,47.7029100652881
6383,88,-122.285172646835,47.6974707570347
6482,88,-122.301565063802,47.6993544412831
6518,88,-122.293402789042,47.6993516533503
6910,88,-122.294162199949,47.70441259842727
8054,88,-122.292603956189,47.7010846359091
8203,88,-122.27995866074302,47.6952742692963
8652,88,-122.29334565339734,47.6979806057505
8653,88,-122.296123884132,47.69795615216592
9242,88,-122.287885130887,47.6938630742602
9243,88,-122.288009982117,47.6945824307066
9697,88,-122.29071894610802,47.70209124870289
9968,88,-122.28984557797666,47.69524435273826
10025,88,-122.288056242592,47.7011526077791
10065,88,-122.285204544244,47.6960210487062
11000,88,-122.29877563983,47.700200603947
11018,88,-122.286713978873,47.7011310989333
11146,88,-122.285240691052,47.6983027831949
12232,88,-122.2941699390538,47.70392207868112
12447,88,-122.282621470772,47.696802326097405
13734,88,-122.289410047067,47.704730214486
13776,88,-122.28436254027766,47.69519227558977
13811,88,-122.28013349523934,47.70314263090864
13879,88,-122.298723835116,47.6983847330147
14370,88,-122.288068976397,47.7001398518889
14654,88,-122.295390732056,47.701169307878594
14897,88,-122.28672641412668,47.70220715837337
15207,88,-122.28181564766533,47.6969709531055
15602,88,-122.28789690084066,47.69344193902607
15691,88,-122.28385515284668,47.69634084206746
15853,88,-122.27993438309,47.696195307655806
15884,88,-122.29871970875566,47.6979714670854
16085,88,-122.29537295854,47.70189565234863
16546,88,-122.279892290387,47.6930274759717
16562,88,-122.286998880622,47.6945747406422
16629,88,-122.29067627481815,47.701169489370464
16665,88,-122.289476756316,47.69831738140476
16716,88,-122.29145554656668,47.7030822071139
16824,88,-122.2799425103204,47.69482512364967
16938,88,-122.285385541957,47.6936479668488
17229,88,-122.289978228602,47.7011636115012
17230,88,-122.289405975601,47.70115939066719
17373,88,-122.294718529451,47.69841095802367
17455,88,-122.287977531956,47.69522414370599
17527,88,-122.279929827326,47.6967113502705
17595,88,-122.27837596247268,47.6961311710767
17719,88,-122.29664996341668,47.70018823946703
17981,88,-122.29723762295266,47.700195838345365
18262,88,-122.28994416535468,47.6966829187815
18670,88,-122.291268852201,47.7012063438939
18908,88,-122.285313446859,47.69488757483287
19149,88,-122.288137011784,47.7028929981065
19300,88,-122.28521258227902,47.6966866236603
19584,88,-122.28137416094133,47.6966815919318
19665,88,-122.279906119671,47.6922822187828
19914,88,-122.28970748657568,47.696022672532536
20346,88,-122.29146801048569,47.703869975059
20348,88,-122.281760321256,47.695232883019
20407,88,-122.30120237708364,47.70111787595393
20493,88,-122.291673623098,47.69828704800637
20498,88,-122.285237197625,47.6951906079078
20527,88,-122.281836840612,47.696689679675806
20710,88,-122.278554958839,47.69482818771593
21019,88,-122.285507803345,47.700111573529
21770,88,-122.290846175807,47.7047442360632
22322,88,-122.29521018064932,47.703107442540976
22568,88,-122.289484133636,47.7025566161769
22894,88,-122.290010914644,47.7001539253176
23073,88,-122.289428595876,47.70402281062226
23310,88,-122.293361349707,47.698345460084
23438,88,-122.290221055674,47.69458249572744
24206,88,-122.298742685926,47.6993160322476
25147,88,-122.278690770395,47.69160894753995
25305,88,-122.300939762801,47.7002048164224
25838,88,-122.278388925124,47.6914895882775
27469,88,-122.28952719004968,47.703323479990765
27599,88,-122.275359944942,47.6920885346789
27901,88,-122.291235390854,47.7139393792993
27981,88,-122.289658631527,47.6973491409612
30035,88,-122.290620890891,47.70015135477564
30281,88,-122.276131387822,47.692295222189806
31552,88,-122.290810649085,47.7052304400802
31721,88,-122.275388929893,47.6920598768729
32369,88,-122.29062004337202,47.7001927802919
32673,88,-122.290714334989,47.7083291425605
32749,88,-122.290693783452,47.7083319042526
32767,88,-122.290825701595,47.7047304765277
33453,88,-122.290857456832,47.7027425165146
33656,88,-122.29082722631364,47.69031232651704
34346,88,-122.290825030576,47.7046756483428
35470,88,-122.27703552983368,47.692201573847065
35492,88,-122.289698386221,47.6975345803648
35561,88,-122.287870732361,47.69929985605357
35602,88,-122.290980847781,47.7052380330254
36040,88,-122.290617458042,47.7001379799184
36559,88,-122.282758743158,47.7011112736722
37478,88,-122.290108569269,47.701166896048
37493,88,-122.278273840715,47.6927279666885
37653,88,-122.270604075924,47.6909904113409
388,89,-122.327057436341,47.5883270327536
1680,89,-122.321252036003,47.5829394271537
1681,89,-122.32082677139964,47.58294930986237
2394,89,-122.321253902284,47.5790192661672
2726,89,-122.326506671166,47.5960576573458
2902,89,-122.326392564165,47.569732278746
4068,89,-122.328893301859,47.5883507086225
5008,89,-122.321255978412,47.5809802733074
5225,89,-122.321252704653,47.5841403441221
5906,89,-122.321278904791,47.5759555016834
6633,89,-122.324503237605,47.5950484959182
6697,89,-122.32464894826632,47.59330318820541
7058,89,-122.326928561378,47.5693759175972
7209,89,-122.3215387631,47.5797099335308
8648,89,-122.326083708142,47.581249294109305
9190,89,-122.3288501254,47.57364557878301
9489,89,-122.321255026077,47.57971013645911
9897,89,-122.330072927892,47.58559096800658
9933,89,-122.328934102812,47.5778793460294
10169,89,-122.328575671565,47.5963768593198
10789,89,-122.326928149792,47.5693574977959
10930,89,-122.321551044818,47.5778340381749
11571,89,-122.323845573835,47.59611649569056
11956,89,-122.324970078714,47.5710721129608
12001,89,-122.325774396353,47.58265857295564
12270,89,-122.323368125826,47.5818121421419
12427,89,-122.33011044505,47.5781843854071
12433,89,-122.321539574288,47.5775840286374
13009,89,-122.321543995464,47.5802492384898
13054,89,-122.328872493661,47.5886883232486
13231,89,-122.326444058138,47.595960617475406
13798,89,-122.326182730415,47.5743325828668
13799,89,-122.326115884122,47.57433232576
13847,89,-122.32808891616166,47.57364503326693
14135,89,-122.330034059075,47.5925569407742
14312,89,-122.32118540667,47.5776182290039
14628,89,-122.322917951814,47.5820290618584
15241,89,-122.325780993769,47.5701671442066
15328,89,-122.330057833992,47.57818354403181
15510,89,-122.327539450489,47.58832770078229
15740,89,-122.328853667268,47.5802930168909
15934,89,-122.33010357377066,47.588323987171805
16289,89,-122.323359531988,47.579932874065
16621,89,-122.32266348012,47.5880882066996
16806,89,-122.322885311063,47.5819920254738
17446,89,-122.32885388497,47.58496327363613
17488,89,-122.326103061434,47.5736191817966
17769,89,-122.328927724604,47.58073398118571
17911,89,-122.325168098162,47.5881439399537
17948,89,-122.329265345869,47.5686661409805
18141,89,-122.321251102947,47.586934942988
18159,89,-122.3274643852,47.5883448092471
18211,89,-122.325832757917,47.5778377611619
18562,89,-122.326473289407,47.5950083073271
18720,89,-122.328935527463,47.5840644678296
18811,89,-122.327453873373,47.579702503188
19018,89,-122.323361534769,47.5874316570223
19055,89,-122.330061134712,47.577822687821104
19250,89,-122.32576291216134,47.5957513095892
19251,89,-122.325799585164,47.5747818936907
19616,89,-122.325833585353,47.5859492657742
19780,89,-122.324887110271,47.5950549839989
20014,89,-122.328945074213,47.568573557685305
20253,89,-122.329253949698,47.5883235136815
20552,89,-122.328851112847,47.57435328930401
20646,89,-122.32125344774867,47.58662224042144
20773,89,-122.32609756909,47.59073833629801
20907,89,-122.32825356197068,47.57782913583486
21205,89,-122.325992595281,47.5778437444793
21207,89,-122.32860365579567,47.5964302393501
21212,89,-122.323696850311,47.58623767283499
21586,89,-122.328918629857,47.5736442434712
21651,89,-122.328931853292,47.5771667707626
21902,89,-122.32942943771866,47.59061211557636
21903,89,-122.329099171682,47.590612566759766
22191,89,-122.326465845841,47.5957489968339
22202,89,-122.324587824309,47.579709605882194
23012,89,-122.328892403056,47.5900034632232
23389,89,-122.324667057342,47.5922558852308
23394,89,-122.325864132947,47.574729734253104
23483,89,-122.323729157961,47.5778322943897
23537,89,-122.325852521926,47.5838687950886
23545,89,-122.325146894659,47.5946800093425
23582,89,-122.326118964586,47.574117803259
23681,89,-122.32369969035432,47.578332599904506
23691,89,-122.326182814536,47.5736823081659
23839,89,-122.321281602859,47.5881410046865
23934,89,-122.329770090508,47.5905651118439
24093,89,-122.325777375937,47.5747447947194
24109,89,-122.325845391307,47.5881460749281
24188,89,-122.330106251934,47.5802156554879
24391,89,-122.32666975114034,47.5812312125121
24555,89,-122.330067235726,47.57379405654441
24637,89,-122.330067948969,47.5741257540345
24650,89,-122.33006859223832,47.57742597813766
24749,89,-122.326431007286,47.5697513957368
24775,89,-122.326627402371,47.57171736148771
24806,89,-122.326450938393,47.5950556683593
24947,89,-122.326115904025,47.58812040287879
24983,89,-122.322748158325,47.588135342348
24996,89,-122.326029652984,47.59079561211289
25023,89,-122.325188058807,47.5950420289489
25126,89,-122.324335984857,47.5778309893779
25211,89,-122.325853058064,47.582655052972
25473,89,-122.328925262833,47.5849801020201
25781,89,-122.326093964246,47.5743470748341
25943,89,-122.32911788877134,47.59058498276677
26004,89,-122.325032296819,47.5883233695601
26033,89,-122.323348157291,47.5881361820624
26106,89,-122.32606751561498,47.5891882478613
26153,89,-122.32584222004398,47.5901755938998
26230,89,-122.326126931055,47.5948707382291
26277,89,-122.325777599368,47.5743318663697
26315,89,-122.32583857527,47.5799480615298
26474,89,-122.325351581888,47.5817553106333
26482,89,-122.326094717875,47.5862456534752
26529,89,-122.325850732232,47.5743495032113
26535,89,-122.324608957521,47.58814743791479
26568,89,-122.32864513100732,47.59621989948883
26909,89,-122.327276601954,47.5743481081114
27044,89,-122.330050740388,47.58021693414779
27162,89,-122.32747694429,47.5882290242287
27165,89,-122.32651863893598,47.5950897254016
27445,89,-122.32751146867,47.5955946391023
27650,89,-122.325884542454,47.5947079533328
27653,89,-122.328924721785,47.57570483084711
27714,89,-122.32384547147,47.5950462609327
27715,89,-122.323632645349,47.5950447993068
27735,89,-122.323339034476,47.5862410799052
27736,89,-122.323067032914,47.5862392945419
27759,89,-122.322751390954,47.5778280727805
27922,89,-122.32314051973331,47.5910653786588
27959,89,-122.328920240653,47.5824784003876
28406,89,-122.325777592934,47.5743458101215
28428,89,-122.32581328801298,47.5721699900503
28672,89,-122.321597157781,47.5841397198813
28739,89,-122.328306962006,47.5883313005763
28771,89,-122.328852357687,47.5824792668029
28894,89,-122.328875353679,47.5849722283721
28941,89,-122.326092157489,47.57195783055854
29110,89,-122.325855169939,47.57224289274999
29135,89,-122.328936966782,47.579711567466
29261,89,-122.325857802093,47.5916445021709
29389,89,-122.328824509495,47.5840670481817
29396,89,-122.329605494981,47.5905560903968
29435,89,-122.327436759611,47.5732922797558
29995,89,-122.328673930796,47.5963761802726
30206,89,-122.324571127193,47.579257135238834
30252,89,-122.330036645938,47.5926566028016
30287,89,-122.32583011519598,47.5767472098243
30402,89,-122.328350941522,47.5963043974016
30426,89,-122.326504823068,47.5965216472177
30598,89,-122.32564286303,47.5838393227367
30758,89,-122.326064829019,47.5910133707875
30975,89,-122.325968676487,47.5743482808864
31285,89,-122.32119592956,47.5790112825331
31405,89,-122.326179057611,47.5800964215039
31440,89,-122.325928168777,47.5743486886039
31454,89,-122.330050431823,47.580377170716
31513,89,-122.32618272821,47.5743475760718
31817,89,-122.326181165826,47.5767865391251
31838,89,-122.328910965981,47.5683485194435
31929,89,-122.326061666999,47.5881430129373
32081,89,-122.328858909062,47.5964533178533
32126,89,-122.325767227656,47.5900575474843
32395,89,-122.329267361391,47.5888546975549
32396,89,-122.329253889527,47.5884265823056
32498,89,-122.330111774821,47.5925908590342
33048,89,-122.32450223941632,47.595085612095794
33159,89,-122.325779743069,47.5721512830011
33772,89,-122.322842839437,47.5799453999772
33944,89,-122.32975794702368,47.59228366804357
34005,89,-122.32849087083,47.5883639846768
34023,89,-122.3284152596,47.5963370533309
34539,89,-122.330100571989,47.59265562619674
34540,89,-122.330101688285,47.5926798662283
34553,89,-122.321190684296,47.5857739361694
34561,89,-122.330112892491,47.5738349953977
34704,89,-122.324892872768,47.5949052311575
35259,89,-122.328855336215,47.5772231305716
35339,89,-122.326182443174,47.5748546856208
35515,89,-122.328856051747,47.5757022780458
35589,89,-122.323346614132,47.5883625865319
35931,89,-122.321189585937,47.5870479944894
35999,89,-122.332024376458,47.5925321057946
36172,89,-122.328505927428,47.5963178225545
36466,89,-122.323298309317,47.5855275882866
36862,89,-122.330102401696,47.5922476471384
36971,89,-122.328546094232,47.5964034814236
36983,89,-122.323296647903,47.5874093563335
37390,89,-122.324215393601,47.577587425373
37393,89,-122.328624697925,47.5964433907459
37399,89,-122.325029235313,47.5859232365692
37415,89,-122.32884722606,47.590761529524
37486,89,-122.326172029159,47.5909399830476
37584,89,-122.326172492305,47.5889514978547
191,90,-122.289181672762,47.6626477933155
706,90,-122.299504294063,47.6679465927163
1077,90,-122.296344242536,47.6721113803138
1525,90,-122.290842696077,47.6684651452266
1551,90,-122.28974577304102,47.6583703513991
1781,90,-122.298570642537,47.6679493455411
2046,90,-122.2936800560206,47.66213686745672
2082,90,-122.3019525723898,47.66794564157043
2085,90,-122.283369281579,47.66846192813241
2393,90,-122.2967922053106,47.67581911427916
2395,90,-122.295695270105,47.667068224334095
2518,90,-122.291563857072,47.66334136801364
2875,90,-122.29450815603802,47.6648819560689
3013,90,-122.299185037213,47.6684618808938
3014,90,-122.298574930253,47.6684485926588
3307,90,-122.28913552162366,47.668195424561766
3389,90,-122.293182268665,47.66385191526937
3784,90,-122.298562319039,47.6670862514707
3833,90,-122.290847314331,47.6721085370931
4433,90,-122.298497547661,47.6758199420683
4678,90,-122.284830806508,47.6612285669249
4717,90,-122.29650431127,47.6613279008692
4839,90,-122.29250369705368,47.67206837381804
4898,90,-122.288182344893,47.6604676011698
4926,90,-122.289140200266,47.6648334609524
4974,90,-122.28922069688,47.6583663713264
5072,90,-122.300531617373,47.675783188878
5255,90,-122.292326775062,47.6747413304985
5858,90,-122.29250645804102,47.6721101763126
5958,90,-122.286294627493,47.6568003671868
5959,90,-122.286302389885,47.6568129237661
6395,90,-122.296924040419,47.6613297010508
6396,90,-122.29710976218732,47.66133049732224
6537,90,-122.290188269317,47.66107573330687
6634,90,-122.293287331964,47.6684686918386
6792,90,-122.30177168776,47.6721118576103
6793,90,-122.301765759338,47.6725101835361
7839,90,-122.29754208869036,47.675420170848206
8217,90,-122.289215747263,47.6597959877044
8245,90,-122.29780611270569,47.6662603988022
8248,90,-122.29229368667234,47.66391664918087
8305,90,-122.29952038242,47.6721144426789
8474,90,-122.2901251966,47.6598312352319
8713,90,-122.297760272201,47.6663844660545
8850,90,-122.287967656169,47.6740298277075
8866,90,-122.296709917087,47.66641564235693
9271,90,-122.29213971354902,47.6747471588718
9295,90,-122.296698866182,47.6670736975771
9401,90,-122.28485115916932,47.66231385403884
9508,90,-122.294471439311,47.668468030438
9861,90,-122.292293568332,47.664835353448005
10277,90,-122.289142804337,47.6610494646619
10410,90,-122.288134354686,47.6610225899232
10484,90,-122.285682455719,47.6612230382695
10660,90,-122.29447393593,47.66484637743
10744,90,-122.299509231274,47.66825875139117
10770,90,-122.29558169760963,47.67036582797616
11641,90,-122.294040312329,47.6623658977418
11911,90,-122.297712849766,47.6613442735773
11945,90,-122.291206951169,47.66483244557551
12820,90,-122.292055191115,47.66846443090051
13357,90,-122.29569656980532,47.66818010042304
13550,90,-122.292383930919,47.66052666726241
13730,90,-122.2838506741408,47.66846247280448
13978,90,-122.29164950710737,47.662411764199305
13996,90,-122.302696192139,47.6680540197846
14064,90,-122.292075131768,47.6721104546045
14381,90,-122.295004578802,47.6703812941498
14614,90,-122.28696095257,47.6684719824033
14822,90,-122.289198039479,47.6604748076681
15171,90,-122.29325777964202,47.6721075113556
15352,90,-122.294228583259,47.67211277246141
15479,90,-122.2862982545335,47.65678792638202
15480,90,-122.28384539414176,47.65581921049958
16239,90,-122.295695527248,47.66642857531347
16342,90,-122.289737732024,47.660508155735805
16377,90,-122.29954060294432,47.67543050294373
16405,90,-122.30149804271532,47.6714576498757
16461,90,-122.2934162654444,47.66180806729282
16463,90,-122.290184328568,47.66150981825303
16520,90,-122.285838385384,47.6684687380308
16789,90,-122.28478560771032,47.65571492167613
16837,90,-122.290115575707,47.6684722213079
16908,90,-122.29499474518302,47.67210616414141
17106,90,-122.29458436388366,47.66495472166313
17216,90,-122.290235489594,47.6624932602466
17427,90,-122.29023378803,47.6648251428646
17574,90,-122.29020990734466,47.67537795013624
17872,90,-122.286955816661,47.6721005494448
17953,90,-122.289027513287,47.6626472755038
18121,90,-122.2950295777196,47.66484047196898
18154,90,-122.28559857129116,47.66119402867762
18170,90,-122.301481952495,47.6721121682125
18375,90,-122.293251703243,47.67170891116327
18398,90,-122.3001348444732,47.6758198114366
18676,90,-122.299515812747,47.66994048586989
18805,90,-122.28774537109666,47.66048516494047
18930,90,-122.29539722972702,47.67211038419091
19015,90,-122.30230638899168,47.6725128463705
19327,90,-122.296791098402,47.675860096962
19453,90,-122.29753819982402,47.67215652878159
19511,90,-122.298557404713,47.6664142312077
19864,90,-122.28514110042634,47.656619296642965
19905,90,-122.28822898366302,47.6583659362382
20097,90,-122.290133179965,47.67210350691621
20264,90,-122.28599483948136,47.66617330585737
20374,90,-122.294253435852,47.6756351380347
20405,90,-122.28854816918734,47.67401928336407
20474,90,-122.300136551566,47.6758569597498
20673,90,-122.286936739458,47.67038067820389
20834,90,-122.289189497669,47.6684717023308
20840,90,-122.30178882214769,47.674456984352695
21131,90,-122.299521234777,47.6720459079314
21158,90,-122.298577319286,47.6699425300932
21274,90,-122.290271967533,47.6628770027786
21492,90,-122.287954578913,47.6721012297804
21700,90,-122.283191287442,47.6613555995558
21831,90,-122.299495413906,47.6667713742087
21844,90,-122.28587342725798,47.672099731212
21866,90,-122.28822267824,47.6588168349947
21901,90,-122.300537860207,47.6721132883913
21918,90,-122.30057550524369,47.67250276452436
22362,90,-122.289157098076,47.669735956384535
22397,90,-122.29755810753,47.67211526872321
22469,90,-122.29121141588632,47.67550625275203
22515,90,-122.292037220463,47.67002253974004
22671,90,-122.300583044988,47.67892104470684
22879,90,-122.298588110768,47.6721134965707
23200,90,-122.293748084623,47.662159845983695
23220,90,-122.30009134321732,47.66858128919967
23365,90,-122.296482910486,47.67520630045349
23427,90,-122.29015722324,47.6721441995609
24131,90,-122.29625093153231,47.66885617537567
24602,90,-122.29240752811069,47.6604951553912
24856,90,-122.30231310762468,47.67211133144281
24997,90,-122.29332417693934,47.67553359311474
25107,90,-122.29215189307132,47.675527782178165
25334,90,-122.28375714736968,47.6558177989626
25373,90,-122.295008024147,47.6686671877364
25451,90,-122.28386897202734,47.65715815163643
25536,90,-122.290825013954,47.67073319214157
25633,90,-122.295440668651,47.66354917353831
26305,90,-122.28588072450066,47.67548772664043
26335,90,-122.30052032483158,47.67582604010685
26338,90,-122.298561383462,47.67891787844327
26438,90,-122.283877369096,47.65804186812297
26659,90,-122.29445085632068,47.6717358813394
26702,90,-122.296338760546,47.6721538109889
26858,90,-122.28798913389666,47.67529054658197
27677,90,-122.28632682854466,47.67036987214817
27718,90,-122.29719867025432,47.66885269039403
27904,90,-122.290837557326,47.67001972207007
28187,90,-122.300551432586,47.66895813469284
28255,90,-122.30042261585,47.6664015938435
28433,90,-122.29013387231434,47.66871220020367
28557,90,-122.291217038105,47.6721104683044
28813,90,-122.296356035875,47.66789193037153
29319,90,-122.29485442391366,47.67401849935767
29328,90,-122.287921669482,47.6688141696517
29568,90,-122.30196825693366,47.6672818382744
29620,90,-122.295429438295,47.6740270287976
29781,90,-122.28584925174069,47.67174648946944
30265,90,-122.300574098636,47.6729022017429
30416,90,-122.29012861488,47.6686419270382
30524,90,-122.293846545115,47.6622124553512
31392,90,-122.295428147209,47.6754966950436
31543,90,-122.285858505687,47.6613467754887
31920,90,-122.293372613774,47.66202830609
31993,90,-122.28663337022569,47.6576709024308
33027,90,-122.28504831182968,47.657380363539694
34177,90,-122.28634875735,47.6564821812379
34220,90,-122.295528573918,47.6635443905528
34304,90,-122.285768810069,47.65597802959783
34386,90,-122.296500550288,47.6613432155112
34433,90,-122.29367336647,47.6622020902234
34477,90,-122.285571733678,47.6576642233782
34915,90,-122.283850405173,47.657159885614
34922,90,-122.285616919434,47.661179283868
35418,90,-122.27943042697,47.6586623737846
35621,90,-122.289745072177,47.6583351922991
35802,90,-122.283907187664,47.65705000548047
36900,90,-122.283695769479,47.6685907465425
37219,90,-122.283277153191,47.6685904468304
264,91,-122.313001845785,47.59522472228927
595,91,-122.306333475705,47.5895831928139
1031,91,-122.317205546493,47.5914840018933
1213,91,-122.318503504193,47.5983901458346
1311,91,-122.31460494324,47.5845165828693
1651,91,-122.3072492393266,47.58873787560018
1707,91,-122.316674686434,47.5845194701293
1759,91,-122.317948401197,47.5899378865385
1822,91,-122.3072507481,47.5878060498171
1823,91,-122.307247904695,47.5880772391121
2088,91,-122.3158463100894,47.59628398697904
2202,91,-122.317227226667,47.5863217259452
2248,91,-122.314588527086,47.58629770297531
2581,91,-122.316062566231,47.5962857326246
2813,91,-122.31605334768769,47.58869109175517
2814,91,-122.316054040899,47.5883733303541
2959,91,-122.30606490166927,47.58852237712591
3015,91,-122.316109250308,47.5809731040609
3016,91,-122.316110338215,47.5809501179277
3332,91,-122.30624472789002,47.5958347630127
3654,91,-122.317208074976,47.5909081982033
3828,91,-122.307796505803,47.592647372051
3829,91,-122.307761050614,47.5925804032508
3842,91,-122.307959584747,47.5944820818398
4126,91,-122.314535277792,47.5862998891361
4139,91,-122.308891683602,47.5983673725743
4208,91,-122.31515214097334,47.588376202603
4459,91,-122.313895184819,47.5982051979407
4813,91,-122.3174424927616,47.5837727557766
4820,91,-122.308530350985,47.5928979864181
4854,91,-122.317208017387,47.5899423483949
5022,91,-122.310461984289,47.5974443174857
5177,91,-122.3082113315,47.5924958847248
5319,91,-122.306258513405,47.5951676304484
5341,91,-122.31399709541633,47.58451035677346
5473,91,-122.31460680287098,47.584776088237
5500,91,-122.30491911396231,47.59667986362137
6516,91,-122.317008234782,47.5883725408862
6836,91,-122.307173092304,47.5878215289041
7409,91,-122.30730437702398,47.5944750589097
7529,91,-122.308901165607,47.596701706742
7644,91,-122.313975605382,47.5982053391756
7738,91,-122.317955462048,47.5892322797439
7834,91,-122.311651970449,47.5899590472046
7912,91,-122.316048441524,47.5855013751792
7990,91,-122.318006780823,47.5900779009426
8023,91,-122.317925894015,47.5984310477081
8113,91,-122.308569905846,47.5988522869272
8492,91,-122.31664485754,47.589943998861
8611,91,-122.30475343010134,47.59381635429656
8618,91,-122.316053343996,47.5845185001395
9116,91,-122.312809227521,47.58995882488241
9513,91,-122.312667472018,47.5899070790187
9555,91,-122.3172050259488,47.58659551264402
9709,91,-122.30724391850468,47.59550818020087
9849,91,-122.312919609822,47.59683594489369
9906,91,-122.308897304822,47.5974307517777
10038,91,-122.319544391462,47.5983933967903
10642,91,-122.30898683998466,47.59573086227556
11545,91,-122.312721401109,47.5966403058096
12045,91,-122.31849971028232,47.58632306696503
12619,91,-122.310937012618,47.5931398313987
12991,91,-122.316073052133,47.58994521131
12997,91,-122.307234475095,47.59283175299979
13110,91,-122.319565963886,47.5975714665634
13139,91,-122.31078801894,47.593900315668
13173,91,-122.307924735752,47.5926053037234
13211,91,-122.317206426277,47.5880945323028
13279,91,-122.305337275423,47.58763196688553
13912,91,-122.306322644471,47.5944589875203
13961,91,-122.306219253181,47.586884535071
13967,91,-122.306323682661,47.593818587053
14081,91,-122.313127555133,47.58995147178981
14153,91,-122.315665739038,47.5883757784982
14191,91,-122.3172172639992,47.58293708291173
14412,91,-122.317249647004,47.5990830253949
14777,91,-122.319450120204,47.5993160325669
14794,91,-122.30486575213564,47.5944601036067
15122,91,-122.31413136243002,47.59669293102869
15203,91,-122.3140541077378,47.59838421824516
15376,91,-122.308962803501,47.5966895856075
15607,91,-122.316011547945,47.5809723262584
16039,91,-122.316123561299,47.5829589557215
16081,91,-122.312804750784,47.5966894564179
16598,91,-122.308193457028,47.59583648072553
17064,91,-122.312641508325,47.5953800564342
17105,91,-122.30617927276532,47.589156118507766
17120,91,-122.312454739254,47.595443755431
17469,91,-122.319992115841,47.5983934338847
17816,91,-122.31666817543434,47.59156909382386
18218,91,-122.316063866202,47.58296262847781
18273,91,-122.30512427485034,47.59214779724127
18361,91,-122.317198673888,47.5928098898699
18613,91,-122.317108110698,47.5974418761322
18762,91,-122.31036138149,47.5933300530402
19137,91,-122.30632389793898,47.5931125815338
19212,91,-122.30816506176,47.594749442462806
19314,91,-122.3089012579682,47.59876418496916
19478,91,-122.30520295989432,47.5958911338837
19598,91,-122.313576416315,47.5912437688062
19870,91,-122.311512301667,47.5974361477391
19987,91,-122.316052568768,47.5899865418797
20114,91,-122.30731811038868,47.59291722069336
20115,91,-122.30727712541402,47.5928638246201
20607,91,-122.315800549791,47.5974065834353
20815,91,-122.315875050455,47.5974465746746
21308,91,-122.30963984023168,47.59238716439413
21437,91,-122.31058716407,47.5975779551888
21987,91,-122.312209870138,47.5959131630806
22053,91,-122.315548859086,47.5829598165349
22276,91,-122.317919419067,47.58937846540643
22335,91,-122.31383590285134,47.59802624744126
22421,91,-122.308809241709,47.5939536806336
22467,91,-122.30521175535966,47.59517840146481
22495,91,-122.314767619206,47.592164217257135
22744,91,-122.314782206472,47.5876900762448
23300,91,-122.313376830233,47.5974400186409
23813,91,-122.317306418809,47.5863350142342
23819,91,-122.314995439484,47.5877239417747
23872,91,-122.31665220167132,47.58420169788197
24041,91,-122.316660228316,47.5902070884876
24166,91,-122.30622589681,47.5983304190615
24272,91,-122.306321589652,47.59299958884797
24444,91,-122.307927162903,47.5944819762934
24445,91,-122.308222508977,47.5944717369925
24461,91,-122.316865784922,47.59911717928609
24501,91,-122.317120395775,47.5966914388163
24524,91,-122.31414089690134,47.5962697666976
24698,91,-122.310632560868,47.5870715727813
24890,91,-122.30681977520533,47.5916787136126
24895,91,-122.31689194194134,47.59574358223259
24896,91,-122.31693257630234,47.5967093444575
25503,91,-122.317311792664,47.59907246696449
25596,91,-122.30893955547,47.5957391745629
26515,91,-122.31794547775064,47.58429527009
27142,91,-122.31663292203966,47.58725225819287
27189,91,-122.314564731452,47.597441738838
27376,91,-122.311167026101,47.596687980403
27564,91,-122.31838460747366,47.59674738529753
27747,91,-122.317234209981,47.58134849572907
28260,91,-122.319546946095,47.5992931645317
28863,91,-122.318009256295,47.5836749660517
28900,91,-122.319561820346,47.5973556143398
29098,91,-122.308833006821,47.5997414324338
29504,91,-122.316057606647,47.591569280742
29872,91,-122.312306365959,47.5914996231982
30032,91,-122.317414129317,47.5909124449105
30382,91,-122.317147048505,47.5928286045508
30448,91,-122.318660933128,47.599103934317135
30893,91,-122.313427530133,47.5957377838659
31142,91,-122.31456781223034,47.59740586536113
31249,91,-122.319738134199,47.5975797298766
31343,91,-122.319554479205,47.6001106496836
31612,91,-122.310694816423,47.5864413883464
31860,91,-122.31614299169767,47.59908879333954
32039,91,-122.31447645557,47.593979045173
32118,91,-122.31665422932066,47.58504093840137
32215,91,-122.316056087614,47.5893443663541
32687,91,-122.3126264918,47.5903665783907
33307,91,-122.306099349843,47.5883161280977
33394,91,-122.311454609563,47.5883751028957
34174,91,-122.310698427413,47.5870779111289
34441,91,-122.313822090484,47.5952303199755
34742,91,-122.314685716565,47.5990747299976
34831,91,-122.311451159347,47.5970226079068
35027,91,-122.315684222322,47.5883463523196
35085,91,-122.317957617092,47.5889258356847
35266,91,-122.322373181554,47.5957076114089
36373,91,-122.317410428929,47.5880243917178
36639,91,-122.317143658257,47.5866102421116
36864,91,-122.314815427003,47.5848125683664
37007,91,-122.304630564517,47.5976103458477
37086,91,-122.308224576492,47.594730215591
37528,91,-122.320027456238,47.5984375525034
9,92,-122.31877677057,47.7666683928356
375,92,-122.312335626888,47.77335620546361
821,92,-122.32436313493,47.7661423885753
822,92,-122.324369681355,47.76586937746939
906,92,-122.314657467131,47.7673436306101
953,92,-122.324378841755,47.767233375546
964,92,-122.318831592251,47.76953168094
998,92,-122.31465007943602,47.7676353808125
1864,92,-122.3216481146076,47.76631200533356
1865,92,-122.32164410645,47.7658212204297
2238,92,-122.3097083062542,47.77459209799606
2664,92,-122.308230864681,47.7708691411999
3435,92,-122.3216307042486,47.76537472365946
3795,92,-122.329965217071,47.7746244859925
3805,92,-122.311211054735,47.7701880647682
3806,92,-122.310688342997,47.770191686186
3998,92,-122.307123503159,47.7732558626952
4697,92,-122.3092753587802,47.77332331020831
4857,92,-122.332604958075,47.7705487148038
5078,92,-122.313352496065,47.7713890644508
5363,92,-122.310082684353,47.7715254498704
5781,92,-122.318766534666,47.7656443303332
6563,92,-122.313383992059,47.7713504861149
6638,92,-122.324410829727,47.7689398814193
6811,92,-122.309183350365,47.77421409766109
6847,92,-122.309634483134,47.7744839808885
6879,92,-122.309421607619,47.7726697126106
7192,92,-122.312304141208,47.7733771305402
7526,92,-122.30945219892,47.7734018028102
7743,92,-122.324202582811,47.7644917161597
7744,92,-122.32443155798,47.7635852268302
7888,92,-122.309174489504,47.7735314324776
8197,92,-122.32991809220398,47.7726240946935
8279,92,-122.309265934849,47.7733641846728
9568,92,-122.313665199229,47.7737991013461
9883,92,-122.3244535375,47.7704040098977
10096,92,-122.316244734926,47.7673525500609
10422,92,-122.313513846949,47.7743049212491
11155,92,-122.32988703571898,47.7704997383284
11438,92,-122.3166167728932,47.7702591401584
11480,92,-122.3156677855472,47.77024355240346
11596,92,-122.308382239916,47.7707933864272
11661,92,-122.31507496201134,47.7701191859618
11942,92,-122.314493558473,47.7702224116116
11943,92,-122.313629657282,47.7702045047451
11963,92,-122.319243628589,47.7703070828465
12033,92,-122.310260942666,47.7666445178655
12087,92,-122.313603103509,47.7759319600909
13446,92,-122.324400331142,47.768080368085
13785,92,-122.323071182128,47.7702815773489
13810,92,-122.321625632203,47.7649930972268
13976,92,-122.32437933059002,47.7667564008629
15837,92,-122.316269908702,47.7738363915606
15838,92,-122.31560785961666,47.773823658116896
16116,92,-122.32141497571,47.766705768426
16152,92,-122.321456886478,47.7663074781369
16480,92,-122.3163896885002,47.77358021263168
16848,92,-122.3106748909766,47.77524042982726
16871,92,-122.32610238920068,47.76899829443547
17140,92,-122.312379362339,47.766673341636
18593,92,-122.31940409068902,47.7706146632139
19404,92,-122.31137948369536,47.7682992318666
19814,92,-122.31349674877,47.77423643457481
22087,92,-122.31863520907034,47.7673052808644
22133,92,-122.317458529537,47.7680841906975
22220,92,-122.318176662556,47.7679909320755
22296,92,-122.312372821408,47.7682983875425
22591,92,-122.3083237879,47.7709181421032
22630,92,-122.314569169644,47.7720631672128
22692,92,-122.314953684541,47.7766937372587
23057,92,-122.32041170494968,47.76489867023594
23100,92,-122.32142333529,47.7668325337083
23195,92,-122.317034090062,47.7667282339294
23526,92,-122.31580409322731,47.766449525497706
23588,92,-122.321419162189,47.77218894743703
23734,92,-122.316257026137,47.7667085634049
23955,92,-122.3163119622288,47.7720950485104
24098,92,-122.31625488859568,47.77072265546854
24427,92,-122.316112222915,47.7758839355889
24486,92,-122.31422250702536,47.773814538121535
25198,92,-122.318179312596,47.768016450701
25733,92,-122.32302283977069,47.7685824024337
25851,92,-122.314007733253,47.7666924635218
26203,92,-122.31343626998098,47.77260419111891
26588,92,-122.31408289674532,47.768315901551695
26720,92,-122.330020503612,47.7758050712298
26915,92,-122.31874867559468,47.77080162832677
26975,92,-122.310857902086,47.7753668249649
27042,92,-122.314159053106,47.76942280973517
27190,92,-122.313360804203,47.7708641563608
27790,92,-122.31512123649,47.77665533869939
27811,92,-122.318487451495,47.77214017917737
28111,92,-122.31515403682832,47.7771002421213
28138,92,-122.31285662224066,47.77009923245979
28231,92,-122.321443212529,47.765377960169
28254,92,-122.322636685902,47.77027723906883
28528,92,-122.317996888638,47.7736049740532
29434,92,-122.324574040125,47.775044844076696
29843,92,-122.312014721034,47.7700826686057
29951,92,-122.31075023392,47.7751757637296
30081,92,-122.31990662946,47.76958452337343
30088,92,-122.314547076994,47.7667750274196
30160,92,-122.316320948577,47.7739548674437
30246,92,-122.324609928138,47.77671247816277
30500,92,-122.32422391959732,47.76674904166893
30648,92,-122.308766663022,47.76665554750036
31358,92,-122.324989103054,47.76647938900604
31419,92,-122.31747780536,47.7701356022479
31731,92,-122.314348686681,47.774712408606696
31980,92,-122.31974386732868,47.77129971790513
32046,92,-122.31764825940802,47.76606052487407
32429,92,-122.32071425155334,47.77035358577053
33085,92,-122.324220923097,47.7749201611659
33271,92,-122.32518753855432,47.76733352045967
33469,92,-122.308074213592,47.7677600390542
33727,92,-122.33261584746631,47.770584260757296
34232,92,-122.32628596024531,47.76736132524214
34288,92,-122.31361853277969,47.77684152378157
35210,92,-122.310832178106,47.77316572126773
35521,92,-122.307718197456,47.770556277589
36626,92,-122.313550931631,47.7759658984723
36808,92,-122.313405717521,47.7726057959382
36839,92,-122.324457957183,47.7644191497266
37383,92,-122.32995462995,47.7726154115894
37555,92,-122.329996055944,47.7746213358154
174,93,-122.345164771502,47.6218574929743
1524,93,-122.335788328826,47.6208092411232
1591,93,-122.333783744536,47.623061399383495
1697,93,-122.333036941432,47.6207679673392
1762,93,-122.345164203691,47.6219274104283
2635,93,-122.331754023353,47.6204046629089
2736,93,-122.333633699844,47.6217262531587
2796,93,-122.339678522417,47.6212281578558
2817,93,-122.333588468974,47.6212642630741
3080,93,-122.331777205208,47.620872928566
4450,93,-122.3370888017204,47.61895980987818
4644,93,-122.33968543384,47.6208289597128
4645,93,-122.339691047663,47.6207641990443
4715,93,-122.331114929529,47.6208363652907
6135,93,-122.333800659962,47.6230555239435
6409,93,-122.333518324444,47.6207702746468
6420,93,-122.33260916213932,47.6231974711017
6956,93,-122.33888358895,47.6219937694649
8185,93,-122.333021568848,47.6198328023647
8401,93,-122.333652018906,47.6207693830481
10480,93,-122.3304719643485,47.6209612818635
12350,93,-122.339103884577,47.62242102244539
13059,93,-122.333407966954,47.6230416581758
13377,93,-122.336506327021,47.6208232285399
13581,93,-122.340497905127,47.6208364095723
14031,93,-122.341849947917,47.6208379249616
14880,93,-122.3370785848266,47.62112341462492
14958,93,-122.340983332956,47.6221039488928
15988,93,-122.336163415427,47.62198904962551
16027,93,-122.341325563243,47.6221071255234
16100,93,-122.340034676186,47.6219902873325
16974,93,-122.340308371261,47.62210268654311
17028,93,-122.343125182691,47.6221152162073
17354,93,-122.331097761574,47.62086906153039
17523,93,-122.33726796301876,47.62078118945483
17818,93,-122.342054159033,47.6208379858158
19281,93,-122.330516401485,47.620676782751445
19385,93,-122.339127944034,47.619753061517
19386,93,-122.33916872420453,47.619715282169714
19387,93,-122.340361973465,47.6197311875855
19395,93,-122.342988888853,47.6208001514587
19774,93,-122.34130599640498,47.62083394508701
20200,93,-122.338243114096,47.6208223610141
20553,93,-122.337079465718,47.6208218563946
20654,93,-122.33931470034,47.6219914554675
20655,93,-122.339532233233,47.6219903650765
20662,93,-122.33901498026832,47.62205237016597
20663,93,-122.33905784368676,47.62207178434301
21335,93,-122.340878483616,47.6221036952916
21428,93,-122.3390905968444,47.6203664662163
21429,93,-122.33910449237972,47.62037957148144
21561,93,-122.339145530799,47.6224242256216
21738,93,-122.342091828599,47.622109796713495
21825,93,-122.339867782457,47.6219900058123
21862,93,-122.339062490833,47.6208275708704
22470,93,-122.33967849509,47.6213115928368
22839,93,-122.341909573479,47.6208376524385
23134,93,-122.34174653175472,47.6209209817078
23135,93,-122.34176539818378,47.62087341925479
23136,93,-122.340291118967,47.6209391257423
23659,93,-122.33892932242114,47.62088492939814
23790,93,-122.335788031057,47.6207798084289
24033,93,-122.341970640434,47.622109972421605
24169,93,-122.3357685243,47.6219829683436
24331,93,-122.34172468619612,47.62058845528577
24332,93,-122.34174399663634,47.620608517446
24431,93,-122.34089875746,47.6221037996228
24880,93,-122.33690239031,47.6208220401569
24992,93,-122.341832223463,47.6221101723449
25117,93,-122.342219085272,47.6220820364162
25579,93,-122.339101522945,47.62335802035905
25580,93,-122.33909201812624,47.62333974023071
25581,93,-122.33909971742628,47.62308291583293
25582,93,-122.339067279527,47.6230924290295
26170,93,-122.33934146568386,47.62317782444162
26358,93,-122.3403166538,47.6209002385961
26533,93,-122.341743805667,47.6205700072418
26980,93,-122.337380506688,47.6219904315597
27420,93,-122.333657448104,47.6218964575086
27794,93,-122.339068601464,47.620785858075
28223,93,-122.34052117924068,47.62206328406562
28224,93,-122.340480796086,47.62203940081409
28320,93,-122.33224719996566,47.61974372941653
28898,93,-122.339160676421,47.6205180847827
28936,93,-122.3417237153117,47.62206325636505
28937,93,-122.3417626185072,47.622074190018616
29164,93,-122.344437221697,47.6218069173962
29226,93,-122.33825019757,47.6197364861502
29878,93,-122.330164836498,47.6207387293352
29907,93,-122.33771618849352,47.61963046626565
30314,93,-122.339090625198,47.6201678100818
30549,93,-122.337280726075,47.6226247705854
30724,93,-122.336000330749,47.6237839524868
30783,93,-122.341765597865,47.6205560018044
30816,93,-122.342052870285,47.620796824964
30833,93,-122.33728260900553,47.6207912028165
30834,93,-122.337849459568,47.6207812004279
30839,93,-122.337023047347,47.6188928596712
31028,93,-122.34041469822598,47.6205694433397
31159,93,-122.339475920892,47.62213551740499
31160,93,-122.339016160351,47.6221261308562
31247,93,-122.338319328289,47.6205744650692
31295,93,-122.341495629126,47.6219622894401
31325,93,-122.337316923944,47.6219664320125
31955,93,-122.337355932954,47.6219467405064
32158,93,-122.3391209030315,47.62311024542744
32241,93,-122.337441812007,47.6196500969055
32269,93,-122.340335880643,47.6219579262032
32850,93,-122.337430266614,47.6219652658899
33222,93,-122.340291573693,47.6221386878607
33420,93,-122.340550937434,47.6219587812399
33537,93,-122.340233580733,47.62196254110063
33622,93,-122.339088572935,47.620412511598
33637,93,-122.34025078671542,47.6219586225306
33642,93,-122.339005559345,47.622068845127
33840,93,-122.339592220315,47.6233039386637
33871,93,-122.341850872786,47.6221444438655
34030,93,-122.341772265412,47.6205792798115
34189,93,-122.3388874851885,47.620924647316805
34422,93,-122.337719182603,47.61961537945066
34632,93,-122.340269433975,47.6219578127321
34655,93,-122.337865725729,47.6194221112467
34848,93,-122.342178790499,47.6255166568715
34937,93,-122.341745371331,47.6214320011442
34978,93,-122.337604406091,47.6208839209645
34981,93,-122.339102776643,47.623320103321966
35076,93,-122.33776576521068,47.61964231875777
35111,93,-122.333101003809,47.6195426123073
35154,93,-122.337329409212,47.6191113371582
35555,93,-122.329797039007,47.6209042641478
35752,93,-122.341774254334,47.6203474016599
35780,93,-122.339232965607,47.6219536704534
35799,93,-122.338288846385,47.6201819222775
35905,93,-122.339805620256,47.6242702435674
35971,93,-122.331821673074,47.6202138112803
36173,93,-122.340420222973,47.6205557884708
36184,93,-122.337307153528,47.6218456437938
36282,93,-122.345169822013,47.6212358828289
36313,93,-122.341731670589,47.6214249871122
36314,93,-122.341731742239,47.6214113994282
36346,93,-122.339065391226,47.6233313896906
36480,93,-122.338895793813,47.6208986714494
36794,93,-122.336537608555,47.6219435629206
36825,93,-122.337774414197,47.6206628985039
36917,93,-122.341680715232,47.6207955400819
36980,93,-122.340457871314,47.6205526481519
37031,93,-122.33732811565,47.6219466381611
37143,93,-122.337320153565,47.6202479360372
37180,93,-122.339608884147,47.6242802578637
37434,93,-122.330582697377,47.6207376081242
37610,93,-122.332210102975,47.6197209635832
262,94,-122.358795345988,47.744978084212
579,94,-122.353636252278,47.7359883498308
580,94,-122.3531315660394,47.73599201901336
1043,94,-122.377396874129,47.7459520003712
1071,94,-122.350730294727,47.7395329168065
1181,94,-122.364118754095,47.7560390153019
1182,94,-122.36415596582,47.7560645404576
1251,94,-122.355564019824,47.7413356727138
1532,94,-122.347961528326,47.7476971469568
1555,94,-122.35213073807,47.749087212945234
2434,94,-122.360441731297,47.741365047778
2730,94,-122.360020623589,47.7526964218446
2737,94,-122.379025112886,47.746935701708
2825,94,-122.360445823772,47.7414606190781
3197,94,-122.35171119865367,47.73454509099224
3707,94,-122.371815146344,47.7461464061577
4047,94,-122.35574857815702,47.7455713820027
4241,94,-122.348022986,47.748689176898
4614,94,-122.363078784001,47.7560244511441
4739,94,-122.377402504065,47.745964918336746
4740,94,-122.377683485354,47.7464743299934
5158,94,-122.355737485291,47.7451192480676
5159,94,-122.355734374917,47.7449485473619
5209,94,-122.35567204406898,47.744949576449
6005,94,-122.360420344699,47.7415054471057
6500,94,-122.37739261418449,47.74593877064875
6612,94,-122.377391559712,47.7458884370138
6629,94,-122.353344954594,47.7427073951539
7468,94,-122.355752488807,47.7477882442184
7598,94,-122.375264736442,47.7438114563869
7639,94,-122.35071665261098,47.73918529369579
8150,94,-122.360461152007,47.74136797038075
9014,94,-122.350753467525,47.7393256625883
9113,94,-122.35440750470998,47.7359511656796
9162,94,-122.349262453815,47.7487324237111
9737,94,-122.360438733812,47.7413410387097
9872,94,-122.355346930248,47.7345522289588
10039,94,-122.37541997436732,47.74376895769643
10345,94,-122.348023873083,47.74873116612471
10363,94,-122.377694535842,47.7464874090403
10393,94,-122.377302689774,47.7459858207179
10441,94,-122.353334151693,47.7419274879527
10486,94,-122.355542815708,47.745572054241
10494,94,-122.357911951928,47.7413606126317
10855,94,-122.3539340164942,47.73639254075298
10871,94,-122.358810494237,47.7424813452063
10955,94,-122.34951527137866,47.74875703318006
11127,94,-122.360336160423,47.75344396451576
11333,94,-122.352105700312,47.7487216950525
11385,94,-122.353215257,47.7493423182322
11517,94,-122.3479998514404,47.7477753112216
11631,94,-122.353411026587,47.7419534214607
11666,94,-122.350762955246,47.7396977805454
11683,94,-122.358996479684,47.7527313820651
11885,94,-122.350675841845,47.736000492116695
12353,94,-122.352179927955,47.73695469948917
12640,94,-122.351728111053,47.7359964153311
12695,94,-122.355544481486,47.73599269722829
13093,94,-122.359724703847,47.7560104746069
13291,94,-122.374153777511,47.7454751964861
13692,94,-122.35270292046,47.7451183556942
13731,94,-122.355559907981,47.7378019477563
13807,94,-122.353828134411,47.7486080117695
14302,94,-122.35770085061768,47.7424403377712
14340,94,-122.367385246934,47.741486588965
14892,94,-122.357749850603,47.7449656098761
15512,94,-122.358782178465,47.7420584867472
15584,94,-122.37416438878132,47.74540151252027
15618,94,-122.35441988940832,47.7377906363717
15854,94,-122.350701709391,47.737717887460896
15871,94,-122.34798836538933,47.74736229648733
16059,94,-122.3703096477835,47.7416089805309
16153,94,-122.361160337995,47.7559735100263
16334,94,-122.351749929593,47.7359544354286
16398,94,-122.37538580803349,47.74508305790741
16410,94,-122.360049161498,47.7527590393363
16549,94,-122.352772516627,47.74867868498169
16628,94,-122.354374202345,47.7359909520465
16762,94,-122.353132288745,47.7359432222183
18196,94,-122.352809654495,47.7487218854432
18423,94,-122.353356514676,47.7451189704125
18424,94,-122.353357345277,47.7450996578384
19288,94,-122.348024597447,47.7487672062369
20028,94,-122.354665656169,47.7373104914128
20580,94,-122.35760958100536,47.75479023805287
21060,94,-122.359106835956,47.75601001284767
21570,94,-122.362736055996,47.7420150222869
21891,94,-122.375241782954,47.7454089624753
22204,94,-122.35514238681068,47.73530431410524
22270,94,-122.35291873009702,47.73637939695234
22536,94,-122.35063018566268,47.73552962403883
22710,94,-122.356612361567,47.7456079374239
22886,94,-122.35991954366834,47.7446569594757
23179,94,-122.352215426994,47.7377730537929
23217,94,-122.357914928202,47.7414922179207
23547,94,-122.35076379287568,47.7409647995014
23767,94,-122.348036722498,47.7368112737877
23950,94,-122.350654723838,47.7359588422664
24081,94,-122.370574102815,47.7444709660879
24082,94,-122.37058596988736,47.744481520769874
24183,94,-122.371823184434,47.7461999663452
24575,94,-122.35330357546,47.7469359220225
24593,94,-122.350829651659,47.7378445378467
24612,94,-122.369775827741,47.7433760983698
24613,94,-122.3697949718165,47.74337602671875
24685,94,-122.344903046075,47.7487763690668
25399,94,-122.352165062938,47.7481775650612
26401,94,-122.368188191281,47.7436270882875
26613,94,-122.36865715696248,47.7441239129712
27858,94,-122.36988718022066,47.74338326330557
27972,94,-122.375263563175,47.7437977719957
28472,94,-122.353620440056,47.7359431967427
28700,94,-122.362555223013,47.74188135425519
29126,94,-122.36865143562966,47.7441599176449
29176,94,-122.37330950194855,47.74496828755286
29178,94,-122.3702714596195,47.741613658790655
30067,94,-122.37527796533747,47.7438010942326
30139,94,-122.363109437776,47.756058961369
30151,94,-122.368118218793,47.7436841019378
30308,94,-122.376674782574,47.7446236742665
30309,94,-122.376694896938,47.74461643618137
30859,94,-122.367847709835,47.7426903202859
31316,94,-122.370607499058,47.7445381195138
32629,94,-122.36736876888632,47.74153840244147
32697,94,-122.371909403697,47.746144961803
33089,94,-122.355804008391,47.7477914501621
33346,94,-122.373287138392,47.7449875049638
33644,94,-122.368676251853,47.7441236205894
33664,94,-122.36254066235232,47.74189101389617
33685,94,-122.35532155824431,47.73452942057981
34958,94,-122.367340455014,47.7414472472604
35346,94,-122.367740484702,47.7426211878727
35355,94,-122.371787652512,47.7461577389823
35370,94,-122.364633725844,47.7560670838729
35533,94,-122.370919015567,47.7446473307972
35601,94,-122.367752304858,47.742692096127
35763,94,-122.353761857365,47.7425977709282
36250,94,-122.37457187082,47.7465395157816
36257,94,-122.368683249373,47.7441892389962
36353,94,-122.370236151564,47.7416061664128
36902,94,-122.370970499846,47.7420339882192
37410,94,-122.370539765468,47.7444830527447
37654,94,-122.358923588652,47.7451292717018
148,95,-122.30386717298,47.6395750761105
429,95,-122.303446224514,47.64312361571441
1161,95,-122.301695731718,47.632229838946
1238,95,-122.30143637814668,47.6417546647974
1413,95,-122.302188474855,47.6403070989786
1495,95,-122.30167051548,47.6352319628117
2214,95,-122.304448528074,47.6417678998323
2308,95,-122.30221986339602,47.64239842148671
2429,95,-122.299267851914,47.632194231124494
2430,95,-122.299212248562,47.6321154426216
2528,95,-122.298688197333,47.6395617054206
2529,95,-122.299357304,47.6395629655082
2654,95,-122.31403910596698,47.6414650214579
2885,95,-122.303856313307,47.6410479250499
3089,95,-122.301623964498,47.6379656523452
3341,95,-122.299996115072,47.63301163126557
3361,95,-122.3103705073854,47.63932195164829
3827,95,-122.302269449427,47.6395700265673
4755,95,-122.311203817178,47.6396868901822
4840,95,-122.29963362342733,47.63120464185733
5408,95,-122.307431224701,47.6379336802861
5409,95,-122.306916262066,47.6376850423057
5635,95,-122.30905301071398,47.6398879893477
5750,95,-122.300284272209,47.6284543892707
5795,95,-122.300456853516,47.6379384334808
5842,95,-122.305593385844,47.63958384742549
6269,95,-122.301988794377,47.639009814173
6783,95,-122.302994242851,47.6365801031362
6858,95,-122.302127310314,47.6402937614072
6943,95,-122.30247450966678,47.63560463425338
7003,95,-122.306615507035,47.6395829039592
7195,95,-122.309057015437,47.6403387893815
7482,95,-122.305378100099,47.6369734768812
7627,95,-122.298679451203,47.6402861296862
7982,95,-122.306135263666,47.6373232084949
7986,95,-122.31564296486368,47.64146530657194
8212,95,-122.302162532173,47.6410265553788
8809,95,-122.301351823234,47.6402947232948
8969,95,-122.309039867079,47.6406350754483
9210,95,-122.309081031931,47.63959671176949
9460,95,-122.307692654593,47.6395938411298
9731,95,-122.303865620007,47.64030526296839
10500,95,-122.303847933654,47.6417623946169
10843,95,-122.308629976598,47.6384883026059
11715,95,-122.29961438448,47.6322613832173
12222,95,-122.309037074506,47.64106372762384
12408,95,-122.303867326128,47.6430553720201
12758,95,-122.303764244381,47.6403034808598
12759,95,-122.30384437046798,47.642415620517
13163,95,-122.299367765206,47.6379407929504
14180,95,-122.303581984857,47.6436801226591
15595,95,-122.299949261505,47.63425158260707
16208,95,-122.301541112762,47.6417555737087
16340,95,-122.300214125287,47.63222454490799
16341,95,-122.299595678612,47.632219603193
19049,95,-122.300231058153,47.6322664382245
19321,95,-122.30806731785368,47.6406560092226
19326,95,-122.30434641048733,47.64241906837583
19673,95,-122.310788333762,47.64032691693111
19900,95,-122.30114194621832,47.633177573319664
20740,95,-122.300372280231,47.6431191562
21129,95,-122.307366594755,47.6379476039709
21465,95,-122.309116662318,47.6406505604512
21466,95,-122.308977789988,47.6406462858468
21950,95,-122.29835459325233,47.63219659980106
23221,95,-122.31373907523898,47.6396406623032
23530,95,-122.306613129776,47.6394558621279
23623,95,-122.30179662157,47.6282339832542
23711,95,-122.29990924031,47.633415561203
24044,95,-122.300571883404,47.6350572376838
24596,95,-122.30663766848768,47.64031268535106
25087,95,-122.30039815498868,47.6399475729611
25088,95,-122.300407248518,47.6402918088503
25143,95,-122.299184145505,47.6410111440282
25479,95,-122.30338196253966,47.6424191531403
25526,95,-122.305574370835,47.6417748109856
26206,95,-122.303794852359,47.64103505492991
26550,95,-122.30048562733698,47.6387236937016
26645,95,-122.300948428061,47.63873762113037
27399,95,-122.300402739146,47.6410182958515
27400,95,-122.300395723271,47.64133976262506
27774,95,-122.30630312060934,47.637009109444335
28284,95,-122.30735765415,47.6371338370094
28652,95,-122.313430835587,47.6407416349383
28763,95,-122.308992599944,47.6403246255101
29066,95,-122.31156507420168,47.641075166631104
29173,95,-122.304552644574,47.6417678133854
29363,95,-122.305581610305,47.6410419674647
29524,95,-122.30555888813932,47.64203615424
29581,95,-122.299079822602,47.6431078415969
29783,95,-122.298489139154,47.63956249043
29808,95,-122.305621027056,47.636696997089366
29830,95,-122.305513256197,47.6390861677125
29831,95,-122.30600975496732,47.63908975517813
30098,95,-122.304579175667,47.63910382682491
30395,95,-122.30863940878,47.6372730766366
30607,95,-122.307091260294,47.641490987016304
30960,95,-122.304820737062,47.6374929023624
30968,95,-122.301743187396,47.63957661086687
31040,95,-122.30674714929766,47.63846283609016
31084,95,-122.30558112642832,47.64066489676313
31226,95,-122.30176133143398,47.63897322618229
31277,95,-122.30950155269332,47.638123296670805
31384,95,-122.303384641491,47.63919218951607
31629,95,-122.307630315178,47.6394595181594
31667,95,-122.302134727965,47.6431308876704
31708,95,-122.310577389857,47.6384660861298
32041,95,-122.300339384784,47.6432438741196
32207,95,-122.30720178678298,47.641046637624605
32235,95,-122.309122811289,47.6398889765748
32570,95,-122.302154710092,47.642409577264495
32765,95,-122.30089495385334,47.640294680220826
32919,95,-122.300419715764,47.6395015906227
32975,95,-122.30097117745466,47.63507452741791
33696,95,-122.30763471384536,47.6403164409004
34050,95,-122.301824940442,47.641025099278
34221,95,-122.301446185688,47.6390972699299
34289,95,-122.307228698993,47.6386151144173
34349,95,-122.31240386179466,47.64079845447413
34514,95,-122.30720060197,47.64066075542584
35123,95,-122.305135337175,47.6431262360998
36165,95,-122.305986838389,47.6424122128665
36654,95,-122.30143117525,47.6387807744199
36933,95,-122.313968020498,47.6414857567544
7,96,-122.32820688836098,47.6850435854652
95,96,-122.324530332328,47.6812718397891
246,96,-122.326609851152,47.6822421445785
293,96,-122.336848660399,47.68567705075261
294,96,-122.336480627906,47.685583529907
389,96,-122.333073345976,47.68547299951626
400,96,-122.342405546225,47.686853408308
481,96,-122.337568717817,47.7013669526534
511,96,-122.3472994619112,47.6897933649468
551,96,-122.345294124709,47.70138530756359
634,96,-122.325196846809,47.6812127220972
635,96,-122.32547932592333,47.6810729030589
661,96,-122.34729154185,47.688347736951
713,96,-122.339820443838,47.687012911967
1061,96,-122.333205450814,47.683421211785365
1386,96,-122.331001105041,47.6886918632334
1504,96,-122.330326291331,47.6850284314966
1550,96,-122.34119572962538,47.68877751176082
1787,96,-122.337825494746,47.6876332933338
1905,96,-122.33636979021,47.6893795224368
2092,96,-122.32596419734534,47.68271165140229
2096,96,-122.32334903435,47.6823882663594
2097,96,-122.3236676527276,47.68215465819766
2100,96,-122.339192503035,47.68514669285779
2101,96,-122.339047767696,47.685456561985
2240,96,-122.33787505696598,47.6887588791719
2420,96,-122.336362171,47.69042576370399
2448,96,-122.325137496227,47.6812489690833
2884,96,-122.325794114491,47.6817230597709
3018,96,-122.332297733676,47.68509247491139
3114,96,-122.339040207033,47.6862851682601
3129,96,-122.327045119131,47.6849847067654
3132,96,-122.33954007922732,47.68653811322844
3296,96,-122.33032710466632,47.68868784727823
3360,96,-122.335307300202,47.6978566099255
3396,96,-122.339056025792,47.6887700120878
3537,96,-122.32820182434098,47.685002808746994
3803,96,-122.333826028621,47.693088016535306
3937,96,-122.332290969558,47.6850502240088
4297,96,-122.324643046341,47.68143084498481
4362,96,-122.349297376986,47.69053817304886
4427,96,-122.34387881462231,47.68546269987056
5388,96,-122.325685932531,47.6849758883036
5389,96,-122.325109786075,47.68496279496147
5521,96,-122.342458395715,47.6869763741758
5552,96,-122.33310725726432,47.6864046183243
5588,96,-122.34729112537,47.6905214704037
5984,96,-122.343863097878,47.6869870578837
6136,96,-122.339066983296,47.6891103856484
6174,96,-122.33037702498132,47.68635247834448
6230,96,-122.339011278136,47.6869667485793
6290,96,-122.347293928338,47.6876239908456
6312,96,-122.33113908189098,47.6850399094588
7094,96,-122.347296534667,47.689063734172
7281,96,-122.334430425115,47.6846142626726
7464,96,-122.340371021448,47.6887717086181
7682,96,-122.322990610476,47.6859992295064
7703,96,-122.32303959836968,47.6826038288085
7958,96,-122.320089078954,47.6840882392874
8016,96,-122.339792064332,47.6848793501029
8040,96,-122.320080366944,47.6835206820583
8148,96,-122.34729551260864,47.68730569041529
8240,96,-122.333807050253,47.6917578037559
8244,96,-122.336295749188,47.68944388433163
8250,96,-122.322341772724,47.6846703515318
8458,96,-122.329433886892,47.6850197148291
8513,96,-122.335624504326,47.6850762139783
8582,96,-122.327044771724,47.685026548231896
8699,96,-122.329575725456,47.686904581836
8705,96,-122.340395808733,47.68725934158991
8776,96,-122.33646084318998,47.697319481274896
8930,96,-122.324523702732,47.6812409733028
9011,96,-122.336473388074,47.6869935390401
9496,96,-122.331013755502,47.6917735175478
9497,96,-122.33101593938368,47.69143400362319
9647,96,-122.336387401723,47.692257134691296
10094,96,-122.336130330405,47.6854410048284
10097,96,-122.32568005049464,47.68543079215046
10372,96,-122.33168831838002,47.6850453508354
10418,96,-122.323897120776,47.6821764260144
10570,96,-122.336406732249,47.6942006875672
10774,96,-122.343163198342,47.7013440188449
11036,96,-122.331053199078,47.695352305636
11290,96,-122.332566206003,47.69589314812381
11472,96,-122.336489375307,47.69225681366729
11774,96,-122.333866675952,47.6941868957287
11857,96,-122.329637431513,47.688681983766
12218,96,-122.325668750124,47.6842446023904
12300,96,-122.339818716403,47.686969943485
12373,96,-122.33683394013764,47.68602641109843
12464,96,-122.33646555297,47.6856226055294
12561,96,-122.32348238065067,47.681477479728194
12700,96,-122.33384530141932,47.6934390739589
12783,96,-122.332308850507,47.6851744707783
13022,96,-122.336469616913,47.6980056053726
13526,96,-122.333247673695,47.68869093201349
13663,96,-122.33494944831132,47.68650624853004
14018,96,-122.323043327091,47.6834572239075
14117,96,-122.33162510904066,47.6930650904716
14634,96,-122.337898020292,47.6869665178828
15047,96,-122.32990740557068,47.68307049091674
15664,96,-122.328264137963,47.6865488072058
15687,96,-122.330988618543,47.68646382339527
15828,96,-122.332554195833,47.6946564500229
15994,96,-122.34937200860502,47.701396860905
16262,96,-122.345686892117,47.69052688025266
16438,96,-122.34079797483332,47.69060675575653
16923,96,-122.3320079998,47.6869373448364
17206,96,-122.34168540315368,47.686247649478695
17718,96,-122.33726578245734,47.69044166132273
17819,96,-122.34292354135066,47.69050498012967
17859,96,-122.337935682678,47.6904553028804
17921,96,-122.32704901755868,47.68631583145367
17996,96,-122.33579966992534,47.69227081711934
18191,96,-122.337079848862,47.691591856437
18203,96,-122.342458064046,47.7013757023829
18220,96,-122.34077308766798,47.6904878094342
18340,96,-122.336884995091,47.6859326521844
18348,96,-122.32453387491432,47.68423841823457
18371,96,-122.333901816832,47.6959543208467
18637,96,-122.33789612027,47.6869263161041
19035,96,-122.339049870011,47.6904687158162
19138,96,-122.335229999952,47.6941833989874
19221,96,-122.33181638226,47.69117084847793
19249,96,-122.33906920485,47.68918073397904
19318,96,-122.33547451066968,47.68838991486016
19603,96,-122.33381812811322,47.69118226956782
19694,96,-122.3499949708,47.7013915992497
19777,96,-122.33520157943,47.69605563040411
20259,96,-122.331032390744,47.693291130657
20390,96,-122.328223554089,47.686873047566
20593,96,-122.341147621465,47.68769995413277
20725,96,-122.33100945325032,47.68966610554497
20768,96,-122.331520371808,47.6924127230749
20858,96,-122.33047400960868,47.69587995275547
20930,96,-122.335103610062,47.69045057390681
21164,96,-122.333110791192,47.686037861152194
21329,96,-122.335497082359,47.6869623127202
21716,96,-122.330331099533,47.6850696561745
21753,96,-122.33322559089702,47.68864973881741
21780,96,-122.32822722190468,47.68359439827567
21909,96,-122.33324488105166,47.68972208904477
21930,96,-122.340411593984,47.68919818238134
22048,96,-122.32965412891834,47.68896648095654
22660,96,-122.333216300425,47.6873203840669
22977,96,-122.337088185508,47.692254632962296
23049,96,-122.33786982461169,47.6860181927525
23081,96,-122.33253149415266,47.6831518136946
23201,96,-122.33227497130468,47.68396880751473
23268,96,-122.327589359082,47.6832207922717
23420,96,-122.330521906493,47.6831205803699
23424,96,-122.340375889871,47.690482704478
23663,96,-122.334303141569,47.6869587664857
23820,96,-122.320986118037,47.6860002265287
24311,96,-122.325664743337,47.6832014373663
24498,96,-122.332060523344,47.69036884151407
24820,96,-122.331037621262,47.69221323152559
25403,96,-122.33815557234668,47.69087722808024
26063,96,-122.326094304311,47.6815030965368
26839,96,-122.333831455557,47.6924236635296
27397,96,-122.335285166353,47.7009980681813
27463,96,-122.334285418148,47.6883930945102
27546,96,-122.328272796874,47.68733715227804
28266,96,-122.337829223886,47.68793304384474
28680,96,-122.34945811223366,47.68979837624834
29177,96,-122.335177061601,47.6937519332413
29344,96,-122.33045055184432,47.692229572014334
29644,96,-122.350215279989,47.7015284287076
30300,96,-122.334836038171,47.6979070711749
30394,96,-122.320087163258,47.683964554197
30397,96,-122.324830402999,47.6814962604816
30408,96,-122.349443172436,47.6876251321123
31388,96,-122.34538334025068,47.68762670175446
32627,96,-122.345493830331,47.70135059757016
33325,96,-122.337883148377,47.6875896509844
33373,96,-122.349485049631,47.6890732898665
35264,96,-122.323246899563,47.6824082798993
393,97,-122.276377553537,47.6834368179359
995,97,-122.289956769757,47.6884797523901
1389,97,-122.28994508308033,47.683000502879366
1590,97,-122.289038219194,47.6816615337894
1660,97,-122.273338900454,47.682985599005846
1661,97,-122.273339592721,47.682969589838
1675,97,-122.27303504783,47.6806167080912
1683,97,-122.289258273792,47.6829648033924
2012,97,-122.273176789583,47.682970777350434
2517,97,-122.27131062320488,47.683079846682055
2543,97,-122.283008805426,47.6829952030621
2613,97,-122.27409535143042,47.6836135074235
4445,97,-122.274092685965,47.6836021063951
4858,97,-122.2735236517795,47.68389830824158
4859,97,-122.273543165979,47.6839051880051
5490,97,-122.27332161095426,47.68297484688512
5540,97,-122.28943679998132,47.68616841084037
5973,97,-122.291708417588,47.6848711395016
6182,97,-122.276397253354,47.68343902909536
6577,97,-122.287473512815,47.6866182699792
6578,97,-122.2868153432772,47.68663484017698
7116,97,-122.276681476321,47.6829424962571
7564,97,-122.287718015305,47.68263545999681
7633,97,-122.273343656158,47.6831126393747
7831,97,-122.289398293501,47.684816842434
7983,97,-122.28216473322068,47.6761600158595
8528,97,-122.285238116249,47.6884526239017
8711,97,-122.27415916937834,47.67703992616386
8851,97,-122.27106328761734,47.68298273362513
9111,97,-122.281027329131,47.6866030496713
9209,97,-122.28391541981098,47.679411121246495
9573,97,-122.28934453180402,47.6829969816342
10115,97,-122.28770558088,47.6829899079008
10607,97,-122.283040762697,47.6865799972227
10778,97,-122.283065345805,47.686611931182
10800,97,-122.279852304343,47.6829888157649
10832,97,-122.271928827276,47.6829753339614
10840,97,-122.28273553135166,47.688365711813
10905,97,-122.273076070812,47.68064426245737
11011,97,-122.28633610214534,47.68165519788004
11796,97,-122.28203589509,47.6847906992953
12056,97,-122.28642015845,47.6848501839645
12290,97,-122.28497783202734,47.67615921650687
12293,97,-122.28003991182732,47.69145205472014
12302,97,-122.29483540846168,47.68336004302567
12360,97,-122.28692639330232,47.6847745449195
12595,97,-122.289416006867,47.68486593865
12827,97,-122.28056554270734,47.68660781195226
13705,97,-122.293748090855,47.6832683980461
14599,97,-122.293863486404,47.6849114673095
14824,97,-122.283802671522,47.682989771252
15042,97,-122.28239552813902,47.6793651643784
15070,97,-122.288430773853,47.68249354553634
15725,97,-122.288547227179,47.68663141958941
16004,97,-122.28774374652431,47.68119832586503
16269,97,-122.275706979104,47.68298429051461
16609,97,-122.28321807784933,47.68798249024948
16715,97,-122.28663943677182,47.67936682566452
17087,97,-122.28643176576666,47.68619579196314
17143,97,-122.2830836711898,47.6848015935067
17521,97,-122.287691036691,47.6816425986377
17544,97,-122.290001834447,47.6883561517206
17827,97,-122.2889876361948,47.688477660478085
17936,97,-122.286445248683,47.68480966728689
18068,97,-122.2829258536226,47.679368122807055
18379,97,-122.28405508558969,47.68328895180967
18430,97,-122.28373402213566,47.6822323835088
18943,97,-122.29271988229868,47.68353971226471
18974,97,-122.285235058148,47.682996296125
19042,97,-122.28355211157968,47.67767073061747
19096,97,-122.27984298146002,47.6826544425271
19305,97,-122.2858061223718,47.68661845000538
19306,97,-122.285247033082,47.6866121237086
19448,97,-122.29386403669366,47.68625420697063
19775,97,-122.28098802108366,47.68718558146077
19879,97,-122.279702148784,47.6793594802458
19907,97,-122.28003053071,47.6905180881007
19967,97,-122.275484744893,47.68300558520176
20505,97,-122.28263274348866,47.686610642558
20750,97,-122.29172119332434,47.685761357190366
20931,97,-122.27528891169958,47.688111963068266
20948,97,-122.29164154218968,47.68339992510106
21243,97,-122.28744257062937,47.685345166426735
21400,97,-122.285143660879,47.681704161202
21514,97,-122.29267678103932,47.68616921278453
22235,97,-122.277656036355,47.682986499953394
22328,97,-122.28609627756168,47.68100818969873
22431,97,-122.279720427582,47.67977058020299
22604,97,-122.29606218294,47.6849034424019
22735,97,-122.29017058401298,47.6848089928753
22759,97,-122.289009465211,47.68663431765916
22871,97,-122.277054088667,47.6829854119847
22899,97,-122.27722030065384,47.683743256782016
23013,97,-122.2701153584326,47.6830775385441
23106,97,-122.283920680272,47.6793664100586
23393,97,-122.283418134756,47.6884477480883
23450,97,-122.285201543925,47.6848150179374
23502,97,-122.2837305757688,47.68661234093165
23710,97,-122.27354023245698,47.68391841107285
23732,97,-122.28850457363366,47.68533378561443
23996,97,-122.28845227887832,47.68353983367393
24239,97,-122.28508093794,47.6793494516957
24365,97,-122.279531407567,47.6797543637827
24405,97,-122.284727311115,47.6866143587481
24487,97,-122.28938898563634,47.68353849160496
24572,97,-122.280889493387,47.68299061104259
24878,97,-122.289013590638,47.6883529895763
24898,97,-122.29265672816102,47.6848703687831
24933,97,-122.277657643795,47.6829328171073
25260,97,-122.293834312231,47.684871031403
25326,97,-122.294924669501,47.684857522842
25409,97,-122.27976422207,47.6812511524266
25417,97,-122.289957641767,47.6885205013249
25593,97,-122.288491652022,47.68481384370781
25744,97,-122.28404104416468,47.68168544363263
25953,97,-122.27528308236464,47.68726946000973
25982,97,-122.286206847994,47.679367171717
26249,97,-122.286924421239,47.684811277702
26382,97,-122.28208295709231,47.686249455071135
26385,97,-122.28288938780231,47.6776679707723
26563,97,-122.294980701543,47.6862683318887
26572,97,-122.28284641007932,47.6806736218019
26889,97,-122.276691380113,47.6829864209906
26935,97,-122.280813799298,47.6793631330962
27314,97,-122.294949659853,47.684898367611
27780,97,-122.281621621743,47.6867127305817
27805,97,-122.283987175307,47.6809147812314
27921,97,-122.291734647078,47.684912161042895
28190,97,-122.28198772792632,47.68344528037776
28206,97,-122.27954349308868,47.69050435280944
28267,97,-122.284734217795,47.6867157785766
28273,97,-122.286837063647,47.6867495534715
28516,97,-122.282377056514,47.6776676664956
28570,97,-122.28175055875867,47.67766114789723
29064,97,-122.285810084733,47.6867464709046
29224,97,-122.271619436059,47.6771311898616
29225,97,-122.271619073844,47.6771174846206
29241,97,-122.292616370124,47.68490852151691
29400,97,-122.279861957698,47.6826543376908
30196,97,-122.283729456442,47.6867127469149
30434,97,-122.28305133770432,47.680917917118734
30756,97,-122.27914807288,47.6793646857296
31079,97,-122.286643414344,47.6794972171087
31717,97,-122.279820006351,47.6812519884716
31746,97,-122.27181685945432,47.6829765027182
31752,97,-122.280811376226,47.6793310086739
31880,97,-122.28445017569366,47.68091515187263
33225,97,-122.27530718732588,47.68432951515229
34989,97,-122.275322386883,47.6843205162154
35127,97,-122.27166834153934,47.6771770495077
35190,97,-122.27411198073568,47.6873773089091
35522,97,-122.27730496231,47.6880716457728
35696,97,-122.268957322256,47.6830130133946
35797,97,-122.290673552853,47.6852744091806
36197,97,-122.27608983576634,47.6834845510625
36887,97,-122.277203984023,47.6837371020817
37153,97,-122.269928358093,47.6829433460076
37214,97,-122.269843901533,47.682943237763
37324,97,-122.275283513426,47.687284992351
112,98,-122.291569495493,47.56072324337689
474,98,-122.288894515271,47.558706561174
475,98,-122.288756356257,47.558708799089096
683,98,-122.283505663741,47.55129192328851
928,98,-122.292321571903,47.557933170515405
1058,98,-122.286300541932,47.5519415761965
1359,98,-122.28634721518132,47.55869369252954
1438,98,-122.283543198844,47.55509171135841
1618,98,-122.290457176706,47.5557616283375
1788,98,-122.289769388106,47.5606402964362
1801,98,-122.293503118164,47.560576357669
2023,98,-122.28832776453434,47.54976407940803
2024,98,-122.287934120152,47.5497641133035
2052,98,-122.284112129794,47.55545156403431
2053,98,-122.28370401204468,47.55544941748604
2118,98,-122.29016270985636,47.55746760821364
2180,98,-122.283362403063,47.5549186865584
2438,98,-122.28669019047702,47.549738721403706
2446,98,-122.288887997518,47.55957931261387
2521,98,-122.293468500363,47.5605927310683
2553,98,-122.286277844096,47.5534652968757
2657,98,-122.291678394044,47.5535023757942
2685,98,-122.29918701963702,47.554285359342
3005,98,-122.3022541334016,47.556062450475736
3035,98,-122.29218515411934,47.55857544702477
3146,98,-122.283476822412,47.5497128676079
3232,98,-122.292773836764,47.5535299220299
3294,98,-122.288754162618,47.55745692863329
3295,98,-122.28874036274,47.5570081276913
3324,98,-122.2862228728,47.5554443576198
3523,98,-122.283556527304,47.5534738452511
3558,98,-122.28736391225164,47.558682902983065
3559,98,-122.287079689194,47.5587420824526
3774,98,-122.2934550833555,47.560602539509496
3826,98,-122.28621233186,47.55632390572399
3931,98,-122.291629674614,47.5577407045858
4088,98,-122.283495709973,47.5552317825826
4123,98,-122.283538237617,47.5527301661307
4146,98,-122.28624641345652,47.5563560914525
4164,98,-122.292811938502,47.558718836122296
4236,98,-122.294235564385,47.553567785253
4458,98,-122.289349861476,47.5536118577185
4980,98,-122.288756250725,47.557908171821
5001,98,-122.285004061733,47.55699201078121
5045,98,-122.295763831691,47.5553730096648
5638,98,-122.29036792571,47.55349425409221
5699,98,-122.285763706899,47.5497336332059
6035,98,-122.289885385501,47.5606768463852
6036,98,-122.289345959664,47.5606743051462
6037,98,-122.291370269692,47.5589530381901
6684,98,-122.286214108033,47.5569983827323
6752,98,-122.285749956467,47.5512692360999
6753,98,-122.285727283836,47.55088056330084
6961,98,-122.290640775579,47.5579136903782
7262,98,-122.286300695195,47.55273252312761
7317,98,-122.288902824248,47.5566547008976
7608,98,-122.283487879484,47.55053361473009
7613,98,-122.288214072749,47.558704411413
7661,98,-122.28623920665102,47.554205289180494
7662,98,-122.286282803276,47.5542052133941
8154,98,-122.287871377335,47.55620780623372
8194,98,-122.2951297601438,47.56082473418904
8219,98,-122.286271368612,47.5563218268309
8260,98,-122.28352083103202,47.555224797426696
8448,98,-122.28521000695432,47.5512675807686
8517,98,-122.286290821881,47.5512706517841
8596,98,-122.28868627951644,47.55219925961422
8778,98,-122.28525653502702,47.5497231980352
8883,98,-122.295508091623,47.5535989275216
8900,98,-122.2928875879012,47.55966210976466
9206,98,-122.2867657728495,47.54971750373525
9540,98,-122.288993138533,47.560657335703205
9680,98,-122.288907415102,47.5606463273962
9942,98,-122.283604631209,47.5550820984755
10044,98,-122.28872082094202,47.5535221929998
10085,98,-122.290945850764,47.56070510719532
10182,98,-122.287774646336,47.5561386741322
10450,98,-122.2892210821576,47.554203012307866
10851,98,-122.287282477087,47.5587424415878
11088,98,-122.28772878824,47.55087386665512
11180,98,-122.300354807451,47.5551862983427
11310,98,-122.294296944105,47.5587563426472
11399,98,-122.293521826171,47.5606047376769
11982,98,-122.288762977091,47.558270485214
13285,98,-122.29424863197902,47.5546802315776
13470,98,-122.29008423118334,47.55039501556627
13544,98,-122.282831348958,47.5497089354007
13629,98,-122.28522819674,47.5554554739846
14242,98,-122.290883135759,47.557912225481
14363,98,-122.296812341773,47.5536307411386
14368,98,-122.297298131147,47.55364038882751
14802,98,-122.28526937297131,47.54968749562776
14955,98,-122.301626565591,47.55613135385929
15889,98,-122.290388962114,47.5606875332903
15993,98,-122.286075061681,47.55776970084833
16124,98,-122.28939206055033,47.55197492734823
16646,98,-122.284104317143,47.55126252782319
16943,98,-122.29690577462,47.5560208155178
17624,98,-122.28949987393436,47.55555629754084
17845,98,-122.290380213678,47.5524637935526
17891,98,-122.287641334458,47.555880825566
18438,98,-122.286746386531,47.54970882154856
19268,98,-122.283800397133,47.5560363076151
19526,98,-122.29286082460366,47.55463688844236
19936,98,-122.287700603841,47.54976449798576
19941,98,-122.29211996968434,47.55248000459776
21877,98,-122.288849786508,47.5574575008416
22007,98,-122.288264981411,47.5606729003046
22080,98,-122.29860372723,47.5560535049616
22359,98,-122.28502140875868,47.55087891860014
22781,98,-122.28934428782864,47.560638728596906
22948,98,-122.28986893961232,47.56240758161033
23015,98,-122.289385580699,47.5511779559499
23016,98,-122.28882158684632,47.5512276352549
23122,98,-122.28551713326966,47.557452232025696
23263,98,-122.290376862404,47.5511025571714
23650,98,-122.283637626621,47.55588558904927
23977,98,-122.28494095387002,47.5505135822383
24008,98,-122.29328473735131,47.555311751163934
24137,98,-122.29676047048932,47.55963221864696
24447,98,-122.295689290986,47.5590155013914
24492,98,-122.290780542883,47.5552651522989
24513,98,-122.29348488439132,47.5518450444709
24599,98,-122.29265415988168,47.55714728561011
24679,98,-122.291637521413,47.552137411399
24781,98,-122.29160971842198,47.55462806211491
25327,98,-122.297400919437,47.55723531355
25329,98,-122.293697703826,47.5525162631857
25406,98,-122.296613021958,47.56142163375464
25662,98,-122.30033670529,47.5585274864521
25827,98,-122.296689644794,47.555372026853
26899,98,-122.28629687291566,47.55011131176797
26918,98,-122.291663733265,47.5534647585233
26952,98,-122.294151341844,47.552517003404034
27127,98,-122.286738310696,47.5497178921557
27510,98,-122.291605300808,47.5552402474662
28090,98,-122.296761602971,47.5572072777553
28135,98,-122.288940801863,47.5594668800687
28166,98,-122.294227093102,47.5553047041237
28435,98,-122.29386803265966,47.5553231188363
28787,98,-122.28820687565,47.5586059222235
28843,98,-122.284844866458,47.550196921981126
30042,98,-122.299128099685,47.5584938340728
30322,98,-122.29859387130568,47.5576255660524
30652,98,-122.301589210584,47.5581166893744
30803,98,-122.290381282728,47.5534517878136
31196,98,-122.285813171386,47.5496889068113
31554,98,-122.297409390237,47.55684516838853
31691,98,-122.29042311091534,47.554810249373
31911,98,-122.29082519233266,47.558276617563536
31973,98,-122.285383409395,47.5555496164354
32417,98,-122.296680541886,47.5608614546176
32476,98,-122.29275617293534,47.55212353217363
32642,98,-122.28823023958466,47.560288665208
33365,98,-122.28517542901,47.55158440302387
33409,98,-122.286346728964,47.548001942429046
33669,98,-122.286220393963,47.5480316784686
34254,98,-122.297229724311,47.5535177898782
34355,98,-122.289913836825,47.5532605728007
34663,98,-122.284345114083,47.5555480021257
34929,98,-122.298525784223,47.5572554563408
34947,98,-122.290949705607,47.56260616155066
35086,98,-122.291536223971,47.5592645705907
35498,98,-122.286028201369,47.5563545666766
35643,98,-122.286812738274,47.5502815723545
35893,98,-122.286760118913,47.5497057126699
36206,98,-122.28300543712533,47.555613110058665
37227,98,-122.286134971758,47.5476590961237
48,99,-122.280866489262,47.5518888637165
268,99,-122.279513847058,47.5569954992935
387,99,-122.277617410654,47.5570032932771
642,99,-122.28082331036,47.5534530449364
653,99,-122.28220823516769,47.5497076355422
677,99,-122.280765411924,47.5581943171572
1014,99,-122.280868088566,47.5543087879703
1881,99,-122.278157390695,47.5582326010928
2281,99,-122.280898816816,47.54815474329039
2315,99,-122.28277250914734,47.5534600512888
2324,99,-122.280883929965,47.5489224614854
3071,99,-122.2808762602,47.5527155082057
3258,99,-122.280869090013,47.5512595002279
3414,99,-122.278625643822,47.5569960830725
3873,99,-122.28082079272,47.5536982789036
3894,99,-122.276579853099,47.55700708024549
4078,99,-122.280901614803,47.54738849783539
4283,99,-122.280824899025,47.5519011564046
4505,99,-122.280771962501,47.5604955638082
4732,99,-122.2807680062834,47.5598324097378
4822,99,-122.280818398148,47.5544935539428
5175,99,-122.27700727988632,47.561143130206034
5703,99,-122.27941749912002,47.5605043316969
5726,99,-122.280796024983,47.55621184841621
6010,99,-122.2807853248396,47.557425411700265
6011,99,-122.280797273188,47.5569893775457
6033,99,-122.280810606194,47.5553440876893
6244,99,-122.273139917921,47.5605194862543
6448,99,-122.283416551885,47.5570617660377
6882,99,-122.283944264743,47.5578011254356
7445,99,-122.280752789348,47.55344553781711
7451,99,-122.27871451980366,47.55190242884826
7925,99,-122.283408588099,47.5590739067482
7926,99,-122.283416946549,47.5586089415696
7942,99,-122.277622921764,47.5489136522731
8463,99,-122.273187785353,47.5629836881001
8813,99,-122.280830567181,47.5496871188862
9373,99,-122.284098933327,47.5579282767857
9923,99,-122.280813063467,47.5504739629632
10157,99,-122.283399076226,47.5569923213959
11259,99,-122.27657573892502,47.55526146630499
11503,99,-122.280798705757,47.5558611160637
11515,99,-122.274434745438,47.5623537932708
11838,99,-122.280891847954,47.5496738378474
12153,99,-122.27714008410466,47.54739838495717
12269,99,-122.284802016357,47.559062211655
12641,99,-122.28087425689098,47.55048723625189
12778,99,-122.27440620666898,47.5605194135635
13008,99,-122.279547967212,47.55616834994197
13566,99,-122.280185137437,47.55344206870463
13814,99,-122.28482445587667,47.55860380711733
14251,99,-122.27758359137168,47.55940790614983
14277,99,-122.28562725970367,47.55941801999354
14403,99,-122.276103738338,47.5552595717927
14926,99,-122.27063128886168,47.56083771122676
15209,99,-122.271996938635,47.559245125876
17177,99,-122.282607547692,47.55985274536233
17305,99,-122.280856958265,47.558207941118
17618,99,-122.28340229171,47.5594073375982
17628,99,-122.282082992043,47.55584387679124
17739,99,-122.279414911446,47.5582259253913
17805,99,-122.28308527228567,47.556232913334064
18144,99,-122.273159206003,47.5605632182691
18464,99,-122.278631346547,47.5553367913781
18636,99,-122.27943814592702,47.5593973555078
18767,99,-122.283404720115,47.5578073292595
18993,99,-122.27444219918831,47.56166701919759
19097,99,-122.275681709976,47.56055892127299
19256,99,-122.27530532562734,47.55638283900206
19428,99,-122.28340473394,47.5512865885145
19795,99,-122.277029016898,47.5582406609499
19827,99,-122.272032018819,47.56052452805509
19985,99,-122.275662308699,47.5605174730049
20023,99,-122.273163568644,47.5592332678328
20260,99,-122.279450268085,47.561629738427
20401,99,-122.274425711458,47.560560841475
20698,99,-122.277900299229,47.5504638933533
21216,99,-122.278124116152,47.560538550565205
21311,99,-122.28459023629269,47.55193850639088
21341,99,-122.27985699132633,47.55939671280387
21633,99,-122.27952380879633,47.55527156840873
21758,99,-122.272012984688,47.5605660656947
21787,99,-122.270609635879,47.5605306915221
22588,99,-122.278110332894,47.5604962663006
22662,99,-122.281268726534,47.5590503413574
22988,99,-122.27563866016168,47.557325100848296
23026,99,-122.27837487409968,47.5512244231711
23423,99,-122.280806396515,47.55125173818269
23428,99,-122.276341118123,47.55943649082544
23429,99,-122.277026488431,47.55943097860361
23488,99,-122.27943550232165,47.56011718520843
23709,99,-122.28310788673066,47.557446808923366
23901,99,-122.2744190278,47.5592079109551
24367,99,-122.28442944813634,47.55780541757127
24758,99,-122.272030877613,47.56375633210214
24849,99,-122.277596446599,47.5553352227687
25102,99,-122.28341600120734,47.556691281580775
25222,99,-122.283387296509,47.550525847183
25232,99,-122.27818454095102,47.56114193657257
25628,99,-122.27821885334134,47.5481466631303
25667,99,-122.27701050880466,47.55729077647809
25871,99,-122.270259709861,47.5605498592851
25884,99,-122.274413249159,47.5639357806131
25925,99,-122.27444248774198,47.5629848066469
25998,99,-122.277706395667,47.549686305921966
26587,99,-122.283469986669,47.55906040622259
26692,99,-122.27943569325,47.560187549501
26693,99,-122.279437054828,47.560545695058
27390,99,-122.275705075289,47.5639253143302
27486,99,-122.27705238801498,47.5605023036675
27497,99,-122.27815480928332,47.55860689322363
27663,99,-122.275679840969,47.55913927709443
28063,99,-122.27703370903198,47.5605439419515
28134,99,-122.27255212383632,47.56298628519166
28212,99,-122.278165372032,47.5598078684771
28653,99,-122.282375986922,47.55477923145634
28675,99,-122.27942737541866,47.55760332606786
30014,99,-122.273191070843,47.5637883618948
30710,99,-122.28342020877268,47.5602200986631
30730,99,-122.270628498554,47.56057200482351
30761,99,-122.27810812229,47.5570691756212
31777,99,-122.270619053826,47.5595363342584
34416,99,-122.280863251767,47.5553156843834
934,100,-122.370465264109,47.7051352566493
1194,100,-122.37490348794,47.6949906893096
1658,100,-122.36653999018,47.7051259068594
1800,100,-122.372684430005,47.69549388222756
1825,100,-122.37490315512932,47.69497448964853
2028,100,-122.376781007657,47.7016590505315
2329,100,-122.371429695847,47.694242431595306
2330,100,-122.371405792756,47.694243991974
2486,100,-122.378968182793,47.7029536582259
2652,100,-122.377479849462,47.7051438727938
2928,100,-122.375290077424,47.6947378398518
3081,100,-122.375454472444,47.6945910704541
3316,100,-122.372202531413,47.7051464693293
3320,100,-122.3713377255592,47.69861421493526
4024,100,-122.37070438884632,47.70525472041479
4273,100,-122.375495321278,47.69532873860541
4351,100,-122.3740287229726,47.69602541433242
4352,100,-122.374034393508,47.6955661507053
4559,100,-122.377083738617,47.7083470132813
4615,100,-122.37218448206951,47.70514581292198
4650,100,-122.368800796933,47.7014768072676
4917,100,-122.37864895644,47.7027499592894
4927,100,-122.375490349548,47.694209306621
5820,100,-122.373896087846,47.70834067357341
5887,100,-122.368776411484,47.6991849358137
6302,100,-122.374871130195,47.7083211617481
6905,100,-122.3674015049148,47.70524231055896
8388,100,-122.374036732554,47.7061581683927
8566,100,-122.372708698385,47.694212918665606
8918,100,-122.376572008057,47.70581935499231
8932,100,-122.373897947698,47.7083278567667
9017,100,-122.374878111562,47.7083376741659
9129,100,-122.372673889023,47.7052931537057
9143,100,-122.372876739901,47.6955672382299
9668,100,-122.374487119215,47.6952472908056
9834,100,-122.371337804443,47.69829730459753
10107,100,-122.36937373280598,47.7051364950718
10304,100,-122.37549215495,47.7014993006415
10645,100,-122.370465317024,47.705092625646
10733,100,-122.368633219772,47.6985077216523
10773,100,-122.378225284607,47.7069616080716
11109,100,-122.378221384757,47.70612690713839
12110,100,-122.370142609357,47.7033999135663
12188,100,-122.370143522376,47.701482646715
12257,100,-122.37143085757002,47.6943069374554
12436,100,-122.368781845366,47.7000958154986
13079,100,-122.37402792632,47.69421153264491
14192,100,-122.368824574905,47.7051375538717
14193,100,-122.368819701904,47.7046637699833
14208,100,-122.373068335584,47.6960616748147
14382,100,-122.371341878226,47.70155569404469
14563,100,-122.368801518949,47.7015524337269
15140,100,-122.371342342101,47.6992939863786
15295,100,-122.368811184673,47.7024355535415
15626,100,-122.371465189454,47.6907605555
16156,100,-122.38065273977868,47.70213026657751
16294,100,-122.372677261357,47.7015623940284
16367,100,-122.36729742588402,47.7051285826058
16386,100,-122.37134217876,47.7014830431411
17550,100,-122.37847367774502,47.7045830476743
17565,100,-122.368046028102,47.70148063954971
18458,100,-122.37073483209768,47.70011610134583
18614,100,-122.36945384656234,47.69929187698193
18701,100,-122.377505054468,47.7051635888399
18902,100,-122.372564383184,47.69651271047493
20037,100,-122.37630400349576,47.705233492277
20040,100,-122.374021337133,47.7014924593415
20237,100,-122.374022678804,47.70156579319481
20526,100,-122.37402212494732,47.6914073255655
21225,100,-122.36961132869,47.7052543844685
22049,100,-122.369123786905,47.6983004819723
22432,100,-122.376489348178,47.7015935843448
22435,100,-122.375136034385,47.707639465981
22500,100,-122.372805601773,47.706079640883
22731,100,-122.370139770538,47.701554392013
23206,100,-122.366549243671,47.6995730296096
23511,100,-122.368661397828,47.7001111996378
23522,100,-122.36969346026932,47.7033994789976
24062,100,-122.37013365384166,47.7006458571297
24583,100,-122.37547908839834,47.70411866499603
25144,100,-122.375572032048,47.6948170849695
25299,100,-122.37014406949132,47.703828604082304
25368,100,-122.379431338339,47.7053374825317
25369,100,-122.379411826194,47.7053401787506
25668,100,-122.368071216993,47.7015512113336
26088,100,-122.374035669182,47.6982460623217
26212,100,-122.371287386446,47.69861547097
27118,100,-122.372659714255,47.6907557817429
27751,100,-122.37700655561498,47.70744888881419
27752,100,-122.37702866137032,47.70743985092497
27761,100,-122.37402848880367,47.6971251141856
27941,100,-122.378129904177,47.701598748211175
27976,100,-122.372677860349,47.7014869603843
28208,100,-122.372677380513,47.69821048483897
28512,100,-122.372832057151,47.7060807314451
28767,100,-122.370892268078,47.7081886469272
29254,100,-122.376666239022,47.70678351153135
29919,100,-122.366548359433,47.700116655138366
30124,100,-122.36807463955664,47.69918747160824
30468,100,-122.37477376224432,47.6960192019523
30543,100,-122.374029330468,47.6952378706305
30743,100,-122.368068617298,47.7014371386227
31030,100,-122.37402783847,47.6942875073779
31133,100,-122.372654598649,47.7072091458063
31972,100,-122.368071526172,47.7016016325677
32058,100,-122.372695952634,47.69428451849901
32254,100,-122.378683101803,47.7076278671807
32572,100,-122.376082032382,47.7082330302025
32738,100,-122.380177537612,47.7060027092347
32806,100,-122.374030393286,47.7059350983095
32964,100,-122.376598014266,47.7058070821852
33092,100,-122.376725421185,47.7027490590499
33171,100,-122.380191404813,47.7059981837523
33613,100,-122.37073130523132,47.703400874587466
33679,100,-122.372672792053,47.7053107192436
33705,100,-122.379875781319,47.7019143087874
33753,100,-122.377791242928,47.7033826689563
33785,100,-122.371338017308,47.6956296735475
33962,100,-122.374158477759,47.7074475708482
34026,100,-122.376296789262,47.7052538818608
34764,100,-122.376651853767,47.7067738199726
35136,100,-122.378166102925,47.7070127253033
35227,100,-122.37089506239067,47.7082154657867
35325,100,-122.378735154921,47.7026122131898
35463,100,-122.377939062596,47.7081308348636
35578,100,-122.378178259884,47.7069606324823
35690,100,-122.382995492923,47.7036099386649
35808,100,-122.374125674441,47.7052835568247
35922,100,-122.374036604907,47.7067277087827
36136,100,-122.377374014217,47.7020790621144
36553,100,-122.379731246651,47.7064832489915
36650,100,-122.379902475671,47.7019226739522
36718,100,-122.373988663182,47.7047730575881
36732,100,-122.376697117182,47.7027413713238
36822,100,-122.377865389522,47.703339739202
36990,100,-122.378232228683,47.7061095024789
37328,100,-122.372671574495,47.7047800977081
37392,100,-122.378447938542,47.7045920258279
118,101,-122.2809187450558,47.54070516914138
152,101,-122.283368166675,47.54381955957481
648,101,-122.287636954508,47.5461239900711
649,101,-122.286834672535,47.5461139383722
858,101,-122.277371857343,47.5424958621625
1141,101,-122.289675713221,47.54615136670569
1473,101,-122.293784486525,47.54439709032349
1616,101,-122.275597877923,47.5452123036183
1650,101,-122.280888974899,47.5452463829725
1662,101,-122.275370525082,47.5469491668966
1663,101,-122.275364278736,47.5468921095507
1840,101,-122.278221971558,47.5460527504808
2018,101,-122.296963921668,47.5444627632584
2107,101,-122.291651994917,47.5461806020275
2199,101,-122.27479921339068,47.54678853393603
2357,101,-122.275383407992,47.5460737195398
2358,101,-122.274888962926,47.5460631298187
2428,101,-122.275905465584,47.5460742397187
2513,101,-122.278143178405,47.5450637922847
2571,101,-122.278177690749,47.5407093126789
2680,101,-122.282667307773,47.5424971709784
2936,101,-122.278205011595,47.545052635394505
3095,101,-122.280867467693,47.5424863005829
3715,101,-122.28761348065798,47.5474239019272
4238,101,-122.284802687374,47.5405437990998
4552,101,-122.2862614631396,47.5461294342919
4803,101,-122.283322116336,47.544542803748605
4806,101,-122.28963945736166,47.54659668285507
4938,101,-122.28355485881302,47.543143066274894
4964,101,-122.274205390462,47.5425141983944
4965,101,-122.273577190166,47.5425151011479
5212,101,-122.27231917905333,47.54072732111624
5351,101,-122.280342382693,47.5441789286798
5352,101,-122.279836552111,47.54417637311699
5639,101,-122.28372713673566,47.54386392167547
5640,101,-122.283305219082,47.5438260825046
5889,101,-122.280911552599,47.5463803004663
5890,101,-122.280911413678,47.5467255466452
5903,101,-122.278167834783,47.5424922815888
6424,101,-122.28539703042766,47.5442476666419
6488,101,-122.29030401305332,47.54825969608007
6813,101,-122.284778552244,47.5432518427458
6951,101,-122.27671307280282,47.54770209674858
6976,101,-122.290222258789,47.5461605103234
7032,101,-122.275288305393,47.5415150167297
7045,101,-122.27687305298998,47.5489102983319
7298,101,-122.280854681616,47.543130544005
7299,101,-122.280742411365,47.5431299909918
7307,101,-122.283352765698,47.5431658972976
7435,101,-122.292677094361,47.5443319050196
7977,101,-122.294829180151,47.5462618449852
8027,101,-122.278192184325,47.5441772858745
8056,101,-122.278131368234,47.5441914892911
8656,101,-122.283095416312,47.5425012791691
8658,101,-122.27529294275034,47.542175193408696
8780,101,-122.292719601976,47.54621116413839
8920,101,-122.296953165172,47.547701488146096
8921,101,-122.296951044843,47.5480757803677
9576,101,-122.280919707318,47.5460306706925
9760,101,-122.2850304335735,47.54598985462295
9826,101,-122.28270048615316,47.54050039175047
9966,101,-122.28351877757927,47.54221426224591
10119,101,-122.291445609551,47.5443239545779
10134,101,-122.286267806499,47.5459604141956
10551,101,-122.275926017061,47.5451004301332
10552,101,-122.27532100281734,47.54510739883117
10589,101,-122.275867918748,47.5460373349945
10668,101,-122.277390355721,47.542378963146
10712,101,-122.295820011759,47.5462883765508
10753,101,-122.296990357318,47.5463246081637
11015,101,-122.28263572825166,47.54107691558533
11097,101,-122.29378964402,47.5461967728832
11152,101,-122.290232753474,47.5461149514837
11251,101,-122.276509104303,47.5424988224993
11272,101,-122.27817572478402,47.5432782595332
11302,101,-122.27979859088332,47.54288769333064
11535,101,-122.292712768012,47.5461682987632
11554,101,-122.276589551771,47.5475028279948
11647,101,-122.29480168208,47.5454814300741
11653,101,-122.280906306914,47.5406398247986
11706,101,-122.29023350567658,47.54525553359884
12041,101,-122.2864445384562,47.54425848566376
12256,101,-122.287565586041,47.5442789631194
13324,101,-122.280779165942,47.5452449151096
13487,101,-122.28476597486,47.5425024202686
13577,101,-122.284312738869,47.5424984204682
13691,101,-122.283384854987,47.5445351456256
15058,101,-122.291626843448,47.54979726987799
15192,101,-122.29373209172434,47.54472840011247
15569,101,-122.28961206994234,47.54524888503943
15688,101,-122.291637754885,47.55206704704704
15742,101,-122.275278445166,47.5407166874384
15759,101,-122.283835752316,47.5406276854511
15760,101,-122.28384940141966,47.54061717737153
15776,101,-122.299854817267,47.5453492609169
15805,101,-122.27450154548131,47.541536892649766
16390,101,-122.289521270078,47.54954452510683
16412,101,-122.293737409616,47.5480819066236
16435,101,-122.29585718774337,47.54841859788206
16995,101,-122.296947860052,47.5496818462622
17007,101,-122.289512666753,47.5497677077159
17037,101,-122.293799782293,47.546238724981
17389,101,-122.28338469330534,47.54250269575567
17419,101,-122.292661456742,47.54804877604354
17568,101,-122.291391870639,47.543293846884
17771,101,-122.295783477938,47.5472324642155
18107,101,-122.296961791627,47.5430386681505
18473,101,-122.29378161109366,47.54583173977957
18874,101,-122.27864252571634,47.541521755760165
18882,101,-122.288003897625,47.5486636165046
19227,101,-122.277088435024,47.5501944905163
19576,101,-122.29854268558331,47.544553309317166
19758,101,-122.300624910119,47.5478181160619
19797,101,-122.288838400731,47.5470871296147
20368,101,-122.28088829008668,47.54119276464893
20373,101,-122.293741664199,47.54856825067969
20461,101,-122.274086476955,47.54342251801796
20510,101,-122.29467342033332,47.54668027669327
20511,101,-122.294293156372,47.5462514267763
21074,101,-122.289519135733,47.5498385384893
21099,101,-122.280842829986,47.5394156126701
21438,101,-122.290290273051,47.5478989358694
21459,101,-122.29694826860198,47.5452898935481
21566,101,-122.283833123081,47.54061556297256
21580,101,-122.293139335103,47.5480662163607
22203,101,-122.29480526509,47.5493252233085
22309,101,-122.290301334317,47.54758569018357
22454,101,-122.296946424239,47.547114274134096
22489,101,-122.27528411692268,47.54024150949083
22551,101,-122.291613380039,47.54791853102339
23150,101,-122.295576138219,47.5463064370286
23758,101,-122.288816949123,47.5485046406034
23769,101,-122.276312129282,47.54891084052488
24180,101,-122.27650137835036,47.5416537895989
24463,101,-122.29557693946,47.5463279743439
24999,101,-122.2887342145236,47.547592786714105
25002,101,-122.27467124559132,47.5451212236097
25007,101,-122.28588880443156,47.54628990702522
25184,101,-122.290336976531,47.5426027712723
25278,101,-122.279801631122,47.54507568671424
25645,101,-122.286445739726,47.5442185500519
25830,101,-122.27759724444768,47.54674487870469
25988,101,-122.27478086277137,47.54420937774324
26138,101,-122.29027476835866,47.5470402298283
26444,101,-122.292653626856,47.5443983842018
26837,101,-122.28756377219,47.5442342925697
28163,101,-122.29034686408068,47.54253476764151
28532,101,-122.28881469939,47.5497694672599
29424,101,-122.280959981596,47.5438037131087
29468,101,-122.28327056896087,47.54070993666946
29645,101,-122.2909663327,47.54978971216659
29809,101,-122.290971815052,47.5498628374543
30362,101,-122.275334629556,47.5469092753114
30923,101,-122.273114386478,47.5425502910519
31424,101,-122.28479038933531,47.5435102453539
31534,101,-122.28555106242732,47.540656039637696
31593,101,-122.28094790474,47.5463880096407
31751,101,-122.284903323666,47.5406601253727
31903,101,-122.283776236854,47.5406110521967
32788,101,-122.274197098977,47.5425451051923
33124,101,-122.284850318857,47.5405421058839
36009,101,-122.273189218155,47.5423991481896
36035,101,-122.280980354557,47.5445192471343
37169,101,-122.283288073762,47.5407005626027
37422,101,-122.284740380146,47.5461252733872
37665,101,-122.282105930534,47.5395696968184
103,102,-122.27164855241033,47.6572642817543
196,102,-122.270216987433,47.658076128694766
197,102,-122.27008451263934,47.6580517737547
212,102,-122.27223245981676,47.65805345718325
275,102,-122.28123192922963,47.65801435382633
536,102,-122.274175366972,47.6666533538469
576,102,-122.2730362561615,47.6606585238615
577,102,-122.273125061538,47.66121155653286
684,102,-122.279286816817,47.6577288816198
685,102,-122.2792718983685,47.6577197778781
724,102,-122.281232322719,47.6571676507976
725,102,-122.28125165889774,47.6571655282371
920,102,-122.272550747491,47.658821915998125
1040,102,-122.281235968585,47.65856074432033
1188,102,-122.28124962519568,47.65701580202737
1266,102,-122.273048347799,47.6606476444863
1267,102,-122.2730286499625,47.6606452499113
1441,102,-122.272268738502,47.658059897894006
1676,102,-122.27935553750068,47.6645369734984
1715,102,-122.28125715381434,47.65863753039877
1716,102,-122.28123154366232,47.65937860800469
1957,102,-122.26956399389366,47.65866795917096
2073,102,-122.271345249244,47.665359852099165
2219,102,-122.272903784283,47.659816713206
2220,102,-122.27291658235832,47.65980623895288
2322,102,-122.2812731163505,47.65596621735105
2323,102,-122.281255361498,47.6559598437043
2432,102,-122.280188819194,47.6564014395199
2515,102,-122.2801843229605,47.6582681150859
2727,102,-122.27289576926866,47.66020014932687
2787,102,-122.272141714656,47.65804735728357
2906,102,-122.28122833559236,47.6600505207143
3082,102,-122.275384839527,47.664848793163095
3083,102,-122.274934790732,47.6648476640052
3094,102,-122.28112005042368,47.658512784708336
3124,102,-122.28131986188698,47.65547271428107
3298,102,-122.28123691547934,47.660006878280434
3692,102,-122.27954187872852,47.66485175594338
3733,102,-122.2812305209475,47.6606751537644
3816,102,-122.27839191579034,47.662056150571125
3849,102,-122.27914036858002,47.6583773345603
4340,102,-122.27023378436832,47.65774224039137
4522,102,-122.281658958681,47.6652110285389
4726,102,-122.28071538764634,47.66136740867887
4767,102,-122.277839243355,47.6682730430819
4968,102,-122.281213683385,47.6606825825488
5048,102,-122.278723326728,47.65754302936483
5701,102,-122.286903397709,47.66806640852408
5784,102,-122.28026546471033,47.658321980495664
5811,102,-122.27743696334537,47.66484856390003
5946,102,-122.281217198881,47.660792637652726
6071,102,-122.273714033183,47.66120839978405
6373,102,-122.276525547047,47.6612487418187
6572,102,-122.270520277002,47.6624301693578
6584,102,-122.287902615499,47.66806883468363
6914,102,-122.28053151329834,47.663775153502
7088,102,-122.28019351601364,47.6572931281302
7588,102,-122.28017872964934,47.65611166098128
7626,102,-122.281238057768,47.6586357553441
7647,102,-122.27290017400831,47.65965352816047
7687,102,-122.279401064549,47.6611853390107
7781,102,-122.2663212033466,47.6673399696562
8109,102,-122.280153462133,47.659920386852
8280,102,-122.27999698460236,47.65921341723847
8381,102,-122.272913138102,47.66069534791353
8391,102,-122.280289149703,47.65546568532317
8838,102,-122.26421924926228,47.666618048429925
9093,102,-122.28126350617534,47.65625993241196
9147,102,-122.281178123331,47.6612386635762
9293,102,-122.28773014392134,47.6626907931287
9301,102,-122.28688208233102,47.6648825524941
9307,102,-122.279334063786,47.6630280868772
9481,102,-122.280048428001,47.660635383815794
9936,102,-122.27288248212768,47.65926007410537
10116,102,-122.27942724046768,47.6572590113474
10205,102,-122.274615417962,47.661570996135
10322,102,-122.26552511456138,47.66711314488492
10374,102,-122.278721290489,47.656685273493935
10389,102,-122.273110759508,47.6582536718795
10667,102,-122.281753422065,47.6559125794178
10932,102,-122.270923752139,47.65795905310916
11112,102,-122.2774274841744,47.66612455559088
11329,102,-122.273134659485,47.6684684821343
12096,102,-122.27564610297,47.6716513064247
12097,102,-122.275666387488,47.6716508834273
12412,102,-122.26980724109266,47.66266490962126
13014,102,-122.273992609937,47.6682380809312
13122,102,-122.279554005822,47.6689379787832
13440,102,-122.2661508387606,47.66842197595888
13616,102,-122.270471113084,47.667527293743
13617,102,-122.270480682646,47.6675152065469
13727,102,-122.27955997858236,47.664848836963145
14020,102,-122.274647314717,47.6648140483764
14665,102,-122.28750603035532,47.66291887137593
15052,102,-122.286932762646,47.66484122098401
15302,102,-122.271929152909,47.6601727274909
15348,102,-122.27893164722998,47.6612478294426
15349,102,-122.28632603595634,47.66673962415376
15654,102,-122.2858432961912,47.66486735325916
16268,102,-122.274626639327,47.66246837483501
17257,102,-122.2759591180166,47.664851345250455
17323,102,-122.277233970036,47.6661196085878
17577,102,-122.287884125049,47.6648354174631
18015,102,-122.27257196088269,47.66281310937666
18443,102,-122.27733986102,47.6612480561958
18489,102,-122.288148172969,47.6626532428082
18960,102,-122.277875132065,47.664856516377
19543,102,-122.27642489117552,47.66975976577015
19627,102,-122.280268977754,47.6665559191935
19908,102,-122.280324725956,47.665307879574
19933,102,-122.28814305037469,47.66208303135926
20000,102,-122.278492929673,47.6661131152738
20001,102,-122.278434139837,47.66611375684929
20398,102,-122.27409126600529,47.66587645742448
20523,102,-122.279472907583,47.6612492191261
20600,102,-122.2717798888975,47.6613334019931
20832,102,-122.279005591259,47.66803522261049
21093,102,-122.271721095859,47.6720754689624
21160,102,-122.28067422411,47.6661705692789
21939,102,-122.271241771305,47.66974701352499
21954,102,-122.278431625475,47.66488946415361
21972,102,-122.271068091865,47.6594654476584
22181,102,-122.2681518705275,47.6680319557381
22771,102,-122.26890043663576,47.66134048078212
23071,102,-122.280999137564,47.6658557873507
23871,102,-122.27743211231434,47.66213294875323
23975,102,-122.259598226505,47.66992174469417
23976,102,-122.259603136738,47.6699088035247
23985,102,-122.262663074822,47.66989188848044
24001,102,-122.270572513728,47.6675296909071
24125,102,-122.26894900694,47.6599716224194
24337,102,-122.2731929221435,47.6612182741078
24858,102,-122.271109370406,47.65882146072156
25309,102,-122.279486705777,47.6632472959309
25372,102,-122.27737800155,47.6621274187712
25431,102,-122.286899419875,47.6667709707304
25460,102,-122.280612850143,47.6612397078624
25494,102,-122.281678336266,47.6652236354776
25848,102,-122.278138370882,47.6682412463457
25969,102,-122.276351284005,47.6692140539657
26009,102,-122.269753582024,47.670811668415205
26021,102,-122.25864267233185,47.66950453410332
26034,102,-122.2611355422616,47.66989793518688
26133,102,-122.275759829734,47.67311950196014
26422,102,-122.28863345729368,47.66264924978683
26652,102,-122.271180669278,47.6652400225739
27315,102,-122.276534828695,47.66925599277072
27316,102,-122.276082750155,47.6692143758692
27358,102,-122.271875220938,47.66074008466037
27418,102,-122.275374234387,47.6649483193576
27425,102,-122.284952926947,47.6648740102857
27503,102,-122.275929789472,47.66192409534904
27857,102,-122.268891648849,47.66023133432903
28203,102,-122.27560379495968,47.6716329851252
28809,102,-122.28134495244,47.6655416277441
28902,102,-122.274594672943,47.6647834922946
29561,102,-122.278290028181,47.666115653111
29806,102,-122.27641370194,47.6697488033332
30050,102,-122.280697791352,47.6661727788425
30147,102,-122.273807090754,47.67413301014913
30490,102,-122.27181567995534,47.6596097290308
30613,102,-122.258642488121,47.6694623543212
30735,102,-122.279128256825,47.6583882502572
30867,102,-122.270031351296,47.66294582727965
31037,102,-122.2596505899465,47.6688379780466
31038,102,-122.25964085231368,47.66882696409217
31356,102,-122.2634418295426,47.66844535187287
31597,102,-122.281315737931,47.6655427125553
31613,102,-122.270246173012,47.661191610354
31690,102,-122.26300343183853,47.666928799950256
31748,102,-122.28034838202,47.6653098325231
32382,102,-122.27132777482102,47.66154414881501
32561,102,-122.281027670028,47.6658574537635
32928,102,-122.26904707200568,47.6593839751188
32995,102,-122.270491393232,47.6675277739191
32999,102,-122.28033504175968,47.66712655006807
33141,102,-122.274560419738,47.6624691161753
33207,102,-122.268839607099,47.6624013639483
33308,102,-122.269678412175,47.66219306214496
33480,102,-122.271564196116,47.6717858776048
33627,102,-122.26505469284666,47.6677940037176
33744,102,-122.270106534577,47.6708959835362
33751,102,-122.27891432616866,47.65837569024941
33900,102,-122.268836362089,47.66195729590226
34389,102,-122.273119248435,47.6715898533907
34582,102,-122.270476659956,47.6594795452169
34627,102,-122.27790271610968,47.6583206458592
34832,102,-122.271236949702,47.6652795301786
35031,102,-122.25818362009,47.6697744610055
35165,102,-122.279465196912,47.6677800041248
35416,102,-122.271541920965,47.6717773846682
35477,102,-122.26881967877668,47.66265303936617
35535,102,-122.27101308981268,47.66087858695551
35584,102,-122.271260233365,47.66530114971185
35590,102,-122.275635956568,47.671651395386
35603,102,-122.278517236068,47.6585211520179
35629,102,-122.26231014102068,47.6690955735535
35895,102,-122.27055986199,47.6624608927971
36191,102,-122.273185220889,47.6676697629672
36372,102,-122.266241263232,47.6673512309845
36632,102,-122.273127251777,47.6715587357789
36637,102,-122.272560146769,47.6756474599022
36777,102,-122.270576077239,47.6671936485279
36857,102,-122.274188849756,47.6675709745939
36926,102,-122.27139388370136,47.66278918365644
37191,102,-122.279449138227,47.6587847186983
37487,102,-122.259588145495,47.6711290939499
96,103,-122.316693892936,47.5634545566124
402,103,-122.31422558609,47.5634618190463
929,103,-122.31419320660298,47.5634974064961
1219,103,-122.31976697846568,47.56282114004773
1369,103,-122.314638145124,47.56728213726959
1370,103,-122.31535771562,47.567280942917
1412,103,-122.31614360929298,47.5621749244163
1468,103,-122.303367212235,47.5565190807289
1481,103,-122.304457217159,47.558795713774
1702,103,-122.3161577379434,47.56096038883962
1703,103,-122.31535144174669,47.56100034238693
1872,103,-122.316175470705,47.5594782430998
1873,103,-122.31561475096764,47.5594731696078
2179,103,-122.314657747238,47.57133829154899
2221,103,-122.30277361571298,47.5565013924076
2465,103,-122.3077310315678,47.56049859711142
2631,103,-122.307520440684,47.5583579136304
3215,103,-122.311370483924,47.5621105379233
3263,103,-122.314166324603,47.5672863932917
3268,103,-122.319938711946,47.564786327912906
3635,103,-122.316607816456,47.5671629821154
3736,103,-122.316164692593,47.5602336875449
3920,103,-122.318029223095,47.5616647090805
4163,103,-122.302679684382,47.5562165861703
4176,103,-122.304711621764,47.55951093787351
4177,103,-122.304282425324,47.559581729842
4452,103,-122.303828027175,47.5567445609457
5274,103,-122.30434588788034,47.5597756793078
5965,103,-122.317233821979,47.5603381516562
6750,103,-122.316776289902,47.5616686269394
6857,103,-122.316727232482,47.56241485553951
7068,103,-122.31050941249002,47.5615733030659
7293,103,-122.316743892009,47.5616683011051
8358,103,-122.31495791108,47.5616579910336
10177,103,-122.296569059286,47.5616107403661
10298,103,-122.316180941888,47.5575941787983
10353,103,-122.315451836389,47.5634612896794
11141,103,-122.319560571016,47.5671050928665
11981,103,-122.305755637553,47.557571736393605
12166,103,-122.316178244919,47.5587229666501
12438,103,-122.318015429877,47.5622525243952
12789,103,-122.3127659654,47.5617399371815
13144,103,-122.304974805835,47.5595981456724
13339,103,-122.314687043025,47.5690339723528
13531,103,-122.302693115584,47.5582746719345
13649,103,-122.30354416697968,47.56062167969213
13668,103,-122.319817944406,47.5648247019834
14311,103,-122.316090371914,47.57030877878943
14559,103,-122.313369293693,47.559004875564
15186,103,-122.30534118188798,47.5597213241268
15918,103,-122.311397581951,47.5620767496064
16159,103,-122.307516320109,47.5584014215927
16765,103,-122.31417970726,47.56096285594276
18338,103,-122.304633064426,47.5606695175777
18341,103,-122.319204532918,47.5616577334028
19876,103,-122.314219642662,47.5639071582103
20198,103,-122.31419263504,47.559026190392
20212,103,-122.310457413451,47.5615708583373
22723,103,-122.31667928379868,47.57205316942191
22724,103,-122.316663576572,47.57167799598991
23054,103,-122.30237844273866,47.5596005168164
23159,103,-122.312356958579,47.5616514002668
23301,103,-122.29736542223634,47.55851306584293
23302,103,-122.298090911942,47.5585332863719
23688,103,-122.315411020897,47.5634977645121
24249,103,-122.30165147153768,47.56081007769964
24553,103,-122.31998171227,47.5661286994786
25725,103,-122.30810536276634,47.55900584211813
25883,103,-122.306092196111,47.563979641634
26216,103,-122.31917193412,47.5627379523883
26386,103,-122.30301953830734,47.55927790363726
26802,103,-122.30279386873532,47.55649834597847
26828,103,-122.31427966088434,47.57130236504696
27361,103,-122.305710130382,47.5576047981535
27443,103,-122.314225889305,47.5617673924531
27452,103,-122.307859775833,47.5604892796498
27641,103,-122.303720671127,47.5580038478037
27642,103,-122.303288860492,47.5581648141337
27763,103,-122.31709142496702,47.56025595756531
27841,103,-122.314917831758,47.5717321642508
28272,103,-122.314190125208,47.5639773205912
28475,103,-122.299291053894,47.5597212554301
29665,103,-122.315330147244,47.5669940403535
29957,103,-122.317880936772,47.5670869627667
30129,103,-122.317084998568,47.5605474386555
30149,103,-122.317888782077,47.5655423703163
30359,103,-122.305605700076,47.5604941492436
30381,103,-122.313368745448,47.5590461142693
30747,103,-122.307189811556,47.5611995784457
30925,103,-122.31540499193534,47.57025819867736
31250,103,-122.31545377979668,47.56211037442756
31320,103,-122.305017571007,47.5595603135481
31429,103,-122.31904407649633,47.56405269735874
31620,103,-122.31337202013236,47.558344593026966
32019,103,-122.315336798734,47.5670642593491
32219,103,-122.31309112932,47.5672749351736
32655,103,-122.317108290324,47.55829867112067
32732,103,-122.30339094804869,47.5585511861876
32854,103,-122.31504006256,47.5602064452481
33128,103,-122.31358380055866,47.56905590709746
34350,103,-122.30051930663836,47.56039290775967
35329,103,-122.314134338564,47.5689708655803
36117,103,-122.306100619347,47.5640072342817
37646,103,-122.319983214324,47.5661040501761
189,104,-122.298848518439,47.6152601265216
633,104,-122.298658717492,47.6202388341729
718,104,-122.299925624941,47.6202516863283
1304,104,-122.2957917957884,47.60726244426286
1306,104,-122.297558305502,47.6152533866834
1425,104,-122.297318436957,47.6201914458813
1880,104,-122.294988499291,47.6117136231499
3586,104,-122.299943926009,47.6210178917331
3648,104,-122.298829185916,47.6155500306133
3804,104,-122.29989747327566,47.62468410467917
3912,104,-122.293656491698,47.6116971495182
4497,104,-122.29485997621002,47.620118250448
5695,104,-122.296308239529,47.6115982539461
5938,104,-122.300076164381,47.6116086486043
5939,104,-122.300644615491,47.611611610994366
6202,104,-122.294972611241,47.6083577317629
6241,104,-122.29546641155764,47.611706107312735
6523,104,-122.293758188016,47.6099506322104
6536,104,-122.297582532412,47.6115925979096
6732,104,-122.295017019177,47.6099774957878
6823,104,-122.296256525239,47.615237991981004
6859,104,-122.290572288457,47.60790090064901
7448,104,-122.29496645260102,47.6079085623317
7449,104,-122.294962521717,47.6078954535952
7927,104,-122.295877194203,47.6072089356099
7949,104,-122.296934479185,47.62225423757217
8020,104,-122.298884220961,47.61161509752011
8370,104,-122.298642257863,47.620196860610896
8472,104,-122.292633902355,47.60792222342346
8795,104,-122.30191871011898,47.6202642880747
9188,104,-122.299932962256,47.6189659327585
9808,104,-122.295477443737,47.6224591498212
9821,104,-122.294944797053,47.615233150761
9953,104,-122.290966676458,47.61038284939257
9975,104,-122.288260537132,47.6079057213706
9985,104,-122.296219902178,47.6213947892709
10218,104,-122.293695676328,47.6093318587318
11078,104,-122.298829661263,47.6156185671252
11327,104,-122.29951167927368,47.618964931343534
11691,104,-122.294906049493,47.6224653703103
11773,104,-122.289484128227,47.6068484698535
12085,104,-122.298823057366,47.6116015748381
12127,104,-122.293761017284,47.61016072904957
12311,104,-122.284686919209,47.60919146641229
13039,104,-122.291402387087,47.6116431675677
13097,104,-122.29142987821768,47.6107443007072
13410,104,-122.297338360851,47.6202333454358
13538,104,-122.29138009269802,47.6116843799574
13753,104,-122.300091777179,47.6103347940998
14038,104,-122.296308660703,47.6114604413572
14123,104,-122.300563405663,47.61897021041671
14481,104,-122.292725284324,47.605590982888565
14708,104,-122.29249558881,47.613993458924334
14853,104,-122.28729944728302,47.607897661205605
15547,104,-122.296805915914,47.6213920813497
15770,104,-122.289490965713,47.6078817663147
16028,104,-122.295748750475,47.6164130600367
16098,104,-122.29047634897768,47.60998959342254
16129,104,-122.295694691164,47.6238959018963
16278,104,-122.284703400485,47.6085772370186
16279,104,-122.284654847564,47.608212039322005
16384,104,-122.300962495494,47.62031991505706
16644,104,-122.296196093848,47.6189501720252
16885,104,-122.28503744151068,47.60720697784203
16994,104,-122.296180014246,47.6201272603874
17119,104,-122.292529811208,47.6116882884983
17343,104,-122.296544378679,47.62332110409411
17490,104,-122.29731577701568,47.6179450854282
17903,104,-122.29730553273698,47.62198342951209
19014,104,-122.296311476494,47.6234828479287
19112,104,-122.286043234215,47.6110548619938
19168,104,-122.296214505643,47.6221167312469
19181,104,-122.28880084037,47.60536742335264
19320,104,-122.290582225944,47.6117190239646
19564,104,-122.293561457713,47.60743882260693
19717,104,-122.296055781891,47.6116295604347
19806,104,-122.29097594476532,47.609307103000766
20353,104,-122.297402982695,47.6213917568302
20589,104,-122.29366383191102,47.6116528242702
21242,104,-122.30004657760934,47.61387997266596
21869,104,-122.28612470035598,47.60922507874
22226,104,-122.298666487669,47.617677881391806
22246,104,-122.291555391702,47.609309833986
22544,104,-122.29758680213833,47.610930859401
22595,104,-122.29137996265332,47.61250020033034
22598,104,-122.292587714266,47.61005217031976
22830,104,-122.284510151811,47.6079124586272
23028,104,-122.298520570205,47.6189622812783
23080,104,-122.29349629519476,47.6079101930788
23172,104,-122.29685696087364,47.61640783024643
23458,104,-122.288821109811,47.6103645581864
23467,104,-122.285650108664,47.60570679568247
23627,104,-122.29819709220436,47.61767477633987
23664,104,-122.296160666262,47.6201688307992
23978,104,-122.293750761572,47.6104614055307
24174,104,-122.290557050872,47.6079428698446
24177,104,-122.296235620544,47.616405384738
24439,104,-122.301900756941,47.62105874428736
25605,104,-122.300062619038,47.6128645003617
25646,104,-122.291543130567,47.6103786621681
25989,104,-122.290548362918,47.6050996862732
26056,104,-122.290556701629,47.60475235040064
26146,104,-122.29366278925744,47.60744017347789
26231,104,-122.295004960659,47.6213897876396
26466,104,-122.287204980215,47.6096396880601
26492,104,-122.292549102615,47.6116468723824
26502,104,-122.294985662893,47.6189362453434
27027,104,-122.292593827221,47.6103280770036
27032,104,-122.301838120781,47.6202358817115
27098,104,-122.292560632194,47.6093219373583
27147,104,-122.28887651734134,47.6068142917682
27262,104,-122.296665060779,47.62409481156886
27292,104,-122.289483079165,47.60792377031131
27392,104,-122.284548103867,47.6052890149777
27432,104,-122.285069740918,47.6103370093743
27433,104,-122.284638815885,47.6103178832167
27626,104,-122.28572914740666,47.607258559500565
27882,104,-122.293686284696,47.6136363927598
28036,104,-122.28707761979,47.6054837481309
28069,104,-122.296699503736,47.60640336014825
28281,104,-122.29262912840402,47.607934235388
29283,104,-122.287294146832,47.6079513136764
29587,104,-122.29950963162,47.6128556376784
29755,104,-122.29562990601666,47.60794526829486
30292,104,-122.28754248504367,47.60541187465086
30360,104,-122.296611885878,47.6233264140425
30540,104,-122.29198687451,47.610387487617096
30807,104,-122.29376557233869,47.60479404343884
31068,104,-122.293481800175,47.6079025648821
31469,104,-122.291571342963,47.60817875472696
31783,104,-122.289501975312,47.60598170011213
31829,104,-122.29313562249366,47.6084490854848
32026,104,-122.28610144826298,47.607835261221
32454,104,-122.296701844362,47.6064168671758
32851,104,-122.28827752476268,47.60702185640346
33101,104,-122.28611433529966,47.60747306264984
33290,104,-122.297509040023,47.6173708628612
34034,104,-122.29497725740198,47.60471877222807
34193,104,-122.297566513775,47.6126573889122
34609,104,-122.28494985686666,47.6110696533037
35287,104,-122.29656576526732,47.604194251372526
35537,104,-122.302821110601,47.6152189726906
36175,104,-122.296235112102,47.6161144309508
36220,104,-122.302824711414,47.6142513917515
36341,104,-122.284015725864,47.608544104357634
37414,104,-122.296339808581,47.612470991561
37431,104,-122.297358943807,47.6221657063852
37632,104,-122.291630370139,47.6046094940814
194,105,-122.3034960026105,47.6130831269248
320,105,-122.307463605642,47.61847228022
425,105,-122.31282081762,47.6160969510973
565,105,-122.31608057475168,47.61151026153683
764,105,-122.312125620523,47.6175736324223
781,105,-122.315362753071,47.6125622572175
950,105,-122.310070515929,47.615556957595096
1289,105,-122.30758079874832,47.61659789950096
1355,105,-122.30370918238002,47.6126065721063
1375,105,-122.309497390032,47.6171812368628
1376,105,-122.30951436523364,47.61756521588374
1443,105,-122.307479803725,47.617302449552106
1784,105,-122.30137089727698,47.6123269230773
1819,105,-122.31282461978,47.618101950380925
2029,105,-122.307363751568,47.6156779157256
2246,105,-122.314061849653,47.6104221458469
2291,105,-122.314116711437,47.6157923673883
2369,105,-122.31749451183,47.6163370603405
2534,105,-122.308202223587,47.6122811890832
2535,105,-122.30822435791131,47.61228337719746
2762,105,-122.315486375087,47.61532397236849
2773,105,-122.300082113478,47.6099840538636
2872,105,-122.30818718264834,47.61344155848019
2922,105,-122.307463941896,47.6181980409982
3006,105,-122.31495925163637,47.6183312023843
3077,105,-122.308148807711,47.6154083290695
3078,105,-122.308185626745,47.6152760417668
3091,105,-122.314167187804,47.6164079365541
3283,105,-122.307451520929,47.6190163300764
3434,105,-122.315699172072,47.6153623103464
3479,105,-122.303388093072,47.615348988435606
3480,105,-122.303144673397,47.61535274129657
3633,105,-122.313485457572,47.6079842773329
3698,105,-122.301397199591,47.6099817832496
3835,105,-122.30949101237832,47.61639745911973
3945,105,-122.30735279946002,47.6160360843912
3971,105,-122.314822881011,47.6104463612912
3972,105,-122.315370063374,47.6104502565114
4221,105,-122.316573377522,47.6151753821167
4328,105,-122.30607889044666,47.616772374465135
4554,105,-122.310071089081,47.6161123651356
4659,105,-122.30011688063534,47.60848055603517
4883,105,-122.303788873194,47.6090643032328
5073,105,-122.314948571214,47.6175776613005
5461,105,-122.302678819737,47.61119925667207
5641,105,-122.31701314021268,47.61740883497114
5762,105,-122.301287315978,47.6133177928469
5976,105,-122.30136558053296,47.613315914918346
6108,105,-122.314047546933,47.61245855124423
6254,105,-122.303777356315,47.6100183438404
6326,105,-122.315370436356,47.6115108887725
6335,105,-122.310560348169,47.615487075202
6571,105,-122.31286273419,47.6162284244491
6775,105,-122.315466225114,47.6138792238328
6819,105,-122.306250006239,47.6103479807601
6865,105,-122.316698493334,47.615316295062506
7069,105,-122.308981339732,47.6160137585562
7145,105,-122.310007229127,47.6155838634221
7302,105,-122.301374920409,47.6120139142978
7303,105,-122.30137851761,47.6116168361948
7398,105,-122.304404965471,47.6099840018449
7433,105,-122.310825898944,47.6164167482657
7462,105,-122.3036949318894,47.61337401547674
7655,105,-122.316241916114,47.6173489564463
7722,105,-122.310077647642,47.615322308736005
7880,105,-122.30367203905,47.6140085138274
7915,105,-122.316791913797,47.6173750806344
8088,105,-122.316254553755,47.6175577227004
8241,105,-122.303788339787,47.6080724527087
8383,105,-122.315356641954,47.6080939630544
8430,105,-122.312110462883,47.61682447720781
8431,105,-122.312119898145,47.6164796346928
8498,105,-122.312872656277,47.6164204150824
8607,105,-122.301913525213,47.6099843720615
8609,105,-122.296372636242,47.6099751217295
8610,105,-122.29560914629602,47.60997673241023
8873,105,-122.301403449484,47.60958617895951
9588,105,-122.309454220586,47.6158192020229
9686,105,-122.307371404725,47.6153135791325
9687,105,-122.307387542079,47.6150427732489
9836,105,-122.30625548004532,47.6095736213117
9868,105,-122.303654585521,47.6147066438719
9932,105,-122.303660890102,47.615344601385
10244,105,-122.310795700075,47.6184679674792
10321,105,-122.29762250105,47.6099760475312
10544,105,-122.314198037716,47.61715628581387
10714,105,-122.31539557698332,47.60656157183706
10858,105,-122.30324913845033,47.60806971714194
10973,105,-122.312082039219,47.61604851133571
11020,105,-122.31079582375968,47.61926118338013
11158,105,-122.306105706764,47.6153210458663
11252,105,-122.315511317921,47.6164066610101
11330,105,-122.312841096853,47.616086497682
11632,105,-122.29560508236268,47.610357364584
11659,105,-122.3154631724794,47.61442719434152
11965,105,-122.313246390727,47.6151982977585
12091,105,-122.317498107607,47.6153287650666
12147,105,-122.30619719847,47.6099919305723
12231,105,-122.30812443545068,47.61717919281816
12241,105,-122.307438159187,47.6197108386759
12457,105,-122.309504294797,47.6184819901409
12642,105,-122.308216177221,47.6128176574762
12913,105,-122.309283972084,47.6196339459637
12981,105,-122.303707113822,47.6128476224998
13082,105,-122.303432390824,47.6153943943873
13228,105,-122.310828992729,47.61757342396729
13488,105,-122.30821225544932,47.61195166107169
13502,105,-122.314173830488,47.61568024924761
13631,105,-122.316793370811,47.6175597269824
13701,105,-122.316778153657,47.6164256587029
13764,105,-122.296866951989,47.60898245995373
13781,105,-122.310812665197,47.616021495079394
13826,105,-122.31095934259,47.6153156767792
13839,105,-122.31752011135602,47.6163890718156
13940,105,-122.311175084632,47.6164185400122
14110,105,-122.31019989481234,47.61963524317084
14473,105,-122.317141490835,47.6163927017362
14499,105,-122.309485755709,47.6179071485003
14560,105,-122.31716794210767,47.617555456757366
14821,105,-122.31418157324369,47.6168436960758
14896,105,-122.316746456337,47.6163930751861
15103,105,-122.314188763272,47.616449021563
15164,105,-122.314161008483,47.6147124302452
15182,105,-122.31608513975732,47.61044170900007
15329,105,-122.314203256915,47.617581993969
15392,105,-122.304326178949,47.60806918425144
15600,105,-122.315574132061,47.6153219841975
15699,105,-122.308810907347,47.6104018931735
15700,105,-122.308234132774,47.61039563060191
15788,105,-122.3136311078754,47.61757720521421
15821,105,-122.315428451272,47.6145911551525
15822,105,-122.31540675272066,47.6145915245561
15986,105,-122.307523691439,47.6173011389798
16070,105,-122.316982490095,47.615388405295
16140,105,-122.316774962085,47.6161807986858
16184,105,-122.312121605655,47.6164229403578
16534,105,-122.315508130548,47.616867194143936
16677,105,-122.310826062594,47.6175219652627
16894,105,-122.314831069448,47.617550705515534
17033,105,-122.31416088019364,47.61449572695687
17385,105,-122.30948408254233,47.6193672982252
17525,105,-122.317552766792,47.6165175731034
17543,105,-122.314559633026,47.61533422068407
17728,105,-122.308207805674,47.6153068084285
17878,105,-122.30675552367734,47.61971700549217
18022,105,-122.31323137980034,47.6175735498613
18279,105,-122.304299831739,47.6128460791181
18794,105,-122.31210681406766,47.61817441618541
18864,105,-122.31567828348598,47.61532326864549
20063,105,-122.31048833561668,47.614986986914765
20226,105,-122.31364595461066,47.61815379441733
21061,105,-122.31628175725534,47.618525212321536
21239,105,-122.301360050602,47.6139120474283
21240,105,-122.3013593860585,47.61392866181655
21576,105,-122.310017842709,47.615993652645
21686,105,-122.297605815756,47.6089694241865
22165,105,-122.298243848891,47.6089693842159
23426,105,-122.312580692596,47.6142026257099
23533,105,-122.316702166552,47.6159010031725
23658,105,-122.30184798243,47.6115533574319
23796,105,-122.301989493595,47.60906424093853
23836,105,-122.308711081865,47.6157536179484
23881,105,-122.316861115275,47.6141677652604
25034,105,-122.303808212708,47.60725207661887
25060,105,-122.29630929252932,47.61126335774463
25486,105,-122.296356809762,47.6100172062653
25592,105,-122.31827289904632,47.615327794055865
25751,105,-122.316745781997,47.6145563292476
26747,105,-122.301409477133,47.60906169318739
26967,105,-122.308979156015,47.6156788601791
27018,105,-122.297591353785,47.6106132745945
27069,105,-122.301570262791,47.612005083099
28421,105,-122.317843691092,47.61415857436194
28650,105,-122.296344566592,47.6082226685934
29171,105,-122.309519119862,47.6171783082308
29705,105,-122.303463964493,47.61430845849
29902,105,-122.316678548281,47.6141688630576
30612,105,-122.30893894264598,47.6155964395017
30688,105,-122.310882212261,47.6165350137392
30969,105,-122.30885283493168,47.6098364085399
30998,105,-122.301809115921,47.6079508529398
31204,105,-122.316708998909,47.61458790307145
31205,105,-122.316679887049,47.6144978508146
31434,105,-122.301296886989,47.6124999925254
31527,105,-122.316725226262,47.6139205078731
31861,105,-122.297602135063,47.6100174394025
31905,105,-122.29777338135,47.607940797029
32317,105,-122.30828581736934,47.61901714677921
32363,105,-122.3156535291924,47.61459374562894
32541,105,-122.303509605577,47.6125482194794
32603,105,-122.310826701061,47.6186056123148
32838,105,-122.315655549048,47.6135964039103
33172,105,-122.314068033071,47.609424198296
33364,105,-122.316706977164,47.6146013811854
33385,105,-122.307267817595,47.6181669535234
33417,105,-122.31751112618834,47.60813187280123
33574,105,-122.308979793495,47.6155784279107
33936,105,-122.314366699476,47.6146828944451
34035,105,-122.302836781927,47.608535647293735
34247,105,-122.29780998201,47.6029966711809
34526,105,-122.29815162632968,47.60794938012421
34621,105,-122.30132702354668,47.60955359207776
34969,105,-122.308222421024,47.61125888199784
35231,105,-122.309895301352,47.6175705210615
35260,105,-122.314789689515,47.6116454599528
35560,105,-122.302826168356,47.6141954073361
35700,105,-122.309446142833,47.6194872172668
36311,105,-122.303451946379,47.6147719728567
36369,105,-122.309518064042,47.6179104240208
36516,105,-122.307570055493,47.6157023527859
36527,105,-122.30405656603,47.6128064143456
36658,105,-122.310597171778,47.6155107541533
36765,105,-122.302961900056,47.6152176986614
37141,105,-122.315560127169,47.6124740741573
37163,105,-122.303454781818,47.614662591689
37418,105,-122.31213665763634,47.6167673809967
266,106,-122.324076829739,47.7594954441473
560,106,-122.318723109905,47.7631203230499
591,106,-122.313545979844,47.7630624342491
777,106,-122.316167005669,47.7550704789204
871,106,-122.329455072386,47.7595401339672
1223,106,-122.3222681470678,47.7594827112018
1302,106,-122.324064990915,47.7504749354155
2154,106,-122.31472903743,47.7593587453407
2861,106,-122.313469865477,47.7626455313653
2891,106,-122.324165781415,47.7543526837627
2980,106,-122.332152175412,47.7596550179095
3177,106,-122.316203782241,47.7594130467143
3212,106,-122.32584801231566,47.7632876579655
3312,106,-122.324007638544,47.7560446714274
3519,106,-122.334655413058,47.75060727524501
3606,106,-122.316200505468,47.76062302651851
3678,106,-122.316223690588,47.7630927756045
3681,106,-122.3268216868864,47.763179231834506
3682,106,-122.326186515305,47.7631818177735
3822,106,-122.31620104913002,47.7583244198213
3906,106,-122.3241432105336,47.75436382018769
3973,106,-122.324050866247,47.75831163954296
4022,106,-122.3161545270006,47.7547167883495
4023,106,-122.316138489891,47.7543539036837
4038,106,-122.324042438049,47.7576679988125
4420,106,-122.314741590584,47.7626525438115
4467,106,-122.32402255667098,47.7570628915714
5564,106,-122.328365907633,47.7631817402112
5725,106,-122.321364727635,47.7496389362248
5775,106,-122.3211179086852,47.74135835425222
6125,106,-122.326062864106,47.7504735799871
6153,106,-122.316001175509,47.7585090105633
6158,106,-122.329557059534,47.757716539456304
6243,106,-122.328258671739,47.75950635657343
6303,106,-122.326909671531,47.7496500261603
6304,106,-122.32714391013832,47.75008096200804
6402,106,-122.321387745525,47.7496280914896
6922,106,-122.328264318406,47.759536948505
6927,106,-122.32216312203734,47.75226139463453
6944,106,-122.316000500467,47.7567810037522
7011,106,-122.321763869883,47.7631335369626
7031,106,-122.32954507301169,47.7573407282772
7042,106,-122.319704728426,47.75945838133532
7076,106,-122.32259998265,47.7497256436027
7217,106,-122.316200157422,47.75600305661461
7558,106,-122.321910865883,47.7497184510776
7602,106,-122.325503042544,47.741306606584295
7802,106,-122.334823919508,47.7596960997883
7856,106,-122.324086420035,47.760678776491
7857,106,-122.324096494516,47.7606851786904
8170,106,-122.3347638435634,47.75717511270148
8171,106,-122.334743840678,47.7564839826662
8417,106,-122.334733746832,47.7560937684334
8428,106,-122.317494554376,47.7405028319939
8708,106,-122.333317457056,47.7486226358514
9034,106,-122.32133605083202,47.7495619538937
9047,106,-122.320292599401,47.763120138895424
9048,106,-122.321086061626,47.7407208980269
9101,106,-122.322158895696,47.7521262323611
9259,106,-122.318168953061,47.7405277690254
9261,106,-122.323020960027,47.7497128398029
9787,106,-122.316200479558,47.7569196752731
9796,106,-122.321364948263,47.7594712485579
10264,106,-122.316204098229,47.76130620187249
10432,106,-122.334832024234,47.7603247273451
10565,106,-122.328970693709,47.76316677369107
10581,106,-122.3217187034,47.7559405415262
10582,106,-122.321463664536,47.7559534889398
10649,106,-122.32405813037133,47.749366526251926
10670,106,-122.31621109168502,47.7620057343469
10686,106,-122.326635995885,47.7554445132634
10687,106,-122.326849487493,47.7554421375066
11538,106,-122.334628185806,47.7495529761037
11993,106,-122.31348300980468,47.76055220025963
12151,106,-122.32892903388,47.7631889624088
12298,106,-122.331989611672,47.7504164129353
12990,106,-122.313436669831,47.76306049262
13482,106,-122.317515517933,47.75942408665756
13735,106,-122.330971335254,47.7596522936021
14378,106,-122.31622062356,47.7631965308816
15318,106,-122.318043127115,47.76499306751399
15401,106,-122.32322399319266,47.75790099834533
15415,106,-122.32151606057,47.75596241627701
15527,106,-122.328320604148,47.7504995418685
15675,106,-122.334843722621,47.7577531938094
15705,106,-122.3347795039,47.75773409072891
16125,106,-122.31681560789566,47.755843713615896
16358,106,-122.326775619848,47.7600689441977
16719,106,-122.31754314189334,47.76253331128421
16843,106,-122.32551330408668,47.74089575622623
17630,106,-122.318177554299,47.740813653125
17631,106,-122.318144056261,47.7408133757013
17869,106,-122.316000183146,47.7559616464051
17917,106,-122.320834675082,47.7631312132476
19635,106,-122.321431693699,47.752254979931
19709,106,-122.332359376963,47.7617219010974
19712,106,-122.320827655186,47.7632762959723
19965,106,-122.33683335637066,47.7593526022344
20024,106,-122.32216199449232,47.75228580444297
20191,106,-122.31363312014032,47.74127177714477
20262,106,-122.328045615424,47.756038446419495
20558,106,-122.315978090796,47.7550640733668
20610,106,-122.32790388403434,47.74968197560776
21265,106,-122.326766435088,47.7493184461529
21317,106,-122.318708198018,47.7609867473223
21402,106,-122.33372218460902,47.7564766660472
21441,106,-122.32420628699032,47.75862723584757
21681,106,-122.318685587552,47.75836125468809
21762,106,-122.328748471302,47.7513643725545
21925,106,-122.333489287586,47.7617885439635
22074,106,-122.31593401300168,47.76522166387607
22606,106,-122.321546432613,47.7573237210432
22923,106,-122.326818813901,47.7493191703435
23294,106,-122.318913145692,47.7583622678545
23339,106,-122.32221291446432,47.75698958199734
23584,106,-122.318192858983,47.7413261860644
23693,106,-122.31607611774268,47.752938093066895
23852,106,-122.326858620678,47.7631279940449
24207,106,-122.318147483568,47.7397931870428
24780,106,-122.318780563163,47.7648700041156
25097,106,-122.32727438266166,47.75721714261224
25387,106,-122.334057162751,47.7495611992477
26527,106,-122.31813873168733,47.73942582733141
26549,106,-122.31563776552566,47.76125369479573
26684,106,-122.335555573674,47.759000979077264
26911,106,-122.32958319898,47.758626385458
27170,106,-122.335707800777,47.7577549186812
27487,106,-122.326475516271,47.7576865742035
27557,106,-122.32398274476502,47.75710456939671
27586,106,-122.316004404686,47.7606266323795
27587,106,-122.316136219573,47.760636219999206
27703,106,-122.330983691002,47.7612573020325
27772,106,-122.33138311332732,47.75657947967543
27991,106,-122.333022740676,47.75180119534453
28189,106,-122.321117693122,47.7416263783738
28413,106,-122.326779198384,47.7560710655846
28509,106,-122.333043131368,47.75046337261201
28665,106,-122.319676067462,47.7595808502412
28982,106,-122.31575741154164,47.76572074566386
29188,106,-122.331863766508,47.75736154100256
29380,106,-122.321144807554,47.7416254006664
29449,106,-122.334991548662,47.7564681478353
29915,106,-122.31879693300232,47.7653835460953
30118,106,-122.33273711161333,47.7564641876757
30199,106,-122.32412252833,47.7523204367621
30547,106,-122.314244747428,47.76367968528666
30751,106,-122.315964841011,47.754731275717
30818,106,-122.31868396802,47.7576560175651
30853,106,-122.314831877197,47.76202751830336
30919,106,-122.320327987502,47.756894626380266
30985,106,-122.318233034514,47.7424579196985
31131,106,-122.33647329007664,47.75776170446067
31581,106,-122.333010336013,47.7577392606841
31595,106,-122.320301235765,47.7623967136251
31653,106,-122.315937812972,47.7639089131425
31718,106,-122.33602289704868,47.757170313689166
31975,106,-122.33367308512766,47.75711237715637
32020,106,-122.326887342376,47.7633226299577
32261,106,-122.31754723341632,47.75624718504357
32534,106,-122.332480135649,47.7504560151553
32815,106,-122.326879890183,47.7554419079294
33156,106,-122.326780009955,47.7561027463183
33208,106,-122.33329772075768,47.75865621352593
33321,106,-122.324109578012,47.7606841448799
33384,106,-122.31945244146368,47.75769596366453
33410,106,-122.316248845639,47.7606297567299
33418,106,-122.326509023881,47.7487462480043
33750,106,-122.32228130247734,47.76199643123153
33754,106,-122.33240543517267,47.76283062491709
34186,106,-122.32405513037,47.7608799622201
34192,106,-122.324203993055,47.7562596746792
34195,106,-122.326434784632,47.757834037658
35483,106,-122.315949586747,47.7543481037974
35953,106,-122.31834936253732,47.73980568912547
36242,106,-122.321147856823,47.7586989702686
37236,106,-122.324057511903,47.7609972134254
37539,106,-122.324066206741,47.7606796535715
230,107,-122.398402170088,47.690533972487096
478,107,-122.39298110127169,47.69525477686256
772,107,-122.393447045102,47.697894056490405
819,107,-122.395759308861,47.678774718892406
907,107,-122.392970795994,47.6967057130402
1000,107,-122.397072593611,47.6830305295319
1111,107,-122.39984360712464,47.68308881921024
1112,107,-122.399421433505,47.6830881474819
2501,107,-122.3891203197372,47.69857803630186
2701,107,-122.393011104156,47.69417003316661
2702,107,-122.393005406872,47.6945395867829
2798,107,-122.394322307156,47.6905269652276
2927,107,-122.394309741273,47.686715016038
3208,107,-122.392949612721,47.6830456790997
3428,107,-122.390769422767,47.6979224244216
3777,107,-122.395783804916,47.6824150639733
3859,107,-122.389633701554,47.6979306267781
3908,107,-122.39213532328658,47.7001689980542
4003,107,-122.392012376986,47.6849866084933
4064,107,-122.39267024500134,47.69968225719686
4182,107,-122.395711503408,47.6802773185312
4366,107,-122.40101640408402,47.68023044255299
4367,107,-122.401020971306,47.68058878981321
4477,107,-122.396318419272,47.677937035364
4669,107,-122.395695486246,47.678064925809
5062,107,-122.388709723559,47.69609412146773
5247,107,-122.395794586472,47.6830369152486
5513,107,-122.396308341917,47.69944311154169
6082,107,-122.394376702193,47.6849663184964
6223,107,-122.398465137146,47.6830868517084
6330,107,-122.395767279987,47.6795614344702
7559,107,-122.39107346253267,47.7013262739365
7587,107,-122.38887069663367,47.70044575017064
8032,107,-122.39577946269,47.6809903085263
8744,107,-122.396884031418,47.6951470701853
9125,107,-122.396904295514,47.6922993001414
9520,107,-122.39303509691,47.697443407275806
9610,107,-122.392943229824,47.6850061988835
9749,107,-122.40100416329066,47.68160168733403
10270,107,-122.398445069499,47.68059034948637
10367,107,-122.3968564088438,47.6975006359017
10368,107,-122.396833671887,47.6979148384691
10698,107,-122.396941694632,47.69052531153951
10751,107,-122.392391562605,47.6979263753577
10848,107,-122.392375135108,47.69928880881612
10859,107,-122.39297544912,47.6959632376177
11201,107,-122.40084761001032,47.68204064639633
11585,107,-122.3923829041118,47.69864517683648
11704,107,-122.394300742108,47.6849667159087
12119,107,-122.391987464084,47.6849377244976
12537,107,-122.393840400431,47.6905275778077
12956,107,-122.389082969865,47.6979310939069
13347,107,-122.388037735462,47.698561782341606
13356,107,-122.395828694421,47.6905257023802
13560,107,-122.395722586524,47.6824148361457
13608,107,-122.39796052043368,47.69718032694146
13659,107,-122.395796312148,47.6834280299411
13783,107,-122.395772756638,47.680279200889
13945,107,-122.39575654546802,47.6780654123286
14132,107,-122.393081459125,47.699108432086
14356,107,-122.388649546929,47.70016614396224
14418,107,-122.39545101035031,47.69859757790673
14812,107,-122.395773750606,47.6816161343989
14894,107,-122.39425594684468,47.69673751532677
14912,107,-122.3886395664276,47.69793277676111
15044,107,-122.400058176087,47.6787204685119
16433,107,-122.3900063007314,47.70079250643052
16522,107,-122.39832785870767,47.69233818995793
16690,107,-122.395823201791,47.6902266960306
16844,107,-122.3968691230156,47.697143484492095
16876,107,-122.396810993368,47.697501272652
17166,107,-122.399899615938,47.68376944395366
17179,107,-122.396864499289,47.6964363572114
18497,107,-122.39515538291634,47.69454014539104
18498,107,-122.3957511847442,47.69464408155248
18646,107,-122.38870191694832,47.6966902577367
19454,107,-122.391974793887,47.6833136648598
19469,107,-122.397988273734,47.69645427517301
19820,107,-122.39119433030866,47.70013546780459
19884,107,-122.393523249096,47.6983237880583
20121,107,-122.39359992102132,47.68100503719796
20184,107,-122.393029095086,47.6959650206149
20299,107,-122.39579484166,47.6834965601396
20539,107,-122.3968729655276,47.69558896240265
20901,107,-122.39202711235032,47.69052474946537
21305,107,-122.39942801686,47.6848830216259
21306,107,-122.3998940262464,47.68487318751925
21489,107,-122.39749163404,47.69517000253143
21521,107,-122.39580758743,47.6866826786614
21629,107,-122.39429763369,47.68344571226356
21707,107,-122.398434277697,47.67983031230544
22059,107,-122.397665704646,47.692330963807
22079,107,-122.396939956962,47.6905678393037
22092,107,-122.39575607408368,47.695132783983375
22264,107,-122.400978268743,47.6794725192999
22355,107,-122.39631389834364,47.68670716610484
22445,107,-122.393531578971,47.679580472224565
22468,107,-122.390797059295,47.7010145454817
22999,107,-122.390202932339,47.696099204953605
23075,107,-122.402063218299,47.6802324419926
23076,107,-122.40207268895568,47.6805658175503
23121,107,-122.397485041623,47.69560607667927
23738,107,-122.39361896458666,47.694139790853136
23945,107,-122.39359934135,47.69455320090574
24209,107,-122.398693809893,47.6972557240233
24356,107,-122.389608502568,47.69610323480051
24387,107,-122.395802603883,47.6848336814975
24678,107,-122.395694800019,47.6787760483412
24744,107,-122.39761036776,47.6941266671316
24752,107,-122.39845041125,47.6905372514973
24817,107,-122.39582194446068,47.690156336674335
24838,107,-122.394282651326,47.6867154714722
25068,107,-122.393542286851,47.7003416404818
25109,107,-122.402063996263,47.679813691052765
25376,107,-122.398153465746,47.6988232684622
25383,107,-122.39842784398968,47.678599137101294
25398,107,-122.39344712211334,47.68164192746617
25466,107,-122.396420890815,47.6780596678175
25660,107,-122.391386557643,47.698659932212
25717,107,-122.395716669035,47.6809897009872
25760,107,-122.398848745014,47.68669475887477
25853,107,-122.39889694694834,47.68488430648703
26067,107,-122.395536068018,47.6991103716171
26098,107,-122.393517512832,47.6780837310903
26152,107,-122.39117435284236,47.69932082905624
26171,107,-122.39407469162602,47.69527891352036
26292,107,-122.392148769478,47.694010853993
26303,107,-122.399440653931,47.6866957771837
26360,107,-122.39071383474936,47.6964353610885
26531,107,-122.400643540157,47.6824036363826
26603,107,-122.39478782569734,47.686717844382535
26825,107,-122.392792762141,47.6951296512924
27066,107,-122.39373727159568,47.67879449330963
27182,107,-122.39990241169166,47.68667444642461
27379,107,-122.39464067134833,47.69747357077086
27431,107,-122.396915153849,47.6902499693028
27834,107,-122.401015631402,47.67982847015183
27835,107,-122.391688931409,47.6959943058594
27864,107,-122.39838441450298,47.69015867613533
27872,107,-122.39057296471,47.700796509992166
28085,107,-122.398432750869,47.6787499869752
28503,107,-122.39840637695,47.6905689001084
28534,107,-122.396825148552,47.6964362115138
28974,107,-122.40056837217266,47.6849815082138
29134,107,-122.40146164461169,47.6794735921778
29347,107,-122.40053626665969,47.68271505528494
29401,107,-122.395712264321,47.6816195764699
29801,107,-122.39843884284,47.6802421031681
29812,107,-122.397022981803,47.6848371792128
29854,107,-122.401006645961,47.67892109976263
30120,107,-122.398438337453,47.67908473419214
30146,107,-122.388248355239,47.6978780160121
30432,107,-122.395704537569,47.6795622016211
30435,107,-122.40254984196469,47.680232776942766
31006,107,-122.397023243764,47.6848642572007
31370,107,-122.39355702065866,47.68243326631711
31800,107,-122.397060655443,47.6848386650379
34144,107,-122.397847627791,47.6780482779193
35274,107,-122.393490543946,47.6802967020837
36477,107,-122.40165880624534,47.6809821153312
198,108,-122.3083097582254,47.75537473622982
469,108,-122.31330304227,47.7541209370587
752,108,-122.30488946495068,47.75722306315823
923,108,-122.308500253249,47.7554874052385
1270,108,-122.309589606693,47.7604865776906
3106,108,-122.30507038516,47.753080074077
3206,108,-122.304668890955,47.7561128504544
3267,108,-122.313355210334,47.7561130543834
3619,108,-122.313524779574,47.7540624393355
3770,108,-122.305842825108,47.7565269562745
4220,108,-122.31333559009931,47.75527955039144
4814,108,-122.318843298212,47.75370739402556
5300,108,-122.312609102179,47.7540450768588
5862,108,-122.313562603451,47.7548916020345
7199,108,-122.312685857348,47.7557865113507
7200,108,-122.31269601746,47.7557863252377
7417,108,-122.31720362207402,47.7521949164412
7731,108,-122.313224111835,47.7520246018599
7821,108,-122.3019914911126,47.75415127104224
8831,108,-122.305667466949,47.7564829000218
8842,108,-122.304921975031,47.7502386974655
9957,108,-122.30434816419968,47.7564414387242
10045,108,-122.304684950344,47.7584674657684
11439,108,-122.30200184750302,47.754663088482594
11502,108,-122.318596805338,47.75367252772319
12606,108,-122.305202320085,47.75631173727327
13590,108,-122.30031706086632,47.75126809949666
14041,108,-122.309085259422,47.75660700938175
14111,108,-122.311212064408,47.76172450558068
14112,108,-122.311527070766,47.761929789127
14241,108,-122.3153785399114,47.75217589776214
14944,108,-122.305013536901,47.753101015655
15490,108,-122.308949399029,47.76085791937976
16001,108,-122.31757764425834,47.7510653259014
16189,108,-122.315336770504,47.7512496864326
16417,108,-122.3204986697198,47.75223444130073
16429,108,-122.305000991531,47.7519699298533
17422,108,-122.304966763492,47.7511632481507
17815,108,-122.302368543345,47.7531107195311
18091,108,-122.31308960437,47.7503644461107
18219,108,-122.305106174035,47.754165984786106
19845,108,-122.31427641258,47.75123956256866
20269,108,-122.308756101236,47.755392944224
20270,108,-122.308807129901,47.7555546527749
20339,108,-122.318551663058,47.7522160999237
20439,108,-122.31466711711138,47.75216468253628
20575,108,-122.302915364818,47.75232596808104
21031,108,-122.309311899037,47.7557497317531
21106,108,-122.318639753263,47.75523305251914
21161,108,-122.31039767295,47.7550856101534
21876,108,-122.304492730198,47.7584721814396
22147,108,-122.30931401624,47.7556040532623
22571,108,-122.310607240309,47.7599691921877
22581,108,-122.31214107582366,47.752994601762936
22719,108,-122.317290679533,47.7547243439818
22855,108,-122.31316621133368,47.75082682318544
23398,108,-122.30282710509668,47.75283509670527
23760,108,-122.305101863339,47.7540408116376
24117,108,-122.316442657132,47.7521867626605
24831,108,-122.30804974249568,47.7571175480536
25103,108,-122.30398695547537,47.75279221285077
25318,108,-122.30793163188498,47.75926677360409
25463,108,-122.31222587065,47.7539228404327
25561,108,-122.314669747328,47.7522003092355
25619,108,-122.304910539759,47.75114939050851
26046,108,-122.31214135678734,47.75578476092583
26048,108,-122.320498770961,47.7522707420934
26770,108,-122.31259948754432,47.75123258565483
26842,108,-122.302534421468,47.7519432102996
27214,108,-122.312616390693,47.7624639862929
27785,108,-122.30291085543132,47.75154107796137
27978,108,-122.310906069658,47.7558333801826
28205,108,-122.311196575086,47.7617377335039
28491,108,-122.306240435907,47.7566747725637
28522,108,-122.313941994974,47.7521575918189
28704,108,-122.310447992814,47.7557565914934
28732,108,-122.318485854073,47.7503457605514
28969,108,-122.31434246023969,47.7502503119803
29330,108,-122.31106056879167,47.76232450109697
29335,108,-122.31061713357,47.761278957234
29838,108,-122.31400129044164,47.7531023912498
29943,108,-122.309243065906,47.7566984169355
30248,108,-122.30308729807932,47.75045639628673
34698,108,-122.308010775126,47.7593570817163
36923,108,-122.312649314149,47.7558144788717
37289,108,-122.309620264453,47.7602967362258
2285,109,-122.323547474822,47.7390545750069
2286,109,-122.3235518933265,47.7390415945043
5623,109,-122.312769506195,47.7380544758981
5624,109,-122.312727401462,47.737738403726
5929,109,-122.315568532366,47.73645543944159
7095,109,-122.3169084767048,47.73888195859808
7265,109,-122.312996983221,47.7380336848961
8508,109,-122.315691156643,47.7404589460369
8509,109,-122.315682595665,47.7401731385512
10138,109,-122.313026767518,47.738057725174
11409,109,-122.318337683818,47.7389176464713
11628,109,-122.31276272120142,47.738814145403424
13298,109,-122.324944465917,47.7373003696713
14466,109,-122.316910818607,47.7389067508664
15113,109,-122.32082806689,47.738938093133605
15169,109,-122.320952901995,47.73636075002511
15604,109,-122.32035190542864,47.73801577897124
15735,109,-122.32237141895166,47.74089644343417
15859,109,-122.315644367953,47.7388701522485
16073,109,-122.322245104914,47.7365003434025
16168,109,-122.312628877833,47.7340432859207
16484,109,-122.313332505311,47.73642028910157
17218,109,-122.31570106469268,47.740827557394
17301,109,-122.315483207878,47.7401813164316
18201,109,-122.3216601987428,47.736499023947694
18202,109,-122.321655491498,47.7363723245388
18363,109,-122.3239646190652,47.73718898415278
19615,109,-122.323347679505,47.7364112354038
20432,109,-122.322184097461,47.73441525632226
20857,109,-122.31608834302432,47.7347490718873
21890,109,-122.31282958496033,47.7404920350238
22139,109,-122.316363282797,47.740173307202696
22315,109,-122.325378991922,47.7381118148059
22538,109,-122.321033081455,47.7389477738621
22561,109,-122.3155207384432,47.7347415152758
22580,109,-122.322316204314,47.738933413343
22720,109,-122.31550850125234,47.73439909143351
23737,109,-122.3156073894816,47.7377518980229
23821,109,-122.31647075615034,47.740486070555335
24982,109,-122.312820702474,47.7399414908346
26168,109,-122.323006882997,47.7389401570745
26467,109,-122.313028557709,47.7380339728609
26933,109,-122.313035582506,47.7400427800172
27646,109,-122.315656719368,47.7377409984435
27791,109,-122.321660264277,47.736536879803
28887,109,-122.3236031253718,47.73965791964488
30551,109,-122.323678233189,47.7365451258308
31381,109,-122.323556631485,47.73815453221832
32483,109,-122.32568089860366,47.74003163180996
33148,109,-122.323474220815,47.7346094886544
34086,109,-122.3239017757,47.7372023444277
35299,109,-122.323566024613,47.7390489792314
35782,109,-122.326381693425,47.7381391757834
37572,109,-122.323646957946,47.7412420856949
637,110,-122.369912186016,47.6795125397751
1850,110,-122.368667772683,47.6730278955521
1879,110,-122.371444674852,47.6745892678963
2195,110,-122.368684483329,47.6663798831846
2398,110,-122.368615136962,47.6694772958
2839,110,-122.368682193243,47.6679283431324
2840,110,-122.368680730341,47.667211918491695
3514,110,-122.368673080443,47.6694765608889
3581,110,-122.36628952024034,47.66533024470353
3693,110,-122.3714400945042,47.67376218529158
3955,110,-122.366292970773,47.6649674435204
4579,110,-122.369317198424,47.6832159723281
5365,110,-122.373369861889,47.6745872044913
5372,110,-122.368658551381,47.674584185884
6204,110,-122.366293702427,47.6631860075245
7775,110,-122.368692222527,47.6649844532226
7776,110,-122.3686895138,47.6647278772162
8255,110,-122.368668330271,47.675328699444
10124,110,-122.37051680996,47.6831932305277
10569,110,-122.36869057541,47.6794833263007
11012,110,-122.370461237024,47.68318968173551
11423,110,-122.368685767059,47.66564525887279
13178,110,-122.368278533723,47.6832201128186
13641,110,-122.374795834212,47.67377372138924
14837,110,-122.36393304561766,47.68323093932313
14966,110,-122.373373586437,47.67304548020744
14967,110,-122.372946679334,47.6730451036355
15745,110,-122.37294197937,47.6693905096623
16376,110,-122.36941057707368,47.664996105658965
16761,110,-122.366586706781,47.6745777330485
17532,110,-122.37293668579632,47.67563293737536
17767,110,-122.367223369884,47.6832189872446
19311,110,-122.366647588615,47.669481697422
19897,110,-122.366517430592,47.6737685737235
22734,110,-122.368707881862,47.6753133496966
22966,110,-122.36984798306467,47.67806694865293
22980,110,-122.36720503992431,47.684766809872535
23857,110,-122.372941240688,47.67344874518023
24314,110,-122.36682921388532,47.6672255211206
24966,110,-122.36677471702131,47.66637808487237
25154,110,-122.36630096302764,47.66798582421864
25776,110,-122.373208219927,47.6746347673389
25841,110,-122.36468995347032,47.66498566667486
25904,110,-122.372949325501,47.669666053575774
26514,110,-122.368728286193,47.67303252791671
26666,110,-122.37294395979,47.67431621932406
27139,110,-122.371405600374,47.6832086247538
28847,110,-122.36826323348164,47.68479008623304
29281,110,-122.37137988462432,47.68464648662134
29981,110,-122.36657392981732,47.6656525818721
31318,110,-122.36633224132932,47.66339440071794
31398,110,-122.367610374315,47.6780102005625
32079,110,-122.36931731223233,47.68472912454727
32845,110,-122.372946801038,47.67377141822751
33263,110,-122.368278301566,47.6829562246524
33655,110,-122.37294242120764,47.67272347984781
33812,110,-122.37295067249768,47.66907735752354
34834,110,-122.367224273411,47.6829703855937
35457,110,-122.372481552107,47.6832036121932
35859,110,-122.366500352259,47.6753078885949
36264,110,-122.36657304377968,47.673041990235
65,111,-122.336700648609,47.6504312404648
234,111,-122.33618436387134,47.655530892968805
482,111,-122.32698596889,47.6537080646336
757,111,-122.338617671459,47.6532051549199
945,111,-122.332577990847,47.65316866557439
1113,111,-122.341431931254,47.6527383575064
1260,111,-122.329147640565,47.65314769148549
1390,111,-122.340278692363,47.6527329901404
2414,111,-122.327695197834,47.6534050893744
4226,111,-122.336192702838,47.6531451880073
4718,111,-122.336164282066,47.6531862764789
6746,111,-122.34168580043134,47.654084825358495
7635,111,-122.335173164958,47.65317802403829
8307,111,-122.330204076944,47.6531524998852
8899,111,-122.331548665916,47.6531600642118
9982,111,-122.333773209083,47.6531754080922
9996,111,-122.337560187292,47.6531930382624
11426,111,-122.33512013486067,47.65538469005253
11697,111,-122.326952750286,47.65369762853541
12022,111,-122.33623849590332,47.650786158427
12219,111,-122.340241806296,47.6540696579657
12875,111,-122.338601018034,47.6542882192776
12876,111,-122.33860943398,47.65458898318973
14731,111,-122.339400263093,47.6527220276701
15669,111,-122.326476290923,47.6538229594823
17441,111,-122.33933663346666,47.6536004889685
17821,111,-122.330207190548,47.654333321542
18182,111,-122.33453613466968,47.65200919198247
19486,111,-122.33751025104932,47.65507141572277
22960,111,-122.331530458533,47.6531182935168
24307,111,-122.337587314316,47.64879611787728
24782,111,-122.33084722558266,47.65432978911613
25747,111,-122.337569795417,47.6505464930471
26304,111,-122.341382435771,47.65407314191899
26799,111,-122.340178157137,47.65121163292607
26864,111,-122.33806076736734,47.654285916752464
26872,111,-122.335155700937,47.6531362363826
27235,111,-122.33799765492668,47.65054837125596
27511,111,-122.333833857754,47.6507604819643
27813,111,-122.32789717181966,47.65729744976727
29452,111,-122.331496700688,47.6549281016553
29534,111,-122.332597433324,47.6531271446214
29661,111,-122.341117512057,47.65522301999954
29877,111,-122.337520604446,47.654360920327
30234,111,-122.33516874595,47.6520124105428
30488,111,-122.33263330303934,47.65138103857114
30508,111,-122.32914971907267,47.65280464096261
30653,111,-122.33937808381032,47.650960722177366
30675,111,-122.337541213486,47.653151450633096
31045,111,-122.33024686529468,47.6517618818925
31449,111,-122.33684915821068,47.65435669733597
31603,111,-122.340260223928,47.652690851328
32124,111,-122.340752481837,47.6540785666845
32549,111,-122.33517766591866,47.65090048795403
32920,111,-122.33258542363434,47.654938156921
32922,111,-122.33568965907466,47.65053095311193
33169,111,-122.33379112169798,47.6531339241501
33444,111,-122.330224233696,47.6531111954057
33640,111,-122.3326207883,47.6520031736894
33641,111,-122.33326378742866,47.65199783887766
33789,111,-122.33019894699,47.6550680985868
34379,111,-122.340081911212,47.65503995076983
34562,111,-122.333767722097,47.6553492490877
326,112,-122.284685208027,47.6667294756677
670,112,-122.28806462793202,47.661082899982055
4033,112,-122.284144892949,47.6643128921177
5508,112,-122.28414317974598,47.6638072919659
6700,112,-122.27956978558102,47.67402117610831
7497,112,-122.282094427024,47.6703651196037
7568,112,-122.2795450090084,47.6717980228725
7919,112,-122.284869814409,47.6667394464256
8817,112,-122.286008194915,47.66205334089491
8839,112,-122.290330517641,47.6610415295677
9151,112,-122.283610245846,47.6740275358999
9579,112,-122.280207679961,47.6740506058887
10398,112,-122.283565253989,47.66436045336214
12906,112,-122.282092324558,47.672104263636605
13300,112,-122.277689064439,47.6727666217777
13301,112,-122.277585853008,47.6726815440641
14379,112,-122.284956639151,47.6720867548268
14660,112,-122.28207466883002,47.6711505291785
14994,112,-122.27998153214132,47.67115443313804
15655,112,-122.284917339817,47.671112589383874
16365,112,-122.284860653785,47.6657360268986
16475,112,-122.28211440932,47.6721452877282
17500,112,-122.282083299455,47.6694128514525
17507,112,-122.280207730436,47.6740119045607
17617,112,-122.27953208190802,47.6708275526051
19180,112,-122.28215276402432,47.67487134039277
19430,112,-122.284822512949,47.6631614785126
19528,112,-122.28027605560466,47.66941504057423
19733,112,-122.284909391334,47.670393650432096
21083,112,-122.28210540060434,47.67151212575211
21334,112,-122.27846173307,47.67226588543641
21454,112,-122.282138691027,47.6740457324478
22271,112,-122.279549255366,47.6721065145035
22295,112,-122.28547272995,47.66252246450781
22436,112,-122.285538965115,47.6625285913065
22461,112,-122.290292197534,47.6610581837589
22462,112,-122.29028463616834,47.661069899686105
22672,112,-122.288059064275,47.6610700379512
22840,112,-122.2795347331288,47.66941078221074
23359,112,-122.284936225293,47.672127928967
24228,112,-122.28496413252834,47.675274613849375
24242,112,-122.283608743655,47.6746851634883
24354,112,-122.281548761266,47.6738857534123
24355,112,-122.281552723471,47.6740166573698
24362,112,-122.28492512976966,47.671452440405005
24448,112,-122.281085440694,47.6721019849882
24887,112,-122.2835946165806,47.6730526651587
25214,112,-122.280983508185,47.6722298764926
25348,112,-122.279524447613,47.6703693616833
25571,112,-122.278423443589,47.6722350413385
25613,112,-122.283652479599,47.6730504309473
25674,112,-122.284851754911,47.6648688713855
25675,112,-122.28403619119968,47.66484291236864
25902,112,-122.28424519364869,47.6711528147988
26432,112,-122.284469433234,47.669488354321
27980,112,-122.283408947013,47.673051408701
28048,112,-122.284863406237,47.6660437355953
28049,112,-122.28542701679268,47.66594077465393
29628,112,-122.279356839946,47.6707184634751
30103,112,-122.281552989235,47.6740502387689
30105,112,-122.28487948917102,47.6677770995482
30209,112,-122.279368655244,47.6718016434444
30231,112,-122.279342904392,47.6694463187116
30639,112,-122.28208891809568,47.66900015671447
31093,112,-122.284896478961,47.6631525781195
31270,112,-122.29102989270758,47.66127820633954
31565,112,-122.277553235687,47.6726539369077
33260,112,-122.28749402058033,47.6613932807632
33281,112,-122.284676860875,47.6658029231291
34538,112,-122.28812714857932,47.6612837702235
36037,112,-122.288157345782,47.66126277100663
36415,112,-122.286051448565,47.662086014922
36427,112,-122.284694983731,47.6678144857429
162,113,-122.345160073115,47.7268492911354
568,113,-122.342367484517,47.7240238423394
843,113,-122.345185824044,47.7287093602182
1243,113,-122.346275679588,47.7287139063612
1244,113,-122.346116537533,47.7287132364194
1456,113,-122.328785146016,47.7263879565576
1964,113,-122.328936469174,47.7267632781612
2301,113,-122.345121940658,47.72315417123351
2411,113,-122.342388864815,47.7240244373783
2692,113,-122.328950120961,47.7249387949428
3123,113,-122.328984159222,47.7230827936937
3592,113,-122.345126592144,47.7236161805432
4154,113,-122.343743764974,47.7286314335245
4189,113,-122.345056486818,47.7231523573627
4190,113,-122.34587747322298,47.72317004251969
4224,113,-122.332867359844,47.7267954651473
4474,113,-122.32637070575667,47.727892508194536
4475,113,-122.326682560382,47.7273435620008
4514,113,-122.331612928057,47.7304401369676
4671,113,-122.331607886906,47.728610177361794
4707,113,-122.330948171125,47.7220325079281
5104,113,-122.347311472031,47.7233261615688
5290,113,-122.328936119647,47.7285742787536
5423,113,-122.340956543621,47.7286296450496
5988,113,-122.328932957214,47.7304103218481
6100,113,-122.345175441081,47.7277749723743
6883,113,-122.34666022687068,47.72871394592523
7140,113,-122.342205116198,47.7248871072642
7721,113,-122.346237555198,47.7287495777106
7833,113,-122.32893423403702,47.7260635026251
7843,113,-122.342373954849,47.7231497942468
8034,113,-122.34237898704532,47.72641501049487
8311,113,-122.336974465934,47.7286233406608
8470,113,-122.342378117419,47.726159017247504
8495,113,-122.3303327757798,47.721266505619866
8496,113,-122.3300210059618,47.720890828744096
8523,113,-122.343755200847,47.72918972540881
9115,113,-122.327128004476,47.728288040964365
9155,113,-122.328940706585,47.7282368995345
9452,113,-122.328858222747,47.72203788628923
9475,113,-122.336976295393,47.728662542507
10477,113,-122.346258732452,47.7286070327564
10561,113,-122.344810289403,47.727638286009
10965,113,-122.34237490212,47.72520693055011
10966,113,-122.34239664772566,47.725205405067406
11203,113,-122.328997790267,47.7220550985821
11817,113,-122.340925571519,47.72315215984664
11821,113,-122.3423845809184,47.72581806187942
12562,113,-122.32627788944336,47.72531383315357
12672,113,-122.343973977728,47.7268086313089
12904,113,-122.345125072578,47.7277617089641
13091,113,-122.3254142495642,47.72898907923648
13114,113,-122.33162177768968,47.729398982032535
13151,113,-122.341519967058,47.7286316632261
13340,113,-122.329573701007,47.7285968899216
13646,113,-122.32537844131566,47.72421276595277
13652,113,-122.34514003329302,47.72504495630411
13721,113,-122.34146329618902,47.7231511213339
13774,113,-122.33697542617,47.726793801732
14261,113,-122.34524774877532,47.72777766121857
14413,113,-122.3261275066956,47.726759164103
14711,113,-122.327774200171,47.73042632123301
14712,113,-122.32771048256168,47.72996806466737
14787,113,-122.339695663499,47.7286799454511
15157,113,-122.330513263563,47.72603512013
15247,113,-122.3423754144338,47.7248819732045
16175,113,-122.325110548583,47.727822825528
16817,113,-122.32892786660962,47.72636892819404
17054,113,-122.339694061279,47.7286247262499
17145,113,-122.338208093184,47.7286270307002
17333,113,-122.347644786131,47.72317699291095
17334,113,-122.347645265728,47.7231583364828
17569,113,-122.342372434143,47.7245935943273
18255,113,-122.326679458066,47.7305713176804
19586,113,-122.338209679357,47.72868189631729
19692,113,-122.32648783659164,47.72909829643127
20120,113,-122.342404466635,47.7258172830062
20349,113,-122.33109682393564,47.72190741598203
20581,113,-122.33162469643268,47.7331953913313
20958,113,-122.32489776630366,47.73022521812283
22132,113,-122.329732579313,47.72676031346287
22135,113,-122.328869063338,47.7304120744762
22758,113,-122.330642797269,47.7213853498648
22903,113,-122.32482174597436,47.7274468256494
23280,113,-122.331602539642,47.72608562111051
23474,113,-122.33972527861567,47.7309512950832
24021,113,-122.338224510546,47.72995580998393
24092,113,-122.34377762977664,47.72991569418449
25136,113,-122.32524886894232,47.72490204268524
26576,113,-122.331616036876,47.72774060785199
26829,113,-122.331608946814,47.7273254376211
26830,113,-122.331245383642,47.7271675451099
27121,113,-122.32977853953,47.7203389719568
28394,113,-122.33951809751132,47.72253695102884
28626,113,-122.330799584406,47.7267718210007
28942,113,-122.33077781953368,47.72674064222424
29390,113,-122.33081115351132,47.72696635054126
30349,113,-122.33320639684332,47.72810192363817
30709,113,-122.331607340849,47.7267854510487
30778,113,-122.330444313284,47.7267757550576
30794,113,-122.33818989336233,47.7270808974372
30992,113,-122.326354484657,47.7239801516642
30993,113,-122.326288871305,47.72395371308679
31229,113,-122.330835436552,47.72785196236876
31560,113,-122.34097938195266,47.730074342905006
31678,113,-122.329573434518,47.7287140758841
31685,113,-122.331604381187,47.72541500556287
32174,113,-122.341494587197,47.7231144708374
32495,113,-122.342179184958,47.7268083572424
32705,113,-122.32926122498634,47.72622778405137
32916,113,-122.341517508915,47.7285905004126
33126,113,-122.330241845898,47.7208999155158
33370,113,-122.330949569734,47.7219913980966
33792,113,-122.345922400018,47.7231312959872
34569,113,-122.32629797324834,47.72451640538236
34664,113,-122.342393803798,47.7245920315864
34711,113,-122.337002809516,47.7296050719585
35885,113,-122.342410652086,47.726528017092
36194,113,-122.345178806346,47.7250424806734
36337,113,-122.343986106701,47.7267766107312
37299,113,-122.345163821415,47.7236070358706
37490,113,-122.343812753092,47.7291854627138
92,114,-122.34502630231468,47.738034620574574
947,114,-122.345315737155,47.7356783922532
980,114,-122.345194428006,47.72987373440511
1087,114,-122.345229584398,47.73226718400641
1608,114,-122.34243380886,47.73226586594169
1640,114,-122.34533734623034,47.73568037234556
2673,114,-122.345202906792,47.7304855784723
2724,114,-122.34556060885632,47.7367894718795
2846,114,-122.345735408616,47.7342110072108
3090,114,-122.34500552195983,47.737510534782245
3425,114,-122.345311273164,47.7366550016174
3528,114,-122.343927757474,47.7322632212045
4592,114,-122.342512434315,47.7340671351607
6112,114,-122.345209189822,47.731021117465
6620,114,-122.344906833748,47.735896562098304
6967,114,-122.34528279022932,47.7347882993898
8158,114,-122.344870516135,47.7348258389726
8408,114,-122.345335486862,47.736497689106834
8541,114,-122.337076020627,47.7340760253197
8763,114,-122.34500181643034,47.73803458017603
9059,114,-122.345266879489,47.7340548768854
9066,114,-122.345272992697,47.7351460705157
9905,114,-122.346556391324,47.7323965204528
10579,114,-122.3353944141686,47.73653315492757
10619,114,-122.335865941374,47.73407606672421
10792,114,-122.34548085296268,47.738752004521565
11144,114,-122.34485104390131,47.734830060964434
13790,114,-122.34080314981,47.7340655543943
14855,114,-122.33864003459831,47.73150410917293
16324,114,-122.345165061362,47.7322696762324
16590,114,-122.338094540418,47.7340810327594
16591,114,-122.3433428876064,47.73407511275868
16937,114,-122.33972897959738,47.737723905815336
17774,114,-122.344742154876,47.7388836739327
17923,114,-122.339598511896,47.73407160344791
17940,114,-122.345504803548,47.7396282910416
18502,114,-122.344313872242,47.730538359158366
19312,114,-122.342434010158,47.7323291959597
19464,114,-122.33974931469268,47.7384884570053
20127,114,-122.338691229044,47.7340687203391
20128,114,-122.33867672091831,47.73376588806519
20964,114,-122.338342987069,47.7377281025247
21609,114,-122.346519129074,47.73103042593807
21732,114,-122.345454837281,47.7387145546723
21781,114,-122.337025165267,47.7322699830212
22033,114,-122.337960899821,47.7322714337086
22786,114,-122.343431388226,47.7342668106213
23107,114,-122.33833109981964,47.7363226270972
25510,114,-122.341378188647,47.733450358239
25769,114,-122.338661833302,47.732268499023
26174,114,-122.3370859484664,47.73571349687334
26620,114,-122.33819614496764,47.73445004704869
27013,114,-122.343353352769,47.7322685933605
27064,114,-122.3463796082842,47.73227171658867
27086,114,-122.34133883442868,47.73055945030803
27986,114,-122.33428042840742,47.73652027173775
28112,114,-122.342406812721,47.7286960196634
28640,114,-122.347219215983,47.7322319762256
28731,114,-122.336473402866,47.7322640773832
28750,114,-122.33835768745466,47.73819433190384
29976,114,-122.34252497455168,47.734602028710334
30089,114,-122.34252357329,47.7366054655111
30167,114,-122.343342106408,47.73127578758393
30183,114,-122.335806974417,47.7305930417924
30415,114,-122.343909513548,47.7306025807358
30438,114,-122.34245119569168,47.7337326075638
30842,114,-122.3370788266698,47.7350594174333
30892,114,-122.339731265785,47.73191204414673
31070,114,-122.342471973468,47.7346041789751
31100,114,-122.34076130027069,47.73127924131464
31389,114,-122.33861063165034,47.73065916520621
31406,114,-122.33754595798798,47.730166845546
31407,114,-122.336999476086,47.7299028471738
31686,114,-122.345263755869,47.7343248670546
31739,114,-122.33867514518164,47.73335582423834
31764,114,-122.34394176657868,47.73291551143976
31976,114,-122.341359866058,47.7322656021094
32056,114,-122.339730282627,47.7322682822551
32295,114,-122.340770990709,47.73227134504899
32299,114,-122.335468036869,47.7350472604582
32388,114,-122.34336898615034,47.73373350189087
32581,114,-122.341040512374,47.73777067387993
32640,114,-122.345361225833,47.7387314946449
32884,114,-122.33797000518564,47.7334996557756
32945,114,-122.345174446556,47.7343655987377
33782,114,-122.33973862488934,47.7333644662919
33878,114,-122.33603803396367,47.73653414892811
33892,114,-122.345788483168,47.7340463117971
34074,114,-122.33657012068431,47.72970733854134
34150,114,-122.33429642239768,47.737976006491465
35043,114,-122.337536623471,47.7303293844822
35044,114,-122.345166022182,47.7342904495262
35163,114,-122.337139325769,47.7374009423311
35770,114,-122.335408625157,47.7357100879531
35921,114,-122.345358129063,47.7386946766204
35960,114,-122.337128694327,47.735053031876
36101,114,-122.337977565896,47.73164663690216
36792,114,-122.345274053768,47.7298994858677
37411,114,-122.33427512093,47.7365061795576
37494,114,-122.345165159403,47.7343263965581
37529,114,-122.345376499674,47.7387695162344
