node_id,longitude,latitude
0,-122.384863730144,47.6887435976678
1,-122.304711275917,47.6183597367883
2,-122.32041229422698,47.7039872006608
3,-122.37372279893002,47.66934326940051
5,-122.387721216103,47.6694057169524
7,-122.32820688836098,47.6850435854652
9,-122.31877677057,47.7666683928356
11,-122.320139069656,47.6318118305218
13,-122.37402487867298,47.69070840989641
16,-122.297772577427,47.624328093141706
17,-122.319127548026,47.6323602099498
21,-122.27748094972652,47.6523337240977
33,-122.336718563857,47.5744335166959
35,-122.34868892573802,47.7732053735194
36,-122.283370225182,47.6123019376067
38,-122.308029646369,47.586353888831205
39,-122.311088752356,47.6902818644827
48,-122.280866489262,47.5518888637165
49,-122.312648642573,47.7320319278491
51,-122.390768542466,47.6849937810139
53,-122.315261822895,47.7105108080011
54,-122.288308366004,47.62608540405879
56,-122.32331146928898,47.6759290507592
57,-122.323289357926,47.6759850901452
66,-122.354187545529,47.7341458574424
71,-122.283790177439,47.5617430625908
74,-122.277182464304,47.6369972636245
77,-122.320746364327,47.6242060847103
78,-122.320726400615,47.6242049806258
80,-122.36669562866298,47.7647369720103
81,-122.3666748999248,47.76444307191054
85,-122.259262193075,47.51684193887
86,-122.26204526270702,47.67493203913569
87,-122.32413796023802,47.6589022117601
90,-122.336406312772,47.77059434604829
91,-122.267681994924,47.5460980020708
95,-122.324530332328,47.6812718397891
96,-122.316693892936,47.5634545566124
98,-122.26804063833856,47.67592735403912
99,-122.26805163246232,47.67591745699184
101,-122.308077902678,47.63234617207829
105,-122.253299645756,47.5053026523204
108,-122.344729113673,47.6642506940134
112,-122.291569495493,47.56072324337689
114,-122.35094718899,47.75526282845019
116,-122.368689656765,47.663745619523
118,-122.2809187450558,47.54070516914138
125,-122.34582843189077,47.64943968321164
130,-122.223111981239,47.4930604704399
134,-122.3504734773864,47.7322674028188
141,-122.3234907392245,47.61968040200005
142,-122.355331138894,47.6670175060473
144,-122.31282406385527,47.61939229363082
145,-122.291058445827,47.57101655298461
148,-122.30386717298,47.6395750761105
149,-122.254829736665,47.4920389205092
151,-122.34264099153602,47.7032769139178
152,-122.283368166675,47.54381955957481
159,-122.321221937501,47.6231605394897
160,-122.265280949342,47.6866327320358
161,-122.326794710662,47.6219530422567
162,-122.345160073115,47.7268492911354
163,-122.32344583135098,47.657055041733
168,-122.317953569736,47.68021292259831
176,-122.320555573671,47.7058770802208
177,-122.320540762375,47.7053083226127
178,-122.35854985209,47.7605117320088
179,-122.321828684178,47.649986178212295
180,-122.322957710353,47.626816669409
181,-122.380079966353,47.6887708386046
188,-122.375359368595,47.6752111758093
189,-122.298848518439,47.6152601265216
191,-122.289181672762,47.6626477933155
196,-122.270216987433,47.658076128694766
198,-122.3083097582254,47.75537473622982
201,-122.307088480227,47.7048136086089
207,-122.282816240285,47.704644758045
209,-122.320219195386,47.6359025885694
211,-122.267084741456,47.5425028176665
212,-122.27223245981676,47.65805345718325
221,-122.35832151486902,47.7214765628565
222,-122.376935928791,47.667943132187
224,-122.360870888575,47.7068859946634
225,-122.306430264421,47.54102204699981
230,-122.398402170088,47.690533972487096
235,-122.275316494772,47.5512434675241
236,-122.31372503584856,47.67556144028169
246,-122.326609851152,47.6822421445785
247,-122.398297538698,47.6751053165112
248,-122.398305534715,47.67480266308231
251,-122.379026638307,47.6723231705738
253,-122.325468894927,47.61126909051795
254,-122.31261574694356,47.72930152901083
255,-122.301663050633,47.5731242568609
257,-122.325520676233,47.6656596890214
262,-122.358795345988,47.744978084212
266,-122.324076829739,47.7594954441473
268,-122.279513847058,47.5569954992935
273,-122.334998335676,47.5959649552002
274,-122.289358907455,47.71912049090779
276,-122.295947564283,47.692330964517
284,-122.343424547919,47.7069220722122
285,-122.25614206294,47.4956190276892
286,-122.310628231829,47.6244062610723
288,-122.267341024162,47.5354996033154
290,-122.282779048183,47.566197428422
293,-122.336848660399,47.68567705075261
294,-122.336480627906,47.685583529907
297,-122.3041208473268,47.69228253226542
298,-122.304130610637,47.6920592875264
299,-122.355436106712,47.6788452457101
300,-122.35543993178152,47.678856762256
303,-122.36393374898,47.7755925314464
305,-122.375456341389,47.6868362020954
315,-122.29212782367613,47.71860942519967
318,-122.267786860731,47.49920391510741
320,-122.307463605642,47.61847228022
330,-122.30655465039,47.6693941319924
331,-122.357981658435,47.7632858508919
341,-122.320055760383,47.6766964690458
348,-122.320364331633,47.6931658295844
350,-122.25467667716698,47.50657842355989
358,-122.321520039872,47.6852702429452
365,-122.342626261204,47.6490009365447
369,-122.278005641646,47.6553892335078
371,-122.326532218869,47.639735626260496
372,-122.326524539707,47.6399802452855
374,-122.297471780664,47.6776285631687
375,-122.312335626888,47.77335620546361
376,-122.30001135692,47.6042872277171
380,-122.300237707342,47.5787837595216
385,-122.35007537698,47.700113455188806
387,-122.277617410654,47.5570032932771
388,-122.327057436341,47.5883270327536
391,-122.324095014852,47.62340151779549
393,-122.276377553537,47.6834368179359
394,-122.373730018751,47.6632135629285
395,-122.373728939517,47.662829424560606
397,-122.26826698233,47.5379223016486
398,-122.330186840981,47.6556335806353
401,-122.254356401038,47.4964319411528
402,-122.31422558609,47.5634618190463
405,-122.384810383359,47.6746006805002
406,-122.328422897506,47.6397373382902
407,-122.3425150769654,47.6512748450222
408,-122.326508123137,47.6270376156666
411,-122.35529015972,47.6704213754055
414,-122.275322190003,47.5518469090004
415,-122.302022501528,47.74328642969309
422,-122.31992961348747,47.6062857109356
424,-122.26134818535,47.4879344654072
425,-122.31282081762,47.6160969510973
426,-122.311598803587,47.6084578753186
428,-122.266395932275,47.6757823293525
429,-122.303446224514,47.64312361571441
433,-122.32034308665,47.701276906840896
435,-122.3532655196228,47.66025665220338
437,-122.312123212298,47.5768193417486
447,-122.315031315044,47.686755547594
449,-122.340043344839,47.68480486280381
451,-122.305953574317,47.6331601936173
453,-122.317524560732,47.6940649264374
454,-122.2942024970874,47.70117885279472
457,-122.356243781336,47.7251159118424
458,-122.3476055134318,47.726506317506136
459,-122.3167773446296,47.67409905372754
464,-122.33396195158171,47.70970783213063
469,-122.31330304227,47.7541209370587
470,-122.326152974682,47.6763200879626
475,-122.288756356257,47.558708799089096
476,-122.319625621374,47.61909085793909
478,-122.39298110127169,47.69525477686256
479,-122.27723843051425,47.63851868635867
481,-122.337568717817,47.7013669526534
483,-122.260636673761,47.5203850160078
486,-122.279419385596,47.5641457363819
488,-122.300954287207,47.548590121754806
492,-122.32014794675,47.6384481406603
497,-122.318398081774,47.6772538853105
499,-122.285655614015,47.7328486934847
500,-122.368653001977,47.6960232028002
501,-122.32472053747,47.647009371576
508,-122.336648345407,47.5736571015378
510,-122.269978373023,47.5425101036154
511,-122.3472994619112,47.6897933649468
512,-122.2830123342768,47.72013928138038
537,-122.276702872756,47.65827761790365
539,-122.298881635684,47.6243431627573
541,-122.352706985667,47.7559520037909
543,-122.27381933180568,47.6573681038243
551,-122.345294124709,47.70138530756359
558,-122.334321568861,47.5904617357938
560,-122.318723109905,47.7631203230499
566,-122.291661141757,47.6829996148504
567,-122.243668091246,47.4968321812215
568,-122.342367484517,47.7240238423394
574,-122.288809019439,47.5716189329925
576,-122.2730362561615,47.6606585238615
579,-122.353636252278,47.7359883498308
580,-122.3531315660394,47.73599201901336
582,-122.305556459957,47.6958285595982
589,-122.378948009046,47.672324472191896
591,-122.313545979844,47.7630624342491
592,-122.29199679212614,47.58484554435779
596,-122.306573265973,47.666435789376
597,-122.26237182082302,47.55105807347329
600,-122.372114170534,47.66638572387459
603,-122.312874928279,47.733500368065
610,-122.37812750994952,47.669379833346056
611,-122.37710313375798,47.66936166154319
615,-122.337287046426,47.7414852407083
618,-122.363409276001,47.6935700924221
622,-122.29068652067072,47.69456658189978
630,-122.3789536809276,47.66980863953512
632,-122.378147611549,47.6693787732343
633,-122.298658717492,47.6202388341729
634,-122.325196846809,47.6812127220972
636,-122.340489519807,47.7705802887164
637,-122.369912186016,47.6795125397751
641,-122.346110814233,47.7674443347908
642,-122.28082331036,47.5534530449364
647,-122.295248311398,47.624197700324
648,-122.287636954508,47.5461239900711
649,-122.286834672535,47.5461139383722
650,-122.28487265692802,47.5617092654268
652,-122.3276107892705,47.703235005355246
661,-122.34729154185,47.688347736951
665,-122.363093660929,47.7705733796489
666,-122.2478824254,47.48840500470519
667,-122.267065707384,47.5443031130467
670,-122.28806462793202,47.661082899982055
675,-122.311509430618,47.5991315310879
676,-122.311505809062,47.5988237423911
677,-122.280765411924,47.5581943171572
678,-122.319986649003,47.6759223556306
679,-122.289902388144,47.5706770998859
683,-122.283505663741,47.55129192328851
684,-122.279286816817,47.6577288816198
685,-122.2792718983685,47.6577197778781
686,-122.319459610648,47.6040250611942
687,-122.358565479091,47.7576828106164
688,-122.358552355537,47.757489733537
693,-122.282631408084,47.6974000830643
697,-122.29889081851998,47.6062060675854
698,-122.311502055539,47.598375704081
699,-122.277523374246,47.523246336007
701,-122.283167260977,47.71204978629895
703,-122.279203994183,47.6333196467564
704,-122.278606153727,47.6333127526619
705,-122.298801894992,47.5967109816095
706,-122.299504294063,47.6679465927163
709,-122.37552263601,47.6917423698562
710,-122.3312960741374,47.710912962945855
715,-122.29137451856,47.5966779069289
718,-122.299925624941,47.6202516863283
725,-122.28125165889774,47.6571655282371
726,-122.2828310133702,47.657039828014405
732,-122.320527553892,47.704864959603
737,-122.360893415751,47.7097367004262
738,-122.34766755444498,47.72962891787571
745,-122.321991099121,47.6057323569114
748,-122.331392696752,47.7151479193377
755,-122.3239879538954,47.71220184529894
756,-122.357712360567,47.7251036161791
757,-122.338617671459,47.6532051549199
764,-122.312125620523,47.6175736324223
768,-122.311608582207,47.6091505155435
770,-122.278557405772,47.6522108043483
771,-122.31539358905802,47.64241359796
772,-122.393447045102,47.697894056490405
774,-122.30224904268398,47.5750434796657
777,-122.316167005669,47.7550704789204
778,-122.355351871356,47.66435492429181
781,-122.315362753071,47.6125622572175
785,-122.350572190796,47.65149046700011
788,-122.324026446473,47.6471659033211
789,-122.323483228685,47.6469789893196
790,-122.355547238086,47.7014170851263
791,-122.338150228445,47.5717521110886
795,-122.35028405967,47.7122928835172
802,-122.29624714771413,47.72193243140313
805,-122.30045470056102,47.582985167412495
812,-122.34422479775318,47.75336127419187
816,-122.3652367730692,47.763336336256046
819,-122.395759308861,47.678774718892406
821,-122.32436313493,47.7661423885753
822,-122.324369681355,47.76586937746939
823,-122.36392269398398,47.66042474566459
824,-122.363927937565,47.660839734782
827,-122.326534750839,47.62551418531191
828,-122.326525931297,47.6251442537092
830,-122.30155646897,47.5844579515321
838,-122.326499780095,47.7428191119845
841,-122.264325313936,47.67286271116749
842,-122.378431964643,47.6989416830368
843,-122.345185824044,47.7287093602182
849,-122.363920738579,47.6600895272252
853,-122.31670766168,47.6219343668254
854,-122.295911997231,47.6956340871975
855,-122.373731237671,47.6663796014686
856,-122.36073553464,47.7050798144526
857,-122.355570985474,47.7035967098868
858,-122.277371857343,47.5424958621625
861,-122.2380914134,47.5014432521258
863,-122.266605191773,47.5328509006151
867,-122.320594357598,47.65072151791559
868,-122.320446989158,47.7012756445604
869,-122.296189598964,47.5709392976755
871,-122.329455072386,47.7595401339672
873,-122.325249295035,47.63452051674741
875,-122.365031600493,47.7017792014951
881,-122.290825869292,47.704744183742
884,-122.298484819392,47.71199125156802
885,-122.259296349707,47.51013098515781
897,-122.295994206842,47.5662945175039
899,-122.325482430875,47.6685676158046
907,-122.392970795994,47.6967057130402
908,-122.363217729364,47.6650691215499
910,-122.340734072658,47.6606007078555
911,-122.323572081891,47.6231667242769
913,-122.3321068523525,47.70950760667605
919,-122.32126765441224,47.63697752530312
924,-122.320778220776,47.6551219632108
929,-122.31419320660298,47.5634974064961
931,-122.39820648840198,47.6701619736871
932,-122.317296281483,47.6001070806065
934,-122.370465264109,47.7051352566493
936,-122.358611532415,47.7605257803036
939,-122.371489107782,47.7613883655746
941,-122.325856102175,47.6117044268757
944,-122.373718154018,47.6708359840687
945,-122.332577990847,47.65316866557439
947,-122.345315737155,47.7356783922532
950,-122.310070515929,47.615556957595096
951,-122.373452672123,47.6637610018647
953,-122.324378841755,47.767233375546
960,-122.322315044706,47.604655537331006
963,-122.384233817307,47.6776615014627
964,-122.318831592251,47.76953168094
965,-122.342114873344,47.6840062316027
966,-122.341498381555,47.6841400399252
972,-122.265907950279,47.55107089523009
974,-122.310852582253,47.580918666605406
979,-122.28683076061502,47.7074612933138
980,-122.345194428006,47.72987373440511
981,-122.340721656281,47.6611338364583
985,-122.35007493013602,47.7741048395448
988,-122.306883067069,47.6948172581586
995,-122.289956769757,47.6884797523901
998,-122.31465007943602,47.7676353808125
999,-122.277736255353,47.7029157150449
1000,-122.397072593611,47.6830305295319
1008,-122.324092975463,47.62454240250984
1010,-122.314245024047,47.6200264259507
1011,-122.314249139381,47.6201920849655
1018,-122.35448835840198,47.6721535171827
1019,-122.354531037666,47.6718000208276
1026,-122.297662858023,47.5731114796691
1028,-122.28695798309498,47.733774184243295
1031,-122.317205546493,47.5914840018933
1034,-122.382306316644,47.6680995052639
1038,-122.291393014105,47.7139470220013
1043,-122.377396874129,47.7459520003712
1047,-122.286667600409,47.7118607403419
1048,-122.305421288427,47.5991912427484
1054,-122.328482470469,47.6940797871946
1056,-122.310041538666,47.7366879271628
1058,-122.286300541932,47.5519415761965
1066,-122.299325622884,47.5774638413307
1071,-122.350730294727,47.7395329168065
1072,-122.320272598282,47.6976284975974
1074,-122.295210789557,47.7341610809415
1075,-122.35137209021998,47.65082868612691
1077,-122.296344242536,47.6721113803138
1080,-122.32747783853772,47.741305915575005
1082,-122.320327966894,47.7003498421023
1084,-122.352112773573,47.6498885914835
1087,-122.345229584398,47.73226718400641
1092,-122.2780212818138,47.52923518775039
1097,-122.365783648933,47.774227810474905
1100,-122.348714857328,47.6592744746496
1101,-122.34026287508,47.7596717074484
1106,-122.314768864669,47.71394446586189
1107,-122.302787840235,47.5862913956193
1110,-122.364998085527,47.6742161263103
1112,-122.399421433505,47.6830881474819
1113,-122.341431931254,47.6527383575064
1117,-122.31228074979,47.691303378408
1118,-122.326864059238,47.6352205551845
1119,-122.375220526129,47.6752320791601
1121,-122.342097601627,47.6599136438472
1131,-122.370689025794,47.664460387786
1133,-122.34978930650202,47.65137697550259
1138,-122.275321196654,47.5527001908547
1139,-122.275321434685,47.552261058103
1141,-122.289675713221,47.54615136670569
1151,-122.344657471327,47.6986333551097
1153,-122.314229924867,47.6009224000453
1161,-122.301695731718,47.632229838946
1165,-122.398307565481,47.6739284823821
1166,-122.398301090873,47.6736531548433
1170,-122.31799483128938,47.62644857890685
1171,-122.2913884285184,47.60082344542902
1176,-122.360635000145,47.6861613455222
1177,-122.298958066374,47.604257755497
1178,-122.36608179875002,47.6663778631011
1181,-122.364118754095,47.7560390153019
1184,-122.373724414463,47.6656510628814
1185,-122.3560919389215,47.70357109333855
1186,-122.356072374424,47.7035727923074
1187,-122.360726805124,47.6650881319059
1194,-122.37490348794,47.6949906893096
1201,-122.28273074636,47.70828407804711
1205,-122.22401798096298,47.49318132673413
1206,-122.303560037939,47.700218620953
1207,-122.299648510863,47.6866276979545
1210,-122.3447894203018,47.64969880759882
1213,-122.318503504193,47.5983901458346
1215,-122.29073171797177,47.72025495274311
1217,-122.28435355795598,47.5607732356232
1220,-122.26590209837802,47.5541447850648
1223,-122.3222681470678,47.7594827112018
1224,-122.34233671855168,47.66076861622701
1225,-122.30411039603798,47.6848763524832
1226,-122.304887487971,47.684878217804
1228,-122.3277599753,47.6397337215028
1230,-122.295992778664,47.690967240950194
1231,-122.27530753573,47.5552543666201
1235,-122.264801261392,47.5096346581311
1240,-122.296606291841,47.7428217576136
1243,-122.346275679588,47.7287139063612
1244,-122.346116537533,47.7287132364194
1246,-122.323725904714,47.61401351146215
1247,-122.227565738213,47.4946522037591
1249,-122.320649314339,47.6632072203962
1251,-122.355564019824,47.7413356727138
1252,-122.384805302956,47.6753351605266
1256,-122.3483458411286,47.75822736804749
1258,-122.32710002441802,47.677547838003
1259,-122.327360905081,47.677521675706
1260,-122.329147640565,47.65314769148549
1264,-122.398308342499,47.6745281922962
1266,-122.273048347799,47.6606476444863
1267,-122.2730286499625,47.6606452499113
1270,-122.309589606693,47.7604865776906
1277,-122.29873964524602,47.5750414441846
1278,-122.295962424606,47.6884187913544
1280,-122.388641101404,47.68306042345781
1282,-122.303605342769,47.617044910955386
1290,-122.29224388574,47.7221219623383
1298,-122.289857085039,47.5733601122397
1299,-122.290706468208,47.7193082221157
1300,-122.311303306095,47.6034822144049
1301,-122.309509824242,47.5731297439593
1302,-122.324064990915,47.7504749354155
1303,-122.289606818519,47.6280203144485
1306,-122.297558305502,47.6152533866834
1308,-122.374995228182,47.6730399014503
1310,-122.288094491878,47.7101040263515
1311,-122.31460494324,47.5845165828693
1313,-122.283279852019,47.6583375484634
1314,-122.290416081494,47.6128322784315
1315,-122.295011360455,47.5894935874118
1316,-122.377857420853,47.6637381707755
1320,-122.26094308095,47.49006050432771
1326,-122.27766292180723,47.651979303245774
1330,-122.3258128597588,47.63866113646982
1332,-122.279715487811,47.652296324123306
1344,-122.290346110013,47.6152147169494
1350,-122.227440100248,47.5011089668009
1351,-122.347372404308,47.6978899740259
1355,-122.30370918238002,47.6126065721063
1356,-122.257267506222,47.5029981354692
1358,-122.382216126069,47.6723096406296
1366,-122.3539096732832,47.69168643843168
1368,-122.377794533983,47.6813776039151
1369,-122.314638145124,47.56728213726959
1370,-122.31535771562,47.567280942917
1371,-122.33392493166131,47.712249140060926
1373,-122.355481699858,47.6528805094762
1375,-122.309497390032,47.6171812368628
1376,-122.30951436523364,47.61756521588374
1379,-122.356885242275,47.7086742140896
1380,-122.2646523268335,47.6758030902657
1381,-122.29072787076798,47.7193118531657
1382,-122.329146364109,47.6276935848137
1383,-122.30934528535902,47.543479497177294
1385,-122.353791275481,47.75286695703371
1386,-122.331001105041,47.6886918632334
1390,-122.340278692363,47.6527329901404
1397,-122.322103250722,47.6506850815748
1398,-122.322090547011,47.6506954770198
1407,-122.315617346178,47.6242465941189
1411,-122.3682612585,47.7120941968516
1412,-122.31614360929298,47.5621749244163
1413,-122.302188474855,47.6403070989786
1414,-122.320110991001,47.66317541458
1425,-122.297318436957,47.6201914458813
1427,-122.280788810646,47.5687986464575
1432,-122.30886139161947,47.60794944755114
1438,-122.283543198844,47.55509171135841
1441,-122.272268738502,47.658059897894006
1442,-122.324701480866,47.6104524386051
1443,-122.307479803725,47.617302449552106
1445,-122.285304657731,47.641871654130746
1446,-122.31804320505276,47.71950271087563
1449,-122.333205366228,47.57958666809301
1457,-122.319157304597,47.632995883195
1458,-122.351185131914,47.694268751445
1460,-122.271494655447,47.5549001784262
1461,-122.27084355247798,47.5549011318686
1465,-122.3070707370438,47.70439595323823
1468,-122.303367212235,47.5565190807289
1469,-122.264984700493,47.5267372569721
1473,-122.293784486525,47.54439709032349
1475,-122.27260072995,47.5504502531631
1476,-122.347393791335,47.700490407922
1477,-122.2892855946474,47.60169646746358
1479,-122.310174905676,47.6062339040512
1481,-122.304457217159,47.558795713774
1482,-122.369268756582,47.6920242791952
1483,-122.331349211911,47.7131737664175
1484,-122.241262650174,47.4856383784899
1487,-122.276251331748,47.656558328283
1490,-122.359972036888,47.76329538186351
1491,-122.357414712421,47.6615243687824
1494,-122.346140844418,47.768900741637694
1495,-122.30167051548,47.6352319628117
1496,-122.32617059775,47.617701237502594
1497,-122.292899324973,47.566225095737
1500,-122.325423325917,47.6728728845267
1501,-122.346247891435,47.7606822408458
1502,-122.292267205588,47.732801977651
1503,-122.292271589596,47.73278902533295
1504,-122.330326291331,47.6850284314966
1505,-122.277042176373,47.6965040965382
1508,-122.37371037208,47.6759592405359
1509,-122.29231555327527,47.721925784264
1510,-122.314059119211,47.6128328530726
1512,-122.325883544639,47.6359748672184
1515,-122.26203396724424,47.674940711741804
1516,-122.351338359879,47.654166188809
1520,-122.360580984704,47.685428407846
1521,-122.326819051222,47.62424902933859
1522,-122.32074456151,47.6594222578249
1523,-122.311980813695,47.7503055059951
1524,-122.335788328826,47.6208092411232
1525,-122.290842696077,47.6684651452266
1526,-122.23564566075,47.4937484982522
1541,-122.3126267056865,47.7320343453421
1542,-122.342125161051,47.7069361885448
1543,-122.341342210963,47.7069402417051
1545,-122.31261127115476,47.7334414711102
1547,-122.317601720029,47.70023636429215
1550,-122.34119572962538,47.68877751176082
1551,-122.28974577304102,47.6583703513991
1554,-122.332497830019,47.659080979243605
1556,-122.349952839238,47.6635095824679
1557,-122.349888138041,47.6732003955557
1558,-122.353561366268,47.7231839494278
1566,-122.2833705755108,47.70464748709762
1573,-122.34197811584322,47.69747505014678
1577,-122.31227551615,47.688443255961694
1578,-122.276744462271,47.6567007652893
1584,-122.278113573803,47.526162816775
1591,-122.333783744536,47.623061399383495
1595,-122.317852160261,47.6419039742219
1597,-122.384822838283,47.6670047562832
1603,-122.373734408776,47.668575404302
1604,-122.279985938553,47.633306433202
1605,-122.279982058493,47.6329191350411
1608,-122.34243380886,47.73226586594169
1609,-122.2820287305545,47.5390855617121
1610,-122.311887710026,47.6313809926334
1615,-122.339861272474,47.668820179790906
1631,-122.349953902479,47.6635437399376
1632,-122.313858850252,47.587728820045605
1634,-122.3832930487502,47.66639797736557
1635,-122.38073650800898,47.6982043726702
1643,-122.312637932935,47.7302184336048
1644,-122.31773376313257,47.70801001099364
1650,-122.280888974899,47.5452463829725
1651,-122.3072492393266,47.58873787560018
1652,-122.30757389387666,47.60347926941299
1656,-122.359534043383,47.72511078838389
1660,-122.273338900454,47.682985599005846
1663,-122.275364278736,47.5468921095507
1664,-122.276726654801,47.65670714628984
1671,-122.29127071104617,47.71400332732867
1675,-122.27303504783,47.6806167080912
1677,-122.306562589292,47.6730306816875
1679,-122.322791578202,47.6802858112475
1680,-122.321252036003,47.5829394271537
1682,-122.26383323124,47.52108198329589
1686,-122.360584532076,47.688342204015
1691,-122.292077113858,47.5782932484026
1693,-122.27888065471252,47.52590259666215
1697,-122.333036941432,47.6207679673392
1700,-122.35439974532,47.6514719442548
1701,-122.268143468972,47.5594943667381
1702,-122.3161577379434,47.56096038883962
1707,-122.316674686434,47.5845194701293
1712,-122.294898859766,47.6235866946667
1715,-122.28125715381434,47.65863753039877
1717,-122.30230292665856,47.60087968129308
1719,-122.356914767525,47.7123654187484
1734,-122.304390836325,47.6058024380923
1735,-122.266678643162,47.5149942423572
1740,-122.344776339031,47.7001404843555
1743,-122.320616400779,47.707601140611
1744,-122.320604605234,47.70712544206399
1747,-122.275303604692,47.554516688679
1748,-122.3055285975678,47.66866884214696
1749,-122.286806899252,47.7082795082677
1751,-122.3207384375255,47.62193229128
1752,-122.296977024921,47.7229436582306
1759,-122.317948401197,47.5899378865385
1765,-122.363931107787,47.6615214864321
1766,-122.36393073953,47.661413090237
1771,-122.275378714008,47.551233245744
1773,-122.387000253454,47.6850286913059
1779,-122.32393316813176,47.62005980167648
1780,-122.3239356557255,47.62004547830225
1781,-122.298570642537,47.6679493455411
1784,-122.30137089727698,47.6123269230773
1785,-122.378843097366,47.670231574381
1787,-122.337825494746,47.6876332933338
1789,-122.27677552801435,47.6591142718444
1790,-122.395751145624,47.6766441974404
1795,-122.301596512733,47.6760835421427
1803,-122.281763785374,47.53695670012763
1806,-122.317428663928,47.5760831277475
1811,-122.31771329202942,47.60007156496401
1814,-122.359805221561,47.7029953204863
1820,-122.378805229718,47.6644604144714
1821,-122.365940821112,47.68245676179979
1822,-122.3072507481,47.5878060498171
1823,-122.307247904695,47.5880772391121
1826,-122.28202007761855,47.53909990349586
1828,-122.325264509907,47.6431370285999
1830,-122.366065475905,47.6687391010156
1831,-122.366074184905,47.6685180327957
1832,-122.362752949898,47.6570077551346
1833,-122.303554926967,47.75020608013201
1834,-122.322925964622,47.6903103434237
1835,-122.22753676093198,47.4968025275619
1844,-122.32982037158,47.6185664738031
1845,-122.280788748713,47.5640680934963
1847,-122.23090159115698,47.5027425139343
1850,-122.368667772683,47.6730278955521
1852,-122.299008583839,47.6008244973531
1853,-122.285372463172,47.6233102622359
1854,-122.285388906873,47.623318146169495
1858,-122.31819162124502,47.61235236972269
1859,-122.3181970311934,47.61256756811333
1861,-122.32773166202,47.63931881601949
1862,-122.32102039053288,47.625048684886856
1864,-122.3216481146076,47.76631200533356
1865,-122.32164410645,47.7658212204297
1867,-122.358573336186,47.75848820679041
1868,-122.374026230677,47.6843747987343
1869,-122.3020759009684,47.74743273846612
1870,-122.29139813484714,47.58939463931843
1871,-122.291363400669,47.587645806165895
1872,-122.316175470705,47.5594782430998
1879,-122.371444674852,47.6745892678963
1880,-122.294988499291,47.6117136231499
1881,-122.278157390695,47.5582326010928
1886,-122.356186578122,47.6596048917903
1889,-122.292555939858,47.71922217243989
1890,-122.376085126343,47.6730436413383
1897,-122.376707215679,47.6942374905837
1902,-122.3013237855756,47.61651563893948
1904,-122.295927188036,47.6974503021702
1905,-122.33636979021,47.6893795224368
1906,-122.29545092236,47.742852450107
1908,-122.272586311208,47.5518477387146
1909,-122.365935878208,47.6846654754903
1917,-122.355411570084,47.68397728131
1920,-122.27410131843077,47.65849021368784
1921,-122.27410960600332,47.65920217420344
1925,-122.280407383666,47.52614941726879
1928,-122.267978602938,47.5158530358224
1929,-122.267497767928,47.5155476392859
1931,-122.314629596769,47.5809662829149
1933,-122.286098876497,47.62299961419131
1934,-122.388782897444,47.6867505199384
1936,-122.27506963835334,47.65703175145193
1944,-122.30617061085302,47.61748070700569
1945,-122.37530214920498,47.6777530257934
1947,-122.32039697547002,47.69855867112201
1960,-122.333189357644,47.5860287367456
1964,-122.328936469174,47.7267632781612
1972,-122.315781673653,47.67880981756221
1974,-122.308844429429,47.6091420114609
1979,-122.306845867255,47.6939007493499
1981,-122.276951768916,47.65352653479115
1982,-122.276933803573,47.6535313840737
1991,-122.317917644468,47.6372084736275
2000,-122.235697968285,47.4919931419664
2004,-122.329731825342,47.7650549750017
2005,-122.3297084593,47.7646451731075
2006,-122.264898832771,47.5053944559963
2007,-122.264898531493,47.504909787217
2013,-122.259602696948,47.49391995376019
2014,-122.259620018732,47.49336249264061
2015,-122.347686012542,47.731091549147
2018,-122.296963921668,47.5444627632584
2019,-122.302239176804,47.57839829011599
2024,-122.287934120152,47.5497641133035
2025,-122.324138959151,47.6241208481001
2028,-122.376781007657,47.7016590505315
2029,-122.307363751568,47.6156779157256
2036,-122.322495100301,47.6778103804925
2042,-122.292919701129,47.57968773387
2046,-122.2936800560206,47.66213686745672
2052,-122.284112129794,47.55545156403431
2059,-122.301235907742,47.5965283024162
2061,-122.332545521357,47.6567463591296
2062,-122.344691611049,47.6649501759064
2064,-122.372990163001,47.6672060671842
2069,-122.37688612037,47.6924840238534
2075,-122.29071559349237,47.72026703932146
2077,-122.35258200169,47.6923904318595
2080,-122.306567278272,47.6648049062287
2082,-122.3019525723898,47.66794564157043
2085,-122.283369281579,47.66846192813241
2086,-122.309891342333,47.7120921126933
2087,-122.338581272196,47.6480061798588
2088,-122.3158463100894,47.59628398697904
2093,-122.34586197954248,47.7739303445398
2096,-122.32334903435,47.6823882663594
2097,-122.3236676527276,47.68215465819766
2100,-122.339192503035,47.68514669285779
2101,-122.339047767696,47.685456561985
2105,-122.309925853917,47.7284973367192
2107,-122.291651994917,47.5461806020275
2108,-122.350937841119,47.7549504431403
2109,-122.36608047754,47.66726225144671
2110,-122.355396064698,47.6650520471901
2116,-122.29998911995,47.7174325655167
2117,-122.307207245221,47.72751570027609
2119,-122.355345735559,47.6650447711125
2121,-122.346143209822,47.77403461099405
2122,-122.301234492123,47.59673639923741
2123,-122.25902422523556,47.54717599694161
2126,-122.27267595716974,47.67562439743588
2127,-122.378959412811,47.67095530472201
2128,-122.325476243465,47.6783375661285
2131,-122.279660763911,47.64075860832529
2132,-122.280226216689,47.6407539738515
2134,-122.3349425736684,47.596313927095935
2135,-122.322091599227,47.6243702201442
2139,-122.315281042859,47.70893638457411
2140,-122.227556975804,47.4960888553503
2144,-122.300610418487,47.5791029693407
2146,-122.32280985365,47.681954624273104
2151,-122.326852361824,47.6335562281641
2152,-122.348533979745,47.7451281810138
2153,-122.347933339579,47.7451427869429
2156,-122.325499204362,47.6672143066488
2163,-122.35555929374898,47.7029125239217
2168,-122.30452348104102,47.7138391799167
2171,-122.361522339606,47.6807961122958
2173,-122.286646309275,47.7337827898597
2174,-122.310758854129,47.5788128958901
2176,-122.320012439574,47.67880769834701
2177,-122.320019823491,47.67844410503469
2178,-122.343738714783,47.6606339537111
2179,-122.314657747238,47.57133829154899
2186,-122.33611282820702,47.6603663921712
2188,-122.26807775608,47.5548951550728
2189,-122.311012985533,47.7121066474191
2195,-122.368684483329,47.6663798831846
2201,-122.243679597728,47.4980232900777
2202,-122.317227226667,47.5863217259452
2203,-122.376652456764,47.6876462052364
2204,-122.376652319583,47.6874743857968
2206,-122.26807409423698,47.55413456836501
2209,-122.333715900954,47.6591197450174
2210,-122.314636465976,47.708479486299005
2211,-122.313895188841,47.7084755319486
2219,-122.272903784283,47.659816713206
2220,-122.27291658235832,47.65980623895288
2221,-122.30277361571298,47.5565013924076
2223,-122.355403422978,47.68466902165451
2231,-122.268073714631,47.5563110460678
2238,-122.3097083062542,47.77459209799606
2240,-122.33787505696598,47.6887588791719
2246,-122.314061849653,47.6104221458469
2247,-122.301984682732,47.741803980323
2248,-122.314588527086,47.58629770297531
2252,-122.353370442115,47.7559847699348
2254,-122.319088094281,47.6350803767432
2256,-122.324364529008,47.6759554180284
2258,-122.299075495787,47.7144114139328
2259,-122.326513832876,47.621954863066
2265,-122.398275181128,47.6758199213692
2267,-122.264808378084,47.5087474355422
2268,-122.264805678668,47.5085428476908
2281,-122.280898816816,47.54815474329039
2282,-122.355335103215,47.667683271681
2285,-122.323547474822,47.7390545750069
2286,-122.3235518933265,47.7390415945043
2290,-122.314971720176,47.6994968345108
2293,-122.322905066599,47.6701434572511
2297,-122.28997090765202,47.5783059149107
2298,-122.2899570074805,47.57831550287611
2301,-122.345121940658,47.72315417123351
2302,-122.347662993487,47.7291556690029
2303,-122.296660871507,47.62508743845981
2306,-122.338571454417,47.6657423605425
2307,-122.356873962894,47.7068692125595
2308,-122.30221986339602,47.64239842148671
2310,-122.348068500362,47.76773241769521
2319,-122.36595438065648,47.711966874811296
2321,-122.26670810377702,47.5326569796573
2322,-122.2812731163505,47.65596621735105
2323,-122.281255361498,47.6559598437043
2324,-122.280883929965,47.5489224614854
2325,-122.299210679337,47.6939203008538
2329,-122.371429695847,47.694242431595306
2336,-122.329078194055,47.7386536671589
2340,-122.335196196082,47.5884600064554
2345,-122.264821890406,47.5078433329459
2350,-122.328727229756,47.7147606929339
2354,-122.36502425228302,47.6687357007196
2356,-122.381112118555,47.6776499196701
2357,-122.275383407992,47.5460737195398
2358,-122.274888962926,47.5460631298187
2359,-122.33267516986,47.6478331647056
2360,-122.35383505543298,47.7035857939442
2361,-122.365952183332,47.6752936279461
2365,-122.323077411876,47.7017856950449
2366,-122.381721159599,47.69820047973641
2373,-122.366081767263,47.6656542530765
2383,-122.351544079106,47.6635466076304
2393,-122.2967922053106,47.67581911427916
2394,-122.321253902284,47.5790192661672
2395,-122.295695270105,47.667068224334095
2398,-122.368615136962,47.6694772958
2406,-122.29629766372,47.722005893816
2410,-122.30724118002,47.6241681322725
2414,-122.327695197834,47.6534050893744
2418,-122.293971330741,47.74187251042141
2420,-122.336362171,47.69042576370399
2423,-122.370471840289,47.6920226923327
2424,-122.32657710988828,47.67839656652639
2425,-122.33853553697502,47.6591621956776
2428,-122.275905465584,47.5460742397187
2429,-122.299267851914,47.632194231124494
2432,-122.280188819194,47.6564014395199
2433,-122.301693735499,47.7120184786221
2434,-122.360441731297,47.741365047778
2437,-122.362384987412,47.7196899769092
2438,-122.28669019047702,47.549738721403706
2440,-122.3848470075244,47.66981816884474
2444,-122.327776529308,47.6396912630502
2445,-122.30287107867998,47.63232031817879
2446,-122.288887997518,47.55957931261387
2447,-122.32407331906929,47.61071793186581
2448,-122.325137496227,47.6812489690833
2450,-122.355676948192,47.7251169152612
2454,-122.334982844489,47.6730127741809
2458,-122.382213092876,47.6709720989864
2461,-122.30657553079702,47.67483502989
2463,-122.388621333139,47.6813598576439
2465,-122.3077310315678,47.56049859711142
2466,-122.310217100496,47.6684731549206
2467,-122.3418314941393,47.6986624626934
2468,-122.266398416856,47.68891344459811
2474,-122.301709780585,47.551075271875
2475,-122.30337106623,47.6936760593427
2482,-122.325584571493,47.6474955000889
2483,-122.354453955975,47.6589192844815
2484,-122.24514106385702,47.4878237127677
2485,-122.398290859043,47.6729226883688
2486,-122.378968182793,47.7029536582259
2491,-122.312781905004,47.6205414294022
2495,-122.336697216258,47.5779664138852
2496,-122.266455731866,47.5316261428264
2499,-122.32555853548,47.6272222155937
2501,-122.3891203197372,47.69857803630186
2502,-122.378818994686,47.6694031595157
2507,-122.355483060434,47.6635540600596
2508,-122.289869806844,47.572525119898806
2509,-122.287200397687,47.56790283207099
2510,-122.270866729215,47.5397626426684
2513,-122.278143178405,47.5450637922847
2515,-122.2801843229605,47.6582681150859
2517,-122.27131062320488,47.683079846682055
2519,-122.33630674664,47.6686500080898
2520,-122.325391185754,47.6747332345278
2521,-122.293468500363,47.5605927310683
2528,-122.298688197333,47.6395617054206
2529,-122.299357304,47.6395629655082
2530,-122.352587035395,47.6777642470445
2531,-122.279070119996,47.5147448768339
2532,-122.317520647673,47.68861732252859
2533,-122.31695668420438,47.68850351232482
2534,-122.308202223587,47.6122811890832
2538,-122.333570255974,47.6219038915424
2539,-122.333589728508,47.62190300835245
2543,-122.283008805426,47.6829952030621
2546,-122.28261811698168,47.658494809245575
2548,-122.31919024039,47.6323682675171
2550,-122.35892082767752,47.6905533413169
2553,-122.286277844096,47.5534652968757
2561,-122.294171555898,47.5829655898818
2562,-122.320352698715,47.6907114454466
2570,-122.360582659121,47.6897890452278
2571,-122.278177690749,47.5407093126789
2574,-122.333198199868,47.5883294426551
2575,-122.378180943948,47.6622766715877
2578,-122.286412034956,47.7230234916262
2583,-122.355702325413,47.7340039330895
2584,-122.288750775287,47.5751783292265
2591,-122.334507900319,47.7031771966632
2592,-122.289833179057,47.5752038970065
2595,-122.328420766785,47.7000407670612
2596,-122.328413715716,47.6995877146798
2599,-122.3291057724072,47.71926751163178
2601,-122.29741291736498,47.6866237662739
2604,-122.360740810037,47.6687299198542
2606,-122.363910526914,47.7568965525621
2613,-122.27409535143042,47.6836135074235
2615,-122.320469144146,47.70216635671121
2616,-122.34470098642,47.6614676085527
2618,-122.347388384632,47.6996873352582
2622,-122.35542542187,47.67883411326525
2623,-122.376344080054,47.67523477761031
2627,-122.29917121503,47.5427325312187
2631,-122.307520440684,47.5583579136304
2632,-122.267318578097,47.538231051064905
2633,-122.267329305006,47.5379051754715
2634,-122.320911053557,47.7187314269056
2635,-122.331754023353,47.6204046629089
2646,-122.272580289884,47.554903144266895
2648,-122.354268840267,47.7159180681104
2650,-122.291019017093,47.5662405602091
2652,-122.377479849462,47.7051438727938
2653,-122.3145306662502,47.64178284923862
2654,-122.31403910596698,47.6414650214579
2656,-122.29549867689802,47.5698734918413
2657,-122.291678394044,47.5535023757942
2658,-122.302887723486,47.5828835001198
2660,-122.303186476978,47.620261361404
2663,-122.313071843741,47.748530733155
2671,-122.3888044916592,47.69232968904578
2672,-122.334075276341,47.5744268291761
2673,-122.345202906792,47.7304855784723
2675,-122.324178636004,47.61067449911141
2676,-122.3666997843736,47.76878215316157
2678,-122.326650200833,47.6207980776843
2679,-122.243649436412,47.4883598878622
2680,-122.282667307773,47.5424971709784
2681,-122.383394638978,47.6654795728055
2684,-122.326506505072,47.6976739135058
2685,-122.29918701963702,47.554285359342
2686,-122.303553573637,47.6323303594852
2689,-122.364152601039,47.7100598448738
2691,-122.302863615244,47.53801126422909
2692,-122.328950120961,47.7249387949428
2696,-122.302390368697,47.5376055166615
2697,-122.344264180801,47.7469433992969
2698,-122.29343060903,47.7083337674193
2699,-122.367304963077,47.6978137003686
2700,-122.322991913329,47.6588824626335
2701,-122.393011104156,47.69417003316661
2702,-122.393005406872,47.6945395867829
2703,-122.30253491263402,47.55380181715301
2705,-122.277123570781,47.6491309416972
2706,-122.2808367663,47.538945992379205
2713,-122.296581697195,47.7329317852821
2714,-122.301592146901,47.5813512363124
2718,-122.310530992889,47.6322765456435
2720,-122.349957744226,47.6883474602694
2723,-122.33007102053598,47.6639935353796
2729,-122.32680459226128,47.6188740607834
2730,-122.360020623589,47.7526964218446
2731,-122.238179053845,47.4954015248026
2734,-122.2877442557114,47.52825430825294
2735,-122.355607259102,47.7068449318834
2736,-122.333633699844,47.6217262531587
2739,-122.355673657078,47.724793785981
2741,-122.279922722022,47.6974284705301
2742,-122.325947302436,47.7099632497729
2744,-122.27816315399124,47.65437436352257
2751,-122.365934407228,47.7119658392426
2756,-122.34572409266,47.7521686749196
2759,-122.322801774795,47.6808170232175
2760,-122.284894701573,47.5628947310183
2762,-122.315486375087,47.61532397236849
2765,-122.33079649252328,47.76692187976872
2772,-122.280217763537,47.70885211665169
2773,-122.300082113478,47.6099840538636
2775,-122.3419779936986,47.69629938990811
2779,-122.333695644639,47.65908530683091
2780,-122.333273122849,47.5786931601676
2791,-122.358459086465,47.65891449306511
2796,-122.339678522417,47.6212281578558
2797,-122.322041981484,47.6057593289213
2798,-122.394322307156,47.6905269652276
2809,-122.3537676741732,47.7769302647108
2814,-122.316054040899,47.5883733303541
2819,-122.360709951432,47.6742990255513
2821,-122.317860264238,47.6231470506108
2823,-122.320932675162,47.6994587700222
2824,-122.32042059084,47.6995346024133
2826,-122.368259722231,47.6920596908648
2827,-122.288511567074,47.7222178727877
2829,-122.355536713504,47.7022287974759
2830,-122.303470785129,47.667025179649805
2831,-122.25817091621302,47.5167772270882
2834,-122.34464070647202,47.686888018896205
2835,-122.300399531764,47.5855350433528
2837,-122.28836205319,47.7337769620349
2839,-122.368682193243,47.6679283431324
2840,-122.368680730341,47.667211918491695
2843,-122.264689609331,47.5242048080136
2845,-122.26464305293798,47.5233899169591
2846,-122.345735408616,47.7342110072108
2854,-122.321964407003,47.6210376808226
2857,-122.3359317838348,47.73773731908304
2858,-122.335503106364,47.7377452596308
2861,-122.313469865477,47.7626455313653
2863,-122.324668935856,47.62305227810399
2864,-122.31156375489302,47.599958280107806
2866,-122.314775652297,47.5740277262054
2875,-122.29450815603802,47.6648819560689
2877,-122.276493724884,47.6958060888189
2879,-122.303783508067,47.6682921363338
2884,-122.325794114491,47.6817230597709
2885,-122.303856313307,47.6410479250499
2889,-122.375553315299,47.69194350062261
2897,-122.331861212384,47.5862436752107
2898,-122.34764136151098,47.7278270707557
2899,-122.322308785443,47.6546754540036
2902,-122.326392564165,47.569732278746
2903,-122.314584102928,47.5785783838108
2904,-122.352549629203,47.690519762896905
2905,-122.35854909086702,47.7568551349556
2910,-122.30787723520298,47.5422375346241
2911,-122.340213395903,47.66496000598429
2916,-122.2880746351072,47.62507328191637
2917,-122.372492363721,47.681475240972
2918,-122.315797188418,47.6638357810196
2919,-122.337333603616,47.6591087810202
2921,-122.32230959400457,47.62048738240386
2922,-122.307463941896,47.6181980409982
2927,-122.394309741273,47.686715016038
2928,-122.375290077424,47.6947378398518
2929,-122.355326234331,47.6697387213624
2932,-122.277148039673,47.6404432764441
2933,-122.312114244596,47.7340189024718
2934,-122.355413764876,47.6854248917118
2936,-122.278205011595,47.545052635394505
2938,-122.340735938517,47.706943017162
2941,-122.307554953207,47.675875561779
2942,-122.387691960976,47.6850289867267
2943,-122.270647223274,47.5066929988455
2944,-122.25196470888402,47.4901520499848
2947,-122.262690150239,47.52004807610731
2948,-122.262258965557,47.52010018788141
2949,-122.289886630668,47.57163805130201
2950,-122.220230287275,47.483078116279806
2956,-122.306304747272,47.7084253242877
2958,-122.353583077801,47.765253974213
2959,-122.30606490166927,47.58852237712591
2960,-122.353095387884,47.7541898935801
2965,-122.293437299303,47.7001745637808
2966,-122.2647048183722,47.553364931374325
2967,-122.26384030443,47.5533760623575
2971,-122.264794910132,47.5255701944667
2973,-122.312729835708,47.6219606638839
2974,-122.285569102267,47.7046779355104
2977,-122.301593740454,47.67583792554691
2978,-122.312193292878,47.6958503747947
2980,-122.332152175412,47.7596550179095
2983,-122.335069471302,47.659145835447
2985,-122.291924792629,47.7119224470627
2988,-122.355336393372,47.6657933386728
2990,-122.384812169764,47.6724150385869
2991,-122.291397570482,47.6152529827888
2995,-122.255988776792,47.67208007189884
3005,-122.3022541334016,47.556062450475736
3009,-122.254322937007,47.4978457140926
3010,-122.254336509813,47.4974425481117
3011,-122.30180296018598,47.56826982601209
3014,-122.298574930253,47.6684485926588
3015,-122.316109250308,47.5809731040609
3018,-122.332297733676,47.68509247491139
3021,-122.275320969037,47.5504642845621
3023,-122.376083910366,47.6737769142398
3030,-122.284982576198,47.5678686452676
3031,-122.286928969464,47.5551134369916
3035,-122.29218515411934,47.55857544702477
3048,-122.289995196551,47.6945954300885
3053,-122.383279009414,47.67766518746189
3058,-122.269396538916,47.5605192526492
3065,-122.320040357653,47.6772661589391
3069,-122.287914152052,47.6923215276849
3070,-122.285855465012,47.5315938371027
3075,-122.267084790803,47.5460923270053
3078,-122.308185626745,47.6152760417668
3080,-122.331777205208,47.620872928566
3081,-122.375454472444,47.6945910704541
3082,-122.275384839527,47.664848793163095
3083,-122.274934790732,47.6648476640052
3089,-122.301623964498,47.6379656523452
3090,-122.34500552195983,47.737510534782245
3091,-122.314167187804,47.6164079365541
3092,-122.374212489832,47.6694015083986
3094,-122.28112005042368,47.658512784708336
3095,-122.280867467693,47.5424863005829
3103,-122.267627733109,47.6805320699279
3106,-122.30507038516,47.753080074077
3107,-122.35172991072402,47.728551708821406
3108,-122.2832918578765,47.53632049863875
3110,-122.350599885828,47.6977809696502
3114,-122.339040207033,47.6862851682601
3116,-122.366670270413,47.7661297330406
3117,-122.266488634205,47.5258891182842
3118,-122.294195890917,47.7031080578948
3123,-122.328984159222,47.7230827936937
3128,-122.355277094868,47.6751620554175
3129,-122.327045119131,47.6849847067654
3136,-122.328516613521,47.7077133657229
3137,-122.350917165004,47.7541742534047
3138,-122.293483739851,47.70106910405181
3140,-122.306572807952,47.6323359018784
3142,-122.30784153916,47.688415506504
3144,-122.312816184698,47.6016357007131
3146,-122.283476822412,47.5497128676079
3147,-122.317937776367,47.6360541102622
3151,-122.293891580528,47.73378549399539
3158,-122.378817426046,47.665000577943296
3160,-122.304930732557,47.6062199242921
3161,-122.304398685403,47.6062119345477
3165,-122.3621655341274,47.71423739421331
3166,-122.3615882239188,47.7142342505443
3168,-122.38484605268498,47.66934103488423
3170,-122.32881750744998,47.7171269453321
3174,-122.325944447303,47.6231691806279
3177,-122.316203782241,47.7594130467143
3179,-122.309377959016,47.5863631713465
3180,-122.27678112980482,47.65982252198159
3181,-122.335079091701,47.7706188055029
3185,-122.304699650183,47.6957090183027
3186,-122.304224289755,47.6957041104161
3189,-122.31630068866302,47.6815115477882
3192,-122.34476270559,47.6506426243945
3206,-122.304668890955,47.7561128504544
3210,-122.302115853864,47.5511274659039
3215,-122.311370483924,47.5621105379233
3216,-122.2940591545592,47.71786502710316
3217,-122.360581686055,47.6869809223634
3218,-122.268109808756,47.5570333541592
3219,-122.325014899414,47.66320289047619
3220,-122.30936136732198,47.58632117979331
3221,-122.350118221183,47.6614488569776
3222,-122.264924556792,47.5025977625819
3224,-122.294125231113,47.56625976245099
3225,-122.367202124043,47.6920314006313
3226,-122.2828305692575,47.6558264526426
3227,-122.28148306245733,47.65445056477653
3228,-122.32491424589598,47.610629639362095
3231,-122.310316576697,47.5771071764035
3232,-122.292773836764,47.5535299220299
3234,-122.334123540334,47.724296549650695
3236,-122.321448853996,47.6468780009621
3237,-122.3194724383534,47.619061039554886
3238,-122.355497480848,47.6623076194762
3242,-122.297685176322,47.5716848759777
3244,-122.323279109036,47.7110256220775
3248,-122.355414068177,47.7214228846789
3249,-122.275262735903,47.5346713981969
3257,-122.2826688076335,47.66002662082017
3258,-122.280869090013,47.5512595002279
3260,-122.343135328826,47.7123614269635
3261,-122.34221323370302,47.71237876604831
3263,-122.314166324603,47.5672863932917
3264,-122.273940898071,47.6601151856726
3268,-122.319938711946,47.564786327912906
3273,-122.315638875349,47.623487375581
3274,-122.2738839134526,47.701060818459126
3275,-122.351001464635,47.7231819520921
3282,-122.296431872114,47.7219308636476
3283,-122.307451520929,47.6190163300764
3284,-122.266495837234,47.6829384038803
3285,-122.26647699535953,47.68293445118916
3289,-122.301595481634,47.6975020578687
3294,-122.288754162618,47.55745692863329
3295,-122.28874036274,47.5570081276913
3298,-122.28123691547934,47.660006878280434
3301,-122.363942908245,47.6742162727184
3306,-122.294523010668,47.596633324788
3309,-122.2725812474,47.553416720489
3312,-122.324007638544,47.7560446714274
3313,-122.384232073421,47.677720985842
3316,-122.372202531413,47.7051464693293
3317,-122.317727490081,47.6456622994266
3320,-122.3713377255592,47.69861421493526
3323,-122.285511473085,47.70374806202219
3324,-122.2862228728,47.5554443576198
3328,-122.346969477097,47.6541585506954
3329,-122.321327268041,47.6395926869475
3330,-122.382220277452,47.6777027084807
3331,-122.334012870269,47.710435674462
3332,-122.30624472789002,47.5958347630127
3336,-122.3542031626826,47.70764011809082
3337,-122.289668562333,47.6975023725642
3338,-122.288718419023,47.697493803049404
3348,-122.31818033665802,47.60578652408029
3350,-122.301817650796,47.6848942986978
3355,-122.346140602629,47.7739005486096
3356,-122.287957208065,47.6908738875875
3361,-122.3103705073854,47.63932195164829
3365,-122.283671837182,47.6953781618021
3366,-122.32547949506902,47.6176766567724
3368,-122.353321382854,47.6541687931211
3373,-122.380637957158,47.69902541721982
3375,-122.371339510405,47.6979257999339
3376,-122.266944805552,47.67583798275455
3377,-122.328491267298,47.6431246154848
3381,-122.339736423767,47.5860531553981
3387,-122.35427007528878,47.71420451118529
3388,-122.339662751273,47.5865419253526
3396,-122.339056025792,47.6887700120878
3399,-122.312248082097,47.7030231311164
3408,-122.320322356889,47.6958220117423
3414,-122.278625643822,47.5569960830725
3416,-122.299280930812,47.7428968318844
3422,-122.358607408431,47.7632942644099
3423,-122.358615645929,47.7626834895183
3425,-122.345311273164,47.7366550016174
3428,-122.390769422767,47.6979224244216
3433,-122.259210988455,47.4886170709603
3435,-122.3216307042486,47.76537472365946
3436,-122.3829416874675,47.66718339032229
3438,-122.293014918991,47.67936951280209
3439,-122.335168364283,47.7031809412262
3441,-122.336130243637,47.6591469068206
3451,-122.320946441555,47.6431363902152
3452,-122.308156790366,47.7067034681671
3453,-122.31164596412698,47.60836305252641
3456,-122.39279874428298,47.6717046938029
3461,-122.38222092981,47.6666306870375
3467,-122.355554410142,47.65482011477119
3469,-122.38876985088102,47.6890757191997
3479,-122.303388093072,47.615348988435606
3481,-122.281489549499,47.70462393880429
3483,-122.303701133191,47.5563338802148
3484,-122.302087078296,47.7482929983295
3490,-122.34453315041488,47.741504484975856
3491,-122.380973676222,47.6655621962553
3494,-122.34616522479315,47.772819291691015
3501,-122.333861218544,47.7095066153387
3502,-122.336256022838,47.6492563831874
3503,-122.329014609215,47.7364260248811
3507,-122.288759765487,47.7083040110202
3510,-122.357864253211,47.7705306913138
3511,-122.3571997863964,47.77052330514116
3512,-122.293768636622,47.5374649853572
3513,-122.33991172647602,47.581759451567
3514,-122.368673080443,47.6694765608889
3515,-122.356153816834,47.7086751452072
3517,-122.350604880327,47.73415684025
3518,-122.342230286052,47.7129406603587
3519,-122.334655413058,47.75060727524501
3523,-122.283556527304,47.5534738452511
3524,-122.373677433313,47.6814702831478
3526,-122.346958158772,47.6649619176052
3528,-122.343927757474,47.7322632212045
3531,-122.304001072823,47.6793731199539
3534,-122.341342308527,47.7068742095045
3537,-122.32820182434098,47.685002808746994
3540,-122.321367331315,47.6303750772471
3545,-122.320670597484,47.6127354382171
3550,-122.348675939313,47.6541601491391
3551,-122.347950992197,47.654160917159096
3554,-122.347297583978,47.6854581663121
3558,-122.28736391225164,47.558682902983065
3560,-122.234636489128,47.4882308354782
3569,-122.29648176867902,47.7320068829122
3570,-122.296622583868,47.732008295997
3573,-122.33635645326,47.6642314207956
3575,-122.300493710534,47.6656474964847
3582,-122.293893074953,47.7338174918417
3586,-122.299943926009,47.6210178917331
3592,-122.345126592144,47.7236161805432
3593,-122.349778683022,47.6509046090792
3594,-122.349815522675,47.6512217747887
3596,-122.314576405097,47.6231351435963
3601,-122.283836707197,47.717374561695
3604,-122.30758806839,47.59963304276
3606,-122.316200505468,47.76062302651851
3612,-122.342071313269,47.6606361279753
3613,-122.339441481189,47.7170302456956
3614,-122.2502539236364,47.50176308973646
3626,-122.30604146576862,47.69207019817672
3635,-122.316607816456,47.5671629821154
3639,-122.3663998424085,47.71305731356495
3642,-122.322323495913,47.655553255098
3643,-122.31979025939997,47.65568841920992
3645,-122.348912818723,47.76682481236978
3653,-122.286155587968,47.5640598559027
3654,-122.317208074976,47.5909081982033
3655,-122.371420425111,47.6615207219077
3656,-122.366702809679,47.77057657633069
3658,-122.322062378867,47.6231169865215
3659,-122.329377154769,47.6396817882103
3660,-122.32349598651427,47.61190284848705
3666,-122.3055157873868,47.663142266920815
3675,-122.34203920722298,47.7024987023585
3678,-122.316223690588,47.7630927756045
3679,-122.342133324973,47.6591390296728
3680,-122.317814393423,47.6765177688097
3681,-122.3268216868864,47.763179231834506
3682,-122.326186515305,47.7631818177735
3688,-122.342368292468,47.6544776548015
3691,-122.30349445166298,47.5510881422724
3692,-122.27954187872852,47.66485175594338
3693,-122.3714400945042,47.67376218529158
3694,-122.264114385412,47.5447001832724
3698,-122.301397199591,47.6099817832496
3700,-122.2371787076932,47.48828456161796
3707,-122.371815146344,47.7461464061577
3708,-122.323855703438,47.703206141809495
3710,-122.34796143616,47.7460223848482
3711,-122.36071964921298,47.6628035202821
3712,-122.30545897497798,47.6184509940632
3715,-122.28761348065798,47.5474239019272
3718,-122.30044712201,47.7156144795328
3724,-122.2768094313115,47.657580280211896
3731,-122.2927338619342,47.74651089159748
3733,-122.2812305209475,47.6606751537644
3736,-122.316164692593,47.5602336875449
3738,-122.357907773637,47.6942824458865
3739,-122.292089825695,47.57549058380216
3745,-122.325904292296,47.6219598827277
3752,-122.33850841506,47.6610730573584
3755,-122.354753971857,47.774083708086
3757,-122.302798012644,47.586334022779
3759,-122.32088741465564,47.72144074621726
3764,-122.340161404824,47.5859691556905
3766,-122.317982677988,47.626875446535
3769,-122.345105517661,47.7214568164208
3772,-122.32784225307,47.6361515059819
3774,-122.2934550833555,47.560602539509496
3776,-122.366077909293,47.6679928622706
3777,-122.395783804916,47.6824150639733
3779,-122.340217035418,47.6480991643345
3780,-122.355416155659,47.6883906083521
3784,-122.298562319039,47.6670862514707
3785,-122.323845291503,47.679239804742
3789,-122.230201043621,47.4991087366682
3793,-122.284737201676,47.527921747166
3795,-122.329965217071,47.7746244859925
3800,-122.32338268761002,47.6776003606409
3802,-122.347420043435,47.7032536509203
3803,-122.333826028621,47.693088016535306
3805,-122.311211054735,47.7701880647682
3807,-122.341246054583,47.7560266856095
3808,-122.374030629362,47.6868469215686
3809,-122.235479279202,47.50027791518991
3810,-122.23550544204402,47.4995973398957
3814,-122.31875752417,47.6598328784985
3819,-122.34740326505,47.6777374915942
3822,-122.31620104913002,47.7583244198213
3823,-122.29872304684902,47.5991504852025
3824,-122.32320056780502,47.709653627085
3825,-122.323202117105,47.70988581087621
3826,-122.28621233186,47.55632390572399
3828,-122.307796505803,47.592647372051
3830,-122.323359837837,47.6743577726482
3831,-122.280412652339,47.7175781043946
3832,-122.317388399923,47.6372146856893
3833,-122.290847314331,47.6721085370931
3842,-122.307959584747,47.5944820818398
3843,-122.340817467758,47.7741116619632
3844,-122.282632356194,47.697468977169
3849,-122.27914036858002,47.6583773345603
3851,-122.344494869478,47.6591245217368
3852,-122.324116936468,47.658948288258806
3854,-122.392802230119,47.6694226073096
3857,-122.250547973765,47.5025966707613
3859,-122.389633701554,47.6979306267781
3861,-122.307942349758,47.5770398542175
3864,-122.300712400874,47.5464828940986
3870,-122.319082062431,47.6358764878352
3872,-122.354658783603,47.697781694294
3873,-122.28082079272,47.5536982789036
3880,-122.382218753858,47.6776446983468
3882,-122.36670001023,47.76919367928159
3883,-122.29637794917431,47.5966776360712
3884,-122.317890973391,47.6396003645211
3890,-122.322483404504,47.611377476326
3891,-122.322376506385,47.6112618032271
3894,-122.276579853099,47.55700708024549
3896,-122.297154403032,47.5836790834303
3899,-122.32305805908,47.6890147412154
3904,-122.334167066533,47.7304320900494
3906,-122.3241432105336,47.75436382018769
3908,-122.39213532328658,47.7001689980542
3909,-122.2879349032,47.6902436027302
3912,-122.293656491698,47.6116971495182
3915,-122.307973893623,47.6243957542068
3916,-122.307162301409,47.6243892298176
3920,-122.318029223095,47.5616647090805
3921,-122.325260705434,47.6462904688795
3922,-122.269976870501,47.5443113661775
3926,-122.3017843593366,47.70448736932514
3930,-122.287826792031,47.569826184794
3931,-122.291629674614,47.5577407045858
3935,-122.31196649570704,47.5731356031528
3937,-122.332290969558,47.6850502240088
3938,-122.325283505142,47.6352956330722
3939,-122.358318935811,47.7251107963101
3940,-122.272578999529,47.5552324630798
3944,-122.326279285492,47.6589187392085
3945,-122.30735279946002,47.6160360843912
3950,-122.351183865909,47.69111551384
3951,-122.343054366341,47.7631893669534
3955,-122.366292970773,47.6649674435204
3957,-122.27569328853,47.56411298577941
3961,-122.298752426686,47.6993757249509
3962,-122.351857021924,47.6498615488299
3964,-122.33540563917968,47.70768776188711
3965,-122.25107011019,47.5096889066669
3967,-122.372678785769,47.6979286999292
3968,-122.296289828848,47.7083746222173
3969,-122.351004920506,47.7576920245865
3971,-122.314822881011,47.6104463612912
3972,-122.315370063374,47.6104502565114
3973,-122.324050866247,47.75831163954296
3974,-122.30231234311324,47.596113519004206
3976,-122.315386687217,47.6831126932236
3980,-122.355679936241,47.7271573064473
3982,-122.301786799346,47.7058958751349
3983,-122.25427181904,47.4912075509596
3989,-122.340160256594,47.7548060962699
3994,-122.294447829175,47.5944146811585
4001,-122.3629470115306,47.725130137621775
4003,-122.392012376986,47.6849866084933
4004,-122.293236169998,47.7319003821412
4008,-122.280574289338,47.6536969179051
4009,-122.314599132326,47.5768279370893
4012,-122.26188171746,47.54248753719029
4014,-122.344270462339,47.7491947850042
4021,-122.352664682589,47.70255931068849
4022,-122.3161545270006,47.7547167883495
4023,-122.316138489891,47.7543539036837
4025,-122.300839868126,47.584459288615
4027,-122.325339957278,47.6111479029485
4032,-122.273630545811,47.5460681851626
4034,-122.329383121061,47.62423392157789
4036,-122.320137937411,47.6171097813065
4037,-122.3201339728455,47.61712286630975
4038,-122.324042438049,47.7576679988125
4039,-122.3598286244968,47.77054263709168
4041,-122.334066592302,47.5856987032384
4045,-122.309935508364,47.686720401354734
4047,-122.35574857815702,47.7455713820027
4049,-122.371686723736,47.6649943504252
4050,-122.361344251372,47.7650084437629
4052,-122.379447362553,47.6678142102889
4060,-122.295231189443,47.717964081745
4067,-122.32037160773798,47.6897054461755
4068,-122.328893301859,47.5883507086225
4069,-122.310810362402,47.5776445776801
4070,-122.276974639567,47.6556996901526
4071,-122.269951319483,47.5029457246723
4072,-122.312276232654,47.6758366612627
4074,-122.340867501686,47.697854154723
4077,-122.309637557248,47.700272439432
4078,-122.280901614803,47.54738849783539
4081,-122.32624601157902,47.6316708979706
4084,-122.303582794114,47.6331582984272
4093,-122.346607904102,47.6541619657505
4094,-122.346016626027,47.6541586972194
4098,-122.338041472171,47.7159753404709
4099,-122.387685832274,47.6776289049604
4105,-122.36715644241022,47.69070298177623
4106,-122.301970026226,47.6658948990353
4107,-122.351177375463,47.76509329724329
4108,-122.305244003889,47.6015910481033
4109,-122.325792094971,47.6444165989464
4110,-122.340200717274,47.6491805167376
4113,-122.34204237732,47.7130701876187
4114,-122.342047334364,47.71308309718095
4123,-122.283538237617,47.5527301661307
4124,-122.3666904322506,47.76728629077714
4128,-122.274191365009,47.5232443564674
4130,-122.314145808929,47.72128348387
4133,-122.358121778359,47.69605148057931
4134,-122.3766501995062,47.68616831011791
4136,-122.318225917579,47.6128866099994
4139,-122.308891683602,47.5983673725743
4141,-122.328386644298,47.6974962347739
4142,-122.300362888582,47.5453115210386
4144,-122.28941928911,47.569821035607
4145,-122.352685392604,47.7043093241518
4146,-122.28624641345652,47.5563560914525
4147,-122.358255836439,47.712307825649
4148,-122.334128484459,47.7249696414532
4152,-122.387001011956,47.6887348000451
4154,-122.343743764974,47.7286314335245
4160,-122.318173844981,47.603311071158
4163,-122.302679684382,47.5562165861703
4165,-122.34615984087574,47.77013006644152
4168,-122.270363014817,47.6731974025937
4170,-122.223121730285,47.4936247828457
4171,-122.300229486755,47.5784088771103
4176,-122.304711621764,47.55951093787351
4177,-122.304282425324,47.559581729842
4179,-122.315278879081,47.7084797356068
4182,-122.395711503408,47.6802773185312
4189,-122.345056486818,47.7231523573627
4190,-122.34587747322298,47.72317004251969
4191,-122.37374216478,47.6637465039864
4192,-122.29054251988472,47.69831474223288
4194,-122.227513297372,47.4842629331253
4196,-122.2753828182,47.5522735674594
4202,-122.241471351664,47.4843621245655
4203,-122.349858661615,47.6854396923541
4204,-122.348604631477,47.6580968496213
4205,-122.323336190408,47.6743986964305
4209,-122.322820671005,47.6823776150852
4220,-122.31333559009931,47.75527955039144
4226,-122.336192702838,47.6531451880073
4229,-122.30038330382,47.586873546351
4230,-122.360637222504,47.6960711740073
4233,-122.28926056729,47.5640813382664
4236,-122.294235564385,47.553567785253
4237,-122.30232449247583,47.59985338358717
4240,-122.375523299402,47.68984046326201
4241,-122.348022986,47.748689176898
4244,-122.279632768402,47.7136548650054
4247,-122.340053052503,47.68477257944081
4248,-122.230177627226,47.49195966673009
4261,-122.301517546433,47.69029505840191
4266,-122.29674346672576,47.56801730732548
4272,-122.387676175131,47.6843545835199
4273,-122.375495321278,47.69532873860541
4282,-122.3468273401363,47.64958052777046
4283,-122.280824899025,47.5519011564046
4287,-122.295178807355,47.59586991074989
4288,-122.347985261018,47.74692090928389
4289,-122.318777341927,47.6051599352127
4297,-122.324643046341,47.68143084498481
4301,-122.295451802335,47.5737684559542
4311,-122.31252058344026,47.72083263248768
4313,-122.352654726913,47.6649750950836
4320,-122.319379511232,47.6141413433469
4329,-122.3848038233,47.6731458767018
4330,-122.37551597677502,47.68683388980529
4335,-122.380198778226,47.6693727682378
4345,-122.373743307824,47.6650021615996
4351,-122.3740287229726,47.69602541433242
4352,-122.374034393508,47.6955661507053
4353,-122.259537780651,47.5036952030747
4354,-122.351965171316,47.6977807199151
4356,-122.311588267316,47.6075505015153
4357,-122.311603025853,47.6079655467244
4359,-122.329126139059,47.6283219822731
4360,-122.35651731186162,47.65418790155004
4361,-122.384027098196,47.66940455481241
4365,-122.306954477915,47.7038914292033
4366,-122.40101640408402,47.68023044255299
4369,-122.363807865112,47.7618109805516
4378,-122.291924321246,47.6224376132937
4384,-122.325405143213,47.6722211645396
4386,-122.308887958336,47.60235307400651
4393,-122.342041591789,47.7705750237761
4398,-122.346630687714,47.65963823417351
4399,-122.353683983856,47.7740947294823
4402,-122.316101507465,47.5794469727186
4404,-122.28887470107186,47.62776041910736
4408,-122.303629765791,47.6243552687889
4410,-122.330065249,47.58790607377531
4412,-122.355695188767,47.728697536839
4417,-122.30734578277,47.57313339747841
4418,-122.30801131084802,47.57313477358431
4422,-122.377589476989,47.6650028704511
4424,-122.324658714532,47.6212494376355
4428,-122.329367255976,47.6407959568007
4430,-122.310709817347,47.6205388083092
4433,-122.298497547661,47.6758199420683
4450,-122.3370888017204,47.61895980987818
4451,-122.3108222669794,47.5802206083425
4452,-122.303828027175,47.5567445609457
4458,-122.289349861476,47.5536118577185
4466,-122.37778822249702,47.6794709266872
4467,-122.32402255667098,47.7570628915714
4468,-122.33782168444858,47.77181163898248
4469,-122.28262887120802,47.5135239689149
4470,-122.282287579922,47.51352215399131
4475,-122.326682560382,47.7273435620008
4478,-122.384799266497,47.6738694405546
4486,-122.319862502828,47.6219624736565
4487,-122.340898055071,47.6478076618561
4488,-122.297987225923,47.5863274610163
4489,-122.33665387109,47.57973846303431
4494,-122.29840023292802,47.55099641041139
4496,-122.36095877111602,47.7142422317423
4497,-122.29485997621002,47.620118250448
4500,-122.314666764815,47.5750840466524
4504,-122.306312895866,47.69391888973039
4505,-122.280771962501,47.5604955638082
4511,-122.273796959078,47.5168404949838
4514,-122.331612928057,47.7304401369676
4515,-122.37896839748,47.6905526954093
4517,-122.303941516651,47.726531558158094
4522,-122.281658958681,47.6652110285389
4523,-122.2913869850054,47.602220223206345
4524,-122.323368320849,47.71397178405929
4531,-122.343477266471,47.6942338735737
4537,-122.278889998485,47.6993889920034
4541,-122.29870733724,47.5739883146096
4543,-122.297472965672,47.69028722273341
4545,-122.24851283733,47.4993625477916
4546,-122.248037781013,47.498889538674
4549,-122.29519839908798,47.72293724387745
4554,-122.310071089081,47.6161123651356
4559,-122.377083738617,47.7083470132813
4565,-122.32013415599432,47.63958439174383
4568,-122.334071347673,47.58340656507371
4569,-122.288716694226,47.6186106585203
4570,-122.288836117125,47.6183030110881
4571,-122.272706439105,47.5346804215692
4575,-122.355764596763,47.755995498306
4576,-122.263562620426,47.5424867569024
4577,-122.301777759809,47.7067319469919
4579,-122.369317198424,47.6832159723281
4582,-122.363920393608,47.7769097909564
4584,-122.307363869564,47.7212522884984
4585,-122.301449212728,47.5844559020997
4586,-122.288109600306,47.566194332521
4592,-122.342512434315,47.7340671351607
4593,-122.3487957653628,47.70501307497573
4596,-122.33399123413334,47.71043342996907
4602,-122.322280561883,47.62075702899781
4603,-122.322266085337,47.6203778694816
4607,-122.299632391719,47.542959743923895
4608,-122.337588300128,47.704982514516
4609,-122.277841278176,47.6993973500052
4613,-122.308468772821,47.68845276329596
4614,-122.363078784001,47.7560244511441
4615,-122.37218448206951,47.70514581292198
4620,-122.31285061037867,47.63752253558977
4622,-122.326077454632,47.6119669281439
4623,-122.358213387421,47.7081521935636
4625,-122.323295082182,47.6488239744487
4644,-122.33968543384,47.6208289597128
4650,-122.368800796933,47.7014768072676
4664,-122.347780977598,47.72529816249121
4666,-122.347459089663,47.70500914704435
4669,-122.395695486246,47.678064925809
4671,-122.331607886906,47.728610177361794
4672,-122.291132828841,47.6236240583101
4673,-122.370678462339,47.6637403482088
4678,-122.284830806508,47.6612285669249
4681,-122.320364777579,47.6130022976522
4685,-122.315134841461,47.6199966095815
4686,-122.31528761438,47.6851476279575
4690,-122.353552073902,47.7233112061943
4697,-122.3092753587802,47.77332331020831
4699,-122.366698852421,47.7664906116347
4702,-122.34473922317,47.6554230033639
4707,-122.330948171125,47.7220325079281
4713,-122.281483037759,47.6544373619325
4714,-122.361260418862,47.7582371457087
4717,-122.29650431127,47.6613279008692
4718,-122.336164282066,47.6531862764789
4722,-122.297868056685,47.7180038189187
4724,-122.332517854745,47.6591154375843
4730,-122.339504888203,47.7196210637366
4732,-122.2807680062834,47.5598324097378
4733,-122.3481111295168,47.70809293560286
4734,-122.3474939194064,47.70796774064495
4738,-122.373721293585,47.6723035214528
4739,-122.377402504065,47.745964918336746
4743,-122.366390323579,47.7130692901326
4744,-122.318744803233,47.64867303107869
4747,-122.352675584729,47.7032661138723
4749,-122.300802130251,47.662951821889
4751,-122.352504731222,47.6876254433571
4754,-122.311362218494,47.666460859893
4755,-122.311203817178,47.6396868901822
4756,-122.279733609727,47.6522908504236
4758,-122.370450831833,47.6868302073078
4760,-122.312219603934,47.691320305675
4763,-122.35154995488,47.7086600073736
4765,-122.290185879074,47.5966662420479
4772,-122.34508826929898,47.7200522785748
4775,-122.339925731713,47.7450201791112
4781,-122.334394053938,47.734075755443904
4785,-122.311477572496,47.5996317451034
4787,-122.296408492226,47.6262724527894
4793,-122.317384425516,47.6815137044242
4794,-122.350276245328,47.7223540091264
4799,-122.398198029635,47.671604694110805
4801,-122.317719927196,47.64687176950489
4803,-122.283322116336,47.544542803748605
4804,-122.309352821936,47.6205334385479
4805,-122.323530047709,47.6485584218266
4807,-122.316189867791,47.619990849632
4809,-122.325387670435,47.6264895572691
4811,-122.299073976582,47.5863177191975
4813,-122.3174424927616,47.5837727557766
4817,-122.315553592467,47.6200155159624
4818,-122.31554976650598,47.6197165263818
4821,-122.3479859671506,47.6510934947071
4822,-122.280818398148,47.5544935539428
4833,-122.3346917359326,47.717174421827536
4834,-122.3903610008648,47.69168570861196
4843,-122.360922882651,47.711670644684
4854,-122.317208017387,47.5899423483949
4855,-122.236063843688,47.502843161297
4856,-122.276542860409,47.6489889644244
4857,-122.332604958075,47.7705487148038
4859,-122.273543165979,47.6839051880051
4866,-122.293572216785,47.73199887065331
4868,-122.300309539089,47.628201355925
4870,-122.327183004441,47.639692440502735
4872,-122.340213729869,47.7577412443515
4874,-122.345065627009,47.6817544675775
4875,-122.344636487147,47.6817445216137
4876,-122.322336853168,47.6349926387662
4880,-122.286665056109,47.5662035783604
4883,-122.303788873194,47.6090643032328
4888,-122.339440467419,47.71632047210212
4889,-122.339423040758,47.7159819469671
4891,-122.31080181736,47.5798532990078
4892,-122.289376953839,47.7118731324241
4893,-122.360723953763,47.6708227515414
4894,-122.25001773381102,47.5010337752021
4895,-122.288321527738,47.6260971097162
4896,-122.335234442868,47.6479847851769
4897,-122.327981602079,47.63682206273959
4898,-122.288182344893,47.6604676011698
4901,-122.363236955587,47.7027656611428
4904,-122.34643081705356,47.73419693890704
4916,-122.344251133592,47.7504541955034
4917,-122.37864895644,47.7027499592894
4918,-122.3113722806132,47.57506254348279
4919,-122.346636658445,47.65862837569
4920,-122.346641448922,47.65902892987091
4921,-122.32463865856,47.6368339306133
4924,-122.301037637298,47.625559769253
4926,-122.289140200266,47.6648334609524
4927,-122.375490349548,47.694209306621
4928,-122.361517651446,47.6795114891889
4929,-122.331155025082,47.622019172676
4930,-122.294935608708,47.7120204290521
4935,-122.314398733092,47.68848213902519
4936,-122.314995824295,47.6884877961374
4937,-122.306269079491,47.6043333053394
4939,-122.303277545601,47.5750326017737
4941,-122.324434720858,47.6356810588633
4942,-122.324498913566,47.635828765736
4943,-122.345754579824,47.7530297832045
4944,-122.272464710645,47.5070275619049
4946,-122.403271265844,47.6781645781633
4948,-122.355660518606,47.7189376125149
4951,-122.309942290568,47.7297133374625
4953,-122.353594191048,47.7705275793318
4963,-122.305122987833,47.6902470248044
4964,-122.274205390462,47.5425141983944
4965,-122.273577190166,47.5425151011479
4968,-122.281213683385,47.6606825825488
4971,-122.346620514007,47.65501162359211
4974,-122.28922069688,47.6583663713264
4980,-122.288756250725,47.557908171821
4985,-122.2780252129565,47.655391447223394
4986,-122.3489991503694,47.76761323119624
4991,-122.325383763493,47.6265333625584
4994,-122.317944177376,47.6163886114983
4996,-122.28757011838802,47.56790513421921
4997,-122.320017902317,47.6062644329913
5000,-122.331397981396,47.6626635870484
5001,-122.285004061733,47.55699201078121
5002,-122.32848464384298,47.6431121521777
5008,-122.321255978412,47.5809802733074
5009,-122.332591089713,47.6626713010956
5013,-122.283277507068,47.5363066713826
5017,-122.331346193873,47.5717395860775
5021,-122.306785640764,47.5770000794735
5022,-122.310461984289,47.5974443174857
5025,-122.34198305260502,47.6971430292268
5030,-122.304753423271,47.7338390019994
5037,-122.342193373016,47.6580570722715
5038,-122.320779442934,47.655590167056
5040,-122.320403494268,47.6958222786211
5041,-122.320368345592,47.69498921721671
5045,-122.295763831691,47.5553730096648
5046,-122.295912008717,47.6931485278231
5051,-122.321399262531,47.6759152303996
5052,-122.276911049479,47.6545291912993
5053,-122.294896918885,47.56900539575511
5064,-122.342167504717,47.6585585840994
5066,-122.346168074728,47.6635350433703
5067,-122.300841221927,47.5845687944124
5072,-122.300531617373,47.675783188878
5073,-122.314948571214,47.6175776613005
5074,-122.235462255797,47.5006903277635
5088,-122.366696625952,47.7668829799124
5090,-122.34542376783028,47.75256310553565
5092,-122.235434167829,47.50140327237491
5094,-122.36379227269,47.7633261124821
5098,-122.295885652812,47.6866299615638
5099,-122.352504212468,47.6898014105605
5100,-122.35655240704098,47.65630727488931
5112,-122.3213535419124,47.62731948713764
5116,-122.371325018024,47.6685747696313
5123,-122.343427765708,47.652745098795
5126,-122.33235720605154,47.62206913524745
5127,-122.292921033648,47.585111795231
5128,-122.273153058412,47.5168284232713
5135,-122.346109987105,47.7679935635025
5138,-122.270514017733,47.67570890217521
5152,-122.309962009898,47.7339825692551
5154,-122.323055880392,47.7031956177876
5158,-122.355737485291,47.7451192480676
5159,-122.355734374917,47.7449485473619
5162,-122.324094145082,47.6240436637029
5163,-122.34842673133,47.7623540655021
5164,-122.26373615485902,47.6801491665417
5166,-122.301555232157,47.6939511016643
5172,-122.288212422645,47.7047079005745
5177,-122.3082113315,47.5924958847248
5178,-122.375509630307,47.68500504865491
5179,-122.323572224467,47.6277793534452
5181,-122.3247782192008,47.71400316958731
5183,-122.31552722994532,47.726626169452366
5185,-122.3488364977412,47.70796549907409
5186,-122.26311729355298,47.5168676717694
5189,-122.302271107006,47.5500518492565
5190,-122.301771818799,47.549991648889296
5193,-122.330138309987,47.6590701580749
5199,-122.340825574252,47.6591278903725
5200,-122.339760879138,47.65912396005562
5209,-122.35567204406898,47.744949576449
5217,-122.333143668854,47.64810142881
5221,-122.304892073165,47.5731309235283
5223,-122.29340894112,47.695611816616896
5225,-122.321252704653,47.5841403441221
5227,-122.35379849158478,47.76444789603234
5230,-122.363625637003,47.7136549149943
5231,-122.270029237477,47.5526092449835
5234,-122.350620374995,47.7342034511206
5243,-122.328250935977,47.6755549577191
5247,-122.395794586472,47.6830369152486
5265,-122.353359805075,47.7015024316928
5271,-122.349256751475,47.6541626076423
5272,-122.30547950326,47.58402051688098
5277,-122.307445218183,47.7338118284977
5278,-122.377987850231,47.6695143085178
5282,-122.2870408430204,47.52615995319388
5283,-122.330393569908,47.6242290501371
5286,-122.331521118237,47.57435051648431
5288,-122.325444059458,47.6716095617582
5291,-122.331317341806,47.659074516344994
5297,-122.337819012644,47.5898276613706
5302,-122.312499834814,47.7157286755021
5304,-122.333205159123,47.5797141574729
5305,-122.30374326018,47.7192881695063
5307,-122.320658217692,47.6118738838434
5312,-122.295920864419,47.6966282773522
5314,-122.3092021455636,47.63227801368994
5316,-122.295971753367,47.6892088891997
5317,-122.321100171176,47.5535403988441
5319,-122.306258513405,47.5951676304484
5324,-122.312241857487,47.7021140994396
5327,-122.27728635806402,47.6515191904901
5331,-122.325607037745,47.6334947870133
5334,-122.292407002411,47.56799292944
5336,-122.293898192839,47.7312116712986
5337,-122.355546465184,47.69056519656165
5345,-122.238255451772,47.4837293333641
5346,-122.31260485359,47.732679203412296
5350,-122.356187797419,47.7035949913308
5352,-122.279836552111,47.54417637311699
5356,-122.34302797768198,47.7619442520338
5358,-122.326550669602,47.6396939061111
5360,-122.36058645758,47.6832361941005
5361,-122.227531414319,47.4918934736852
5363,-122.310082684353,47.7715254498704
5365,-122.373369861889,47.6745872044913
5369,-122.352658532969,47.66354645813059
5372,-122.368658551381,47.674584185884
5376,-122.378979069723,47.6776642728227
5377,-122.377842762346,47.6924011046554
5379,-122.34474242457502,47.6621660721722
5383,-122.36056882434,47.6824769712118
5384,-122.334071200193,47.5755280187736
5385,-122.304389635264,47.5775754844461
5386,-122.347686187068,47.73059439783551
5388,-122.325685932531,47.6849758883036
5406,-122.248584101051,47.511865407861
5407,-122.2482916323678,47.51165616491856
5408,-122.307431224701,47.6379336802861
5409,-122.306916262066,47.6376850423057
5410,-122.317043010528,47.6772534821786
5411,-122.23210889647,47.5008830659102
5418,-122.319612258296,47.6621779171466
5420,-122.303721446603,47.6939421204333
5423,-122.340956543621,47.7286296450496
5427,-122.339738636891,47.69421022278599
5428,-122.339110039186,47.6941982007508
5431,-122.34765701499002,47.72856201268771
5436,-122.369454516163,47.6906962868236
5439,-122.388178517252,47.6759070714985
5441,-122.3065609694472,47.66795235340376
5443,-122.314647089285,47.57954411803061
5448,-122.26943343300802,47.5629931503471
5449,-122.26877886342,47.5629497475226
5451,-122.355334599181,47.668730376832094
5458,-122.31481655763498,47.6966921369007
5460,-122.312786304705,47.606666616748406
5462,-122.342035296515,47.7540936345081
5464,-122.229198963115,47.4919336509984
5465,-122.318085462806,47.6062574152429
5466,-122.317586552411,47.606256573449095
5467,-122.254370798518,47.5062969748302
5468,-122.303732429436,47.6186223674232
5473,-122.31460680287098,47.584776088237
5475,-122.296180036832,47.5708686736252
5480,-122.346139170217,47.77219916117681
5488,-122.37665227911002,47.68680965045579
5490,-122.27332161095426,47.68297484688512
5493,-122.286494928142,47.5542048450089
5498,-122.355378413498,47.7123684448508
5502,-122.3545213782646,47.65547456432444
5503,-122.26698576441,47.56059186648721
5507,-122.295980890704,47.6916104108101
5508,-122.28414317974598,47.6638072919659
5513,-122.396308341917,47.69944311154169
5521,-122.342458395715,47.6869763741758
5524,-122.278891826314,47.69932109214
5530,-122.279608769582,47.652712566805945
5531,-122.363924831572,47.6643088194987
5532,-122.328262305488,47.6740251951532
5535,-122.268392657032,47.67858796980354
5541,-122.281456364924,47.6974410801085
5543,-122.324854460223,47.61853916379139
5550,-122.312513433814,47.5731404868882
5554,-122.340192732029,47.7560441132722
5557,-122.350610444226,47.7348838186416
5559,-122.344749954224,47.6527940023724
5564,-122.328365907633,47.7631817402112
5568,-122.365238154292,47.723358328345824
5577,-122.320028036379,47.67807898396419
5587,-122.30139648799302,47.5682533943128
5588,-122.34729112537,47.6905214704037
5592,-122.342306144443,47.7631925331597
5595,-122.2805580127695,47.6536893278535
5597,-122.352502686541,47.6883500984244
5598,-122.312223706381,47.6948370897714
5599,-122.303097496559,47.7120346946627
5600,-122.32374757481205,47.609366144159786
5601,-122.30801168323,47.6252049237911
5603,-122.326864184597,47.6343124088721
5608,-122.390359252585,47.6920045993937
5611,-122.32807126151695,47.610985666025975
5612,-122.32753455420006,47.61041568161202
5619,-122.288609524538,47.72648074656061
5621,-122.326497133756,47.6242529924129
5622,-122.24477487434902,47.50986123559732
5623,-122.312769506195,47.7380544758981
5631,-122.232833900402,47.5027691010397
5632,-122.350411986142,47.71963438747449
5633,-122.350248127549,47.7195448170011
5635,-122.30905301071398,47.6398879893477
5638,-122.29036792571,47.55349425409221
5640,-122.283305219082,47.5438260825046
5642,-122.323613583663,47.65590555719249
5644,-122.30294057678502,47.5538165017092
5645,-122.30845876783,47.7157053749483
5656,-122.365969996606,47.7014537618851
5657,-122.365667212073,47.7014374676296
5664,-122.264468184367,47.521886302728696
5666,-122.357222281982,47.7740804286667
5669,-122.32812707966498,47.61014739728888
5671,-122.227494978644,47.4881117476354
5676,-122.340150069155,47.5772609330274
5678,-122.312058349888,47.6781044476275
5679,-122.35076051683798,47.74691290754921
5685,-122.385679931359,47.66940718672671
5689,-122.291408134765,47.747826431355065
5692,-122.289506099922,47.7029100652881
5695,-122.296308239529,47.6115982539461
5699,-122.285763706899,47.5497336332059
5703,-122.27941749912002,47.5605043316969
5713,-122.383293822917,47.681360694945305
5715,-122.347815523165,47.724925989378
5716,-122.313480369591,47.5794413603854
5718,-122.293500020764,47.5907271115071
5725,-122.321364727635,47.7496389362248
5726,-122.280796024983,47.55621184841621
5729,-122.310451207008,47.7175192786701
5732,-122.28832778806002,47.6260842559093
5737,-122.3214336872961,47.61038080533513
5743,-122.308887031872,47.6026416968013
5744,-122.32959427432,47.6242303583408
5746,-122.342493400678,47.6519282390906
5752,-122.3422760141,47.6554797195451
5758,-122.323450466988,47.653933570407
5761,-122.297379441063,47.686674686668
5773,-122.335748183392,47.7159786888733
5775,-122.3211179086852,47.74135835425222
5789,-122.39165913922402,47.6738918454077
5791,-122.365903115641,47.6883433822831
5795,-122.300456853516,47.6379384334808
5797,-122.347952045857,47.7456781739973
5807,-122.28533100650002,47.7155093426002
5811,-122.27743696334537,47.66484856390003
5814,-122.3810275575584,47.66940309531371
5815,-122.381459082924,47.6694006992503
5816,-122.368692323817,47.6644525186169
5820,-122.373896087846,47.70834067357341
5821,-122.3816597804068,47.6675279296215
5839,-122.32234687192134,47.63587345620377
5841,-122.324627420447,47.6804715519589
5842,-122.305593385844,47.63958384742549
5845,-122.36483623002,47.7004468695383
5850,-122.313461675714,47.57682175804829
5858,-122.29250645804102,47.6721101763126
5861,-122.333854924526,47.70599764841841
5866,-122.291238249908,47.7481950717783
5867,-122.280777537991,47.67582997957711
5873,-122.305114393555,47.6035410825907
5874,-122.339474530877,47.7181611313215
5878,-122.267005504743,47.5605503837597
5879,-122.27529278502702,47.5169489923708
5882,-122.302557095689,47.69022468657969
5883,-122.342436721879,47.6527434592936
5884,-122.310719408495,47.5837501944695
5886,-122.316236788476,47.666393662217
5887,-122.368776411484,47.6991849358137
5889,-122.280911552599,47.5463803004663
5890,-122.280911413678,47.5467255466452
5892,-122.351048331133,47.7603814423872
5895,-122.31453884492198,47.62429773658889
5897,-122.348469369557,47.6649592243765
5899,-122.346165027694,47.77341648730415
5903,-122.278167834783,47.5424922815888
5904,-122.293011440623,47.5365988837357
5905,-122.293894516689,47.731991117373205
5911,-122.320098400827,47.6081077346452
5912,-122.320650586147,47.6081069354241
5923,-122.29601128677798,47.69030765874791
5924,-122.295995796271,47.6898923289773
5925,-122.336238668392,47.648333876375
5927,-122.30001923098798,47.5442399801174
5929,-122.315568532366,47.73645543944159
5931,-122.307381642523,47.6268181257559
5932,-122.39037344863702,47.690936333041
5933,-122.314752998812,47.6137380762282
5937,-122.329061213803,47.6591007954122
5938,-122.300076164381,47.6116086486043
5941,-122.359378110024,47.7123123041271
5947,-122.320340699921,47.6868076322183
5948,-122.355160087902,47.6810214649932
5953,-122.2845015438995,47.6226495987707
5954,-122.346308555475,47.7770682900287
5957,-122.366294910618,47.6617363592687
5958,-122.286294627493,47.6568003671868
5959,-122.286302389885,47.6568129237661
5973,-122.291708417588,47.6848711395016
5976,-122.30136558053296,47.613315914918346
5977,-122.320658879222,47.709567628884
5979,-122.31501203227,47.6867141744119
5981,-122.30289927723702,47.55500119766881
5983,-122.366090018741,47.6943208625128
5987,-122.322063403104,47.6231660116789
5988,-122.328932957214,47.7304103218481
5990,-122.3458031447474,47.77214726626208
5992,-122.32540667944902,47.62080664708011
5993,-122.286215187397,47.5678917408367
5999,-122.328422314585,47.6396896888808
6004,-122.344683686182,47.69237997073551
6007,-122.3234601214,47.6152945951929
6010,-122.2807853248396,47.557425411700265
6011,-122.280797273188,47.5569893775457
6017,-122.306943409507,47.5829156360445
6018,-122.275382557779,47.5504520911041
6026,-122.385845635832,47.66735439333231
6027,-122.386129760613,47.6672746762675
6028,-122.325952747224,47.710831394044
6033,-122.280810606194,47.5553440876893
6034,-122.320729158932,47.61817327704781
6035,-122.289885385501,47.5606768463852
6036,-122.289345959664,47.5606743051462
6038,-122.353345939307,47.6977836522821
6040,-122.3099785702744,47.717151887668216
6046,-122.3624451336732,47.76331489665208
6047,-122.283176262226,47.718299418187
6048,-122.304962609521,47.6043321862104
6049,-122.31796832457276,47.65532847258627
6051,-122.27992436425798,47.6333189870361
6061,-122.357452725623,47.706866575803
6067,-122.30680592197298,47.577041459371095
6068,-122.325187087932,47.620838015213
6070,-122.227510548649,47.4864991593847
6071,-122.273714033183,47.66120839978405
6081,-122.384809214819,47.672008218532
6082,-122.394376702193,47.6849663184964
6083,-122.324302377579,47.649165144288
6084,-122.364865671087,47.6629672786892
6091,-122.2529802429006,47.49573931150268
6096,-122.266514955893,47.5268615017818
6097,-122.227373960698,47.4845198131963
6098,-122.347409154538,47.7017999931632
6100,-122.345175441081,47.7277749723743
6104,-122.325473106696,47.6339130183463
6112,-122.345209189822,47.731021117465
6118,-122.309228579345,47.577039095955
6125,-122.326062864106,47.7504735799871
6126,-122.32066454357,47.6092896164902
6127,-122.233047907527,47.4936952349637
6133,-122.312731831506,47.6220004139475
6134,-122.31538345723702,47.6062636786916
6148,-122.3016309643374,47.67659278656661
6149,-122.327166124021,47.6397340039945
6150,-122.320775449665,47.6549801130401
6151,-122.293988822135,47.7427975225883
6155,-122.3268684458925,47.617886255057954
6156,-122.326857152063,47.61787387526
6157,-122.3877185731446,47.67306357096648
6158,-122.329557059534,47.757716539456304
6159,-122.276270281805,47.6565617736349
6160,-122.266455795858,47.4992372734954
6170,-122.287802423943,47.5295990654088
6171,-122.287732433784,47.5279512265721
6182,-122.276397253354,47.68343902909536
6187,-122.363621434845,47.713641863115
6191,-122.395710787726,47.66942824245709
6194,-122.259305438639,47.51163350750951
6200,-122.312308222556,47.6905581907622
6201,-122.33349241817102,47.5859954408744
6204,-122.366293702427,47.6631860075245
6209,-122.272618311415,47.5477695177697
6210,-122.31525442384918,47.710974112219816
6218,-122.34869139209302,47.66145190249839
6223,-122.398465137146,47.6830868517084
6224,-122.241683400495,47.4978374485241
6230,-122.339011278136,47.6869667485793
6234,-122.278648437688,47.5134397121663
6237,-122.309025872621,47.6884532758918
6238,-122.33843203672798,47.74145664395579
6239,-122.3591722158164,47.654818247954005
6240,-122.344212228245,47.7535373071677
6242,-122.329945320102,47.629673457220896
6244,-122.273139917921,47.5605194862543
6250,-122.272647906753,47.5518599036
6251,-122.235524139749,47.499220291534
6261,-122.311518309036,47.6016118773071
6263,-122.385305345561,47.6759197122345
6265,-122.295021075813,47.717335553417
6267,-122.330359111309,47.6195959523574
6269,-122.301988794377,47.639009814173
6271,-122.310111470573,47.60433690569349
6274,-122.358901646042,47.7142151902086
6276,-122.32527230801084,47.6121836477453
6277,-122.32599479595406,47.611846684743576
6285,-122.29101179213669,47.57831438659159
6286,-122.3089023941536,47.73395449036868
6289,-122.360788156223,47.6977909734806
6290,-122.347293928338,47.6876239908456
6297,-122.3208774214308,47.65104570094825
6302,-122.374871130195,47.7083211617481
6303,-122.326909671531,47.7496500261603
6305,-122.32298290212262,47.6945050231661
6309,-122.320828245563,47.7158063781226
6310,-122.33636718865598,47.7159753795251
6311,-122.240687594686,47.4989090920393
6312,-122.33113908189098,47.6850399094588
6316,-122.30041010853002,47.71270079254048
6318,-122.40117146642,47.6770610456292
6319,-122.28282184311853,47.6560882050927
6323,-122.317456970494,47.6867703822936
6325,-122.299437700235,47.5784041090765
6326,-122.315370436356,47.6115108887725
6330,-122.395767279987,47.6795614344702
6331,-122.32937966847,47.6402940834964
6334,-122.298529112648,47.7173990355708
6335,-122.310560348169,47.615487075202
6337,-122.267353412818,47.5197785226701
6339,-122.27719486892902,47.6364194280031
6340,-122.349282548848,47.6512955295572
6344,-122.323045623231,47.699954594663005
6345,-122.33676342391202,47.5718360378161
6364,-122.30781052199,47.75025663184059
6369,-122.281870333374,47.5678745033197
6373,-122.276525547047,47.6612487418187
6374,-122.307479888337,47.6115580147681
6375,-122.328264421043,47.65904883048879
6376,-122.390087422097,47.6697798213904
6377,-122.33365840185633,47.6220441381445
6378,-122.348420046578,47.7210897325173
6383,-122.285172646835,47.6974707570347
6389,-122.335770925697,47.703183722028506
6391,-122.374433262154,47.66359229387151
6395,-122.296924040419,47.6613297010508
6399,-122.289637920341,47.565476448971
6405,-122.304740538231,47.6231538296855
6409,-122.333518324444,47.6207702746468
6410,-122.342346590015,47.7195853879272
6411,-122.312197945449,47.698476023650606
6412,-122.315648534628,47.5485906381132
6417,-122.32636436176,47.6456985272783
6418,-122.362131035094,47.700749358213805
6438,-122.357213277337,47.7741228367646
6442,-122.297047082171,47.567980152100894
6443,-122.361923782345,47.6701481889807
6447,-122.363640408805,47.7650184710146
6448,-122.283416551885,47.5570617660377
6451,-122.338514089499,47.659121208553394
6453,-122.35695391056,47.7232836285938
6460,-122.31543108960598,47.60163932157409
6464,-122.261210361985,47.50606555173349
6467,-122.26989524346,47.5281196942841
6468,-122.320369069158,47.6967267382497
6469,-122.285404090998,47.7100748048382
6470,-122.248808459009,47.4830879829714
6471,-122.30655103763,47.6706925309984
6472,-122.3650257352,47.66947876044591
6475,-122.277483622618,47.6523472029858
6477,-122.304399504862,47.5750393738421
6487,-122.361274980013,47.7672353986214
6489,-122.294913345949,47.711954925826
6493,-122.265732964788,47.5605474316637
6496,-122.324058208949,47.618530528465534
6500,-122.37739261418449,47.74593877064875
6507,-122.28449465617102,47.73052799396961
6511,-122.2436233615,47.4996274846929
6514,-122.316204701255,47.67336558174279
6515,-122.315729200602,47.6733983523879
6518,-122.293402789042,47.6993516533503
6520,-122.32202605114544,47.70868137631744
6521,-122.287163017951,47.5698146955306
6523,-122.293758188016,47.6099506322104
6525,-122.340842085448,47.6580469840904
6528,-122.26730398156,47.5389334949985
6536,-122.297582532412,47.6115925979096
6538,-122.398208045112,47.6721678276618
6539,-122.283591826171,47.710105798629
6540,-122.259523480135,47.5060602785752
6541,-122.300178997169,47.5682263140447
6552,-122.304607106956,47.62517075596859
6563,-122.313383992059,47.7713504861149
6571,-122.31286273419,47.6162284244491
6572,-122.270520277002,47.6624301693578
6573,-122.28916221896002,47.61520633084441
6575,-122.330746093801,47.6219269649926
6577,-122.287473512815,47.6866182699792
6578,-122.2868153432772,47.68663484017698
6580,-122.360720685082,47.6643692544172
6582,-122.272038407502,47.5460805480028
6583,-122.316681741567,47.6027091593005
6586,-122.296286475285,47.7070471225781
6587,-122.296302196268,47.7066438487584
6589,-122.292196793805,47.59038291637995
6595,-122.37896285579,47.6924411152998
6596,-122.255799315186,47.5135579051761
6602,-122.32288853714552,47.60841144331712
6604,-122.345529893041,47.7429170422735
6605,-122.298601903313,47.54053660578919
6610,-122.268841096813,47.6757151427559
6617,-122.3575161009352,47.67594733986867
6622,-122.268171451154,47.5570454222024
6623,-122.294088774211,47.5851005947234
6624,-122.275338029517,47.54969236786351
6628,-122.294911762789,47.5730750297707
6629,-122.353344954594,47.7427073951539
6631,-122.322926941013,47.6619874191043
6632,-122.3123908107668,47.7132349833361
6633,-122.324503237605,47.5950484959182
6634,-122.293287331964,47.6684686918386
6636,-122.32840079440624,47.703364495315846
6637,-122.36603536230102,47.65901796188231
6638,-122.324410829727,47.7689398814193
6644,-122.322918495123,47.6692772483429
6645,-122.379029280936,47.6905517106581
6649,-122.373802563746,47.66152350814699
6651,-122.320892026767,47.71822963204053
6652,-122.320875696007,47.7177616731746
6655,-122.33853039609,47.6600278531724
6656,-122.310004148209,47.735684346835
6660,-122.30490754062262,47.58630893554456
6661,-122.30225986535702,47.5776010277495
6667,-122.32685203703402,47.6458110468409
6669,-122.27759851162098,47.6502464256824
6671,-122.3215653694566,47.61038773521408
6672,-122.314059037893,47.5729530027729
6674,-122.312609452661,47.7200866904169
6677,-122.378575923654,47.662398065551294
6680,-122.288109517307,47.59115208169769
6685,-122.304018666459,47.545356217190296
6686,-122.272653454241,47.5027140403127
6687,-122.351373407825,47.7763115927098
6689,-122.276451839093,47.6993029560538
6691,-122.284962439745,47.5662432157614
6692,-122.3207297701422,47.71169980064168
6693,-122.272704436517,47.5358903220751
6696,-122.325340245779,47.6179891980695
6700,-122.27956978558102,47.67402117610831
6702,-122.331467247586,47.5717797547733
6703,-122.294064742581,47.5757505864
6705,-122.25073801814,47.502891268984506
6709,-122.30123242952898,47.5973255921989
6711,-122.348088099741,47.7064709767668
6713,-122.32094882848,47.6554081576723
6717,-122.38483985621971,47.66749666743503
6719,-122.352496751621,47.6890744577213
6729,-122.32688664494,47.6771106045777
6740,-122.302416641089,47.66197326256261
6742,-122.325643894132,47.63337820953749
6743,-122.31494410559,47.6949329561025
6750,-122.316776289902,47.5616686269394
6752,-122.285749956467,47.5512692360999
6755,-122.313077861045,47.5466911036097
6756,-122.382215704867,47.6699587557026
6759,-122.31256899333134,47.7326800672025
6765,-122.234506375436,47.4936798918936
6766,-122.278621550803,47.6322204441322
6769,-122.266936052718,47.6758502357363
6770,-122.283852598853,47.5662323027783
6772,-122.32200967096,47.602682059976
6773,-122.32442603467,47.67594692999571
6775,-122.315466225114,47.6138792238328
6776,-122.37882136403398,47.667584587673
6777,-122.378820731071,47.6679431878265
6784,-122.326508866069,47.6407967408367
6790,-122.32351649165498,47.6777343484271
6792,-122.30177168776,47.6721118576103
6793,-122.301765759338,47.6725101835361
6802,-122.32063499853102,47.613011784616
6808,-122.401207925284,47.6686627778382
6811,-122.309183350365,47.77421409766109
6812,-122.28194401770588,47.69239049322585
6813,-122.284778552244,47.5432518427458
6814,-122.318944471479,47.62195296598859
6815,-122.333636076345,47.662676232093
6816,-122.352541973339,47.690134266706
6819,-122.306250006239,47.6103479807601
6823,-122.296256525239,47.615237991981004
6838,-122.295061844044,47.5784115056292
6839,-122.300049868938,47.6008230106962
6841,-122.299025760622,47.53456330119101
6842,-122.275676459232,47.56415479564729
6846,-122.310277241572,47.5770620835385
6852,-122.354472560662,47.6739228613401
6854,-122.325790040134,47.6420803982647
6855,-122.325800854176,47.6417917654636
6856,-122.321625452193,47.55351203191319
6857,-122.316727232482,47.56241485553951
6858,-122.302127310314,47.6402937614072
6859,-122.290572288457,47.60790090064901
6860,-122.282619546762,47.71720334674941
6864,-122.27720616346916,47.6399078687567
6865,-122.316698493334,47.615316295062506
6867,-122.28261640654098,47.6346217083607
6868,-122.283379319075,47.6346307264734
6870,-122.32973970919,47.76561522460239
6874,-122.322092117329,47.624245192377
6876,-122.267267422298,47.5223679900649
6877,-122.355396711821,47.7129303642919
6879,-122.309421607619,47.7726697126106
6881,-122.387715171838,47.67012732166861
6882,-122.283944264743,47.5578011254356
6884,-122.375668007157,47.6831694581108
6889,-122.354247847823,47.7214603410021
6890,-122.366114587426,47.690707473733
6896,-122.3454886389855,47.742021399436254
6902,-122.308867655448,47.6062259536546
6903,-122.264054191901,47.5570307349445
6909,-122.332110466665,47.7094943939971
6913,-122.367192903833,47.6814798323937
6919,-122.319684749344,47.6548833189703
6922,-122.328264318406,47.759536948505
6927,-122.32216312203734,47.75226139463453
6935,-122.358126086802,47.6959829278424
6938,-122.295438623829,47.530067301856
6940,-122.265842366361,47.55107486964581
6943,-122.30247450966678,47.63560463425338
6951,-122.27671307280282,47.54770209674858
6956,-122.33888358895,47.6219937694649
6961,-122.290640775579,47.5579136903782
6963,-122.344630411227,47.6962960356956
6964,-122.363472813742,47.65782214751831
6969,-122.299133929855,47.733860259901
6972,-122.32875532242404,47.6107099350466
6975,-122.384215585213,47.6813177690777
6976,-122.290222258789,47.5461605103234
6978,-122.328379036019,47.69665541287801
6979,-122.347297513922,47.6861859063685
6980,-122.332494841806,47.6481188908674
6982,-122.387418573687,47.677650807322
6990,-122.299189644381,47.732031161483
6992,-122.348403430721,47.7615520095812
6997,-122.352936242879,47.7123000898052
7001,-122.386906940137,47.6694086168312
7002,-122.387401017409,47.6694072125457
7003,-122.306615507035,47.6395829039592
7005,-122.373657564558,47.67085148586009
7007,-122.322123123601,47.6543962141453
7009,-122.299601619414,47.544146885038096
7010,-122.299477803439,47.5437496135715
7011,-122.321763869883,47.7631335369626
7019,-122.254629059358,47.5097290500403
7028,-122.303239346081,47.5883475329774
7032,-122.275288305393,47.5415150167297
7035,-122.3070220448478,47.71207058050664
7038,-122.319604038082,47.60203836920849
7040,-122.293969374641,47.74283927130839
7041,-122.28167026995202,47.7172727911581
7042,-122.319704728426,47.75945838133532
7045,-122.27687305298998,47.5489102983319
7051,-122.380038630986,47.6769494017034
7053,-122.333775699223,47.7340778766941
7056,-122.304334883342,47.58359797995811
7060,-122.32076517633702,47.7139587528294
7061,-122.375526829318,47.6886849503557
7068,-122.31050941249002,47.5615733030659
7069,-122.308981339732,47.6160137585562
7071,-122.296011568776,47.5882544064521
7079,-122.312183226785,47.5802092500997
7082,-122.3666929017094,47.76802034893132
7083,-122.366336111235,47.6593218034478
7087,-122.283870932693,47.5661906101651
7092,-122.300629162314,47.7320390538633
7093,-122.307478644988,47.73566776272279
7094,-122.347296534667,47.689063734172
7095,-122.3169084767048,47.73888195859808
7096,-122.358314374089,47.7196641296037
7097,-122.345807508456,47.6494351719235
7102,-122.346214917959,47.76142883115565
7111,-122.286688221749,47.5678929295961
7112,-122.361963509379,47.7286571842351
7115,-122.298842707009,47.5408592598038
7118,-122.323476925959,47.7255545254882
7120,-122.302312383603,47.59892193718476
7129,-122.294217336377,47.5796126700098
7133,-122.262799498942,47.49870298742909
7136,-122.340194883681,47.75648911056541
7143,-122.325240796563,47.6227244439952
7145,-122.310007229127,47.6155838634221
7147,-122.292644938784,47.7196383350826
7153,-122.305081139187,47.6331653642938
7154,-122.377933796097,47.6635877335551
7160,-122.333749405962,47.70316962685191
7161,-122.3157298461,47.6750631209189
7162,-122.31572149689002,47.6753932480618
7166,-122.365943344642,47.6978042544545
7171,-122.264790272732,47.5369389023712
7176,-122.307303835929,47.7178967073744
7177,-122.351189288543,47.6515480601224
7178,-122.30551250678802,47.66341101354251
7181,-122.301147821845,47.70856918478515
7182,-122.387701154535,47.6887023783327
7185,-122.227522090401,47.485097122750666
7194,-122.278113065205,47.55269383227451
7195,-122.309057015437,47.6403387893815
7196,-122.329054877884,47.636832458523294
7197,-122.288036630379,47.711871522919
7199,-122.312685857348,47.7557865113507
7203,-122.33284401436,47.72496716441359
7209,-122.3215387631,47.5797099335308
7210,-122.227471193011,47.499687863071
7214,-122.372182784,47.6685792739612
7217,-122.316200157422,47.75600305661461
7222,-122.354466953778,47.674604861160994
7225,-122.301903169132,47.73568308375659
7226,-122.263731336228,47.679475785354406
7231,-122.297344781934,47.7428756961624
7232,-122.296587095007,47.7428635226702
7238,-122.227416790502,47.5018560020139
7245,-122.354208591561,47.7068493357691
7246,-122.303837859673,47.60621125442359
7247,-122.303445733153,47.60621605022751
7251,-122.363951446111,47.6625438206244
7252,-122.36395378134,47.6628681267407
7255,-122.360765787901,47.6628203369605
7260,-122.322242597747,47.6191245580737
7262,-122.286300695195,47.55273252312761
7265,-122.312996983221,47.7380336848961
7266,-122.364083836356,47.6687375045452
7269,-122.299093560568,47.5862762738947
7272,-122.352714948052,47.6541759702556
7277,-122.382087064071,47.6850608156517
7280,-122.272004576082,47.55703685876531
7281,-122.334430425115,47.6846142626726
7284,-122.3037999959722,47.690235431580895
7287,-122.3254572318,47.6707590194843
7289,-122.304298380486,47.6864292784349
7294,-122.343938749045,47.706919766988
7298,-122.280854681616,47.543130544005
7301,-122.349926579953,47.6643556246601
7302,-122.301374920409,47.6120139142978
7303,-122.30137851761,47.6116168361948
7307,-122.283352765698,47.5431658972976
7308,-122.312627160223,47.7200809492821
7309,-122.273345691668,47.54340616495509
7317,-122.288902824248,47.5566547008976
7323,-122.355414932015,47.68762888352861
7324,-122.337803234426,47.770548541631705
7328,-122.298574710059,47.58360815905561
7329,-122.344843041084,47.70557040954801
7348,-122.335085496536,47.7080764680831
7349,-122.340176083486,47.7556702115836
7355,-122.281882695697,47.7123534633997
7357,-122.3290085179655,47.7349331344503
7365,-122.264639401035,47.5136353650642
7378,-122.3266508336595,47.6195840432102
7393,-122.362900633291,47.765026520751
7394,-122.363504033333,47.7650312018476
7395,-122.34634160653302,47.6787315955175
7396,-122.318960745367,47.6396041456085
7400,-122.344467501585,47.74500302892673
7401,-122.234968783748,47.5028150609881
7403,-122.35541071633502,47.685844199775
7409,-122.30730437702398,47.5944750589097
7413,-122.32711823769876,47.60661170782432
7414,-122.32775342843496,47.607334485305714
7417,-122.31720362207402,47.7521949164412
7418,-122.378687848294,47.6664875307628
7420,-122.329664838454,47.71858800910061
7421,-122.329930703192,47.71826675987542
7422,-122.258225394576,47.5060916625258
7431,-122.36667874027,47.76529044978
7432,-122.3637357233984,47.71965839835074
7433,-122.310825898944,47.6164167482657
7436,-122.278421632228,47.705079854426494
7441,-122.3619608160692,47.7034376186583
7442,-122.361348138732,47.7035416314063
7445,-122.280752789348,47.55344553781711
7448,-122.29496645260102,47.6079085623317
7453,-122.362852249973,47.6589165042758
7454,-122.3168452928908,47.61934909850482
7455,-122.290859413333,47.72721181645661
7457,-122.330413175071,47.6219370611304
7462,-122.3036949318894,47.61337401547674
7464,-122.340371021448,47.6887717086181
7468,-122.355752488807,47.7477882442184
7470,-122.347681484816,47.7322624940415
7471,-122.3766655656736,47.68948043823716
7482,-122.305378100099,47.6369734768812
7483,-122.380017109586,47.6759486472695
7491,-122.326618602867,47.6195101012759
7494,-122.3414089456654,47.7450178345104
7497,-122.282094427024,47.6703651196037
7499,-122.335755473715,47.7024363201377
7500,-122.335752236076,47.702789553706
7502,-122.38207525768,47.681365082942
7504,-122.306143013063,47.7284618244905
7510,-122.343014257599,47.7614928152583
7511,-122.272624336834,47.5470397534242
7527,-122.289353784668,47.5911515288717
7529,-122.308901165607,47.596701706742
7534,-122.355388087275,47.6797040749832
7535,-122.31148037456,47.60161884409499
7537,-122.285349842715,47.7118367252446
7541,-122.269885816701,47.5460963631775
7545,-122.23452286191998,47.493721769022805
7546,-122.371887452681,47.675948591343
7547,-122.300100348925,47.540875397305705
7548,-122.33302651688798,47.6686300565872
7551,-122.30134331109498,47.61527741990411
7552,-122.304782564415,47.6170654817744
7553,-122.322118027757,47.602779182494
7564,-122.287718015305,47.68263545999681
7567,-122.308410649936,47.713890453527
7568,-122.2795450090084,47.6717980228725
7569,-122.320747694625,47.6575660427691
7576,-122.323052976311,47.7009948415288
7577,-122.325983826603,47.7121951511546
7579,-122.31017875312,47.57504713732019
7580,-122.309644932443,47.5750444447665
7589,-122.364925308719,47.7178900506561
7590,-122.272571927066,47.5560473923634
7594,-122.29766147879,47.5739891938924
7596,-122.3252606624962,47.62514328306743
7597,-122.325254110767,47.62484962584861
7598,-122.375264736442,47.7438114563869
7602,-122.325503042544,47.741306606584295
7607,-122.354168332756,47.7159193506973
7608,-122.283487879484,47.55053361473009
7613,-122.288214072749,47.558704411413
7617,-122.259602817128,47.4947727243398
7618,-122.265315875301,47.514104315281294
7625,-122.328893383108,47.5860667866118
7626,-122.281238057768,47.6586357553441
7627,-122.298679451203,47.6402861296862
7630,-122.352090621473,47.664978746695
7634,-122.319583364704,47.6187167384602
7635,-122.335173164958,47.65317802403829
7636,-122.2923678210832,47.56619917947705
7638,-122.277087635108,47.5641537322297
7639,-122.35071665261098,47.73918529369579
7643,-122.312022042402,47.6205599110857
7644,-122.313975605382,47.5982053391756
7645,-122.248533252037,47.4993223704972
7649,-122.359146736207,47.6526288780423
7652,-122.258802156154,47.4955859110376
7654,-122.278455228729,47.5118608676329
7658,-122.278015876511,47.7045836293627
7659,-122.292504380779,47.7325223147029
7661,-122.28623920665102,47.554205289180494
7667,-122.313535905234,47.6359561657772
7670,-122.3290341264674,47.719836200444526
7671,-122.35637797487,47.6667871647295
7673,-122.325938028832,47.70977802709441
7682,-122.322990610476,47.6859992295064
7684,-122.307949067091,47.5750449852922
7685,-122.30736274115002,47.575040739225
7687,-122.279401064549,47.6611853390107
7688,-122.289229266512,47.612848986870894
7689,-122.288878525921,47.5698231803456
7691,-122.344253097469,47.7511596755975
7692,-122.37402982018098,47.683204312502
7699,-122.36772688420272,47.76929814144535
7704,-122.330358043948,47.62222401080421
7707,-122.327094598367,47.6773313272661
7713,-122.33983300266,47.6688512692225
7715,-122.324117649374,47.625182019698094
7722,-122.310077647642,47.615322308736005
7729,-122.284847016574,47.56077862774
7730,-122.331881743897,47.5711345167306
7731,-122.313224111835,47.7520246018599
7735,-122.280760714069,47.5607664251695
7737,-122.253456627641,47.5097314903864
7738,-122.317955462048,47.5892322797439
7742,-122.377769502246,47.6776741746037
7743,-122.324202582811,47.7644917161597
7745,-122.235452898184,47.50099645265809
7747,-122.227528200964,47.4974880242278
7755,-122.355341226216,47.7064837294106
7757,-122.270550284961,47.50629825846389
7763,-122.312625436026,47.731619078928
7767,-122.288401135466,47.6189686824768
7768,-122.342047758446,47.6996546357563
7773,-122.35857217602,47.7591512123903
7774,-122.35089196863676,47.72813645061864
7775,-122.368692222527,47.6649844532226
7781,-122.2663212033466,47.6673399696562
7784,-122.37670587242,47.6979441341151
7789,-122.362897261679,47.71423420715789
7796,-122.32567450431002,47.6782445471025
7801,-122.3331502833568,47.57549471709213
7802,-122.334823919508,47.7596960997883
7807,-122.304961019794,47.604288299264304
7813,-122.31188266226802,47.6307228008264
7815,-122.34998570496198,47.691243432819
7821,-122.3019914911126,47.75415127104224
7822,-122.300679191492,47.7356470619494
7825,-122.320649591539,47.6129697564337
7826,-122.274446976915,47.5316017310388
7830,-122.353911203162,47.6923890687818
7831,-122.289398293501,47.684816842434
7833,-122.32893423403702,47.7260635026251
7834,-122.311651970449,47.5899590472046
7842,-122.349827831594,47.6513454694916
7843,-122.342373954849,47.7231497942468
7845,-122.30199865267498,47.7424631794326
7846,-122.258512302517,47.4912337963018
7856,-122.324086420035,47.760678776491
7857,-122.324096494516,47.7606851786904
7860,-122.312250002492,47.6931201635959
7866,-122.348087626256,47.7064284977828
7870,-122.327510850539,47.5860533957345
7876,-122.347289831387,47.6920926044778
7880,-122.30367203905,47.6140085138274
7883,-122.394709676168,47.6694274986132
7884,-122.39410288145,47.6694263435022
7885,-122.342066451671,47.7032917422448
7886,-122.341318164403,47.7032777444221
7887,-122.358536985586,47.7560081163862
7889,-122.3433358226708,47.648555099474265
7890,-122.270803730184,47.5534077389431
7891,-122.324537189468,47.6339121269247
7892,-122.37403377039,47.6979314674068
7893,-122.384241194234,47.6709575495482
7894,-122.304476786075,47.7120436088445
7895,-122.351238532089,47.7650796101407
7898,-122.34769018779302,47.7261579315003
7899,-122.374037335917,47.6886898120032
7910,-122.342656689525,47.6484459093349
7912,-122.316048441524,47.5855013751792
7913,-122.231001797319,47.5008717357044
7915,-122.316791913797,47.6173750806344
7919,-122.284869814409,47.6667394464256
7925,-122.283408588099,47.5590739067482
7926,-122.283416946549,47.5586089415696
7927,-122.295877194203,47.6072089356099
7929,-122.297975649245,47.5862852051876
7930,-122.286365374118,47.7191706977834
7935,-122.325397673246,47.674124495800605
7939,-122.269896837497,47.53329858831129
7940,-122.26989148059,47.53296870660031
7946,-122.3539820687426,47.75233813915942
7947,-122.354187385843,47.7519358827665
7959,-122.363475284616,47.7011338919682
7962,-122.2726435413074,47.67563622401666
7968,-122.35059575742162,47.76236564030068
7971,-122.238160338507,47.496623620359706
7976,-122.32340197289402,47.6807122862138
7977,-122.294829180151,47.5462618449852
7979,-122.32393168773557,47.61051307213445
7982,-122.306135263666,47.6373232084949
7988,-122.33467611601002,47.5736679962527
7994,-122.33360691050602,47.6682124985765
8000,-122.298952050273,47.6062194933773
8005,-122.282291685057,47.7103803517278
8009,-122.392798740512,47.670161237592
8012,-122.3094449943456,47.68389031425616
8013,-122.280905739027,47.5268067253474
8020,-122.298884220961,47.61161509752011
8022,-122.325349864732,47.6744051042676
8027,-122.278192184325,47.5441772858745
8029,-122.301917568522,47.730240038134106
8030,-122.351322340058,47.7749855778409
8031,-122.344826444084,47.7042732485662
8032,-122.39577946269,47.6809903085263
8035,-122.322547606469,47.60211450493491
8036,-122.312108051006,47.5785666464567
8039,-122.294573979206,47.5380017648622
8046,-122.324170176093,47.6349327153024
8048,-122.338553028972,47.6672427804422
8049,-122.306948464574,47.6994206113712
8051,-122.322933655214,47.66782406071659
8052,-122.323489542833,47.7186841525517
8054,-122.292603956189,47.7010846359091
8055,-122.254311815844,47.489954191955
8056,-122.278131368234,47.5441914892911
8060,-122.305327309791,47.6323274731673
8064,-122.297850449467,47.7083768199367
8065,-122.26368695586102,47.6765930378022
8070,-122.326998596481,47.6941202696948
8077,-122.380036076719,47.67168231286039
8081,-122.33509035011998,47.72507202722469
8088,-122.316254553755,47.6175577227004
8089,-122.328541470458,47.709135603975
8091,-122.371490512727,47.690694185588505
8092,-122.35618501130098,47.6595420112375
8094,-122.235604742098,47.4973807553352
8096,-122.379442876049,47.6990280976194
8097,-122.348111226147,47.7231571301371
8098,-122.336109077075,47.6591055706354
8100,-122.290301055877,47.5934909258096
8106,-122.305591118191,47.6664262050335
8111,-122.3266353487865,47.64611274660275
8114,-122.323477018902,47.6488743936597
8116,-122.26349762542502,47.5407043015064
8123,-122.303892757702,47.6695596072191
8124,-122.356900333802,47.7105796424324
8125,-122.349934678842,47.6847222222045
8130,-122.31731012972098,47.63766651502001
8131,-122.305470342494,47.5829104113077
8140,-122.36126485297298,47.767847682523005
8142,-122.342380316664,47.65408221074491
8145,-122.328649315057,47.69635415252261
8146,-122.297862744059,47.734326095016
8150,-122.360461152007,47.74136797038075
8154,-122.287871377335,47.55620780623372
8156,-122.276847930651,47.65758585274109
8158,-122.344870516135,47.7348258389726
8159,-122.344073399969,47.7123660623457
8160,-122.299130091185,47.730211354322
8170,-122.3347638435634,47.75717511270148
8171,-122.334743840678,47.7564839826662
8175,-122.29135271152472,47.74430380748088
8181,-122.318178631067,47.6034814865131
8182,-122.272587042106,47.5526625830999
8184,-122.317311136419,47.6671678503666
8185,-122.333021568848,47.6198328023647
8186,-122.3654156545836,47.65890015465492
8187,-122.30625379986002,47.5731325382765
8189,-122.2875108601544,47.61831287166386
8192,-122.263156678495,47.50493263994
8194,-122.2951297601438,47.56082473418904
8195,-122.3264281508192,47.74131047722136
8197,-122.32991809220398,47.7726240946935
8203,-122.27995866074302,47.6952742692963
8205,-122.329837105697,47.7700170188553
8212,-122.302162532173,47.6410265553788
8213,-122.335046017254,47.6607321504795
8217,-122.289215747263,47.6597959877044
8218,-122.32039609884198,47.7030822851569
8220,-122.34014703624,47.5758008163005
8229,-122.2829101724226,47.7238863337131
8231,-122.30294896444302,47.5828964674235
8239,-122.371663767916,47.71605687482471
8240,-122.333807050253,47.6917578037559
8241,-122.303788339787,47.6080724527087
8243,-122.314627914578,47.66648635162719
8250,-122.322341772724,47.6846703515318
8254,-122.269967698924,47.5129664491464
8255,-122.368668330271,47.675328699444
8256,-122.352668891317,47.6810183475315
8259,-122.328953764259,47.7364295213485
8260,-122.28352083103202,47.555224797426696
8264,-122.320362926126,47.6903172879132
8265,-122.31895196495002,47.60515765522981
8267,-122.322575471959,47.60808355881931
8270,-122.381618486139,47.6887645747043
8271,-122.381155933085,47.6887700476692
8273,-122.291727717842,47.6974274630933
8279,-122.309265934849,47.7733641846728
8282,-122.296714926485,47.6902823201956
8289,-122.296287899738,47.7084186594918
8291,-122.323621429768,47.6060865677099
8293,-122.357882828906,47.6615325829307
8300,-122.376909939738,47.680432594978605
8301,-122.307425026938,47.6221181405118
8302,-122.262019512787,47.4974183122946
8304,-122.334400714815,47.74055376788469
8305,-122.29952038242,47.6721144426789
8307,-122.330204076944,47.6531524998852
8308,-122.318312064915,47.6210311629774
8311,-122.336974465934,47.7286233406608
8312,-122.351060592279,47.7591247556293
8313,-122.351083842696,47.759592145665
8314,-122.360821062048,47.702483616237
8316,-122.36084054562998,47.70507040607671
8317,-122.360839957788,47.705505988849005
8320,-122.320615959237,47.7078564137091
8332,-122.32163222511902,47.60397194832709
8333,-122.32311372614002,47.60381818590751
8335,-122.38138749906742,47.66937019820853
8336,-122.300781352067,47.7429070641071
8337,-122.28557810907398,47.62504378920714
8338,-122.345783645547,47.7706145354782
8339,-122.273094124187,47.557028566369205
8340,-122.272553532377,47.5570297006332
8341,-122.319404179487,47.6742315407219
8346,-122.31843137695098,47.67795297032651
8350,-122.363402959687,47.6928445961102
8354,-122.351177860018,47.7668048905501
8355,-122.297560527143,47.6141726180955
8356,-122.336249273266,47.712337357959
8357,-122.351189734359,47.7674849799495
8358,-122.31495791108,47.5616579910336
8361,-122.33536844831622,47.73407043610895
8363,-122.29198252140502,47.5362880358906
8370,-122.298642257863,47.620196860610896
8374,-122.341981233213,47.697850127753405
8383,-122.315356641954,47.6080939630544
8388,-122.374036732554,47.7061581683927
8390,-122.268075918759,47.5556010787667
8398,-122.378893166105,47.6650042584665
8399,-122.348719220752,47.7722630529218
8401,-122.333652018906,47.6207693830481
8402,-122.361145945852,47.7619358509123
8410,-122.313488774734,47.5837339775183
8417,-122.334733746832,47.7560937684334
8418,-122.388785778963,47.6905056897856
8419,-122.287864883662,47.5309331254547
8422,-122.3037269824915,47.71927599824821
8423,-122.295042712611,47.7228433036519
8427,-122.2825306969832,47.613503323402526
8429,-122.32466276627,47.6546644519265
8430,-122.312110462883,47.61682447720781
8431,-122.312119898145,47.6164796346928
8436,-122.35538282279,47.7125867266725
8438,-122.362070442055,47.7633091295239
8440,-122.276041960605,47.64985548711715
8442,-122.282760763241,47.7172973153242
8447,-122.306672251155,47.624384832355794
8449,-122.264635242625,47.52315016196061
8456,-122.312804022935,47.604304978833
8458,-122.329433886892,47.6850197148291
8459,-122.353404103683,47.6512388923195
8463,-122.273187785353,47.5629836881001
8470,-122.342378117419,47.726159017247504
8471,-122.332781716355,47.6242285405709
8472,-122.292633902355,47.60792222342346
8477,-122.304713095742,47.6026361623151
8484,-122.310794015725,47.5795671680628
8485,-122.32704184746,47.61294053188194
8486,-122.32754196888492,47.61274790036197
8487,-122.36394735769,47.6694779972301
8488,-122.30427518170102,47.6664878229676
8491,-122.289814213578,47.5751624043609
8492,-122.31664485754,47.589943998861
8493,-122.25957150382,47.4960272362763
8495,-122.3303327757798,47.721266505619866
8496,-122.3300210059618,47.720890828744096
8498,-122.312872656277,47.6164204150824
8501,-122.334056835891,47.7170580752718
8502,-122.320635096234,47.7071906035506
8506,-122.349153819396,47.7469168161168
8508,-122.315691156643,47.7404589460369
8509,-122.315682595665,47.7401731385512
8513,-122.335624504326,47.6850762139783
8514,-122.36209201706,47.6960068861562
8516,-122.316676629547,47.604908355606895
8517,-122.286290821881,47.5512706517841
8518,-122.250958118209,47.4896867202337
8519,-122.30821491718798,47.71208246704591
8521,-122.362370411052,47.7233353373739
8523,-122.343755200847,47.72918972540881
8525,-122.264025436615,47.504918136182
8528,-122.285238116249,47.6884526239017
8536,-122.278144440655,47.5232488712951
8539,-122.27695565012,47.65569625738645
8541,-122.337076020627,47.7340760253197
8543,-122.311868926955,47.63409681714321
8547,-122.330069351766,47.5743550488636
8558,-122.337560380603,47.5900022264851
8559,-122.295950446299,47.5735977295257
8560,-122.323005566728,47.6231264423107
8561,-122.380047947368,47.677668869812
8562,-122.290996232633,47.5751577023172
8566,-122.372708698385,47.694212918665606
8567,-122.3088214893925,47.6631112967151
8571,-122.322010902477,47.6482952053735
8581,-122.31700419494,47.7084814891089
8582,-122.327044771724,47.685026548231896
8584,-122.297866151045,47.7301987658907
8586,-122.288941026171,47.562894888822
8588,-122.378950737494,47.6702317839134
8591,-122.37461855822,47.6637371886496
8597,-122.329397590042,47.630104468558194
8602,-122.32043074967198,47.70035087366781
8606,-122.304350082795,47.7029685198193
8607,-122.301913525213,47.6099843720615
8608,-122.32303813268702,47.6994605944438
8609,-122.296372636242,47.6099751217295
8610,-122.29560914629602,47.60997673241023
8618,-122.316053343996,47.5845185001395
8627,-122.281956424616,47.6346240787876
8633,-122.282782966215,47.701177877924
8634,-122.367581631682,47.6759406651818
8636,-122.293814329334,47.596624139076
8637,-122.313339190822,47.6210896352383
8644,-122.294127679329,47.5662035701651
8648,-122.326083708142,47.581249294109305
8654,-122.3811212345394,47.67999501662568
8656,-122.283095416312,47.5425012791691
8659,-122.316347128332,47.7097358906753
8661,-122.345709487067,47.6586271566212
8666,-122.328201981845,47.66504345300191
8668,-122.312029452219,47.67722354938561
8671,-122.301833939405,47.70266579111401
8680,-122.362420525859,47.6817562021516
8682,-122.328255810016,47.6602919247537
8684,-122.33363463777955,47.62333940175418
8685,-122.33371167438082,47.62309076566944
8689,-122.317365910492,47.6802320259188
8695,-122.392805074649,47.67096507641029
8699,-122.329575725456,47.686904581836
8702,-122.366740616488,47.7741471707779
8703,-122.318962342995,47.6414134489054
8706,-122.378901564656,47.6672184175373
8713,-122.297760272201,47.6663844660545
8715,-122.322474113298,47.6793075674255
8716,-122.334083910073,47.7220739220008
8717,-122.35416194308,47.734199126134
8720,-122.35007851874498,47.6996969575224
8733,-122.30889356423,47.6022038964997
8744,-122.396884031418,47.6951470701853
8745,-122.323387895333,47.7147941870472
8747,-122.36191410610802,47.7650224965985
8748,-122.362372311449,47.7650238497723
8755,-122.356055528568,47.695992589211
8756,-122.355506887636,47.6959908394059
8757,-122.343795431606,47.7414836542352
8758,-122.306932464862,47.7029887753877
8761,-122.295428856821,47.7428108932777
8765,-122.292568959508,47.5966248699692
8771,-122.259616679158,47.5001345885569
8772,-122.300643820516,47.66521055172419
8773,-122.3668891716562,47.66215332169316
8776,-122.33646084318998,47.697319481274896
8778,-122.28525653502702,47.5497231980352
8780,-122.292719601976,47.54621116413839
8787,-122.35557128368198,47.7043171226373
8789,-122.344894224281,47.70975732684061
8790,-122.382376171614,47.666769401165
8795,-122.30191871011898,47.6202642880747
8796,-122.29329859718298,47.690963431143
8799,-122.306040656157,47.5464553524381
8801,-122.338567436191,47.6576561230746
8803,-122.324381210061,47.6744075755859
8810,-122.313458152708,47.58632609338681
8813,-122.280830567181,47.5496871188862
8816,-122.36450170279,47.6759398772053
8817,-122.286008194915,47.66205334089491
8820,-122.361006510912,47.72332000007301
8821,-122.355675420303,47.725957662292
8822,-122.36343200253002,47.6960105695972
8823,-122.375521991175,47.690671354232
8825,-122.31882460359132,47.70849882018307
8826,-122.352648308803,47.6643509560231
8827,-122.313442488009,47.57686322011259
8830,-122.289543675943,47.72833210192
8831,-122.305667466949,47.7564829000218
8833,-122.307747414054,47.66639248248921
8834,-122.30546891636898,47.5795393580762
8835,-122.337800238131,47.769775294427895
8837,-122.306250198226,47.6061747206936
8838,-122.26421924926228,47.666618048429925
8840,-122.30999441179,47.733010883731
8842,-122.304921975031,47.7502386974655
8843,-122.297856866276,47.54023954347221
8845,-122.279274210949,47.5352653738065
8849,-122.353888993877,47.65038890432171
8850,-122.287967656169,47.6740298277075
8853,-122.35952688889,47.65896792722399
8861,-122.33303091541325,47.6204933359639
8862,-122.33291717849976,47.61936595289817
8869,-122.299635000488,47.6829730244901
8871,-122.262159037717,47.5107399238795
8873,-122.301403449484,47.60958617895951
8882,-122.282819734934,47.7029685509908
8883,-122.295508091623,47.5535989275216
8884,-122.274272143417,47.5460622485711
8892,-122.26203269006,47.4883272103572
8899,-122.331548665916,47.6531600642118
8901,-122.366696137918,47.7014838690526
8911,-122.3331637458944,47.74135867562431
8918,-122.376572008057,47.70581935499231
8920,-122.296953165172,47.547701488146096
8921,-122.296951044843,47.5480757803677
8922,-122.36374581665,47.6578199414159
8924,-122.311362199986,47.6664015634125
8927,-122.296241817569,47.720181914165
8928,-122.323477367008,47.6124781974203
8933,-122.35766586001098,47.65186442016161
8936,-122.357187432307,47.659604641183
8937,-122.349897660245,47.6724063222345
8942,-122.280104808118,47.6344558715612
8947,-122.320204728954,47.635945020104295
8948,-122.30620169928,47.7048123106721
8952,-122.377821678636,47.6887853631193
8954,-122.32076402881098,47.7158060801869
8955,-122.337437301101,47.7069144465906
8957,-122.325952412413,47.6225604772586
8962,-122.306258758017,47.6079537021627
8967,-122.303201006356,47.6002539613223
8969,-122.309039867079,47.6406350754483
8971,-122.348268922513,47.7122797381842
8972,-122.322419655295,47.6268119632566
8980,-122.275384658271,47.55185604305981
8982,-122.281391892462,47.6335778222402
8987,-122.339353089045,47.70322495649841
8993,-122.352667452346,47.7021395468141
8995,-122.34943485985998,47.7035708741968
8999,-122.343653336062,47.763186152987
9001,-122.309068892879,47.57312999280979
9002,-122.30415720837398,47.6912465244014
9004,-122.351320389321,47.7740970595212
9011,-122.336473388074,47.6869935390401
9016,-122.316063512612,47.57605546589431
9021,-122.309387473405,47.696652323179
9024,-122.342611303156,47.6493427294344
9030,-122.378813943884,47.6656646305222
9033,-122.29729640771102,47.68982087904269
9034,-122.32133605083202,47.7495619538937
9039,-122.319280359604,47.62424171518454
9043,-122.327833852519,47.6153821019216
9047,-122.320292599401,47.763120138895424
9048,-122.321086061626,47.7407208980269
9059,-122.345266879489,47.7340548768854
9066,-122.345272992697,47.7351460705157
9068,-122.324486016455,47.6797223544994
9070,-122.306885485671,47.69180524192209
9071,-122.306888655068,47.6913518642087
9073,-122.311435608901,47.5731343734393
9074,-122.22754347818902,47.4932515261701
9082,-122.264839815441,47.5070455863948
9086,-122.344067757194,47.653214124016
9091,-122.3478603096404,47.72445818225588
9097,-122.27939712332402,47.6541242932195
9102,-122.3061221413712,47.62316554377366
9105,-122.291937076383,47.5209745038722
9110,-122.318298218255,47.6758877039332
9111,-122.281027329131,47.6866030496713
9113,-122.35440750470998,47.7359511656796
9116,-122.312809227521,47.58995882488241
9120,-122.265115972186,47.6861886297613
9121,-122.366676348098,47.7638946021931
9125,-122.396904295514,47.6922993001414
9127,-122.37020831748198,47.6979262393327
9129,-122.372673889023,47.7052931537057
9130,-122.3607875150758,47.67083769260184
9136,-122.345134736148,47.7721908814148
9137,-122.360819802152,47.7043029671696
9146,-122.327367279673,47.65892503017411
9147,-122.281178123331,47.6612386635762
9151,-122.283610245846,47.6740275358999
9152,-122.347992656086,47.7235862792179
9155,-122.328940706585,47.7282368995345
9158,-122.286065299543,47.6140037751778
9161,-122.323029422194,47.6985973907748
9162,-122.349262453815,47.7487324237111
9165,-122.261287616572,47.5025488238167
9173,-122.32439723041598,47.68757732073559
9175,-122.348776683471,47.7741029566923
9176,-122.326235553219,47.6611138777223
9177,-122.324073010972,47.6199248941854
9181,-122.283363538737,47.6322418092345
9183,-122.281297545078,47.560772698121205
9186,-122.398309329094,47.6743793215527
9188,-122.299932962256,47.6189659327585
9189,-122.35533597563,47.6663473561346
9190,-122.3288501254,47.57364557878301
9193,-122.299222573069,47.737521624105
9195,-122.360890657306,47.7087003196394
9197,-122.386231958294,47.67023191520061
9199,-122.289145037759,47.615164030874006
9200,-122.33672571856,47.57365058784169
9205,-122.335050702069,47.660358378873205
9206,-122.2867657728495,47.54971750373525
9209,-122.28391541981098,47.679411121246495
9210,-122.309081031931,47.63959671176949
9214,-122.321259086229,47.6498488957373
9218,-122.261923295486,47.5510591678507
9229,-122.350281692914,47.712360259317
9230,-122.321816229101,47.61063348523791
9231,-122.29862709037302,47.5682021502792
9233,-122.272600943121,47.5496794109417
9241,-122.32201621041,47.6477865499038
9242,-122.287885130887,47.6938630742602
9243,-122.288009982117,47.6945824307066
9244,-122.303702606223,47.619693332479
9245,-122.316160198369,47.6383120532791
9251,-122.294191334722,47.56798285643033
9253,-122.291064171919,47.5706468436919
9256,-122.348415176737,47.7633075309801
9258,-122.294980258191,47.5862750800626
9259,-122.318168953061,47.7405277690254
9264,-122.281650580266,47.6334057602627
9269,-122.3200162118866,47.73406418685822
9271,-122.29213971354902,47.6747471588718
9272,-122.36081291919,47.70352695343771
9273,-122.360818929176,47.7037442746044
9274,-122.378958749223,47.6716811332629
9280,-122.320239222018,47.6468777573489
9281,-122.312771535434,47.6091643183801
9294,-122.33646754866702,47.7723196347094
9295,-122.296698866182,47.6670736975771
9296,-122.351526788934,47.7075241844318
9300,-122.3420375617,47.6628259864518
9301,-122.28688208233102,47.6648825524941
9304,-122.321353357202,47.5537983751004
9307,-122.279334063786,47.6630280868772
9308,-122.311012997916,47.6867139739044
9309,-122.32347783819098,47.61655243161911
9312,-122.2993055773396,47.70838593279889
9313,-122.318050310532,47.6733667305195
9316,-122.35537587510974,47.69124979150291
9319,-122.306232506354,47.60621646619959
9321,-122.336084836975,47.57442956715371
9324,-122.2838824808262,47.56788201559728
9335,-122.348496652462,47.764808987494
9336,-122.348476705254,47.7640975816042
9337,-122.324901038638,47.6325888428162
9338,-122.377801036016,47.6868280566793
9342,-122.2757078094376,47.70454041482878
9346,-122.268098789958,47.560539379193
9348,-122.31729100032886,47.6730379578354
9350,-122.351091547802,47.6577658648915
9352,-122.339760904945,47.5757654213207
9355,-122.359662480062,47.7232526334935
9357,-122.278732115385,47.511842576416
9366,-122.29736566995102,47.578414534379
9367,-122.3184294291538,47.67806155830432
9368,-122.389835978976,47.6813553895835
9370,-122.310838317824,47.6128713474964
9374,-122.36379670799,47.7609505886512
9375,-122.238196739087,47.4938147215888
9377,-122.329773740827,47.7631921800106
9379,-122.351134549546,47.76236632400279
9381,-122.330082079746,47.662656710838895
9383,-122.329049174927,47.7377441002352
9385,-122.314018026227,47.5785785800798
9389,-122.314106463931,47.6043086308161
9390,-122.337616817266,47.6473204750282
9394,-122.32315196268,47.70768335394539
9398,-122.322612502808,47.62424468768089
9402,-122.270802646209,47.5180646354742
9403,-122.254346900376,47.4971327183346
9406,-122.390071694088,47.6738877065741
9411,-122.34462897868498,47.6846963969522
9412,-122.373727961947,47.6625114000826
9413,-122.238215851649,47.4847989006861
9415,-122.354469282916,47.6578144964943
9421,-122.335769217581,47.7032544301152
9423,-122.3575839266714,47.65255854769973
9424,-122.385296805442,47.68135729966699
9427,-122.29781251109098,47.709881721062494
9436,-122.308993337268,47.6866253344914
9446,-122.2275186870696,47.48336351684658
9447,-122.381114528536,47.6777110403772
9448,-122.295182174915,47.5725916101386
9456,-122.32068961371677,47.657492157572506
9460,-122.307692654593,47.6395938411298
9463,-122.324089309947,47.62318044721021
9464,-122.324084699956,47.6228617959014
9465,-122.30687917311,47.69308625159599
9472,-122.325542977222,47.66858249816389
9473,-122.311617017575,47.6042976132178
9475,-122.336976295393,47.728662542507
9477,-122.325933924407,47.7096987751751
9479,-122.29979882859202,47.5435230357433
9485,-122.306032053105,47.6848736469461
9488,-122.31460952984,47.5837623363773
9489,-122.321255026077,47.57971013645911
9496,-122.331013755502,47.6917735175478
9500,-122.32596494242404,47.60868354568226
9501,-122.3255444766629,47.60825259545528
9508,-122.294471439311,47.668468030438
9509,-122.323048858509,47.7021705452406
9511,-122.2914460934976,47.71544241514714
9514,-122.337611418122,47.6476421507042
9520,-122.39303509691,47.697443407275806
9524,-122.277177791148,47.64074563614489
9534,-122.351148972744,47.759593348628
9539,-122.340326351699,47.6942125266944
9540,-122.288993138533,47.560657335703205
9543,-122.338060409821,47.6686650017188
9547,-122.301557345648,47.6956844400218
9552,-122.310049316603,47.7084618916388
9553,-122.344106935959,47.6494379899609
9555,-122.3172050259488,47.58659551264402
9557,-122.30344479371202,47.73216863055718
9561,-122.335137350293,47.77432470103779
9566,-122.323872733607,47.6774645196889
9567,-122.340713404793,47.6628062354277
9568,-122.313665199229,47.7737991013461
9570,-122.306896261966,47.7020804136588
9573,-122.28934453180402,47.6829969816342
9574,-122.335181217897,47.5869272380878
9575,-122.377849411368,47.67948474798809
9584,-122.347658320714,47.7332198602889
9588,-122.309454220586,47.6158192020229
9591,-122.30905919191498,47.5750450120587
9592,-122.308565105911,47.5750453194698
9605,-122.27522373016798,47.6993587090352
9606,-122.32631584367898,47.65558321294029
9607,-122.325604345888,47.6557103123649
9610,-122.392943229824,47.6850061988835
9611,-122.287648370143,47.5261891429155
9620,-122.334678318014,47.7231506302382
9621,-122.324564892202,47.6423685837745
9625,-122.359487325433,47.6996189017303
9628,-122.349744451842,47.650618498172
9631,-122.347958829938,47.6541218198394
9637,-122.286862721521,47.7046924730728
9647,-122.336387401723,47.692257134691296
9671,-122.360799965325,47.6687303594384
9674,-122.3367083727226,47.583632390295534
9678,-122.363679934665,47.7705788623821
9679,-122.353606584852,47.7712288654918
9680,-122.288907415102,47.5606463273962
9686,-122.307371404725,47.6153135791325
9693,-122.36522615212398,47.7650497750991
9696,-122.309420995264,47.5829297416536
9697,-122.29071894610802,47.70209124870289
9698,-122.31466570515902,47.6360019227306
9700,-122.370877829918,47.6759485208598
9702,-122.353339993195,47.75365699260192
9703,-122.342584349004,47.6621951250026
9712,-122.337782246647,47.7705903176975
9720,-122.285959228112,47.6165033480133
9721,-122.353878760176,47.66283501991919
9730,-122.339503969823,47.722076939027
9731,-122.303865620007,47.64030526296839
9733,-122.359529136211,47.7068802197337
9734,-122.35827150086,47.71421667516629
9745,-122.352130828458,47.6650959912288
9750,-122.3250921816805,47.610252617604246
9752,-122.323956622562,47.6631959374444
9753,-122.34666516255702,47.6508962599674
9754,-122.34731314050198,47.6942611197693
9755,-122.3034246243162,47.553823390059776
9760,-122.2850304335735,47.54598985462295
9769,-122.265766943858,47.538922546017
9770,-122.265225271777,47.5168794472686
9773,-122.349425542461,47.7223540742058
9774,-122.333518525258,47.6686326646411
9786,-122.351427806204,47.6754016830291
9787,-122.316200479558,47.7569196752731
9789,-122.348383708653,47.7608800332529
9791,-122.361010584332,47.7251216304183
9792,-122.36025799629836,47.725117610056735
9796,-122.321364948263,47.7594712485579
9797,-122.342353699767,47.76983801690741
9798,-122.340309024822,47.7614850551161
9803,-122.355421696506,47.6784405153061
9807,-122.28803830598,47.6915991707663
9811,-122.303036238725,47.6251649056465
9816,-122.35137199433102,47.7760226824309
9818,-122.315238404012,47.709730492671405
9825,-122.31844096619598,47.6483347133811
9826,-122.28270048615316,47.54050039175047
9835,-122.305420644652,47.62680893534141
9843,-122.269856228933,47.5563079306096
9848,-122.330320261305,47.7340511583238
9849,-122.312919609822,47.59683594489369
9857,-122.33642614528,47.72206288233931
9858,-122.35120648811,47.692365738255695
9860,-122.287508164399,47.5662241435455
9861,-122.292293568332,47.664835353448005
9864,-122.318730731333,47.6431460574077
9865,-122.31334539458,47.6867575071614
9866,-122.342916380885,47.7586902423237
9868,-122.303654585521,47.6147066438719
9869,-122.266388660979,47.5309651881558
9871,-122.29267357967,47.7206454971595
9872,-122.355346930248,47.7345522289588
9879,-122.354404911243,47.6523150800046
9882,-122.227546158747,47.4939563339185
9883,-122.3244535375,47.7704040098977
9885,-122.227500778335,47.4877990447915
9892,-122.355689350918,47.72777302990969
9903,-122.366331986143,47.6621712627193
9906,-122.308897304822,47.5974307517777
9907,-122.341964747255,47.7414795326513
9912,-122.368411063977,47.6906973485167
9919,-122.319449429496,47.6210456511477
9920,-122.330355095068,47.6269327807265
9923,-122.280813063467,47.5504739629632
9925,-122.331151594855,47.621924485317
9926,-122.282760599496,47.5662390950329
9928,-122.263722961716,47.6786423612613
9932,-122.303660890102,47.615344601385
9933,-122.328934102812,47.5778793460294
9938,-122.260868133986,47.67214929117057
9940,-122.368686364156,47.7126742063848
9943,-122.33386699367448,47.70677965452979
9949,-122.319879168571,47.6220043682149
9950,-122.312180509901,47.69757675177621
9954,-122.32497007549,47.6107481776866
9959,-122.3473259099,47.69499070482001
9964,-122.32346069143404,47.609146232969785
9965,-122.323183214679,47.60874132895405
9966,-122.28351877757927,47.54221426224591
9974,-122.31886204092602,47.6780693379604
9975,-122.288260537132,47.6079057213706
9977,-122.276917167565,47.7075885693049
9981,-122.266385510995,47.52984431658691
9982,-122.333773209083,47.6531754080922
9985,-122.296219902178,47.6213947892709
9989,-122.297894411567,47.7173930910655
9994,-122.2979262033084,47.68299928392865
9995,-122.352685531565,47.7036918063008
9996,-122.337560187292,47.6531930382624
9999,-122.340335347828,47.759672254114
10001,-122.25885073484,47.488053207249
10010,-122.334981779501,47.7660091219384
10013,-122.316636884553,47.6242733730497
10015,-122.281733327687,47.56223397273831
10021,-122.336671808196,47.58667204263569
10025,-122.288056242592,47.7011526077791
10028,-122.344733151321,47.66220012597629
10038,-122.319544391462,47.5983933967903
10041,-122.38271029561,47.6887517907298
10043,-122.302047095384,47.58832178841581
10045,-122.304684950344,47.7584674657684
10055,-122.350953583388,47.6614405240274
10057,-122.249004362568,47.4858312899434
10058,-122.3140670199446,47.60916499744408
10059,-122.312315650029,47.69027823447059
10065,-122.285204544244,47.6960210487062
10066,-122.273436409014,47.6581155849982
10069,-122.361364122177,47.7765826119823
10078,-122.29033934159229,47.74687449620241
10079,-122.3554073307656,47.68798026679197
10081,-122.314715515455,47.6062560781294
10085,-122.290945850764,47.56070510719532
10092,-122.387684710841,47.6813563365514
10094,-122.336130330405,47.6854410048284
10098,-122.326533006452,47.62581746298
10100,-122.355697769232,47.7268664949542
10107,-122.36937373280598,47.7051364950718
10109,-122.270103903742,47.5049484138173
10115,-122.28770558088,47.6829899079008
10119,-122.291445609551,47.5443239545779
10121,-122.356808992395,47.71965307574229
10123,-122.29768487712242,47.57759000179198
10124,-122.37051680996,47.6831932305277
10128,-122.256076746614,47.6720030663756
10129,-122.255868797517,47.6723814872615
10132,-122.37040785201698,47.6868660138621
10142,-122.295032702889,47.6008207002444
10143,-122.32506728601,47.658903713145
10144,-122.368257066178,47.6868823456327
10145,-122.343055309644,47.74149109900899
10154,-122.26183537642198,47.544962268613
10157,-122.283399076226,47.5569923213959
10160,-122.269896028816,47.502999894734806
10166,-122.362352864865,47.7178646607875
10167,-122.265489319888,47.5233917489362
10169,-122.328575671565,47.5963768593198
10170,-122.32193154097516,47.61156895472487
10181,-122.2933709923296,47.69660855400378
10184,-122.320279753532,47.6845295365647
10185,-122.320149100024,47.6837924865276
10191,-122.322224267104,47.6175951006691
10198,-122.3463147473,47.77667915366512
10201,-122.304312193481,47.5851479710928
10207,-122.351210888425,47.769591313234
10210,-122.31491843023998,47.6957913868902
10213,-122.301120054362,47.6829945545167
10216,-122.351690834394,47.7196381057639
10218,-122.293695676328,47.6093318587318
10219,-122.363473288575,47.6759378850935
10220,-122.37784189032702,47.6924700505839
10222,-122.36073881691,47.6693720826271
10225,-122.384870025981,47.66941040528311
10243,-122.288170468911,47.5628489311884
10244,-122.310795700075,47.6184679674792
10247,-122.338404141493,47.7414880460942
10256,-122.350917758902,47.7534147455606
10257,-122.323004835536,47.6219678317832
10264,-122.316204098229,47.76130620187249
10265,-122.336330333812,47.667140987093696
10268,-122.306879098885,47.6884137781923
10269,-122.335091019411,47.65910537816611
10273,-122.29018681413702,47.5628603996995
10274,-122.352868602168,47.7068513675216
10275,-122.300477536608,47.6939387566452
10276,-122.347575109135,47.7633024339911
10277,-122.289142804337,47.6610494646619
10281,-122.31750526541198,47.69313563598039
10282,-122.317533089531,47.6935947047036
10286,-122.273645942326,47.5460261200705
10288,-122.340508560409,47.7705384713947
10292,-122.35958617503,47.7649997581801
10295,-122.34989996938002,47.6717765176436
10301,-122.39282403002,47.672297183365
10302,-122.361301409364,47.772722070225
10303,-122.360573589653,47.6861614199837
10304,-122.37549215495,47.7014993006415
10310,-122.273692907521,47.521105103720096
10313,-122.355413884445,47.6832434251599
10314,-122.27778205603902,47.6758296651943
10315,-122.26059682057186,47.54502379497654
10316,-122.336367133899,47.7677744290691
10319,-122.358161613854,47.701424156739
10321,-122.29762250105,47.6099760475312
10322,-122.26552511456138,47.66711314488492
10328,-122.274892101921,47.70452328390851
10341,-122.352138710843,47.6614399101064
10342,-122.343620202108,47.6554196806247
10343,-122.3228104404796,47.60838299862978
10345,-122.348023873083,47.74873116612471
10353,-122.315451836389,47.5634612896794
10356,-122.383788801805,47.6887487171859
10358,-122.336422883875,47.6642343050895
10360,-122.401190186359,47.6748054976129
10365,-122.369809391752,47.6759482584228
10367,-122.3968564088438,47.6975006359017
10372,-122.33168831838002,47.6850453508354
10378,-122.310300272171,47.6091494828782
10380,-122.35257789410302,47.69134221379701
10382,-122.325954748369,47.62254596139522
10388,-122.304677240419,47.6231582214024
10390,-122.3667085765852,47.77008923750642
10392,-122.245487530134,47.4970388461714
10400,-122.305306267982,47.675817925079706
10404,-122.316737476187,47.6253225346973
10408,-122.312135678211,47.5863260022922
10409,-122.364016025534,47.6600877119571
10412,-122.3262909460264,47.734015023284456
10413,-122.327197797907,47.7340240284989
10421,-122.31566024096,47.6214442624756
10422,-122.313513846949,47.7743049212491
10424,-122.316224654191,47.6867630111164
10425,-122.357936522355,47.6924909892557
10426,-122.357916514075,47.6919826165445
10435,-122.308650845622,47.6323559301325
10439,-122.325740853758,47.6903477683311
10441,-122.353334151693,47.7419274879527
10445,-122.235516439504,47.4886010897359
10451,-122.356399722628,47.6657490542598
10465,-122.3175663566122,47.64736161089044
10466,-122.32428440053,47.6272908978101
10469,-122.359532940162,47.6577779093551
10471,-122.270617407325,47.5594678058303
10480,-122.3304719643485,47.6209612818635
10481,-122.319548008972,47.6130493878096
10483,-122.324058477654,47.6106915848226
10484,-122.285682455719,47.6612230382695
10487,-122.230726585289,47.4825950508987
10494,-122.357911951928,47.7413606126317
10495,-122.318729742485,47.6813358940391
10496,-122.366088944615,47.664010935853206
10500,-122.303847933654,47.6417623946169
10504,-122.343612406912,47.6566891577797
10505,-122.376896322959,47.6924135952875
10506,-122.329083300802,47.6590667156446
10511,-122.3537937581364,47.67603760206886
10518,-122.337562016353,47.7031732690945
10521,-122.327547505684,47.7195607710498
10523,-122.33942314809,47.70687087177729
10526,-122.347195682324,47.69280980340411
10527,-122.33360216724002,47.573662398013504
10529,-122.340326780504,47.7631937898892
10536,-122.292576463068,47.5747614864826
10540,-122.3139119737204,47.71756506768452
10546,-122.290016717334,47.53699960499901
10547,-122.340291273615,47.760690680754
10551,-122.275926017061,47.5451004301332
10556,-122.304656853678,47.5395207117219
10560,-122.31892397094002,47.621994325756
10562,-122.318002937051,47.626039651357
10569,-122.36869057541,47.6794833263007
10570,-122.336406732249,47.6942006875672
10579,-122.3353944141686,47.73653315492757
10582,-122.321463664536,47.7559534889398
10584,-122.293317561153,47.6915957164733
10585,-122.361014691677,47.7196800625046
10589,-122.275867918748,47.5460373349945
10590,-122.29446534861,47.6247254044142
10594,-122.295897561686,47.6948172204238
10599,-122.36281883729198,47.6759319568308
10600,-122.362419562598,47.67593639881121
10604,-122.293710799941,47.6141584709551
10608,-122.331261386312,47.62423453624459
10616,-122.305396066535,47.6231631546735
10619,-122.335865941374,47.73407606672421
10622,-122.32285481442598,47.6558422194403
10625,-122.317953729073,47.6395856032561
10629,-122.30080051963098,47.6626087945809
10630,-122.352836532739,47.70503115381021
10635,-122.320498838615,47.7030798419375
10639,-122.323003168183,47.6967168821452
10640,-122.303629723225,47.62436897643951
10641,-122.351212415387,47.7705350559011
10643,-122.25497247725302,47.4875324514776
10653,-122.324327505402,47.6308591953669
10655,-122.294499694016,47.5913229810537
10658,-122.303702103195,47.617358826024905
10660,-122.29447393593,47.66484637743
10661,-122.364761655197,47.6960637357462
10665,-122.315352751275,47.7157643272916
10670,-122.31621109168502,47.7620057343469
10671,-122.3190189002468,47.65941489719538
10672,-122.29092763937,47.730065259872
10673,-122.306204041228,47.7084266567061
10679,-122.298907184559,47.6026231900801
10684,-122.286891914063,47.7300406531163
10687,-122.326849487493,47.7554421375066
10689,-122.239241189154,47.493408461525895
10693,-122.328512326828,47.696240858675
10694,-122.37090500044,47.6615259272561
10698,-122.396941694632,47.69052531153951
10704,-122.298722464848,47.62818811062251
10705,-122.306328091912,47.71025589945301
10707,-122.330170426898,47.6567306613487
10708,-122.31032986280998,47.57313396759239
10712,-122.295820011759,47.5462883765508
10713,-122.295316090355,47.530078950612
10715,-122.355301540707,47.6724596563319
10716,-122.3113076470734,47.717553814608
10729,-122.370009762899,47.66499404018631
10733,-122.368633219772,47.6985077216523
10737,-122.320908644863,47.6543990658949
10741,-122.387708267999,47.6890623980448
10747,-122.324141418875,47.6791864960484
10751,-122.392391562605,47.6979263753577
10753,-122.296990357318,47.5463246081637
10760,-122.27031531399102,47.5049917496333
10763,-122.248403019508,47.4997252292301
10768,-122.360583618524,47.684697934914105
10773,-122.378225284607,47.7069616080716
10778,-122.283065345805,47.686611931182
10783,-122.240544326371,47.4924742214333
10784,-122.240310576384,47.4926403389415
10785,-122.378767493618,47.66287680110279
10787,-122.227523973576,47.4898014976465
10793,-122.328508831621,47.6958340093775
10795,-122.33038513351,47.6236417074011
10796,-122.297361429187,47.5772040427398
10799,-122.31619470416,47.6852413328185
10800,-122.279852304343,47.6829888157649
10806,-122.378407105637,47.6990256920458
10821,-122.333641407495,47.6635433137047
10827,-122.26222536803,47.5120586596235
10828,-122.261830918623,47.5118011498107
10831,-122.374605144022,47.68146841209741
10832,-122.271928827276,47.6829753339614
10833,-122.269200019302,47.5168071646522
10834,-122.309929633149,47.5991737472734
10837,-122.260517016898,47.52035761921869
10839,-122.35634364972002,47.7559960514512
10841,-122.361918263596,47.6723037878689
10843,-122.308629976598,47.6384883026059
10844,-122.28981399632,47.6224831661927
10847,-122.347291485338,47.69122714781181
10848,-122.392375135108,47.69928880881612
10852,-122.358455050422,47.6589674457189
10853,-122.301381908266,47.549981020844506
10855,-122.3539340164942,47.73639254075298
10856,-122.355417289947,47.6883492302903
10859,-122.39297544912,47.6959632376177
10860,-122.28446297024202,47.6163821522241
10861,-122.28449635247598,47.61672409524849
10864,-122.376708670304,47.697640541628
10865,-122.325161609481,47.63493264282889
10871,-122.358810494237,47.7424813452063
10879,-122.32298825366,47.69490191455511
10883,-122.36543573539,47.6817386552739
10890,-122.368649315821,47.6978074687506
10894,-122.28278446776253,47.5389442240473
10908,-122.361268121528,47.7705624208319
10910,-122.364598392836,47.6614118032154
10913,-122.32618317527005,47.6079885822926
10914,-122.32680887458602,47.6077396144476
10923,-122.401130014492,47.6757493450665
10924,-122.32908328608104,47.61209904175468
10925,-122.32896245847778,47.61195880630355
10930,-122.321551044818,47.5778340381749
10939,-122.250090645797,47.5097000047547
10942,-122.29677034769502,47.5862861576048
10943,-122.296321933981,47.5862871937685
10947,-122.313489329316,47.571686474169
10950,-122.330357579532,47.6192611772622
10958,-122.328548459338,47.7089010638465
10959,-122.241024339052,47.48117483291319
10960,-122.315469575584,47.7230074843765
10962,-122.352129750092,47.6588821557121
10963,-122.360719083485,47.6635475056
10964,-122.342999682947,47.7606394638444
10965,-122.34237490212,47.72520693055011
10968,-122.3096584923314,47.7012651816204
10969,-122.309634993791,47.700756566816224
10970,-122.296275015682,47.7101526464695
10987,-122.269428859682,47.5168064513736
10994,-122.300545401646,47.57503874013721
11000,-122.29877563983,47.700200603947
11010,-122.390066821421,47.6694191548744
11012,-122.370461237024,47.68318968173551
11016,-122.306943171425,47.69073757710729
11018,-122.286713978873,47.7011310989333
11019,-122.238276437634,47.488284811432
11026,-122.368274523615,47.6814814179352
11043,-122.357541510513,47.6563044470081
11044,-122.275255140296,47.5325753081948
11049,-122.398234108716,47.6686836230991
11052,-122.322901301784,47.6084783797439
11055,-122.355405206782,47.7342303260917
11056,-122.335888609789,47.7741147122215
11067,-122.39575316696,47.6773547580506
11072,-122.2884067331624,47.62247245670646
11083,-122.238242833279,47.4857348787628
11085,-122.32013605854802,47.64103933443349
11090,-122.290367124556,47.61517361640839
11091,-122.331603013731,47.7249595699138
11097,-122.29378964402,47.5461967728832
11102,-122.342247349066,47.7140959663798
11109,-122.378221384757,47.70612690713839
11112,-122.2774274841744,47.66612455559088
11117,-122.362826405564,47.6687362023553
11122,-122.249550883835,47.48330158490071
11126,-122.320298235808,47.6890023960374
11133,-122.307263490724,47.71569671525359
11136,-122.32656159143232,47.74357567462523
11145,-122.33277258167,47.6489306344873
11146,-122.285240691052,47.6983027831949
11149,-122.276370130931,47.702879284681806
11150,-122.301987972006,47.72298807531829
11151,-122.30409161726202,47.69303823925859
11152,-122.290232753474,47.5461149514837
11155,-122.32988703571898,47.7704997383284
11158,-122.306105706764,47.6153210458663
11162,-122.32205620482598,47.6228213670443
11165,-122.34161025997498,47.77410656626071
11173,-122.315649643256,47.6231400655628
11179,-122.325794778683,47.64473015583348
11180,-122.300354807451,47.5551862983427
11181,-122.299371196108,47.71195203740055
11185,-122.365026140867,47.7041188287507
11187,-122.304369675955,47.60263729089056
11196,-122.31490333975,47.6733671918505
11198,-122.323479164252,47.61668145125
11203,-122.328997790267,47.7220550985821
11206,-122.345852173185,47.6494701991098
11213,-122.360783192347,47.6650747185225
11218,-122.390756049742,47.68134706303911
11221,-122.35946502824,47.69778790240199
11232,-122.284494450227,47.6172538911979
11245,-122.378812934317,47.6660811422847
11246,-122.378812118945,47.6664895787614
11248,-122.32841126766898,47.6994873885406
11251,-122.276509104303,47.5424988224993
11252,-122.315511317921,47.6164066610101
11259,-122.27657573892502,47.55526146630499
11262,-122.36217417637,47.656188916827
11263,-122.322961493941,47.693192595003005
11269,-122.30625257268764,47.68843542070866
11272,-122.27817572478402,47.5432782595332
11275,-122.362002594127,47.6905849073349
11277,-122.30349864476,47.6657018280591
11280,-122.336027025696,47.7069337678363
11281,-122.33539351640802,47.706800768231496
11282,-122.2861157820565,47.6230063475702
11289,-122.271409561283,47.5279475504276
11290,-122.332566206003,47.69589314812381
11291,-122.304292153703,47.6664462201358
11305,-122.334001839481,47.6479829509542
11311,-122.286002355562,47.6151617405726
11313,-122.32898307991,47.7354241765917
11314,-122.325233700773,47.6220010701665
11316,-122.372968567474,47.66500179687549
11329,-122.273134659485,47.6684684821343
11332,-122.320301191046,47.68599280905121
11333,-122.352105700312,47.7487216950525
11339,-122.388712233877,47.69050947611171
11341,-122.318294735637,47.6198544462286
11344,-122.250124096308,47.5013762509944
11346,-122.365929534052,47.6870006909699
11347,-122.2964595622626,47.6270313969556
11367,-122.38983862009,47.6849512551299
11370,-122.233014217083,47.4865013980713
11371,-122.291050486395,47.5716207423574
11374,-122.344113205372,47.6495959705287
11376,-122.356126141093,47.6511317296927
11378,-122.267251332568,47.520551417497
11380,-122.255824220945,47.50765254406681
11382,-122.296300586722,47.7247482061266
11386,-122.292791162366,47.72017106753841
11389,-122.303878887554,47.6178247238247
11392,-122.302834332274,47.6930278805672
11397,-122.302224812035,47.6657706933527
11398,-122.348417317575,47.657774798635806
11401,-122.2764777940804,47.52403177083478
11408,-122.324073975133,47.6197203961101
11409,-122.318337683818,47.7389176464713
11412,-122.3194185417226,47.67653450833302
11418,-122.297618628921,47.5966843431108
11419,-122.358522253428,47.675986153401
11423,-122.368685767059,47.66564525887279
11432,-122.254212538907,47.4957274076272
11438,-122.3166167728932,47.7702591401584
11439,-122.30200184750302,47.754663088482594
11447,-122.271669532757,47.6929594170249
11451,-122.328271012276,47.6590137427668
11453,-122.316073713069,47.70486775925409
11457,-122.33593111413,47.5797282227806
11472,-122.336489375307,47.69225681366729
11475,-122.300410354235,47.5836134280733
11480,-122.3156677855472,47.77024355240346
11483,-122.380709875494,47.6997557467135
11486,-122.340724650861,47.6621871037942
11491,-122.328935431158,47.7322039847318
11493,-122.380218940313,47.6649216937603
11494,-122.353129112119,47.73419162208419
11497,-122.323495276492,47.6177929361574
11498,-122.323541877852,47.617396528716505
11500,-122.3014325638136,47.55366327743056
11502,-122.318596805338,47.75367252772319
11503,-122.280798705757,47.5558611160637
11517,-122.3479998514404,47.7477753112216
11523,-122.287936088585,47.6915985126973
11524,-122.373991379696,47.6794994612604
11530,-122.275285736709,47.5382338533829
11531,-122.2833931739816,47.63341965103586
11534,-122.31601210190811,47.65978684568086
11535,-122.292712768012,47.5461682987632
11538,-122.334628185806,47.7495529761037
11542,-122.291901373601,47.6236117556982
11544,-122.38652379025102,47.6813533766601
11550,-122.311932344637,47.6244098178387
11556,-122.326641234955,47.62046164816021
11557,-122.311157074342,47.73479750070461
11563,-122.285212649184,47.6164255174454
11568,-122.296386506436,47.7247486535857
11569,-122.377529114775,47.6679434968815
11570,-122.377217561133,47.6679437970948
11576,-122.346174550544,47.7079837262374
11584,-122.336328536834,47.6678916941902
11585,-122.3923829041118,47.69864517683648
11586,-122.288559066321,47.5317249464862
11590,-122.342123768295,47.70686704426921
11591,-122.328957812734,47.7340086119275
11596,-122.308382239916,47.7707933864272
11597,-122.386269539044,47.66764606487019
11598,-122.376926813921,47.6813803081493
11602,-122.303923332842,47.6773858962038
11609,-122.342680507292,47.6480836646683
11617,-122.31155941048,47.6009217697706
11621,-122.263795575385,47.6828790022252
11624,-122.298968842712,47.6026113127055
11628,-122.31276272120142,47.738814145403424
11629,-122.30345451644298,47.54640155021739
11633,-122.390071860979,47.6701399571566
11638,-122.356589755244,47.6905692415904
11643,-122.264968888015,47.5138768206779
11645,-122.309948683943,47.730974318226494
11649,-122.344638244853,47.7450131973146
11652,-122.326878632398,47.7195607858683
11653,-122.280906306914,47.5406398247986
11657,-122.355497201385,47.66280536442931
11659,-122.3154631724794,47.61442719434152
11660,-122.277751501521,47.6407442721061
11667,-122.317221092301,47.6780620049554
11671,-122.312109019027,47.57905273791581
11676,-122.362692622199,47.65700718387111
11677,-122.30887414857598,47.6065423722601
11678,-122.245003386218,47.4861865738431
11682,-122.343745422975,47.76775533361981
11686,-122.359680481449,47.7196237062626
11687,-122.332869120507,47.6274035087864
11690,-122.323497530005,47.7238944630771
11691,-122.294906049493,47.6224653703103
11694,-122.271019367757,47.5204424299564
11696,-122.316633615206,47.6231428125534
11697,-122.326952750286,47.65369762853541
11699,-122.338836420118,47.76319826587329
11704,-122.394300742108,47.6849667159087
11705,-122.311499840998,47.620546545394
11706,-122.29023350567658,47.54525553359884
11707,-122.380060348768,47.6813692492477
11714,-122.314243047015,47.6016332446379
11715,-122.29961438448,47.6322613832173
11717,-122.314899984406,47.69669358878989
11718,-122.392926118909,47.67389108583459
11726,-122.346186667065,47.7645293568548
11728,-122.35445462775,47.677104427645794
11731,-122.321800267097,47.7030933482662
11733,-122.29358913497,47.5744169118755
11739,-122.320036837829,47.6692368724601
11740,-122.313133839019,47.6694857153271
11742,-122.2986985866756,47.59968046382606
11743,-122.3074291275014,47.620101898925576
11746,-122.269886518198,47.5248037468144
11754,-122.295118828689,47.5979715630165
11761,-122.304280648244,47.6695597997628
11767,-122.304795086829,47.733878395391
11771,-122.307182785495,47.7265449221996
11773,-122.289484128227,47.6068484698535
11774,-122.333866675952,47.6941868957287
11779,-122.381164529277,47.6813724226914
11787,-122.282755445017,47.64081155672719
11789,-122.307984620827,47.7339428328446
11790,-122.323422009695,47.7159152216353
11791,-122.319600630755,47.6685427877866
11795,-122.370625490888,47.6628673907667
11796,-122.28203589509,47.6847906992953
11802,-122.37068525457398,47.66499127917
11805,-122.282697892566,47.5618363739772
11807,-122.343330205017,47.6996616780744
11811,-122.330375119648,47.6227178049731
11814,-122.328709861286,47.71401320231521
11815,-122.305392413074,47.6695176921093
11816,-122.269954774427,47.5500407769887
11821,-122.3423845809184,47.72581806187942
11826,-122.324075669669,47.6207971543564
11832,-122.35577258172198,47.7740918242701
11833,-122.338164606626,47.7741154101385
11837,-122.322081582069,47.6242877702891
11838,-122.280891847954,47.5496738378474
11839,-122.366063092407,47.67226147760639
11840,-122.2355427078,47.4973913711382
11843,-122.39293508733,47.6744037709148
11849,-122.375661066304,47.6814648365848
11850,-122.360607059694,47.675918284633
11851,-122.282007739586,47.6122909365595
11857,-122.329637431513,47.688681983766
11859,-122.310218737503,47.6648875387333
11862,-122.32660809261,47.7455039913263
11869,-122.38648554636,47.6776580208564
11870,-122.322442022571,47.6255278313298
11871,-122.328887704889,47.5755346413684
11876,-122.360954829297,47.6549324654958
11877,-122.314930469468,47.6984939468985
11879,-122.348739411784,47.77319213113801
11880,-122.295228250957,47.7338099561867
11885,-122.350675841845,47.736000492116695
11889,-122.3887675179302,47.68570669679347
11892,-122.3043722554244,47.66495365198099
11897,-122.308087795319,47.582921191658805
11903,-122.302674639561,47.6757722905897
11906,-122.276773615374,47.5389328473748
11916,-122.311861496272,47.632372157679605
11919,-122.31206641048202,47.6787548374321
11924,-122.320116767485,47.6176783226822
11934,-122.336166187237,47.6568831462076
11935,-122.259612325085,47.5449524792482
11941,-122.227374916108,47.499687396002
11942,-122.314493558473,47.7702224116116
11943,-122.313629657282,47.7702045047451
11944,-122.36593374944898,47.6853986645404
11945,-122.291206951169,47.66483244557551
11952,-122.277537391495,47.711592467544
11957,-122.299081267953,47.726578936269
11958,-122.328277513021,47.6728252798647
11960,-122.2557885952,47.50968098223941
11963,-122.319243628589,47.7703070828465
11966,-122.285887595172,47.5237505919533
11974,-122.35179830993802,47.7315249915496
11981,-122.305755637553,47.557571736393605
11982,-122.288762977091,47.558270485214
11983,-122.314827944613,47.6984958323165
11984,-122.308928376267,47.6128199627107
11985,-122.302726279147,47.6793733845536
11986,-122.331486915671,47.67601292296289
11988,-122.343672617609,47.7741048247816
11992,-122.34235549204,47.7195258569347
12009,-122.303372192185,47.57839652840661
12013,-122.348505360106,47.66434972891701
12014,-122.360582940209,47.6890690378491
12015,-122.292531179929,47.574730616946304
12019,-122.367194149947,47.6868869701044
12023,-122.360573048759,47.6876141825797
12026,-122.299510930491,47.679353090857
12027,-122.346749785633,47.7469194014046
12030,-122.305581133819,47.7502315331584
12031,-122.333156279765,47.5862426396582
12033,-122.310260942666,47.7666445178655
12034,-122.29140323939198,47.61521407757849
12041,-122.2864445384562,47.54425848566376
12042,-122.33437210367028,47.74055965853668
12051,-122.322838004267,47.6117758246277
12056,-122.28642015845,47.6848501839645
12063,-122.307243799136,47.7302039752476
12065,-122.311948099448,47.6244542556034
12066,-122.236908211087,47.4937725482638
12067,-122.33076871192002,47.6247610689386
12070,-122.326634047005,47.6460993204287
12073,-122.324080068147,47.6216397752735
12082,-122.355700542275,47.7331661289654
12084,-122.344722709488,47.663533023335
12085,-122.298823057366,47.6116015748381
12087,-122.313603103509,47.7759319600909
12088,-122.298660076236,47.59915778660659
12089,-122.308182000656,47.7064460295048
12091,-122.317498107607,47.6153287650666
12092,-122.325457905105,47.63578812547771
12093,-122.325712790092,47.6242637209105
12095,-122.312281208265,47.686725718152
12096,-122.27564610297,47.6716513064247
12098,-122.301953319713,47.739669104694
12107,-122.318837408839,47.55129776735711
12109,-122.301816359993,47.7220139626664
12110,-122.370142609357,47.7033999135663
12111,-122.302211163547,47.6758184665453
12118,-122.3133046703062,47.68511492698304
12119,-122.391987464084,47.6849377244976
12122,-122.30062389003736,47.7319789189782
12123,-122.293754244393,47.7300317774807
12124,-122.35269484953,47.7040158227706
12126,-122.347393930547,47.7010030174681
12129,-122.340692605097,47.7032814258815
12131,-122.388982162866,47.6694203268209
12137,-122.395741267889,47.6751351957159
12140,-122.33447072937868,47.74383239020577
12142,-122.379000697245,47.68317117044959
12147,-122.30619719847,47.6099919305723
12150,-122.263759179593,47.6814232425323
12151,-122.32892903388,47.7631889624088
12152,-122.373726957511,47.666046480757
12163,-122.32708354789,47.6130740372739
12164,-122.401107173546,47.676591353482
12166,-122.316178244919,47.5587229666501
12169,-122.333615226156,47.6665371539567
12171,-122.32684858739,47.63267497814329
12173,-122.360732833302,47.6656854785114
12174,-122.328809236509,47.7149898566903
12182,-122.266782125701,47.5281342700187
12184,-122.311087038421,47.7139166128586
12188,-122.370143522376,47.701482646715
12190,-122.317302365947,47.6663864621449
12193,-122.3229338563,47.663188052132
12195,-122.3061887239,47.7066900162768
12205,-122.294236405566,47.574183892064205
12213,-122.3336855209864,47.6220133998392
12214,-122.33303702564746,47.62184715434085
12217,-122.260511594021,47.4965651126831
12218,-122.325668750124,47.6842446023904
12219,-122.340241806296,47.6540696579657
12225,-122.30367781095,47.6042871677759
12226,-122.267336739862,47.536915146236105
12227,-122.310758412708,47.5785661301474
12232,-122.2941699390538,47.70392207868112
12238,-122.302813074949,47.7010861635926
12240,-122.3257499327842,47.63655231982016
12241,-122.307438159187,47.6197108386759
12249,-122.36161914861698,47.725122612217696
12252,-122.321054311346,47.6358865143962
12256,-122.287565586041,47.5442789631194
12257,-122.37143085757002,47.6943069374554
12259,-122.38040021866398,47.6664577279651
12262,-122.354060064256,47.6942602297421
12266,-122.310211225106,47.6648357088622
12270,-122.323368125826,47.5818121421419
12274,-122.33408959681,47.72314521537479
12275,-122.227450769525,47.500393828461
12277,-122.384811234049,47.675922716731
12288,-122.259583127793,47.4956689460764
12289,-122.344621518133,47.6833705231871
12299,-122.39196689755902,47.6813477589812
12300,-122.339818716403,47.686969943485
12305,-122.290894581404,47.7283324313951
12306,-122.359032264635,47.7740955518141
12307,-122.35385555581,47.6643498649
12308,-122.273665893267,47.545568709324
12311,-122.284686919209,47.60919146641229
12314,-122.294190712401,47.5741533054269
12316,-122.32875240674998,47.7149750198497
12321,-122.277400558248,47.5274986432642
12323,-122.327527008383,47.6135657385205
12324,-122.312097143208,47.6128673396351
12326,-122.297752591514,47.7281708946279
12327,-122.301546243382,47.689388718256
12333,-122.349283984039,47.7096340519392
12334,-122.25584533157,47.4856461597491
12338,-122.378825222275,47.667217769691
12343,-122.31002007536,47.7067207969707
12344,-122.369290283181,47.6814756060744
12346,-122.325947647747,47.6323525703631
12350,-122.339103884577,47.62242102244539
12351,-122.29165682280102,47.683039625079
12358,-122.272585110722,47.5512164369579
12368,-122.305220053132,47.5511326062626
12376,-122.30054459953,47.6793563918874
12377,-122.325443323004,47.6138870355387
12379,-122.315116937086,47.7030485273311
12382,-122.319503684504,47.6062583390422
12397,-122.328662015093,47.60995055432451
12404,-122.306442302136,47.6916982356268
12406,-122.2934696341582,47.69057661761008
12413,-122.30782343863189,47.662989241119774
12419,-122.289179892521,47.5330049350951
12423,-122.3027645341946,47.71565143772474
12430,-122.29231445899102,47.7218478566287
12431,-122.371404296366,47.6814768157352
12432,-122.294058655431,47.7173193960432
12433,-122.321539574288,47.5775840286374
12436,-122.368781845366,47.7000958154986
12437,-122.268615394993,47.5197725646488
12440,-122.373480506624,47.6632917771144
12443,-122.334951685459,47.7645578824013
12446,-122.348473693665,47.7636144395951
12447,-122.282621470772,47.696802326097405
12448,-122.263746383155,47.6808870764516
12450,-122.323297486429,47.61303841952239
12451,-122.31276169849998,47.6209047547876
12454,-122.29409604886,47.5862422225037
12457,-122.309504294797,47.6184819901409
12461,-122.300499579207,47.575074357012
12462,-122.291986774993,47.7101255802487
12466,-122.323553675941,47.6070919164269
12467,-122.273892529222,47.514352854553
12468,-122.355271042525,47.6718007674796
12469,-122.296494428216,47.62550894498721
12472,-122.331824655743,47.5744262901458
12481,-122.382332744391,47.66458133660191
12483,-122.322262240509,47.6210309852403
12487,-122.3806081717904,47.69055236300052
12490,-122.342061237865,47.7032384780016
12491,-122.322985900582,47.6231678155211
12492,-122.260076872403,47.5106505676197
12493,-122.29127222072758,47.717828948929984
12494,-122.33953015038,47.7163063013707
12495,-122.297751295221,47.733833230543006
12497,-122.347336435743,47.6957267465775
12498,-122.401165333157,47.67826842019681
12499,-122.254616380466,47.5096867495167
12504,-122.230239306667,47.4973099818466
12508,-122.312093722553,47.6994727386811
12511,-122.299364592586,47.5750449385444
12525,-122.227488293207,47.4989349835755
12526,-122.236927264577,47.4937307036998
12538,-122.298674653673,47.6829953092275
12542,-122.350113929388,47.70327442598509
12543,-122.268499488652,47.5460973119393
12550,-122.344102965113,47.6507763557257
12556,-122.3217625886586,47.65181551409496
12563,-122.356916418023,47.7122964898004
12564,-122.279369283288,47.707054308869
12570,-122.271493747079,47.5425014870902
12574,-122.351522097755,47.7068443554027
12583,-122.30928737655,47.6243988168711
12585,-122.288485550647,47.5628519975613
12589,-122.372653397341,47.6906873777202
12595,-122.289416006867,47.68486593865
12596,-122.284051930439,47.6411151674036
12597,-122.3677585723946,47.71780585419113
12606,-122.305202320085,47.75631173727327
12608,-122.3982280913134,47.66821552105498
12610,-122.324674725281,47.6208372483237
12612,-122.322801939921,47.6815268066438
12617,-122.379516847078,47.6626860953875
12618,-122.39004398835,47.6709693303498
12619,-122.310937012618,47.5931398313987
12623,-122.31748200717,47.677556266742194
12627,-122.2976703781516,47.57359640258733
12629,-122.39196761428,47.68130172183769
12635,-122.289497551542,47.7264933646105
12640,-122.351728111053,47.7359964153311
12641,-122.28087425689098,47.55048723625189
12642,-122.308216177221,47.6128176574762
12650,-122.263704015759,47.6777934373194
12656,-122.358632053171,47.7649857135934
12659,-122.355415374605,47.721464151090096
12664,-122.234436067676,47.4907621841195
12669,-122.31827537521,47.73404461964359
12672,-122.343973977728,47.7268086313089
12676,-122.323011722717,47.6111528273723
12677,-122.31666288452,47.6047078855587
12680,-122.364757832861,47.69601599748879
12695,-122.355544481486,47.73599269722829
12696,-122.34226131669898,47.656680369268905
12702,-122.299206034148,47.5784091701477
12704,-122.353727390353,47.7528819220353
12705,-122.293444191445,47.6938879809104
12708,-122.392927298414,47.6751579142359
12710,-122.32346339838,47.6149938076986
12711,-122.321598302985,47.6059383224794
12712,-122.398207926587,47.6713140690832
12713,-122.39821892013,47.6709763244122
12717,-122.321588717764,47.5527011982359
12730,-122.331989399498,47.6489561024097
12731,-122.354238321068,47.710571582347
12732,-122.327077183974,47.6132630782292
12739,-122.324563012917,47.6431440493838
12740,-122.315763442326,47.66643301509939
12743,-122.303314962875,47.6618038287324
12756,-122.318198250756,47.6815225899191
12759,-122.30384437046798,47.642415620517
12765,-122.322507266644,47.650177689917
12774,-122.383275923465,47.6777218613361
12776,-122.271263298961,47.5232413349886
12777,-122.311363240949,47.6027230897111
12778,-122.27440620666898,47.5605194135635
12781,-122.26639015301,47.5285124214464
12790,-122.314806670348,47.6976021918643
12791,-122.320374458482,47.6976106953315
12795,-122.350042148354,47.65661735999689
12796,-122.308016435828,47.5863114686669
12797,-122.36073663051998,47.6664052262567
12799,-122.349940480452,47.6854357549839
12810,-122.3241046358196,47.63828008689668
12812,-122.314581340248,47.62375481664841
12814,-122.28085257551702,47.6407892811368
12817,-122.307810960778,47.699432166527096
12820,-122.292055191115,47.66846443090051
12822,-122.328296946388,47.67745696062
12823,-122.328802817839,47.6774838554559
12829,-122.382075290744,47.69054601981591
12830,-122.381616663013,47.69054695231
12831,-122.330361697589,47.6221373746159
12832,-122.355686398397,47.7297426273192
12835,-122.3253116243154,47.60526420863523
12837,-122.301224236727,47.6002885618775
12838,-122.28609857179453,47.57842976807849
12851,-122.373726918534,47.6679394293234
12868,-122.272370508626,47.5232403135953
12870,-122.307433903447,47.733935342866
12873,-122.31579099231,47.6664741511407
12875,-122.338601018034,47.6542882192776
12882,-122.320922810168,47.7194229731145
12885,-122.3312766113,47.7632020557933
12886,-122.304061662063,47.6323290251911
12892,-122.3486613403,47.769114098434194
12894,-122.29364482625,47.58798596075869
12897,-122.22733251181,47.5042154794339
12898,-122.385932895797,47.6887389858436
12899,-122.324650262791,47.6558209832797
12900,-122.304262241536,47.699404845196
12903,-122.25580275758098,47.5097231927694
12904,-122.345125072578,47.7277617089641
12906,-122.282092324558,47.672104263636605
12913,-122.309283972084,47.6196339459637
12914,-122.324073232268,47.6194272566456
12915,-122.321276366778,47.58099403739461
12918,-122.32067849614502,47.7101493426288
12927,-122.360746765284,47.6559903895473
12932,-122.27913837330344,47.52261631092805
12934,-122.30193589913,47.7374183461425
12937,-122.323387367731,47.6787972466883
12938,-122.363948765418,47.6759246448377
12944,-122.375936377305,47.6621617242684
12951,-122.35652161710202,47.6759456246383
12952,-122.293854004093,47.6002287684422
12954,-122.32700195821,47.6356764780982
12956,-122.389082969865,47.6979310939069
12957,-122.403549969164,47.6757366417145
12958,-122.296226634291,47.71527542001333
12962,-122.256042173109,47.50448506553041
12964,-122.32508703053,47.65893802610881
12965,-122.344503118929,47.6593738801951
12967,-122.336358792504,47.662189277069
12968,-122.290455761389,47.53526604088281
12970,-122.348703225835,47.6608018195483
12982,-122.355663118229,47.7231327705859
12985,-122.293832366157,47.6008159459401
12991,-122.316073052133,47.58994521131
12997,-122.307234475095,47.59283175299979
13000,-122.353004507564,47.7615007120558
13010,-122.357388345616,47.694284773893
13014,-122.273992609937,47.6682380809312
13020,-122.308890505203,47.6042923266547
13022,-122.336469616913,47.6980056053726
13030,-122.358313557015,47.7232918160183
13031,-122.35227937881798,47.651838896347805
13033,-122.37780511530998,47.68687507003299
13039,-122.291402387087,47.6116431675677
13045,-122.3555919934706,47.70616410237014
13047,-122.312344834294,47.7067474767822
13052,-122.354663153728,47.6978434300897
13054,-122.328872493661,47.5886883232486
13062,-122.359529693679,47.7069213398815
13068,-122.326976231724,47.6231624866141
13074,-122.238233318054,47.4910166513814
13076,-122.225630021206,47.49389609538739
13079,-122.37402792632,47.69421153264491
13083,-122.299754423582,47.5836003403543
13088,-122.2926604865658,47.74281698287962
13091,-122.3254142495642,47.72898907923648
13092,-122.22758848199,47.4953545227622
13093,-122.359724703847,47.7560104746069
13094,-122.360756586522,47.6679110619264
13099,-122.29370369464058,47.72859856394888
13100,-122.32461763934698,47.6339129715813
13104,-122.354216867404,47.708680242284096
13108,-122.318122240656,47.6787894385407
13110,-122.319565963886,47.5975714665634
13111,-122.34834656352298,47.7589997916017
13115,-122.35649501885798,47.67598561285191
13116,-122.315149900589,47.6383123859528
13119,-122.331599346073,47.7372315865805
13122,-122.279554005822,47.6689379787832
13126,-122.389860563322,47.68500327698191
13128,-122.30466243865,47.7265365709828
13129,-122.34394312648,47.7032888421501
13131,-122.378876969592,47.6709268856038
13134,-122.296633528208,47.7338295948811
13141,-122.32479706149392,47.61055288953131
13144,-122.304974805835,47.5595981456724
13151,-122.341519967058,47.7286316632261
13153,-122.36689368719,47.66219900161601
13154,-122.312220756238,47.6940199240791
13157,-122.29098611533202,47.6274326563095
13160,-122.346611661005,47.6541222195186
13163,-122.299367765206,47.6379407929504
13165,-122.311014981846,47.68676188427
13166,-122.384744786394,47.675334681045
13169,-122.3607464405274,47.667228179804205
13174,-122.36064232406,47.6854287674496
13177,-122.300215639999,47.58828727099691
13178,-122.368278533723,47.6832201128186
13184,-122.355668022189,47.7214825674818
13189,-122.27566934461,47.6776199242007
13190,-122.296940507309,47.5882606058878
13191,-122.366719742224,47.7717061078693
13200,-122.348701948384,47.660000239007
13202,-122.358202883406,47.706868712051
13203,-122.300321358353,47.7083922115325
13204,-122.299679323157,47.7083884916542
13211,-122.317206426277,47.5880945323028
13212,-122.317104752382,47.6062542898077
13213,-122.306249501385,47.6042919216523
13214,-122.362089477962,47.69430288903519
13218,-122.34033276651822,47.722117178937616
13219,-122.26183975109102,47.54310485036441
13222,-122.259575435549,47.5025405314076
13224,-122.306329652695,47.5511636197722
13227,-122.352660220673,47.6635806701964
13228,-122.310828992729,47.61757342396729
13231,-122.326444058138,47.595960617475406
13240,-122.355725555549,47.7260670036033
13247,-122.359272150184,47.69250556032009
13262,-122.320597472479,47.62422678842071
13276,-122.295181469107,47.5966375468542
13277,-122.323320818127,47.6210123329956
13288,-122.349933006725,47.6839661347094
13291,-122.374153777511,47.7454751964861
13301,-122.277585853008,47.6726815440641
13305,-122.326065924289,47.6271752578353
13306,-122.359549658087,47.7086913590868
13307,-122.265655600849,47.53633402221751
13315,-122.40120141236498,47.66912088803739
13319,-122.356733682295,47.6924880070445
13320,-122.35600729687,47.6924849310786
13323,-122.345816319181,47.68175125349169
13327,-122.355412288057,47.6825200129168
13328,-122.267364149935,47.5168928204022
13329,-122.266803360188,47.51688597489581
13337,-122.352973981852,47.7214532116006
13338,-122.305923431355,47.6203797708174
13339,-122.314687043025,47.5690339723528
13340,-122.329573701007,47.7285968899216
13346,-122.298190730207,47.5750400418081
13353,-122.305462138627,47.62518682958049
13356,-122.395828694421,47.6905257023802
13361,-122.344666842935,47.69092622695499
13372,-122.355377009272,47.71229901716631
13375,-122.361142263135,47.6551305490294
13376,-122.308001861485,47.6244524960455
13377,-122.336506327021,47.6208232285399
13398,-122.307865188378,47.6898069902112
13401,-122.348657444911,47.7722766075248
13404,-122.374792056061,47.6850238262981
13407,-122.311552708244,47.5991381609712
13408,-122.263724645691,47.6797921157145
13409,-122.372962461675,47.6679381105304
13410,-122.297338360851,47.6202333454358
13411,-122.275255634549,47.7045443498875
13415,-122.317925337893,47.65634479099089
13416,-122.3188294973145,47.655798343977295
13430,-122.310783630991,47.7247607700659
13431,-122.320689638015,47.710910752982194
13435,-122.37481754276298,47.6679396514834
13437,-122.340901507565,47.699654234047806
13446,-122.324400331142,47.768080368085
13447,-122.293421953292,47.6948019358343
13451,-122.303734445606,47.6026299883892
13458,-122.28107387716598,47.710652023004
13460,-122.302231835048,47.6323189140083
13472,-122.322011536974,47.6481826967621
13475,-122.22312376656198,47.4942773842176
13480,-122.366652992382,47.7596985685061
13482,-122.317515517933,47.75942408665756
13487,-122.28476597486,47.5425024202686
13489,-122.359613289182,47.714220813435
13493,-122.320168677086,47.6431364961052
13498,-122.322877665228,47.686681832114
13501,-122.316813523297,47.6188055600629
13502,-122.314173830488,47.61568024924761
13504,-122.32347182355402,47.7177421202698
13511,-122.29035817145298,47.591199849486905
13518,-122.335091200731,47.6642544059363
13522,-122.310836115467,47.5768159351965
13523,-122.304556560162,47.7156731981033
13526,-122.333247673695,47.68869093201349
13531,-122.302693115584,47.5582746719345
13532,-122.332110369946,47.71707255206
13535,-122.278377023721,47.5320715396931
13536,-122.306916478337,47.69851292812902
13537,-122.363435743965,47.6890670352875
13538,-122.29138009269802,47.6116843799574
13540,-122.35123924698,47.7668183243907
13543,-122.278428053837,47.6407482178604
13545,-122.30438186922,47.5783959588524
13547,-122.300276970577,47.71200908398131
13548,-122.342042967325,47.6996098339379
13549,-122.342003636992,47.69924205183779
13550,-122.292383930919,47.66052666726241
13551,-122.235374895909,47.50282976310789
13556,-122.231820185818,47.4932805492359
13560,-122.395722586524,47.6824148361457
13569,-122.261672100114,47.55061483915
13575,-122.365689397928,47.66288021883
13579,-122.3266965796952,47.62781017334352
13580,-122.314510996451,47.62424272435769
13581,-122.340497905127,47.6208364095723
13588,-122.347910353008,47.7644425709162
13592,-122.331548704667,47.7355246715595
13594,-122.289882848663,47.62782028092
13595,-122.341833748675,47.6591358620226
13606,-122.267517020719,47.5026295897584
13616,-122.270471113084,47.667527293743
13618,-122.286354590998,47.7198774439587
13620,-122.2405949608445,47.4925756513512
13622,-122.332350611508,47.6687674595891
13623,-122.313111480624,47.74927599220749
13624,-122.351536362959,47.662831317674296
13629,-122.28522819674,47.5554554739846
13630,-122.359940083562,47.6541763996168
13631,-122.316793370811,47.6175597269824
13640,-122.33320137313,47.5806074741647
13643,-122.3472968798,47.69281472020421
13644,-122.347305027867,47.693396287137695
13645,-122.297060134992,47.53965990868661
13651,-122.3367299576842,47.57384977610012
13652,-122.34514003329302,47.72504495630411
13653,-122.30155986322602,47.6947686951749
13662,-122.369142330227,47.7197300397169
13664,-122.287017523887,47.5662043094626
13671,-122.312734843168,47.6128320614744
13675,-122.297950342881,47.5933720957542
13676,-122.344715654087,47.6949786647427
13677,-122.320629251572,47.602657331342
13678,-122.314653642926,47.6664450039745
13680,-122.30869038217782,47.7284940575817
13685,-122.30395131240202,47.6637540786242
13694,-122.2793063316214,47.53554968077684
13695,-122.346018102153,47.6541202723184
13698,-122.304331861125,47.5844451273376
13700,-122.339426010779,47.70693865574051
13701,-122.316778153657,47.6164256587029
13704,-122.306290476901,47.7066894193922
13708,-122.259611136317,47.5013221806727
13718,-122.272045025357,47.5168238730616
13721,-122.34146329618902,47.7231511213339
13726,-122.392886744029,47.6709641464992
13727,-122.27955997858236,47.664848836963145
13728,-122.305338539138,47.679374224983896
13730,-122.2838506741408,47.66846247280448
13731,-122.355559907981,47.7378019477563
13732,-122.293917167483,47.7305485608359
13733,-122.378940056378,47.6752287506364
13734,-122.289410047067,47.704730214486
13735,-122.330971335254,47.7596522936021
13751,-122.366001795297,47.7050895548244
13754,-122.264712348319,47.5422160245874
13755,-122.357195068603,47.7689820301701
13766,-122.254818988956,47.6736169181865
13770,-122.355295211932,47.67323790435111
13773,-122.312183867067,47.696665254557
13779,-122.315136706324,47.703951971718
13780,-122.304476353646,47.6619507168354
13783,-122.395772756638,47.680279200889
13785,-122.323071182128,47.7702815773489
13788,-122.26525434015998,47.4992482663126
13790,-122.34080314981,47.7340655543943
13791,-122.318299169036,47.6202298558762
13799,-122.326115884122,47.57433232576
13802,-122.321447205389,47.6515390649134
13804,-122.32724853751796,47.60753476688138
13807,-122.353828134411,47.7486080117695
13810,-122.321625632203,47.7649930972268
13813,-122.325514595423,47.62735498353791
13828,-122.30885064725,47.6689230645872
13835,-122.359548606619,47.6759407083836
13839,-122.31752011135602,47.6163890718156
13844,-122.311502531994,47.599944601132
13846,-122.270048324504,47.5070478603209
13850,-122.299109149347,47.7283865075159
13855,-122.31343253144298,47.684903787188
13860,-122.373719212344,47.6701208133878
13861,-122.315799921104,47.7084892701418
13867,-122.288196525619,47.7283262488753
13868,-122.361989644351,47.7018869197755
13872,-122.269777339077,47.5203227483566
13879,-122.298723835116,47.6983847330147
13888,-122.24913701952,47.48242890097461
13889,-122.320677145185,47.6141376243518
13897,-122.320719151635,47.7121700521362
13898,-122.31527057704402,47.6664828043477
13908,-122.345154173304,47.7430370332938
13912,-122.306322644471,47.5944589875203
13920,-122.317263397875,47.6129771861766
13922,-122.30702585247,47.702984943433
13928,-122.291187498221,47.624929802110806
13938,-122.324629057721,47.6382820420851
13939,-122.35124276025,47.7722729004943
13940,-122.311175084632,47.6164185400122
13945,-122.39575654546802,47.6780654123286
13949,-122.308014731463,47.6221056753129
13952,-122.291991469862,47.58366725328045
13953,-122.2920061422635,47.58367597206606
13960,-122.360992778629,47.7283018161437
13961,-122.306219253181,47.586884535071
13962,-122.341757620458,47.6642503381654
13967,-122.306323682661,47.593818587053
13970,-122.2990973544,47.5865831720366
13976,-122.32437933059002,47.7667564008629
13981,-122.29931195776,47.5728852667045
13982,-122.34261631308898,47.6591439071463
13984,-122.306850138995,47.5511710711484
13993,-122.299113659777,47.72940856141
13997,-122.358282631438,47.7331725982352
13998,-122.277265172153,47.633306734289
14000,-122.313438440555,47.58636776506281
14003,-122.325500786081,47.7032179261867
14020,-122.274647314717,47.6648140483764
14023,-122.320097266064,47.6692555986082
14028,-122.250266271753,47.4884323330508
14036,-122.387721911914,47.67045609070599
14037,-122.35539490414,47.68617002239629
14041,-122.309085259422,47.75660700938175
14044,-122.323181621168,47.70890434311931
14046,-122.348681591957,47.7705479621382
14047,-122.269217409681,47.4974181387506
14064,-122.292075131768,47.6721104546045
14071,-122.31330329630002,47.7340256711214
14077,-122.31537189739,47.5809622168764
14078,-122.366393327748,47.7286834514801
14081,-122.313127555133,47.58995147178981
14090,-122.312082620205,47.6128251782195
14091,-122.35477922862,47.7600179634991
14095,-122.31572825548498,47.674080181607096
14097,-122.351403057915,47.77680564205354
14101,-122.316670597385,47.612867870693
14104,-122.31139791618284,47.66431013350834
14107,-122.269954898832,47.5407643580287
14111,-122.311212064408,47.76172450558068
14112,-122.311527070766,47.761929789127
14114,-122.285877166588,47.532333208822
14115,-122.267806384979,47.49959698448399
14116,-122.347189706101,47.6912320689511
14124,-122.25042239594602,47.488431925295
14130,-122.318058911884,47.7201872849467
14131,-122.375754628423,47.6831753353291
14132,-122.393081459125,47.699108432086
14135,-122.330034059075,47.5925569407742
14136,-122.355331449462,47.6679673605143
14141,-122.297910767095,47.7170104313561
14142,-122.350302296398,47.7141921705868
14148,-122.32377666397151,47.61275629240848
14150,-122.323039995934,47.621413248550105
14153,-122.315665739038,47.5883757784982
14155,-122.35181476108,47.7322540029413
14169,-122.307564060385,47.5991867271023
14175,-122.348883777544,47.7122830857052
14181,-122.30953121911402,47.6128227991986
14182,-122.256824513032,47.4900720843751
14185,-122.322763673703,47.679595714753
14186,-122.329133571517,47.665042186588
14191,-122.3172172639992,47.58293708291173
14192,-122.368824574905,47.7051375538717
14195,-122.34460191377998,47.68905011854181
14196,-122.3440790963828,47.68906860146334
14200,-122.366474222688,47.75788334780841
14201,-122.3080081400828,47.6247860695518
14202,-122.28186965188,47.7064880275521
14208,-122.373068335584,47.6960616748147
14210,-122.344522899254,47.6580987185933
14216,-122.2990908307122,47.72729559125252
14220,-122.263126923744,47.5096573703367
14221,-122.296590374288,47.7326799588085
14229,-122.366716573158,47.7160712290208
14230,-122.366233952113,47.7160671931097
14231,-122.355666269277,47.7209109478136
14232,-122.35584175573,47.77051978738401
14234,-122.314126377074,47.6135329025413
14239,-122.271032114938,47.51681733471239
14241,-122.3153785399114,47.75217589776214
14245,-122.2543508783,47.4880003949593
14247,-122.341423813201,47.6505928617864
14249,-122.379008942619,47.6868092758997
14250,-122.291037084312,47.6254054167628
14258,-122.296264765037,47.7119701124015
14260,-122.288883738947,47.5323518136513
14263,-122.263347766971,47.4981779099956
14271,-122.326929214391,47.63529759194024
14276,-122.319455933442,47.6187200994259
14278,-122.30689630034,47.5863411088771
14279,-122.267242724742,47.5389221507289
14280,-122.266987398255,47.5570628241836
14289,-122.29271754008,47.7338223694013
14307,-122.32463793445,47.6381811680956
14320,-122.238273851046,47.4883036367637
14326,-122.296470448474,47.626258769030606
14329,-122.356932108399,47.7142075978497
14334,-122.312381431495,47.7124930043119
14337,-122.291618440236,47.5661852148224
14339,-122.256987670838,47.509678529235
14340,-122.367385246934,47.741486588965
14341,-122.283904191255,47.5679234178545
14344,-122.31637133406302,47.682262977218805
14346,-122.320055314172,47.6052755665425
14352,-122.270072838177,47.5060322072059
14354,-122.355698874851,47.7327676374065
14355,-122.355699555594,47.7324900221282
14362,-122.359681836173,47.7196686363628
14363,-122.296812341773,47.5536307411386
14364,-122.35638824376,47.7724733599826
14368,-122.297298131147,47.55364038882751
14370,-122.288068976397,47.7001398518889
14374,-122.357315140417,47.666815043013706
14379,-122.284956639151,47.6720867548268
14381,-122.295004578802,47.6703812941498
14382,-122.371341878226,47.70155569404469
14389,-122.386892195578,47.6759105013986
14391,-122.29411028959198,47.5829526531827
14399,-122.370630384162,47.6663843946707
14402,-122.35614206697,47.706845991561
14405,-122.320512073644,47.7039862000374
14412,-122.317249647004,47.5990830253949
14413,-122.3261275066956,47.726759164103
14414,-122.379045347086,47.6625360139588
14415,-122.397696900425,47.6694329684652
14416,-122.336341397887,47.6664171205538
14424,-122.353611139923,47.7715620681413
14427,-122.320276644059,47.6321899349528
14428,-122.28856000525,47.5911571336714
14431,-122.30705229572202,47.70389208122
14433,-122.346133626728,47.6642470265211
14438,-122.3426174691728,47.74501116530794
14439,-122.271289077953,47.52284272325121
14446,-122.298842252003,47.6042565031748
14448,-122.385018826615,47.6676882098181
14459,-122.28712216613,47.6151619070898
14464,-122.23015342161402,47.4881663389331
14473,-122.317141490835,47.6163927017362
14474,-122.317879711318,47.6219476516907
14475,-122.352670212707,47.7047347789218
14477,-122.313682903596,47.675848391478006
14480,-122.257282392174,47.4992013675797
14484,-122.333987978157,47.7122192567015
14485,-122.301731735042,47.71565292548231
14496,-122.348220833205,47.67601770650421
14499,-122.309485755709,47.6179071485003
14501,-122.355680786185,47.7240301681169
14508,-122.314963001882,47.6931121656963
14509,-122.313535745857,47.6359164445685
14513,-122.36387907397,47.7758493568798
14514,-122.388361947166,47.66941323983409
14516,-122.25815395207452,47.67282900949469
14526,-122.31817496898002,47.6039450990651
14541,-122.363448215616,47.68616003815654
14545,-122.33935759614,47.7032762777586
14553,-122.349880235353,47.67539113283059
14559,-122.313369293693,47.559004875564
14561,-122.34249631465,47.6942261556737
14563,-122.368801518949,47.7015524337269
14569,-122.361015259834,47.7286574979095
14572,-122.296590106736,47.7323697388523
14578,-122.360732403798,47.6669406895972
14588,-122.312954432365,47.7449997984227
14593,-122.351171487984,47.6566253999992
14595,-122.341984137598,47.6986035574567
14597,-122.297848679379,47.71851240424271
14598,-122.392803488083,47.6690917674911
14599,-122.293863486404,47.6849114673095
14600,-122.346137953509,47.706487429345295
14615,-122.301893760815,47.7320473648018
14622,-122.314059386594,47.5837331029939
14634,-122.337898020292,47.6869665178828
14635,-122.363416388628,47.6943011323592
14639,-122.304923634578,47.7502229513791
14646,-122.327671496462,47.6431409238381
14649,-122.310090515924,47.60429569346021
14653,-122.315011975638,47.7030499208087
14654,-122.295390732056,47.701169307878594
14655,-122.289373889594,47.71728700801939
14660,-122.28207466883002,47.6711505291785
14661,-122.3227776375334,47.67986467576317
14666,-122.3573503351782,47.667471391193246
14678,-122.362983939205,47.72332727608549
14688,-122.33869265576702,47.7560576769121
14690,-122.229323844573,47.5047108942201
14693,-122.267504298845,47.5037141190727
14695,-122.291446389225,47.5369899216605
14697,-122.32549483772,47.67159788047119
14698,-122.287100865673,47.6152037525454
14700,-122.319910682228,47.6062825123726
14704,-122.32551027062202,47.6663835653491
14707,-122.344256703467,47.7614908319859
14711,-122.327774200171,47.73042632123301
14717,-122.286099169945,47.5628726797504
14724,-122.355630812877,47.7287082684992
14730,-122.352740078003,47.6622098685152
14731,-122.339400263093,47.6527220276701
14732,-122.352978403396,47.7178251204702
14734,-122.324669606714,47.6231752844285
14738,-122.354986383075,47.6854557394712
14745,-122.336280145998,47.7171711803772
14750,-122.286506716131,47.7264657621461
14757,-122.319986873013,47.6721777999621
14772,-122.30270360615198,47.6754748609574
14775,-122.358210570016,47.7142163850198
14776,-122.362386426056,47.7196452791355
14780,-122.32521434435598,47.62195937344129
14782,-122.401174370868,47.671348038066206
14783,-122.288735328006,47.6192301651516
14787,-122.339695663499,47.7286799454511
14789,-122.359088615161,47.7705407230317
14792,-122.31845574329698,47.6631639147057
14800,-122.33197196841802,47.57132388635986
14801,-122.269895595866,47.5300348897616
14810,-122.324732376982,47.7122016549998
14812,-122.395773750606,47.6816161343989
14818,-122.343102864393,47.663537639923
14822,-122.289198039479,47.6604748076681
14824,-122.283802671522,47.682989771252
14831,-122.320359062919,47.6890067650032
14839,-122.320925075015,47.7205038466044
14841,-122.317305033727,47.666355212430496
14846,-122.296085088579,47.57874854383831
14853,-122.28729944728302,47.607897661205605
14859,-122.349557993644,47.727821292973466
14863,-122.336348492684,47.6628308514835
14868,-122.321760707788,47.71217409570709
14871,-122.360901107455,47.71079524727569
14872,-122.382251033114,47.6759395929278
14877,-122.403574669213,47.675870659125
14878,-122.324461703069,47.6457151310017
14884,-122.317377463533,47.68080400780351
14889,-122.321988663792,47.621369894376606
14891,-122.348155886069,47.7504734950071
14892,-122.357749850603,47.7449656098761
14895,-122.340692090743,47.703230075958494
14896,-122.316746456337,47.6163930751861
14899,-122.33416991329402,47.72314646654869
14900,-122.31066996466102,47.60796822996739
14911,-122.36926829144402,47.6868734382135
14912,-122.3886395664276,47.69793277676111
14913,-122.280865812164,47.7043187614919
14915,-122.30123022083,47.6189697075643
14916,-122.325541629021,47.60652059237939
14921,-122.287346165475,47.7154930672966
14932,-122.356823478382,47.7014137228432
14937,-122.29772415681698,47.5329644820699
14944,-122.305013536901,47.753101015655
14948,-122.328559468116,47.70948238572131
14949,-122.29605311839198,47.5785185053627
14953,-122.355834113293,47.77048044001899
14955,-122.301626565591,47.55613135385929
14956,-122.231692013802,47.4827351355448
14957,-122.319009647386,47.618736671574105
14958,-122.340983332956,47.6221039488928
14967,-122.372946679334,47.6730451036355
14969,-122.304451979293,47.6656217792497
14974,-122.353700072123,47.7740610325918
14978,-122.376696758164,47.69903353985401
14979,-122.316196434856,47.6852826533892
14981,-122.31010117780902,47.6034861511242
14983,-122.297891449815,47.59258578858769
14985,-122.29405960932,47.679368522600406
14986,-122.354403146569,47.6518468149467
14992,-122.356376445106,47.7250945150822
14993,-122.272662125474,47.55043691473029
14995,-122.274347926419,47.5570196161508
14998,-122.28484341871,47.5604989342171
15001,-122.251667223031,47.4784763421279
15009,-122.366281748787,47.7269059951007
15021,-122.32656400217633,47.7444888968252
15023,-122.347202963542,47.6934011576273
15024,-122.31743645057,47.6802276001555
15034,-122.347655975721,47.7329857909048
15035,-122.312386628081,47.6684688725758
15038,-122.382824687858,47.6671410626255
15042,-122.28239552813902,47.6793651643784
15045,-122.29468840784402,47.5784064313872
15049,-122.31354043360402,47.62423955408
15051,-122.288229493212,47.6758252105547
15052,-122.286932762646,47.66484122098401
15053,-122.355700159462,47.7322440193422
15054,-122.333619802928,47.6658129369653
15058,-122.291626843448,47.54979726987799
15082,-122.330732285044,47.6675979222444
15085,-122.353275540776,47.6578002531327
15092,-122.290220355645,47.595802712389
15098,-122.290639796717,47.68656951688539
15103,-122.314188763272,47.616449021563
15108,-122.32342924157,47.7139709878847
15112,-122.35935833521,47.6817636627294
15113,-122.32082806689,47.738938093133605
15116,-122.373728340814,47.6672081880341
15120,-122.35639436749402,47.760492221241
15122,-122.31413136243002,47.59669293102869
15126,-122.316677044961,47.6064571716259
15128,-122.315652674497,47.6219339557016
15132,-122.344091578261,47.65159047719019
15135,-122.313873992119,47.71213069477828
15137,-122.316826121006,47.7266275884898
15139,-122.310164333398,47.608529540543294
15140,-122.371342342101,47.6992939863786
15141,-122.28684207335202,47.72830498131301
15144,-122.36568866193902,47.66223920381
15145,-122.286690631946,47.5752375168015
15149,-122.372680374163,47.685028884729
15158,-122.319729207221,47.6081076664689
15159,-122.363681658577,47.65699300777461
15160,-122.30528794608,47.67578579803
15161,-122.245181925282,47.4870973028661
15163,-122.3555069129025,47.69056104314271
15164,-122.314161008483,47.6147124302452
15165,-122.312264535973,47.6920976943608
15168,-122.300540253598,47.6655904237528
15169,-122.320952901995,47.73636075002511
15171,-122.29325777964202,47.6721075113556
15173,-122.348052225127,47.66354376363341
15175,-122.34942551007198,47.7195442891552
15179,-122.278705220292,47.51417454365819
15180,-122.3439810359964,47.74501020752746
15186,-122.30534118188798,47.5597213241268
15187,-122.319327262849,47.6125902177908
15193,-122.300805118442,47.664325607651
15196,-122.339993406013,47.7032702059516
15203,-122.3140541077378,47.59838421824516
15219,-122.288500061208,47.7230233958774
15223,-122.309587952419,47.6994576642035
15229,-122.276758803965,47.6758239678006
15230,-122.337245996678,47.7410447599783
15232,-122.306961772528,47.7012583003819
15236,-122.31557038351302,47.7340202168024
15238,-122.270534112195,47.5201496662481
15242,-122.384184545476,47.68135688722881
15243,-122.366612863084,47.6759460996524
15244,-122.288684189254,47.5966635009994
15246,-122.327261571872,47.6358192340897
15247,-122.3423754144338,47.7248819732045
15257,-122.32343958674,47.6136001771101
15258,-122.362090859652,47.6960757335757
15267,-122.301161617598,47.6042914588635
15281,-122.362134276984,47.70149379894699
15290,-122.314190856506,47.636009630439
15291,-122.348587721099,47.6586041953476
15294,-122.26987269189,47.5316222635829
15301,-122.271892055247,47.5102522156154
15302,-122.271929152909,47.6601727274909
15306,-122.327345759703,47.6589591553772
15315,-122.290342837944,47.7337690680801
15316,-122.28619728740098,47.567933400853
15318,-122.318043127115,47.76499306751399
15319,-122.296039041203,47.5784172071615
15320,-122.34735918946,47.67695349867049
15321,-122.338916148226,47.7123511788164
15326,-122.33671371249,47.5720623792753
15327,-122.257850256236,47.4872696571175
15328,-122.330057833992,47.57818354403181
15329,-122.314203256915,47.617581993969
15335,-122.267490377884,47.5014275954646
15336,-122.38859080195898,47.677750560069
15337,-122.342887822249,47.77410670648519
15348,-122.27893164722998,47.6612478294426
15352,-122.294228583259,47.67211277246141
15357,-122.24701511121002,47.4996714240317
15359,-122.320359351265,47.6921572048411
15368,-122.33348822633802,47.674093785555804
15372,-122.36391141846498,47.77767480051741
15373,-122.32579189786502,47.6976585783724
15374,-122.320027768282,47.6701190586046
15375,-122.22751680299298,47.48751544756309
15376,-122.308962803501,47.5966895856075
15379,-122.353668906831,47.6502010831146
15380,-122.259530491213,47.5043678135745
15382,-122.254337278402,47.4890240066373
15383,-122.318977582292,47.64687590789631
15389,-122.322143409766,47.6115249124168
15393,-122.278988908445,47.6757920213964
15406,-122.26444328281498,47.684527466611904
15407,-122.264632565891,47.68485681335719
15412,-122.317341240779,47.6630143908505
15414,-122.273809107975,47.5143285987119
15415,-122.32151606057,47.75596241627701
15416,-122.313343701166,47.6008968859045
15422,-122.355246536064,47.6959881461522
15428,-122.3328616286374,47.73229231726434
15430,-122.301227133684,47.6006165101635
15433,-122.302081564293,47.702050867776
15438,-122.352657090178,47.66221021319901
15442,-122.301581702079,47.6965909568271
15447,-122.355674579376,47.72550656673141
15448,-122.32392657008624,47.62054712082743
15452,-122.322283306699,47.6186251899212
15458,-122.355401379128,47.6643552399647
15460,-122.361354363134,47.77594395880581
15467,-122.3595026145944,47.70143474834888
15471,-122.265831796136,47.5070443801784
15474,-122.316050437612,47.5785851522222
15479,-122.2862982545335,47.65678792638202
15480,-122.28384539414176,47.65581921049958
15481,-122.335185708087,47.5862737027447
15482,-122.33504617513,47.5862719186686
15486,-122.288936846762,47.6232755523437
15488,-122.34574819995198,47.6986709263775
15496,-122.300573865125,47.7210786743466
15500,-122.335141413183,47.7735939920094
15509,-122.294210508044,47.5810339642239
15510,-122.327539450489,47.58832770078229
15515,-122.360277454279,47.65419412765501
15527,-122.328320604148,47.7504995418685
15529,-122.324443120326,47.69765673374851
15532,-122.361840897161,47.6569959272338
15543,-122.33594025444582,47.7414909827259
15559,-122.27656799125698,47.5295268634583
15562,-122.316653897362,47.5785994635829
15567,-122.282883816904,47.5315625069889
15576,-122.296276024217,47.6141694100385
15579,-122.33851083791,47.719616164846
15591,-122.30935951027,47.6221151365033
15600,-122.315574132061,47.6153219841975
15601,-122.28758750963702,47.6293768452529
15610,-122.2273922693,47.5026041126199
15613,-122.268134708647,47.556297838592094
15620,-122.352375872034,47.7705294028708
15621,-122.31216131140802,47.69311865915919
15624,-122.32932976553,47.6131753587562
15629,-122.36529260097602,47.6569615343253
15635,-122.298534752779,47.5882729683527
15636,-122.322244135506,47.6187037918959
15638,-122.360642862378,47.68469783507229
15641,-122.2608173663334,47.51684956710928
15650,-122.267275417401,47.5369281108622
15654,-122.2858432961912,47.66486735325916
15660,-122.334960004801,47.7067899818571
15666,-122.355660704901,47.71592487324839
15670,-122.297558837833,47.6141301966243
15671,-122.355699384381,47.7282803400021
15672,-122.359661817497,47.7233018945694
15675,-122.334843722621,47.7577531938094
15681,-122.332665154091,47.7068077301717
15690,-122.307204579734,47.7284771797124
15692,-122.230230745042,47.4980212155167
15698,-122.384840289178,47.685023698676
15699,-122.308810907347,47.6104018931735
15700,-122.308234132774,47.61039563060191
15705,-122.3347795039,47.75773409072891
15716,-122.361941684724,47.6589193019309
15720,-122.291027442394,47.7337846119045
15724,-122.35288354594982,47.70866068438251
15725,-122.288547227179,47.68663141958941
15727,-122.357587759168,47.6530392949512
15733,-122.340158759388,47.5750641952964
15741,-122.2952250209024,47.73691077045774
15742,-122.275278445166,47.5407166874384
15745,-122.37294197937,47.6693905096623
15747,-122.297941674935,47.6008248784698
15748,-122.3351283998544,47.71597622220738
15749,-122.403722580355,47.6721987537754
15750,-122.277814564758,47.675792728847
15755,-122.293696468554,47.61411625839779
15756,-122.296604455046,47.6277505283733
15757,-122.29684887664,47.6281901808107
15759,-122.283835752316,47.5406276854511
15763,-122.3105429956185,47.6648320238171
15764,-122.274450879052,47.56533979942261
15767,-122.3162140259976,47.71757793019729
15768,-122.32491879744002,47.6065307437891
15770,-122.289490965713,47.6078817663147
15777,-122.346637689492,47.7381333967557
15783,-122.316090283639,47.6568304774984
15784,-122.314956187937,47.6568137473388
15787,-122.33627922496198,47.6479768971468
15788,-122.3136311078754,47.61757720521421
15789,-122.305249636758,47.6830376074359
15793,-122.33510494625402,47.662825924539
15798,-122.30560948107798,47.6664680758723
15802,-122.33798387675,47.7728303692976
15809,-122.361006831762,47.7232775114004
15810,-122.272752405728,47.5326016354409
15820,-122.345000577705,47.7159392651561
15821,-122.315428451272,47.6145911551525
15825,-122.31252297504444,47.716518010026846
15831,-122.316623373305,47.6242310886613
15837,-122.316269908702,47.7738363915606
15847,-122.334316980768,47.646811274784
15853,-122.27993438309,47.696195307655806
15854,-122.350701709391,47.737717887460896
15859,-122.315644367953,47.7388701522485
15867,-122.304523478876,47.633165111638
15875,-122.31506046738998,47.70213720514639
15876,-122.341434738178,47.6482711833711
15879,-122.30763728432,47.6793982577316
15889,-122.290388962114,47.5606875332903
15891,-122.307766984124,47.6664338689432
15897,-122.32456116954,47.6420613473804
15906,-122.340739214841,47.7068791821998
15907,-122.319822237276,47.6600697136671
15911,-122.331311977111,47.711354782158
15912,-122.334340625418,47.5921861781895
15914,-122.3493908943638,47.6969291558819
15932,-122.300584134875,47.72549582053799
15936,-122.27685629424998,47.67762586714159
15943,-122.3016854371372,47.71111442059944
15945,-122.352584642006,47.6769589723053
15962,-122.292479621548,47.6152278030341
15967,-122.269287756025,47.67457282685789
15969,-122.339081502639,47.6687089939574
15977,-122.381182452464,47.6905469289101
15985,-122.301604230119,47.69840050855381
15988,-122.336163415427,47.62198904962551
15989,-122.326533722033,47.6444394176263
15994,-122.34937200860502,47.701396860905
15998,-122.323084039716,47.705397350748704
15999,-122.315039373703,47.70394967352869
16000,-122.315822999178,47.7039593327323
16008,-122.366088456258,47.663278573282206
16012,-122.357183191392,47.6595418804204
16014,-122.3236171553264,47.65587943447515
16016,-122.295054869142,47.5829503274767
16019,-122.32540387626,47.673524211208
16021,-122.3536996244648,47.77461546012342
16027,-122.341325563243,47.6221071255234
16039,-122.316123561299,47.5829589557215
16042,-122.285364343122,47.717313160137
16047,-122.3639175766936,47.75817825386749
16059,-122.3703096477835,47.7416089805309
16061,-122.360903379218,47.7103875921097
16062,-122.301293987159,47.62020011379601
16063,-122.314985289333,47.6199995049174
16065,-122.352659045977,47.656627156717
16068,-122.312799883238,47.6027147102066
16069,-122.3748658733476,47.66215922294708
16071,-122.312845936522,47.5464719646639
16073,-122.322245104914,47.7365003434025
16075,-122.353110800073,47.734143124100704
16078,-122.32811946833408,47.61248262152549
16081,-122.312804750784,47.5966894564179
16086,-122.321270862139,47.5819535500794
16089,-122.288329837409,47.67936833448041
16090,-122.332229232381,47.6278705586112
16091,-122.332785787239,47.6274430265189
16093,-122.390789576921,47.6849447410603
16100,-122.340034676186,47.6219902873325
16112,-122.312360792,47.7121124441577
16114,-122.388624211698,47.6795609485056
16116,-122.32141497571,47.766705768426
16117,-122.389636067741,47.6777217440249
16119,-122.297664881772,47.71198529966821
16122,-122.32092178297,47.6584757630842
16128,-122.347632581448,47.72655174297281
16132,-122.309945589045,47.6793752272933
16140,-122.316774962085,47.6161807986858
16141,-122.324942103004,47.6055225452596
16147,-122.307946025715,47.5750879649647
16149,-122.276968729776,47.5232476283497
16151,-122.350060369192,47.6986730212925
16153,-122.361160337995,47.7559735100263
16162,-122.333607847114,47.6672688901088
16163,-122.283786359257,47.5214234624459
16173,-122.3144304451444,47.61386922020722
16175,-122.325110548583,47.727822825528
16181,-122.327136102328,47.6650382685626
16184,-122.312121605655,47.6164229403578
16186,-122.292681707647,47.7427752521742
16189,-122.315336770504,47.7512496864326
16191,-122.293313751332,47.69232387825409
16196,-122.3277736960762,47.616314439306215
16199,-122.317034307649,47.699509480684206
16201,-122.38486769350898,47.66669103269809
16218,-122.351064568931,47.6608717572315
16221,-122.300805017483,47.6641167828903
16225,-122.327883236562,47.69767392237554
16230,-122.27720187192,47.7053613821577
16237,-122.35946976122,47.7754576034444
16242,-122.34536530864098,47.6507038742798
16244,-122.350859419143,47.7509198957035
16254,-122.3537609294218,47.77649484212351
16263,-122.338775725456,47.649148223413
16268,-122.274626639327,47.66246837483501
16269,-122.275706979104,47.68298429051461
16278,-122.284703400485,47.6085772370186
16279,-122.284654847564,47.608212039322005
16286,-122.2634486823235,47.67292970230495
16289,-122.323359531988,47.579932874065
16294,-122.372677261357,47.7015623940284
16297,-122.259267694365,47.4873079076406
16298,-122.258802607255,47.48726987126721
16299,-122.255763842232,47.487312276558406
16304,-122.392806357847,47.6689559710692
16306,-122.354518338939,47.6546065270665
16309,-122.285213665524,47.6164667367273
16313,-122.278339556307,47.7051004467304
16314,-122.32697094445102,47.612946871354005
16315,-122.267418237435,47.6703607539493
16317,-122.263606152,47.4983272430618
16324,-122.345165061362,47.7322696762324
16325,-122.2860124354684,47.57240512215314
16327,-122.227427812324,47.5008147099324
16330,-122.338673491583,47.6468369154425
16332,-122.34722277530402,47.6949862448377
16334,-122.351749929593,47.7359544354286
16337,-122.28854187666768,47.57830941488947
16340,-122.300214125287,47.63222454490799
16341,-122.299595678612,47.632219603193
16351,-122.306639211944,47.6268109207066
16354,-122.266926011973,47.5335395855152
16362,-122.32233095811672,47.65456599276459
16365,-122.284860653785,47.6657360268986
16366,-122.301109789367,47.6243293048455
16367,-122.36729742588402,47.7051285826058
16373,-122.295214408885,47.73200840586801
16382,-122.266404257478,47.5472071378216
16398,-122.37538580803349,47.74508305790741
16402,-122.305195571661,47.6884453470611
16404,-122.337155308148,47.7377384992297
16410,-122.360049161498,47.7527590393363
16411,-122.354457861044,47.6514783077173
16412,-122.293737409616,47.5480819066236
16417,-122.3204986697198,47.75223444130073
16427,-122.283013245034,47.632478877797006
16428,-122.31149687112502,47.6009308577131
16429,-122.305000991531,47.7519699298533
16433,-122.3900063007314,47.70079250643052
16442,-122.274440433889,47.564162948426
16449,-122.282762046663,47.7215227535913
16453,-122.289584786427,47.7300513781312
16461,-122.2934162654444,47.66180806729282
16462,-122.230309686155,47.504150341748606
16470,-122.289348513233,47.7154772150142
16475,-122.28211440932,47.6721452877282
16478,-122.270850016802,47.5316181342638
16480,-122.3163896885002,47.77358021263168
16485,-122.345697707539,47.6596279539629
16488,-122.2652605406214,47.53694285600672
16502,-122.33592103719523,47.62382663656108
16503,-122.377800698251,47.6831700262724
16505,-122.326830245357,47.6184219571929
16506,-122.277776810585,47.63699295984801
16507,-122.375221065691,47.6794944191865
16512,-122.36370739391198,47.723346100078494
16515,-122.352611801121,47.6802755136934
16516,-122.370028681071,47.66286596266891
16520,-122.285838385384,47.6684687380308
16526,-122.304049458679,47.556226107738006
16536,-122.278064182545,47.5295338054056
16537,-122.27753288343,47.5295109909143
16539,-122.273403141537,47.6993183620324
16546,-122.279892290387,47.6930274759717
16549,-122.352772516627,47.74867868498169
16553,-122.327830875135,47.61728191932428
16563,-122.294056135742,47.7173891983342
16565,-122.293511618458,47.5903743050269
16567,-122.304667107274,47.7284470497898
16572,-122.2214208893154,47.48319754920024
16573,-122.300415801275,47.7284079619064
16574,-122.26571792734,47.55947079878771
16587,-122.356338227259,47.6817738253864
16589,-122.278983399782,47.709115342317
16590,-122.338094540418,47.7340810327594
16591,-122.3433428876064,47.73407511275868
16595,-122.35001545945,47.6541754191419
16603,-122.24255559095802,47.499612444722
16604,-122.323066335605,47.6210207891945
16607,-122.305696866144,47.69403653558769
16613,-122.3367100748,47.7741158183236
16622,-122.301225663415,47.6008254029562
16623,-122.298091504949,47.7428805061517
16626,-122.310030143279,47.6322732467118
16628,-122.354374202345,47.7359909520465
16629,-122.29067627481815,47.701169489370464
16630,-122.296125958847,47.5919793355289
16635,-122.347420165917,47.6795676449139
16640,-122.352559181623,47.6890744492111
16641,-122.287367804158,47.717299890919
16642,-122.26044940572,47.516853554301
16644,-122.296196093848,47.6189501720252
16648,-122.336374361375,47.6686543954774
16657,-122.37371675246834,47.671675335250136
16658,-122.309982611666,47.690266705113
16667,-122.305765218686,47.7157242523786
16668,-122.24409330105202,47.4980533605663
16669,-122.341452038892,47.649190790068
16670,-122.29459852981,47.53765453033301
16676,-122.367677659192,47.77194542852523
16687,-122.266207811759,47.53694813484998
16689,-122.296288926056,47.5991311675295
16702,-122.283801416626,47.7173176942732
16704,-122.320281583505,47.696730379282
16711,-122.281238802598,47.715093249746246
16712,-122.282634289886,47.72470291521879
16715,-122.28663943677182,47.67936682566452
16722,-122.26194235417702,47.553362664582565
16730,-122.300240965078,47.5791296660344
16731,-122.347411819557,47.7035427034342
16735,-122.30988208011802,47.57955134834051
16740,-122.315567780348,47.62070067711469
16750,-122.318888304196,47.6242778098027
16779,-122.320359690588,47.6882578216611
16780,-122.294850314028,47.7280269414249
16785,-122.302235030213,47.5487448024202
16787,-122.348962415175,47.7687243478516
16791,-122.32354462492717,47.60913174694234
16795,-122.39071717121,47.6777404194901
16796,-122.320943020023,47.6080410012142
16797,-122.32878125575,47.7158464593002
16798,-122.269962746535,47.5491445293178
16799,-122.269958537091,47.5488177069225
16801,-122.303923610061,47.5883370015965
16802,-122.265167660638,47.5197655746971
16804,-122.344732232812,47.6962920015778
16806,-122.322885311063,47.5819920254738
16810,-122.272626014268,47.69414079430711
16811,-122.292717896993,47.7172992791224
16817,-122.32892786660962,47.72636892819404
16818,-122.30559805751902,47.727817662749295
16824,-122.2799425103204,47.69482512364967
16825,-122.287365799324,47.71736268167789
16829,-122.300707437198,47.733855665714
16830,-122.302993371862,47.6848776172407
16836,-122.386503146955,47.6813118062704
16837,-122.290115575707,47.6684722213079
16841,-122.309966460944,47.7321473756632
16844,-122.3968691230156,47.697143484492095
16845,-122.34744020131798,47.7043354197084
16846,-122.3474798584958,47.7047156855998
16848,-122.3106748909766,47.77524042982726
16858,-122.31527026468602,47.6814792016969
16861,-122.308879544526,47.6684795125025
16866,-122.273138196841,47.51900808424
16874,-122.293111433828,47.6224441760509
16875,-122.304666490837,47.7220520772488
16888,-122.30393519169,47.5895234404204
16901,-122.354618975246,47.7589754555841
16908,-122.29499474518302,47.67210616414141
16923,-122.3320079998,47.6869373448364
16924,-122.31628019235356,47.67723359402885
16930,-122.329526827486,47.6776093799136
16931,-122.317477424977,47.604345856756
16937,-122.33972897959738,47.737723905815336
16940,-122.330288997344,47.7322112666863
16941,-122.316891417896,47.6395806460761
16942,-122.267057275049,47.4956235604549
16945,-122.35848438061198,47.77053248908711
16948,-122.320352518774,47.6913413802552
16954,-122.367236139235,47.6928439975636
16969,-122.311309557654,47.60271403933731
16972,-122.368702314299,47.775741173282896
16974,-122.340308371261,47.62210268654311
16979,-122.338542023414,47.66798034095231
16990,-122.303323745715,47.574107791736
16994,-122.296180014246,47.6201272603874
16998,-122.360635128991,47.68761529026491
17003,-122.380719031433,47.699029392243
17007,-122.289512666753,47.5497677077159
17016,-122.356451498983,47.6795114648969
17018,-122.296852579309,47.6025920457302
17021,-122.227647521049,47.49464745169311
17030,-122.31085602209698,47.612829652647
17037,-122.293799782293,47.546238724981
17047,-122.2499902801658,47.51040393886406
17049,-122.308361303853,47.6994385223035
17054,-122.339694061279,47.7286247262499
17064,-122.312641508325,47.5953800564342
17065,-122.316668957925,47.6128347664954
17067,-122.30392915091,47.6758177082106
17069,-122.311534824542,47.7157325904693
17071,-122.363812302997,47.7632848013612
17082,-122.345273233981,47.6996755289944
17091,-122.327825450341,47.615709611575
17093,-122.354956319454,47.6732132606134
17094,-122.350356463335,47.7178228887981
17109,-122.32036689180102,47.7021711186728
17114,-122.291060010171,47.5352993762634
17115,-122.275717696108,47.565728151319
17119,-122.292529811208,47.6116882884983
17120,-122.312454739254,47.595443755431
17123,-122.320810314039,47.6545948857158
17124,-122.345901169665,47.6802638448207
17127,-122.322167452576,47.6130193375674
17135,-122.358361385798,47.6817617695525
17138,-122.3571252988926,47.66904720545949
17139,-122.357154027389,47.6687285284148
17140,-122.312379362339,47.766673341636
17143,-122.2830836711898,47.6848015935067
17145,-122.338208093184,47.7286270307002
17146,-122.349955709639,47.6810169372848
17148,-122.345564455883,47.652774070990496
17157,-122.297448972929,47.6775874348555
17163,-122.316705418374,47.6214501850053
17164,-122.34745133903398,47.7042662547298
17171,-122.293421918373,47.5933512364394
17179,-122.396864499289,47.6964363572114
17187,-122.34701700548,47.7522801966945
17190,-122.372077307181,47.6906917558699
17191,-122.230394083272,47.486506720524
17194,-122.289375412805,47.6793676194248
17216,-122.290235489594,47.6624932602466
17223,-122.307658603866,47.6794394626178
17224,-122.315735706223,47.67237499105719
17230,-122.289405975601,47.70115939066719
17235,-122.313122550953,47.71212591097301
17239,-122.3134509177994,47.57301081731022
17240,-122.29418156769502,47.5508947914387
17251,-122.299622477869,47.53916828709461
17252,-122.309433828547,47.6948248005803
17253,-122.306917661512,47.586299954424
17257,-122.2759591180166,47.664851345250455
17269,-122.299468961721,47.6776251506135
17271,-122.294114695454,47.5836821910194
17272,-122.317424951093,47.7097326669524
17276,-122.337623175372,47.6479984760173
17277,-122.33404264809784,47.70371375070998
17281,-122.29084931903584,47.7251103259408
17282,-122.337625465149,47.64682101927141
17286,-122.363431651352,47.6960795021278
17287,-122.342903910499,47.7577238229018
17288,-122.298864327199,47.624385702813605
17292,-122.35961254387,47.7141796941422
17293,-122.269963607833,47.5504405487205
17295,-122.312143930907,47.69484162969659
17307,-122.303673104079,47.6026165940738
17311,-122.33428887811,47.5925053600318
17320,-122.33008777309598,47.60976301993959
17333,-122.347644786131,47.72317699291095
17336,-122.330081353212,47.5754128021042
17337,-122.243838842243,47.5105274588558
17338,-122.358503667412,47.7591576390162
17341,-122.32624703576496,47.60979564361609
17343,-122.296544378679,47.62332110409411
17344,-122.273918373296,47.5483069307602
17345,-122.340167268443,47.5860303186602
17348,-122.28057622296284,47.53545610095699
17354,-122.331097761574,47.62086906153039
17365,-122.31715592236525,47.659793174838136
17372,-122.363394285923,47.6914061025933
17380,-122.30826772744,47.7232441675087
17381,-122.294100481774,47.67940441649339
17387,-122.351531838237,47.6643490728809
17391,-122.2706814311502,47.53468842851309
17396,-122.306577552803,47.6627807340354
17400,-122.302261593885,47.5783573423053
17408,-122.309946351362,47.7157186428177
17411,-122.22914830691498,47.5051296155274
17415,-122.303376310615,47.5775737385029
17418,-122.3434084986906,47.691864767053154
17422,-122.304966763492,47.7511632481507
17425,-122.293696667352,47.7282422806697
17426,-122.3173939508196,47.72662672219678
17427,-122.29023378803,47.6648251428646
17437,-122.33940467313,47.6491718254367
17438,-122.276017685524,47.6793562140226
17455,-122.287977531956,47.69522414370599
17456,-122.279321748769,47.5370071107324
17459,-122.32248002418116,47.60939879648993
17464,-122.305973033688,47.6812209245036
17468,-122.290728890681,47.6249733500025
17469,-122.319992115841,47.5983934338847
17472,-122.32577166028598,47.6921866465738
17486,-122.251138844149,47.5064198576981
17488,-122.326103061434,47.5736191817966
17499,-122.306382753193,47.5750473348555
17500,-122.282083299455,47.6694128514525
17506,-122.35525019456448,47.72638220670245
17507,-122.280207730436,47.6740119045607
17516,-122.272595377595,47.5484091372008
17517,-122.29633297460198,47.7265620958002
17521,-122.287691036691,47.6816425986377
17523,-122.33726796301876,47.62078118945483
17527,-122.279929827326,47.6967113502705
17531,-122.267103170569,47.541629295893
17534,-122.322134954704,47.6164446067034
17550,-122.37847367774502,47.7045830476743
17552,-122.36720179733702,47.6814387176467
17555,-122.31933390989498,47.6128781913479
17565,-122.368046028102,47.70148063954971
17569,-122.342372434143,47.7245935943273
17570,-122.227506142388,47.49821012815
17577,-122.287884125049,47.6648354174631
17579,-122.271739627439,47.531617470626905
17581,-122.308921607938,47.6141505780534
17583,-122.245149459479,47.4883767230759
17585,-122.291025672912,47.6793696778528
17589,-122.323257227122,47.7104043956789
17591,-122.275225222875,47.6992897720734
17592,-122.2823538986614,47.53156225224256
17593,-122.28194672354202,47.5315605295531
17594,-122.323486620284,47.722867819626
17603,-122.31970280002903,47.655953765314
17615,-122.246629380404,47.4824765807249
17617,-122.27953208190802,47.6708275526051
17618,-122.28340229171,47.5594073375982
17630,-122.318177554299,47.740813653125
17640,-122.295982612467,47.6966300381663
17642,-122.2705211559624,47.5407388276903
17652,-122.3612838352208,47.771439911638346
17655,-122.301872175612,47.7284208418416
17658,-122.22180457230802,47.49956564631011
17663,-122.35732762784,47.71965470534119
17666,-122.33569054579898,47.7171682763799
17674,-122.26992884724,47.5183040770053
17676,-122.276874067023,47.5261655564142
17687,-122.2808214852598,47.53770407812114
17688,-122.32327047232,47.6088464813289
17689,-122.371314291594,47.66793642006079
17690,-122.27000778334998,47.5087617793212
17702,-122.320767268441,47.6585691199267
17703,-122.3500478959982,47.69684377647194
17705,-122.363913180397,47.6588897709496
17712,-122.340129330589,47.7534012634192
17714,-122.30612634538,47.7339041388201
17720,-122.270296280791,47.50019005632439
17721,-122.283517112437,47.575059525316
17726,-122.343731600519,47.719518667772
17728,-122.308207805674,47.6153068084285
17731,-122.327848946227,47.6158240691288
17732,-122.32786602889232,47.61583111496
17733,-122.344517253744,47.6586292126398
17734,-122.301770674191,47.575040022933
17739,-122.279414911446,47.5582259253913
17740,-122.31668110414,47.60768334245379
17747,-122.30067750757,47.6848872875627
17748,-122.291158568063,47.6274382596452
17750,-122.356468866561,47.7612137652024
17754,-122.32625802692698,47.6089937380572
17767,-122.367223369884,47.6832189872446
17769,-122.328927724604,47.58073398118571
17772,-122.270233415055,47.50497631222171
17773,-122.294463870659,47.5933555590668
17784,-122.26997439656502,47.5124105590082
17785,-122.335039427538,47.5838408715428
17789,-122.335111943275,47.6621860995407
17796,-122.35445622658,47.6754055814221
17798,-122.325944939515,47.7104153255155
17803,-122.310710064237,47.5844680251578
17807,-122.3004024229,47.5844593485245
17811,-122.353265592538,47.6588825401374
17812,-122.299109097613,47.5836034631945
17815,-122.302368543345,47.7531107195311
17817,-122.313999047307,47.6242403506485
17818,-122.342054159033,47.6208379858158
17820,-122.374199155465,47.66950591954025
17821,-122.330207190548,47.654333321542
17822,-122.330019140662,47.677615975625
17827,-122.2889876361948,47.688477660478085
17830,-122.276949102022,47.6385228165319
17831,-122.27695152529448,47.63850928297455
17832,-122.252213315164,47.4957430455608
17841,-122.3125017559562,47.67583814949209
17845,-122.290380213678,47.5524637935526
17853,-122.323055208582,47.7039937289777
17855,-122.270042871397,47.55265156497709
17857,-122.33809386045598,47.76692926558525
17859,-122.337935682678,47.6904553028804
17864,-122.295885075142,47.6008249306522
17865,-122.355407111852,47.723184139685
17884,-122.28430400053244,47.571223203808266
17890,-122.323485777284,47.7241465222354
17893,-122.305411348763,47.61902997319
17894,-122.357101204777,47.6623398616126
17897,-122.303962829143,47.6627936146074
17901,-122.314485896656,47.7121347576064
17903,-122.29730553273698,47.62198342951209
17910,-122.260935403089,47.49075528525649
17915,-122.297705020393,47.7247595651908
17917,-122.320834675082,47.7631312132476
17922,-122.306798183994,47.682974226838006
17923,-122.339598511896,47.73407160344791
17933,-122.296255295035,47.6141280341381
17936,-122.286445248683,47.68480966728689
17942,-122.312827482607,47.619143287669694
17944,-122.29437026153398,47.5913159598016
17960,-122.321366042112,47.6268081588175
17964,-122.316762745723,47.71758081845434
17966,-122.311883971029,47.6331248146248
17975,-122.348178186001,47.752283549669
17983,-122.3447146159,47.6942343722818
17986,-122.299897406335,47.5967236199195
17990,-122.309248526379,47.57699770713091
17995,-122.230189268451,47.500852351383095
17998,-122.296450348746,47.67762441232011
18024,-122.322303658494,47.6188659885682
18030,-122.3139240511766,47.718349509276855
18033,-122.320735867452,47.66008834731065
18051,-122.308097815436,47.6026406328133
18061,-122.339956217137,47.66841494218951
18066,-122.319985648201,47.6754013160516
18068,-122.2829258536226,47.679368122807055
18072,-122.32829441082,47.67323949417041
18075,-122.3602585303648,47.71594860639199
18076,-122.284735728727,47.6322220325867
18083,-122.358425575261,47.6615264800787
18084,-122.32352792280103,47.604262384437895
18085,-122.3236696373922,47.60420269875341
18093,-122.305764247753,47.7156831358765
18095,-122.370478612959,47.7197400917618
18102,-122.320099853441,47.6092901242957
18114,-122.263597265148,47.6749410052054
18118,-122.375450205879,47.6850173793237
18121,-122.2950295777196,47.66484047196898
18124,-122.36671342426298,47.77100501329429
18133,-122.35100405146902,47.729637708124
18141,-122.321251102947,47.586934942988
18144,-122.273159206003,47.5605632182691
18152,-122.355822562547,47.7753798459021
18154,-122.28559857129116,47.66119402867762
18156,-122.337625994983,47.672095209279895
18159,-122.3274643852,47.5883448092471
18167,-122.34855418672,47.6912560314644
18169,-122.23824953736398,47.48880832450461
18170,-122.301481952495,47.6721121682125
18173,-122.320653376498,47.6625760707976
18178,-122.323750671601,47.6094150259714
18180,-122.289504151043,47.70831279978089
18183,-122.280577047563,47.7067879365348
18196,-122.352809654495,47.7487218854432
18201,-122.3216601987428,47.736499023947694
18203,-122.342458064046,47.7013757023829
18205,-122.3629199455476,47.701418247379806
18206,-122.26875556644798,47.6703730762597
18207,-122.26925147334198,47.52339627834541
18211,-122.325832757917,47.5778377611619
18217,-122.2937827605804,47.622444045450905
18218,-122.316063866202,47.58296262847781
18219,-122.305106174035,47.754165984786106
18220,-122.34077308766798,47.6904878094342
18226,-122.360612626962,47.695999597828894
18231,-122.313616094787,47.6215675862357
18248,-122.31738905138953,47.60263101556943
18263,-122.301966250324,47.7356689680333
18268,-122.35300724944598,47.732262098065895
18279,-122.304299831739,47.6128460791181
18287,-122.296281181726,47.7229644275829
18294,-122.36597890141,47.70152094359279
18297,-122.351783677012,47.7309167879661
18298,-122.317002662847,47.5999622060936
18326,-122.254552457505,47.4848637227794
18329,-122.288313585594,47.6794108089743
18338,-122.304633064426,47.5606695175777
18341,-122.319204532918,47.5616577334028
18352,-122.335422359097,47.7123350467214
18355,-122.304516034522,47.6182603317748
18356,-122.2840650549904,47.67582824705824
18360,-122.336337578508,47.6657207134717
18361,-122.317198673888,47.5928098898699
18363,-122.3239646190652,47.73718898415278
18364,-122.311372035671,47.7179977192074
18377,-122.26405195087,47.5168706242714
18378,-122.31082603656098,47.6143630994058
18386,-122.252275176543,47.50969236507709
18390,-122.31817838405,47.6051543780763
18391,-122.3305313995282,47.624489968556745
18398,-122.3001348444732,47.6758198114366
18403,-122.303431349642,47.7002292179665
18406,-122.357468889713,47.679487002694906
18411,-122.303980400747,47.6794143734491
18413,-122.308034503703,47.6220642097426
18424,-122.353357345277,47.7450996578384
18438,-122.286746386531,47.54970882154856
18443,-122.27733986102,47.6612480561958
18450,-122.347412759652,47.7025329156788
18467,-122.30775275577498,47.6848840213986
18483,-122.267953606486,47.6720894994049
18484,-122.325243474598,47.6231738056873
18485,-122.30699893805,47.7020785641412
18486,-122.344798329532,47.70222751415261
18489,-122.288148172969,47.6626532428082
18492,-122.368681861911,47.77417412357944
18493,-122.31489286756398,47.6975994777135
18494,-122.316827537812,47.6685648202913
18498,-122.3957511847442,47.69464408155248
18499,-122.33174493735493,47.620622860178365
18514,-122.350256894525,47.711557606344094
18532,-122.26989311266,47.5287024638197
18535,-122.29624278791202,47.7199128181145
18538,-122.328345832434,47.60709642980149
18545,-122.243093828879,47.497996473857
18548,-122.311547883797,47.7285089468995
18551,-122.34729549171,47.7004919483976
18555,-122.294570355085,47.7247428671842
18559,-122.325433543839,47.6130166957167
18560,-122.351047390887,47.758429619070704
18561,-122.326159784247,47.7194613951971
18580,-122.326797582838,47.609573800050896
18582,-122.309903150959,47.6848876376335
18592,-122.32031026701502,47.6897037459044
18593,-122.31940409068902,47.7706146632139
18597,-122.233334664646,47.4815638665966
18607,-122.279436289183,47.5170197864012
18610,-122.323491962479,47.7235355575124
18612,-122.304832483672,47.6184555250286
18616,-122.358458016611,47.6577839867096
18635,-122.357337522303,47.6817708953094
18636,-122.27943814592702,47.5593973555078
18637,-122.33789612027,47.6869263161041
18643,-122.31379389272,47.72661253282579
18648,-122.318755333536,47.6593518814893
18654,-122.324599089592,47.6062088394928
18656,-122.31580032148102,47.6638224387939
18667,-122.27437886285,47.5582521929113
18671,-122.277566044389,47.5278793056791
18676,-122.299515812747,47.66994048586989
18683,-122.360643556699,47.6890692142313
18686,-122.271835513857,47.5290904595396
18697,-122.292145710241,47.5735198494751
18700,-122.336357708027,47.6635212783303
18715,-122.292462441726,47.5890366674921
18716,-122.353725714191,47.7757450184234
18720,-122.328935527463,47.5840644678296
18729,-122.310790366261,47.5809301659197
18731,-122.342219442971,47.6575890595456
18734,-122.315298693278,47.7139503184863
18741,-122.359919207088,47.7687408920439
18756,-122.334421174293,47.672367428004
18762,-122.31036138149,47.5933300530402
18766,-122.27678223152502,47.67578323301209
18767,-122.283404720115,47.5578073292595
18788,-122.3664461897872,47.71984670757179
18790,-122.366016843827,47.6943194143516
18798,-122.257851442008,47.4920017019329
18799,-122.385920596688,47.6850179223557
18804,-122.356498913546,47.7532722224241
18811,-122.327453873373,47.579702503188
18819,-122.320621144987,47.6670802546002
18821,-122.258769343421,47.5495683983469
18824,-122.291864225415,47.52097952265401
18832,-122.3547563929246,47.7596708375457
18835,-122.326181052909,47.6130160833227
18845,-122.355446820073,47.6628058100953
18846,-122.269916895533,47.5189954211811
18847,-122.29123621458798,47.62243129117601
18856,-122.34465917817,47.68904614766691
18857,-122.317448057813,47.6026596131573
18861,-122.288081163587,47.5343953734104
18862,-122.293711556761,47.7288036691416
18864,-122.31567828348598,47.61532326864549
18867,-122.313499902805,47.7244791058912
18885,-122.289120653879,47.5957864895076
18890,-122.227627620139,47.4932495990226
18892,-122.2990464512807,47.71927071864132
18898,-122.306635342954,47.5802233429954
18912,-122.352566920451,47.6898011729189
18915,-122.29243782750916,47.73046586135466
18917,-122.279701225744,47.5315757128703
18930,-122.29539722972702,47.67211038419091
18931,-122.29823779633,47.6884183541137
18932,-122.3179204693527,47.648604078177335
18938,-122.323514433157,47.7197366524075
18941,-122.353451872912,47.6635501113689
18946,-122.317869207088,47.6631621540108
18952,-122.306834955136,47.6848852087092
18958,-122.401181556779,47.67038081918141
18959,-122.354307168058,47.758413255752295
18960,-122.277875132065,47.664856516377
18974,-122.285235058148,47.682996296125
18975,-122.319839641487,47.6563020688149
18985,-122.317324293249,47.66559139545401
18991,-122.365944913559,47.6978728497563
19005,-122.277986123168,47.5370180040667
19013,-122.317292965925,47.6007406272688
19014,-122.296311476494,47.6234828479287
19018,-122.323361534769,47.5874316570223
19022,-122.317493638489,47.6043039256536
19025,-122.274538572622,47.6939669441572
19035,-122.339049870011,47.6904687158162
19039,-122.3571289824726,47.66941685405166
19049,-122.300231058153,47.6322664382245
19054,-122.310251418878,47.664172061063
19055,-122.330061134712,47.577822687821104
19064,-122.296432946674,47.6255234643094
19079,-122.3434218178434,47.69342697284564
19088,-122.295013221634,47.71342013413929
19093,-122.253441269502,47.5096894453274
19096,-122.27984298146002,47.6826544425271
19097,-122.275681709976,47.56055892127299
19110,-122.288081696103,47.6151646456884
19137,-122.30632389793898,47.5931125815338
19138,-122.335229999952,47.6941833989874
19144,-122.31581086599677,47.66455828806954
19149,-122.288137011784,47.7028929981065
19153,-122.3246318412628,47.64143406114782
19154,-122.36924503269276,47.76391891391712
19155,-122.316265115785,47.665290548387
19160,-122.266878336864,47.5197772009135
19161,-122.32752511681,47.609265969275015
19165,-122.347744342807,47.6746234325249
19175,-122.327174178924,47.61317638788879
19177,-122.300697522645,47.7373931482637
19179,-122.342907549711,47.7504727316094
19183,-122.314778166707,47.6091672065511
19184,-122.314380600903,47.6091664598928
19185,-122.272982504215,47.5124850732699
19189,-122.266290323754,47.5189709936022
19190,-122.307381602441,47.7194187262676
19193,-122.28585787902098,47.6758270082429
19202,-122.274997107187,47.694223121388895
19204,-122.349473704342,47.73226422530311
19205,-122.322332609895,47.6555793758883
19212,-122.30816506176,47.594749442462806
19214,-122.324259894781,47.60680311944
19215,-122.324119237649,47.60666211013611
19217,-122.304108731467,47.5511055336205
19235,-122.316674424761,47.6091685231288
19239,-122.262488514151,47.5548447015232
19251,-122.325799585164,47.5747818936907
19262,-122.325562590625,47.667201727421705
19263,-122.356145638557,47.66153657759239
19268,-122.283800397133,47.5560363076151
19277,-122.3135591429208,47.61426025695846
19278,-122.295261569515,47.7173397363454
19279,-122.2493316261016,47.50563594358461
19281,-122.330516401485,47.620676782751445
19284,-122.30742311176,47.734751628582806
19296,-122.362861021056,47.67421587676049
19297,-122.351506524598,47.6717835573331
19300,-122.28521258227902,47.6966866236603
19304,-122.26606719637525,47.68465400629663
19305,-122.2858061223718,47.68661845000538
19306,-122.285247033082,47.6866121237086
19309,-122.311787553305,47.6034893935644
19312,-122.342434010158,47.7323291959597
19314,-122.3089012579682,47.59876418496916
19322,-122.38648498096602,47.677715533627
19339,-122.27972826055502,47.52076411579569
19357,-122.296361053864,47.7059170286804
19359,-122.316992915877,47.6448601984338
19362,-122.3098536905306,47.580238876148464
19369,-122.25816349251372,47.66983932887797
19370,-122.258167681411,47.66985546158
19371,-122.290206026283,47.624971922072
19372,-122.359539677782,47.6759870459125
19381,-122.263877836313,47.5267439174875
19386,-122.33916872420453,47.619715282169714
19390,-122.32114674059596,47.61004911849772
19392,-122.314497709404,47.67942549086249
19403,-122.370413107237,47.7178236295315
19420,-122.301675665922,47.6794156663035
19424,-122.270288382724,47.50145445345798
19425,-122.305738549709,47.7138687529191
19430,-122.284822512949,47.6631614785126
19431,-122.33412636129,47.7268057260233
19436,-122.296259094517,47.7211777598983
19438,-122.275299744527,47.5389383079984
19444,-122.32428376454702,47.62768150167
19449,-122.30446344543502,47.710235172926
19453,-122.29753819982402,47.67215652878159
19455,-122.35118173644578,47.65535059767346
19456,-122.350549881146,47.6553610684381
19470,-122.268777786254,47.6714982414442
19477,-122.304477487343,47.7121102409296
19480,-122.247446412868,47.4986698675741
19487,-122.30882704162498,47.675861881945
19489,-122.32223661662634,47.60958467012497
19503,-122.295959400173,47.6948173570344
19506,-122.39836551061,47.6729222173289
19508,-122.337610215613,47.705083942060206
19516,-122.358983209649,47.6556213734635
19518,-122.299344289154,47.5523740861581
19520,-122.312633878793,47.587814819686095
19537,-122.24635056625398,47.5111021040151
19542,-122.322667332899,47.6034142493248
19543,-122.27642489117552,47.66975976577015
19551,-122.292577886186,47.728352442254106
19555,-122.29068307269182,47.68763829978298
19556,-122.302749219844,47.6794142184526
19557,-122.402174316598,47.6782796523311
19558,-122.368270212956,47.6814405281638
19560,-122.3956914539426,47.67664166058762
19566,-122.347188596066,47.69208539637631
19568,-122.233059713825,47.506246791247
19573,-122.30368890404502,47.58630080062179
19586,-122.338209679357,47.72868189631729
19595,-122.28146703229814,47.51348002060257
19603,-122.33381812811322,47.69118226956782
19610,-122.27081144466,47.5026939981639
19611,-122.311243687822,47.5785632218006
19612,-122.285366020164,47.6923176341341
19615,-122.323347679505,47.7364112354038
19616,-122.325833585353,47.5859492657742
19623,-122.300718382393,47.55106476753699
19624,-122.304544089272,47.5464272807728
19629,-122.283164808836,47.7191241423275
19635,-122.321431693699,47.752254979931
19646,-122.321274326644,47.5813084895885
19658,-122.3553864303685,47.7271049836359
19664,-122.274213458613,47.5496940247709
19673,-122.310788333762,47.64032691693111
19676,-122.29348358736802,47.5912797665086
19691,-122.317288284943,47.6733808458876
19693,-122.3448912803926,47.70832053830546
19699,-122.312504827446,47.61466880793339
19708,-122.31948990283,47.6057925269673
19709,-122.332359376963,47.7617219010974
19714,-122.337735527955,47.777439096036495
19723,-122.379003768307,47.6924584462521
19731,-122.33505347203898,47.577983014581
19733,-122.284909391334,47.670393650432096
19738,-122.336274651116,47.6482775799529
19744,-122.337930000625,47.776043373931
19745,-122.30368790443168,47.62026260858587
19755,-122.276878728491,47.6793659641876
19759,-122.300864315191,47.5408753776084
19769,-122.227520220462,47.4822209266074
19770,-122.33681237912502,47.624450643215
19772,-122.333876086435,47.6265745233751
19773,-122.316261573485,47.6655479151928
19774,-122.34130599640498,47.62083394508701
19776,-122.283773524125,47.5229729792004
19777,-122.33520157943,47.69605563040411
19780,-122.324887110271,47.5950549839989
19787,-122.263731467586,47.6790273091899
19795,-122.277029016898,47.5582406609499
19798,-122.286710428243,47.5751960688088
19799,-122.264957050294,47.6857613265225
19800,-122.291557656349,47.6758251929058
19814,-122.31349674877,47.77423643457481
19822,-122.323939506058,47.6219115155212
19827,-122.272032018819,47.56052452805509
19830,-122.32409298493464,47.62426493722439
19833,-122.311318424609,47.6685072903168
19838,-122.313796589288,47.657559453114025
19840,-122.31376748524524,47.65678003714895
19842,-122.360044630752,47.68763005795339
19843,-122.33607542839302,47.761495282872296
19846,-122.3004208955218,47.62778263865674
19851,-122.30531969864,47.67941578192241
19852,-122.363395791834,47.6920177818415
19856,-122.316685655006,47.6084691262887
19859,-122.35911268004502,47.6615216870328
19866,-122.31688175027828,47.66335706885921
19870,-122.311512301667,47.5974361477391
19873,-122.329107206456,47.61056601051651
19879,-122.279702148784,47.6793594802458
19884,-122.393523249096,47.6983237880583
19902,-122.373723544628,47.669402229951
19905,-122.28822898366302,47.6583659362382
19907,-122.28003053071,47.6905180881007
19908,-122.280324725956,47.665307879574
19917,-122.32093304001542,47.699524106606816
19946,-122.323300679368,47.6071932448127
19947,-122.384810000261,47.6702332469383
19962,-122.33960133754088,47.62619188727672
19963,-122.340398730166,47.76550020184501
19967,-122.275484744893,47.68300558520176
19978,-122.30924842586,47.5786848889773
19985,-122.275662308699,47.5605174730049
19987,-122.316052568768,47.5899865418797
19991,-122.320573267663,47.6685413177179
19992,-122.320080150486,47.6685417337506
19998,-122.335001642454,47.7669702853645
20001,-122.278434139837,47.66611375684929
20011,-122.294120651837,47.7155090968262
20013,-122.320479187431,47.66317800415809
20014,-122.328945074213,47.568573557685305
20016,-122.334968824408,47.7654176774038
20032,-122.327544827087,47.7196139164054
20037,-122.37630400349576,47.705233492277
20040,-122.374021337133,47.7014924593415
20049,-122.223128121881,47.49456211408509
20050,-122.34686925933758,47.65419590230097
20071,-122.313150428371,47.7492965004211
20081,-122.312225304376,47.6848518104629
20087,-122.227652756021,47.4953677618059
20097,-122.290133179965,47.67210350691621
20099,-122.294963011884,47.5879023162178
20101,-122.2979953202805,47.7192715810208
20106,-122.27986572082158,47.53160235269799
20115,-122.30727712541402,47.5928638246201
20127,-122.338691229044,47.7340687203391
20143,-122.31803870782927,47.61391386834688
20159,-122.328565760366,47.61229355257191
20164,-122.319996214492,47.67341859122039
20166,-122.320727447323,47.6178632979619
20168,-122.231712075342,47.482693923763
20185,-122.3109558656832,47.67584225236455
20192,-122.320638506171,47.6057921111749
20198,-122.31419263504,47.559026190392
20200,-122.338243114096,47.6208223610141
20212,-122.310457413451,47.5615708583373
20215,-122.304088735945,47.6829569199081
20222,-122.275257385672,47.53369404321919
20231,-122.278493732346,47.5124232268148
20233,-122.351076193973,47.6602643174432
20234,-122.332996305208,47.7669482893989
20237,-122.374022678804,47.70156579319481
20245,-122.25836724461374,47.67204780013887
20250,-122.26097734313198,47.487914246367005
20257,-122.2880539586756,47.53526642361628
20263,-122.317866442362,47.7114731434243
20270,-122.308807129901,47.7555546527749
20323,-122.272833875311,47.5279461642738
20329,-122.315103849588,47.70488032299469
20331,-122.3088502662587,47.601757606364174
20336,-122.281735364614,47.5369483851408
20339,-122.318551663058,47.7522160999237
20341,-122.31101841964,47.6793654355607
20343,-122.336432117468,47.6635243518733
20351,-122.313865822679,47.7067632558642
20363,-122.318449833408,47.66853658561271
20376,-122.278128966158,47.5397251770547
20390,-122.328223554089,47.686873047566
20393,-122.222925708548,47.4814986268023
20395,-122.310809585512,47.57685719596359
20398,-122.27409126600529,47.66587645742448
20401,-122.274425711458,47.560560841475
20402,-122.3353042886,47.704987083199
20404,-122.316649680934,47.6231008780777
20413,-122.33489938004702,47.66865315783989
20421,-122.2644626369214,47.55822251584936
20426,-122.285444080384,47.6139740468414
20434,-122.296343640872,47.7279720573299
20439,-122.31466711711138,47.75216468253628
20442,-122.32064174510104,47.60896902899002
20455,-122.297753572153,47.6243703283346
20479,-122.275252104371,47.5315980252713
20492,-122.318907606671,47.6242363599232
20498,-122.285237197625,47.6951906079078
20511,-122.294293156372,47.5462514267763
20515,-122.28090094058798,47.5261063347487
20523,-122.279472907583,47.6612492191261
20527,-122.281836840612,47.696689679675806
20529,-122.292079524303,47.7464986289283
20539,-122.3968729655276,47.69558896240265
20540,-122.262747253744,47.5189437791887
20541,-122.307386785783,47.723024494256
20545,-122.355201256239,47.693464283529
20552,-122.328851112847,47.57435328930401
20553,-122.337079465718,47.6208218563946
20568,-122.361940724656,47.658972446939
20588,-122.223137479807,47.4959982202071
20589,-122.29366383191102,47.6116528242702
20590,-122.260756096354,47.544964340955495
20597,-122.267486982492,47.5496723424244
20600,-122.2717798888975,47.6613334019931
20605,-122.284407066715,47.7118301557668
20613,-122.356460141161,47.6615319840358
20631,-122.312475188476,47.6694031617601
20632,-122.270705210245,47.5070484960446
20651,-122.283811724785,47.51819006332331
20654,-122.33931470034,47.6219914554675
20655,-122.339532233233,47.6219903650765
20657,-122.305776316048,47.7193132506362
20661,-122.275802989242,47.5261635018349
20663,-122.33905784368676,47.62207178434301
20668,-122.344489314199,47.6606007966092
20673,-122.286936739458,47.67038067820389
20675,-122.317226561078,47.6576464257145
20687,-122.256641373748,47.4862967606693
20697,-122.278015147234,47.5294911578238
20715,-122.333993576414,47.7133626986535
20728,-122.310998415427,47.6794068604776
20740,-122.300372280231,47.6431191562
20742,-122.3016537221,47.679374589069
20745,-122.302680014444,47.614654977493
20755,-122.3248904477915,47.60754521398928
20756,-122.32599284088904,47.60709393141919
20763,-122.326477075483,47.7417960489946
20767,-122.272995993083,47.5124690947823
20769,-122.301162128095,47.6026342408769
20770,-122.26435212704,47.4974149530619
20773,-122.32609756909,47.59073833629801
20786,-122.331523544115,47.6708042321062
20792,-122.2964944543602,47.715550120367126
20802,-122.31135944559426,47.66300393157446
20803,-122.31248570089971,47.71521702293539
20805,-122.324691738715,47.6184446675876
20815,-122.315875050455,47.5974465746746
20819,-122.310987086509,47.7232644519705
20822,-122.363439817091,47.6817543233982
20825,-122.359705981019,47.767230560993504
20830,-122.355312658163,47.68252049638661
20834,-122.289189497669,47.6684717023308
20839,-122.265143581107,47.5189590902997
20853,-122.27861964556,47.5134203215735
20862,-122.33155260321,47.7346739628013
20863,-122.320653753086,47.6621247040352
20864,-122.32442631047394,47.60873258594168
20866,-122.308750833087,47.67481899670511
20868,-122.34472612997,47.695718444207806
20884,-122.28763706962,47.7313298668856
20894,-122.320029374366,47.6715874545913
20895,-122.334704157541,47.71233187984941
20898,-122.305222829083,47.6829975973104
20899,-122.352751899729,47.7032712052874
20905,-122.304400894256,47.60616729709161
20906,-122.327797581235,47.6976837867895
20909,-122.316129932721,47.639605181038
20924,-122.31487188449633,47.65977327402019
20930,-122.335103610062,47.69045057390681
20931,-122.27528891169958,47.688111963068266
20964,-122.338342987069,47.7377281025247
20967,-122.318752298597,47.66025617557509
20970,-122.3125434254357,47.65975098857972
20971,-122.312618817102,47.658743215996935
20972,-122.31258654613504,47.65826983768952
20974,-122.276433948889,47.5334329724487
20980,-122.307944178867,47.5769956960006
20984,-122.336323183454,47.7760443736076
20994,-122.35767007163,47.6718188888992
20995,-122.395693379176,47.67735297194989
20997,-122.331631154597,47.67559551456011
21003,-122.335279160944,47.665069403285
21009,-122.354447989103,47.6796167488801
21018,-122.338564669122,47.66653328682551
21031,-122.309311899037,47.7557497317531
21053,-122.31823392995,47.6132390976134
21054,-122.318239870284,47.61325183205196
21058,-122.28478615598014,47.57623992228087
21093,-122.271721095859,47.6720754689624
21096,-122.346013074792,47.6565753235739
21100,-122.358829427393,47.7086884047925
21105,-122.354793205889,47.760941304474514
21120,-122.318675105467,47.6816099742588
21129,-122.307366594755,47.6379476039709
21146,-122.312183964237,47.6921122629005
21147,-122.270846952599,47.55414723085911
21149,-122.32063961106,47.6046246756468
21158,-122.298577319286,47.6699425300932
21160,-122.28067422411,47.6661705692789
21164,-122.333110791192,47.686037861152194
21165,-122.35271656087302,47.6796308168533
21166,-122.34738051256902,47.67777838844669
21168,-122.310346245418,47.5999556344622
21187,-122.308857877771,47.6685204809902
21209,-122.271192499194,47.5261740116404
21212,-122.323696850311,47.58623767283499
21216,-122.278124116152,47.560538550565205
21240,-122.3013593860585,47.61392866181655
21246,-122.283061591326,47.7272679203308
21265,-122.326766435088,47.7493184461529
21269,-122.32552154686,47.670768887837504
21272,-122.328404188094,47.6988242315515
21287,-122.282614892554,47.6281147797976
21305,-122.39942801686,47.6848830216259
21306,-122.3998940262464,47.68487318751925
21309,-122.263583754502,47.6742607557817
21310,-122.23595045185898,47.50629730405111
21312,-122.346660228999,47.68175131313151
21317,-122.318708198018,47.7609867473223
21327,-122.319479014248,47.6026494989351
21329,-122.335497082359,47.6869623127202
21334,-122.27846173307,47.67226588543641
21346,-122.280261818376,47.535290772375
21347,-122.257272598496,47.5036507541547
21355,-122.357336572946,47.6679873493185
21371,-122.352582360946,47.6787711482964
21373,-122.289541695686,47.533698432093
21393,-122.268555561423,47.529503122027
21396,-122.361105987197,47.759700248909006
21397,-122.360450562114,47.7596840592437
21398,-122.317739547835,47.7049470921341
21400,-122.285143660879,47.681704161202
21402,-122.33372218460902,47.7564766660472
21408,-122.314962706901,47.702137231573296
21413,-122.318950586234,47.6631671891788
21414,-122.319839753532,47.6572010915885
21422,-122.299150740493,47.6829951288683
21425,-122.328888777606,47.5872525833066
21429,-122.33910449237972,47.62037957148144
21430,-122.3398765267736,47.74329876212132
21438,-122.290290273051,47.5478989358694
21450,-122.262382955328,47.5025632292462
21454,-122.282138691027,47.6740457324478
21459,-122.29694826860198,47.5452898935481
21466,-122.308977789988,47.6406462858468
21474,-122.232831896958,47.5031616323383
21482,-122.34614720253084,47.77195722701338
21486,-122.294607652736,47.7229381016511
21490,-122.289371446732,47.717344995783
21492,-122.287954578913,47.6721012297804
21498,-122.272748895236,47.5316160288803
21502,-122.272283940755,47.51106204129271
21516,-122.233382464508,47.5051850305181
21521,-122.39580758743,47.6866826786614
21523,-122.40118713534498,47.66997559410131
21529,-122.35952833555602,47.6589177721608
21530,-122.30444883133698,47.6758167550606
21532,-122.323940127623,47.60470822533389
21554,-122.372696269488,47.6899856574719
21559,-122.223152147028,47.494991348359896
21563,-122.335085696019,47.6580425009001
21586,-122.328918629857,47.5736442434712
21591,-122.335106685936,47.6568519573454
21613,-122.299065806818,47.724785244619
21617,-122.31785330491304,47.65981210328409
21622,-122.39007382581,47.6723345099545
21647,-122.285917790644,47.5197042440961
21651,-122.328931853292,47.5771667707626
21656,-122.31506913971198,47.7053449390718
21662,-122.273297291195,47.52794604691619
21667,-122.30885600991,47.6016121463028
21681,-122.318685587552,47.75836125468809
21682,-122.360982872891,47.7159609777307
21686,-122.297605815756,47.6089694241865
21689,-122.32586933804552,47.609958333019
21693,-122.2826814301092,47.72193403767878
21716,-122.330331099533,47.6850696561745
21719,-122.347211183344,47.6942566856597
21724,-122.31365858646548,47.65825724888825
21732,-122.345454837281,47.7387145546723
21738,-122.342091828599,47.622109796713495
21741,-122.33277740397098,47.7304520363085
21751,-122.313132929506,47.66977647916641
21753,-122.33322559089702,47.68864973881741
21754,-122.2726496999,47.5512141439742
21756,-122.4040607975604,47.6749070721583
21758,-122.272012984688,47.5605660656947
21765,-122.258246302654,47.506140260784
21776,-122.321939703785,47.60424636185619
21781,-122.337025165267,47.7322699830212
21782,-122.276248836486,47.6758260414556
21786,-122.296958360226,47.5389260213118
21787,-122.270609635879,47.5605306915221
21792,-122.30982531890702,47.7048828850834
21795,-122.233026648148,47.484716825858
21796,-122.233593078521,47.4847399422464
21799,-122.38875097424,47.6830735015061
21802,-122.371374847233,47.6868566309657
21807,-122.3291393275716,47.60948221371413
21808,-122.328793744503,47.609118029355
21815,-122.269893037194,47.5213304576613
21816,-122.27073123135,47.539279918001
21817,-122.300742744562,47.6648165990268
21818,-122.32292398811,47.6053969109548
21821,-122.344940576012,47.7127971597396
21825,-122.339867782457,47.6219900058123
21844,-122.28587342725798,47.672099731212
21846,-122.28856770079167,47.57830540284366
21849,-122.344659034624,47.6897732963065
21855,-122.29082268676989,47.58279014136071
21860,-122.356067640201,47.6512409249853
21862,-122.339062490833,47.6208275708704
21869,-122.28612470035598,47.60922507874
21877,-122.288849786508,47.5574575008416
21888,-122.28280615003102,47.7047130566179
21901,-122.300537860207,47.6721132883913
21902,-122.32942943771866,47.59061211557636
21920,-122.32076210066924,47.65600209198397
21935,-122.272662182074,47.5496929787349
21939,-122.271241771305,47.66974701352499
21941,-122.32238953545898,47.6287025447644
21952,-122.31978198543202,47.6242186586962
21954,-122.278431625475,47.66488946415361
21957,-122.320283470749,47.6921622690575
21959,-122.254965588726,47.67351032007449
21972,-122.271068091865,47.6594654476584
21974,-122.303622473668,47.72976640009031
21986,-122.31258445031148,47.66010950928071
21987,-122.312209870138,47.5959131630806
21988,-122.265936207997,47.5555862293813
21995,-122.30053219294,47.7247979941022
22011,-122.276449988033,47.69937167818531
22012,-122.333754200904,47.7087346457134
22032,-122.292459998798,47.5879785261183
22033,-122.337960899821,47.7322714337086
22035,-122.313331533586,47.68609672147493
22042,-122.27067915609798,47.5358967657456
22044,-122.33165350343,47.6690202930624
22046,-122.30464799391,47.7230106315046
22056,-122.273232818534,47.69276201558879
22059,-122.397665704646,47.692330963807
22072,-122.33512650119071,47.62315927682461
22077,-122.274786978759,47.6912747820663
22079,-122.396939956962,47.6905678393037
22080,-122.29860372723,47.5560535049616
22095,-122.371965616259,47.7234046408198
22099,-122.334723979422,47.5925039770627
22106,-122.306027342777,47.72301436578599
22110,-122.344777749314,47.700456467387504
22131,-122.372946946433,47.6723121820685
22133,-122.317458529537,47.7680841906975
22134,-122.312176748262,47.6838982553177
22135,-122.328869063338,47.7304120744762
22141,-122.360798956979,47.7103866697688
22151,-122.363071338889,47.7596846997857
22152,-122.362344899972,47.759693698002
22153,-122.30280873594,47.68299857637961
22161,-122.246766245724,47.4869067666491
22164,-122.296405454721,47.72104282294283
22169,-122.233043860768,47.4901366094329
22174,-122.33987227096,47.6234171756977
22181,-122.2681518705275,47.6680319557381
22185,-122.3424940998908,47.75048009835892
22191,-122.326465845841,47.5957489968339
22200,-122.293662335241,47.727406311636095
22202,-122.324587824309,47.579709605882194
22208,-122.28589515489,47.5296392048577
22220,-122.318176662556,47.7679909320755
22226,-122.298666487669,47.617677881391806
22235,-122.277656036355,47.682986499953394
22236,-122.27868177172802,47.6318807317326
22246,-122.291555391702,47.609309833986
22249,-122.26893347275798,47.5087618331741
22264,-122.400978268743,47.6794725192999
22271,-122.279549255366,47.6721065145035
22272,-122.282787284805,47.5682513417623
22277,-122.28559003633602,47.7264508781228
22278,-122.320113368429,47.6631190591388
22286,-122.28570340104348,47.62730028306319
22295,-122.28547272995,47.66252246450781
22296,-122.312372821408,47.7682983875425
22300,-122.312352061442,47.7064536811886
22311,-122.316630137142,47.6104510890988
22313,-122.404075809717,47.67387549323651
22329,-122.3692608442957,47.75897919406098
22330,-122.3692402097135,47.7589659423137
22334,-122.265688872697,47.5369184122312
22360,-122.27570729825202,47.5665245549641
22368,-122.368001241071,47.7148524168841
22383,-122.32002976314,47.6707049215538
22397,-122.29755810753,47.67211526872321
22399,-122.252315840435,47.5064323330399
22403,-122.315750706928,47.6685179344446
22416,-122.278811016215,47.5334247113247
22420,-122.349943140353,47.6795502582854
22426,-122.323527921721,47.6180043229198
22431,-122.279720427582,47.67977058020299
22435,-122.375136034385,47.707639465981
22446,-122.361286085237,47.7664773725273
22447,-122.31998738255,47.6742330700279
22454,-122.296946424239,47.547114274134096
22462,-122.29028463616834,47.661069899686105
22463,-122.354468721764,47.6759248184487
22474,-122.32076696032398,47.6601856835052
22485,-122.29379510858256,47.60248545496743
22500,-122.372805601773,47.706079640883
22502,-122.3100471497064,47.7181495026727
22526,-122.284826101879,47.5315803242616
22529,-122.31961320378498,47.6626124937288
22533,-122.31621149731102,47.6733114364867
22538,-122.321033081455,47.7389477738621
22551,-122.291613380039,47.54791853102339
22552,-122.34459760639702,47.6897767515263
22561,-122.3155207384432,47.7347415152758
22574,-122.288316487547,47.5716183761634
22580,-122.322316204314,47.738933413343
22586,-122.289283558919,47.67582560168669
22587,-122.289045483464,47.6758252975375
22588,-122.278110332894,47.5604962663006
22596,-122.264946690792,47.6742310129751
22599,-122.293703062508,47.5991216531142
22606,-122.321546432613,47.7573237210432
22622,-122.276249960191,47.53159640990051
22630,-122.314569169644,47.7720631672128
22643,-122.295255210809,47.6793661020859
22645,-122.282696522416,47.7264094956893
22647,-122.316002355884,47.57604202128389
22654,-122.269888023554,47.53492915710749
22658,-122.285897272152,47.5214166098189
22675,-122.338009032785,47.7731993786757
22684,-122.33755201210369,47.62446142798181
22686,-122.340275974622,47.7577522129255
22701,-122.383186570045,47.6709536689547
22717,-122.258542493844,47.5077115359642
22718,-122.354846721007,47.7613321386272
22724,-122.316663576572,47.57167799598991
22728,-122.33589247324642,47.62212628094368
22729,-122.33457387584087,47.62205519804044
22731,-122.370139770538,47.701554392013
22734,-122.368707881862,47.6753133496966
22735,-122.29017058401298,47.6848089928753
22744,-122.314782206472,47.5876900762448
22749,-122.320502219023,47.7100608718281
22763,-122.2845369177722,47.72644039645752
22768,-122.352672917828,47.6802621325609
22771,-122.26890043663576,47.66134048078212
22773,-122.345034989725,47.6817931054058
22792,-122.24502869464,47.4820231139862
22799,-122.306776824646,47.5795402534106
22802,-122.33263855054712,47.70858214300084
22809,-122.335192222261,47.5904030300997
22815,-122.347743933066,47.68101219556289
22830,-122.284510151811,47.6079124586272
22832,-122.32604788099,47.6060516036633
22839,-122.341909573479,47.6208376524385
22840,-122.2795347331288,47.66941078221074
22843,-122.324727694371,47.604626610631406
22844,-122.32474431812476,47.60464625033283
22854,-122.3680051046718,47.75969473500212
22871,-122.277054088667,47.6829854119847
22879,-122.298588110768,47.6721134965707
22881,-122.25740084353,47.51615152271321
22882,-122.27527154467002,47.5358792407119
22891,-122.36672877146198,47.7015497081044
22899,-122.27722030065384,47.683743256782016
22904,-122.327104247731,47.6105689731001
22916,-122.262508165538,47.5500610199609
22924,-122.40360027918102,47.6749056760648
22929,-122.283996749077,47.63221685391179
22943,-122.318456533363,47.6625954788029
22944,-122.318459752008,47.6623847643838
22946,-122.22560940839,47.4845173726658
22960,-122.331530458533,47.6531182935168
22962,-122.309430401619,47.6930754902568
22974,-122.33979315641902,47.65687570567
22976,-122.280090288428,47.5206078857542
22977,-122.337088185508,47.692254632962296
22978,-122.324406127758,47.6903633700819
22986,-122.324400906814,47.6067446235186
22996,-122.320916847271,47.723050101829
23003,-122.3016677355782,47.71151017402828
23006,-122.274020366683,47.6923698048239
23008,-122.300010387201,47.5945519673582
23014,-122.278522635034,47.5124350076467
23015,-122.289385580699,47.5511779559499
23032,-122.235743161186,47.4898511803101
23040,-122.330066286705,47.58624703966169
23041,-122.352999064201,47.7254456272197
23042,-122.293666161258,47.5879446338842
23051,-122.29079171444153,47.5836523655873
23052,-122.29077523256,47.5836600539107
23056,-122.358899712772,47.7050958353436
23071,-122.280999137564,47.6658557873507
23075,-122.402063218299,47.6802324419926
23080,-122.29349629519476,47.6079101930788
23095,-122.31501338314,47.7003161575851
23106,-122.283920680272,47.6793664100586
23109,-122.334550571034,47.6256448405996
23111,-122.363777425775,47.66147554421355
23112,-122.287897972462,47.5911486906007
23120,-122.2933885084754,47.71730457579839
23125,-122.3266830456642,47.6068294853943
23135,-122.34176539818378,47.62087341925479
23150,-122.295576138219,47.5463064370286
23152,-122.36285105226402,47.7087021340258
23154,-122.302650428192,47.6758196650758
23155,-122.359088312182,47.6687267736759
23163,-122.3525075564575,47.69043626046249
23182,-122.31490854784902,47.70031557457819
23186,-122.338101587333,47.624451958913
23195,-122.317034090062,47.7667282339294
23200,-122.293748084623,47.662159845983695
23203,-122.2906679538445,47.687652675030606
23207,-122.359653400865,47.7322846692043
23211,-122.32568793653012,47.63646876779876
23221,-122.31373907523898,47.6396406623032
23225,-122.27300399811,47.6934329188901
23228,-122.31579115190398,47.6765188209201
23236,-122.31368272338902,47.659757447357805
23239,-122.31371405042702,47.6582782569032
23244,-122.304731310533,47.7193010824096
23249,-122.332380470818,47.6245337215967
23263,-122.290376862404,47.5511025571714
23280,-122.331602539642,47.72608562111051
23290,-122.255891233041,47.5061495767357
23291,-122.256462542481,47.5061386072665
23292,-122.335066566757,47.574353245849
23302,-122.298090911942,47.5585332863719
23303,-122.3514222282258,47.67602304814134
23310,-122.293361349707,47.698345460084
23314,-122.278145123308,47.5389254730203
23316,-122.316704739041,47.6264526891257
23325,-122.390773805654,47.68127229810781
23335,-122.309925036753,47.6794165632175
23338,-122.261288302139,47.5268082614683
23347,-122.358604506993,47.67088073780601
23357,-122.31208275775002,47.67934888511829
23359,-122.284936225293,47.672127928967
23393,-122.283418134756,47.6884477480883
23394,-122.325864132947,47.574729734253104
23399,-122.287815465655,47.5716279121786
23415,-122.255928416668,47.5149356942849
23417,-122.3343566364115,47.73960414216469
23423,-122.280806396515,47.55125173818269
23424,-122.340375889871,47.690482704478
23427,-122.29015722324,47.6721441995609
23429,-122.277026488431,47.55943097860361
23436,-122.2937769868618,47.5716208742194
23437,-122.3401425533244,47.754183249580976
23450,-122.285201543925,47.6848150179374
23457,-122.299129141557,47.5945828518796
23460,-122.257231609691,47.5061660541166
23461,-122.314942346459,47.7012150594451
23468,-122.252320506942,47.5054160635061
23476,-122.33561236583316,47.623160905191554
23478,-122.26813717025398,47.555587690464
23483,-122.323729157961,47.5778322943897
23502,-122.2837305757688,47.68661234093165
23511,-122.368661397828,47.7001111996378
23512,-122.30060758659,47.57312618152739
23534,-122.32348323426946,47.61939908807924
23536,-122.320709684041,47.6185565935398
23537,-122.325852521926,47.5838687950886
23545,-122.325146894659,47.5946800093425
23548,-122.319604500079,47.6631093552231
23552,-122.302956792671,47.62861587735491
23553,-122.32649294299831,47.62588603375468
23557,-122.385314674783,47.6794684634627
23564,-122.312639166208,47.73082117591965
23566,-122.377811506039,47.6850936532908
23567,-122.3773262046556,47.685095508698495
23584,-122.318192858983,47.7413261860644
23596,-122.30110556102,47.5945503476282
23597,-122.2359904042464,47.50542477084558
23602,-122.33519836322728,47.624154731705545
23609,-122.318054687504,47.7213147567209
23622,-122.291567831557,47.68127355424141
23624,-122.26988495485598,47.5335241388543
23631,-122.337811818967,47.7710954205207
23659,-122.33892932242114,47.62088492939814
23663,-122.334303141569,47.6869587664857
23664,-122.296160666262,47.6201688307992
23680,-122.3126090472855,47.72083103639331
23682,-122.360644070225,47.6897895624275
23683,-122.328976338756,47.7352491239944
23688,-122.315411020897,47.5634977645121
23702,-122.381103744199,47.6794796979378
23710,-122.27354023245698,47.68391841107285
23734,-122.316257026137,47.7667085634049
23737,-122.3156073894816,47.7377518980229
23740,-122.30162139144902,47.6667824641116
23741,-122.28134328775802,47.5229774621399
23756,-122.35276944602,47.7040127374919
23759,-122.275259510976,47.6920520896999
23760,-122.305101863339,47.7540408116376
23764,-122.320917878898,47.7223431928365
23799,-122.264493707954,47.5570418355531
23803,-122.2608299297845,47.672785269497446
23804,-122.260815362095,47.672779072682
23813,-122.317306418809,47.5863350142342
23832,-122.341403039974,47.6942190815328
23837,-122.232898817537,47.5020651653375
23839,-122.321281602859,47.5881410046865
23852,-122.326858620678,47.7631279940449
23853,-122.327635581286,47.6138808626098
23866,-122.294276254194,47.68299722697649
23867,-122.357636587814,47.67116226493
23869,-122.286646985279,47.52964095054299
23873,-122.318236030771,47.6130411158479
23881,-122.316861115275,47.6141677652604
23886,-122.331575753424,47.7364377297247
23900,-122.337146761668,47.7123445453771
23906,-122.3629831889528,47.72328188996456
23911,-122.401742582695,47.6721898914011
23912,-122.330387318184,47.6293208755387
23921,-122.327124839613,47.6113560024669
23932,-122.319292869619,47.60810592512061
23934,-122.329770090508,47.5905651118439
23948,-122.315372014259,47.65987008505159
23950,-122.350654723838,47.7359588422664
23955,-122.3163119622288,47.7720950485104
23967,-122.327144809703,47.6056055512036
23973,-122.319211292865,47.6287150957753
23975,-122.259598226505,47.66992174469417
23976,-122.259603136738,47.6699088035247
23977,-122.28494095387002,47.5505135822383
24010,-122.31246932432698,47.6702946542901
24012,-122.337892719113,47.7749007472896
24022,-122.300504991356,47.66639921728071
24033,-122.341970640434,47.622109972421605
24036,-122.250111085703,47.5064184657509
24044,-122.300571883404,47.6350572376838
24050,-122.2894055592158,47.71918665936458
24060,-122.325375184527,47.6063393548691
24073,-122.27522183848198,47.5112357921089
24080,-122.360954278499,47.714182542895706
24081,-122.370574102815,47.7444709660879
24082,-122.37058596988736,47.744481520769874
24089,-122.330978638658,47.6196168699768
24090,-122.33098409242253,47.6196296275233
24102,-122.29461464134798,47.730193105947095
24105,-122.3073578515534,47.72489259574279
24107,-122.313281610017,47.679388574625
24109,-122.325845391307,47.5881460749281
24111,-122.336426216551,47.7669331752019
24115,-122.28539111000842,47.52141960728362
24117,-122.316442657132,47.7521867626605
24125,-122.26894900694,47.6599716224194
24132,-122.28801530946198,47.6923218756535
24143,-122.358527193949,47.6759442697461
24146,-122.337741366091,47.6941915293062
24147,-122.317982095255,47.6151845182616
24148,-122.31796505367552,47.61517784885609
24149,-122.289211021119,47.5876335898508
24157,-122.354457098063,47.6787810807628
24162,-122.3092395013664,47.721842138260726
24169,-122.3357685243,47.6219829683436
24174,-122.290557050872,47.6079428698446
24177,-122.296235620544,47.616405384738
24201,-122.347393737763,47.6787366580146
24203,-122.28853315773,47.722982293708206
24206,-122.298742685926,47.6993160322476
24207,-122.318147483568,47.7397931870428
24218,-122.300801829426,47.6630948328422
24234,-122.357076054199,47.6650842961054
24235,-122.278652594694,47.5102608271383
24236,-122.333697710354,47.6267179731471
24239,-122.28508093794,47.6793494516957
24240,-122.36131775713902,47.773704817934494
24246,-122.296421380519,47.6775836398982
24248,-122.313541042699,47.546323332024
24258,-122.31987779461,47.6563664305122
24282,-122.258177008559,47.5116450238711
24284,-122.312264489353,47.6848960418144
24285,-122.299080687793,47.7254565943234
24287,-122.300540327389,47.66637400814951
24291,-122.263447096332,47.55286342878
24300,-122.344945384109,47.7132323661855
24321,-122.3067562087076,47.72302282803798
24331,-122.34172468619612,47.62058845528577
24337,-122.2731929221435,47.6612182741078
24338,-122.35003848971,47.6777408372676
24343,-122.337603709442,47.7213450043946
24355,-122.281552723471,47.6740166573698
24356,-122.389608502568,47.69610323480051
24384,-122.293838506434,47.6017743983594
24387,-122.395802603883,47.6848336814975
24405,-122.284727311115,47.6866143587481
24423,-122.360630276469,47.6824933603256
24428,-122.327214493443,47.620771895946405
24435,-122.347403456158,47.6802660156702
24444,-122.307927162903,47.5944819762934
24448,-122.281085440694,47.6721019849882
24457,-122.351962500326,47.697840797333605
24461,-122.316865784922,47.59911717928609
24478,-122.292396913094,47.679404988087605
24479,-122.305397393035,47.6694800263623
24484,-122.324351867267,47.6254301193363
24489,-122.321329972238,47.606049052642994
24500,-122.316678652676,47.6088180388892
24501,-122.317120395775,47.5966914388163
24503,-122.329768531331,47.7667070629447
24504,-122.2777879965506,47.52837324824564
24506,-122.254432301182,47.5062712532827
24507,-122.27495012739,47.69173555434584
24526,-122.325351264209,47.6063607813508
24527,-122.32414650153802,47.60492557760755
24536,-122.309849195234,47.705130680451
24541,-122.241692543382,47.4977907845545
24542,-122.281853093292,47.5679162666643
24555,-122.330067235726,47.57379405654441
24563,-122.31124357452188,47.71947850374984
24566,-122.368259393999,47.6920228748981
24572,-122.280889493387,47.68299061104259
24582,-122.402633977324,47.6722158678825
24588,-122.293368797035,47.5337377414616
24595,-122.34337367483,47.691941659755095
24605,-122.349258723994,47.65277577166321
24612,-122.369775827741,47.7433760983698
24613,-122.3697949718165,47.74337602671875
24628,-122.308960079666,47.6848463823629
24632,-122.298626501823,47.5341588908149
24635,-122.269893161104,47.5407527035903
24642,-122.2967752356722,47.682997316984384
24644,-122.31872422338144,47.66058227328679
24648,-122.3634264510204,47.660446779570336
24653,-122.29328544576072,47.72228798891234
24659,-122.34074659973598,47.76320045807968
24663,-122.317650892163,47.6568118577382
24675,-122.32667866734148,47.6203758935064
24676,-122.291009714992,47.73006470225911
24678,-122.395694800019,47.6787760483412
24681,-122.31866391175748,47.61415684681315
24689,-122.258312154266,47.4991165129865
24696,-122.260860771327,47.6721614763857
24698,-122.310632560868,47.5870715727813
24706,-122.327819113522,47.6106763487197
24713,-122.31504322162898,47.7012123415792
24724,-122.399673145903,47.6782593024796
24734,-122.318460019423,47.6831616030242
24749,-122.326431007286,47.5697513957368
24751,-122.274051327304,47.511106944824
24766,-122.32930366575872,47.609638565996114
24767,-122.32962473804696,47.609494087611786
24780,-122.318780563163,47.7648700041156
24781,-122.29160971842198,47.55462806211491
24790,-122.31799349808448,47.6772201836693
24806,-122.326450938393,47.5950556683593
24820,-122.331037621262,47.69221323152559
24823,-122.297911297143,47.6016082575348
24825,-122.32593379353185,47.6230884890682
24829,-122.354257023668,47.761332229569
24836,-122.31342802718,47.6848632943986
24842,-122.331310509605,47.6285937352308
24847,-122.31028529224234,47.66299897332647
24850,-122.330141524186,47.6082229634542
24851,-122.329580107801,47.60838932511908
24880,-122.33690239031,47.6208220401569
24886,-122.310234619442,47.668512825883
24887,-122.2835946165806,47.6730526651587
24889,-122.369847604775,47.6685716903261
24898,-122.29265672816102,47.6848703687831
24923,-122.363708394129,47.7250843758384
24930,-122.297784419136,47.7210523501323
24931,-122.310075129498,47.7102817913344
24936,-122.3111639237304,47.66481855031656
24947,-122.326115904025,47.58812040287879
24950,-122.31782678961,47.7121357169868
24968,-122.29385018470198,47.7131217620682
24972,-122.267960726486,47.5274156675039
24978,-122.301130374073,47.6758120463291
24982,-122.312820702474,47.7399414908346
24983,-122.322748158325,47.588135342348
24992,-122.341832223463,47.6221101723449
24994,-122.28290942535098,47.67583282460149
24995,-122.274471420971,47.5279423024454
24999,-122.2887342145236,47.547592786714105
25007,-122.28588880443156,47.54628990702522
25010,-122.272878079683,47.5218301255029
25011,-122.272866184025,47.5223081211704
25017,-122.323501357212,47.7213688931816
25023,-122.325188058807,47.5950420289489
25045,-122.333664856422,47.7669451705733
25056,-122.296443972012,47.7301958889408
25066,-122.311337851916,47.6684665753208
25068,-122.393542286851,47.7003416404818
25080,-122.227635507165,47.4939519901698
25084,-122.23299512308,47.4874810257274
25088,-122.300407248518,47.6402918088503
25094,-122.251081059162,47.5097313986773
25112,-122.3106842488106,47.710297962569975
25117,-122.342219085272,47.6220820364162
25124,-122.313602952616,47.6684751181013
25126,-122.324335984857,47.5778309893779
25137,-122.313149040673,47.6709722546484
25147,-122.278690770395,47.69160894753995
25153,-122.339082306934,47.7759341240617
25157,-122.321678300181,47.6039556828455
25158,-122.309517152566,47.57308734972
25193,-122.394831653031,47.6694150839209
25195,-122.28426326974402,47.57520268933745
25201,-122.346598434165,47.6817778561086
25202,-122.263949335613,47.683859822748
25211,-122.325853058064,47.582655052972
25215,-122.306602614628,47.7193154128629
25220,-122.28415233622955,47.57651381185857
25226,-122.308455163895,47.7157464252918
25235,-122.30686711576702,47.6966276099196
25243,-122.344759211787,47.6986383208312
25260,-122.293834312231,47.684871031403
25271,-122.289942271179,47.6793757066543
25273,-122.369646757441,47.717815697918
25276,-122.349852415685,47.6839718781405
25288,-122.316681442999,47.6024346961448
25308,-122.317351237504,47.6794139316767
25318,-122.30793163188498,47.75926677360409
25326,-122.294924669501,47.684857522842
25327,-122.297400919437,47.55723531355
25329,-122.293697703826,47.5525162631857
25338,-122.3207682657116,47.65729305388136
25342,-122.3268919085485,47.61678095749655
25345,-122.296315578026,47.5304519228248
25348,-122.279524447613,47.6703693616833
25364,-122.32009041483,47.67157056298671
25368,-122.379431338339,47.7053374825317
25372,-122.27737800155,47.6621274187712
25409,-122.27976422207,47.6812511524266
25411,-122.3677065415772,47.71607660983175
25416,-122.361010941129,47.72506889886879
25431,-122.286899419875,47.6667709707304
25435,-122.284844011029,47.5135567784673
25451,-122.28386897202734,47.65715815163643
25455,-122.342276683123,47.752691065737
25459,-122.278995994297,47.6758329046911
25460,-122.280612850143,47.6612397078624
25466,-122.396420890815,47.6780596678175
25469,-122.32811329446,47.60901399649842
25473,-122.328925262833,47.5849801020201
25477,-122.31638682959,47.6468877223528
25486,-122.296356809762,47.6100172062653
25488,-122.30174588652662,47.68299676039212
25490,-122.283650865061,47.513557197923
25503,-122.317311792664,47.59907246696449
25505,-122.323041960953,47.6875577083537
25506,-122.358150363333,47.6707497810663
25514,-122.30757038064758,47.60174633815814
25516,-122.267560737222,47.5276496201131
25519,-122.319230472729,47.7139743984292
25521,-122.31385540950198,47.7103106354164
25526,-122.305574370835,47.6417748109856
25529,-122.337525439002,47.571744098944
25530,-122.331353431464,47.7140412025754
25538,-122.278081515154,47.5279614544676
25541,-122.330124885629,47.7122264458607
25550,-122.284897232956,47.5242290475096
25562,-122.314907832868,47.6733190827803
25580,-122.33909201812624,47.62333974023071
25581,-122.33909971742628,47.62308291583293
25593,-122.288491652022,47.68481384370781
25596,-122.30893955547,47.5957391745629
25601,-122.323416878177,47.7330887190302
25605,-122.300062619038,47.6128645003617
25606,-122.286661231442,47.5279285762301
25619,-122.304910539759,47.75114939050851
25621,-122.3080433278156,47.622754110240194
25633,-122.295440668651,47.66354917353831
25634,-122.260949279654,47.489729490696
25637,-122.31539091307802,47.7165066826834
25646,-122.291543130567,47.6103786621681
25647,-122.266983241191,47.6727798860989
25668,-122.368071216993,47.7015512113336
25674,-122.284851754911,47.6648688713855
25682,-122.35538035993552,47.72711675143092
25688,-122.344642822217,47.6876051842933
25691,-122.297799089316,47.6026214029633
25692,-122.31783436387302,47.6242383031827
25702,-122.319836020981,47.6593621779839
25715,-122.29235858712302,47.6793692002312
25717,-122.395716669035,47.6809897009872
25724,-122.31139152368851,47.66429012803566
25736,-122.297598675011,47.5967256425616
25745,-122.32556086753274,47.7086249627971
25747,-122.337569795417,47.6505464930471
25751,-122.316745781997,47.6145563292476
25755,-122.322085928549,47.7139909659905
25764,-122.32881536508926,47.61419499637385
25769,-122.338661833302,47.732268499023
25777,-122.398288861246,47.6709546775682
25781,-122.326093964246,47.5743470748341
25783,-122.301489745948,47.58698864192829
25805,-122.256446100587,47.499103598983
25806,-122.25645314293,47.49852132686871
25812,-122.31729488411,47.5999404866866
25813,-122.25701533835046,47.670977583529485
25815,-122.308165032015,47.6748191260504
25817,-122.36679260533,47.7160716427577
25822,-122.293633155286,47.72652805921441
25846,-122.343431184207,47.7051208501851
25850,-122.29627228557229,47.71923663490732
25891,-122.320654553144,47.60864032309329
25899,-122.279443979982,47.5664014880673
25901,-122.310061977041,47.683094318845896
25920,-122.395737157481,47.674397949633295
25923,-122.362436784594,47.71154543301975
25925,-122.27444248774198,47.5629848066469
25928,-122.30902391354,47.7237064923809
25946,-122.342250480414,47.6568867214601
25965,-122.317181558271,47.6583241144161
25966,-122.31604331456198,47.65831178812231
25969,-122.276351284005,47.6692140539657
25971,-122.275257431386,47.5375985957864
25982,-122.286206847994,47.679367171717
25989,-122.290548362918,47.6050996862732
26009,-122.269753582024,47.670811668415205
26010,-122.34206421151836,47.70236919396737
26012,-122.29184695002,47.7283296706427
26013,-122.34988350954102,47.6825251361437
26015,-122.326373322026,47.5862464517318
26021,-122.25864267233185,47.66950453410332
26026,-122.319603211382,47.6631698429069
26028,-122.31979772332,47.624259714875
26033,-122.323348157291,47.5881361820624
26035,-122.322819481504,47.6034945171329
26044,-122.324271343309,47.6058126869113
26060,-122.390760353457,47.6795176999027
26064,-122.263696084435,47.6774060939937
26072,-122.309371027601,47.6204918504503
26083,-122.32886476721204,47.6118266214471
26089,-122.304901439736,47.6812219826379
26100,-122.290052206577,47.5344072549102
26106,-122.32606751561498,47.5891882478613
26118,-122.337574065903,47.62584612851702
26126,-122.277599873916,47.5352596680965
26135,-122.383393919423,47.6716877514971
26140,-122.315672768662,47.6723805361875
26146,-122.29366278925744,47.60744017347789
26153,-122.32584222004398,47.5901755938998
26168,-122.323006882997,47.7389401570745
26170,-122.33934146568386,47.62317782444162
26174,-122.3370859484664,47.73571349687334
26181,-122.299148814016,47.5945412766068
26182,-122.318683642587,47.6141589424998
26185,-122.28947017055002,47.7083648251675
26195,-122.316806512669,47.6685232314883
26200,-122.316664106262,47.61176798548869
26202,-122.312545037197,47.716521590476354
26203,-122.31343626998098,47.77260419111891
26206,-122.303794852359,47.64103505492991
26208,-122.321323928584,47.6286994727144
26213,-122.269898512072,47.5219513568067
26227,-122.285322444351,47.5785250343717
26230,-122.326126931055,47.5948707382291
26249,-122.286924421239,47.684811277702
26253,-122.284933001242,47.5214181272394
26270,-122.32489876099692,47.61231285628067
26303,-122.399440653931,47.6866957771837
26304,-122.341382435771,47.65407314191899
26314,-122.307512621119,47.7374527958649
26315,-122.32583857527,47.5799480615298
26327,-122.28383955186,47.5640797472941
26330,-122.357503181864,47.6759844537791
26335,-122.30052032483158,47.67582604010685
26339,-122.302663828652,47.61466294686025
26343,-122.337372942397,47.6568693618793
26375,-122.30897473836,47.68488629694199
26401,-122.368188191281,47.7436270882875
26405,-122.301795362946,47.72107062224
26419,-122.290262856606,47.5945615749228
26421,-122.29604907873,47.5298682425964
26433,-122.331339403861,47.7122249608976
26439,-122.299029980109,47.7210593150272
26465,-122.334464671167,47.74381354426611
26473,-122.329036366555,47.7353238705505
26480,-122.3317447229585,47.62179863380747
26482,-122.326094717875,47.5862456534752
26484,-122.297116407325,47.682997387764296
26492,-122.292549102615,47.6116468723824
26493,-122.362060393239,47.7286256362153
26505,-122.307089843652,47.6748329363317
26514,-122.368728286193,47.67303252791671
26518,-122.301962859884,47.7248060145892
26529,-122.325850732232,47.5743495032113
26531,-122.400643540157,47.6824036363826
26533,-122.341743805667,47.6205700072418
26538,-122.333923832446,47.6243925279641
26540,-122.33558613327044,47.62086246151728
26550,-122.30048562733698,47.6387236937016
26555,-122.293024766522,47.728333036667
26561,-122.354142257274,47.7105709340215
26575,-122.37564773548,47.6794949170772
26576,-122.331616036876,47.72774060785199
26579,-122.324069549767,47.6783747865783
26587,-122.283469986669,47.55906040622259
26613,-122.36865715696248,47.7441239129712
26644,-122.27472336375264,47.67569965740373
26668,-122.334895369343,47.6257373310514
26670,-122.31699602944302,47.6445277702606
26693,-122.279437054828,47.560545695058
26702,-122.296338760546,47.6721538109889
26718,-122.345858558024,47.7725873932311
26732,-122.395725975959,47.6729314943712
26743,-122.315737339239,47.6765120107457
26744,-122.298889542326,47.592015333714606
26747,-122.301409477133,47.60906169318739
26757,-122.284915367722,47.5213763783976
26767,-122.32745944158098,47.7176551684641
26769,-122.318777740895,47.675248095944
26786,-122.373660318337,47.67230694200109
26810,-122.31845556228102,47.6631175181903
26829,-122.331608946814,47.7273254376211
26834,-122.269888536935,47.5342726161023
26839,-122.333831455557,47.6924236635296
26842,-122.302534421468,47.7519432102996
26865,-122.315688071095,47.6027207115088
26872,-122.335155700937,47.6531362363826
26883,-122.366411564947,47.723337761957
26886,-122.30409451013,47.6829978961442
26887,-122.326653119053,47.61890530816461
26889,-122.276691380113,47.6829864209906
26895,-122.319836575383,47.6594166257693
26911,-122.32958319898,47.758626385458
26918,-122.291663733265,47.5534647585233
26923,-122.32026401633702,47.691334432529096
26935,-122.280813799298,47.6793631330962
26940,-122.316683013624,47.6097284403694
26969,-122.364424986777,47.6795204635474
26980,-122.337380506688,47.6219904315597
26988,-122.332539779782,47.6580272142084
26992,-122.3089211731074,47.613498471637214
27006,-122.320640924256,47.603479145937705
27013,-122.343353352769,47.7322685933605
27044,-122.330050740388,47.58021693414779
27064,-122.3463796082842,47.73227171658867
27074,-122.30173011885,47.6812660913258
27079,-122.288708617361,47.526167067735095
27081,-122.282608906221,47.6324384326973
27093,-122.303502707873,47.7138634859836
27098,-122.292560632194,47.6093219373583
27139,-122.371405600374,47.6832086247538
27165,-122.32651863893598,47.5950897254016
27170,-122.335707800777,47.7577549186812
27189,-122.314564731452,47.597441738838
27194,-122.285919316862,47.533046946931
27203,-122.3576606819,47.6706035006524
27222,-122.300031262725,47.6016141221912
27292,-122.289483079165,47.60792377031131
27302,-122.33242537666916,47.62198734022356
27307,-122.349853485841,47.6847239059637
27314,-122.294949659853,47.684898367611
27315,-122.276534828695,47.66925599277072
27335,-122.32423791113996,47.60682154533352
27336,-122.32302876276806,47.60544917443142
27352,-122.324306651859,47.700161633745005
27359,-122.366206761983,47.7148382220226
27373,-122.2822769926194,47.527889309258605
27384,-122.35975881856,47.66682368021318
27387,-122.3036433450835,47.60026359779796
27399,-122.300402739146,47.6410182958515
27401,-122.31876361792278,47.656960673903576
27417,-122.282596937775,47.62853763557935
27433,-122.284638815885,47.6103178832167
27434,-122.312652572499,47.73022757355935
27458,-122.38479869285702,47.671690509764
27486,-122.27705238801498,47.5605023036675
27487,-122.326475516271,47.7576865742035
27492,-122.363753405949,47.75968964077149
27498,-122.3255709708,47.666397818889
27499,-122.292889777754,47.6758271832226
27510,-122.291605300808,47.5552402474662
27513,-122.326895382388,47.6167678237819
27531,-122.265942717522,47.6735176265274
27537,-122.344148871339,47.7544433643898
27545,-122.32052227563,47.710059179704345
27557,-122.32398274476502,47.75710456939671
27587,-122.316136219573,47.760636219999206
27591,-122.338710799081,47.7560159128055
27594,-122.326541685008,47.6267696309402
27595,-122.326537447634,47.6264592339899
27599,-122.275359944942,47.6920885346789
27603,-122.27624816946,47.5190289032426
27612,-122.280958250325,47.5227292910946
27614,-122.316677248439,47.6283974261207
27616,-122.238273813731,47.4875237477331
27629,-122.347241934581,47.7702641361314
27630,-122.28399283026012,47.573789752337056
27642,-122.303288860492,47.5581648141337
27653,-122.328924721785,47.57570483084711
27698,-122.306225562379,47.7102546909886
27714,-122.32384547147,47.5950462609327
27732,-122.34043403838298,47.7669232516569
27735,-122.323339034476,47.5862410799052
27742,-122.23550239432602,47.5014030611763
27751,-122.37700655561498,47.70744888881419
27763,-122.31709142496702,47.56025595756531
27769,-122.366323178646,47.7256128444755
27790,-122.31512123649,47.77665533869939
27798,-122.347234931844,47.6957210199405
27799,-122.303850811185,47.6736808230053
27805,-122.283987175307,47.6809147812314
27832,-122.338565258353,47.6568682564796
27846,-122.313470765752,47.5836922591935
27852,-122.361004074232,47.72433890672469
27865,-122.334506179077,47.6261770552594
27868,-122.324333337912,47.6048237514016
27874,-122.33422969535256,47.735593847129785
27900,-122.286858645045,47.5783243827695
27921,-122.291734647078,47.684912161042895
27934,-122.29087075638388,47.72568488786568
27936,-122.327916524579,47.6107975195365
27952,-122.25974785591602,47.5179719320246
27959,-122.328920240653,47.5824784003876
27976,-122.372677860349,47.7014869603843
27978,-122.310906069658,47.7558333801826
27982,-122.30169342221102,47.7120742967459
27986,-122.33428042840742,47.73652027173775
27999,-122.273200670552,47.565345017531
28002,-122.337748219327,47.7614929548275
28036,-122.28707761979,47.6054837481309
28043,-122.261581085312,47.5189341107454
28048,-122.284863406237,47.6660437355953
28052,-122.36075121467998,47.6742697107116
28062,-122.3181860297845,47.614631204134
28063,-122.27703370903198,47.5605439419515
28066,-122.315477995712,47.7213080831198
28069,-122.296699503736,47.60640336014825
28085,-122.398432750869,47.6787499869752
28090,-122.296761602971,47.5572072777553
28097,-122.395729460859,47.6716998824403
28102,-122.3794588417332,47.69245567177275
28110,-122.29497640070656,47.60169395913734
28114,-122.321306760739,47.5813086223601
28145,-122.349936747762,47.6825148880765
28166,-122.294227093102,47.5553047041237
28189,-122.321117693122,47.7416263783738
28191,-122.236019634225,47.5049955443811
28195,-122.280737808227,47.5230557010338
28199,-122.318666006162,47.65759178848109
28223,-122.34052117924068,47.62206328406562
28225,-122.30675550233498,47.681205857334
28226,-122.30033262949873,47.710318995400975
28242,-122.30440845223,47.7066673388031
28249,-122.331337904025,47.6591091291472
28250,-122.311635688416,47.6074405398783
28257,-122.360985447103,47.7323051338606
28258,-122.301800129262,47.664373616269
28260,-122.319546946095,47.5992931645317
28268,-122.303161194204,47.7229904000216
28281,-122.29262912840402,47.607934235388
28287,-122.36404093269684,47.77121699363123
28288,-122.322475478975,47.62514697983371
28292,-122.36127280427,47.75731911048771
28331,-122.32027950411198,47.6949813978945
28332,-122.364501593175,47.7596769664726
28333,-122.32708957235,47.61324666501753
28339,-122.34586781465454,47.77313053295308
28384,-122.314630179923,47.6684954078028
28402,-122.31877778829,47.6733769321379
28413,-122.326779198384,47.7560710655846
28424,-122.32369016986914,47.67793870984411
28428,-122.32581328801298,47.5721699900503
28431,-122.369263348927,47.76391528219029
28432,-122.299190548744,47.7319693468372
28447,-122.29138410043043,47.74562451726149
28454,-122.308922492599,47.602279661682
28475,-122.299291053894,47.5597212554301
28478,-122.273995160565,47.5101543564678
28508,-122.30362429151,47.60026037706
28509,-122.333043131368,47.75046337261201
28511,-122.363456980489,47.6997243770721
28516,-122.282377056514,47.6776676664956
28522,-122.313941994974,47.7521575918189
28525,-122.3290308922085,47.7353107909251
28539,-122.350221533922,47.7086542053516
28557,-122.291217038105,47.6721104683044
28559,-122.289924061393,47.5370025219248
28612,-122.244710111593,47.508513395330304
28617,-122.354007381661,47.69164596654975
28624,-122.320302628718,47.6903195981391
28625,-122.288448644506,47.5352696183079
28626,-122.330799584406,47.7267718210007
28655,-122.378981952475,47.6697407856833
28673,-122.313623788285,47.6710946823761
28686,-122.341674881246,47.664247097056
28694,-122.36285358875598,47.65896200672879
28700,-122.362555223013,47.74188135425519
28704,-122.310447992814,47.7557565914934
28739,-122.328306962006,47.5883313005763
28742,-122.311406630883,47.578898432075
28753,-122.3565501533395,47.690569879194
28763,-122.308992599944,47.6403246255101
28781,-122.296798427176,47.5410648814804
28791,-122.327211022013,47.6268733822742
28815,-122.347307752284,47.7017985185162
28823,-122.3053569355775,47.663465140226606
28828,-122.372495498977,47.6814331473277
28852,-122.301769484522,47.717460410194896
28881,-122.33594533570977,47.62306061748087
28885,-122.32857797296572,47.60885212861783
28886,-122.32895388224004,47.608682051245005
28887,-122.3236031253718,47.73965791964488
28890,-122.301731979797,47.7156940471458
28937,-122.3417626185072,47.622074190018616
28940,-122.300710190544,47.7096615834292
28949,-122.372488994428,47.679509932985205
28968,-122.319206304689,47.6268751442848
28977,-122.263590738383,47.6746198520101
29003,-122.306451726456,47.6017605541969
29011,-122.250426816066,47.49757512134118
29013,-122.297046843672,47.57165820380492
29022,-122.353148792437,47.729657505559
29029,-122.35552633995,47.65962613195959
29038,-122.314699876561,47.67654286637819
29040,-122.2669630546886,47.68483843174755
29074,-122.33565950791667,47.62316168767319
29086,-122.28222356701656,47.57110317631315
29090,-122.312080197626,47.6793829892076
29110,-122.325855169939,47.57224289274999
29129,-122.33420717716,47.670440452202094
29135,-122.328936966782,47.579711567466
29140,-122.336424502136,47.7705520991708
29176,-122.37330950194855,47.74496828755286
29178,-122.3702714596195,47.741613658790655
29187,-122.325233978547,47.60839390154512
29220,-122.29299726862,47.72293297075381
29224,-122.271619436059,47.6771311898616
29226,-122.33825019757,47.6197364861502
29234,-122.26987918979,47.5534014182871
29241,-122.292616370124,47.68490852151691
29254,-122.376666239022,47.70678351153135
29261,-122.325857802093,47.5916445021709
29266,-122.26999213364302,47.536186608175
29272,-122.300948008532,47.553653987231904
29274,-122.238241192229,47.4954116989508
29283,-122.287294146832,47.6079513136764
29289,-122.336590975236,47.76149228792409
29295,-122.300400904662,47.5847782421672
29301,-122.326903347052,47.61629216912834
29308,-122.277211932945,47.5334271774174
29329,-122.264541475635,47.5407264238931
29335,-122.31061713357,47.761278957234
29349,-122.318729736571,47.6567682542007
29363,-122.305581610305,47.6410419674647
29396,-122.329605494981,47.5905560903968
29401,-122.395712264321,47.6816195764699
29428,-122.2938339008235,47.6017611788439
29434,-122.324574040125,47.775044844076696
29445,-122.323718961067,47.6176989702619
29453,-122.266364286931,47.675864867599
29468,-122.28327056896087,47.54070993666946
29503,-122.317866091702,47.7121491866446
29510,-122.34549345372402,47.722341250509
29511,-122.26759883716402,47.5316431356496
29522,-122.27204144715,47.5168680064769
29534,-122.332597433324,47.6531271446214
29573,-122.372951230876,47.6716719810982
29610,-122.309833888109,47.6748057510747
29620,-122.295429438295,47.6740270287976
29645,-122.2909663327,47.54978971216659
29654,-122.31263585310828,47.657981630953074
29726,-122.304441575616,47.708466792068
29749,-122.340109147176,47.7526935762481
29754,-122.29221735782298,47.725515376879954
29757,-122.367202518732,47.679524114775
29801,-122.39843884284,47.6802421031681
29806,-122.27641370194,47.6697488033332
29807,-122.265164599052,47.528600656547
29812,-122.397022981803,47.6848371792128
29820,-122.30173595085598,47.6829316816014
29830,-122.305513256197,47.6390861677125
29840,-122.395737874716,47.67365593245821
29843,-122.312014721034,47.7700826686057
29855,-122.289981010482,47.5352603677534
29859,-122.36371683656098,47.7163022874156
29860,-122.36275613566,47.7161480157096
29871,-122.314278661126,47.6712022521927
29872,-122.312306365959,47.5914996231982
29877,-122.337520604446,47.654360920327
29888,-122.37141977416302,47.6814349844685
29889,-122.391962561793,47.6795074488179
29907,-122.33771618849352,47.61963046626565
29925,-122.290477978085,47.56982063972029
29930,-122.2907568945938,47.72180540687013
29931,-122.3011600149046,47.603535757077225
29935,-122.31254464344028,47.71718118740346
29950,-122.309887272533,47.6758533571152
29990,-122.32558060011802,47.6656740722089
29995,-122.328673930796,47.5963761802726
30020,-122.349420237302,47.7196131125255
30035,-122.290620890891,47.70015135477564
30039,-122.31931016453,47.6128244034851
30057,-122.32651107307,47.6245892875471
30058,-122.32649641001048,47.6245801307509
30063,-122.329828052562,47.7681717932093
30067,-122.37527796533747,47.7438010942326
30087,-122.295777863665,47.68299566148
30105,-122.28487948917102,47.6677770995482
30107,-122.319569351183,47.614821265301295
30130,-122.302116730441,47.5945516530273
30149,-122.317888782077,47.5655423703163
30202,-122.280018960056,47.5208394003526
30219,-122.31745306992302,47.6808191163517
30229,-122.326131377129,47.7176445154386
30230,-122.398303886551,47.677044996193
30234,-122.33516874595,47.6520124105428
30247,-122.29047002272029,47.58777348270464
30252,-122.330036645938,47.5926566028016
30280,-122.296460563981,47.5388940032066
30281,-122.276131387822,47.692295222189806
30283,-122.336408884368,47.6628315753506
30287,-122.32583011519598,47.5767472098243
30289,-122.31608605914,47.6580429619971
30308,-122.376674782574,47.7446236742665
30310,-122.29550681103,47.7337115835433
30316,-122.373676009639,47.68142861024379
30326,-122.2608486094975,47.67277838547475
30357,-122.360769294009,47.6635624432933
30375,-122.328403702154,47.7017769116237
30428,-122.389760485404,47.6813107757773
30430,-122.260867455616,47.67278518907324
30432,-122.395704537569,47.6795622016211
30455,-122.307588733371,47.6748231865054
30459,-122.3679737522026,47.723902624240296
30519,-122.334371804685,47.741588868102006
30536,-122.29258605834302,47.5966675275931
30550,-122.356172895499,47.7105742194511
30553,-122.318777518264,47.6744511781335
30589,-122.372989903007,47.7598475179618
30591,-122.33443804933628,47.742764733257616
30611,-122.330610662015,47.6196147760601
30612,-122.30893894264598,47.6155964395017
30616,-122.229078982557,47.5008217362589
30626,-122.320043745778,47.6157397255435
30654,-122.2914675041,47.53773985478299
30666,-122.291392422412,47.5966363201098
30670,-122.334193219001,47.64678426750479
30673,-122.36643043955448,47.7233413034226
30675,-122.337541213486,47.653151450633096
30709,-122.331607340849,47.7267854510487
30713,-122.320287178115,47.693160695195
30730,-122.270628498554,47.56057200482351
30731,-122.324301379301,47.6999103560739
30735,-122.279128256825,47.6583882502572
30736,-122.33412740077,47.7257324721004
30747,-122.307189811556,47.5611995784457
30750,-122.28553464853952,47.57996768180576
30758,-122.326064829019,47.5910133707875
30760,-122.380079726393,47.6924578152465
30766,-122.26813009578602,47.531627275387
30769,-122.32720122398868,47.62078399197687
30778,-122.330444313284,47.7267757550576
30780,-122.327230301332,47.6268714751515
30789,-122.33163751916,47.7231217185265
30799,-122.32296529164,47.6251409345798
30803,-122.290381282728,47.5534517878136
30818,-122.31868396802,47.7576560175651
30824,-122.324567060952,47.6162861133204
30833,-122.33728260900553,47.6207912028165
30842,-122.3370788266698,47.7350594174333
30843,-122.317744635477,47.7085019470013
30849,-122.35467480911458,47.69051373747026
30859,-122.367847709835,47.7426903202859
30867,-122.270031351296,47.66294582727965
30878,-122.333659201613,47.6236430629191
30937,-122.298373102496,47.5784496050514
30941,-122.223075869185,47.49884228246341
30954,-122.28806649545568,47.62506240105351
30960,-122.304820737062,47.6374929023624
30980,-122.31492403251764,47.65874452903935
30981,-122.31491348429,47.65829897366419
30993,-122.326288871305,47.72395371308679
31001,-122.318838034792,47.70488837231161
31028,-122.34041469822598,47.6205694433397
31030,-122.37402783847,47.6942875073779
31035,-122.319013398722,47.6766266063341
31037,-122.2596505899465,47.6688379780466
31038,-122.25964085231368,47.66882696409217
31044,-122.36370642901402,47.72330506724709
31049,-122.322003868194,47.6074475149827
31070,-122.342471973468,47.7346041789751
31078,-122.33782419067602,47.7770793544997
31117,-122.319555455261,47.614244831529206
31124,-122.381285308795,47.6683801939036
31147,-122.327486931603,47.7158358057197
31171,-122.355369370064,47.693502282631
31182,-122.26262573191498,47.5493092440391
31204,-122.316708998909,47.61458790307145
31210,-122.327672157566,47.7194713322768
31217,-122.274478133382,47.56650244013159
31220,-122.301817532105,47.6643798759257
31226,-122.30176133143398,47.63897322618229
31245,-122.261213843051,47.5081751992725
31247,-122.338319328289,47.6205744650692
31272,-122.30428404369802,47.6695179543631
31278,-122.2925721699684,47.601705887089295
31301,-122.374605052881,47.68142818339809
31325,-122.337316923944,47.6219664320125
31356,-122.2634418295426,47.66844535187287
31367,-122.2478582339,47.4884456923913
31381,-122.323556631485,47.73815453221832
31406,-122.33754595798798,47.730166845546
31407,-122.336999476086,47.7299028471738
31427,-122.26209054633098,47.54806946514301
31459,-122.28677083866002,47.58761875907295
31467,-122.31806907241644,47.61470873899177
31468,-122.26122592825,47.5061073217372
31532,-122.319245115268,47.6765064372082
31535,-122.401154946006,47.672931875895394
31547,-122.37147069521434,47.761390367843696
31550,-122.29003477478,47.679351661425606
31552,-122.290810649085,47.7052304400802
31558,-122.266388930461,47.5316246529711
31597,-122.281315737931,47.6655427125553
31598,-122.342384539483,47.767753708013
31603,-122.340260223928,47.652690851328
31606,-122.29029686424728,47.58508669402196
31653,-122.315937812972,47.7639089131425
31657,-122.3323127000946,47.76693785364626
31671,-122.308107074756,47.5829627158984
31686,-122.345263755869,47.7343248670546
31690,-122.26300343183853,47.666928799950256
31731,-122.314348686681,47.774712408606696
31751,-122.284903323666,47.5406601253727
31772,-122.33680023133998,47.62206206949917
31791,-122.316096479088,47.6577084840518
31861,-122.297602135063,47.6100174394025
31895,-122.34247151948,47.7577319946341
31898,-122.327711671535,47.60636851299109
31899,-122.32741481677964,47.60595726023362
31905,-122.29777338135,47.607940797029
31928,-122.323498343986,47.64848209801661
31947,-122.361622245726,47.7250739805585
31956,-122.334036759495,47.592985747766
31976,-122.341359866058,47.7322656021094
31983,-122.26984686664552,47.533496397573
32025,-122.28971567606928,47.58365183678837
32026,-122.28610144826298,47.607835261221
32035,-122.376901466423,47.6916680171694
32056,-122.339730282627,47.7322682822551
32058,-122.372695952634,47.69428451849901
32136,-122.31719776916626,47.6591826498792
32158,-122.3391209030315,47.62311024542744
32196,-122.329805856172,47.7690586923623
32207,-122.30720178678298,47.641046637624605
32217,-122.331609645624,47.66898818241841
32295,-122.340770990709,47.73227134504899
32300,-122.221865421476,47.498112851011705
32314,-122.338030114977,47.62451682347304
32325,-122.37368813433,47.6675971672121
32369,-122.29062004337202,47.7001927802919
32382,-122.27132777482102,47.66154414881501
32389,-122.325078367232,47.6576449873813
32410,-122.317848864144,47.711461613587446
32415,-122.346216127044,47.7709912053495
32451,-122.369296047677,47.68143311578
32519,-122.303849958747,47.601568914497
32528,-122.2746435312385,47.67482057235095
32529,-122.33454703827098,47.62441711723375
32557,-122.289337163004,47.5911096824147
32568,-122.327540585315,47.6118295077282
32570,-122.302154710092,47.642409577264495
32601,-122.26389250326,47.5189544257853
32634,-122.320718820563,47.648679824897805
32643,-122.319540828151,47.6133269436586
32646,-122.27581264063552,47.56805670636256
32666,-122.2986219337,47.5691339520779
32673,-122.290714334989,47.7083291425605
32738,-122.380177537612,47.7060027092347
32746,-122.327002461628,47.6932003219606
32750,-122.326952964859,47.6444340592744
32770,-122.37897786217351,47.66972763173605
32793,-122.23078588238302,47.4973152055268
32795,-122.31263390679644,47.72298377051177
32841,-122.2552329611145,47.67297534344665
32845,-122.372946801038,47.67377141822751
32863,-122.317362219216,47.6568232899943
32984,-122.333102444702,47.70599249065064
33012,-122.336617426388,47.5893287819869
33016,-122.328414648673,47.7045510591722
33054,-122.333044628065,47.62326640652711
33060,-122.32228390641,47.6046814399088
33092,-122.376725421185,47.7027490590499
33100,-122.310899458983,47.67479180260259
33169,-122.33379112169798,47.6531339241501
33173,-122.280635042394,47.5369499947085
33178,-122.361793891847,47.708702357239
33207,-122.268839607099,47.6624013639483
33225,-122.27530718732588,47.68432951515229
33242,-122.32233138841332,47.65458849055724
33260,-122.28749402058033,47.6613932807632
33342,-122.32844849296698,47.6137886458928
33351,-122.2688594457255,47.67571114195295
33361,-122.318767897832,47.65697464610899
33370,-122.330949569734,47.7219913980966
33375,-122.32341613311456,47.60717340626984
33409,-122.286346728964,47.548001942429046
33444,-122.330224233696,47.6531111954057
33449,-122.38531765348598,47.6813161428234
33480,-122.271564196116,47.6717858776048
33507,-122.32873586594,47.6999489483778
33520,-122.361016995221,47.7196398375749
33546,-122.32672868310804,47.61072649646871
33551,-122.337681328808,47.7179682297706
33568,-122.327628563406,47.6111948162245
33616,-122.330250578156,47.7231132282408
33632,-122.289318291506,47.53103951288201
33637,-122.34025078671542,47.6219586225306
33640,-122.3326207883,47.6520031736894
33644,-122.368676251853,47.7441236205894
33676,-122.305271313083,47.5993316495505
33705,-122.379875781319,47.7019143087874
33745,-122.32354741971902,47.6051506660778
33867,-122.23684133210502,47.4974292953823
33868,-122.29459984699052,47.5783091016154
33929,-122.37106719657702,47.6679498258221
33968,-122.29171838935444,47.722777239765605
34101,-122.25817738401132,47.672826603351325
34114,-122.35400244119,47.691664628785496
34197,-122.300358228734,47.5499875564198
34318,-122.319776106476,47.7059044158251
34398,-122.313787905649,47.6578907079948
34424,-122.358254691955,47.7214768193538
34558,-122.338320785374,47.6249042293673
34578,-122.355484151642,47.6923663860723
34642,-122.285332244176,47.7027986478731
34653,-122.282788746246,47.570625148358
34685,-122.331306615708,47.6603265631823
34714,-122.316522728243,47.67652799994179
34716,-122.322160237018,47.6164584159006
34738,-122.333182542424,47.59382171919634
34757,-122.312581199796,47.7194704114462
34821,-122.31256005715082,47.71754453384466
35030,-122.28799114928886,47.587627117369735
35114,-122.36242268369324,47.711555462220645
35142,-122.31264291677476,47.65678976028123
35160,-122.321943291241,47.6129752305618
35184,-122.325455279541,47.6072996698968
35191,-122.285454022351,47.7032714006395
35211,-122.29603081573084,47.602144746657245
35512,-122.327588125761,47.6111800215352
35549,-122.319871782267,47.65449821497
35584,-122.271260233365,47.66530114971185
35646,-122.314273608719,47.7129464501551
35770,-122.335408625157,47.7357100879531
35893,-122.286760118913,47.5497057126699
35930,-122.317710684961,47.7039869904258
36093,-122.322251528807,47.61305411985669
36104,-122.312808642192,47.6186852134508
36172,-122.328505927428,47.5963178225545
36191,-122.273185220889,47.6676697629672
36235,-122.328715873401,47.6083503392726
37018,-122.328309462023,47.6078852643731
37057,-122.31662405240355,47.611845366466255
