Node ID,Longitude,Latitude,Degree Centrality,Betweenness Centrality,Log Betweenness Centrality
16384.0,-122.300962495494,47.62031991505706,1.0,0.0,
1.0,-122.304711275917,47.6183597367883,3.0,64354.0,11.072154371154577
32775.0,-122.317999975559,47.613645140195,1.0,0.0,
16393.0,-122.31606353264232,47.5773104942976,1.0,0.0,
11.0,-122.320139069656,47.6318118305218,3.0,128694.0,11.76519277245085
12.0,-122.309073099935,47.6065988862892,1.0,0.0,
16.0,-122.297772577427,47.624328093141706,3.0,15317803.666666662,16.544526348204545
17.0,-122.319127548026,47.6323602099498,3.0,193018.0,12.170538727786887
8211.0,-122.28702820677168,47.617173794485005,1.0,0.0,
8212.0,-122.302162532173,47.6410265553788,3.0,456422.0,13.031173099138726
24596.0,-122.30663766848768,47.64031268535106,1.0,0.0,
16408.0,-122.294977324353,47.5868442420722,1.0,0.0,
24601.0,-122.293688917279,47.6137049075496,1.0,0.0,
26.0,-122.329724985626,47.6401603173808,1.0,0.0,
8220.0,-122.34014703624,47.5758008163005,3.0,193026.0,12.170580173839674
33.0,-122.336718563857,47.5744335166959,4.0,788753.0000000001,13.578208496316856
32804.0,-122.326697226415,47.6202321347758,1.0,0.0,
36.0,-122.283370225182,47.6123019376067,4.0,96528.0,11.477588400680544
38.0,-122.308029646369,47.586353888831205,3.0,64354.0,11.072154371154577
8231.0,-122.30294896444302,47.5828964674235,3.0,128694.0,11.76519277245085
16425.0,-122.32071055499466,47.64138555384736,1.0,0.0,
16427.0,-122.283013245034,47.632478877797006,3.0,610332.0,13.321758350387572
16428.0,-122.31149687112502,47.6009308577131,3.0,83263675.4999999,18.237522943604212
46.0,-122.323150988599,47.6247996868787,1.0,0.0,
32816.0,-122.32647120780868,47.64314438196697,1.0,0.0,
8241.0,-122.303788339787,47.6080724527087,4.0,96528.0,11.477588400680544
52.0,-122.312003463902,47.62255358902373,1.0,0.0,
54.0,-122.288308366004,47.62608540405879,3.0,160858.0,11.988277267209066
55.0,-122.333602179516,47.622242345941,1.0,0.0,
32824.0,-122.326382764585,47.5862798872351,1.0,0.0,
24633.0,-122.311925001597,47.6307241597663,1.0,0.0,
32825.0,-122.333998714919,47.5742041769774,1.0,0.0,
24637.0,-122.330067948969,47.5741257540345,1.0,0.0,
32837.0,-122.283044281861,47.627242160719696,1.0,0.0,
32838.0,-122.315655549048,47.6135964039103,1.0,0.0,
16456.0,-122.316711874103,47.622078321726,1.0,0.0,
8265.0,-122.31895196495002,47.60515765522981,3.0,128694.0,11.76519277245085
74.0,-122.277182464304,47.6369972636245,3.0,1124042.0,13.932441675285704
8266.0,-122.322915676465,47.60843121015031,1.0,0.0,
8267.0,-122.322575471959,47.60808355881931,4.0,96528.0,11.477588400680544
77.0,-122.320746364327,47.6242060847103,3.0,193026.0,12.170580173839674
78.0,-122.320726400615,47.6242049806258,3.0,257326.0,12.458099042523418
8268.0,-122.322606811895,47.6080956610206,1.0,0.0,
24650.0,-122.33006859223832,47.57742597813766,1.0,0.0,
32850.0,-122.337430266614,47.6219652658899,1.0,0.0,
32851.0,-122.28827752476268,47.60702185640346,1.0,0.0,
16469.0,-122.317785443639,47.612333443755006,1.0,0.0,
24669.0,-122.331756761038,47.619582918089,1.0,0.0,
16481.0,-122.317749979068,47.5769237979754,1.0,0.0,
8290.0,-122.321872436111,47.6249266561454,1.0,0.0,
24675.0,-122.32667866734148,47.6203758935064,4.0,96528.0,11.477588400680544
8291.0,-122.323621429768,47.6060865677099,3.0,1646237.3333333405,14.314002837755412
101.0,-122.308077902678,47.63234617207829,3.0,771214.0,13.55572117564067
32870.0,-122.317373220142,47.602634609995,1.0,0.0,
32869.0,-122.313967068204,47.5793012546194,1.0,0.0,
16489.0,-122.31530011798868,47.6424557749013,1.0,0.0,
16490.0,-122.306573672926,47.6322203672605,1.0,0.0,
24681.0,-122.31866391175748,47.61415684681315,3.0,64354.0,11.072154371154577
24684.0,-122.28474535146034,47.6318789370442,1.0,0.0,
8301.0,-122.307425026938,47.6221181405118,3.0,91472584.00000004,18.331549856932888
24682.0,-122.31840576001764,47.61416197622916,1.0,0.0,
32880.0,-122.325708809284,47.6273076812791,1.0,0.0,
8308.0,-122.318312064915,47.6210311629774,3.0,1063796.0,13.877354201178003
16502.0,-122.33592103719523,47.62382663656108,4.0,96528.0,11.477588400680544
16505.0,-122.326830245357,47.6184219571929,4.0,96528.0,11.477588400680544
24698.0,-122.310632560868,47.5870715727813,3.0,64354.0,11.072154371154577
16506.0,-122.277776810585,47.63699295984801,3.0,64354.0,11.072154371154577
32892.0,-122.326047224644,47.6383392874745,1.0,0.0,
24704.0,-122.3101839513,47.6017942639124,1.0,0.0,
24705.0,-122.327844210264,47.6106898327266,1.0,0.0,
24706.0,-122.327819113522,47.6106763487197,3.0,32178.0,10.37903826821098
24707.0,-122.32757056862,47.610442265245,1.0,0.0,
8321.0,-122.29924328777,47.5774665728354,1.0,0.0,
8331.0,-122.321589857022,47.6039631413446,1.0,0.0,
8332.0,-122.32163222511902,47.60397194832709,6.0,225858.8333333333,12.3276654518226
141.0,-122.3234907392245,47.61968040200005,4.0,160864.0,11.988314566492301
8333.0,-122.32311372614002,47.60381818590751,5.0,65378.16666666667,11.087943638689975
32909.0,-122.325061777836,47.6102508882308,1.0,0.0,
144.0,-122.31282406385527,47.61939229363082,3.0,193018.0,12.170538727786887
8337.0,-122.28557810907398,47.62504378920714,4.0,96528.0,11.477588400680544
24716.0,-122.336579496967,47.5890877673254,1.0,0.0,
145.0,-122.291058445827,47.57101655298461,3.0,128694.0,11.76519277245085
148.0,-122.30386717298,47.6395750761105,3.0,1116306.0,13.925535577887599
16534.0,-122.315508130548,47.616867194143936,1.0,0.0,
32919.0,-122.300419715764,47.6395015906227,1.0,0.0,
32924.0,-122.335153316786,47.59225954513301,1.0,0.0,
159.0,-122.321221937501,47.6231605394897,3.0,931594.0,13.744652376439165
161.0,-122.326794710662,47.6219530422567,3.0,7294561.26666717,15.80263959648098
8355.0,-122.297560527143,47.6141726180955,3.0,128694.0,11.76519277245085
32933.0,-122.332443580395,47.6271252776899,1.0,0.0,
16553.0,-122.327830875135,47.61728191932428,4.0,96528.0,11.477588400680544
16555.0,-122.298236716256,47.573554543769774,1.0,0.0,
24748.0,-122.334294681806,47.5862555848427,1.0,0.0,
24749.0,-122.326431007286,47.5697513957368,3.0,128694.0,11.76519277245085
174.0,-122.345164771502,47.6218574929743,1.0,0.0,
32943.0,-122.318691073144,47.6141461888635,1.0,0.0,
8370.0,-122.298642257863,47.620196860610896,3.0,128694.0,11.76519277245085
179.0,-122.321828684178,47.649986178212295,3.0,1444138.0,14.183023161735626
180.0,-122.322957710353,47.626816669409,3.0,64354.0,11.072154371154577
16565.0,-122.293511618458,47.5903743050269,3.0,1508134.0,14.22638368301872
24754.0,-122.2861236083974,47.58950458907872,1.0,0.0,
24759.0,-122.28671466933,47.6260942036452,1.0,0.0,
32952.0,-122.278389456937,47.6322277119215,1.0,0.0,
189.0,-122.298848518439,47.6152601265216,4.0,2021279.6666666665,14.519241367151848
8382.0,-122.290339808254,47.5975263700319,1.0,0.0,
8383.0,-122.315356641954,47.6080939630544,4.0,96528.0,11.477588400680544
24766.0,-122.32930366575872,47.609638565996114,7.0,366091.9079364786,12.810639695440058
24767.0,-122.32962473804696,47.609494087611786,4.0,193026.0,12.170580173839674
194.0,-122.3034960026105,47.6130831269248,1.0,0.0,
24768.0,-122.32960230336488,47.60952691144208,1.0,0.0,
24775.0,-122.326627402371,47.57171736148771,1.0,0.0,
32974.0,-122.32775381549266,47.63932090451516,1.0,0.0,
32975.0,-122.30097117745466,47.63507452741791,1.0,0.0,
209.0,-122.320219195386,47.6359025885694,3.0,2243202.0,14.623414867405463
8401.0,-122.333652018906,47.6207693830481,3.0,202887.33333333285,12.220406095739675
32980.0,-122.317874130889,47.602611174429,1.0,0.0,
214.0,-122.29988818885931,47.60807113484688,1.0,0.0,
215.0,-122.319077878052,47.6371457325911,1.0,0.0,
16598.0,-122.308193457028,47.59583648072553,1.0,0.0,
8410.0,-122.313488774734,47.5837339775183,3.0,704112.0000000001,13.464692713395653
219.0,-122.320816965339,47.6209840664318,1.0,0.0,
16604.0,-122.323066335605,47.6210207891945,4.0,1585984.0,14.27671559285366
32991.0,-122.311424014202,47.5791217853169,1.0,0.0,
24803.0,-122.33508748903414,47.62319540999474,1.0,0.0,
24804.0,-122.33518750543034,47.62299790683063,1.0,0.0,
32996.0,-122.328684206615,47.6120811910941,1.0,0.0,
24806.0,-122.326450938393,47.5950556683593,3.0,66964.0,11.111910440535675
8427.0,-122.2825306969832,47.613503323402526,3.0,225186.0,12.324682006352527
8429.0,-122.32466276627,47.6546644519265,3.0,64354.0,11.072154371154577
8430.0,-122.312110462883,47.61682447720781,3.0,257326.0,12.458099042523418
8431.0,-122.312119898145,47.6164796346928,3.0,321618.0,12.681119784869932
16622.0,-122.301225663415,47.6008254029562,3.0,193018.0,12.170538727786887
16621.0,-122.32266348012,47.5880882066996,1.0,0.0,
16626.0,-122.310030143279,47.6322732467118,3.0,578626.0,13.268411606567119
33012.0,-122.336617426388,47.5893287819869,4.0,160864.0,11.988314566492301
33013.0,-122.322059637729,47.619137549866,1.0,0.0,
16630.0,-122.296125958847,47.5919793355289,3.0,64354.0,11.072154371154577
24823.0,-122.297911297143,47.6016082575348,3.0,64354.0,11.072154371154577
24825.0,-122.32593379353185,47.6230884890682,3.0,193018.0,12.170538727786887
250.0,-122.316650135756,47.5789797530017,1.0,0.0,
252.0,-122.325488877273,47.6112685879909,1.0,0.0,
253.0,-122.325468894927,47.61126909051795,3.0,64354.0,11.072154371154577
24830.0,-122.328849327335,47.5872537162486,1.0,0.0,
8447.0,-122.306672251155,47.624384832355794,3.0,15618271.666666662,16.56395204751286
255.0,-122.301663050633,47.5731242568609,3.0,64261409.780939005,17.978469850112536
258.0,-122.30568827812333,47.5727826882986,1.0,0.0,
8451.0,-122.322383240147,47.6081732556165,1.0,0.0,
16644.0,-122.296196093848,47.6189501720252,4.0,160864.0,11.988314566492301
16645.0,-122.30435007267032,47.6035386307514,1.0,0.0,
8452.0,-122.32258909743932,47.608100915701264,1.0,0.0,
8450.0,-122.30079495003366,47.5809752315086,1.0,0.0,
8456.0,-122.312804022935,47.604304978833,4.0,225192.0,12.324708650637996
24841.0,-122.335166968941,47.6231409791191,1.0,0.0,
24842.0,-122.331310509605,47.6285937352308,3.0,739126.0,13.51322368607334
264.0,-122.313001845785,47.59522472228927,1.0,0.0,
33037.0,-122.331495587891,47.6286029666926,1.0,0.0,
16655.0,-122.317286406577,47.63693506236,1.0,0.0,
273.0,-122.334998335676,47.5959649552002,6.0,482382.0,13.086491610266114
8466.0,-122.33115605792,47.6220519672857,1.0,0.0,
24851.0,-122.329580107801,47.60838932511908,3.0,128694.0,11.76519277245085
24850.0,-122.330141524186,47.6082229634542,3.0,64354.0,11.072154371154577
24852.0,-122.329557352042,47.60837989938085,1.0,0.0,
24853.0,-122.330091059799,47.60825386311395,1.0,0.0,
8471.0,-122.332781716355,47.6242285405709,3.0,1123918.0,13.932331353037865
8472.0,-122.292633902355,47.60792222342346,4.0,1226138.0,14.019379950318312
33048.0,-122.32450223941632,47.595085612095794,1.0,0.0,
283.0,-122.326117373862,47.63391092905673,1.0,0.0,
8475.0,-122.32108202342634,47.6047994223646,1.0,0.0,
33053.0,-122.3330578975955,47.62329670749671,1.0,0.0,
286.0,-122.310628231829,47.6244062610723,3.0,16182731.666666657,16.599455285175534
33054.0,-122.333044628065,47.62326640652711,3.0,64354.0,11.072154371154577
8477.0,-122.304713095742,47.6026361623151,3.0,64354.0,11.072154371154577
33057.0,-122.330307988013,47.6220974510191,1.0,0.0,
33056.0,-122.286266955283,47.5803676381578,1.0,0.0,
33060.0,-122.32228390641,47.6046814399088,3.0,32178.0,10.37903826821098
16677.0,-122.310826062594,47.6175219652627,1.0,0.0,
8486.0,-122.32754196888492,47.61274790036197,5.0,193032.0,12.170611257252014
8485.0,-122.32704184746,47.61294053188194,3.0,64354.0,11.072154371154577
24872.0,-122.324770543396,47.610548077276,1.0,0.0,
33061.0,-122.322192580801,47.6046931150251,1.0,0.0,
8484.0,-122.310794015725,47.5795671680628,3.0,51156.00000000001,10.84263506655321
8491.0,-122.289814213578,47.5751624043609,3.0,1188606.0,13.988291749857535
8492.0,-122.31664485754,47.589943998861,3.0,546514.0,13.211315203836937
8494.0,-122.321765438055,47.6500713856582,1.0,0.0,
33070.0,-122.335248389708,47.5777592908982,1.0,0.0,
24880.0,-122.33690239031,47.6208220401569,3.0,321650.0,12.681219276839146
16689.0,-122.296288926056,47.5991311675295,3.0,64354.0,11.072154371154577
33074.0,-122.32759619168,47.6263601461145,1.0,0.0,
16691.0,-122.31849529210731,47.641388424875664,1.0,0.0,
8498.0,-122.312872656277,47.6164204150824,4.0,2442024.0,14.70833776161432
24890.0,-122.30681977520533,47.5916787136126,1.0,0.0,
16703.0,-122.32374198071,47.6176846330948,1.0,0.0,
320.0,-122.307463605642,47.61847228022,3.0,91407992.00000004,18.330843472426686
24896.0,-122.31693257630234,47.5967093444575,1.0,0.0,
24895.0,-122.31689194194134,47.59574358223259,1.0,0.0,
8516.0,-122.316676629547,47.604908355606895,3.0,5042056.166666614,15.4333245264273
16710.0,-122.29509427781632,47.581335434068734,1.0,0.0,
33095.0,-122.326826425896,47.61766381244447,1.0,0.0,
16713.0,-122.320631134164,47.6025270643064,1.0,0.0,
24905.0,-122.328048607985,47.61102673806665,1.0,0.0,
33101.0,-122.28611433529966,47.60747306264984,1.0,0.0,
33104.0,-122.295054003482,47.6019957317103,1.0,0.0,
33111.0,-122.301933447973,47.60353388411503,1.0,0.0,
16730.0,-122.300240965078,47.5791296660344,3.0,64354.0,11.072154371154577
347.0,-122.320663964454,47.6241877129529,1.0,0.0,
16733.0,-122.31954998125264,47.64139208312877,1.0,0.0,
8543.0,-122.311868926955,47.63409681714321,3.0,450218.0,13.017487188885621
16735.0,-122.30988208011802,47.57955134834051,3.0,64354.0,11.072154371154577
8547.0,-122.330069351766,47.5743550488636,4.0,798630.0000000001,13.590653038645728
16740.0,-122.315567780348,47.62070067711469,3.0,546514.0,13.211315203836937
8548.0,-122.330069646495,47.5742851225611,1.0,0.0,
16743.0,-122.298819296816,47.6251203231438,1.0,0.0,
16744.0,-122.29509780584668,47.57770562011053,1.0,0.0,
24937.0,-122.292680248753,47.5938708544542,1.0,0.0,
8557.0,-122.32664751031102,47.61865387752363,1.0,0.0,
33134.0,-122.326480451608,47.6256027860599,1.0,0.0,
16750.0,-122.318888304196,47.6242778098027,3.0,64354.0,11.072154371154577
8560.0,-122.323005566728,47.6231264423107,3.0,64354.0,11.072154371154577
8558.0,-122.337560380603,47.5900022264851,6.0,257356.0,12.458215619361287
8562.0,-122.290996232633,47.5751577023172,4.0,1348342.0,14.114386247474465
371.0,-122.326532218869,47.639735626260496,3.0,193018.0,12.170538727786887
372.0,-122.326524539707,47.6399802452855,3.0,128694.0,11.76519277245085
24947.0,-122.326115904025,47.58812040287879,3.0,637790.0,13.365764354538973
376.0,-122.30001135692,47.6042872277171,4.0,353776.0,12.776419223471937
8571.0,-122.322010902477,47.6482952053735,3.0,739126.0,13.51322368607334
380.0,-122.300237707342,47.5787837595216,3.0,193026.0,12.170580173839674
8573.0,-122.308076586632,47.6322282490129,1.0,0.0,
24958.0,-122.329274064805,47.6096882643455,1.0,0.0,
16769.0,-122.313449541922,47.5753611202114,1.0,0.0,
388.0,-122.327057436341,47.5883270327536,3.0,8139733.333333337,15.912267977409341
390.0,-122.322520556083,47.6358633863604,1.0,0.0,
391.0,-122.324095014852,47.62340151779549,3.0,13172552.799998691,16.393645889408177
8583.0,-122.31159071286,47.6068706188206,1.0,0.0,
33159.0,-122.325779743069,47.5721512830011,1.0,0.0,
33163.0,-122.312528222909,47.6079507615036,1.0,0.0,
33165.0,-122.32927932889702,47.60963405253549,1.0,0.0,
16783.0,-122.3236551519062,47.62193881582324,1.0,0.0,
33172.0,-122.314068033071,47.609424198296,1.0,0.0,
8597.0,-122.329397590042,47.630104468558194,3.0,931594.0,13.744652376439165
406.0,-122.328422897506,47.6397373382902,3.0,321618.0,12.681119784869932
24981.0,-122.32426842988734,47.62831564781146,1.0,0.0,
408.0,-122.326508123137,47.6270376156666,3.0,739262.0,13.51340767025122
24984.0,-122.298369210646,47.60620939659726,1.0,0.0,
16791.0,-122.32354462492717,47.60913174694234,9.0,8214471.187301591,15.921407935781028
16792.0,-122.323603967981,47.6091655759771,1.0,0.0,
16793.0,-122.32355936508768,47.60914969735418,1.0,0.0,
16796.0,-122.320943020023,47.6080410012142,3.0,64354.0,11.072154371154577
24983.0,-122.322748158325,47.588135342348,3.0,193018.0,12.170538727786887
8607.0,-122.301913525213,47.6099843720615,3.0,6601080.333333328,15.702743880470106
24992.0,-122.341832223463,47.6221101723449,3.0,385942.0,12.863442378089585
8609.0,-122.296372636242,47.6099751217295,3.0,6965989.666666663,15.756550246511443
8610.0,-122.29560914629602,47.60997673241023,3.0,6973066.999999999,15.757565714646876
33183.0,-122.28862061465566,47.6184843704,1.0,0.0,
16801.0,-122.303923610061,47.5883370015965,3.0,128694.0,11.76519277245085
8611.0,-122.30475343010134,47.59381635429656,1.0,0.0,
422.0,-122.31992961348747,47.6062857109356,3.0,160858.0,11.988277267209066
16806.0,-122.322885311063,47.5819920254738,3.0,265592.0,12.489716575648858
16808.0,-122.29386593822636,47.5996113936332,1.0,0.0,
425.0,-122.31282081762,47.6160969510973,3.0,64354.0,11.072154371154577
426.0,-122.311598803587,47.6084578753186,4.0,169722.16666666602,12.041918065359368
427.0,-122.311598674293,47.6084467905263,1.0,0.0,
8618.0,-122.316053343996,47.5845185001395,4.0,16473319.866663717,16.617252652373313
429.0,-122.303446224514,47.64312361571441,3.0,64354.0,11.072154371154577
8622.0,-122.302356267518,47.6008598994808,1.0,0.0,
8619.0,-122.312454387806,47.5750683053538,3.0,798278.0666665877,13.590212270205194
25005.0,-122.292102015156,47.5755870828277,1.0,0.0,
25009.0,-122.319937856374,47.641023709094,1.0,0.0,
8623.0,-122.3326143178518,47.57368491945758,1.0,0.0,
8627.0,-122.281956424616,47.6346240787876,3.0,64354.0,11.072154371154577
16820.0,-122.279247387516,47.6312172477418,1.0,0.0,
437.0,-122.312123212298,47.5768193417486,4.0,2799564.3142851205,14.844974360997151
439.0,-122.2881763418,47.6250739025794,1.0,0.0,
8636.0,-122.293814329334,47.596624139076,3.0,707106.0,13.46893586291908
8637.0,-122.313339190822,47.6210896352383,3.0,1036548.800000002,13.851407291274034
16831.0,-122.31535645733834,47.57945093419894,1.0,0.0,
25023.0,-122.325188058807,47.5950420289489,3.0,257831.99999999997,12.460063489014487
451.0,-122.305953574317,47.6331601936173,3.0,64354.0,11.072154371154577
33222.0,-122.340291573693,47.6221386878607,1.0,0.0,
8648.0,-122.326083708142,47.581249294109305,3.0,225174.0,12.324628715651741
8649.0,-122.32842183868968,47.63719724094687,1.0,0.0,
25034.0,-122.303808212708,47.60725207661887,1.0,0.0,
25035.0,-122.320989229943,47.6079862540557,1.0,0.0,
460.0,-122.303494602545,47.6196961451505,1.0,0.0,
16847.0,-122.310082049423,47.5847956566899,1.0,0.0,
476.0,-122.319625621374,47.61909085793909,3.0,64354.0,11.072154371154577
33245.0,-122.290742971673,47.5957747545855,1.0,0.0,
479.0,-122.27723843051425,47.63851868635867,4.0,995968.0,13.811470407536547
480.0,-122.32987328769134,47.571748701066205,1.0,0.0,
25060.0,-122.29630929252932,47.61126335774463,1.0,0.0,
8677.0,-122.33507140881868,47.57430893285007,1.0,0.0,
16874.0,-122.293111433828,47.6224441760509,4.0,160864.0,11.988314566492301
491.0,-122.32070887950168,47.63843502885957,1.0,0.0,
492.0,-122.32014794675,47.6384481406603,4.0,96528.0,11.477588400680544
8685.0,-122.33371167438082,47.62309076566944,6.0,353822.0,12.776549240798342
8684.0,-122.33363463777955,47.62333940175418,5.0,128700.0,11.765239393584219
8686.0,-122.3336693333528,47.623084204613406,1.0,0.0,
8683.0,-122.3336002966876,47.6233521391123,1.0,0.0,
16881.0,-122.29143750352432,47.61316970115704,1.0,0.0,
25067.0,-122.298894905325,47.5912589641561,1.0,0.0,
25069.0,-122.31397857583032,47.57167274694806,1.0,0.0,
501.0,-122.32472053747,47.647009371576,3.0,5904419.000000007,15.591211611578967
16885.0,-122.28503744151068,47.60720697784203,1.0,0.0,
16888.0,-122.30393519169,47.5895234404204,3.0,64354.0,11.072154371154577
33272.0,-122.32699988953966,47.6435782904244,1.0,0.0,
33273.0,-122.326476795996,47.6267694457247,1.0,0.0,
16892.0,-122.312794451014,47.6243308111131,1.0,0.0,
508.0,-122.336648345407,47.5736571015378,3.0,193018.0,12.170538727786887
16894.0,-122.314831069448,47.617550705515534,1.0,0.0,
25087.0,-122.30039815498868,47.6399475729611,1.0,0.0,
25088.0,-122.300407248518,47.6402918088503,4.0,193026.0,12.170580173839674
8703.0,-122.318962342995,47.6414134489054,4.0,96528.0,11.477588400680544
518.0,-122.312928119096,47.635923753683,1.0,0.0,
25095.0,-122.293286636848,47.5709233414076,1.0,0.0,
33290.0,-122.297509040023,47.6173708628612,1.0,0.0,
532.0,-122.288480810575,47.596688448752,1.0,0.0,
539.0,-122.298881635684,47.6243431627573,3.0,15365215.666666662,16.54761678967774
33307.0,-122.306099349843,47.5883161280977,1.0,0.0,
25117.0,-122.342219085272,47.6220820364162,3.0,64354.0,11.072154371154577
542.0,-122.310681257922,47.6221268955924,4.0,107857724.06666684,18.49632354684104
8733.0,-122.30889356423,47.6022038964997,3.0,450154.0,13.017345025424056
544.0,-122.322954676738,47.626798378079,1.0,0.0,
8734.0,-122.308896119854,47.601990222056834,1.0,0.0,
25122.0,-122.29597070788468,47.60372644482106,1.0,0.0,
16931.0,-122.317477424977,47.604345856756,3.0,64354.0,11.072154371154577
33309.0,-122.328879778745,47.6118471686157,1.0,0.0,
25126.0,-122.324335984857,47.5778309893779,3.0,901134.6666666667,13.711409988980918
16941.0,-122.316891417896,47.6395806460761,3.0,353758.0,12.776368342524862
558.0,-122.334321568861,47.5904617357938,3.0,385894.0,12.86331799933539
565.0,-122.31608057475168,47.61151026153683,1.0,0.0,
25143.0,-122.299184145505,47.6410111440282,1.0,0.0,
8764.0,-122.320848879279,47.6513031946078,1.0,0.0,
8765.0,-122.292568959508,47.5966248699692,3.0,578682.0,13.268508382879117
33342.0,-122.32844849296698,47.6137886458928,3.0,160858.0,11.988277267209066
16959.0,-122.31948325783868,47.619684709732205,1.0,0.0,
574.0,-122.288809019439,47.5716189329925,3.0,193018.0,12.170538727786887
573.0,-122.288816056465,47.5715005275064,1.0,0.0,
25157.0,-122.321678300181,47.6039556828455,3.0,7719650.999999957,15.859279713725188
25158.0,-122.309517152566,47.57308734972,3.0,64354.0,11.072154371154577
16969.0,-122.311309557654,47.60271403933731,3.0,160858.0,11.988277267209066
16970.0,-122.312811435006,47.6012171628985,1.0,0.0,
33357.0,-122.327191398832,47.6215504992765,1.0,0.0,
16974.0,-122.340308371261,47.62210268654311,3.0,128694.0,11.76519277245085
592.0,-122.29199679212614,47.58484554435779,3.0,64354.0,11.072154371154577
593.0,-122.320224050478,47.6443852388749,1.0,0.0,
595.0,-122.306333475705,47.5895831928139,1.0,0.0,
33364.0,-122.316706977164,47.6146013811854,1.0,0.0,
33366.0,-122.320623609134,47.6090233897901,1.0,0.0,
598.0,-122.317642260664,47.5769234486449,1.0,0.0,
25179.0,-122.32708893329,47.6276368704296,1.0,0.0,
8795.0,-122.30191871011898,47.6202642880747,3.0,64354.0,11.072154371154577
16990.0,-122.303323745715,47.574107791736,3.0,64354.0,11.072154371154577
33375.0,-122.32341613311456,47.60717340626984,3.0,64354.0,11.072154371154577
33376.0,-122.323385791628,47.6072184627702,1.0,0.0,
16991.0,-122.30385716958068,47.574084898924376,1.0,0.0,
16994.0,-122.296180014246,47.6201272603874,3.0,1252594.0,14.040727159025254
613.0,-122.28533609241,47.6418726802825,1.0,0.0,
8809.0,-122.301351823234,47.6402947232948,1.0,0.0,
33386.0,-122.327737827216,47.6206045577207,1.0,0.0,
33385.0,-122.307267817595,47.6181669535234,1.0,0.0,
620.0,-122.28918754377166,47.594900219088096,1.0,0.0,
17005.0,-122.301819401907,47.62631288083457,1.0,0.0,
8810.0,-122.313458152708,47.58632609338681,3.0,257326.0,12.458099042523418
25195.0,-122.28426326974402,47.57520268933745,4.0,160864.0,11.988314566492301
25196.0,-122.284241651331,47.5752009912042,1.0,0.0,
33393.0,-122.32232565755334,47.63898509866559,1.0,0.0,
33394.0,-122.311454609563,47.5883751028957,1.0,0.0,
25203.0,-122.29376198362267,47.587181913074566,1.0,0.0,
17012.0,-122.322043048041,47.6181208274913,1.0,0.0,
33396.0,-122.29856656640868,47.56941000510773,1.0,0.0,
633.0,-122.298658717492,47.6202388341729,3.0,675058.0,13.422553892089171
17018.0,-122.296852579309,47.6025920457302,3.0,64354.0,11.072154371154577
8827.0,-122.313442488009,47.57686322011259,3.0,64354.0,11.072154371154577
25211.0,-122.325853058064,47.582655052972,3.0,154888.66666666663,11.950461858245127
8828.0,-122.334179848098,47.5862602273562,1.0,0.0,
17022.0,-122.3275139754245,47.61042798468635,1.0,0.0,
17023.0,-122.31817117336702,47.6030985567531,1.0,0.0,
8834.0,-122.30546891636898,47.5795393580762,3.0,64714142.114294864,17.985490315405126
25219.0,-122.284136153044,47.5765038453622,1.0,0.0,
17028.0,-122.343125182691,47.6221152162073,1.0,0.0,
8837.0,-122.306250198226,47.6061747206936,3.0,160858.0,11.988277267209066
33414.0,-122.287572631106,47.6230807005541,1.0,0.0,
647.0,-122.295248311398,47.624197700324,4.0,14992257.666666662,16.523044470256796
17032.0,-122.29373480562032,47.62458560980367,1.0,0.0,
17033.0,-122.31416088019364,47.61449572695687,1.0,0.0,
33417.0,-122.31751112618834,47.60813187280123,1.0,0.0,
17034.0,-122.287876595057,47.6224771610136,1.0,0.0,
33420.0,-122.340550937434,47.6219587812399,1.0,0.0,
33416.0,-122.317960801708,47.6081399585887,1.0,0.0,
17030.0,-122.31085602209698,47.612829652647,3.0,3421382.0,15.045555120982222
33424.0,-122.3239559153172,47.62156770574002,1.0,0.0,
25237.0,-122.32602787418732,47.60494295856977,1.0,0.0,
8854.0,-122.307165425487,47.6242884233494,1.0,0.0,
25242.0,-122.303633634424,47.6002355268514,1.0,0.0,
8860.0,-122.3329709377,47.62052087766098,1.0,0.0,
8861.0,-122.33303091541325,47.6204933359639,4.0,321654.0,12.681231712639327
8862.0,-122.33291717849976,47.61936595289817,3.0,64354.0,11.072154371154577
8863.0,-122.332868419065,47.61939378676835,1.0,0.0,
8864.0,-122.318694690558,47.6051308551026,1.0,0.0,
17055.0,-122.308076764018,47.58601433287473,1.0,0.0,
8867.0,-122.32727828506968,47.63682345666347,1.0,0.0,
17059.0,-122.316692775159,47.62226808862897,1.0,0.0,
676.0,-122.311505809062,47.5988237423911,3.0,82724315.49999999,18.231024137334575
17062.0,-122.298574414854,47.5882330381628,1.0,0.0,
675.0,-122.311509430618,47.5991315310879,3.0,83046963.49999993,18.2349168310433
17064.0,-122.312641508325,47.5953800564342,3.0,64354.0,11.072154371154577
8873.0,-122.301403449484,47.60958617895951,3.0,128694.0,11.76519277245085
33450.0,-122.32521140738169,47.646274084389766,1.0,0.0,
17065.0,-122.316668957925,47.6128347664954,3.0,64354.0,11.072154371154577
17066.0,-122.316690210325,47.6130057405438,1.0,0.0,
679.0,-122.289902388144,47.5706770998859,3.0,64354.0,11.072154371154577
686.0,-122.319459610648,47.6040250611942,3.0,64354.0,11.072154371154577
17073.0,-122.31773131271366,47.61997843085957,1.0,0.0,
697.0,-122.29889081851998,47.6062060675854,3.0,64354.0,11.072154371154577
698.0,-122.311502055539,47.598375704081,4.0,82739258.66666667,18.23120475916367
25275.0,-122.282623938789,47.6418880263718,1.0,0.0,
33466.0,-122.31821667545502,47.61323941775417,1.0,0.0,
703.0,-122.279203994183,47.6333196467564,4.0,385914.0,12.863369825696362
704.0,-122.278606153727,47.6333127526619,4.0,289504.0,12.575924392825469
705.0,-122.298801894992,47.5967109816095,4.0,1309083.333333333,14.084837704694076
17091.0,-122.327825450341,47.615709611575,3.0,64354.0,11.072154371154577
17092.0,-122.327782376979,47.6157095483026,1.0,0.0,
25288.0,-122.316681442999,47.6024346961448,3.0,4414564.499999879,15.300419746158225
715.0,-122.29137451856,47.5966779069289,3.0,450194.0,13.017433879955918
17101.0,-122.31272069302068,47.5996184260731,1.0,0.0,
718.0,-122.299925624941,47.6202516863283,4.0,482386.0,13.086499902415106
17103.0,-122.323667378649,47.6029863835456,1.0,0.0,
17105.0,-122.30617927276532,47.589156118507766,1.0,0.0,
25300.0,-122.32514753477402,47.60841780292359,3.0,3507769.587301585,15.070490948247945
17108.0,-122.29296520177267,47.57530722141073,1.0,0.0,
33495.0,-122.313198661682,47.6144271047209,1.0,0.0,
17112.0,-122.313715257251,47.6359452495611,1.0,0.0,
17113.0,-122.313663030078,47.6359368692628,1.0,0.0,
33497.0,-122.315485405827,47.6197111714927,1.0,0.0,
17119.0,-122.292529811208,47.6116882884983,3.0,257342.0,12.458161218528163
17120.0,-122.312454739254,47.595443755431,3.0,69613527.13334359,18.058469461784224
8928.0,-122.323477367008,47.6124781974203,3.0,193018.0,12.170538727786887
33506.0,-122.309084277417,47.5725079688527,1.0,0.0,
17127.0,-122.322167452576,47.6130193375674,3.0,225174.0,12.324628715651741
744.0,-122.322142929393,47.6059560414385,1.0,0.0,
745.0,-122.321991099121,47.6057323569114,3.0,64354.0,11.072154371154577
25323.0,-122.301557118623,47.5855617005272,1.0,0.0,
33518.0,-122.324607854006,47.6162635121914,1.0,0.0,
8942.0,-122.280104808118,47.6344558715612,3.0,1318997.9999999995,14.092382915398074
17136.0,-122.322988053809,47.6550120644342,1.0,0.0,
33522.0,-122.310664921146,47.6015907628899,1.0,0.0,
8947.0,-122.320204728954,47.635945020104295,3.0,64354.0,11.072154371154577
8950.0,-122.311303645187,47.5781867116822,1.0,0.0,
764.0,-122.312125620523,47.6175736324223,3.0,193018.0,12.170538727786887
8957.0,-122.325952412413,47.6225604772586,3.0,128694.0,11.76519277245085
25342.0,-122.3268919085485,47.61678095749655,3.0,321650.0,12.681219276839146
768.0,-122.311608582207,47.6091505155435,4.0,5659075.833333355,15.548771156517885
33537.0,-122.340233580733,47.62196254110063,1.0,0.0,
8962.0,-122.306258758017,47.6079537021627,4.0,96528.0,11.477588400680544
771.0,-122.31539358905802,47.64241359796,3.0,6607326.0,15.703689591402151
17158.0,-122.30105294048734,47.628203026066025,1.0,0.0,
8967.0,-122.303201006356,47.6002539613223,4.0,225184.0,12.324673124766276
33544.0,-122.302752729545,47.5964660646062,1.0,0.0,
8969.0,-122.309039867079,47.6406350754483,3.0,128694.0,11.76519277245085
8970.0,-122.315246359279,47.62313846444364,1.0,0.0,
17163.0,-122.316705418374,47.6214501850053,3.0,5902448.999999997,15.590877907497868
8972.0,-122.322419655295,47.6268119632566,4.0,546592.0,13.211457916437787
781.0,-122.315362753071,47.6125622572175,3.0,3456573.3333333344,15.055788290208747
33548.0,-122.29746478892166,47.6016090117896,1.0,0.0,
33546.0,-122.32672868310804,47.61072649646871,3.0,33104.666666666664,10.407429538335792
33545.0,-122.326699495741,47.61071534340675,1.0,0.0,
33554.0,-122.29850256220202,47.59458803336568,1.0,0.0,
17171.0,-122.293421918373,47.5933512364394,4.0,2244366.0,14.623933633929381
788.0,-122.324026446473,47.6471659033211,3.0,193018.0,12.170538727786887
789.0,-122.323483228685,47.6469789893196,4.0,289488.0,12.575869124358878
8982.0,-122.281391892462,47.6335778222402,3.0,92086.66666666669,11.43048544158584
25363.0,-122.29246146832033,47.57341588652263,1.0,0.0,
8984.0,-122.31727856714366,47.62106424182864,1.0,0.0,
33561.0,-122.2991125896,47.5837278069555,1.0,0.0,
17178.0,-122.30879287844932,47.580578177038895,1.0,0.0,
8986.0,-122.340181616901,47.5804197082295,1.0,0.0,
791.0,-122.338150228445,47.5717521110886,3.0,64354.0,11.072154371154577
33567.0,-122.321599544255,47.5810773337361,1.0,0.0,
33568.0,-122.327628563406,47.6111948162245,4.0,937821.5460318384,13.751314960455634
33569.0,-122.327574060165,47.6111775663229,1.0,0.0,
804.0,-122.30107304496332,47.5829738205789,1.0,0.0,
805.0,-122.30045470056102,47.582985167412495,3.0,64354.0,11.072154371154577
33574.0,-122.308979793495,47.6155784279107,1.0,0.0,
25384.0,-122.337482225007,47.62480486696146,1.0,0.0,
9001.0,-122.309068892879,47.57312999280979,3.0,450496.466666718,13.01810551286263
33582.0,-122.319594845686,47.6149698537309,1.0,0.0,
820.0,-122.30824570730331,47.62520529705663,1.0,0.0,
9016.0,-122.316063512612,47.57605546589431,3.0,193018.0,12.170538727786887
827.0,-122.326534750839,47.62551418531191,3.0,257326.0,12.458099042523418
828.0,-122.326525931297,47.6251442537092,3.0,193018.0,12.170538727786887
9019.0,-122.334969752085,47.5883657557553,1.0,0.0,
9022.0,-122.304420992067,47.6022305423557,1.0,0.0,
830.0,-122.30155646897,47.5844579515321,4.0,96528.0,11.477588400680544
33603.0,-122.29029784785634,47.57837463916794,1.0,0.0,
33605.0,-122.314056752769,47.6241742597957,1.0,0.0,
17227.0,-122.297529202319,47.59880213507097,1.0,0.0,
9039.0,-122.319280359604,47.62424171518454,3.0,107189950.8666668,18.490113060291506
9043.0,-122.327833852519,47.6153821019216,3.0,1220162.0,14.014494194779287
853.0,-122.31670766168,47.6219343668254,4.0,7203379.799999991,15.790060890511413
33622.0,-122.339088572935,47.620412511598,1.0,0.0,
17239.0,-122.3134509177994,47.57301081731022,3.0,160858.0,11.988277267209066
867.0,-122.320594357598,47.65072151791559,3.0,578746.0,13.268618972911613
33637.0,-122.34025078671542,47.6219586225306,3.0,64354.0,11.072154371154577
17253.0,-122.306917661512,47.586299954424,3.0,3467481.323808989,15.058939045088556
25447.0,-122.29700978266732,47.59131956237386,1.0,0.0,
872.0,-122.300943783854,47.6003329058013,1.0,0.0,
873.0,-122.325249295035,47.63452051674741,3.0,1204237.666666666,14.001357282934244
33642.0,-122.339005559345,47.622068845127,1.0,0.0,
25452.0,-122.309376127693,47.6208242417934,1.0,0.0,
876.0,-122.32956258836232,47.61961905285946,1.0,0.0,
17265.0,-122.325525420324,47.6100570118014,1.0,0.0,
9073.0,-122.311435608901,47.5731343734393,3.0,223040.73333331072,12.315109694449315
17271.0,-122.294114695454,47.5836821910194,4.0,5478278.7333333725,15.516301509827853
9083.0,-122.319659500353,47.6190691760235,1.0,0.0,
25468.0,-122.31802895938,47.648176596139,1.0,0.0,
25469.0,-122.32811329446,47.60901399649842,6.0,702804.8730159148,13.462834568987482
25470.0,-122.328088902539,47.6090074393201,1.0,0.0,
25473.0,-122.328925262833,47.5849801020201,3.0,64354.0,11.072154371154577
25477.0,-122.31638682959,47.6468877223528,4.0,96528.0,11.477588400680544
25478.0,-122.31625769751832,47.6468711184217,1.0,0.0,
25479.0,-122.30338196253966,47.6424191531403,1.0,0.0,
17288.0,-122.298864327199,47.624385702813605,3.0,64354.0,11.072154371154577
33674.0,-122.276947216235,47.6372944549001,1.0,0.0,
33676.0,-122.305271313083,47.5993316495505,3.0,64354.0,11.072154371154577
9102.0,-122.3061221413712,47.62316554377366,3.0,64354.0,11.072154371154577
911.0,-122.323572081891,47.6231667242769,3.0,1316098.0,14.090181856179896
25486.0,-122.296356809762,47.6100172062653,3.0,64354.0,11.072154371154577
33683.0,-122.28570152943,47.6272526502859,1.0,0.0,
25491.0,-122.323238118653,47.6046979917567,1.0,0.0,
919.0,-122.32126765441224,47.63697752530312,4.0,96528.0,11.477588400680544
17307.0,-122.303673104079,47.6026165940738,3.0,707216.0,13.469091414484032
9116.0,-122.312809227521,47.58995882488241,3.0,289474.0,12.575820761944755
17309.0,-122.287083022228,47.6016871679876,1.0,0.0,
25503.0,-122.317311792664,47.59907246696449,3.0,4523380.499999895,15.324770170501965
33696.0,-122.30763471384536,47.6403164409004,1.0,0.0,
33697.0,-122.301294454738,47.5972200670628,1.0,0.0,
17311.0,-122.33428887811,47.5925053600318,3.0,257342.0,12.458161218528163
33700.0,-122.308786941716,47.6015875612981,1.0,0.0,
932.0,-122.317296281483,47.6001070806065,3.0,4358212.499999876,15.287572554197395
17320.0,-122.33008777309598,47.60976301993959,4.0,96528.0,11.477588400680544
17321.0,-122.329933903471,47.6103420539826,1.0,0.0,
25514.0,-122.30757038064758,47.60174633815814,3.0,160858.0,11.988277267209066
17322.0,-122.330035146765,47.6097875243388,1.0,0.0,
941.0,-122.325856102175,47.6117044268757,3.0,2306734.0,14.651343229251147
9138.0,-122.312771905743,47.6100651472349,1.0,0.0,
9139.0,-122.317975323308,47.6057037954072,1.0,0.0,
25526.0,-122.305574370835,47.6417748109856,4.0,96528.0,11.477588400680544
950.0,-122.310070515929,47.615556957595096,3.0,2426783.0,14.702077069916134
17336.0,-122.330081353212,47.5754128021042,4.0,894535.0,13.704059309169903
25529.0,-122.337525439002,47.571744098944,3.0,128694.0,11.76519277245085
17340.0,-122.326426406152,47.6098929264379,1.0,0.0,
17341.0,-122.32624703576496,47.60979564361609,4.0,192693.3333333333,12.168855257713357
9150.0,-122.320683420361,47.6181845159829,1.0,0.0,
17343.0,-122.296544378679,47.62332110409411,3.0,128694.0,11.76519277245085
33728.0,-122.330498566939,47.6293861796724,1.0,0.0,
960.0,-122.322315044706,47.604655537331006,3.0,2703951.000000004,14.810224594679026
17342.0,-122.32620321499772,47.6098378151471,1.0,0.0,
33731.0,-122.326478764372,47.6245753016469,1.0,0.0,
17345.0,-122.340167268443,47.5860303186602,3.0,128694.0,11.76519277245085
33733.0,-122.323971512279,47.6047323929441,1.0,0.0,
9158.0,-122.286065299543,47.6140037751778,4.0,160864.0,11.988314566492301
9159.0,-122.28660514569,47.61400314116537,1.0,0.0,
17354.0,-122.331097761574,47.62086906153039,3.0,585398.5333334138,13.280048147827515
9163.0,-122.333143401629,47.57971346151143,1.0,0.0,
974.0,-122.310852582253,47.580918666605406,3.0,420780.0,12.949865410759012
975.0,-122.30626577769868,47.60860560061201,1.0,0.0,
33743.0,-122.330984681361,47.6197493226436,1.0,0.0,
33745.0,-122.32354741971902,47.6051506660778,3.0,32446.66666666666,10.387352994719336
33748.0,-122.324146982172,47.6222090671384,1.0,0.0,
9177.0,-122.324073010972,47.6199248941854,3.0,1572954.0,14.268465938129028
9181.0,-122.283363538737,47.6322418092345,3.0,800280.0,13.592716945414352
9188.0,-122.299932962256,47.6189659327585,4.0,96528.0,11.477588400680544
33765.0,-122.323511641819,47.6042881705853,1.0,0.0,
25574.0,-122.327826450731,47.6130872240777,1.0,0.0,
9190.0,-122.3288501254,47.57364557878301,3.0,257342.0,12.458161218528163
17385.0,-122.30948408254233,47.6193672982252,1.0,0.0,
33770.0,-122.316326695129,47.64563435245457,1.0,0.0,
25579.0,-122.339101522945,47.62335802035905,1.0,0.0,
25580.0,-122.33909201812624,47.62333974023071,3.0,128694.0,11.76519277245085
25581.0,-122.33909971742628,47.62308291583293,3.0,193018.0,12.170538727786887
25582.0,-122.339067279527,47.6230924290295,1.0,0.0,
9199.0,-122.289145037759,47.615164030874006,3.0,1508966.0,14.226935206018348
1008.0,-122.324092975463,47.62454240250984,3.0,120635938.0,18.608287791232655
33772.0,-122.322842839437,47.5799453999772,1.0,0.0,
1010.0,-122.314245024047,47.6200264259507,3.0,128694.0,11.76519277245085
1011.0,-122.314249139381,47.6201920849655,3.0,64354.0,11.072154371154577
33773.0,-122.314787226458,47.6137649843382,1.0,0.0,
33781.0,-122.307312354996,47.5730081010669,1.0,0.0,
9200.0,-122.33672571856,47.57365058784169,3.0,642982.0,13.373872009048764
32765.0,-122.30089495385334,47.640294680220826,1.0,0.0,
25592.0,-122.31827289904632,47.615327794055865,1.0,0.0,
17401.0,-122.324656814871,47.6214203678217,1.0,0.0,
9210.0,-122.309081031931,47.63959671176949,3.0,1817490.0,14.412966986311401
17400.0,-122.302261593885,47.5783573423053,3.0,128694.0,11.76519277245085
33788.0,-122.30253188649831,47.61603193955204,1.0,0.0,
25596.0,-122.30893955547,47.5957391745629,3.0,766127.0,13.54910323132468
9214.0,-122.321259086229,47.6498488957373,3.0,1380954.0,14.138285122640431
9212.0,-122.30227513435966,47.5759368607749,1.0,0.0,
33790.0,-122.317971832262,47.6151963396274,1.0,0.0,
1026.0,-122.297662858023,47.5731114796691,3.0,225174.0,12.324628715651741
33797.0,-122.321340150155,47.648680435607965,1.0,0.0,
25605.0,-122.300062619038,47.6128645003617,3.0,64354.0,11.072154371154577
1031.0,-122.317205546493,47.5914840018933,3.0,15306851.1999974,16.543811076983765
17415.0,-122.303376310615,47.5775737385029,4.0,96528.0,11.477588400680544
9225.0,-122.30865980807732,47.575482032532,1.0,0.0,
9230.0,-122.321816229101,47.61063348523791,3.0,3801334.0,15.150862615723636
9231.0,-122.29862709037302,47.5682021502792,3.0,64094016.847605705,17.975861576623377
25621.0,-122.3080433278156,47.622754110240194,3.0,64354.0,11.072154371154577
25623.0,-122.32386374829764,47.63582266617596,1.0,0.0,
1048.0,-122.305421288427,47.5991912427484,3.0,128694.0,11.76519277245085
9241.0,-122.32201621041,47.6477865499038,3.0,610734.0,13.322416791478428
9244.0,-122.303702606223,47.619693332479,3.0,128694.0,11.76519277245085
9245.0,-122.316160198369,47.6383120532791,3.0,225174.0,12.324628715651741
33821.0,-122.285611018233,47.624589806763,1.0,0.0,
17440.0,-122.325775518541,47.60677198544147,1.0,0.0,
17443.0,-122.317471961554,47.62678692936024,1.0,0.0,
1060.0,-122.30985173181568,47.633395606148206,1.0,0.0,
33827.0,-122.331363447175,47.6197484079967,1.0,0.0,
9254.0,-122.323497562646,47.6201970858483,1.0,0.0,
17446.0,-122.32885388497,47.58496327363613,1.0,0.0,
9253.0,-122.291064171919,47.5706468436919,3.0,64354.0,11.072154371154577
17449.0,-122.286660863809,47.5764757443859,1.0,0.0,
9258.0,-122.294980258191,47.5862750800626,4.0,5716086.400000263,15.558794933383064
1066.0,-122.299325622884,47.5774638413307,3.0,64354.0,11.072154371154577
25644.0,-122.29842462447634,47.5916185675252,1.0,0.0,
25646.0,-122.291543130567,47.6103786621681,3.0,64354.0,11.072154371154577
33840.0,-122.339592220315,47.6233039386637,1.0,0.0,
9264.0,-122.281650580266,47.6334057602627,3.0,347140.6666666667,12.757485356227793
17458.0,-122.322440173554,47.60944136262496,1.0,0.0,
17459.0,-122.32248002418116,47.60939879648993,3.0,64354.0,11.072154371154577
17460.0,-122.322490829719,47.6093943225507,1.0,0.0,
17468.0,-122.290728890681,47.6249733500025,3.0,2656612.0000000005,14.79256218472221
25661.0,-122.324408055758,47.6087639814873,1.0,0.0,
17470.0,-122.320142358649,47.6176853896049,1.0,0.0,
17469.0,-122.319992115841,47.5983934338847,3.0,64354.0,11.072154371154577
9280.0,-122.320239222018,47.6468777573489,3.0,482278.0,13.086275990254082
9281.0,-122.312771535434,47.6091643183801,4.0,5511156.83333332,15.522285110695487
1091.0,-122.27724101296536,47.63872308207901,1.0,0.0,
33868.0,-122.29459984699052,47.5783091016154,3.0,257326.0,12.458099042523418
33871.0,-122.341850872786,47.6221444438655,1.0,0.0,
17488.0,-122.326103061434,47.5736191817966,3.0,64354.0,11.072154371154577
17487.0,-122.29042956775466,47.572536406031496,1.0,0.0,
17490.0,-122.29731577701568,47.6179450854282,1.0,0.0,
1107.0,-122.302787840235,47.5862913956193,3.0,6274530.333333965,15.652009192903469
25691.0,-122.297799089316,47.6026214029633,3.0,128694.0,11.76519277245085
1116.0,-122.319195671535,47.6291035195557,1.0,0.0,
25692.0,-122.31783436387302,47.6242383031827,3.0,107244172.8666668,18.49061878205082
1118.0,-122.326864059238,47.6352205551845,3.0,64354.0,11.072154371154577
9309.0,-122.32347783819098,47.61655243161911,3.0,257342.0,12.458161218528163
33884.0,-122.31688299359432,47.60639501384424,1.0,0.0,
33885.0,-122.321401435655,47.6104550575748,1.0,0.0,
17499.0,-122.306382753193,47.5750473348555,3.0,70762.83333332009,11.16708918892658
9315.0,-122.318512361205,47.6001427227203,1.0,0.0,
33891.0,-122.28398498517,47.5738125429584,1.0,0.0,
9319.0,-122.306232506354,47.60621646619959,3.0,642968.0,13.373850235262845
9321.0,-122.336084836975,47.57442956715371,3.0,848922.0000000001,13.651722588281402
33897.0,-122.337576792017,47.5901291323221,1.0,0.0,
33902.0,-122.314419039028,47.6091266036035,1.0,0.0,
17523.0,-122.33726796301876,47.62078118945483,3.0,128694.0,11.76519277245085
17525.0,-122.317552766792,47.6165175731034,1.0,0.0,
25718.0,-122.312631644181,47.58728104670666,1.0,0.0,
9337.0,-122.324901038638,47.6325888428162,3.0,121271034.0,18.613538549025254
33915.0,-122.321815232926,47.6506582322788,1.0,0.0,
33916.0,-122.29980258768032,47.59968586708323,1.0,0.0,
9340.0,-122.300179178464,47.5791129681147,1.0,0.0,
17534.0,-122.322134954704,47.6164446067034,3.0,64354.0,11.072154371154577
17535.0,-122.322015622788,47.6164322395547,1.0,0.0,
1153.0,-122.314229924867,47.6009224000453,3.0,64354.0,11.072154371154577
17543.0,-122.314559633026,47.61533422068407,1.0,0.0,
25736.0,-122.297598675011,47.5967256425616,3.0,64354.0,11.072154371154577
1161.0,-122.301695731718,47.632229838946,4.0,2977408.0,14.906563681329525
9352.0,-122.339760904945,47.5757654213207,4.0,275135.0,12.52501716528317
1167.0,-122.337557380938,47.5907135809263,1.0,0.0,
33936.0,-122.314366699476,47.6146828944451,1.0,0.0,
33937.0,-122.322289804829,47.6374299761021,1.0,0.0,
1170.0,-122.31799483128938,47.62644857890685,3.0,289474.0,12.575820761944755
1171.0,-122.2913884285184,47.60082344542902,3.0,128694.0,11.76519277245085
17555.0,-122.31933390989498,47.6128781913479,3.0,1201787.0,13.999320173715788
9365.0,-122.301523117186,47.5813503556937,1.0,0.0,
17558.0,-122.32478990182,47.6054148378848,1.0,0.0,
33943.0,-122.321660943845,47.6209798855132,1.0,0.0,
25751.0,-122.316745781997,47.6145563292476,3.0,225186.0,12.324682006352527
1177.0,-122.298958066374,47.604257755497,3.0,1333043.6666666667,14.102975356813856
9370.0,-122.310838317824,47.6128713474964,3.0,128694.0,11.76519277245085
17562.0,-122.31015567082268,47.578674990574136,1.0,0.0,
33944.0,-122.32975794702368,47.59228366804357,1.0,0.0,
9366.0,-122.29736566995102,47.578414534379,3.0,230131.2666666261,12.346405149741472
33954.0,-122.323210888853,47.6087354415323,1.0,0.0,
25764.0,-122.32881536508926,47.61419499637385,4.0,96528.0,11.477588400680544
17576.0,-122.28593003072866,47.61768567519393,1.0,0.0,
9385.0,-122.314018026227,47.5785785800798,3.0,64354.0,11.072154371154577
25771.0,-122.29603032471734,47.57863222430253,1.0,0.0,
9389.0,-122.314106463931,47.6043086308161,3.0,64354.0,11.072154371154577
17581.0,-122.308921607938,47.6141505780534,3.0,64354.0,11.072154371154577
9392.0,-122.29548456001932,47.57575317547293,1.0,0.0,
25781.0,-122.326093964246,47.5743470748341,4.0,160864.0,11.988314566492301
9398.0,-122.322612502808,47.62424468768089,3.0,107446782.8666668,18.492506239856926
9397.0,-122.303327098248,47.58291026575233,1.0,0.0,
25783.0,-122.301489745948,47.58698864192829,3.0,64354.0,11.072154371154577
25782.0,-122.30137844673,47.58733985479836,1.0,0.0,
9405.0,-122.325981925213,47.6226915731291,1.0,0.0,
1213.0,-122.318503504193,47.5983901458346,3.0,6897791.166665652,15.746711797544801
9416.0,-122.31130345079966,47.60385996700567,1.0,0.0,
1228.0,-122.3277599753,47.6397337215028,3.0,128694.0,11.76519277245085
34000.0,-122.324403430319,47.6100401638095,1.0,0.0,
25812.0,-122.31729488411,47.5999404866866,3.0,4370724.499999878,15.290439342803873
34005.0,-122.32849087083,47.5883639846768,1.0,0.0,
1238.0,-122.30143637814668,47.6417546647974,1.0,0.0,
34010.0,-122.32012638717468,47.608145854208736,1.0,0.0,
9435.0,-122.291068322393,47.5705388984135,1.0,0.0,
34012.0,-122.317724574042,47.6139932301488,1.0,0.0,
1245.0,-122.324332505175,47.613800400672,1.0,0.0,
1246.0,-122.323725904714,47.61401351146215,3.0,64354.0,11.072154371154577
25826.0,-122.30979029499,47.5993249214872,1.0,0.0,
34019.0,-122.301201919152,47.599931129386,1.0,0.0,
9443.0,-122.30715647098766,47.57434556956153,1.0,0.0,
1254.0,-122.318042175377,47.616332954253,1.0,0.0,
34023.0,-122.3284152596,47.5963370533309,1.0,0.0,
25834.0,-122.28196386818831,47.6339778281199,1.0,0.0,
25835.0,-122.324623181893,47.6202757888058,1.0,0.0,
34029.0,-122.325736562443,47.6417956578109,1.0,0.0,
34030.0,-122.341772265412,47.6205792798115,1.0,0.0,
34034.0,-122.29497725740198,47.60471877222807,1.0,0.0,
34035.0,-122.302836781927,47.608535647293735,1.0,0.0,
9460.0,-122.307692654593,47.6395938411298,3.0,1368930.0,14.129539970749995
17650.0,-122.340189448469,47.5855502383548,1.0,0.0,
9463.0,-122.324089309947,47.62318044721021,3.0,13232009.799998678,16.398149436874014
9464.0,-122.324084699956,47.6228617959014,3.0,11991506.133332755,16.299709134905584
17660.0,-122.32041107207164,47.61530904345374,1.0,0.0,
1277.0,-122.29873964524602,47.5750414441846,3.0,367756.4857142322,12.815176274512742
9473.0,-122.311617017575,47.6042976132178,3.0,289474.0,12.575820761944755
1282.0,-122.303605342769,47.617044910955386,3.0,64354.0,11.072154371154577
34050.0,-122.301824940442,47.641025099278,1.0,0.0,
1284.0,-122.333212874823,47.5753698428818,1.0,0.0,
1281.0,-122.2966965287924,47.571540748542645,1.0,0.0,
1286.0,-122.308017763104,47.62363667431473,1.0,0.0,
1287.0,-122.31818584951934,47.61213892027249,1.0,0.0,
1289.0,-122.30758079874832,47.61659789950096,1.0,0.0,
9488.0,-122.31460952984,47.5837623363773,4.0,6779668.5333345765,15.729438769832772
9489.0,-122.321255026077,47.57971013645911,3.0,10970200.0,16.210693063625786
1298.0,-122.289857085039,47.5733601122397,3.0,482278.0,13.086275990254082
1300.0,-122.311303306095,47.6034822144049,4.0,83640647.49999985,18.24204017400598
1301.0,-122.309509824242,47.5731297439593,3.0,392935.1333333495,12.881399822096874
1303.0,-122.289606818519,47.6280203144485,3.0,926888.0,13.739588017399711
1304.0,-122.2957917957884,47.60726244426286,1.0,0.0,
17688.0,-122.32327047232,47.6088464813289,3.0,8450014.0,15.949678656136717
1306.0,-122.297558305502,47.6152533866834,3.0,2084548.6666666665,14.550062922956174
9499.0,-122.325993121052,47.6086998682207,1.0,0.0,
9500.0,-122.32596494242404,47.60868354568226,8.0,1146940.8476191624,13.952608823394703
25885.0,-122.276917490095,47.6399528623435,1.0,0.0,
9501.0,-122.3255444766629,47.60825259545528,7.0,3429510.453968251,15.047928084165374
9502.0,-122.32548700894776,47.608274370266805,1.0,0.0,
1311.0,-122.31460494324,47.5845165828693,4.0,6870250.533334598,15.742711131267894
17692.0,-122.312526647785,47.5715481307042,1.0,0.0,
1314.0,-122.290416081494,47.6128322784315,4.0,160864.0,11.988314566492301
1315.0,-122.295011360455,47.5894935874118,3.0,1445022.0,14.183635104326267
25891.0,-122.320654553144,47.60864032309329,3.0,4054854.0,15.215425239951275
34085.0,-122.315576287373,47.6236375527275,1.0,0.0,
34082.0,-122.305247548797,47.5993523459012,1.0,0.0,
9513.0,-122.312667472018,47.5899070790187,1.0,0.0,
17706.0,-122.32353714756567,47.61245926211876,1.0,0.0,
1330.0,-122.3258128597588,47.63866113646982,3.0,1309394.999999999,14.085075756438993
9524.0,-122.277177791148,47.64074563614489,3.0,642838.0,13.37364802746409
1337.0,-122.337670278432,47.5717693900204,1.0,0.0,
17728.0,-122.308207805674,47.6153068084285,3.0,2594367.0,14.768853114190371
1344.0,-122.290346110013,47.6152147169494,3.0,225174.0,12.324628715651741
17731.0,-122.327848946227,47.6158240691288,4.0,578658.0,13.268466908463642
17732.0,-122.32786602889232,47.61583111496,5.0,1092432.0,13.903916961451804
9542.0,-122.316196584616,47.6034790086608,1.0,0.0,
17734.0,-122.301770674191,47.575040022933,3.0,574603.8190475354,13.261436071950653
1355.0,-122.30370918238002,47.6126065721063,3.0,23216090.49999978,16.960356152272173
17740.0,-122.31668110414,47.60768334245379,3.0,5106264.166666614,15.445978611964396
34125.0,-122.331758391119,47.6227170855626,1.0,0.0,
25938.0,-122.328529328925,47.6070400903991,1.0,0.0,
9555.0,-122.3172050259488,47.58659551264402,3.0,14738595.199997602,16.50598013489174
17748.0,-122.291158568063,47.6274382596452,3.0,64354.0,11.072154371154577
34133.0,-122.333455562447,47.5736312652572,1.0,0.0,
25943.0,-122.32911788877134,47.59058498276677,1.0,0.0,
17753.0,-122.32622023367502,47.6090129278939,1.0,0.0,
34138.0,-122.324773549681,47.610530335508,1.0,0.0,
17754.0,-122.32625802692698,47.6089937380572,4.0,64354.0,11.072154371154577
34140.0,-122.327131488959,47.6113834338122,1.0,0.0,
17755.0,-122.32593190202368,47.60869724786393,1.0,0.0,
1375.0,-122.309497390032,47.6171812368628,3.0,64354.0,11.072154371154577
1376.0,-122.30951436523364,47.61756521588374,4.0,160864.0,11.988314566492301
1382.0,-122.329146364109,47.6276935848137,3.0,289494.0,12.575889850391812
9574.0,-122.335181217897,47.5869272380878,3.0,128694.0,11.76519277245085
17769.0,-122.328927724604,47.58073398118571,3.0,289474.0,12.575820761944755
34155.0,-122.324856577174,47.6066035250249,1.0,0.0,
17773.0,-122.294463870659,47.5933555590668,4.0,2626442.0,14.781140636512873
25968.0,-122.335137618244,47.6240611832018,1.0,0.0,
9585.0,-122.322502742066,47.6253272799695,1.0,0.0,
9587.0,-122.300778067745,47.5792554016715,1.0,0.0,
9588.0,-122.309454220586,47.6158192020229,3.0,193018.0,12.170538727786887
1397.0,-122.322103250722,47.6506850815748,3.0,128694.0,11.76519277245085
1398.0,-122.322090547011,47.6506954770198,3.0,64354.0,11.072154371154577
9591.0,-122.30905919191498,47.5750450120587,3.0,282811.36666666955,12.55253540550188
9592.0,-122.308565105911,47.5750453194698,3.0,221631.36666669924,12.3087707701684
17785.0,-122.335039427538,47.5838408715428,3.0,321247.0,12.67996557662656
25978.0,-122.32774887334666,47.64094922813109,1.0,0.0,
17787.0,-122.292973935079,47.5894091720063,1.0,0.0,
34174.0,-122.310698427413,47.5870779111289,1.0,0.0,
1407.0,-122.315617346178,47.6242465941189,4.0,482304.0,13.08632989961587
1413.0,-122.302188474855,47.6403070989786,3.0,106922.0,11.579854875652169
9606.0,-122.32631584367898,47.65558321294029,3.0,125164758.0,18.645141491382756
34183.0,-122.325462564952,47.6337578604526,1.0,0.0,
9607.0,-122.325604345888,47.6557103123649,3.0,125153026.0,18.645047754534968
25989.0,-122.290548362918,47.6050996862732,3.0,64354.0,11.072154371154577
1417.0,-122.30323041717502,47.58831019228873,1.0,0.0,
17799.0,-122.327089659922,47.606653846236,1.0,0.0,
1420.0,-122.32466360898498,47.62272899843404,1.0,0.0,
34189.0,-122.3388874851885,47.620924647316805,1.0,0.0,
17800.0,-122.327227238383,47.6063860099237,1.0,0.0,
17803.0,-122.310710064237,47.5844680251578,4.0,96528.0,11.477588400680544
17807.0,-122.3004024229,47.5844593485245,3.0,610878.0,13.322652545548733
1425.0,-122.297318436957,47.6201914458813,3.0,128694.0,11.76519277245085
34193.0,-122.297566513775,47.6126573889122,1.0,0.0,
26002.0,-122.320914856969,47.6089104799643,1.0,0.0,
26004.0,-122.325032296819,47.5883233695601,3.0,8099383.333333337,15.907298485057261
9621.0,-122.324564892202,47.6423685837745,3.0,2912092.666666665,14.884382510136716
17812.0,-122.299109097613,47.5836034631945,3.0,899526.0,13.709623236902178
1424.0,-122.299344558632,47.57746536923221,1.0,0.0,
9624.0,-122.326448980208,47.6195186569688,1.0,0.0,
17817.0,-122.313999047307,47.6242403506485,3.0,128694.0,11.76519277245085
17818.0,-122.342054159033,47.6208379858158,3.0,64354.0,11.072154371154577
1432.0,-122.30886139161947,47.60794944755114,4.0,12001078.83333341,16.300507106489047
1433.0,-122.308707122886,47.6079580694336,1.0,0.0,
17816.0,-122.31666817543434,47.59156909382386,1.0,0.0,
26015.0,-122.326373322026,47.5862464517318,3.0,108236.0,11.592069307246817
1442.0,-122.324701480866,47.6104524386051,3.0,2657326.0,14.7928309119841
1443.0,-122.307479803725,47.617302449552106,3.0,91156350.00000004,18.32808672204915
1445.0,-122.285304657731,47.641871654130746,4.0,96528.0,11.477588400680544
17830.0,-122.276949102022,47.6385228165319,3.0,128694.0,11.76519277245085
17831.0,-122.27695152529448,47.63850928297455,3.0,64354.0,11.072154371154577
26022.0,-122.3229134874569,47.606738179702326,1.0,0.0,
1449.0,-122.333205366228,47.57958666809301,3.0,1455031.9999999998,14.190538451473032
17835.0,-122.316656824601,47.6126122463687,1.0,0.0,
26028.0,-122.31979772332,47.624259714875,3.0,64354.0,11.072154371154577
34221.0,-122.301446185688,47.6390972699299,1.0,0.0,
1457.0,-122.319157304597,47.632995883195,3.0,321618.0,12.681119784869932
26033.0,-122.323348157291,47.5881361820624,4.0,859440.0,13.664036293340423
26035.0,-122.322819481504,47.6034945171329,3.0,32178.0,10.37903826821098
26036.0,-122.3215938312638,47.60395255032047,1.0,0.0,
26037.0,-122.3227639229558,47.60352280995048,1.0,0.0,
26044.0,-122.324271343309,47.6058126869113,3.0,482278.0,13.086275990254082
9669.0,-122.332395273419,47.6223780317548,1.0,0.0,
1477.0,-122.2892855946474,47.60169646746358,3.0,64354.0,11.072154371154577
34247.0,-122.29780998201,47.6029966711809,1.0,0.0,
17864.0,-122.295885075142,47.6008249306522,4.0,96528.0,11.477588400680544
26056.0,-122.290556701629,47.60475235040064,1.0,0.0,
1479.0,-122.310174905676,47.6062339040512,3.0,8804177.666666701,15.990736901645986
17867.0,-122.28658518458764,47.61291766553877,1.0,0.0,
9674.0,-122.3367083727226,47.583632390295534,3.0,98649.0,11.499323374551944
26061.0,-122.29942317340532,47.60263141624653,1.0,0.0,
34255.0,-122.32549565874866,47.60653926794603,1.0,0.0,
17874.0,-122.310830618243,47.5751271079482,1.0,0.0,
9684.0,-122.322043543163,47.6111586350133,1.0,0.0,
17878.0,-122.30675552367734,47.61971700549217,1.0,0.0,
1495.0,-122.30167051548,47.6352319628117,3.0,3868146.0,15.168285880447938
26072.0,-122.309371027601,47.6204918504503,3.0,64354.0,11.072154371154577
1496.0,-122.32617059775,47.617701237502594,3.0,64354.0,11.072154371154577
9686.0,-122.307371404725,47.6153135791325,4.0,93318331.00000004,18.351527120259757
9687.0,-122.307387542079,47.6150427732489,1.0,0.0,
9696.0,-122.309420995264,47.5829297416536,3.0,4296538.4571429,15.273320246502502
9698.0,-122.31466570515902,47.6360019227306,3.0,128694.0,11.76519277245085
26083.0,-122.32886476721204,47.6118266214471,5.0,64388.66666666665,11.072692913168689
34276.0,-122.31352935885934,47.570185955343504,1.0,0.0,
26084.0,-122.32882143271038,47.6118444720157,1.0,0.0,
17893.0,-122.305411348763,47.61902997319,3.0,64354.0,11.072154371154577
34278.0,-122.32364490814868,47.6396941357144,1.0,0.0,
34279.0,-122.32300490666,47.62051630244133,1.0,0.0,
1512.0,-122.325883544639,47.6359748672184,3.0,64354.0,11.072154371154577
17896.0,-122.313444052212,47.5785743827495,1.0,0.0,
34282.0,-122.288952401689,47.626283386251,1.0,0.0,
34283.0,-122.32953656655866,47.6408006927885,1.0,0.0,
17900.0,-122.28261448397102,47.63638828920983,1.0,0.0,
9709.0,-122.30724391850468,47.59550818020087,1.0,0.0,
1510.0,-122.314059119211,47.6128328530726,4.0,3009378.0,14.917243970852866
1519.0,-122.29774974793736,47.62304568583284,1.0,0.0,
17903.0,-122.29730553273698,47.62198342951209,3.0,64354.0,11.072154371154577
34289.0,-122.307228698993,47.6386151144173,1.0,0.0,
1521.0,-122.326819051222,47.62424902933859,3.0,1994152.733333104,14.505729823026481
34290.0,-122.327478870895,47.6092780332668,1.0,0.0,
1524.0,-122.335788328826,47.6208092411232,4.0,2106664.7999998424,14.560616591378514
17902.0,-122.30828297155034,47.5742387014605,1.0,0.0,
17911.0,-122.325168098162,47.5881439399537,3.0,1239991.3333333333,14.030614948309482
9720.0,-122.285959228112,47.6165033480133,3.0,610734.0,13.322416791478428
1529.0,-122.32519981051934,47.623911121631465,1.0,0.0,
34296.0,-122.327793996834,47.6149194965419,1.0,0.0,
26106.0,-122.32606751561498,47.5891882478613,3.0,41194.0,10.626047893664422
26108.0,-122.31263024327932,47.58811816935489,1.0,0.0,
17919.0,-122.321456748421,47.63631077882184,1.0,0.0,
9731.0,-122.303865620007,47.64030526296839,3.0,1053254.0,13.867394977602862
1540.0,-122.333149960391,47.5754789557539,1.0,0.0,
26118.0,-122.337574065903,47.62584612851702,3.0,128694.0,11.76519277245085
34311.0,-122.302776021268,47.5991887020793,1.0,0.0,
26124.0,-122.31982149556,47.6250729569113,1.0,0.0,
17933.0,-122.296255295035,47.6141280341381,3.0,64354.0,11.072154371154577
17942.0,-122.312827482607,47.619143287669694,3.0,128694.0,11.76519277245085
9750.0,-122.3250921816805,47.610252617604246,3.0,64354.0,11.072154371154577
17944.0,-122.29437026153398,47.5913159598016,3.0,32382.0,10.385357991846698
34332.0,-122.280038670267,47.6324813148136,1.0,0.0,
1565.0,-122.302610801757,47.6002368305744,1.0,0.0,
17948.0,-122.329265345869,47.5686661409805,1.0,0.0,
1564.0,-122.301018267445,47.584694367124,1.0,0.0,
34336.0,-122.315686061063,47.6026072458273,1.0,0.0,
26146.0,-122.29366278925744,47.60744017347789,3.0,64354.0,11.072154371154577
26150.0,-122.27839687395,47.631767353642,1.0,0.0,
17960.0,-122.321366042112,47.6268081588175,4.0,385914.0,12.863369825696362
26153.0,-122.32584222004398,47.5901755938998,3.0,447532.00000000006,13.011503322520333
34344.0,-122.339019343789,47.5878947011956,1.0,0.0,
34349.0,-122.31240386179466,47.64079845447413,1.0,0.0,
17966.0,-122.311883971029,47.6331248146248,3.0,257326.0,12.458099042523418
26158.0,-122.289504512735,47.629502944107,1.0,0.0,
1581.0,-122.283800842997,47.612213675146165,1.0,0.0,
1591.0,-122.333783744536,47.623061399383495,4.0,96528.0,11.477588400680544
26170.0,-122.33934146568386,47.62317782444162,3.0,64354.0,11.072154371154577
1595.0,-122.317852160261,47.6419039742219,3.0,64354.0,11.072154371154577
26172.0,-122.328771666425,47.614190606363,1.0,0.0,
17980.0,-122.33866346462968,47.57366642548849,1.0,0.0,
26176.0,-122.30162210210834,47.5743428542641,1.0,0.0,
17986.0,-122.299897406335,47.5967236199195,4.0,996096.0,13.811598917464115
1604.0,-122.279985938553,47.633306433202,3.0,1827960.0,14.418711148918748
1605.0,-122.279982058493,47.6329191350411,3.0,1889676.0,14.451915943768839
26181.0,-122.299148814016,47.5945412766068,3.0,193018.0,12.170538727786887
17990.0,-122.309248526379,47.57699770713091,3.0,160858.0,11.988277267209066
26182.0,-122.318683642587,47.6141589424998,4.0,160864.0,11.988314566492301
9800.0,-122.33976419143836,47.575278712964696,1.0,0.0,
1610.0,-122.311887710026,47.6313809926334,3.0,128694.0,11.76519277245085
34378.0,-122.303918221421,47.6152090416935,1.0,0.0,
9805.0,-122.325909590225,47.6219021379335,1.0,0.0,
9808.0,-122.295477443737,47.6224591498212,1.0,0.0,
9811.0,-122.303036238725,47.6251649056465,3.0,128694.0,11.76519277245085
9814.0,-122.30792395823669,47.63093891008166,1.0,0.0,
26199.0,-122.316663438865,47.6119422031659,1.0,0.0,
26200.0,-122.316664106262,47.61176798548869,3.0,128694.0,11.76519277245085
34392.0,-122.316848186189,47.599925466258,1.0,0.0,
9821.0,-122.294944797053,47.615233150761,4.0,13717356.000000007,16.434172450320528
26206.0,-122.303794852359,47.64103505492991,3.0,771854.0,13.556550691950644
1630.0,-122.31891178638834,47.62278486455603,1.0,0.0,
26208.0,-122.321323928584,47.6286994727144,4.0,225192.0,12.324708650637996
9825.0,-122.31844096619598,47.6483347133811,3.0,193026.0,12.170580173839674
18017.0,-122.31277972874068,47.60835299556687,1.0,0.0,
1632.0,-122.313858850252,47.587728820045605,3.0,128694.0,11.76519277245085
26207.0,-122.307743573015,47.5723125306986,1.0,0.0,
1637.0,-122.325700291724,47.6329698538896,1.0,0.0,
34406.0,-122.320328284691,47.6322448253967,1.0,0.0,
18022.0,-122.31323137980034,47.6175735498613,1.0,0.0,
18024.0,-122.322303658494,47.6188659885682,5.0,128700.0,11.765239393584219
34408.0,-122.320692112674,47.6178453697536,1.0,0.0,
9830.0,-122.331472444234,47.5713388504772,1.0,0.0,
9835.0,-122.305420644652,47.62680893534141,3.0,1124198.0,13.932580450505654
9836.0,-122.30625548004532,47.6095736213117,1.0,0.0,
1651.0,-122.3072492393266,47.58873787560018,3.0,69644044.80001022,18.058907752740062
1652.0,-122.30757389387666,47.60347926941299,4.0,83712893.4999998,18.24290356780161
26227.0,-122.285322444351,47.5785250343717,3.0,128690.0,11.76516169048771
34422.0,-122.337719182603,47.61961537945066,1.0,0.0,
26231.0,-122.295004960659,47.6213897876396,1.0,0.0,
26230.0,-122.326126931055,47.5948707382291,3.0,193018.0,12.170538727786887
9849.0,-122.312919609822,47.59683594489369,3.0,69804729.80001004,18.061212327614644
34427.0,-122.32721790292634,47.623075515791335,1.0,0.0,
1659.0,-122.32984476107566,47.57174663776983,1.0,0.0,
34428.0,-122.336586021084,47.5737842884562,1.0,0.0,
34430.0,-122.310705423539,47.5861429323006,1.0,0.0,
26241.0,-122.330322536298,47.6092036121542,1.0,0.0,
34434.0,-122.329555876362,47.6301267386464,1.0,0.0,
18051.0,-122.308097815436,47.6026406328133,3.0,64354.0,11.072154371154577
34439.0,-122.31404670444634,47.58188339173444,1.0,0.0,
9864.0,-122.318730731333,47.6431460574077,3.0,6670018.0,15.71313311653884
34441.0,-122.313822090484,47.5952303199755,1.0,0.0,
18058.0,-122.31081367796736,47.57718760949183,1.0,0.0,
34444.0,-122.322288921624,47.6188799867813,1.0,0.0,
9868.0,-122.303654585521,47.6147066438719,3.0,92832649.00000004,18.34630895700258
9870.0,-122.324386144573,47.623058130745,1.0,0.0,
34448.0,-122.335037989889,47.6259898138011,1.0,0.0,
1680.0,-122.321252036003,47.5829394271537,3.0,128694.0,11.76519277245085
1681.0,-122.32082677139964,47.58294930986237,1.0,0.0,
18065.0,-122.29157930966834,47.57276500415924,1.0,0.0,
26266.0,-122.31807307784966,47.63555291616033,1.0,0.0,
1691.0,-122.292077113858,47.5782932484026,4.0,2396488.433333114,14.689515071087019
18076.0,-122.284735728727,47.6322220325867,3.0,64354.0,11.072154371154577
34460.0,-122.317485690862,47.6151688447243,1.0,0.0,
26270.0,-122.32489876099692,47.61231285628067,3.0,128694.0,11.76519277245085
34463.0,-122.286123990013,47.6294604512389,1.0,0.0,
26271.0,-122.32487158365451,47.61234908944393,1.0,0.0,
1697.0,-122.333036941432,47.6207679673392,3.0,302842.5333333229,12.6209682574356
18084.0,-122.32352792280103,47.604262384437895,5.0,161060.6666666667,11.989536384585143
18085.0,-122.3236696373922,47.60420269875341,3.0,64354.0,11.072154371154577
18086.0,-122.32364943432,47.6042035079785,1.0,0.0,
26277.0,-122.325777599368,47.5743318663697,1.0,0.0,
9897.0,-122.330072927892,47.58559096800658,1.0,0.0,
1707.0,-122.316674686434,47.5845194701293,3.0,64354.0,11.072154371154577
1711.0,-122.294722656373,47.623724912100734,1.0,0.0,
1712.0,-122.294898859766,47.6235866946667,4.0,11452741.666666666,16.253739706172148
34481.0,-122.32202089537,47.6167568290751,1.0,0.0,
9904.0,-122.294041227455,47.6250076759592,3.0,3859622.666666667,15.166079981913139
18096.0,-122.27846495677264,47.63506473380121,1.0,0.0,
9906.0,-122.308897304822,47.5974307517777,4.0,1020378.3333333336,13.835684031521158
9909.0,-122.28873529982934,47.61291886828044,1.0,0.0,
1717.0,-122.30230292665856,47.60087968129308,3.0,64354.0,11.072154371154577
18102.0,-122.320099853441,47.6092901242957,3.0,64354.0,11.072154371154577
18103.0,-122.319868087265,47.6092883835341,1.0,0.0,
18106.0,-122.284420913377,47.61765670947991,1.0,0.0,
9915.0,-122.32075994235,47.62680233484624,1.0,0.0,
1724.0,-122.300920846019,47.5845817599239,1.0,0.0,
9919.0,-122.319449429496,47.6210456511477,3.0,1085176.0,13.897252743783323
9920.0,-122.330355095068,47.6269327807265,3.0,64354.0,11.072154371154577
34496.0,-122.29037330612,47.59009430867406,1.0,0.0,
1732.0,-122.300665806592,47.5790907915079,1.0,0.0,
9925.0,-122.331151594855,47.621924485317,3.0,6619505.466666311,15.705531222202293
1734.0,-122.304390836325,47.6058024380923,3.0,64354.0,11.072154371154577
34505.0,-122.32540323833132,47.61389266406507,1.0,0.0,
18123.0,-122.290025345152,47.62112628167646,1.0,0.0,
9932.0,-122.303660890102,47.615344601385,3.0,92900637.00000004,18.347041060595867
9933.0,-122.328934102812,47.5778793460294,4.0,739336.0,13.513507765070855
26315.0,-122.32583857527,47.5799480615298,3.0,216988.66666666663,12.287600403816151
18128.0,-122.30282029827832,47.577561713923565,1.0,0.0,
26321.0,-122.32361634988064,47.62551530622997,1.0,0.0,
34514.0,-122.30720060197,47.64066075542584,1.0,0.0,
1751.0,-122.3207384375255,47.62193229128,3.0,64354.0,11.072154371154577
9949.0,-122.319879168571,47.6220043682149,3.0,64354.0,11.072154371154577
1757.0,-122.301886519879,47.6278162272593,1.0,0.0,
34526.0,-122.29815162632968,47.60794938012421,1.0,0.0,
1759.0,-122.317948401197,47.5899378865385,3.0,128694.0,11.76519277245085
9953.0,-122.290966676458,47.61038284939257,1.0,0.0,
1762.0,-122.345164203691,47.6219274104283,1.0,0.0,
26339.0,-122.302663828652,47.61466294686025,3.0,64354.0,11.072154371154577
9954.0,-122.32497007549,47.6107481776866,3.0,2594218.0,14.768795680419876
34533.0,-122.337904947028,47.6244482338166,1.0,0.0,
18141.0,-122.321251102947,47.586934942988,3.0,64354.0,11.072154371154577
9961.0,-122.340261991576,47.5858650296807,1.0,0.0,
9963.0,-122.32340776942296,47.60917297402965,1.0,0.0,
9964.0,-122.32346069143404,47.609146232969785,5.0,2239625.84444432,14.621819376149322
9965.0,-122.323183214679,47.60874132895405,6.0,1629393.0666669025,14.303718151704727
26348.0,-122.32693310628022,47.6064258222836,1.0,0.0,
34543.0,-122.300403820044,47.5993725771879,1.0,0.0,
18159.0,-122.3274643852,47.5883448092471,3.0,5902720.0,15.590923819589436
34539.0,-122.330100571989,47.59265562619674,1.0,0.0,
34540.0,-122.330101688285,47.5926798662283,1.0,0.0,
1779.0,-122.32393316813176,47.62005980167648,3.0,385936.0,12.863426831591305
1780.0,-122.3239356557255,47.62004547830225,3.0,225174.0,12.324628715651741
1782.0,-122.319680028824,47.6203544152769,1.0,0.0,
26358.0,-122.3403166538,47.6209002385961,1.0,0.0,
9975.0,-122.288260537132,47.6079057213706,3.0,707034.0,13.468834034245736
1784.0,-122.30137089727698,47.6123269230773,3.0,193018.0,12.170538727786887
34553.0,-122.321190684296,47.5857739361694,1.0,0.0,
34558.0,-122.338320785374,47.6249042293673,3.0,64354.0,11.072154371154577
18175.0,-122.308649029859,47.6323957443466,1.0,0.0,
9985.0,-122.296219902178,47.6213947892709,4.0,96528.0,11.477588400680544
18178.0,-122.323750671601,47.6094150259714,3.0,8387778.0,15.942286204273163
34561.0,-122.330112892491,47.5738349953977,1.0,0.0,
1806.0,-122.317428663928,47.5760831277475,3.0,64354.0,11.072154371154577
34579.0,-122.323731100983,47.6093516306371,1.0,0.0,
1811.0,-122.31771329202942,47.60007156496401,3.0,64354.0,11.072154371154577
18195.0,-122.306933467481,47.58329786909017,1.0,0.0,
1816.0,-122.322347742755,47.6203898460836,1.0,0.0,
1819.0,-122.31282461978,47.618101950380925,1.0,0.0,
10012.0,-122.316667956957,47.62400772731717,1.0,0.0,
10013.0,-122.316636884553,47.6242733730497,3.0,257326.0,12.458099042523418
10014.0,-122.310182341366,47.60489785445887,1.0,0.0,
1823.0,-122.307247904695,47.5880772391121,3.0,69619352.80001022,18.058553144125245
1822.0,-122.3072507481,47.5878060498171,3.0,69530392.80001035,18.05727452141938
1827.0,-122.325797801489,47.6431335903273,3.0,5841062.333333329,15.580423244654142
1828.0,-122.325264509907,47.6431370285999,3.0,4514286.666666666,15.32275774047227
18211.0,-122.325832757917,47.5778377611619,4.0,848218.6666666667,13.650893743168663
10021.0,-122.336671808196,47.58667204263569,3.0,197747.0,12.194743714844787
18217.0,-122.2937827605804,47.622444045450905,3.0,64354.0,11.072154371154577
18218.0,-122.316063866202,47.58296262847781,3.0,11495128.0,16.25743385139363
1838.0,-122.32714709227768,47.6427380434768,1.0,0.0,
10031.0,-122.325323508191,47.6407975274067,1.0,0.0,
18224.0,-122.302877485866,47.6322016510099,1.0,0.0,
18222.0,-122.296686145958,47.6277513422087,1.0,0.0,
34609.0,-122.28494985686666,47.6110696533037,1.0,0.0,
26419.0,-122.290262856606,47.5945615749228,4.0,96528.0,11.477588400680544
1844.0,-122.32982037158,47.6185664738031,3.0,64354.0,11.072154371154577
10038.0,-122.319544391462,47.5983933967903,4.0,6881107.333332514,15.744290146570812
18231.0,-122.313616094787,47.6215675862357,3.0,1062106.133333335,13.875764413015991
26427.0,-122.297360029812,47.600829725864095,1.0,0.0,
1852.0,-122.299008583839,47.6008244973531,4.0,704080.9999999999,13.464648685339833
1853.0,-122.285372463172,47.6233102622359,3.0,225174.0,12.324628715651741
34621.0,-122.30132702354668,47.60955359207776,1.0,0.0,
1854.0,-122.285388906873,47.623318146169495,3.0,160858.0,11.988277267209066
10043.0,-122.302047095384,47.58832178841581,3.0,257326.0,12.458099042523418
1858.0,-122.31819162124502,47.61235236972269,3.0,64354.0,11.072154371154577
1859.0,-122.3181970311934,47.61256756811333,3.0,1105673.0,13.915964757312205
1861.0,-122.32773166202,47.63931881601949,3.0,64354.0,11.072154371154577
1862.0,-122.32102039053288,47.625048684886856,3.0,64354.0,11.072154371154577
34632.0,-122.340269433975,47.6219578127321,1.0,0.0,
18248.0,-122.31738905138953,47.60263101556943,5.0,128700.0,11.765239393584219
10058.0,-122.3140670199446,47.60916499744408,3.0,5451430.833333314,15.511388670408593
10060.0,-122.30827275258734,47.57231252151424,1.0,0.0,
1870.0,-122.29139813484714,47.58939463931843,3.0,450154.0,13.017345025424056
1871.0,-122.291363400669,47.587645806165895,3.0,385894.0,12.86331799933539
10064.0,-122.313151743936,47.6195833047779,1.0,0.0,
1875.0,-122.31273138839532,47.62141695415753,1.0,0.0,
1880.0,-122.294988499291,47.6117136231499,4.0,10560500.666666668,16.172631246734657
18265.0,-122.277204108059,47.6356489684215,1.0,0.0,
34655.0,-122.337865725729,47.6194221112467,1.0,0.0,
10081.0,-122.314715515455,47.6062560781294,3.0,8748306.33333337,15.984370677693516
26466.0,-122.287204980215,47.6096396880601,1.0,0.0,
18273.0,-122.30512427485034,47.59214779724127,1.0,0.0,
34658.0,-122.33105746434,47.6195001576854,1.0,0.0,
1894.0,-122.285343753862,47.6411723818932,1.0,0.0,
34662.0,-122.324709970521,47.6046586168442,1.0,0.0,
18279.0,-122.304299831739,47.6128460791181,3.0,85928587.49999951,18.26902713135609
34665.0,-122.323649991635,47.6042229688408,1.0,0.0,
26474.0,-122.325351581888,47.5817553106333,1.0,0.0,
1902.0,-122.3013237855756,47.61651563893948,3.0,289474.0,12.575820761944755
26479.0,-122.3316889559514,47.62182456087457,1.0,0.0,
26480.0,-122.3317447229585,47.62179863380747,3.0,64354.0,11.072154371154577
34673.0,-122.316397637592,47.6468098214614,1.0,0.0,
10098.0,-122.326533006452,47.62581746298,3.0,418074.0,12.943413729331137
18291.0,-122.3330535205726,47.6218734813156,1.0,0.0,
34671.0,-122.314834000402,47.6093092383762,1.0,0.0,
26482.0,-122.326094717875,47.5862456534752,4.0,394052.0,12.884238159266948
34679.0,-122.317407366312,47.6032709908853,1.0,0.0,
1913.0,-122.335113384831,47.5959371640284,1.0,0.0,
18298.0,-122.317002662847,47.5999622060936,3.0,64354.0,11.072154371154577
26492.0,-122.292549102615,47.6116468723824,3.0,64354.0,11.072154371154577
1916.0,-122.291395474702,47.59750975521316,1.0,0.0,
18304.0,-122.329401880621,47.6185657023204,1.0,0.0,
26497.0,-122.312700348311,47.6237416644486,1.0,0.0,
26502.0,-122.294985662893,47.6189362453434,1.0,0.0,
1931.0,-122.314629596769,47.5809662829149,4.0,2839620.590476558,14.859181006310175
34700.0,-122.332855248139,47.6191694796943,1.0,0.0,
1933.0,-122.286098876497,47.62299961419131,5.0,418068.0,12.943399377701867
10123.0,-122.29768487712242,47.57759000179198,3.0,128694.0,11.76519277245085
34704.0,-122.324892872768,47.5949052311575,1.0,0.0,
26515.0,-122.31794547775064,47.58429527009,1.0,0.0,
1944.0,-122.30617061085302,47.61748070700569,3.0,160858.0,11.988277267209066
18331.0,-122.32360368606936,47.6075451798862,1.0,0.0,
34716.0,-122.322160237018,47.6164584159006,3.0,64354.0,11.072154371154577
10142.0,-122.295032702889,47.6008207002444,4.0,6200484.333333334,15.640137965243817
26529.0,-122.325850732232,47.5743495032113,4.0,353776.0,12.776419223471937
26532.0,-122.331606433539,47.6247007146702,1.0,0.0,
26533.0,-122.341743805667,47.6205700072418,4.0,771258.0,13.555778226919413
10150.0,-122.31195935198302,47.62478981846703,1.0,0.0,
26535.0,-122.324608957521,47.58814743791479,3.0,2157971.333333334,14.584679140807136
1960.0,-122.333189357644,47.5860287367456,4.0,4120255.0,15.231425612614288
26536.0,-122.32741019698298,47.6102551731609,1.0,0.0,
18345.0,-122.28333494990534,47.63606415029776,1.0,0.0,
26538.0,-122.333923832446,47.6243925279641,6.0,1060366.0,13.874124689510655
26539.0,-122.335544249831,47.6208501464575,1.0,0.0,
26540.0,-122.33558613327044,47.62086246151728,5.0,128700.0,11.765239393584219
26541.0,-122.334901340325,47.6208184255616,1.0,0.0,
10158.0,-122.291542837581,47.593934306104,1.0,0.0,
26537.0,-122.326912933238,47.6096893762132,1.0,0.0,
10152.0,-122.314613769599,47.5829504712459,3.0,6597650.123810406,15.7022241017518
18353.0,-122.313449430816,47.58449407418224,1.0,0.0,
34738.0,-122.333182542424,47.59382171919634,3.0,64354.0,11.072154371154577
18355.0,-122.304516034522,47.6182603317748,3.0,321642.0,12.681194404774827
26550.0,-122.30048562733698,47.6387236937016,3.0,64354.0,11.072154371154577
1974.0,-122.308844429429,47.6091420114609,4.0,17629359.83333377,16.68507624250286
1975.0,-122.308853956383,47.6094779878313,1.0,0.0,
34742.0,-122.314685716565,47.5990747299976,1.0,0.0,
18361.0,-122.317198673888,47.5928098898699,3.0,15345066.266664052,16.54630456447983
10170.0,-122.32193154097516,47.61156895472487,3.0,64354.0,11.072154371154577
10172.0,-122.302169594546,47.6165216766028,1.0,0.0,
10169.0,-122.328575671565,47.5963768593198,4.0,193026.0,12.170580173839674
10176.0,-122.32066784795131,47.6095073320996,1.0,0.0,
1991.0,-122.317917644468,47.6372084736275,4.0,1444798.0,14.18348007736926
26568.0,-122.32864513100732,47.59621989948883,1.0,0.0,
18378.0,-122.31082603656098,47.6143630994058,3.0,64354.0,11.072154371154577
18381.0,-122.31986507300869,47.62286707116553,1.0,0.0,
10191.0,-122.322224267104,47.6175951006691,3.0,64354.0,11.072154371154577
26581.0,-122.321102818585,47.61006915943,1.0,0.0,
18390.0,-122.31817838405,47.6051543780763,3.0,482362.0,13.08645014848972
18391.0,-122.3305313995282,47.624489968556745,3.0,128694.0,11.76519277245085
10201.0,-122.304312193481,47.5851479710928,3.0,64354.0,11.072154371154577
2017.0,-122.291044994931,47.572043193989664,1.0,0.0,
18402.0,-122.30664798927567,47.62517707984989,1.0,0.0,
2019.0,-122.302239176804,47.57839829011599,3.0,529353.3333332185,13.179411414782432
2025.0,-122.324138959151,47.6241208481001,3.0,64354.0,11.072154371154577
10218.0,-122.293695676328,47.6093318587318,3.0,732174.0,13.503773469614144
18413.0,-122.308034503703,47.6220642097426,3.0,128694.0,11.76519277245085
2029.0,-122.307363751568,47.6156779157256,3.0,91110098.6666667,18.32757920862949
34799.0,-122.32127717175034,47.63802345778617,1.0,0.0,
2032.0,-122.322995875141,47.6236863577387,1.0,0.0,
10226.0,-122.31662866371867,47.60164171707751,1.0,0.0,
18421.0,-122.31425975251598,47.620859042047,1.0,0.0,
2042.0,-122.292919701129,47.57968773387,3.0,64354.0,11.072154371154577
34817.0,-122.29686674687066,47.6019505393456,1.0,0.0,
10242.0,-122.304153840742,47.62717930459599,1.0,0.0,
10244.0,-122.310795700075,47.6184679674792,3.0,64354.0,11.072154371154577
2059.0,-122.301235907742,47.5965283024162,3.0,514488.0,13.150927510369081
10252.0,-122.334652065132,47.6248871381533,1.0,0.0,
18444.0,-122.27777184926236,47.63847643568637,1.0,0.0,
34831.0,-122.311451159347,47.5970226079068,1.0,0.0,
26640.0,-122.325982320112,47.608700912644,1.0,0.0,
10257.0,-122.323004835536,47.6219678317832,3.0,7231251.7999999905,15.793922718843712
26641.0,-122.325851675404,47.6086094092641,1.0,0.0,
26645.0,-122.300948428061,47.63873762113037,1.0,0.0,
34848.0,-122.342178790499,47.6255166568715,1.0,0.0,
34855.0,-122.30422153133,47.6003366336859,1.0,0.0,
2088.0,-122.3158463100894,47.59628398697904,3.0,64354.0,11.072154371154577
18474.0,-122.293343404153,47.59581944751773,1.0,0.0,
26668.0,-122.334895369343,47.6257373310514,3.0,193018.0,12.170538727786887
10284.0,-122.2929330028,47.5770972419954,1.0,0.0,
26670.0,-122.31699602944302,47.6445277702606,3.0,128694.0,11.76519277245085
18484.0,-122.325243474598,47.6231738056873,4.0,578746.0,13.268618972911613
34880.0,-122.327474743721,47.5713377159299,1.0,0.0,
18499.0,-122.33174493735493,47.620622860178365,4.0,160864.0,11.988314566492301
18500.0,-122.33168140558432,47.62065066023023,1.0,0.0,
2122.0,-122.301234492123,47.59673639923741,3.0,642902.0,13.373747581028656
5307.0,-122.320658217692,47.6118738838434,3.0,64354.0,11.072154371154577
10321.0,-122.29762250105,47.6099760475312,3.0,6966174.333333328,15.756576755913239
2131.0,-122.279660763911,47.64075860832529,3.0,450154.0,13.017345025424056
26708.0,-122.32361795991166,47.628077423851664,1.0,0.0,
2133.0,-122.28409385059268,47.62685768831204,1.0,0.0,
2132.0,-122.280226216689,47.6407539738515,3.0,385894.0,12.86331799933539
2135.0,-122.322091599227,47.6243702201442,4.0,96528.0,11.477588400680544
2134.0,-122.3349425736684,47.596313927095935,3.0,64354.0,11.072154371154577
34905.0,-122.338335299711,47.6248946581374,1.0,0.0,
2144.0,-122.300610418487,47.5791029693407,3.0,64354.0,11.072154371154577
34914.0,-122.339876309466,47.624307454781,1.0,0.0,
2151.0,-122.326852361824,47.6335562281641,3.0,1059826.0,13.873615301670613
10343.0,-122.3228104404796,47.60838299862978,3.0,64354.0,11.072154371154577
18537.0,-122.327766774567,47.6073364657631,1.0,0.0,
18538.0,-122.328345832434,47.60709642980149,4.0,96528.0,11.477588400680544
2155.0,-122.32519203440133,47.62271650670877,1.0,0.0,
34934.0,-122.289415086192,47.624950578414136,1.0,0.0,
26744.0,-122.298889542326,47.592015333714606,3.0,64354.0,11.072154371154577
34937.0,-122.341745371331,47.6214320011442,1.0,0.0,
26747.0,-122.301409477133,47.60906169318739,3.0,64354.0,11.072154371154577
10366.0,-122.290412967637,47.61207481425557,1.0,0.0,
18559.0,-122.325433543839,47.6130166957167,3.0,225186.0,12.324682006352527
2174.0,-122.310758854129,47.5788128958901,3.0,48552.66666666666,10.79040439840401
18562.0,-122.326473289407,47.5950083073271,1.0,0.0,
26755.0,-122.324385095661,47.6141873284475,1.0,0.0,
10378.0,-122.310300272171,47.6091494828782,4.0,5718817.00000001,15.559272523784335
10382.0,-122.325954748369,47.62254596139522,3.0,64354.0,11.072154371154577
18579.0,-122.307391476168,47.6265343525682,1.0,0.0,
10388.0,-122.304677240419,47.6231582214024,3.0,193018.0,12.170538727786887
26773.0,-122.32409252128734,47.63696290112566,1.0,0.0,
10387.0,-122.3189346506124,47.62395553511622,1.0,0.0,
18580.0,-122.326797582838,47.609573800050896,7.0,861680.5142859009,13.666639847865413
18581.0,-122.32678485804148,47.609635048747805,1.0,0.0,
34969.0,-122.308222421024,47.61125888199784,1.0,0.0,
18585.0,-122.308832930282,47.599776829151,1.0,0.0,
2202.0,-122.317227226667,47.5863217259452,3.0,14713867.199997604,16.504300954015484
10396.0,-122.320131951459,47.641903372844,1.0,0.0,
2205.0,-122.280288190237,47.6347871221546,1.0,0.0,
26784.0,-122.302137132776,47.5951713984571,1.0,0.0,
34978.0,-122.337604406091,47.6208839209645,1.0,0.0,
10404.0,-122.316737476187,47.6253225346973,3.0,193018.0,12.170538727786887
10405.0,-122.31625473971036,47.62535089045067,1.0,0.0,
2214.0,-122.304448528074,47.6417678998323,1.0,0.0,
34981.0,-122.339102776643,47.623320103321966,1.0,0.0,
10408.0,-122.312135678211,47.5863260022922,4.0,3102103.990475797,14.947591145843303
34985.0,-122.336788902364,47.6244248196981,1.0,0.0,
2215.0,-122.320598832814,47.6117803582017,1.0,0.0,
10411.0,-122.334412205662,47.5755238209941,1.0,0.0,
34993.0,-122.290301275751,47.58424854987967,1.0,0.0,
34995.0,-122.32186897355166,47.651697401534136,1.0,0.0,
18612.0,-122.304832483672,47.6184555250286,3.0,514478.0,13.150908073380881
10421.0,-122.31566024096,47.6214442624756,3.0,610734.0,13.322416791478428
34996.0,-122.32201581469,47.61644408469,1.0,0.0,
34999.0,-122.325198959213,47.6248184147146,1.0,0.0,
18613.0,-122.317108110698,47.5974418761322,4.0,17548995.73333189,16.68050728306687
26803.0,-122.28628052933966,47.5792310447654,1.0,0.0,
10428.0,-122.287157656308,47.590577953829,1.0,0.0,
2237.0,-122.294222233601,47.5784118452037,4.0,3349065.9333327883,15.024192039051279
35007.0,-122.334594398883,47.625615808652,1.0,0.0,
10435.0,-122.308650845622,47.6323559301325,3.0,707034.0,13.468834034245736
10436.0,-122.291307884491,47.5716175847234,1.0,0.0,
2246.0,-122.314061849653,47.6104221458469,4.0,3326351.3333333344,15.017386565547563
2248.0,-122.314588527086,47.58629770297531,3.0,128694.0,11.76519277245085
18633.0,-122.305112273373,47.60210008251773,1.0,0.0,
35021.0,-122.282595148007,47.6281264559721,1.0,0.0,
2254.0,-122.319088094281,47.6350803767432,3.0,385894.0,12.86331799933539
35023.0,-122.302543028976,47.621993274517,1.0,0.0,
18641.0,-122.297744138136,47.6251093024119,1.0,0.0,
2259.0,-122.326513832876,47.621954863066,3.0,8459617.266667401,15.950814490212387
35027.0,-122.315684222322,47.5883463523196,1.0,0.0,
35030.0,-122.28799114928886,47.587627117369735,3.0,160858.0,11.988277267209066
35032.0,-122.316473785418,47.6470194060504,1.0,0.0,
35033.0,-122.308057830899,47.6025983578345,1.0,0.0,
18654.0,-122.324599089592,47.6062088394928,3.0,64354.0,11.072154371154577
18655.0,-122.32439646365766,47.60600135824144,1.0,0.0,
10465.0,-122.3175663566122,47.64736161089044,3.0,64354.0,11.072154371154577
2274.0,-122.309232646799,47.6310208102172,1.0,0.0,
10466.0,-122.32428440053,47.6272908978101,3.0,193018.0,12.170538727786887
26854.0,-122.28773188320234,47.59512371813833,1.0,0.0,
10480.0,-122.3304719643485,47.6209612818635,3.0,648084.5333333635,13.381776419501145
26865.0,-122.315688071095,47.6027207115088,3.0,64354.0,11.072154371154577
10481.0,-122.319548008972,47.6130493878096,6.0,708366.0,13.470716188256217
2291.0,-122.314116711437,47.6157923673883,1.0,0.0,
10483.0,-122.324058477654,47.6106915848226,3.0,3072864.0,14.938120583706333
35059.0,-122.320125094787,47.6157140736041,1.0,0.0,
35064.0,-122.323894456075,47.6205484244949,1.0,0.0,
18680.0,-122.303699030231,47.6050598200583,1.0,0.0,
2297.0,-122.28997090765202,47.5783059149107,4.0,707074.0,13.468890607011057
2298.0,-122.2899570074805,47.57831550287611,3.0,610734.0,13.322416791478428
2303.0,-122.296660871507,47.62508743845981,3.0,15474019.666666662,16.554673025039847
2308.0,-122.30221986339602,47.64239842148671,3.0,289494.0,12.575889850391812
10500.0,-122.303847933654,47.6417623946169,4.0,160864.0,11.988314566492301
35076.0,-122.33776576521068,47.61964231875777,1.0,0.0,
26887.0,-122.326653119053,47.61890530816461,3.0,160858.0,11.988277267209066
18697.0,-122.292145710241,47.5735198494751,3.0,64354.0,11.072154371154577
35083.0,-122.321235119428,47.6369769900098,1.0,0.0,
35085.0,-122.317957617092,47.5889258356847,1.0,0.0,
10514.0,-122.344410352935,47.571732744618,1.0,0.0,
18715.0,-122.292462441726,47.5890366674921,3.0,578682.0,13.268508382879117
26909.0,-122.327276601954,47.5743481081114,1.0,0.0,
2335.0,-122.329013838629,47.6290679663787,1.0,0.0,
35103.0,-122.328474056111,47.6296078305964,1.0,0.0,
18720.0,-122.328935527463,47.5840644678296,4.0,160864.0,11.988314566492301
10527.0,-122.33360216724002,47.573662398013504,3.0,64354.0,11.072154371154577
2340.0,-122.335196196082,47.5884600064554,3.0,64354.0,11.072154371154577
35111.0,-122.333101003809,47.6195426123073,1.0,0.0,
18728.0,-122.311456293467,47.58097150275106,1.0,0.0,
18729.0,-122.310790366261,47.5809301659197,3.0,64354.0,11.072154371154577
10536.0,-122.292576463068,47.5747614864826,3.0,1540462.0,14.24759292939881
35117.0,-122.337562886481,47.5900975814422,1.0,0.0,
10544.0,-122.314198037716,47.61715628581387,1.0,0.0,
35123.0,-122.305135337175,47.6431262360998,1.0,0.0,
18740.0,-122.296346222348,47.5850006238097,1.0,0.0,
26940.0,-122.316683013624,47.6097284403694,3.0,257326.0,12.458099042523418
35134.0,-122.29983180897334,47.59884574756623,1.0,0.0,
10560.0,-122.31892397094002,47.621994325756,3.0,64354.0,11.072154371154577
2369.0,-122.31749451183,47.6163370603405,1.0,0.0,
10562.0,-122.318002937051,47.626039651357,3.0,353758.0,12.776368342524862
35146.0,-122.297817573681,47.60190088199507,1.0,0.0,
18762.0,-122.31036138149,47.5933300530402,3.0,64354.0,11.072154371154577
26959.0,-122.307986321954,47.5751685862874,1.0,0.0,
35154.0,-122.337329409212,47.6191113371582,1.0,0.0,
18774.0,-122.335042771983,47.5863605096656,1.0,0.0,
26967.0,-122.308979156015,47.6156788601791,1.0,0.0,
35160.0,-122.321943291241,47.6129752305618,4.0,96528.0,11.477588400680544
2394.0,-122.321253902284,47.5790192661672,3.0,64354.0,11.072154371154577
10590.0,-122.29446534861,47.6247254044142,3.0,3519172.0,15.073736292631278
10592.0,-122.311673441982,47.6082814255741,1.0,0.0,
35169.0,-122.322987787859,47.6550313363864,1.0,0.0,
26980.0,-122.337380506688,47.6219904315597,3.0,1855416.0,14.433619487641543
18793.0,-122.32622366173,47.61342404224633,1.0,0.0,
2410.0,-122.30724118002,47.6241681322725,3.0,64354.0,11.072154371154577
18794.0,-122.31210681406766,47.61817441618541,1.0,0.0,
10604.0,-122.293710799941,47.6141584709551,3.0,385926.0,12.863400920223727
35183.0,-122.325424681369,47.6073295403493,1.0,0.0,
10608.0,-122.331261386312,47.62423453624459,3.0,1187994.0,13.987776728386923
35184.0,-122.325455279541,47.6072996698968,3.0,32178.0,10.37903826821098
35185.0,-122.325973254591,47.6071229037784,1.0,0.0,
26992.0,-122.3089211731074,47.613498471637214,3.0,128694.0,11.76519277245085
2421.0,-122.32304136561432,47.62164459652467,1.0,0.0,
10616.0,-122.305396066535,47.6231631546735,3.0,128694.0,11.76519277245085
35193.0,-122.327665056994,47.6063817648274,1.0,0.0,
18811.0,-122.327453873373,47.579702503188,4.0,9710597.333333336,16.088728355711474
2429.0,-122.299267851914,47.632194231124494,3.0,64354.0,11.072154371154577
2430.0,-122.299212248562,47.6321154426216,1.0,0.0,
10622.0,-122.32285481442598,47.6558422194403,3.0,125094126.0,18.644577019898296
2431.0,-122.299124872214,47.6319916298384,1.0,0.0,
10625.0,-122.317953729073,47.6395856032561,3.0,964032.0,13.778879768062486
27006.0,-122.320640924256,47.603479145937705,3.0,4561126.0,15.333080080832978
35206.0,-122.32726253471732,47.6445496378124,1.0,0.0,
27015.0,-122.30231758714768,47.58445729620926,1.0,0.0,
10632.0,-122.326722848477,47.6257368926279,1.0,0.0,
35209.0,-122.29519791893732,47.57829877932373,1.0,0.0,
27018.0,-122.297591353785,47.6106132745945,1.0,0.0,
35211.0,-122.29603081573084,47.602144746657245,3.0,64354.0,11.072154371154577
2444.0,-122.327776529308,47.6396912630502,3.0,118374576.99999993,18.58936453607448
2445.0,-122.30287107867998,47.63232031817879,3.0,2498026.0,14.731011377940154
35215.0,-122.330068804429,47.6097844257949,1.0,0.0,
10640.0,-122.303629723225,47.62436897643951,3.0,15635131.666666662,16.565030970115668
2447.0,-122.32407331906929,47.61071793186581,6.0,353806.0,12.776504019297771
27026.0,-122.288411349724,47.5957723927232,1.0,0.0,
27027.0,-122.292593827221,47.6103280770036,1.0,0.0,
27028.0,-122.299198929449,47.6016108078682,1.0,0.0,
35220.0,-122.327435402166,47.6059755686097,1.0,0.0,
35221.0,-122.327416334296,47.6059104802841,1.0,0.0,
10642.0,-122.30898683998466,47.59573086227556,1.0,0.0,
27032.0,-122.301838120781,47.6202358817115,1.0,0.0,
27025.0,-122.30943097700266,47.5813781922544,1.0,0.0,
18842.0,-122.324680369756,47.6337763356394,1.0,0.0,
18835.0,-122.326181052909,47.6130160833227,4.0,321634.0,12.68116953209187
10653.0,-122.324327505402,47.6308591953669,4.0,121266874.0,18.613504245109347
35231.0,-122.309895301352,47.6175705210615,1.0,0.0,
18847.0,-122.29123621458798,47.62243129117601,3.0,193018.0,12.170538727786887
10655.0,-122.294499694016,47.5913229810537,3.0,96242.0,11.474621131812514
10658.0,-122.303702103195,47.617358826024905,3.0,128694.0,11.76519277245085
10659.0,-122.287890482834,47.620937283779966,1.0,0.0,
35233.0,-122.327942358859,47.6108100018998,1.0,0.0,
27044.0,-122.330050740388,47.58021693414779,3.0,64354.0,11.072154371154577
18857.0,-122.317448057813,47.6026596131573,3.0,193018.0,12.170538727786887
18864.0,-122.31567828348598,47.61532326864549,3.0,418026.0,12.943298910529432
18865.0,-122.340183393326,47.5771507871796,1.0,0.0,
2482.0,-122.325584571493,47.6474955000889,3.0,118970751.6666668,18.594388236552163
35254.0,-122.321915912739,47.6213632170654,1.0,0.0,
35255.0,-122.328005859441,47.6367659226105,1.0,0.0,
10679.0,-122.298907184559,47.6026231900801,3.0,193018.0,12.170538727786887
27063.0,-122.306642233774,47.6079523392687,1.0,0.0,
2491.0,-122.312781905004,47.6205414294022,3.0,1135971.466666667,13.942998760576895
10683.0,-122.31366953680768,47.61873935332003,1.0,0.0,
35260.0,-122.314789689515,47.6116454599528,1.0,0.0,
27069.0,-122.301570262791,47.612005083099,1.0,0.0,
35259.0,-122.328855336215,47.5772231305716,1.0,0.0,
2495.0,-122.336697216258,47.5779664138852,3.0,34741.0,10.455675824642753
35266.0,-122.322373181554,47.5957076114089,1.0,0.0,
2499.0,-122.32555853548,47.6272222155937,3.0,128694.0,11.76519277245085
18883.0,-122.304825077137,47.5829168052883,1.0,0.0,
18885.0,-122.289120653879,47.5957864895076,4.0,96528.0,11.477588400680544
18887.0,-122.315326296736,47.626461226923,1.0,0.0,
2503.0,-122.324945854642,47.6112856467747,1.0,0.0,
27081.0,-122.282608906221,47.6324384326973,4.0,257338.0,12.458145674889398
2508.0,-122.289869806844,47.572525119898806,3.0,418026.0,12.943298910529432
10704.0,-122.298722464848,47.62818811062251,3.0,193018.0,12.170538727786887
18897.0,-122.30663393864434,47.58061490533746,1.0,0.0,
18898.0,-122.306635342954,47.5802233429954,4.0,96528.0,11.477588400680544
35284.0,-122.336374006043,47.6232919505056,1.0,0.0,
10708.0,-122.31032986280998,47.57313396759239,3.0,275660.5999999832,12.526925677840355
35287.0,-122.29656576526732,47.604194251372526,1.0,0.0,
35288.0,-122.32721261656,47.6207891803451,1.0,0.0,
10714.0,-122.31539557698332,47.60656157183706,1.0,0.0,
35291.0,-122.332943325439,47.6244912944534,1.0,0.0,
27098.0,-122.292560632194,47.6093219373583,4.0,257338.0,12.458145674889398
18909.0,-122.321792823957,47.6141287306891,1.0,0.0,
35290.0,-122.335267894836,47.5965807167921,1.0,0.0,
18911.0,-122.297503986115,47.5996682609977,1.0,0.0,
2528.0,-122.298688197333,47.6395617054206,3.0,321618.0,12.681119784869932
2529.0,-122.299357304,47.6395629655082,3.0,385894.0,12.86331799933539
35300.0,-122.322966556719,47.6213810501999,1.0,0.0,
35302.0,-122.323895516446,47.6207413944875,1.0,0.0,
2534.0,-122.308202223587,47.6122811890832,3.0,64354.0,11.072154371154577
35304.0,-122.32409403647334,47.61988314435657,1.0,0.0,
2535.0,-122.30822435791131,47.61228337719746,1.0,0.0,
2538.0,-122.333570255974,47.6219038915424,3.0,174046.0,12.067074911073744
2539.0,-122.333589728508,47.62190300835245,3.0,110222.0,11.610251792799726
35308.0,-122.320025331205,47.64958537421917,1.0,0.0,
27116.0,-122.323332178273,47.6181659408103,1.0,0.0,
35310.0,-122.30387110386468,47.60156889177446,1.0,0.0,
18925.0,-122.30392039484734,47.58767192030003,1.0,0.0,
18932.0,-122.3179204693527,47.648604078177335,3.0,64354.0,11.072154371154577
2548.0,-122.31919024039,47.6323682675171,3.0,257326.0,12.458099042523418
10740.0,-122.31491876574,47.6060882236004,1.0,0.0,
10746.0,-122.31356125413966,47.624865905413735,1.0,0.0,
35322.0,-122.327079650117,47.6129487414102,1.0,0.0,
27132.0,-122.308018511911,47.6231811906513,1.0,0.0,
2558.0,-122.28898778113366,47.62137503991347,1.0,0.0,
2561.0,-122.294171555898,47.5829655898818,3.0,1806654.299999654,14.40698723970565
27142.0,-122.31663292203966,47.58725225819287,1.0,0.0,
27143.0,-122.298746311571,47.5724561808555,1.0,0.0,
27147.0,-122.28887651734134,47.6068142917682,1.0,0.0,
35339.0,-122.326182443174,47.5748546856208,1.0,0.0,
10766.0,-122.30495987386,47.6059110668945,1.0,0.0,
2574.0,-122.333198199868,47.5883294426551,4.0,96528.0,11.477588400680544
35348.0,-122.29650979042869,47.60171339499906,1.0,0.0,
2581.0,-122.316062566231,47.5962857326246,1.0,0.0,
2584.0,-122.288750775287,47.5751783292265,4.0,578766.0,13.26865352978878
2585.0,-122.323935454219,47.610487803903,1.0,0.0,
27162.0,-122.32747694429,47.5882290242287,1.0,0.0,
27165.0,-122.32651863893598,47.5950897254016,3.0,35161.999999999985,10.467721233002734
2592.0,-122.289833179057,47.5752038970065,3.0,546514.0,13.211315203836937
2593.0,-122.300743091909,47.59205804365853,1.0,0.0,
35364.0,-122.338615887186,47.6248219712255,1.0,0.0,
10789.0,-122.326928149792,47.5693574977959,1.0,0.0,
27178.0,-122.308338759603,47.58906503510073,1.0,0.0,
10795.0,-122.33038513351,47.6236417074011,3.0,478094.06666659686,13.077562784302083
10796.0,-122.297361429187,47.5772040427398,3.0,64354.0,11.072154371154577
27189.0,-122.314564731452,47.597441738838,3.0,8572071.466665756,15.964019972762706
35383.0,-122.334680951562,47.6248660839339,1.0,0.0,
10808.0,-122.28670283744634,47.5734530107455,1.0,0.0,
35386.0,-122.290805659163,47.5813093521716,1.0,0.0,
19006.0,-122.28607726160932,47.62299774099797,1.0,0.0,
2624.0,-122.305419780395,47.5841152370149,1.0,0.0,
19013.0,-122.317292965925,47.6007406272688,3.0,4379152.499999876,15.292365770479702
19014.0,-122.296311476494,47.6234828479287,3.0,64354.0,11.072154371154577
35397.0,-122.323092691933,47.6038369775577,1.0,0.0,
35400.0,-122.29586546481868,47.60122424934176,1.0,0.0,
35398.0,-122.306244603693,47.5730898544199,1.0,0.0,
19018.0,-122.323361534769,47.5874316570223,3.0,570824.0,13.254836209951776
2635.0,-122.331754023353,47.6204046629089,3.0,64354.0,11.072154371154577
27213.0,-122.277761466808,47.639451467038135,1.0,0.0,
19022.0,-122.317493638489,47.6043039256536,3.0,7694342.999999958,15.855995941493063
35410.0,-122.324376886309,47.6276544001993,1.0,0.0,
10834.0,-122.309929633149,47.5991737472734,3.0,321618.0,12.681119784869932
2644.0,-122.319495645769,47.6120935972459,1.0,0.0,
27222.0,-122.300031262725,47.6016141221912,3.0,64354.0,11.072154371154577
10843.0,-122.308629976598,47.6384883026059,3.0,4391590.0,15.295201906265707
10844.0,-122.28981399632,47.6224831661927,3.0,128694.0,11.76519277245085
2653.0,-122.3145306662502,47.64178284923862,3.0,6544618.0,15.694153590458578
2654.0,-122.31403910596698,47.6414650214579,3.0,6481894.0,15.684523309572443
2658.0,-122.302887723486,47.5828835001198,3.0,193018.0,12.170538727786887
35427.0,-122.335000827306,47.5834820563551,1.0,0.0,
2660.0,-122.303186476978,47.620261361404,3.0,64354.0,11.072154371154577
19047.0,-122.28817614791969,47.57755982304213,1.0,0.0,
19049.0,-122.300231058153,47.6322664382245,3.0,64354.0,11.072154371154577
10858.0,-122.30324913845033,47.60806971714194,1.0,0.0,
10860.0,-122.28446297024202,47.6163821522241,3.0,418082.0,12.943432864516438
10861.0,-122.28449635247598,47.61672409524849,3.0,128694.0,11.76519277245085
19055.0,-122.330061134712,47.577822687821104,3.0,193018.0,12.170538727786887
2672.0,-122.334075276341,47.5744268291761,4.0,1040628.0,13.855334935029672
10865.0,-122.325161609481,47.63493264282889,3.0,1218777.6666666665,14.013359001891235
2675.0,-122.324178636004,47.61067449911141,3.0,193026.0,12.170580173839674
19060.0,-122.28933889185032,47.59062582005976,1.0,0.0,
2678.0,-122.326650200833,47.6207980776843,4.0,1124602.0,13.932939753248759
19064.0,-122.296432946674,47.6255234643094,3.0,128694.0,11.76519277245085
10872.0,-122.30437551500232,47.602092613586365,1.0,0.0,
35453.0,-122.323849909191,47.6288675342321,1.0,0.0,
2686.0,-122.303553573637,47.6323303594852,3.0,2435448.0,14.70564128114882
19069.0,-122.324190678021,47.6231795462115,1.0,0.0,
19072.0,-122.31275062316,47.6243381753706,1.0,0.0,
27262.0,-122.296665060779,47.62409481156886,1.0,0.0,
35461.0,-122.33602959957,47.623784068473,1.0,0.0,
10886.0,-122.327270530922,47.6348798817234,1.0,0.0,
35465.0,-122.325387881001,47.619146270468,1.0,0.0,
2714.0,-122.301592146901,47.5813512363124,3.0,64354.0,11.072154371154577
27291.0,-122.319998979407,47.6034295700824,1.0,0.0,
27292.0,-122.289483079165,47.60792377031131,3.0,128694.0,11.76519277245085
35484.0,-122.33515737795166,47.5976667870996,1.0,0.0,
2718.0,-122.310530992889,47.6322765456435,3.0,514398.0,13.150752563873105
35487.0,-122.328951018416,47.6119714618992,1.0,0.0,
10912.0,-122.32619415024452,47.60800857163878,1.0,0.0,
10913.0,-122.32618317527005,47.6079885822926,6.0,1813547.606349052,14.410795488449072
2722.0,-122.28488512983968,47.62562033168604,1.0,0.0,
10914.0,-122.32680887458602,47.6077396144476,5.0,796419.0063492599,13.587880716217969
10915.0,-122.326745721568,47.6077682905238,1.0,0.0,
19109.0,-122.279622427105,47.6408162884581,1.0,0.0,
27302.0,-122.33242537666916,47.62198734022356,6.0,2069302.0,14.542721910309867
27303.0,-122.331752258739,47.621814049503,1.0,0.0,
19110.0,-122.288081696103,47.6151646456884,3.0,1027774.0,13.842905856469958
2729.0,-122.32680459226128,47.6188740607834,3.0,64354.0,11.072154371154577
19112.0,-122.286043234215,47.6110548619938,1.0,0.0,
2726.0,-122.326506671166,47.5960576573458,1.0,0.0,
35500.0,-122.305680732983,47.6034349719443,1.0,0.0,
10925.0,-122.32896245847778,47.61195880630355,5.0,65722.66666666666,11.093199147509795
10924.0,-122.32908328608104,47.61209904175468,4.0,64954.66666666667,11.081444869658782
2736.0,-122.333633699844,47.6217262531587,3.0,160858.0,11.988277267209066
10929.0,-122.323583508298,47.6232194579672,1.0,0.0,
10930.0,-122.321551044818,47.5778340381749,3.0,1034307.3333333333,13.84924251748224
35512.0,-122.327588125761,47.6111800215352,3.0,514896.2396825902,13.151720683002303
35515.0,-122.328856051747,47.5757022780458,1.0,0.0,
10942.0,-122.29677034769502,47.5862861576048,3.0,5839017.53333368,15.580073110058509
10943.0,-122.296321933981,47.5862871937685,3.0,5777171.400000291,15.569424743701896
10944.0,-122.296347189007,47.6008267880783,1.0,0.0,
19137.0,-122.30632389793898,47.5931125815338,3.0,64354.0,11.072154371154577
10947.0,-122.313489329316,47.571686474169,4.0,96528.0,11.477588400680544
10948.0,-122.31295006622734,47.5716804048877,1.0,0.0,
10949.0,-122.32415013079266,47.62341739014909,1.0,0.0,
27334.0,-122.324158519969,47.60683415222746,1.0,0.0,
27335.0,-122.32423791113996,47.60682154533352,3.0,32178.0,10.37903826821098
27336.0,-122.32302876276806,47.60544917443142,7.0,429394.4999999741,12.97013135577463
10950.0,-122.330357579532,47.6192611772622,3.0,385926.0,12.863400920223727
2762.0,-122.315486375087,47.61532397236849,3.0,3881971.333333335,15.171853658174124
19147.0,-122.302824032858,47.6142774400401,1.0,0.0,
19153.0,-122.3246318412628,47.64143406114782,3.0,2959490.6666666646,14.900527739422072
35537.0,-122.302821110601,47.6152189726906,1.0,0.0,
2773.0,-122.300082113478,47.6099840538636,3.0,6787152.333333328,15.730542020304107
27351.0,-122.326475930574,47.6240699851882,1.0,0.0,
19161.0,-122.32752511681,47.609265969275015,8.0,516312.780952294,13.154468025456353
19162.0,-122.32757287745,47.6094131850092,1.0,0.0,
19163.0,-122.327514710498,47.6093109766616,1.0,0.0,
2780.0,-122.333273122849,47.5786931601676,3.0,64354.0,11.072154371154577
10973.0,-122.312082039219,47.61604851133571,1.0,0.0,
19167.0,-122.30528561190266,47.63418398418981,1.0,0.0,
19168.0,-122.296214505643,47.6221167312469,1.0,0.0,
2783.0,-122.333148785276,47.5786745880927,1.0,0.0,
19170.0,-122.306675367398,47.623665661463,1.0,0.0,
35555.0,-122.329797039007,47.6209042641478,1.0,0.0,
19175.0,-122.327174178924,47.61317638788879,3.0,1459462.0,14.19357843262355
35560.0,-122.302826168356,47.6141954073361,1.0,0.0,
2796.0,-122.339678522417,47.6212281578558,3.0,37416.0,10.529853699405722
19181.0,-122.28880084037,47.60536742335264,1.0,0.0,
10989.0,-122.284293726917,47.6224250942896,1.0,0.0,
19183.0,-122.314778166707,47.6091672065511,3.0,5382551.499999972,15.498673076219465
10992.0,-122.298782253112,47.5995186443687,1.0,0.0,
19184.0,-122.314380600903,47.6091664598928,3.0,5416584.833333311,15.504976070265476
2797.0,-122.322041981484,47.6057593289213,3.0,1762998.6666666763,14.382526705093094
19187.0,-122.322305638183,47.62769574492393,1.0,0.0,
27376.0,-122.311167026101,47.596687980403,1.0,0.0,
10994.0,-122.300545401646,47.57503874013721,3.0,551957.8190475305,13.22122690757051
19195.0,-122.29383833605232,47.621390041045096,1.0,0.0,
11004.0,-122.326767275297,47.634320834654,1.0,0.0,
27387.0,-122.3036433450835,47.60026359779796,3.0,64354.0,11.072154371154577
11006.0,-122.32304835384932,47.650869494181,1.0,0.0,
27388.0,-122.304221174506,47.6002444596029,1.0,0.0,
27392.0,-122.284548103867,47.6052890149777,1.0,0.0,
2817.0,-122.333588468974,47.6212642630741,1.0,0.0,
2814.0,-122.316054040899,47.5883733303541,4.0,160864.0,11.988314566492301
2813.0,-122.31605334768769,47.58869109175517,1.0,0.0,
35588.0,-122.32679725661,47.6069119672672,1.0,0.0,
2821.0,-122.317860264238,47.6231470506108,4.0,867504.0,13.67337540174353
35589.0,-122.323346614132,47.5883625865319,1.0,0.0,
27399.0,-122.300402739146,47.6410182958515,4.0,96528.0,11.477588400680544
27400.0,-122.300395723271,47.64133976262506,1.0,0.0,
11020.0,-122.31079582375968,47.61926118338013,1.0,0.0,
19212.0,-122.30816506176,47.594749442462806,3.0,726931.6666666665,13.496587758517057
19214.0,-122.324259894781,47.60680311944,3.0,1546603.0000000063,14.251571470893976
19215.0,-122.324119237649,47.60666211013611,3.0,1363883.0000000023,14.125846336580379
35599.0,-122.328911119947,47.6086923852384,1.0,0.0,
2835.0,-122.300399531764,47.5855350433528,3.0,193018.0,12.170538727786887
19222.0,-122.325663336779,47.6364652992834,1.0,0.0,
2838.0,-122.332595906955,47.57172875276973,1.0,0.0,
27416.0,-122.284251951825,47.6285767102193,1.0,0.0,
27417.0,-122.282596937775,47.62853763557935,3.0,160858.0,11.988277267209066
2842.0,-122.27919159665132,47.63448288297883,1.0,0.0,
35611.0,-122.323541533459,47.6230660545724,1.0,0.0,
27420.0,-122.333657448104,47.6218964575086,1.0,0.0,
35612.0,-122.32461178958766,47.60620221360483,1.0,0.0,
35614.0,-122.319563780053,47.6130531468847,1.0,0.0,
19234.0,-122.314098658514,47.6056872930885,1.0,0.0,
19235.0,-122.316674424761,47.6091685231288,4.0,5421260.166666636,15.505838849466203
35618.0,-122.317376371431,47.6026217160992,1.0,0.0,
2854.0,-122.321964407003,47.6210376808226,3.0,1106616.0,13.916817268043951
27432.0,-122.285069740918,47.6103370093743,1.0,0.0,
27433.0,-122.284638815885,47.6103178832167,3.0,64354.0,11.072154371154577
35627.0,-122.292489729846,47.5755827384257,1.0,0.0,
11052.0,-122.322901301784,47.6084783797439,3.0,8575506.0,15.964420558021686
11053.0,-122.324157877421,47.6241206188803,1.0,0.0,
2863.0,-122.324668935856,47.62305227810399,3.0,64354.0,11.072154371154577
35632.0,-122.322134617251,47.609714647091,1.0,0.0,
11057.0,-122.323403631846,47.6272144360109,1.0,0.0,
11058.0,-122.326198821881,47.616706571528965,1.0,0.0,
35633.0,-122.322196408954,47.6096143268376,1.0,0.0,
35636.0,-122.321692661012,47.60771360551,1.0,0.0,
19253.0,-122.326613137279,47.6460853038985,1.0,0.0,
11061.0,-122.329862965985,47.624359227535,1.0,0.0,
2864.0,-122.31156375489302,47.599958280107806,3.0,128694.0,11.76519277245085
2872.0,-122.30818718264834,47.61344155848019,1.0,0.0,
2866.0,-122.314775652297,47.5740277262054,3.0,128694.0,11.76519277245085
2874.0,-122.33362192479468,47.62229758575567,1.0,0.0,
19251.0,-122.325799585164,47.5747818936907,3.0,64354.0,11.072154371154577
27445.0,-122.32751146867,47.5955946391023,1.0,0.0,
11072.0,-122.2884067331624,47.62247245670646,3.0,64354.0,11.072154371154577
24996.0,-122.326029652984,47.59079561211289,3.0,230618.00000000003,12.348517941012766
11075.0,-122.314932549901,47.6196437121236,1.0,0.0,
2885.0,-122.303856313307,47.6410479250499,3.0,991772.0,13.807248521140368
11078.0,-122.298829661263,47.6156185671252,1.0,0.0,
35660.0,-122.326721734247,47.6261440800789,1.0,0.0,
11085.0,-122.32013605854802,47.64103933443349,3.0,64354.0,11.072154371154577
19277.0,-122.3135591429208,47.61426025695846,4.0,160864.0,11.988314566492301
35663.0,-122.324848432195,47.6075622433092,1.0,0.0,
11087.0,-122.28988723811034,47.57766120812314,1.0,0.0,
19281.0,-122.330516401485,47.620676782751445,3.0,64354.0,11.072154371154577
11090.0,-122.290367124556,47.61517361640839,3.0,1796576.0,14.401393189121837
2897.0,-122.331861212384,47.5862436752107,3.0,109286.0,11.601723578129027
11092.0,-122.318535405746,47.6322940447139,1.0,0.0,
2900.0,-122.318290707321,47.618691930479,3.0,6518207.333333331,15.690109947222208
2902.0,-122.326392564165,47.569732278746,3.0,64354.0,11.072154371154577
2903.0,-122.314584102928,47.5785783838108,4.0,2035805.923809117,14.526402329814944
35672.0,-122.325900939122,47.6230538427645,1.0,0.0,
2915.0,-122.2880947666135,47.6250761229288,1.0,0.0,
2916.0,-122.2880746351072,47.62507328191637,3.0,546514.0,13.211315203836937
2921.0,-122.32230959400457,47.62048738240386,5.0,128700.0,11.765239393584219
11114.0,-122.326842692861,47.6352122667317,1.0,0.0,
2922.0,-122.307463941896,47.6181980409982,3.0,91180374.00000004,18.328350234517863
11116.0,-122.31273509295,47.5785688144316,1.0,0.0,
19309.0,-122.311787553305,47.6034893935644,3.0,64354.0,11.072154371154577
19310.0,-122.31745382204036,47.60376944946653,1.0,0.0,
35691.0,-122.326626251644,47.6182169167944,1.0,0.0,
19314.0,-122.3089012579682,47.59876418496916,3.0,64354.0,11.072154371154577
27508.0,-122.326311166939,47.6360914497698,1.0,0.0,
35700.0,-122.309446142833,47.6194872172668,1.0,0.0,
2932.0,-122.277148039673,47.6404432764441,3.0,707034.0,13.468834034245736
19320.0,-122.290582225944,47.6117190239646,1.0,0.0,
19321.0,-122.30806731785368,47.6406560092226,1.0,0.0,
27513.0,-122.326895382388,47.6167678237819,3.0,128694.0,11.76519277245085
19326.0,-122.30434641048733,47.64241906837583,1.0,0.0,
35712.0,-122.32124753045,47.6430893566835,1.0,0.0,
11139.0,-122.288171617324,47.6250947515634,1.0,0.0,
2949.0,-122.289886630668,47.57163805130201,3.0,353786.0,12.776447489546149
19341.0,-122.313417944866,47.5789108661957,1.0,0.0,
35725.0,-122.333146849178,47.5806391280873,1.0,0.0,
2959.0,-122.30606490166927,47.58852237712591,3.0,64354.0,11.072154371154577
2962.0,-122.303617545273,47.6173642227789,1.0,0.0,
35731.0,-122.323789228887,47.6164342272298,1.0,0.0,
11158.0,-122.306105706764,47.6153210458663,3.0,92904301.00000004,18.34708049980604
19353.0,-122.30662406759332,47.62822219157626,1.0,0.0,
11162.0,-122.32205620482598,47.6228213670443,3.0,64354.0,11.072154371154577
2970.0,-122.302342319271,47.5952460839294,1.0,0.0,
19356.0,-122.32592978628934,47.61844031974024,1.0,0.0,
27549.0,-122.32777626530633,47.62013501778159,1.0,0.0,
2973.0,-122.312729835708,47.6219606638839,3.0,64354.0,11.072154371154577
19359.0,-122.316992915877,47.6448601984338,3.0,64354.0,11.072154371154577
19360.0,-122.316978577835,47.6451144898361,1.0,0.0,
35742.0,-122.338315505981,47.6241524244369,1.0,0.0,
19362.0,-122.3098536905306,47.580238876148464,3.0,128694.0,11.76519277245085
19363.0,-122.309842645834,47.5805818824169,1.0,0.0,
35748.0,-122.329049863586,47.6120838073736,1.0,0.0,
11173.0,-122.315649643256,47.6231400655628,4.0,642874.0,13.37370402756366
11174.0,-122.320148585076,47.6171965475941,1.0,0.0,
19361.0,-122.31406220439132,47.57251079926864,1.0,0.0,
35752.0,-122.341774254334,47.6203474016599,1.0,0.0,
2986.0,-122.32526322567068,47.6443965035802,1.0,0.0,
11179.0,-122.325794778683,47.64473015583348,3.0,5878391.000000008,15.586793642972921
19371.0,-122.290206026283,47.624971922072,3.0,707034.0,13.468834034245736
27564.0,-122.31838460747366,47.59674738529753,1.0,0.0,
2991.0,-122.291397570482,47.6152529827888,3.0,64354.0,11.072154371154577
35761.0,-122.330426490468,47.6087614408027,1.0,0.0,
11187.0,-122.304369675955,47.60263729089056,4.0,160864.0,11.988314566492301
35764.0,-122.31358147707,47.6142659733753,1.0,0.0,
35765.0,-122.335200389455,47.6253109811617,1.0,0.0,
11189.0,-122.280202526768,47.6406056286903,1.0,0.0,
27573.0,-122.2891738884048,47.58923187096498,1.0,0.0,
11192.0,-122.32735094906,47.6184042615797,1.0,0.0,
19385.0,-122.339127944034,47.619753061517,1.0,0.0,
19386.0,-122.33916872420453,47.619715282169714,3.0,64354.0,11.072154371154577
19387.0,-122.340361973465,47.6197311875855,1.0,0.0,
3004.0,-122.28980657255369,47.57638918311213,1.0,0.0,
11198.0,-122.323479164252,47.61668145125,3.0,385926.0,12.863400920223727
3006.0,-122.31495925163637,47.6183312023843,1.0,0.0,
19390.0,-122.32114674059596,47.61004911849772,5.0,257356.0,12.458215619361287
19391.0,-122.32116240537997,47.61007253114081,1.0,0.0,
27582.0,-122.323043932957,47.603862966315695,1.0,0.0,
19395.0,-122.342988888853,47.6208001514587,1.0,0.0,
35780.0,-122.339232965607,47.6219536704534,1.0,0.0,
35776.0,-122.323765255722,47.6103750738648,1.0,0.0,
3011.0,-122.30180296018598,47.56826982601209,3.0,64216720.44760566,17.977774177859892
3015.0,-122.316109250308,47.5809731040609,4.0,11245882.0,16.23551257515964
3016.0,-122.316110338215,47.5809501179277,1.0,0.0,
3012.0,-122.29744024036,47.577179622426,1.0,0.0,
27594.0,-122.326541685008,47.6267696309402,3.0,546514.0,13.211315203836937
27595.0,-122.326537447634,47.6264592339899,3.0,482278.0,13.086275990254082
27598.0,-122.31911300943568,47.64828052812057,1.0,0.0,
35792.0,-122.329117456439,47.6283270352958,1.0,0.0,
3028.0,-122.312512051868,47.63784211564326,1.0,0.0,
35799.0,-122.338288846385,47.6201819222775,1.0,0.0,
27613.0,-122.323296027882,47.6054683001601,1.0,0.0,
27614.0,-122.316677248439,47.6283974261207,3.0,64354.0,11.072154371154577
27615.0,-122.316677535192,47.6284318941696,1.0,0.0,
11232.0,-122.284494450227,47.6172538911979,3.0,64354.0,11.072154371154577
19423.0,-122.30013555163332,47.573119779118166,1.0,0.0,
35811.0,-122.30188505629,47.5749820131343,1.0,0.0,
27626.0,-122.28572914740666,47.607258559500565,1.0,0.0,
27630.0,-122.28399283026012,47.573789752337056,3.0,64354.0,11.072154371154577
19439.0,-122.311920921315,47.6035962346728,1.0,0.0,
27635.0,-122.318110024624,47.600108449041,1.0,0.0,
19444.0,-122.32428376454702,47.62768150167,3.0,128694.0,11.76519277245085
11252.0,-122.315511317921,47.6164066610101,4.0,6255627.333333332,15.648991989952986
35830.0,-122.309090840221,47.6022804311361,1.0,0.0,
11253.0,-122.30023331723632,47.579573764605264,1.0,0.0,
19452.0,-122.32238250957634,47.63014940503769,1.0,0.0,
19458.0,-122.32404196778866,47.6184302377265,1.0,0.0,
27650.0,-122.325884542454,47.5947079533328,1.0,0.0,
3077.0,-122.308148807711,47.6154083290695,1.0,0.0,
3078.0,-122.308185626745,47.6152760417668,3.0,64354.0,11.072154371154577
3079.0,-122.29602738360602,47.5873452182961,1.0,0.0,
3080.0,-122.331777205208,47.620872928566,4.0,459948.5333334194,13.038869878148006
27653.0,-122.328924721785,47.57570483084711,3.0,385894.0,12.86331799933539
27659.0,-122.302560827019,47.614615589541934,1.0,0.0,
3084.0,-122.3148438325,47.6188130339034,1.0,0.0,
19471.0,-122.30942297602034,47.58898293503583,1.0,0.0,
3088.0,-122.31966445299,47.6193777607846,1.0,0.0,
3089.0,-122.301623964498,47.6379656523452,3.0,844080.0,13.646002555815974
11282.0,-122.2861157820565,47.6230063475702,3.0,482278.0,13.086275990254082
3091.0,-122.314167187804,47.6164079365541,3.0,2581805.0,14.763999324686226
11279.0,-122.31742261137566,47.57712010940393,1.0,0.0,
19478.0,-122.30520295989432,47.5958911338837,1.0,0.0,
35869.0,-122.327582884672,47.6112063248549,1.0,0.0,
33181.0,-122.28876323255533,47.577664666632,1.0,0.0,
35871.0,-122.293566558172,47.5907262414365,1.0,0.0,
19488.0,-122.3222083474432,47.60957454682416,1.0,0.0,
19489.0,-122.32223661662634,47.60958467012497,7.0,514530.0,13.151009141594237
19490.0,-122.32352823404784,47.60911683138412,1.0,0.0,
35877.0,-122.319280355715,47.6055970911947,1.0,0.0,
19494.0,-122.290197553376,47.6269571163915,1.0,0.0,
19495.0,-122.301005593828,47.5836015141158,1.0,0.0,
35882.0,-122.320582790909,47.6045455470524,1.0,0.0,
11311.0,-122.286002355562,47.6151617405726,3.0,835568.0,13.635867012095916
19505.0,-122.32333500595934,47.61723830274187,1.0,0.0,
11314.0,-122.325233700773,47.6220010701665,3.0,707034.0,13.468834034245736
35892.0,-122.321230337224,47.5813078993079,1.0,0.0,
3125.0,-122.289000110834,47.620193655165,1.0,0.0,
19513.0,-122.31544330755666,47.6016037748255,1.0,0.0,
11327.0,-122.29951167927368,47.618964931343534,1.0,0.0,
19520.0,-122.312633878793,47.587814819686095,3.0,64354.0,11.072154371154577
35905.0,-122.339805620256,47.6242702435674,1.0,0.0,
11330.0,-122.312841096853,47.616086497682,1.0,0.0,
27714.0,-122.32384547147,47.5950462609327,3.0,64354.0,11.072154371154577
3140.0,-122.306572807952,47.6323359018784,3.0,835378.0,13.63563959600848
27716.0,-122.31195633585531,47.57252389758403,1.0,0.0,
27715.0,-122.323632645349,47.5950447993068,1.0,0.0,
19527.0,-122.29438071546866,47.599130571420936,1.0,0.0,
3144.0,-122.312816184698,47.6016357007131,4.0,225184.0,12.324673124766276
35914.0,-122.335228916086,47.6228018654106,1.0,0.0,
3147.0,-122.317937776367,47.6360541102622,3.0,1636438.0,14.308032486473945
27723.0,-122.29989973266532,47.60537402069104,1.0,0.0,
11341.0,-122.318294735637,47.6198544462286,3.0,1021328.0,13.83661429922876
11347.0,-122.2964595622626,47.6270313969556,3.0,385894.0,12.86331799933539
19542.0,-122.322667332899,47.6034142493248,3.0,5066374.0,15.438135932322146
27735.0,-122.323339034476,47.5862410799052,3.0,507610.0,13.137468715179931
3160.0,-122.304930732557,47.6062199242921,4.0,418048.0,12.943351537450027
3161.0,-122.304398685403,47.6062119345477,3.0,321650.0,12.681219276839146
11352.0,-122.31351166392432,47.58030600704723,1.0,0.0,
27736.0,-122.323067032914,47.5862392945419,1.0,0.0,
35931.0,-122.321189585937,47.5870479944894,1.0,0.0,
11357.0,-122.32883575607669,47.5860646961434,1.0,0.0,
11362.0,-122.3035101007,47.618788185278,1.0,0.0,
27747.0,-122.317234209981,47.58134849572907,1.0,0.0,
19554.0,-122.318281595251,47.6145238581886,1.0,0.0,
3174.0,-122.325944447303,47.6231691806279,4.0,353800.0,12.776487060707822
3179.0,-122.309377959016,47.5863631713465,3.0,64354.0,11.072154371154577
19564.0,-122.293561457713,47.60743882260693,1.0,0.0,
11371.0,-122.291050486395,47.5716207423574,4.0,225184.0,12.324673124766276
3182.0,-122.32141270781268,47.62193560960444,1.0,0.0,
27759.0,-122.322751390954,47.5778280727805,3.0,1110276.6666666667,13.920119791480333
19567.0,-122.29648922402266,47.58691002060309,1.0,0.0,
35955.0,-122.30281354482,47.6146802760289,1.0,0.0,
19572.0,-122.317350702221,47.6008140952549,1.0,0.0,
19573.0,-122.30368890404502,47.58630080062179,3.0,6335714.33333398,15.661713125180622
3191.0,-122.311953642303,47.62449055547267,1.0,0.0,
19578.0,-122.31031553763069,47.5735014251942,1.0,0.0,
11389.0,-122.303878887554,47.6178247238247,3.0,193018.0,12.170538727786887
27774.0,-122.30630312060934,47.637009109444335,1.0,0.0,
11393.0,-122.317054734009,47.6194673531217,1.0,0.0,
35970.0,-122.291126622207,47.5706465519521,1.0,0.0,
35971.0,-122.331821673074,47.6202138112803,1.0,0.0,
35978.0,-122.29717708634442,47.57686323341176,1.0,0.0,
19598.0,-122.313576416315,47.5912437688062,1.0,0.0,
11408.0,-122.324073975133,47.6197203961101,3.0,1123918.0,13.932331353037865
11410.0,-122.321717977581,47.63041265218403,1.0,0.0,
27794.0,-122.339068601464,47.620785858075,1.0,0.0,
3220.0,-122.30936136732198,47.58632117979331,3.0,3217333.323809068,14.984063414098651
11418.0,-122.297618628921,47.5966843431108,3.0,1431699.3333333333,14.17437264170141
19611.0,-122.311243687822,47.5785632218006,3.0,227843.99999999997,12.336416463231416
3228.0,-122.32491424589598,47.610629639362095,3.0,128694.0,11.76519277245085
27806.0,-122.323116961417,47.64744573453033,1.0,0.0,
3231.0,-122.310316576697,47.5771071764035,3.0,128694.0,11.76519277245085
19616.0,-122.325833585353,47.5859492657742,3.0,56740.0,10.946234708362843
35999.0,-122.332024376458,47.5925321057946,1.0,0.0,
3236.0,-122.321448853996,47.6468780009621,3.0,546514.0,13.211315203836937
3237.0,-122.3194724383534,47.619061039554886,3.0,128694.0,11.76519277245085
3242.0,-122.297685176322,47.5716848759777,4.0,160864.0,11.988314566492301
36023.0,-122.316661480362,47.6214581319727,1.0,0.0,
27836.0,-122.339614696976,47.62565607214441,1.0,0.0,
19646.0,-122.321274326644,47.5813084895885,3.0,451272.00000000006,13.01982554090342
27840.0,-122.30110162872332,47.593348328575736,1.0,0.0,
11457.0,-122.33593111413,47.5797282227806,3.0,1582989.0,14.274825390007672
11458.0,-122.30294448651767,47.629884109836574,1.0,0.0,
27846.0,-122.313470765752,47.5836922591935,3.0,64354.0,11.072154371154577
3273.0,-122.315638875349,47.623487375581,3.0,546514.0,13.211315203836937
36047.0,-122.321941744366,47.6130636420518,1.0,0.0,
36048.0,-122.310873837997,47.5788243233617,1.0,0.0,
3283.0,-122.307451520929,47.6190163300764,3.0,91347064.00000004,18.33017670015137
19668.0,-122.326452353165,47.6199521484317,1.0,0.0,
11475.0,-122.300410354235,47.5836134280733,4.0,771334.0,13.555876762371511
19673.0,-122.310788333762,47.64032691693111,3.0,64354.0,11.072154371154577
19674.0,-122.326198866428,47.6457268859543,1.0,0.0,
27865.0,-122.334506179077,47.6261770552594,4.0,353800.0,12.776487060707822
19676.0,-122.29348358736802,47.5912797665086,3.0,1604080.0,14.288060941476585
36061.0,-122.293767253373,47.6047239678368,1.0,0.0,
27867.0,-122.324101717695,47.6049464114573,1.0,0.0,
27868.0,-122.324333337912,47.6048237514016,3.0,160850.0,11.988227532667173
36064.0,-122.328371583091,47.607106087625,1.0,0.0,
36069.0,-122.32669595754568,47.62038637683747,1.0,0.0,
11497.0,-122.323495276492,47.6177929361574,3.0,578626.0,13.268411606567119
11498.0,-122.323541877852,47.617396528716505,3.0,514446.0,13.150845872479724
36075.0,-122.32339244097,47.6193992307579,1.0,0.0,
36076.0,-122.326479607255,47.6258724529854,1.0,0.0,
27882.0,-122.293686284696,47.6136363927598,1.0,0.0,
3306.0,-122.294523010668,47.596633324788,3.0,771214.0,13.55572117564067
19699.0,-122.312504827446,47.61466880793339,3.0,64354.0,11.072154371154577
36084.0,-122.276911898674,47.6405381272536,1.0,0.0,
3317.0,-122.317727490081,47.6456622994266,3.0,193018.0,12.170538727786887
36087.0,-122.326221899244,47.6080050510901,1.0,0.0,
19708.0,-122.31948990283,47.6057925269673,3.0,128694.0,11.76519277245085
36093.0,-122.322251528807,47.61305411985669,3.0,160858.0,11.988277267209066
27900.0,-122.286858645045,47.5783243827695,4.0,385894.0,12.86331799933539
3329.0,-122.321327268041,47.6395926869475,4.0,96528.0,11.477588400680544
3332.0,-122.30624472789002,47.5958347630127,3.0,64354.0,11.072154371154577
19717.0,-122.296055781891,47.6116295604347,1.0,0.0,
11526.0,-122.315653403181,47.6222618473779,1.0,0.0,
36104.0,-122.312808642192,47.6186852134508,3.0,64354.0,11.072154371154577
27913.0,-122.309376413086,47.6207577693554,1.0,0.0,
11531.0,-122.2833931739816,47.63341965103586,3.0,289474.0,12.575820761944755
3341.0,-122.299996115072,47.63301163126557,1.0,0.0,
27922.0,-122.32314051973331,47.5910653786588,1.0,0.0,
19731.0,-122.33505347203898,47.577983014581,3.0,384777.0,12.86041922467754
36116.0,-122.326124755452,47.6461793332788,1.0,0.0,
3348.0,-122.31818033665802,47.60578652408029,3.0,546514.0,13.211315203836937
11542.0,-122.291901373601,47.6236117556982,3.0,1871622.0,14.442315992553542
11545.0,-122.312721401109,47.5966403058096,1.0,0.0,
11550.0,-122.311932344637,47.6244098178387,3.0,128694.0,11.76519277245085
19742.0,-122.318763269553,47.6059363382705,1.0,0.0,
11552.0,-122.324510268138,47.6356426015975,1.0,0.0,
3361.0,-122.3103705073854,47.63932195164829,3.0,4454766.0,15.309485092255022
19745.0,-122.30368790443168,47.62026260858587,4.0,443290.6666666665,13.001980966296898
27936.0,-122.327916524579,47.6107975195365,6.0,96527.53333333333,11.477583566147612
11556.0,-122.326641234955,47.62046164816021,3.0,546586.0,13.21144693926847
27940.0,-122.322659145398,47.6082008952755,1.0,0.0,
3366.0,-122.32547949506902,47.6176766567724,3.0,128694.0,11.76519277245085
27935.0,-122.327875596026,47.6108117671491,1.0,0.0,
11551.0,-122.31726435120966,47.61301083023447,1.0,0.0,
36137.0,-122.28534350509,47.6411947349106,1.0,0.0,
3370.0,-122.298829163293,47.595881306724095,1.0,0.0,
11563.0,-122.285212649184,47.6164255174454,3.0,546566.0,13.21141034783379
36143.0,-122.287484617702,47.5802782835017,1.0,0.0,
3377.0,-122.328491267298,47.6431246154848,4.0,96528.0,11.477588400680544
3378.0,-122.328481538696,47.6432952492161,1.0,0.0,
11571.0,-122.323845573835,47.59611649569056,1.0,0.0,
3381.0,-122.339736423767,47.5860531553981,4.0,916217.0,13.728008515163316
27959.0,-122.328920240653,47.5824784003876,3.0,225174.0,12.324628715651741
27962.0,-122.318975459029,47.64366977427977,1.0,0.0,
19770.0,-122.33681237912502,47.624450643215,6.0,642940.0,13.373806686268665
19772.0,-122.333876086435,47.6265745233751,3.0,418026.0,12.943298910529432
19771.0,-122.336847432605,47.6244250441684,1.0,0.0,
36158.0,-122.312817727508,47.6186952111372,1.0,0.0,
19774.0,-122.34130599640498,47.62083394508701,3.0,963658.0,13.778491738862053
36156.0,-122.319309531251,47.6128013191354,1.0,0.0,
3388.0,-122.339662751273,47.5865419253526,3.0,1458139.0,14.192671523083364
3392.0,-122.338848576639,47.57176440578906,1.0,0.0,
3395.0,-122.336686629858,47.5860639992489,3.0,357369.0,12.786524140396581
19780.0,-122.324887110271,47.5950549839989,3.0,193018.0,12.170538727786887
36165.0,-122.305986838389,47.6424122128665,1.0,0.0,
11594.0,-122.324332175369,47.6273153448405,1.0,0.0,
11595.0,-122.29889664302532,47.6225840617541,1.0,0.0,
36172.0,-122.328505927428,47.5963178225545,4.0,96528.0,11.477588400680544
36173.0,-122.340420222973,47.6205557884708,1.0,0.0,
36175.0,-122.296235112102,47.6161144309508,1.0,0.0,
3413.0,-122.296632881669,47.622464977213,1.0,0.0,
19798.0,-122.286710428243,47.5751960688088,3.0,289494.0,12.575889850391812
36184.0,-122.337307153528,47.6218456437938,1.0,0.0,
11610.0,-122.324626040355,47.6396912213261,3.0,121083100.33333318,18.611987647450142
36189.0,-122.323171480284,47.6089957874788,1.0,0.0,
19806.0,-122.29097594476532,47.609307103000766,1.0,0.0,
3424.0,-122.30418039407898,47.61705799351903,1.0,0.0,
11617.0,-122.31155941048,47.6009217697706,3.0,193018.0,12.170538727786887
36195.0,-122.297459664797,47.5837214305368,1.0,0.0,
11624.0,-122.298968842712,47.6026113127055,3.0,860750.6666666667,13.665560155718817
3434.0,-122.315699172072,47.6153623103464,1.0,0.0,
19822.0,-122.323939506058,47.6219115155212,4.0,96528.0,11.477588400680544
11632.0,-122.29560508236268,47.610357364584,1.0,0.0,
28019.0,-122.30248750114464,47.59219948154401,1.0,0.0,
19829.0,-122.301648600622,47.57759751922728,1.0,0.0,
19830.0,-122.32409298493464,47.62426493722439,4.0,121760158.86666676,18.61756375682932
28024.0,-122.321420423409,47.6186570799857,1.0,0.0,
36216.0,-122.320880174051,47.6128134107247,1.0,0.0,
3451.0,-122.320946441555,47.6431363902152,3.0,6826678.0,15.736348729622343
36220.0,-122.302824711414,47.6142513917515,1.0,0.0,
3453.0,-122.31164596412698,47.60836305252641,3.0,64354.0,11.072154371154577
36226.0,-122.31956347803532,47.61332680755347,1.0,0.0,
28036.0,-122.28707761979,47.6054837481309,3.0,64354.0,11.072154371154577
19846.0,-122.3004208955218,47.62778263865674,3.0,64354.0,11.072154371154577
19847.0,-122.299830249552,47.6277937990517,1.0,0.0,
11656.0,-122.33230806914162,47.621916956877,3.0,6499013.466666324,15.687160948987945
36234.0,-122.333991607365,47.5928803905668,1.0,0.0,
11659.0,-122.3154631724794,47.61442719434152,3.0,3548093.333333335,15.081920927965651
11660.0,-122.277751501521,47.6407442721061,3.0,578626.0,13.268411606567119
28045.0,-122.29039692427534,47.59064873035714,1.0,0.0,
36235.0,-122.328715873401,47.6083503392726,3.0,33108.39999999999,10.407542305604407
36236.0,-122.328693139197,47.6083595204559,1.0,0.0,
19856.0,-122.316685655006,47.6084691262887,3.0,5138498.166666617,15.452271409263435
11663.0,-122.31412371328734,47.60308292873757,1.0,0.0,
36239.0,-122.289740945448,47.581460702299,1.0,0.0,
36240.0,-122.335004432642,47.5963136855079,1.0,0.0,
3479.0,-122.303388093072,47.615348988435606,3.0,64354.0,11.072154371154577
3480.0,-122.303144673397,47.61535274129657,1.0,0.0,
11671.0,-122.312109019027,47.57905273791581,3.0,2705749.99047591,14.810889692637447
11677.0,-122.30887414857598,47.6065423722601,3.0,11700710.999999965,16.275160167152375
36254.0,-122.335817483784,47.62437792135134,1.0,0.0,
19870.0,-122.311512301667,47.5974361477391,4.0,75781110.6666627,18.14335961990896
36255.0,-122.328317426986,47.6071093860719,1.0,0.0,
19873.0,-122.329107206456,47.61056601051651,4.0,68937.80634920632,11.140960019854798
19874.0,-122.296258131381,47.6149859371767,1.0,0.0,
28062.0,-122.3181860297845,47.614631204134,3.0,64354.0,11.072154371154577
19871.0,-122.32069308171134,47.61478763815656,1.0,0.0,
28069.0,-122.296699503736,47.60640336014825,3.0,64354.0,11.072154371154577
19878.0,-122.30943822620333,47.59836359584373,1.0,0.0,
11687.0,-122.332869120507,47.6274035087864,3.0,64354.0,11.072154371154577
36263.0,-122.30645500861,47.6007150545861,1.0,0.0,
11691.0,-122.294906049493,47.6224653703103,3.0,11406125.666666666,16.249661108231006
11696.0,-122.316633615206,47.6231428125534,3.0,771294.0,13.555824902817543
19892.0,-122.299433691405,47.5784326187671,1.0,0.0,
11705.0,-122.311499840998,47.620546545394,3.0,1164978.1333333328,13.968212875134826
36282.0,-122.345169822013,47.6212358828289,1.0,0.0,
19898.0,-122.297093256709,47.58746672460767,1.0,0.0,
19900.0,-122.30114194621832,47.633177573319664,1.0,0.0,
28091.0,-122.323776831113,47.6094277682537,1.0,0.0,
3513.0,-122.33991172647602,47.581759451567,3.0,338369.0,12.731892294952964
36285.0,-122.293735006686,47.5716245795545,1.0,0.0,
36288.0,-122.294398016619,47.5907142048881,1.0,0.0,
11713.0,-122.322331572157,47.6204919185804,1.0,0.0,
11714.0,-122.314243047015,47.6016332446379,3.0,128694.0,11.76519277245085
11715.0,-122.29961438448,47.6322613832173,3.0,64354.0,11.072154371154577
36291.0,-122.319976237453,47.6164591027553,1.0,0.0,
36293.0,-122.304366591822,47.5859245393472,1.0,0.0,
36298.0,-122.319302831404,47.6134616129004,1.0,0.0,
28110.0,-122.29497640070656,47.60169395913734,3.0,128694.0,11.76519277245085
19919.0,-122.314660027686,47.6378771158471,1.0,0.0,
28114.0,-122.321306760739,47.5813086223601,3.0,64354.0,11.072154371154577
3540.0,-122.321367331315,47.6303750772471,3.0,64354.0,11.072154371154577
11733.0,-122.29358913497,47.5744169118755,4.0,2903719.399999975,14.881503024913933
36311.0,-122.303451946379,47.6147719728567,1.0,0.0,
36313.0,-122.341731670589,47.6214249871122,1.0,0.0,
36314.0,-122.341731742239,47.6214113994282,1.0,0.0,
19931.0,-122.320328204934,47.6321893727351,1.0,0.0,
36315.0,-122.311412546645,47.6073199143836,1.0,0.0,
3545.0,-122.320670597484,47.6127354382171,3.0,128694.0,11.76519277245085
11742.0,-122.2986985866756,47.59968046382606,3.0,209363.33333333328,12.251826458615938
11743.0,-122.3074291275014,47.620101898925576,3.0,91444444.00000004,18.331242176444857
11744.0,-122.307904842968,47.6200848128156,1.0,0.0,
36320.0,-122.325961359576,47.6071250323138,1.0,0.0,
36322.0,-122.320085334502,47.6086769228973,1.0,0.0,
11747.0,-122.320882192787,47.6062399392652,3.0,9073737.666666644,16.020894828348045
19945.0,-122.323100948558,47.6072862207295,1.0,0.0,
11754.0,-122.295118828689,47.5979715630165,3.0,5154295.333333333,15.45534097032485
19946.0,-122.323300679368,47.6071932448127,4.0,1630269.0000000077,14.304255589841732
36334.0,-122.284525383973,47.5759106332868,1.0,0.0,
36335.0,-122.284394412042,47.5756454196316,1.0,0.0,
11760.0,-122.327737060119,47.6370193429224,1.0,0.0,
36336.0,-122.322251365303,47.6144717303264,1.0,0.0,
36340.0,-122.31661788456,47.6075421453198,1.0,0.0,
36341.0,-122.284015725864,47.608544104357634,1.0,0.0,
19962.0,-122.33960133754088,47.62619188727672,3.0,64354.0,11.072154371154577
3579.0,-122.330910263301,47.6257056764063,1.0,0.0,
36346.0,-122.339065391226,47.6233313896906,1.0,0.0,
11773.0,-122.289484128227,47.6068484698535,3.0,64354.0,11.072154371154577
36350.0,-122.294404464378,47.5981117290852,1.0,0.0,
11776.0,-122.335067277056,47.5959108598649,1.0,0.0,
3586.0,-122.299943926009,47.6210178917331,4.0,225184.0,12.324673124766276
3591.0,-122.324726984707,47.6545671545803,1.0,0.0,
19978.0,-122.30924842586,47.5786848889773,4.0,96528.0,11.477588400680544
11787.0,-122.282755445017,47.64081155672719,3.0,257326.0,12.458099042523418
3596.0,-122.314576405097,47.6231351435963,3.0,64354.0,11.072154371154577
19984.0,-122.30439104118,47.60550992835734,1.0,0.0,
36369.0,-122.309518064042,47.6179104240208,1.0,0.0,
36368.0,-122.289759431936,47.5815136846727,1.0,0.0,
19987.0,-122.316052568768,47.5899865418797,3.0,64354.0,11.072154371154577
3604.0,-122.30758806839,47.59963304276,3.0,64354.0,11.072154371154577
36373.0,-122.317410428929,47.5880243917178,1.0,0.0,
3605.0,-122.30759968071034,47.6000483918566,1.0,0.0,
36382.0,-122.333996479031,47.5833493598823,1.0,0.0,
20002.0,-122.326025515483,47.6119879512685,1.0,0.0,
11811.0,-122.330375119648,47.6227178049731,3.0,421743.3999999527,12.952152351204445
36387.0,-122.316435680054,47.6065278371033,1.0,0.0,
20014.0,-122.328945074213,47.568573557685305,3.0,64354.0,11.072154371154577
11824.0,-122.29925616598,47.5759652041858,1.0,0.0,
3633.0,-122.313485457572,47.6079842773329,1.0,0.0,
11826.0,-122.324075669669,47.6207971543564,4.0,2754284.0,14.828668075684527
20017.0,-122.28938919880932,47.587372507151066,1.0,0.0,
11831.0,-122.340180574899,47.5821013059293,1.0,0.0,
11837.0,-122.322081582069,47.6242877702891,3.0,160858.0,11.988277267209066
28223.0,-122.34052117924068,47.62206328406562,5.0,257348.0,12.458184533533313
28224.0,-122.340480796086,47.62203940081409,1.0,0.0,
3648.0,-122.298829185916,47.6155500306133,1.0,0.0,
20035.0,-122.29913871915367,47.62882488820667,1.0,0.0,
3654.0,-122.317208074976,47.5909081982033,3.0,15269047.199997444,16.5413382783913
3658.0,-122.322062378867,47.6231169865215,3.0,128694.0,11.76519277245085
3659.0,-122.329377154769,47.6396817882103,4.0,119375794.33333336,18.59778701084425
28236.0,-122.325700832593,47.6366148457573,1.0,0.0,
11851.0,-122.282007739586,47.6122909365595,3.0,64354.0,11.072154371154577
3660.0,-122.32349598651427,47.61190284848705,3.0,64354.0,11.072154371154577
3661.0,-122.323561656584,47.611864480542,1.0,0.0,
28239.0,-122.308993013644,47.61349620112,1.0,0.0,
36434.0,-122.326211467942,47.6107566299386,1.0,0.0,
36438.0,-122.325224033364,47.6353148727816,1.0,0.0,
28250.0,-122.311635688416,47.6074405398783,3.0,64354.0,11.072154371154577
28251.0,-122.31168021628,47.6073953926148,1.0,0.0,
20060.0,-122.314270020994,47.5809823540377,1.0,0.0,
3677.0,-122.32860695606868,47.62947836739627,1.0,0.0,
11870.0,-122.322442022571,47.6255278313298,3.0,610734.0,13.322416791478428
20063.0,-122.31048833561668,47.614986986914765,1.0,0.0,
11871.0,-122.328887704889,47.5755346413684,3.0,958513.0,13.773138404234494
28259.0,-122.32651339353032,47.6449293244793,1.0,0.0,
28260.0,-122.319546946095,47.5992931645317,3.0,64354.0,11.072154371154577
11878.0,-122.333142736006,47.5883294928852,1.0,0.0,
36454.0,-122.31929661500531,47.612829825212295,1.0,0.0,
3689.0,-122.3247967906,47.6416971767035,1.0,0.0,
28270.0,-122.330634173679,47.6248538652038,1.0,0.0,
3698.0,-122.301397199591,47.6099817832496,4.0,6914750.333333328,15.749167417343628
3699.0,-122.31612953073034,47.64088016124606,1.0,0.0,
36466.0,-122.323298309317,47.5855275882866,1.0,0.0,
3701.0,-122.331863448848,47.5862810993605,1.0,0.0,
28281.0,-122.29262912840402,47.607934235388,3.0,40030.0,10.597384451986619
11897.0,-122.308087795319,47.582921191658805,3.0,4376437.79047578,15.291745661607306
11899.0,-122.303184696147,47.60428824914326,1.0,0.0,
28284.0,-122.30735765415,47.6371338370094,1.0,0.0,
3712.0,-122.30545897497798,47.6184509940632,3.0,128694.0,11.76519277245085
3713.0,-122.306084585699,47.6184526579291,1.0,0.0,
28288.0,-122.322475478975,47.62514697983371,3.0,674938.0,13.422376113784175
36480.0,-122.338895793813,47.6208986714494,1.0,0.0,
11908.0,-122.31201197409298,47.62175131716021,1.0,0.0,
20099.0,-122.294963011884,47.5879023162178,3.0,835378.0,13.63563959600848
11916.0,-122.311861496272,47.632372157679605,3.0,193018.0,12.170538727786887
20112.0,-122.31494185157432,47.605847463776136,1.0,0.0,
28305.0,-122.323703203616,47.6455797375184,1.0,0.0,
11921.0,-122.31823318221234,47.6039446566301,1.0,0.0,
20115.0,-122.30727712541402,47.5928638246201,3.0,64354.0,11.072154371154577
11924.0,-122.320116767485,47.6176783226822,4.0,225184.0,12.324673124766276
20114.0,-122.30731811038868,47.59291722069336,1.0,0.0,
11926.0,-122.325153297978,47.6102562269204,1.0,0.0,
36503.0,-122.316617775151,47.6084844006621,1.0,0.0,
3739.0,-122.292089825695,47.57549058380216,3.0,64354.0,11.072154371154577
20126.0,-122.314502399015,47.6253319479361,1.0,0.0,
28320.0,-122.33224719996566,47.61974372941653,1.0,0.0,
3745.0,-122.325904292296,47.6219598827277,3.0,8500753.266667403,15.955665337141989
28321.0,-122.338063908625,47.58935903766943,1.0,0.0,
36515.0,-122.321433145035,47.6149333097427,1.0,0.0,
36516.0,-122.307570055493,47.6157023527859,1.0,0.0,
28325.0,-122.290924059721,47.5850902759515,1.0,0.0,
3750.0,-122.295621081865,47.62394564876576,1.0,0.0,
20139.0,-122.28966737606233,47.6027180202252,1.0,0.0,
11948.0,-122.320367558643,47.6256191767617,1.0,0.0,
3757.0,-122.302798012644,47.586334022779,3.0,64354.0,11.072154371154577
20142.0,-122.324647429484,47.6251402464722,1.0,0.0,
28333.0,-122.32708957235,47.61324666501753,3.0,240650.0,12.391098874731256
36527.0,-122.30405656603,47.6128064143456,1.0,0.0,
3758.0,-122.302738719347,47.58660090128233,1.0,0.0,
11954.0,-122.29198399029868,47.62690679269343,1.0,0.0,
20143.0,-122.31803870782927,47.61391386834688,3.0,64354.0,11.072154371154577
11956.0,-122.324970078714,47.5710721129608,1.0,0.0,
36525.0,-122.290812003148,47.5813638696965,1.0,0.0,
3766.0,-122.317982677988,47.626875446535,4.0,225184.0,12.324673124766276
28340.0,-122.336103162159,47.5744546765504,1.0,0.0,
3764.0,-122.340161404824,47.5859691556905,3.0,64354.0,11.072154371154577
3772.0,-122.32784225307,47.6361515059819,3.0,1444138.0,14.183023161735626
11965.0,-122.313246390727,47.6151982977585,1.0,0.0,
20159.0,-122.328565760366,47.61229355257191,3.0,127932.0,11.759254151738475
11973.0,-122.329387639456,47.629754532777,1.0,0.0,
20166.0,-122.320727447323,47.6178632979619,3.0,289474.0,12.575820761944755
36554.0,-122.326921590524,47.6163126775734,1.0,0.0,
11984.0,-122.308928376267,47.6128199627107,4.0,86621907.49999937,18.27706331498138
20178.0,-122.30722145452232,47.623853665009165,1.0,0.0,
3804.0,-122.29989747327566,47.62468410467917,1.0,0.0,
36575.0,-122.311523858332,47.6206037594477,1.0,0.0,
20192.0,-122.320638506171,47.6057921111749,3.0,4435194.0,15.305081915722898
12001.0,-122.325774396353,47.58265857295564,1.0,0.0,
20199.0,-122.30925663177068,47.57918249921117,1.0,0.0,
20200.0,-122.338243114096,47.6208223610141,3.0,1568304.0,14.265505338651687
12009.0,-122.303372192185,47.57839652840661,3.0,772479.9333335011,13.557361311149336
12012.0,-122.31896034221832,47.64203550953087,1.0,0.0,
3823.0,-122.29872304684902,47.5991504852025,3.0,289851.33333333326,12.5771234268378
12015.0,-122.292531179929,47.574730616946304,3.0,128694.0,11.76519277245085
3827.0,-122.302269449427,47.6395700265673,1.0,0.0,
3828.0,-122.307796505803,47.592647372051,4.0,303320.6666666667,12.622545830711266
3829.0,-122.307761050614,47.5925804032508,1.0,0.0,
28406.0,-122.325777592934,47.5743458101215,1.0,0.0,
3832.0,-122.317388399923,47.6372146856893,4.0,160864.0,11.988314566492301
3835.0,-122.30949101237832,47.61639745911973,1.0,0.0,
3837.0,-122.29250343660134,47.5876853870069,1.0,0.0,
12031.0,-122.333156279765,47.5862426396582,4.0,301210.0,12.61556297488796
36607.0,-122.318633473818,47.6140182109397,1.0,0.0,
20226.0,-122.31364595461066,47.61815379441733,1.0,0.0,
12034.0,-122.29140323939198,47.61521407757849,3.0,1923942.0,14.469886764223258
3842.0,-122.307959584747,47.5944820818398,3.0,788781.6666666665,13.578244839945018
28421.0,-122.317843691092,47.61415857436194,1.0,0.0,
36617.0,-122.333385151416,47.5895321373307,1.0,0.0,
28428.0,-122.32581328801298,47.5721699900503,3.0,64354.0,11.072154371154577
12045.0,-122.31849971028232,47.58632306696503,1.0,0.0,
36622.0,-122.326598507574,47.6189071945789,1.0,0.0,
36625.0,-122.307580306518,47.6015854881067,1.0,0.0,
12051.0,-122.322838004267,47.6117758246277,3.0,321642.0,12.681194404774827
3861.0,-122.307942349758,47.5770398542175,3.0,2150522.080952033,14.581221198975596
20248.0,-122.31093396096831,47.600887590000205,1.0,0.0,
20253.0,-122.329253949698,47.5883235136815,1.0,0.0,
3870.0,-122.319082062431,47.6358764878352,4.0,2116650.0,14.565345208154016
3871.0,-122.315180412297,47.6389679881448,1.0,0.0,
36639.0,-122.317143658257,47.5866102421116,1.0,0.0,
12065.0,-122.311948099448,47.6244542556034,3.0,64354.0,11.072154371154577
36641.0,-122.28691831290234,47.579847152995136,1.0,0.0,
12067.0,-122.33076871192002,47.6247610689386,3.0,64354.0,11.072154371154577
12070.0,-122.326634047005,47.6460993204287,4.0,257338.0,12.458145674889398
28454.0,-122.308922492599,47.602279661682,3.0,385894.0,12.86331799933539
12072.0,-122.32407330846,47.6219613478082,4.0,15419944.266664932,16.55117231173916
12073.0,-122.324080068147,47.6216397752735,3.0,2392010.0,14.687644574645928
28457.0,-122.28260995843068,47.62797460622384,1.0,0.0,
3883.0,-122.29637794917431,47.5966776360712,4.0,1526720.3333333333,14.238632419642839
3884.0,-122.317890973391,47.6396003645211,3.0,1091994.0,13.903515940766399
20268.0,-122.29292401573066,47.62846902847887,1.0,0.0,
36654.0,-122.30143117525,47.6387807744199,1.0,0.0,
36656.0,-122.327276304804,47.6125223986628,1.0,0.0,
3889.0,-122.32617015664168,47.61294139499464,1.0,0.0,
36658.0,-122.310597171778,47.6155107541533,1.0,0.0,
3891.0,-122.322376506385,47.6112618032271,3.0,3737914.0,15.13403825977739
3890.0,-122.322483404504,47.611377476326,4.0,3677528.0,15.117751345296861
12085.0,-122.298823057366,47.6116015748381,3.0,418086.0,12.943442431971782
20279.0,-122.306895084245,47.5865784995321,1.0,0.0,
12088.0,-122.298660076236,47.59915778660659,3.0,128694.0,11.76519277245085
3896.0,-122.297154403032,47.5836790834303,3.0,1027774.0,13.842905856469958
3898.0,-122.316930391764,47.64059488704226,1.0,0.0,
12091.0,-122.317498107607,47.6153287650666,3.0,289474.0,12.575820761944755
12092.0,-122.325457905105,47.63578812547771,3.0,1288378.999999999,14.068895397020409
12093.0,-122.325712790092,47.6242637209105,3.0,2118448.0666664243,14.566194334547859
36668.0,-122.315995169367,47.6241802232322,1.0,0.0,
3902.0,-122.33340223818702,47.62192409976999,3.0,4324501.466666976,15.279807423881607
774.0,-122.30224904268398,47.5750434796657,3.0,618185.1523809623,13.334543290890858
36675.0,-122.327828680556,47.6158244366932,1.0,0.0,
36676.0,-122.321745013497,47.6220733602568,1.0,0.0,
3912.0,-122.293656491698,47.6116971495182,3.0,385926.0,12.863400920223727
28489.0,-122.32527459986672,47.612134649332006,1.0,0.0,
3915.0,-122.307973893623,47.6243957542068,3.0,15966459.666666657,16.5860008091196
3916.0,-122.307162301409,47.6243892298176,3.0,15714943.66666666,16.570122643521835
3921.0,-122.325260705434,47.6462904688795,3.0,5891391.000000008,15.589002690733798
12117.0,-122.327422952704,47.6266959446127,1.0,0.0,
28508.0,-122.30362429151,47.60026037706,3.0,128694.0,11.76519277245085
36703.0,-122.32808647636,47.629985952504,1.0,0.0,
12128.0,-122.32206609150836,47.62224377597969,1.0,0.0,
12127.0,-122.293761017284,47.61016072904957,1.0,0.0,
3938.0,-122.325283505142,47.6352956330722,3.0,1233526.333333333,14.025387563190096
3935.0,-122.31196649570704,47.5731356031528,3.0,202990.7333333353,12.220915608377735
20325.0,-122.304396429997,47.60658677888183,1.0,0.0,
36711.0,-122.324477526708,47.6422621499369,1.0,0.0,
3945.0,-122.30735279946002,47.6160360843912,3.0,91132862.6666667,18.327829028978677
20331.0,-122.3088502662587,47.601757606364174,3.0,321648.0,12.681213058881061
12141.0,-122.302355456512,47.5998107917646,1.0,0.0,
20338.0,-122.32346116362534,47.618690869668335,1.0,0.0,
12147.0,-122.30619719847,47.6099919305723,3.0,3214261.333333334,14.983108132905382
36725.0,-122.311995078546,47.6331208872168,1.0,0.0,
20344.0,-122.295056661863,47.58327363464216,1.0,0.0,
36737.0,-122.322991663511,47.6547494536598,1.0,0.0,
20353.0,-122.297402982695,47.6213917568302,1.0,0.0,
3971.0,-122.314822881011,47.6104463612912,3.0,3339069.3333333344,15.021202683410218
3972.0,-122.315370063374,47.6104502565114,4.0,3450243.3333333344,15.053955317921286
12163.0,-122.32708354789,47.6130740372739,3.0,1763942.0,14.383061635189726
3974.0,-122.30231234311324,47.596113519004206,4.0,289488.0,12.575869124358878
12171.0,-122.32684858739,47.63267497814329,3.0,995718.0,13.811219363947032
28556.0,-122.315768774614,47.6206926612706,1.0,0.0,
3981.0,-122.308078242885,47.5859439809198,1.0,0.0,
28558.0,-122.326449330104,47.6362821298345,1.0,0.0,
20372.0,-122.295056329759,47.5832032699276,1.0,0.0,
36761.0,-122.324755334695,47.6046720502024,1.0,0.0,
3994.0,-122.294447829175,47.5944146811585,3.0,2689174.0,14.804744641227439
36765.0,-122.302961900056,47.6152176986614,1.0,0.0,
36766.0,-122.299069815527,47.5837277488816,1.0,0.0,
4002.0,-122.317930346745,47.626582671635,1.0,0.0,
4009.0,-122.314599132326,47.5768279370893,4.0,1646765.7904759028,14.314323795329535
36778.0,-122.327064843419,47.6359020246739,1.0,0.0,
20395.0,-122.310809585512,47.57685719596359,3.0,64354.0,11.072154371154577
25220.0,-122.28415233622955,47.57651381185857,3.0,32194.0,10.379535378766175
12205.0,-122.294236405566,47.574183892064205,3.0,1548329.5999999838,14.252687230364216
12207.0,-122.3052754802,47.6015904187826,1.0,0.0,
12208.0,-122.301986205726,47.6196387849909,1.0,0.0,
36784.0,-122.319540315791,47.6126114521498,1.0,0.0,
20404.0,-122.316649680934,47.6231008780777,3.0,64354.0,11.072154371154577
12213.0,-122.3336855209864,47.6220133998392,5.0,1476442.0,14.20514569730854
12214.0,-122.33303702564746,47.62184715434085,5.0,1910628.0,14.462942541792833
12215.0,-122.33297052875548,47.6218745748769,1.0,0.0,
4025.0,-122.300839868126,47.584459288615,3.0,289494.0,12.575889850391812
36794.0,-122.336537608555,47.6219435629206,1.0,0.0,
4027.0,-122.325339957278,47.6111479029485,4.0,2402544.0,14.692038733914863
4026.0,-122.339093563451,47.57175020440957,1.0,0.0,
12222.0,-122.309037074506,47.64106372762384,1.0,0.0,
12225.0,-122.30367781095,47.6042871677759,4.0,803344.0,13.596538294718874
4034.0,-122.329383121061,47.62423392157789,3.0,1932366.733333124,14.474256096306755
4035.0,-122.32901650071034,47.62423489447627,1.0,0.0,
4036.0,-122.320137937411,47.6171097813065,3.0,64354.0,11.072154371154577
4037.0,-122.3201339728455,47.61712286630975,3.0,128694.0,11.76519277245085
12230.0,-122.322543505917,47.6241907761971,1.0,0.0,
12231.0,-122.30812443545068,47.61717919281816,1.0,0.0,
36804.0,-122.291415546308,47.6022586313477,1.0,0.0,
20425.0,-122.284971018016,47.613940297317,1.0,0.0,
20426.0,-122.285444080384,47.6139740468414,3.0,64354.0,11.072154371154577
12235.0,-122.29755237992332,47.613063265295104,1.0,0.0,
36812.0,-122.322021191852,47.6167750107101,1.0,0.0,
20420.0,-122.328362042972,47.6120642334404,1.0,0.0,
4041.0,-122.334066592302,47.5856987032384,3.0,64354.0,11.072154371154577
36815.0,-122.320105820181,47.6171099627557,1.0,0.0,
12240.0,-122.3257499327842,47.63655231982016,3.0,1318778.999999999,14.092216866486051
12241.0,-122.307438159187,47.6197108386759,4.0,91443496.00000004,18.331231809440887
36817.0,-122.321982785207,47.6129529418982,1.0,0.0,
36821.0,-122.304346112888,47.6172082971614,1.0,0.0,
36825.0,-122.337774414197,47.6206628985039,1.0,0.0,
4058.0,-122.30111129562567,47.62477835860847,1.0,0.0,
20442.0,-122.32064174510104,47.60896902899002,3.0,64354.0,11.072154371154577
12252.0,-122.321054311346,47.6358865143962,3.0,2306734.0,14.651343229251147
20443.0,-122.32059366667,47.608694518868,1.0,0.0,
28638.0,-122.327197187848,47.6075433616653,1.0,0.0,
4063.0,-122.31417773014898,47.6371223618714,1.0,0.0,
28641.0,-122.336989481584,47.5779843263023,1.0,0.0,
4068.0,-122.328893301859,47.5883507086225,4.0,5846128.0,15.581290119726663
4069.0,-122.310810362402,47.5776445776801,3.0,64354.0,11.072154371154577
20454.0,-122.310840218626,47.6104767199411,1.0,0.0,
20455.0,-122.297753572153,47.6243703283346,3.0,64354.0,11.072154371154577
28650.0,-122.296344566592,47.6082226685934,1.0,0.0,
28652.0,-122.313430835587,47.6407416349383,1.0,0.0,
12270.0,-122.323368125826,47.5818121421419,3.0,255234.0,12.449936050418723
4081.0,-122.32624601157902,47.6316708979706,3.0,353758.0,12.776368342524862
4083.0,-122.31385125425768,47.58965975038283,1.0,0.0,
4084.0,-122.303582794114,47.6331582984272,4.0,289488.0,12.575869124358878
12276.0,-122.32416056544,47.6246169351263,1.0,0.0,
12278.0,-122.327275157561,47.6327064296734,1.0,0.0,
28670.0,-122.295393834177,47.591621120378,1.0,0.0,
36863.0,-122.284442615377,47.61672401682093,1.0,0.0,
36864.0,-122.314815427003,47.5848125683664,1.0,0.0,
28672.0,-122.321597157781,47.5841397198813,1.0,0.0,
28671.0,-122.328221396419,47.61618898801984,1.0,0.0,
36862.0,-122.330102401696,47.5922476471384,1.0,0.0,
36870.0,-122.324177020068,47.6049437290903,1.0,0.0,
4103.0,-122.310202908704,47.6079269494368,1.0,0.0,
12297.0,-122.286180752033,47.6230589330933,1.0,0.0,
20492.0,-122.318907606671,47.6242363599232,3.0,107190002.8666668,18.490113545411493
4109.0,-122.325792094971,47.6444165989464,3.0,5929651.000000007,15.595475915953623
4108.0,-122.305244003889,47.6015910481033,4.0,96528.0,11.477588400680544
12304.0,-122.322225351701,47.6029681542847,1.0,0.0,
4115.0,-122.31247976012833,47.636682117515,1.0,0.0,
12311.0,-122.284686919209,47.60919146641229,3.0,321642.0,12.681194404774827
4120.0,-122.32255129513436,47.619828693666136,1.0,0.0,
12314.0,-122.294190712401,47.5741533054269,3.0,64354.0,11.072154371154577
4125.0,-122.314447055187,47.5863035119384,1.0,0.0,
4126.0,-122.314535277792,47.5862998891361,1.0,0.0,
4127.0,-122.289126119124,47.596176341072805,1.0,0.0,
28705.0,-122.33363975685602,47.6222714264475,1.0,0.0,
12322.0,-122.326372189057,47.6455214409317,1.0,0.0,
28706.0,-122.333639560118,47.6222598494713,1.0,0.0,
12323.0,-122.327527008383,47.6135657385205,3.0,1396342.0,14.149366517973718
12324.0,-122.312097143208,47.6128673396351,3.0,64354.0,11.072154371154577
12325.0,-122.312117979463,47.61299447883527,1.0,0.0,
20519.0,-122.30801274576532,47.62276099268073,1.0,0.0,
4136.0,-122.318225917579,47.6128866099994,3.0,2370572.0,14.678641834202008
4139.0,-122.308891683602,47.5983673725743,3.0,128694.0,11.76519277245085
12332.0,-122.333777895617,47.6220536863313,1.0,0.0,
20525.0,-122.31298569188,47.6073875886049,1.0,0.0,
36911.0,-122.276939471323,47.6379421949399,1.0,0.0,
36917.0,-122.341680715232,47.6207955400819,1.0,0.0,
12345.0,-122.280423417403,47.6333247719587,1.0,0.0,
12346.0,-122.325947647747,47.6323525703631,3.0,418026.0,12.943298910529432
28734.0,-122.334498411797,47.6262439327795,1.0,0.0,
20542.0,-122.303283461272,47.6243575607805,1.0,0.0,
12350.0,-122.339103884577,47.62242102244539,5.0,1220608.0,14.014859653224748
4160.0,-122.318173844981,47.603311071158,3.0,64354.0,11.072154371154577
4162.0,-122.31730171529466,47.64707630525436,1.0,0.0,
36928.0,-122.319667556111,47.602051478018,1.0,0.0,
28739.0,-122.328306962006,47.5883313005763,3.0,353758.0,12.776368342524862
36933.0,-122.313968020498,47.6414857567544,1.0,0.0,
28742.0,-122.311406630883,47.578898432075,3.0,64354.0,11.072154371154577
36929.0,-122.326895672617,47.6161260201086,1.0,0.0,
20552.0,-122.328851112847,47.57435328930401,3.0,321618.0,12.681119784869932
20553.0,-122.337079465718,47.6208218563946,3.0,128694.0,11.76519277245085
4171.0,-122.300229486755,47.5784088771103,3.0,388673.3999999117,12.870494681259425
36942.0,-122.342558017952,47.625282087816,1.0,0.0,
12227.0,-122.310758412708,47.5785661301474,3.0,103760.66666666669,11.549842244053211
36945.0,-122.303686702596,47.5862530822167,1.0,0.0,
12228.0,-122.310744011614,47.57834431572684,1.0,0.0,
20564.0,-122.31476250414168,47.57304368258536,1.0,0.0,
4181.0,-122.33916536086733,47.574429174276,1.0,0.0,
12377.0,-122.325443323004,47.6138870355387,4.0,96528.0,11.477588400680544
28763.0,-122.308992599944,47.6403246255101,3.0,128694.0,11.76519277245085
36955.0,-122.312490774084,47.6142024044567,1.0,0.0,
12382.0,-122.319503684504,47.6062583390422,3.0,8329534.333333376,15.935318110219491
36960.0,-122.326900020569,47.6177844163844,1.0,0.0,
28771.0,-122.328852357687,47.5824792668029,1.0,0.0,
36971.0,-122.328546094232,47.5964034814236,1.0,0.0,
20589.0,-122.29366383191102,47.6116528242702,3.0,64354.0,11.072154371154577
12397.0,-122.328662015093,47.60995055432451,6.0,327191.72698411864,12.69830159911271
12398.0,-122.328622040622,47.60996708960801,1.0,0.0,
4208.0,-122.31515214097334,47.588376202603,1.0,0.0,
36980.0,-122.340457871314,47.6205526481519,1.0,0.0,
28791.0,-122.327211022013,47.6268733822742,3.0,128694.0,11.76519277245085
12408.0,-122.303867326128,47.6430553720201,1.0,0.0,
28792.0,-122.327126337906,47.6269033477426,1.0,0.0,
36983.0,-122.323296647903,47.5874093563335,1.0,0.0,
36987.0,-122.323203899174,47.6130636082853,1.0,0.0,
4221.0,-122.316573377522,47.6151753821167,1.0,0.0,
20607.0,-122.315800549791,47.5974065834353,1.0,0.0,
4228.0,-122.300341299185,47.58698281176,1.0,0.0,
4229.0,-122.30038330382,47.586873546351,3.0,128694.0,11.76519277245085
37002.0,-122.281568402988,47.6123299173654,1.0,0.0,
28811.0,-122.326770525465,47.6337114177065,1.0,0.0,
12427.0,-122.33011044505,47.5781843854071,1.0,0.0,
4237.0,-122.30232449247583,47.59985338358717,3.0,128694.0,11.76519277245085
37007.0,-122.304630564517,47.5976103458477,1.0,0.0,
12433.0,-122.321539574288,47.5775840286374,3.0,64354.0,11.072154371154577
37010.0,-122.312549241552,47.621386046578,1.0,0.0,
37012.0,-122.324028401956,47.6107271599666,1.0,0.0,
20633.0,-122.31921362070932,47.62563058285903,1.0,0.0,
37018.0,-122.328309462023,47.6078852643731,3.0,64660.00000000002,11.076898051279425
37019.0,-122.328274132384,47.6079011615567,1.0,0.0,
12450.0,-122.323297486429,47.61303841952239,3.0,64354.0,11.072154371154577
12451.0,-122.31276169849998,47.6209047547876,3.0,1014024.800000002,13.829437920427873
12453.0,-122.297887369634,47.5716641275652,1.0,0.0,
12454.0,-122.29409604886,47.5862422225037,3.0,5623418.733333479,15.542450352460742
37031.0,-122.33732811565,47.6219466381611,1.0,0.0,
12455.0,-122.29355416553068,47.5862692429324,1.0,0.0,
12457.0,-122.309504294797,47.6184819901409,3.0,289474.0,12.575820761944755
37034.0,-122.316924555699,47.6447127723121,1.0,0.0,
4267.0,-122.31554810031066,47.61919579842316,1.0,0.0,
20646.0,-122.32125344774867,47.58662224042144,1.0,0.0,
12461.0,-122.300499579207,47.575074357012,3.0,128694.0,11.76519277245085
37038.0,-122.312821737076,47.6186814726309,1.0,0.0,
20654.0,-122.33931470034,47.6219914554675,3.0,356144.0,12.78309042243039
20655.0,-122.339532233233,47.6219903650765,3.0,292828.0,12.587340684912489
12465.0,-122.301963305803,47.6042963093954,1.0,0.0,
12466.0,-122.323553675941,47.6070919164269,3.0,1585819.000000007,14.276611551083006
37043.0,-122.339566609538,47.6261220516854,1.0,0.0,
37044.0,-122.319914702654,47.6062199795645,1.0,0.0,
12469.0,-122.296494428216,47.62550894498721,3.0,707162.0,13.469015055830225
20662.0,-122.33901498026832,47.62205237016597,1.0,0.0,
20663.0,-122.33905784368676,47.62207178434301,7.0,835750.0,13.636084804282346
12472.0,-122.331824655743,47.5744262901458,4.0,96528.0,11.477588400680544
12471.0,-122.331824455652,47.5744537555699,1.0,0.0,
4287.0,-122.295178807355,47.59586991074989,3.0,2752858.0,14.828150202700003
37055.0,-122.276932100741,47.6385585926999,1.0,0.0,
37057.0,-122.31662405240355,47.611845366466255,3.0,64354.0,11.072154371154577
4289.0,-122.318777341927,47.6051599352127,3.0,193018.0,12.170538727786887
12483.0,-122.322262240509,47.6210309852403,4.0,1793584.0,14.399726410653642
28863.0,-122.318009256295,47.5836749660517,1.0,0.0,
37058.0,-122.29000012327,47.5733839729459,1.0,0.0,
12488.0,-122.327756967186,47.6239305488012,1.0,0.0,
12491.0,-122.322985900582,47.6231678155211,3.0,1252194.0,14.040407770715024
4301.0,-122.295451802335,47.5737684559542,3.0,1478696.7999999789,14.206671717296194
37071.0,-122.30018992175,47.5847786509611,1.0,0.0,
28880.0,-122.336816626998,47.6231584452198,1.0,0.0,
28881.0,-122.33594533570977,47.62306061748087,3.0,64354.0,11.072154371154577
28882.0,-122.33595871764,47.62308287663521,1.0,0.0,
37076.0,-122.3323774291,47.6220003833234,1.0,0.0,
28885.0,-122.32857797296572,47.60885212861783,6.0,348110.5174602949,12.760275287247998
28886.0,-122.32895388224004,47.608682051245005,5.0,226016.4,12.328362841993293
20696.0,-122.320046714748,47.61563678138683,1.0,0.0,
37085.0,-122.301292341959,47.6007427572308,1.0,0.0,
12509.0,-122.282733391709,47.6109410372406,1.0,0.0,
28895.0,-122.329344178294,47.6104898793787,1.0,0.0,
37086.0,-122.308224576492,47.594730215591,1.0,0.0,
28894.0,-122.328875353679,47.5849722283721,1.0,0.0,
28898.0,-122.339160676421,47.6205180847827,1.0,0.0,
4320.0,-122.319379511232,47.6141413433469,4.0,96528.0,11.477588400680544
28900.0,-122.319561820346,47.5973556143398,1.0,0.0,
12511.0,-122.299364592586,47.5750449385444,3.0,400681.15238086594,12.900921258784424
4319.0,-122.319375094816,47.6139590251761,1.0,0.0,
12519.0,-122.306724756138,47.6327499281177,1.0,0.0,
28904.0,-122.323100975556,47.6163367732367,1.0,0.0,
4328.0,-122.30607889044666,47.616772374465135,1.0,0.0,
37109.0,-122.329749914525,47.624090425397,1.0,0.0,
20740.0,-122.300372280231,47.6431191562,4.0,96528.0,11.477588400680544
37125.0,-122.322323041441,47.6188806782489,1.0,0.0,
4357.0,-122.311603025853,47.6079655467244,4.0,201085.3333333333,12.211484640894861
4359.0,-122.329126139059,47.6283219822731,6.0,160870.0,11.988351864384354
28936.0,-122.3417237153117,47.62206325636505,1.0,0.0,
28937.0,-122.3417626185072,47.622074190018616,5.0,128700.0,11.765239393584219
20745.0,-122.302680014444,47.614654977493,4.0,160864.0,11.988314566492301
4356.0,-122.311588267316,47.6075505015153,3.0,128694.0,11.76519277245085
12556.0,-122.3217625886586,47.65181551409496,3.0,64354.0,11.072154371154577
28941.0,-122.326092157489,47.57195783055854,1.0,0.0,
37138.0,-122.322942473985,47.6228771036996,1.0,0.0,
20755.0,-122.3248904477915,47.60754521398928,9.0,672999.2666666834,13.419499518977956
20756.0,-122.32599284088904,47.60709393141919,8.0,876445.8333335106,13.683630182612934
37141.0,-122.315560127169,47.6124740741573,1.0,0.0,
20754.0,-122.32485053812002,47.607573290204606,1.0,0.0,
37143.0,-122.337320153565,47.6202479360372,1.0,0.0,
37144.0,-122.333601465158,47.6235574807999,1.0,0.0,
20760.0,-122.303355087789,47.5991941818685,1.0,0.0,
4378.0,-122.291924321246,47.6224376132937,4.0,1856796.0,14.434362979696184
4377.0,-122.326120601162,47.6122615762291,1.0,0.0,
28961.0,-122.327158162297,47.637174376222,1.0,0.0,
20769.0,-122.301162128095,47.6026342408769,4.0,96528.0,11.477588400680544
4386.0,-122.308887958336,47.60235307400651,3.0,514398.0,13.150752563873105
28964.0,-122.283022028499,47.6320898876979,1.0,0.0,
4389.0,-122.321889208875,47.6115773939364,1.0,0.0,
37158.0,-122.327761687386,47.6361613445709,1.0,0.0,
12583.0,-122.30928737655,47.6243988168711,3.0,16001555.666666657,16.588196504644273
12584.0,-122.318980677019,47.63765077782816,1.0,0.0,
28968.0,-122.319206304689,47.6268751442848,3.0,128694.0,11.76519277245085
20773.0,-122.32609756909,47.59073833629801,3.0,480084.0,13.08171636757336
37163.0,-122.303454781818,47.614662591689,1.0,0.0,
4396.0,-122.321867114748,47.6244498000425,1.0,0.0,
37165.0,-122.334444580315,47.6232211962672,1.0,0.0,
37167.0,-122.306484761991,47.6020484326231,1.0,0.0,
20784.0,-122.334064113488,47.58776306461456,1.0,0.0,
4402.0,-122.316101507465,47.5794469727186,4.0,96528.0,11.477588400680544
4404.0,-122.28887470107186,47.62776041910736,3.0,385894.0,12.86331799933539
12596.0,-122.284051930439,47.6411151674036,4.0,193026.0,12.170580173839674
4405.0,-122.31806264931,47.6062963049572,1.0,0.0,
4408.0,-122.303629765791,47.6243552687889,3.0,453713.5999999997,13.025221440957695
4410.0,-122.330065249,47.58790607377531,3.0,64354.0,11.072154371154577
37180.0,-122.339608884147,47.6242802578637,1.0,0.0,
37181.0,-122.313757170998,47.6215575575727,1.0,0.0,
4417.0,-122.30734578277,47.57313339747841,3.0,576050.4666667042,13.2639505515808
12610.0,-122.324674725281,47.6208372483237,3.0,128694.0,11.76519277245085
4418.0,-122.30801131084802,47.57313477358431,3.0,513126.4666667443,13.148277617487778
37185.0,-122.31711265152468,47.61301451259229,1.0,0.0,
20805.0,-122.324691738715,47.6184446675876,3.0,321618.0,12.681119784869932
4424.0,-122.324658714532,47.6212494376355,3.0,64354.0,11.072154371154577
4425.0,-122.301627744838,47.5979602975603,1.0,0.0,
29003.0,-122.306451726456,47.6017605541969,4.0,96528.0,11.477588400680544
4428.0,-122.329367255976,47.6407959568007,3.0,118759521.6666668,18.592611180120723
12619.0,-122.310937012618,47.5931398313987,3.0,69536647.1333437,18.057364468445513
4430.0,-122.310709817347,47.6205388083092,4.0,1426088.1333333345,14.170445682628134
20815.0,-122.315875050455,47.5974465746746,3.0,8518168.133332364,15.957711867863162
12626.0,-122.32524094779768,47.620910421886,1.0,0.0,
12627.0,-122.2976703781516,47.57359640258733,3.0,289474.0,12.575820761944755
29013.0,-122.297046843672,47.57165820380492,3.0,64354.0,11.072154371154577
4443.0,-122.3211421117,47.6304076638475,1.0,0.0,
12637.0,-122.322115932758,47.6238449176202,1.0,0.0,
29024.0,-122.323902694843,47.61052575908777,1.0,0.0,
29025.0,-122.31343766442932,47.5746824855064,1.0,0.0,
4450.0,-122.3370888017204,47.61895980987818,3.0,64354.0,11.072154371154577
29027.0,-122.330764694187,47.6269534858188,1.0,0.0,
4451.0,-122.3108222669794,47.5802206083425,3.0,298152.0,12.605358702561622
12642.0,-122.308216177221,47.6128176574762,3.0,85907647.49999951,18.268783410931192
4459.0,-122.313895184819,47.5982051979407,1.0,0.0,
4464.0,-122.31063361473832,47.62478611780454,1.0,0.0,
29041.0,-122.306943727129,47.58122727809493,1.0,0.0,
37239.0,-122.297484254225,47.5784587237173,1.0,0.0,
37243.0,-122.286463327343,47.6228579560327,1.0,0.0,
37245.0,-122.280758892206,47.6408280090998,1.0,0.0,
20864.0,-122.32442631047394,47.60873258594168,4.0,3602989.587301585,15.097274499718168
20865.0,-122.32440461086053,47.60872368348484,1.0,0.0,
12676.0,-122.323011722717,47.6111528273723,3.0,3134626.0,14.958020426686943
12677.0,-122.31666288452,47.6047078855587,3.0,5010004.166666614,15.426947304730685
4486.0,-122.319862502828,47.6219624736565,3.0,7231359.133333324,15.793937561714591
12678.0,-122.316677061427,47.6043011884484,3.0,8657808.833333556,15.973972226968247
4488.0,-122.297987225923,47.5863274610163,3.0,64354.0,11.072154371154577
12681.0,-122.297529545405,47.5811804689495,1.0,0.0,
29066.0,-122.31156507420168,47.641075166631104,1.0,0.0,
4489.0,-122.33665387109,47.57973846303431,3.0,1519287.0,14.233751703823145
37264.0,-122.324346136532,47.6058297786906,1.0,0.0,
29073.0,-122.31967114049166,47.62870623525617,1.0,0.0,
29074.0,-122.33565950791667,47.62316168767319,5.0,193026.0,12.170580173839674
4497.0,-122.29485997621002,47.620118250448,3.0,11776468.666666664,16.281613917619
4500.0,-122.314666764815,47.5750840466524,4.0,1094042.766666521,13.90539035321692
37267.0,-122.323267158807,47.6130759712299,1.0,0.0,
37274.0,-122.291851121781,47.5769219603188,1.0,0.0,
12702.0,-122.299206034148,47.5784091701477,3.0,214553.6666666716,12.276315180307064
29092.0,-122.321639778636,47.6473732599174,1.0,0.0,
37284.0,-122.303164855312,47.6000130937466,1.0,0.0,
4518.0,-122.3239804828514,47.62412292374218,1.0,0.0,
12710.0,-122.32346339838,47.6149938076986,3.0,64354.0,11.072154371154577
12711.0,-122.321598302985,47.6059383224794,3.0,1782582.6666666768,14.393573807006817
20905.0,-122.304400894256,47.60616729709161,3.0,128694.0,11.76519277245085
29097.0,-122.284058221738,47.641208834858,1.0,0.0,
4523.0,-122.2913869850054,47.602220223206345,6.0,225198.0,12.324735294213564
29098.0,-122.308833006821,47.5997414324338,1.0,0.0,
20909.0,-122.316129932721,47.639605181038,3.0,289474.0,12.575820761944755
20907.0,-122.32825356197068,47.57782913583486,1.0,0.0,
37294.0,-122.333995357554,47.5858258816704,1.0,0.0,
20913.0,-122.323024585685,47.6225501233104,1.0,0.0,
29110.0,-122.325855169939,47.57224289274999,3.0,257342.0,12.458161218528163
20923.0,-122.29664637368836,47.59374381293053,1.0,0.0,
12732.0,-122.327077183974,47.6132630782292,3.0,176618.0,12.081744487212784
37309.0,-122.29144046106131,47.589728003634896,1.0,0.0,
12733.0,-122.327092785382,47.6132670388246,1.0,0.0,
4541.0,-122.29870733724,47.5739883146096,3.0,345256.75238094555,12.752043629026542
12739.0,-122.324563012917,47.6431440493838,4.0,7313442.6666666735,15.805224673894765
12741.0,-122.32187928282632,47.63957469340027,1.0,0.0,
4554.0,-122.310071089081,47.6161123651356,3.0,2099519.0,14.557218828839192
37323.0,-122.315594730412,47.5809297480139,1.0,0.0,
37325.0,-122.322322480917,47.6188466415079,1.0,0.0,
29135.0,-122.328936966782,47.579711567466,3.0,1092288.0,13.90378513677843
20947.0,-122.298198598111,47.5754436928255,1.0,0.0,
4563.0,-122.336581291068,47.5835873770775,1.0,0.0,
4565.0,-122.32013415599432,47.63958439174383,4.0,353818.0,12.776537935614915
12758.0,-122.303764244381,47.6403034808598,1.0,0.0,
12759.0,-122.30384437046798,47.642415620517,3.0,64354.0,11.072154371154577
37333.0,-122.335224470981,47.6233543828834,1.0,0.0,
4569.0,-122.288716694226,47.6186106585203,3.0,225174.0,12.324628715651741
4570.0,-122.288836117125,47.6183030110881,3.0,353786.0,12.776447489546149
29141.0,-122.32808819938172,47.60904238064696,1.0,0.0,
12764.0,-122.31382983764232,47.60271589427146,1.0,0.0,
12765.0,-122.322507266644,47.650177689917,3.0,1636438.0,14.308032486473945
29150.0,-122.3096812212554,47.60173766518589,1.0,0.0,
4568.0,-122.334071347673,47.58340656507371,3.0,128694.0,11.76519277245085
12760.0,-122.300184967956,47.5855913169429,1.0,0.0,
12777.0,-122.311363240949,47.6027230897111,3.0,83568635.49999985,18.24117883421479
4585.0,-122.301449212728,47.5844559020997,3.0,160858.0,11.988277267209066
29164.0,-122.344437221697,47.6218069173962,1.0,0.0,
37357.0,-122.323781779676,47.6481145808324,1.0,0.0,
37356.0,-122.340170509095,47.5742532027456,1.0,0.0,
29171.0,-122.309519119862,47.6171783082308,1.0,0.0,
20980.0,-122.307944178867,47.5769956960006,3.0,64354.0,11.072154371154577
29173.0,-122.304552644574,47.6417678133854,1.0,0.0,
4597.0,-122.324597928326,47.6208035721922,1.0,0.0,
20981.0,-122.32199897764433,47.612515271658765,1.0,0.0,
4602.0,-122.322280561883,47.62075702899781,3.0,867454.0,13.673317763460627
20987.0,-122.32457016027,47.6358291150762,1.0,0.0,
4603.0,-122.322266085337,47.6203778694816,3.0,803450.0,13.596670234469899
37370.0,-122.316618802991,47.6049192317031,1.0,0.0,
12796.0,-122.308016435828,47.5863114686669,3.0,3342119.990475714,15.022115891285804
29186.0,-122.32520870864502,47.60842892917991,1.0,0.0,
29187.0,-122.325233978547,47.60839390154512,3.0,32178.0,10.37903826821098
12810.0,-122.3241046358196,47.63828008689668,3.0,64354.0,11.072154371154577
4620.0,-122.31285061037867,47.63752253558977,4.0,96528.0,11.477588400680544
12812.0,-122.314581340248,47.62375481664841,3.0,128694.0,11.76519277245085
12814.0,-122.28085257551702,47.6407892811368,3.0,321618.0,12.681119784869932
4622.0,-122.326077454632,47.6119669281439,4.0,2243074.0,14.62335780448734
37390.0,-122.324215393601,47.577587425373,1.0,0.0,
4625.0,-122.323295082182,47.6488239744487,3.0,5917604.33333334,15.59344225153438
4626.0,-122.28570696223,47.62406456026684,1.0,0.0,
37393.0,-122.328624697925,47.5964433907459,1.0,0.0,
29200.0,-122.339000688049,47.5879130800415,1.0,0.0,
37388.0,-122.297073275217,47.5702740812914,1.0,0.0,
37399.0,-122.325029235313,47.5859232365692,1.0,0.0,
21017.0,-122.290090709108,47.6181968117637,1.0,0.0,
12825.0,-122.30651053360232,47.575495337863,1.0,0.0,
29211.0,-122.321800701763,47.6059081194141,1.0,0.0,
12831.0,-122.330361697589,47.6221373746159,3.0,331574.0666666852,12.711606492510324
37408.0,-122.283989755721,47.5737750968681,1.0,0.0,
12835.0,-122.3253116243154,47.60526420863523,3.0,64354.0,11.072154371154577
4644.0,-122.33968543384,47.6208289597128,4.0,1220794.0,14.015012024690291
4645.0,-122.339691047663,47.6207641990443,1.0,0.0,
37414.0,-122.296339808581,47.612470991561,1.0,0.0,
12837.0,-122.301224236727,47.6002885618775,3.0,64354.0,11.072154371154577
12836.0,-122.325404513954,47.6053870112581,1.0,0.0,
12841.0,-122.322107238888,47.6243955129779,1.0,0.0,
29226.0,-122.33825019757,47.6197364861502,3.0,160858.0,11.988277267209066
37418.0,-122.31213665763634,47.6167673809967,1.0,0.0,
4651.0,-122.305715384508,47.6079593790008,1.0,0.0,
37415.0,-122.32884722606,47.590761529524,1.0,0.0,
12838.0,-122.28609857179453,47.57842976807849,4.0,192986.0,12.17037292639585
12847.0,-122.32561843743264,47.65442891818134,1.0,0.0,
4659.0,-122.30011688063534,47.60848055603517,1.0,0.0,
37431.0,-122.297358943807,47.6221657063852,1.0,0.0,
37434.0,-122.330582697377,47.6207376081242,1.0,0.0,
37435.0,-122.330577222364,47.6197503109326,1.0,0.0,
4668.0,-122.28990840094131,47.569938260181495,1.0,0.0,
21053.0,-122.31823392995,47.6132390976134,3.0,193018.0,12.170538727786887
21054.0,-122.318239870284,47.61325183205196,3.0,128694.0,11.76519277245085
37439.0,-122.313342026971,47.6007570410558,1.0,0.0,
4672.0,-122.291132828841,47.6236240583101,4.0,160864.0,11.988314566492301
21058.0,-122.28478615598014,47.57623992228087,3.0,64342.0,11.071967885171565
21061.0,-122.31628175725534,47.618525212321536,1.0,0.0,
21062.0,-122.31406303249766,47.60829882823074,1.0,0.0,
4681.0,-122.320364777579,47.6130022976522,3.0,1075647.0,13.888432898963647
4685.0,-122.315134841461,47.6199966095815,3.0,257326.0,12.458099042523418
29261.0,-122.325857802093,47.5916445021709,3.0,383348.00000000006,12.85669847180896
21073.0,-122.31145523835868,47.572241860188136,1.0,0.0,
12886.0,-122.304061662063,47.6323290251911,3.0,2083378.0,14.54950117281464
12894.0,-122.29364482625,47.58798596075869,3.0,64354.0,11.072154371154577
37471.0,-122.316943976417,47.6022616791254,1.0,0.0,
12899.0,-122.324650262791,47.6558209832797,3.0,125167566.0,18.645163925561093
29283.0,-122.287294146832,47.6079513136764,3.0,128694.0,11.76519277245085
4715.0,-122.331114929529,47.6208363652907,1.0,0.0,
29294.0,-122.29632756807132,47.59845366370767,1.0,0.0,
12911.0,-122.317934844857,47.6260392722792,1.0,0.0,
21103.0,-122.32310351127433,47.61759664763776,1.0,0.0,
12913.0,-122.309283972084,47.6196339459637,3.0,64354.0,11.072154371154577
12914.0,-122.324073232268,47.6194272566456,3.0,1059826.0,13.873615301670613
12915.0,-122.321276366778,47.58099403739461,3.0,511228.00000000006,13.144570953628413
37486.0,-122.326172029159,47.5909399830476,1.0,0.0,
29301.0,-122.326903347052,47.61629216912834,3.0,64354.0,11.072154371154577
29295.0,-122.300400904662,47.5847782421672,3.0,257326.0,12.458099042523418
21114.0,-122.32388841565466,47.63119860239484,1.0,0.0,
4731.0,-122.322327222066,47.6191344425277,1.0,0.0,
37501.0,-122.291867546573,47.5768684608802,1.0,0.0,
21118.0,-122.311371962289,47.5749967876248,1.0,0.0,
4737.0,-122.31213319908132,47.6107949637804,1.0,0.0,
12933.0,-122.315065374392,47.62108174895286,1.0,0.0,
4744.0,-122.318744803233,47.64867303107869,3.0,321642.0,12.681194404774827
21129.0,-122.307366594755,47.6379476039709,3.0,64354.0,11.072154371154577
4745.0,-122.323699639379,47.6092977207915,1.0,0.0,
21128.0,-122.316047503032,47.5819678335722,1.0,0.0,
37512.0,-122.334675363214,47.573631602722,1.0,0.0,
37522.0,-122.332892987148,47.6275052935321,1.0,0.0,
4755.0,-122.311203817178,47.6396868901822,4.0,6424774.0,15.675672013029622
37524.0,-122.324770786355,47.6349478691242,1.0,0.0,
37523.0,-122.312605988149,47.6146741533226,1.0,0.0,
12952.0,-122.293854004093,47.6002287684422,4.0,96528.0,11.477588400680544
12953.0,-122.294489591652,47.60023725156547,1.0,0.0,
12954.0,-122.32700195821,47.6356764780982,3.0,1316098.0,14.090181856179896
37528.0,-122.320027456238,47.5984375525034,1.0,0.0,
4765.0,-122.290185879074,47.5966662420479,4.0,321654.0,12.681231712639327
21149.0,-122.32063961106,47.6046246756468,3.0,4497898.0,15.319120734499057
12961.0,-122.319304648514,47.6026502689115,1.0,0.0,
29346.0,-122.333383087502,47.593673489779,1.0,0.0,
29356.0,-122.30892079311802,47.6147192781251,1.0,0.0,
29357.0,-122.295811011508,47.582836645101,1.0,0.0,
12975.0,-122.32684957698,47.6188474634456,1.0,0.0,
21168.0,-122.310346245418,47.5999556344622,3.0,64354.0,11.072154371154577
4785.0,-122.311477572496,47.5996317451034,3.0,82983815.49999994,18.23415615277117
29363.0,-122.305581610305,47.6410419674647,4.0,257350.0,12.458192305080901
4787.0,-122.296408492226,47.6262724527894,3.0,64354.0,11.072154371154577
37558.0,-122.328018758251,47.6147979089791,1.0,0.0,
12985.0,-122.293832366157,47.6008159459401,4.0,867766.0,13.673677372044395
37562.0,-122.316617455298,47.6098872631823,1.0,0.0,
4796.0,-122.28526761894231,47.62335715053657,1.0,0.0,
21183.0,-122.32601213138868,47.625142442241234,1.0,0.0,
12992.0,-122.31749197527232,47.60348397796583,1.0,0.0,
4801.0,-122.317719927196,47.64687176950489,3.0,353794.0,12.776470101830274
12991.0,-122.316073052133,47.58994521131,3.0,482322.0,13.086367219779337
4804.0,-122.309352821936,47.6205334385479,3.0,230703.06666666665,12.348886736950247
4805.0,-122.323530047709,47.6485584218266,3.0,128694.0,11.76519277245085
12997.0,-122.307234475095,47.59283175299979,3.0,381695.6666666667,12.852378885948593
4807.0,-122.316189867791,47.619990849632,3.0,64354.0,11.072154371154577
37576.0,-122.325979627501,47.6222644707724,1.0,0.0,
4809.0,-122.325387670435,47.6264895572691,3.0,121129538.0,18.612371092901668
37575.0,-122.29259310015,47.6017027806512,1.0,0.0,
29384.0,-122.323562915505,47.6139938437236,1.0,0.0,
4811.0,-122.299073976582,47.5863177191975,3.0,128694.0,11.76519277245085
4813.0,-122.3174424927616,47.5837727557766,3.0,64354.0,11.072154371154577
29389.0,-122.328824509495,47.5840670481817,1.0,0.0,
37584.0,-122.326172492305,47.5889514978547,1.0,0.0,
4817.0,-122.315553592467,47.6200155159624,4.0,482376.0,13.086479171913698
4818.0,-122.31554976650598,47.6197165263818,3.0,64354.0,11.072154371154577
13009.0,-122.321543995464,47.5802492384898,1.0,0.0,
4820.0,-122.308530350985,47.5928979864181,1.0,0.0,
13013.0,-122.324693387056,47.6212211359947,1.0,0.0,
21205.0,-122.325992595281,47.5778437444793,1.0,0.0,
21207.0,-122.32860365579567,47.5964302393501,1.0,0.0,
29396.0,-122.329605494981,47.5905560903968,4.0,193026.0,12.170580173839674
13020.0,-122.308890505203,47.6042923266547,4.0,2309770.0,14.652658510441276
21212.0,-122.323696850311,47.58623767283499,3.0,444848.0,13.005487929765314
29406.0,-122.328560778527,47.6088396189949,1.0,0.0,
29407.0,-122.328488940156,47.60881719735679,1.0,0.0,
37600.0,-122.323546650471,47.648564050381,1.0,0.0,
29411.0,-122.322850838152,47.618691798809465,1.0,0.0,
13028.0,-122.313564400976,47.5999624751791,1.0,0.0,
37604.0,-122.336579198953,47.5897771278342,1.0,0.0,
13027.0,-122.289841488029,47.5706425083881,1.0,0.0,
4840.0,-122.29963362342733,47.63120464185733,1.0,0.0,
21224.0,-122.28399535541767,47.63250130681206,1.0,0.0,
37610.0,-122.332210102975,47.6197209635832,1.0,0.0,
21227.0,-122.294011483239,47.59407941387176,1.0,0.0,
13039.0,-122.291402387087,47.6116431675677,3.0,64354.0,11.072154371154577
21231.0,-122.321272715631,47.5822626664757,1.0,0.0,
37617.0,-122.316943174583,47.6047206950187,1.0,0.0,
4850.0,-122.27869100788432,47.631486939846695,1.0,0.0,
37619.0,-122.317952678395,47.6151654288888,1.0,0.0,
29428.0,-122.2938339008235,47.6017611788439,3.0,353786.0,12.776447489546149
21236.0,-122.32005429301834,47.60495024060089,1.0,0.0,
4854.0,-122.317208017387,47.5899423483949,4.0,15376495.19999738,16.548350615708816
21239.0,-122.301360050602,47.6139120474283,1.0,0.0,
21240.0,-122.3013593860585,47.61392866181655,3.0,64354.0,11.072154371154577
37625.0,-122.310098665874,47.6085288320595,1.0,0.0,
21242.0,-122.30004657760934,47.61387997266596,1.0,0.0,
29435.0,-122.327436759611,47.5732922797558,1.0,0.0,
13046.0,-122.30440525605302,47.57435809802154,1.0,0.0,
13054.0,-122.328872493661,47.5886883232486,3.0,546514.0,13.211315203836937
37632.0,-122.291630370139,47.6046094940814,1.0,0.0,
13056.0,-122.30284493940268,47.58540529778827,1.0,0.0,
13059.0,-122.333407966954,47.6230416581758,1.0,0.0,
4868.0,-122.300309539089,47.628201355925,3.0,128694.0,11.76519277245085
29445.0,-122.323718961067,47.6176989702619,3.0,64354.0,11.072154371154577
4870.0,-122.327183004441,47.639692440502735,3.0,118309916.99999993,18.588818154682816
21255.0,-122.329845738443,47.6185953246108,1.0,0.0,
4876.0,-122.322336853168,47.6349926387662,3.0,2466154.0,14.718170410067174
13068.0,-122.326976231724,47.6231624866141,3.0,64354.0,11.072154371154577
29454.0,-122.292289692024,47.5920738373683,1.0,0.0,
4883.0,-122.303788873194,47.6090643032328,4.0,17644211.500000514,16.685918327212914
13082.0,-122.303432390824,47.6153943943873,1.0,0.0,
4891.0,-122.31080181736,47.5798532990078,3.0,111254.0,11.6195711544383
13083.0,-122.299754423582,47.5836003403543,3.0,835378.0,13.63563959600848
37662.0,-122.325408797932,47.6179543643262,1.0,0.0,
4895.0,-122.288321527738,47.6260971097162,4.0,257338.0,12.458145674889398
4897.0,-122.327981602079,47.63682206273959,3.0,64354.0,11.072154371154577
29478.0,-122.307964504164,47.6253195213456,1.0,0.0,
21287.0,-122.282614892554,47.6281147797976,4.0,96528.0,11.477588400680544
13097.0,-122.29142987821768,47.6107443007072,1.0,0.0,
13100.0,-122.32461763934698,47.6339129715813,3.0,1063711.666666665,13.87727492218437
13110.0,-122.319565963886,47.5975714665634,4.0,6723058.166666096,15.721053693305178
4918.0,-122.3113722806132,47.57506254348279,3.0,468178.6999999317,13.05660533962505
4921.0,-122.32463865856,47.6368339306133,3.0,120942141.00000007,18.610822815645864
21307.0,-122.321247165355,47.63411772386596,1.0,0.0,
13116.0,-122.315149900589,47.6383123859528,3.0,160858.0,11.988277267209066
4924.0,-122.301037637298,47.625559769253,3.0,64354.0,11.072154371154577
21308.0,-122.30963984023168,47.59238716439413,1.0,0.0,
13120.0,-122.296146594513,47.625520662845965,1.0,0.0,
4929.0,-122.331155025082,47.622019172676,3.0,64354.0,11.072154371154577
29504.0,-122.316057606647,47.591569280742,1.0,0.0,
4931.0,-122.326273216225,47.6554572003399,1.0,0.0,
36801.0,-122.31660585868268,47.61183808238133,1.0,0.0,
13127.0,-122.28952314281666,47.61907289148287,1.0,0.0,
4937.0,-122.306269079491,47.6043333053394,3.0,64354.0,11.072154371154577
4939.0,-122.303277545601,47.5750326017737,3.0,716274.0857143883,13.481818173970145
4941.0,-122.324434720858,47.6356810588633,3.0,120904163.00000007,18.61050874840825
4942.0,-122.324498913566,47.635828765736,4.0,120939243.00000007,18.61079885348762
29517.0,-122.30049803518534,47.60263487705487,1.0,0.0,
21327.0,-122.319479014248,47.6026494989351,4.0,160864.0,11.988314566492301
21326.0,-122.319492136869,47.6027781719603,1.0,0.0,
36803.0,-122.320918799072,47.6091706086682,1.0,0.0,
13139.0,-122.31078801894,47.593900315668,1.0,0.0,
29524.0,-122.30555888813932,47.64203615424,1.0,0.0,
21333.0,-122.319889264771,47.62144450485656,1.0,0.0,
13141.0,-122.32479706149392,47.61055288953131,5.0,2144360.9238093123,14.578352128333988
21335.0,-122.340878483616,47.6221036952916,1.0,0.0,
13140.0,-122.32471683708847,47.6105649768342,1.0,0.0,
13148.0,-122.30436452927,47.6027478477022,1.0,0.0,
29535.0,-122.29838904243066,47.60160695155653,1.0,0.0,
13156.0,-122.276971341075,47.6407655661836,1.0,0.0,
13157.0,-122.29098611533202,47.6274326563095,3.0,128694.0,11.76519277245085
21351.0,-122.326053696355,47.6084865726423,1.0,0.0,
13163.0,-122.299367765206,47.6379407929504,3.0,450154.0,13.017345025424056
29550.0,-122.28929217554531,47.5933881527704,1.0,0.0,
4976.0,-122.31496709506168,47.619041092027366,1.0,0.0,
13173.0,-122.307924735752,47.5926053037234,3.0,69661309.80001022,18.05915562548175
13177.0,-122.300215639999,47.58828727099691,3.0,321618.0,12.681119784869932
4988.0,-122.304347732393,47.6058188346313,1.0,0.0,
4991.0,-122.325383763493,47.6265333625584,3.0,321650.0,12.681219276839146
29570.0,-122.32147370996232,47.6435656490144,1.0,0.0,
4994.0,-122.317944177376,47.6163886114983,3.0,6503582.333333331,15.687863711255622
21378.0,-122.310368123621,47.6082595255488,1.0,0.0,
4997.0,-122.320017902317,47.6062644329913,4.0,8247894.333333375,15.925468493410325
21382.0,-122.29364482360631,47.60248654464717,1.0,0.0,
13190.0,-122.296940507309,47.5882606058878,4.0,482304.0,13.08632989961587
5002.0,-122.32848464384298,47.6431121521777,3.0,160858.0,11.988277267209066
21386.0,-122.31345897417566,47.58405151850807,1.0,0.0,
13194.0,-122.331445819428,47.5744249631316,1.0,0.0,
29581.0,-122.299079822602,47.6431078415969,1.0,0.0,
5005.0,-122.304953378328,47.6059812908682,1.0,0.0,
5008.0,-122.321255978412,47.5809802733074,3.0,11155940.0,16.22748264944327
29587.0,-122.29950963162,47.6128556376784,1.0,0.0,
5014.0,-122.319956521658,47.6063002075715,1.0,0.0,
13207.0,-122.30285252230966,47.58397475839967,1.0,0.0,
5017.0,-122.331346193873,47.5717395860775,4.0,96528.0,11.477588400680544
13211.0,-122.317206426277,47.5880945323028,3.0,14776555.199997593,16.508552374600193
13212.0,-122.317104752382,47.6062542898077,3.0,8671982.333333373,15.975607965451623
13213.0,-122.306249501385,47.6042919216523,3.0,1156086.0,13.960550719910996
5022.0,-122.310461984289,47.5974443174857,3.0,1032578.3333333336,13.847569468574711
5021.0,-122.306785640764,47.5770000794735,3.0,64354.0,11.072154371154577
29606.0,-122.326960323944,47.61295490389839,1.0,0.0,
21418.0,-122.33588700050632,47.623825804586566,1.0,0.0,
13228.0,-122.310828992729,47.61757342396729,3.0,128694.0,11.76519277245085
13231.0,-122.326444058138,47.595960617475406,3.0,64354.0,11.072154371154577
21424.0,-122.28519704408,47.6174490125837,1.0,0.0,
21425.0,-122.328888777606,47.5872525833066,3.0,5210872.0,15.46625777016614
21428.0,-122.3390905968444,47.6203664662163,1.0,0.0,
21429.0,-122.33910449237972,47.62037957148144,6.0,225198.0,12.324735294213564
21437.0,-122.31058716407,47.5975779551888,1.0,0.0,
13255.0,-122.303815477709,47.60657357049811,1.0,0.0,
5067.0,-122.300841221927,47.5845687944124,3.0,64354.0,11.072154371154577
13262.0,-122.320597472479,47.62422678842071,3.0,107429930.8666668,18.492349387122708
5073.0,-122.314948571214,47.6175776613005,4.0,225184.0,12.324673124766276
21463.0,-122.303450169384,47.6148404856412,1.0,0.0,
13271.0,-122.286343421563,47.6192472010234,1.0,0.0,
21465.0,-122.309116662318,47.6406505604512,1.0,0.0,
21466.0,-122.308977789988,47.6406462858468,3.0,64354.0,11.072154371154577
13276.0,-122.295181469107,47.5966375468542,4.0,5118500.333333333,15.448372050465206
13277.0,-122.323320818127,47.6210123329956,3.0,1582268.0,14.274369818777615
13279.0,-122.305337275423,47.58763196688553,1.0,0.0,
13280.0,-122.30770575284134,47.57954876326426,1.0,0.0,
13281.0,-122.322919264648,47.6077067872562,1.0,0.0,
21477.0,-122.286729234196,47.58919500537636,1.0,0.0,
5105.0,-122.318236275851,47.6032768532877,1.0,0.0,
5112.0,-122.3213535419124,47.62731948713764,3.0,289474.0,12.575820761944755
13305.0,-122.326065924289,47.6271752578353,3.0,121489818.0,18.61534101476412
5114.0,-122.29976089669266,47.58951534258907,1.0,0.0,
5115.0,-122.304079259599,47.63528879193694,1.0,0.0,
5126.0,-122.33235720605154,47.62206913524745,3.0,2132718.0,14.572907780555694
13318.0,-122.29800837676534,47.58745090593353,1.0,0.0,
5127.0,-122.292921033648,47.585111795231,3.0,64354.0,11.072154371154577
29705.0,-122.303463964493,47.61430845849,1.0,0.0,
29707.0,-122.339883550763,47.623405985365,1.0,0.0,
5134.0,-122.29468596364632,47.574786018639365,1.0,0.0,
29713.0,-122.328050692017,47.61250245574969,1.0,0.0,
13338.0,-122.305923431355,47.6203797708174,3.0,287887.0666666667,12.570323552585526
21531.0,-122.323903022159,47.6047210926526,1.0,0.0,
21532.0,-122.323940127623,47.60470822533389,6.0,320789.1666666666,12.678539384661974
21533.0,-122.323541139123,47.6042930577064,1.0,0.0,
13346.0,-122.298190730207,47.5750400418081,3.0,64354.0,11.072154371154577
13353.0,-122.305462138627,47.62518682958049,3.0,899526.0,13.709623236902178
5162.0,-122.324094145082,47.6240436637029,3.0,13290331.4666653,16.402547371436743
13355.0,-122.31627008839934,47.61914336837733,1.0,0.0,
13363.0,-122.323689471885,47.6120238768684,1.0,0.0,
21561.0,-122.339145530799,47.6224242256216,1.0,0.0,
5177.0,-122.3082113315,47.5924958847248,3.0,69447895.13334386,18.056087319050103
5179.0,-122.323572224467,47.6277793534452,3.0,64354.0,11.072154371154577
29755.0,-122.29562990601666,47.60794526829486,1.0,0.0,
13376.0,-122.308001861485,47.6244524960455,3.0,225174.0,12.324628715651741
13377.0,-122.336506327021,47.6208232285399,3.0,1951812.0,14.484268729841517
5187.0,-122.316802422976,47.6179759069339,1.0,0.0,
21576.0,-122.310017842709,47.615993652645,1.0,0.0,
5192.0,-122.28668244577666,47.58194037814386,1.0,0.0,
5202.0,-122.31783051470268,47.64190414403593,1.0,0.0,
21586.0,-122.328918629857,47.5736442434712,3.0,128694.0,11.76519277245085
29783.0,-122.298489139154,47.63956249043,1.0,0.0,
29788.0,-122.302992753717,47.6152174196974,1.0,0.0,
13407.0,-122.311552708244,47.5991381609712,3.0,385894.0,12.86331799933539
29793.0,-122.319989175372,47.60630027613,1.0,0.0,
13410.0,-122.297338360851,47.6202333454358,3.0,867622.0,13.67351141492088
21604.0,-122.28872862376,47.57656168672013,1.0,0.0,
5221.0,-122.304892073165,47.5731309235283,4.0,64741511.51429517,17.98591315364573
5225.0,-122.321252704653,47.5841403441221,3.0,64354.0,11.072154371154577
13419.0,-122.317029958113,47.6383129983224,1.0,0.0,
21615.0,-122.324385157401,47.6307072369322,1.0,0.0,
29808.0,-122.305621027056,47.636696997089366,1.0,0.0,
29822.0,-122.30544149897,47.619009853381726,1.0,0.0,
13438.0,-122.30218679074834,47.57196902773656,1.0,0.0,
21634.0,-122.284373494453,47.6148653199306,1.0,0.0,
21637.0,-122.29110623994,47.6242810297166,1.0,0.0,
29830.0,-122.305513256197,47.6390861677125,3.0,64354.0,11.072154371154577
29831.0,-122.30600975496732,47.63908975517813,1.0,0.0,
29832.0,-122.287491396921,47.6276459542438,1.0,0.0,
29829.0,-122.327822403309,47.6169261723819,1.0,0.0,
29835.0,-122.31272620410168,47.60661113506362,1.0,0.0,
13451.0,-122.303734445606,47.6026299883892,3.0,225174.0,12.324628715651741
21651.0,-122.328931853292,47.5771667707626,3.0,450154.0,13.017345025424056
13460.0,-122.302231835048,47.6323189140083,3.0,2561758.0,14.756204299522317
21655.0,-122.291327378563,47.61927251104637,1.0,0.0,
5272.0,-122.30547950326,47.58402051688098,3.0,61125898.52380866,17.92844620542728
5276.0,-122.29091375192,47.5710124803184,1.0,0.0,
13472.0,-122.322011536974,47.6481826967621,3.0,674938.0,13.422376113784175
5283.0,-122.330393569908,47.6242290501371,4.0,1848177.399999848,14.42971052224739
21667.0,-122.30885600991,47.6016121463028,4.0,96528.0,11.477588400680544
5285.0,-122.290924821676,47.6128201381968,1.0,0.0,
5286.0,-122.331521118237,47.57435051648431,3.0,703747.0000000001,13.464174195549509
5287.0,-122.31986627323369,47.63843740247057,1.0,0.0,
5295.0,-122.31538218362202,47.5837376187851,1.0,0.0,
21680.0,-122.296135851768,47.6262710684056,1.0,0.0,
29872.0,-122.312306365959,47.5914996231982,3.0,64354.0,11.072154371154577
13488.0,-122.30821225544932,47.61195166107169,1.0,0.0,
5297.0,-122.337819012644,47.5898276613706,4.0,96528.0,11.477588400680544
13493.0,-122.320168677086,47.6431364961052,4.0,6764448.0,15.727191219805526
13494.0,-122.320165488884,47.6430559536946,1.0,0.0,
5303.0,-122.322932847029,47.6111410312439,1.0,0.0,
5304.0,-122.333205159123,47.5797141574729,4.0,3132253.0,14.957263111885295
29878.0,-122.330164836498,47.6207387293352,1.0,0.0,
21686.0,-122.297605815756,47.6089694241865,4.0,160864.0,11.988314566492301
21689.0,-122.32586933804552,47.609958333019,3.0,96809.33333333331,11.480498687349463
29882.0,-122.293216467515,47.59026457327707,1.0,0.0,
21688.0,-122.3258496004585,47.609994450195,1.0,0.0,
13500.0,-122.32612389333532,47.6420731098672,1.0,0.0,
13501.0,-122.316813523297,47.6188055600629,4.0,5858951.999999999,15.583481305969045
5309.0,-122.31814902098364,47.62033691069203,1.0,0.0,
13503.0,-122.32491717622234,47.63819635905024,1.0,0.0,
13502.0,-122.314173830488,47.61568024924761,3.0,128694.0,11.76519277245085
29883.0,-122.298873220722,47.5865772223297,1.0,0.0,
5314.0,-122.3092021455636,47.63227801368994,3.0,642838.0,13.37364802746409
21701.0,-122.29603004987467,47.57874890010643,1.0,0.0,
13511.0,-122.29035817145298,47.591199849486905,3.0,385894.0,12.86331799933539
5319.0,-122.306258513405,47.5951676304484,3.0,128694.0,11.76519277245085
29900.0,-122.32762662842464,47.64325144914417,1.0,0.0,
5326.0,-122.321166797784,47.6274570239349,1.0,0.0,
29902.0,-122.316678548281,47.6141688630576,1.0,0.0,
21711.0,-122.321656185511,47.6104922893082,1.0,0.0,
13522.0,-122.310836115467,47.5768159351965,3.0,2671269.41428594,14.798064353454667
5331.0,-122.325607037745,47.6334947870133,3.0,546514.0,13.211315203836937
29907.0,-122.33771618849352,47.61963046626565,4.0,96528.0,11.477588400680544
5339.0,-122.306080088781,47.6227391365456,1.0,0.0,
5341.0,-122.31399709541633,47.58451035677346,1.0,0.0,
13538.0,-122.29138009269802,47.6116843799574,3.0,128694.0,11.76519277245085
13543.0,-122.278428053837,47.6407482178604,3.0,514398.0,13.150752563873105
13545.0,-122.30438186922,47.5783959588524,4.0,1054737.9333335771,13.868802889611665
5354.0,-122.31315040409233,47.62312457483866,1.0,0.0,
21738.0,-122.342091828599,47.622109796713495,3.0,128694.0,11.76519277245085
29931.0,-122.3011600149046,47.603535757077225,3.0,160858.0,11.988277267209066
5358.0,-122.326550669602,47.6396939061111,3.0,118335140.99999993,18.58903133471124
21743.0,-122.311657030773,47.6150693674352,1.0,0.0,
5368.0,-122.302981076267,47.6203002390539,1.0,0.0,
21752.0,-122.307066162537,47.6026393538397,1.0,0.0,
13570.0,-122.30226707591834,47.577118542734695,1.0,0.0,
29955.0,-122.327024423959,47.6054846270923,1.0,0.0,
5384.0,-122.334071200193,47.5755280187736,4.0,1263840.0,14.049665263398246
5385.0,-122.304389635264,47.5775754844461,4.0,1973814.199999536,14.495478370938535
13579.0,-122.3266965796952,47.62781017334352,3.0,121230514.0,18.613204365588395
13580.0,-122.314510996451,47.62424272435769,3.0,385942.0,12.863442378089585
13581.0,-122.340497905127,47.6208364095723,3.0,1091994.0,13.903515940766399
21776.0,-122.321939703785,47.60424636185619,3.0,2740811.000000004,14.823764419970678
13594.0,-122.289882848663,47.62782028092,3.0,1375286.0,14.134172267453808
21788.0,-122.33531372384668,47.574353936110576,1.0,0.0,
5408.0,-122.307431224701,47.6379336802861,3.0,4329110.0,15.280872536126699
5409.0,-122.306916262066,47.6376850423057,3.0,4202326.0,15.251148739481508
5413.0,-122.32720911093467,47.6243349579731,1.0,0.0,
29995.0,-122.328673930796,47.5963761802726,4.0,289488.0,12.575869124358878
5421.0,-122.324062051188,47.6471099016318,1.0,0.0,
21806.0,-122.329154288062,47.609494947576,1.0,0.0,
21807.0,-122.3291393275716,47.60948221371413,3.0,32347.77777777778,10.384300604456051
21808.0,-122.328793744503,47.609118029355,3.0,53511.04761902949,10.887643409118366
21809.0,-122.328824683584,47.6091446041489,1.0,0.0,
13621.0,-122.31892864218332,47.6214623333866,1.0,0.0,
30007.0,-122.3323957076,47.62245055271169,1.0,0.0,
30008.0,-122.31285033564734,47.6191436441666,1.0,0.0,
21818.0,-122.32292398811,47.6053969109548,3.0,1679148.6666666754,14.333797476908538
13631.0,-122.316793370811,47.6175597269824,3.0,385894.0,12.86331799933539
5440.0,-122.31783632173934,47.62404091068377,1.0,0.0,
21825.0,-122.339867782457,47.6219900058123,3.0,101300.0,11.525841690236774
5443.0,-122.314647089285,47.57954411803061,3.0,2184079.923809223,14.59670521032809
13640.0,-122.33320137313,47.5806074741647,3.0,3194573.0,14.976963990539929
30026.0,-122.321905366473,47.6042902604151,1.0,0.0,
5450.0,-122.30697624884732,47.60347993145697,1.0,0.0,
5452.0,-122.328504405785,47.6432952647404,1.0,0.0,
30029.0,-122.328788772698,47.614219702996,1.0,0.0,
13647.0,-122.306062034185,47.62378573078596,1.0,0.0,
5456.0,-122.320159783694,47.6178955479301,1.0,0.0,
30032.0,-122.317414129317,47.5909124449105,1.0,0.0,
13651.0,-122.3367299576842,47.57384977610012,3.0,707034.0,13.468834034245736
21843.0,-122.30062077978032,47.5725053328046,1.0,0.0,
5460.0,-122.312786304705,47.606666616748406,3.0,64354.0,11.072154371154577
5461.0,-122.302678819737,47.61119925667207,1.0,0.0,
30038.0,-122.319309847774,47.6128128615628,1.0,0.0,
21847.0,-122.305565899262,47.5786669648781,1.0,0.0,
30039.0,-122.31931016453,47.6128244034851,4.0,96528.0,11.477588400680544
5465.0,-122.318085462806,47.6062574152429,3.0,8741826.33333337,15.983629688426026
5466.0,-122.317586552411,47.606256573449095,3.0,8639474.333333375,15.971852297879968
21846.0,-122.28856770079167,47.57830540284366,3.0,546514.0,13.211315203836937
5468.0,-122.303732429436,47.6186223674232,3.0,64354.0,11.072154371154577
21852.0,-122.321282875514,47.5794241381052,1.0,0.0,
21855.0,-122.29082268676989,47.58279014136071,3.0,64354.0,11.072154371154577
5473.0,-122.31460680287098,47.584776088237,3.0,193018.0,12.170538727786887
21862.0,-122.339062490833,47.6208275708704,3.0,1280132.0,14.062473755578782
13671.0,-122.312734843168,47.6128320614744,4.0,3103024.0,14.947887677851138
30056.0,-122.299121943164,47.595203587212666,1.0,0.0,
30057.0,-122.32651107307,47.6245892875471,3.0,128694.0,11.76519277245085
30058.0,-122.32649641001048,47.6245801307509,3.0,64354.0,11.072154371154577
5482.0,-122.322107638678,47.6243702203798,1.0,0.0,
13675.0,-122.297950342881,47.5933720957542,3.0,193018.0,12.170538727786887
21869.0,-122.28612470035598,47.60922507874,3.0,385894.0,12.86331799933539
13677.0,-122.320629251572,47.602657331342,4.0,4815606.0,15.387372451992892
21874.0,-122.29201607029032,47.58800458756127,1.0,0.0,
30070.0,-122.324545384386,47.6112358532167,1.0,0.0,
30072.0,-122.33615557793,47.5799488044687,1.0,0.0,
13689.0,-122.30335916534432,47.589542269999264,1.0,0.0,
21881.0,-122.286977226469,47.571619624537135,1.0,0.0,
30076.0,-122.32154238285334,47.647759995632406,1.0,0.0,
5500.0,-122.30491911396231,47.59667986362137,1.0,0.0,
21889.0,-122.28678822575232,47.58694883904863,1.0,0.0,
30082.0,-122.330559636145,47.6235132762965,1.0,0.0,
30083.0,-122.31897097572332,47.64455931610596,1.0,0.0,
13698.0,-122.304331861125,47.5844451273376,3.0,128694.0,11.76519277245085
13701.0,-122.316778153657,47.6164256587029,3.0,578682.0,13.268508382879117
21893.0,-122.310445935075,47.5795617007002,1.0,0.0,
13697.0,-122.30362507593368,47.584444315647495,1.0,0.0,
21896.0,-122.30336788067432,47.57567461936457,1.0,0.0,
21902.0,-122.32942943771866,47.59061211557636,4.0,96528.0,11.477588400680544
5519.0,-122.309416007569,47.5753976452009,1.0,0.0,
21903.0,-122.329099171682,47.590612566759766,1.0,0.0,
2725.0,-122.29093778806168,47.58278866621203,1.0,0.0,
30098.0,-122.304579175667,47.63910382682491,1.0,0.0,
21910.0,-122.306262133602,47.6058268871389,1.0,0.0,
5529.0,-122.330994544126,47.6220524293739,1.0,0.0,
30107.0,-122.319569351183,47.614821265301295,3.0,160858.0,11.988277267209066
5536.0,-122.331872677013,47.5696909607935,1.0,0.0,
5539.0,-122.29297371467266,47.5736454703881,1.0,0.0,
30116.0,-122.328600252809,47.6139200949266,1.0,0.0,
5543.0,-122.324854460223,47.61853916379139,3.0,257326.0,12.458099042523418
5544.0,-122.32468891177469,47.618530672863,1.0,0.0,
13738.0,-122.32460753333132,47.619649530099736,1.0,0.0,
21934.0,-122.284737515138,47.63300372683983,1.0,0.0,
5550.0,-122.312513433814,47.5731404868882,4.0,395053.53333329497,12.886776562126311
21936.0,-122.305468060997,47.6251388432941,1.0,0.0,
30130.0,-122.302116730441,47.5945516530273,4.0,96528.0,11.477588400680544
21941.0,-122.32238953545898,47.6287025447644,3.0,64354.0,11.072154371154577
13753.0,-122.300091777179,47.6103347940998,1.0,0.0,
21946.0,-122.32358688801531,47.65543272443026,1.0,0.0,
21950.0,-122.29835459325233,47.63219659980106,1.0,0.0,
21952.0,-122.31978198543202,47.6242186586962,3.0,107255218.8666668,18.490721775349964
13764.0,-122.296866951989,47.60898245995373,1.0,0.0,
30153.0,-122.32022323904,47.6340747752099,1.0,0.0,
5579.0,-122.284687466585,47.6367042177305,1.0,0.0,
5587.0,-122.30139648799302,47.5682533943128,3.0,64172219.647605695,17.977080959242322
13781.0,-122.310812665197,47.616021495079394,1.0,0.0,
13791.0,-122.318299169036,47.6202298558762,3.0,1042524.0,13.857155253972834
5600.0,-122.32374757481205,47.609366144159786,5.0,8326568.0,15.934961924443806
5601.0,-122.30801168323,47.6252049237911,4.0,96528.0,11.477588400680544
5603.0,-122.326864184597,47.6343124088721,3.0,1123918.0,13.932331353037865
21987.0,-122.312209870138,47.5959131630806,3.0,69640885.13334359,18.058862382911915
13798.0,-122.326182730415,47.5743325828668,1.0,0.0,
13799.0,-122.326115884122,47.57433232576,4.0,96528.0,11.477588400680544
13802.0,-122.321447205389,47.6515390649134,3.0,128694.0,11.76519277245085
5611.0,-122.32807126151695,47.610985666025975,9.0,878193.3460318235,13.685622060255524
13804.0,-122.32724853751796,47.60753476688138,7.0,866354.6000000003,13.672049572557263
13803.0,-122.32772255324,47.6079130895774,1.0,0.0,
13806.0,-122.3271952156645,47.607581608122246,1.0,0.0,
5610.0,-122.3280310207611,47.61101487569502,1.0,0.0,
5612.0,-122.32753455420006,47.61041568161202,9.0,273350.4063492026,12.518509790874822
5617.0,-122.3254649818518,47.62434901352724,1.0,0.0,
5613.0,-122.3275591357642,47.610448257539225,1.0,0.0,
13813.0,-122.325514595423,47.62735498353791,3.0,64354.0,11.072154371154577
5621.0,-122.326497133756,47.6242529924129,3.0,2056078.733333096,14.536311199246692
22009.0,-122.29608494177432,47.59162280596823,1.0,0.0,
30206.0,-122.324571127193,47.579257135238834,1.0,0.0,
13826.0,-122.31095934259,47.6153156767792,1.0,0.0,
5635.0,-122.30905301071398,47.6398879893477,3.0,385894.0,12.86331799933539
5637.0,-122.31352429905232,47.63706886106684,1.0,0.0,
5641.0,-122.31701314021268,47.61740883497114,1.0,0.0,
5642.0,-122.323613583663,47.65590555719249,3.0,125144006.0,18.64497568016851
13839.0,-122.31752011135602,47.6163890718156,3.0,6479728.333333331,15.684189143581314
22032.0,-122.292459998798,47.5879785261183,3.0,642838.0,13.37364802746409
13844.0,-122.311502531994,47.599944601132,3.0,83113223.49999993,18.23571437472339
13847.0,-122.32808891616166,47.57364503326693,1.0,0.0,
5669.0,-122.32812707966498,47.61014739728888,3.0,39395.93968253967,10.581418036232975
22053.0,-122.315548859086,47.5829598165349,1.0,0.0,
30247.0,-122.29047002272029,47.58777348270464,3.0,321618.0,12.681119784869932
13865.0,-122.322022455738,47.62481626601971,1.0,0.0,
30250.0,-122.326994357754,47.6461801012327,1.0,0.0,
30252.0,-122.330036645938,47.5926566028016,4.0,193026.0,12.170580173839674
30253.0,-122.304373501844,47.5851367437056,1.0,0.0,
5676.0,-122.340150069155,47.5772609330274,3.0,64354.0,11.072154371154577
30255.0,-122.323390731345,47.6091731237524,1.0,0.0,
13874.0,-122.31219476500269,47.6323741360113,1.0,0.0,
22068.0,-122.326199546856,47.617975481179,1.0,0.0,
22071.0,-122.335086235087,47.62314622285594,1.0,0.0,
22072.0,-122.33512650119071,47.62315927682461,7.0,514476.0,13.150904185937904
5695.0,-122.296308239529,47.6115982539461,4.0,96528.0,11.477588400680544
5697.0,-122.30758478848566,47.60199658592544,1.0,0.0,
30274.0,-122.320521080287,47.6079684411771,1.0,0.0,
13889.0,-122.320677145185,47.6141376243518,4.0,193026.0,12.170580173839674
22091.0,-122.31949469488,47.6010291073217,1.0,0.0,
30287.0,-122.32583011519598,47.5767472098243,3.0,546514.0,13.211315203836937
22099.0,-122.334723979422,47.5925039770627,3.0,128694.0,11.76519277245085
30292.0,-122.28754248504367,47.60541187465086,1.0,0.0,
5716.0,-122.313480369591,47.5794413603854,4.0,96528.0,11.477588400680544
5718.0,-122.293500020764,47.5907271115071,3.0,1572114.0,14.267931768425877
13910.0,-122.314235657528,47.600101131033966,1.0,0.0,
13912.0,-122.306322644471,47.5944589875203,4.0,353808.0,12.77650967209718
5717.0,-122.31289553278869,47.579436512734674,1.0,0.0,
30304.0,-122.326457669612,47.6409691511479,1.0,0.0,
22112.0,-122.325297217887,47.61218247832669,1.0,0.0,
5730.0,-122.311916210647,47.6314217463332,1.0,0.0,
30306.0,-122.333653093534,47.6233575801109,1.0,0.0,
5732.0,-122.28832778806002,47.6260842559093,3.0,321618.0,12.681119784869932
13920.0,-122.317263397875,47.6129771861766,3.0,2434278.0,14.705160761291024
13928.0,-122.291187498221,47.624929802110806,3.0,2908340.0,14.883093029645638
13929.0,-122.291872563657,47.6248836741576,3.0,3799070.666666667,15.15026703338309
30314.0,-122.339090625198,47.6201678100818,1.0,0.0,
5737.0,-122.3214336872961,47.61038080533513,3.0,64354.0,11.072154371154577
5736.0,-122.321390078522,47.6103994042436,1.0,0.0,
22126.0,-122.318875605035,47.62494947959991,1.0,0.0,
5743.0,-122.308887031872,47.6026416968013,3.0,642902.0,13.373747581028656
5744.0,-122.32959427432,47.6242303583408,3.0,1870694.733333157,14.441820434987525
13934.0,-122.31078615701767,47.60271089711813,1.0,0.0,
13938.0,-122.324629057721,47.6382820420851,3.0,121012309.00000007,18.611402825659876
13940.0,-122.311175084632,47.6164185400122,3.0,2144419.0,14.578379211183528
5750.0,-122.300284272209,47.6284543892707,1.0,0.0,
5757.0,-122.321991098709,47.6508747576377,1.0,0.0,
13949.0,-122.308014731463,47.6221056753129,3.0,91593536.00000004,18.332871259468753
5759.0,-122.302160092234,47.5884582349113,1.0,0.0,
30334.0,-122.30527176511232,47.599347632573405,1.0,0.0,
30337.0,-122.297759982883,47.56911735370227,1.0,0.0,
5762.0,-122.301287315978,47.6133177928469,1.0,0.0,
13953.0,-122.2920061422635,47.58367597206606,3.0,2620367.633333235,14.778825183959741
13952.0,-122.291991469862,47.58366725328045,3.0,2568701.7666665567,14.758911180083603
13961.0,-122.306219253181,47.586884535071,3.0,69492588.80001037,18.05673066887793
5771.0,-122.334998093847,47.5897730349189,1.0,0.0,
5772.0,-122.314187341031,47.6202258648416,1.0,0.0,
13967.0,-122.306323682661,47.593818587053,3.0,128694.0,11.76519277245085
5777.0,-122.323721987471,47.6139944460609,1.0,0.0,
13970.0,-122.2990973544,47.5865831720366,3.0,64354.0,11.072154371154577
30355.0,-122.32487944123834,47.61840656051964,1.0,0.0,
22165.0,-122.298243848891,47.6089693842159,1.0,0.0,
30360.0,-122.296611885878,47.6233264140425,1.0,0.0,
13981.0,-122.29931195776,47.5728852667045,3.0,64354.0,11.072154371154577
22174.0,-122.33987227096,47.6234171756977,5.0,128700.0,11.765239393584219
22175.0,-122.3398834248565,47.6234217081753,1.0,0.0,
13986.0,-122.331873204317,47.5678616390362,1.0,0.0,
5795.0,-122.300456853516,47.6379384334808,4.0,675096.0,13.422610181964268
5805.0,-122.303633987414,47.5837027983204,1.0,0.0,
13998.0,-122.277265172153,47.633306734289,3.0,64354.0,11.072154371154577
13999.0,-122.27707449038,47.6333075442754,1.0,0.0,
30382.0,-122.317147048505,47.5928286045508,1.0,0.0,
5806.0,-122.310877174455,47.5797188233949,1.0,0.0,
14000.0,-122.313438440555,47.58636776506281,3.0,193018.0,12.170538727786887
30384.0,-122.327997369155,47.6146657086912,1.0,0.0,
30388.0,-122.290978532899,47.629256602925,1.0,0.0,
22191.0,-122.326465845841,47.5957489968339,3.0,128694.0,11.76519277245085
14009.0,-122.325241052418,47.624324564514,1.0,0.0,
22201.0,-122.293131939483,47.6214460343575,1.0,0.0,
30395.0,-122.30863940878,47.6372730766366,1.0,0.0,
22202.0,-122.324587824309,47.579709605882194,3.0,9753145.333333336,16.093100389240988
30396.0,-122.304912083095,47.5864037645611,1.0,0.0,
30402.0,-122.328350941522,47.5963043974016,1.0,0.0,
5838.0,-122.28548758105012,47.57718004929014,3.0,96488.0,11.47717392726308
5839.0,-122.32234687192134,47.63587345620377,4.0,2402544.0,14.692038733914863
14031.0,-122.341849947917,47.6208379249616,1.0,0.0,
14033.0,-122.32124584120132,47.6256947466703,1.0,0.0,
5842.0,-122.305593385844,47.63958384742549,3.0,1243074.0,14.033097902107773
22226.0,-122.298666487669,47.617677881391806,3.0,64354.0,11.072154371154577
14038.0,-122.296308660703,47.6114604413572,1.0,0.0,
5846.0,-122.300224114845,47.5762994293142,1.0,0.0,
5850.0,-122.313461675714,47.57682175804829,3.0,545151.2238095199,13.208818510036199
30426.0,-122.326504823068,47.5965216472177,1.0,0.0,
22236.0,-122.27868177172802,47.6318807317326,3.0,64354.0,11.072154371154577
14045.0,-122.31371595843632,47.59915221219733,1.0,0.0,
5854.0,-122.30336652408867,47.578107835598,1.0,0.0,
14043.0,-122.29360377773068,47.581001899421096,1.0,0.0,
30433.0,-122.3140824036205,47.613621707929184,1.0,0.0,
22246.0,-122.291555391702,47.609309833986,4.0,160864.0,11.988314566492301
30439.0,-122.305089305041,47.5885864986475,1.0,0.0,
30448.0,-122.318660933128,47.599103934317135,1.0,0.0,
5873.0,-122.305114393555,47.6035410825907,4.0,96528.0,11.477588400680544
5884.0,-122.310719408495,47.5837501944695,3.0,577690.0,13.266792671597035
14077.0,-122.31537189739,47.5809622168764,4.0,604122.0,13.31153144327534
30462.0,-122.328212620865,47.61594883892817,1.0,0.0,
14081.0,-122.313127555133,47.58995147178981,3.0,353758.0,12.776368342524862
22276.0,-122.317919419067,47.58937846540643,1.0,0.0,
14085.0,-122.31592229285566,47.63767075232701,1.0,0.0,
5895.0,-122.31453884492198,47.62429773658889,3.0,193018.0,12.170538727786887
14090.0,-122.312082620205,47.6128251782195,3.0,3230366.0,14.98810600147294
22286.0,-122.28570340104348,47.62730028306319,4.0,96528.0,11.477588400680544
22287.0,-122.31279884532866,47.60310055721314,1.0,0.0,
22288.0,-122.324831695106,47.60756428993,1.0,0.0,
5906.0,-122.321278904791,47.5759555016834,1.0,0.0,
14101.0,-122.316670597385,47.612867870693,3.0,2562062.0,14.756322960989877
22294.0,-122.323068534577,47.62870529294727,1.0,0.0,
5911.0,-122.320098400827,47.6081077346452,3.0,193018.0,12.170538727786887
5912.0,-122.320650586147,47.6081069354241,3.0,4309642.0,15.276365395985026
14110.0,-122.31019989481234,47.61963524317084,1.0,0.0,
30499.0,-122.32720054050031,47.62204362782021,1.0,0.0,
22311.0,-122.316630137142,47.6104510890988,3.0,193018.0,12.170538727786887
30506.0,-122.316942105366,47.6087760328452,1.0,0.0,
5931.0,-122.307381642523,47.6268181257559,3.0,64354.0,11.072154371154577
14123.0,-122.300563405663,47.61897021041671,1.0,0.0,
5933.0,-122.314752998812,47.6137380762282,3.0,64354.0,11.072154371154577
5934.0,-122.31510463089069,47.61359572307779,1.0,0.0,
5938.0,-122.300076164381,47.6116086486043,4.0,160864.0,11.988314566492301
5939.0,-122.300644615491,47.611611610994366,1.0,0.0,
14134.0,-122.289225198205,47.61311695451604,1.0,0.0,
14135.0,-122.330034059075,47.5925569407742,4.0,96528.0,11.477588400680544
22335.0,-122.31383590285134,47.59802624744126,1.0,0.0,
30528.0,-122.301222332426,47.6012510945902,1.0,0.0,
5953.0,-122.2845015438995,47.6226495987707,3.0,289474.0,12.575820761944755
5955.0,-122.32214919808004,47.62049596025243,1.0,0.0,
14148.0,-122.32377666397151,47.61275629240848,3.0,64354.0,11.072154371154577
14149.0,-122.32352398442002,47.6124772463666,1.0,0.0,
14150.0,-122.323039995934,47.621413248550105,3.0,64354.0,11.072154371154577
14151.0,-122.314230231382,47.6012652773291,1.0,0.0,
30536.0,-122.29258605834302,47.5966675275931,3.0,64354.0,11.072154371154577
14153.0,-122.315665739038,47.5883757784982,3.0,64354.0,11.072154371154577
14154.0,-122.31587599992832,47.637210980524905,1.0,0.0,
30540.0,-122.29198687451,47.610387487617096,1.0,0.0,
14158.0,-122.31018430511136,47.605585229984,1.0,0.0,
30548.0,-122.315611502532,47.62145432331428,1.0,0.0,
30549.0,-122.337280726075,47.6226247705854,1.0,0.0,
5976.0,-122.30136558053296,47.613315914918346,3.0,128694.0,11.76519277245085
14169.0,-122.307564060385,47.5991867271023,3.0,257342.0,12.458161218528163
5987.0,-122.322063403104,47.6231660116789,3.0,1124150.0,13.932537752489148
14180.0,-122.303581984857,47.6436801226591,1.0,0.0,
14181.0,-122.30953121911402,47.6128227991986,3.0,3484074.0,15.063712856683042
30566.0,-122.32789859664832,47.6169288527573,1.0,0.0,
5991.0,-122.324699192907,47.6208067261315,1.0,0.0,
5992.0,-122.32540667944902,47.62080664708011,3.0,289474.0,12.575820761944755
22380.0,-122.292148040296,47.5903875910513,1.0,0.0,
5999.0,-122.328422314585,47.6396896888808,3.0,118529364.99999993,18.59067129374782
30576.0,-122.323548110591,47.6179873658765,1.0,0.0,
14191.0,-122.3172172639992,47.58293708291173,3.0,128694.0,11.76519277245085
6007.0,-122.3234601214,47.6152945951929,3.0,128694.0,11.76519277245085
22391.0,-122.33596753809232,47.62369059538067,1.0,0.0,
14201.0,-122.3080081400828,47.6247860695518,3.0,160858.0,11.988277267209066
22400.0,-122.29256360359066,47.5978942400111,1.0,0.0,
6017.0,-122.306943409507,47.5829156360445,3.0,4424449.457142501,15.302656412218825
22404.0,-122.297553701041,47.6148823084174,1.0,0.0,
30598.0,-122.32564286303,47.5838393227367,1.0,0.0,
30607.0,-122.307091260294,47.641490987016304,1.0,0.0,
6034.0,-122.320729158932,47.61817327704781,3.0,353758.0,12.776368342524862
30611.0,-122.330610662015,47.6196147760601,3.0,193018.0,12.170538727786887
30612.0,-122.30893894264598,47.6155964395017,3.0,64354.0,11.072154371154577
22421.0,-122.308809241709,47.5939536806336,1.0,0.0,
30615.0,-122.30753277543567,47.59972743004894,1.0,0.0,
22426.0,-122.323527921721,47.6180043229198,4.0,160864.0,11.988314566492301
14234.0,-122.314126377074,47.6135329025413,3.0,353758.0,12.776368342524862
14238.0,-122.305459016566,47.5863043385777,4.0,70257590.49048217,18.067678910027762
22430.0,-122.299022348177,47.58915872582577,1.0,0.0,
6048.0,-122.304962609521,47.6043321862104,3.0,160858.0,11.988277267209066
30626.0,-122.320043745778,47.6157397255435,4.0,96528.0,11.477588400680544
6051.0,-122.27992436425798,47.6333189870361,3.0,450154.0,13.017345025424056
30631.0,-122.32597706247331,47.62254692614736,1.0,0.0,
14250.0,-122.291037084312,47.6254054167628,3.0,193018.0,12.170538727786887
22443.0,-122.334504641034,47.5904493168972,1.0,0.0,
30638.0,-122.27715066443,47.6332371076208,1.0,0.0,
30640.0,-122.327171489073,47.6130665350979,1.0,0.0,
6067.0,-122.30680592197298,47.577041459371095,3.0,2030506.0809519948,14.523795620909222
6068.0,-122.325187087932,47.620838015213,4.0,225184.0,12.324673124766276
6069.0,-122.325141343277,47.6208905269787,1.0,0.0,
30651.0,-122.327489483115,47.6092561233798,1.0,0.0,
22459.0,-122.32986466878668,47.57435431516484,1.0,0.0,
14271.0,-122.326929214391,47.63529759194024,3.0,1252194.0,14.040407770715024
6083.0,-122.324302377579,47.649165144288,4.0,125432463.66666682,18.64727803357362
14276.0,-122.319455933442,47.6187200994259,3.0,675058.0,13.422553892089171
22467.0,-122.30521175535966,47.59517840146481,1.0,0.0,
22470.0,-122.33967849509,47.6213115928368,1.0,0.0,
14278.0,-122.30689630034,47.5863411088771,3.0,64354.0,11.072154371154577
30666.0,-122.291392422412,47.5966363201098,3.0,64354.0,11.072154371154577
30668.0,-122.301494103865,47.5647884158148,1.0,0.0,
22482.0,-122.32245916364802,47.6095791080588,1.0,0.0,
14291.0,-122.320142311374,47.62563686672047,1.0,0.0,
22483.0,-122.310780600229,47.6143753389535,1.0,0.0,
22485.0,-122.29379510858256,47.60248545496743,3.0,64354.0,11.072154371154577
22486.0,-122.326148705209,47.6080004787006,1.0,0.0,
22487.0,-122.32679220901058,47.60772901082067,1.0,0.0,
6104.0,-122.325473106696,47.6339130183463,4.0,1413545.666666667,14.161611763104812
6108.0,-122.314047546933,47.61245855124423,1.0,0.0,
22495.0,-122.314767619206,47.592164217257135,1.0,0.0,
30688.0,-122.310882212261,47.6165350137392,1.0,0.0,
14306.0,-122.30042974160531,47.58200657864014,1.0,0.0,
14307.0,-122.32463793445,47.6381811680956,3.0,120957333.00000007,18.610948421541313
6118.0,-122.309228579345,47.577039095955,3.0,2365786.4142856845,14.676621046531713
14312.0,-122.32118540667,47.5776182290039,1.0,0.0,
6126.0,-122.32066454357,47.6092896164902,3.0,3991982.0,15.19979840738529
30706.0,-122.31210863257,47.5870065348941,1.0,0.0,
6133.0,-122.312731831506,47.6220004139475,3.0,106542994.33333342,18.484059164308167
14326.0,-122.296470448474,47.626258769030606,3.0,514446.0,13.150845872479724
6135.0,-122.333800659962,47.6230555239435,1.0,0.0,
6134.0,-122.31538345723702,47.6062636786916,3.0,8704680.333333371,15.979371408319842
14335.0,-122.324471300436,47.649224894707096,1.0,0.0,
6143.0,-122.292916716066,47.5810709688401,1.0,0.0,
30722.0,-122.334031668211,47.593091761406406,1.0,0.0,
6147.0,-122.324680566231,47.6546746477758,1.0,0.0,
30724.0,-122.336000330749,47.6237839524868,1.0,0.0,
6149.0,-122.327166124021,47.6397340039945,3.0,64354.0,11.072154371154577
14343.0,-122.324424478396,47.616698613896766,1.0,0.0,
14345.0,-122.32005498808668,47.60561976737233,1.0,0.0,
14346.0,-122.320055314172,47.6052755665425,3.0,64354.0,11.072154371154577
6155.0,-122.3268684458925,47.617886255057954,3.0,64354.0,11.072154371154577
6156.0,-122.326857152063,47.61787387526,3.0,128694.0,11.76519277245085
22543.0,-122.29945823717668,47.57990517282376,1.0,0.0,
22544.0,-122.29758680213833,47.610930859401,1.0,0.0,
14358.0,-122.306241836892,47.6174322423231,1.0,0.0,
14360.0,-122.30184248937066,47.6270581447986,1.0,0.0,
30750.0,-122.28553464853952,47.57996768180576,3.0,64354.0,11.072154371154577
30758.0,-122.326064829019,47.5910133707875,3.0,131096.0,11.78368515822606
22572.0,-122.302075303294,47.6338321751588,1.0,0.0,
22574.0,-122.288316487547,47.5716183761634,3.0,128694.0,11.76519277245085
30767.0,-122.291127595613,47.5850970936745,1.0,0.0,
30769.0,-122.32720122398868,47.62078399197687,4.0,96528.0,11.477588400680544
14391.0,-122.29411028959198,47.5829526531827,3.0,160858.0,11.988277267209066
14392.0,-122.29360862376468,47.58294954812603,1.0,0.0,
6201.0,-122.33349241817102,47.5859954408744,3.0,546586.0,13.21144693926847
6202.0,-122.294972611241,47.6083577317629,3.0,7451773.333333334,15.823962593350693
14394.0,-122.299071202475,47.5858444933767,1.0,0.0,
30780.0,-122.327230301332,47.6268714751515,3.0,64354.0,11.072154371154577
30783.0,-122.341765597865,47.6205560018044,1.0,0.0,
22593.0,-122.28769077458,47.5966970271837,1.0,0.0,
22595.0,-122.29137996265332,47.61250020033034,1.0,0.0,
22598.0,-122.292587714266,47.61005217031976,1.0,0.0,
22599.0,-122.293703062508,47.5991216531142,3.0,64354.0,11.072154371154577
22600.0,-122.293191317817,47.59911367106313,1.0,0.0,
14411.0,-122.328608333446,47.6057099539211,1.0,0.0,
14412.0,-122.317249647004,47.5990830253949,3.0,128694.0,11.76519277245085
30799.0,-122.32296529164,47.6251409345798,3.0,739126.0,13.51322368607334
22607.0,-122.331125164856,47.5754179619352,1.0,0.0,
11007.0,-122.2966582816801,47.57283846270996,1.0,0.0,
30807.0,-122.29376557233869,47.60479404343884,1.0,0.0,
30809.0,-122.29268231143,47.6055278564473,1.0,0.0,
14427.0,-122.320276644059,47.6321899349528,3.0,64354.0,11.072154371154577
14428.0,-122.28856000525,47.5911571336714,3.0,193018.0,12.170538727786887
14430.0,-122.31669058413,47.57945198528531,1.0,0.0,
30816.0,-122.342052870285,47.620796824964,1.0,0.0,
6241.0,-122.29546641155764,47.611706107312735,1.0,0.0,
6242.0,-122.329945320102,47.629673457220896,3.0,867454.0,13.673317763460627
14436.0,-122.318695262879,47.6141345449405,1.0,0.0,
30824.0,-122.324567060952,47.6162861133204,3.0,64354.0,11.072154371154577
22636.0,-122.30627523446434,47.6019876906855,1.0,0.0,
22638.0,-122.328839318495,47.643313718713166,1.0,0.0,
14446.0,-122.298842252003,47.6042565031748,3.0,418026.0,12.943298910529432
6254.0,-122.303777356315,47.6100183438404,3.0,25114643.499999523,17.03896164036116
30833.0,-122.33728260900553,47.6207912028165,3.0,64354.0,11.072154371154577
30834.0,-122.337849459568,47.6207812004279,1.0,0.0,
6261.0,-122.311518309036,47.6016118773071,3.0,289474.0,12.575820761944755
30839.0,-122.337023047347,47.6188928596712,1.0,0.0,
22647.0,-122.316002355884,47.57604202128389,3.0,128694.0,11.76519277245085
22649.0,-122.328036965907,47.6109772143802,1.0,0.0,
22648.0,-122.31536766666568,47.576038292446334,1.0,0.0,
14459.0,-122.28712216613,47.6151619070898,3.0,963762.0,13.778599655144026
30844.0,-122.326520017398,47.63718362487297,1.0,0.0,
6269.0,-122.301988794377,47.639009814173,3.0,107586.0,11.586045806720419
6267.0,-122.330359111309,47.6195959523574,3.0,257326.0,12.458099042523418
6271.0,-122.310111470573,47.60433690569349,3.0,64354.0,11.072154371154577
14463.0,-122.30224249959868,47.57876863611563,1.0,0.0,
6276.0,-122.32527230801084,47.6121836477453,3.0,64354.0,11.072154371154577
6277.0,-122.32599479595406,47.611846684743576,7.0,2018622.7460315088,14.517926027944707
30857.0,-122.327324215686,47.63095007781754,1.0,0.0,
14474.0,-122.317879711318,47.6219476516907,3.0,7124631.133333324,15.7790685120186
14473.0,-122.317141490835,47.6163927017362,3.0,6456462.333333331,15.680592099337682
6285.0,-122.29101179213669,47.57831438659159,4.0,803344.0,13.596538294718874
30862.0,-122.309134405329,47.57185277029746,1.0,0.0,
14479.0,-122.31489533806332,47.6022887077996,1.0,0.0,
14481.0,-122.292725284324,47.605590982888565,1.0,0.0,
14482.0,-122.333282223259,47.57762752592453,1.0,0.0,
6297.0,-122.3208774214308,47.65104570094825,3.0,193018.0,12.170538727786887
14489.0,-122.291309382063,47.6186681942158,1.0,0.0,
22684.0,-122.33755201210369,47.62446142798181,3.0,193018.0,12.170538727786887
22685.0,-122.337488895345,47.624518929646605,1.0,0.0,
30878.0,-122.333659201613,47.6236430629191,3.0,64354.0,11.072154371154577
30879.0,-122.333665634087,47.6236300638689,1.0,0.0,
14499.0,-122.309485755709,47.6179071485003,3.0,225174.0,12.324628715651741
30885.0,-122.303856361262,47.6175864239675,1.0,0.0,
6315.0,-122.303753621092,47.6252913259907,1.0,0.0,
14509.0,-122.313535745857,47.6359164445685,3.0,128694.0,11.76519277245085
30893.0,-122.313427530133,47.5957377838659,1.0,0.0,
6322.0,-122.311620368316,47.6083541023867,1.0,0.0,
6325.0,-122.299437700235,47.5784041090765,3.0,183320.0666667039,12.11898890228601
6326.0,-122.315370436356,47.6115108887725,3.0,3432913.3333333344,15.048919826951732
14520.0,-122.294977085619,47.5863912262765,1.0,0.0,
6331.0,-122.32937966847,47.6402940834964,3.0,118746391.6666668,18.59250061445245
14526.0,-122.31817496898002,47.6039450990651,3.0,225174.0,12.324628715651741
30911.0,-122.321242747357,47.6518552559111,1.0,0.0,
6335.0,-122.310560348169,47.615487075202,3.0,64354.0,11.072154371154577
6339.0,-122.27719486892902,47.6364194280031,3.0,1187994.0,13.987776728386923
30917.0,-122.322896692221,47.6084335260597,1.0,0.0,
14534.0,-122.325188953609,47.6345140259203,1.0,0.0,
22727.0,-122.33593406691983,47.6221560298116,1.0,0.0,
22728.0,-122.33589247324642,47.62212628094368,5.0,1252564.0,14.0407032084401
22729.0,-122.33457387584087,47.62205519804044,5.0,1380288.0,14.137802731011654
22730.0,-122.33453571955523,47.62204753959063,1.0,0.0,
6345.0,-122.33676342391202,47.5718360378161,3.0,193018.0,12.170538727786887
22744.0,-122.314782206472,47.5876900762448,3.0,64354.0,11.072154371154577
30937.0,-122.298373102496,47.5784496050514,3.0,193018.0,12.170538727786887
14552.0,-122.293363864903,47.5730498556652,1.0,0.0,
6366.0,-122.321529309104,47.6510278847361,1.0,0.0,
22751.0,-122.285438420379,47.61352780040753,1.0,0.0,
14560.0,-122.31716794210767,47.617555456757366,1.0,0.0,
6372.0,-122.317435541163,47.57540265587297,1.0,0.0,
6374.0,-122.307479888337,47.6115580147681,3.0,83741123.4999998,18.243240734992614
6377.0,-122.33365840185633,47.6220441381445,3.0,46410.0,10.745270232235221
30954.0,-122.28806649545568,47.62506240105351,4.0,642874.0,13.37370402756366
30955.0,-122.28762550370432,47.62501911863304,1.0,0.0,
14571.0,-122.313466127594,47.5793203296494,1.0,0.0,
30960.0,-122.304820737062,47.6374929023624,3.0,64354.0,11.072154371154577
14576.0,-122.31496455239431,47.59995972505416,1.0,0.0,
30968.0,-122.301743187396,47.63957661086687,1.0,0.0,
30969.0,-122.30885283493168,47.6098364085399,1.0,0.0,
22777.0,-122.28833363179932,47.57007255229579,1.0,0.0,
14590.0,-122.284434754515,47.6173173741025,1.0,0.0,
30975.0,-122.325968676487,47.5743482808864,1.0,0.0,
30977.0,-122.29142115592532,47.5882803184064,1.0,0.0,
6405.0,-122.304740538231,47.6231538296855,3.0,771406.0,13.55597010279187
6409.0,-122.333518324444,47.6207702746468,3.0,176714.53333331557,12.082290903557787
30986.0,-122.33499808278,47.5898035064847,1.0,0.0,
22799.0,-122.306776824646,47.5795402534106,4.0,193026.0,12.170580173839674
6417.0,-122.32636436176,47.6456985272783,4.0,96528.0,11.477588400680544
6420.0,-122.33260916213932,47.6231974711017,1.0,0.0,
30998.0,-122.301809115921,47.6079508529398,1.0,0.0,
22809.0,-122.335192222261,47.5904030300997,3.0,64354.0,11.072154371154577
14622.0,-122.314059386594,47.5837331029939,3.0,767988.0000000001,13.551529387007738
22820.0,-122.323896394757,47.60473143186955,1.0,0.0,
14629.0,-122.30953570526434,47.6107968997317,1.0,0.0,
14628.0,-122.322917951814,47.5820290618584,1.0,0.0,
22830.0,-122.284510151811,47.6079124586272,3.0,64354.0,11.072154371154577
22832.0,-122.32604788099,47.6060516036633,3.0,128694.0,11.76519277245085
31027.0,-122.319775169264,47.6287085579283,1.0,0.0,
31028.0,-122.34041469822598,47.6205694433397,3.0,64354.0,11.072154371154577
31029.0,-122.324911170956,47.6470978339428,1.0,0.0,
14646.0,-122.327671496462,47.6431409238381,4.0,257338.0,12.458145674889398
22839.0,-122.341909573479,47.6208376524385,3.0,899622.0,13.709729954081745
14649.0,-122.310090515924,47.60429569346021,3.0,418062.0,12.943385025866627
22843.0,-122.324727694371,47.604626610631406,3.0,32178.0,10.37903826821098
22844.0,-122.32474431812476,47.60464625033283,4.0,64354.0,11.072154371154577
22845.0,-122.325258300511,47.6042605286923,1.0,0.0,
6460.0,-122.31543108960598,47.60163932157409,3.0,64354.0,11.072154371154577
31040.0,-122.30674714929766,47.63846283609016,1.0,0.0,
22852.0,-122.303033756376,47.6251217744731,1.0,0.0,
14663.0,-122.283896347616,47.6411545584645,1.0,0.0,
31049.0,-122.322003868194,47.6074475149827,4.0,9252213.666666668,16.04037339617258
6477.0,-122.304399504862,47.5750393738421,4.0,826950.9190476417,13.625500624055588
22864.0,-122.313024506084,47.59883087948396,1.0,0.0,
31068.0,-122.293481800175,47.6079025648821,1.0,0.0,
6496.0,-122.324058208949,47.618530528465534,4.0,996136.0,13.811639073429893
6501.0,-122.32544431093169,47.6148599976481,1.0,0.0,
6504.0,-122.33577596352534,47.57174056007083,1.0,0.0,
14698.0,-122.287100865673,47.6152037525454,3.0,64354.0,11.072154371154577
31083.0,-122.305180102421,47.6012883572384,1.0,0.0,
31084.0,-122.30558112642832,47.64066489676313,1.0,0.0,
14700.0,-122.319910682228,47.6062825123726,4.0,96528.0,11.477588400680544
31085.0,-122.3255611206135,47.6082650802888,1.0,0.0,
14703.0,-122.29112906473766,47.62345178743556,1.0,0.0,
31087.0,-122.327366821428,47.6136238219347,1.0,0.0,
14708.0,-122.29249558881,47.613993458924334,1.0,0.0,
6516.0,-122.317008234782,47.5883725408862,1.0,0.0,
31094.0,-122.324093161126,47.6066848895744,1.0,0.0,
31095.0,-122.31349479662369,47.58138821673096,1.0,0.0,
22904.0,-122.327104247731,47.6105689731001,3.0,33141.33333333333,10.408536523524663
22905.0,-122.327079406899,47.6105533166041,1.0,0.0,
6523.0,-122.293758188016,47.6099506322104,3.0,795350.0,13.586537548326506
22907.0,-122.29626754211368,47.6134322772727,1.0,0.0,
22909.0,-122.329058677592,47.6105767982442,1.0,0.0,
22912.0,-122.30967246478669,47.57438716074339,1.0,0.0,
31108.0,-122.29631109802033,47.5988743039566,1.0,0.0,
6532.0,-122.322342411816,47.6021187789284,1.0,0.0,
6536.0,-122.297582532412,47.6115925979096,4.0,193026.0,12.170580173839674
31112.0,-122.31826257547,47.6133319573335,1.0,0.0,
6541.0,-122.300178997169,47.5682263140447,3.0,64127896.84760569,17.976390035446244
14734.0,-122.324669606714,47.6231752844285,3.0,128694.0,11.76519277245085
31117.0,-122.319555455261,47.614244831529206,3.0,385944.0,12.86344756020197
22929.0,-122.283996749077,47.63221685391179,3.0,128694.0,11.76519277245085
31127.0,-122.326848670498,47.6172056141778,1.0,0.0,
6552.0,-122.304607106956,47.62517075596859,3.0,835378.0,13.63563959600848
31132.0,-122.30006750251398,47.56549514821587,1.0,0.0,
6558.0,-122.304528500207,47.6184635801423,1.0,0.0,
6561.0,-122.336672743937,47.57574315957189,3.0,5285.0,8.572627898304338
6564.0,-122.286060981473,47.6118768238529,1.0,0.0,
31142.0,-122.31456781223034,47.59740586536113,1.0,0.0,
6567.0,-122.32016317434932,47.63633961051474,1.0,0.0,
6571.0,-122.31286273419,47.6162284244491,3.0,128694.0,11.76519277245085
6573.0,-122.28916221896002,47.61520633084441,3.0,418026.0,12.943298910529432
6575.0,-122.330746093801,47.6219269649926,3.0,6681285.466666304,15.71482096212925
6576.0,-122.330587023545,47.6219290577383,3.0,7255578.600000486,15.797281193015724
31159.0,-122.339475920892,47.62213551740499,1.0,0.0,
31160.0,-122.339016160351,47.6221261308562,1.0,0.0,
6583.0,-122.316681741567,47.6027091593005,4.0,4676850.499999905,15.358135471262326
14777.0,-122.319450120204,47.5993160325669,1.0,0.0,
14780.0,-122.32521434435598,47.62195937344129,3.0,9254853.266667169,16.04065864937104
6589.0,-122.292196793805,47.59038291637995,3.0,64354.0,11.072154371154577
14783.0,-122.288735328006,47.6192301651516,4.0,96528.0,11.477588400680544
22986.0,-122.324400906814,47.6067446235186,3.0,193018.0,12.170538727786887
6602.0,-122.32288853714552,47.60841144331712,6.0,1504063.733333533,14.223681158480748
6603.0,-122.32440004510592,47.60775775660584,3.0,1249511.3999999657,14.038263152864957
14794.0,-122.30486575213564,47.5944601036067,1.0,0.0,
14799.0,-122.332371241982,47.5713642325566,1.0,0.0,
6608.0,-122.330066429817,47.5760662582745,1.0,0.0,
14800.0,-122.33197196841802,47.57132388635986,3.0,128694.0,11.76519277245085
6623.0,-122.294088774211,47.5851005947234,3.0,5565238.733333427,15.53205044084324
23008.0,-122.300010387201,47.5945519673582,3.0,257326.0,12.458099042523418
31200.0,-122.291005098055,47.5850907388728,1.0,0.0,
31204.0,-122.316708998909,47.61458790307145,3.0,64354.0,11.072154371154577
14821.0,-122.31418157324369,47.6168436960758,1.0,0.0,
31205.0,-122.316679887049,47.6144978508146,1.0,0.0,
23012.0,-122.328892403056,47.5900034632232,1.0,0.0,
6628.0,-122.294911762789,47.5730750297707,3.0,128694.0,11.76519277245085
6633.0,-122.324503237605,47.5950484959182,3.0,128694.0,11.76519277245085
23028.0,-122.298520570205,47.6189622812783,1.0,0.0,
31225.0,-122.336091999082,47.5984247007829,1.0,0.0,
31226.0,-122.30176133143398,47.63897322618229,3.0,64354.0,11.072154371154577
14845.0,-122.29609071894464,47.57902059253763,1.0,0.0,
14846.0,-122.296085088579,47.57874854383831,3.0,64354.0,11.072154371154577
31232.0,-122.307975304112,47.6213988359966,1.0,0.0,
23040.0,-122.330066286705,47.58624703966169,3.0,109332.0,11.602144403501859
23042.0,-122.293666161258,47.5879446338842,3.0,771294.0,13.555824902817543
6660.0,-122.30490754062262,47.58630893554456,3.0,6398115.666667353,15.67151407789451
14853.0,-122.28729944728302,47.607897661205605,3.0,642950.0,13.373822239698585
6661.0,-122.30225986535702,47.5776010277495,3.0,64354.0,11.072154371154577
31240.0,-122.287028332434,47.6196735357349,1.0,0.0,
6667.0,-122.32685203703402,47.6458110468409,3.0,160858.0,11.988277267209066
23051.0,-122.29079171444153,47.5836523655873,3.0,321642.0,12.681194404774827
23052.0,-122.29077523256,47.5836600539107,3.0,193018.0,12.170538727786887
31247.0,-122.338319328289,47.6205744650692,3.0,225174.0,12.324628715651741
6671.0,-122.3215653694566,47.61038773521408,3.0,3864738.0,15.167404449866375
31249.0,-122.319738134199,47.5975797298766,1.0,0.0,
6672.0,-122.314059037893,47.5729530027729,3.0,64354.0,11.072154371154577
14869.0,-122.31373963044868,47.60347533492084,1.0,0.0,
31254.0,-122.333681641798,47.6234223814132,1.0,0.0,
6680.0,-122.288109517307,47.59115208169769,3.0,128694.0,11.76519277245085
31258.0,-122.322086275997,47.6207720681143,1.0,0.0,
23067.0,-122.30046774007369,47.60161334825847,1.0,0.0,
14878.0,-122.324461703069,47.6457151310017,3.0,353758.0,12.776368342524862
23070.0,-122.29309454222566,47.62452066412727,1.0,0.0,
14880.0,-122.3370785848266,47.62112341462492,1.0,0.0,
14881.0,-122.30155496205168,47.58438156841953,1.0,0.0,
6696.0,-122.325340245779,47.6179891980695,3.0,193018.0,12.170538727786887
14889.0,-122.321988663792,47.621369894376606,3.0,64354.0,11.072154371154577
14890.0,-122.32207831607,47.62174722451814,1.0,0.0,
23080.0,-122.29349629519476,47.6079101930788,5.0,418868.0,12.94531111347055
6697.0,-122.32464894826632,47.59330318820541,1.0,0.0,
31277.0,-122.30950155269332,47.638123296670805,1.0,0.0,
31278.0,-122.2925721699684,47.601705887089295,3.0,64354.0,11.072154371154577
6702.0,-122.331467247586,47.5717797547733,3.0,160858.0,11.988277267209066
14896.0,-122.316746456337,47.6163930751861,3.0,6619066.333333331,15.705464880705675
6703.0,-122.294064742581,47.5757505864,3.0,2699294.799999978,14.808501111674573
31283.0,-122.310356294087,47.5721767723035,1.0,0.0,
14900.0,-122.31066996466102,47.60796822996739,3.0,224275.1666666688,12.320628999562505
6709.0,-122.30123242952898,47.5973255921989,3.0,64354.0,11.072154371154577
31285.0,-122.32119592956,47.5790112825331,1.0,0.0,
23092.0,-122.307920704089,47.5750040745711,1.0,0.0,
31288.0,-122.327752113071,47.6178208945661,1.0,0.0,
31295.0,-122.341495629126,47.6219622894401,1.0,0.0,
14915.0,-122.30123022083,47.6189697075643,3.0,353758.0,12.776368342524862
14916.0,-122.325541629021,47.60652059237939,3.0,64354.0,11.072154371154577
23109.0,-122.334550571034,47.6256448405996,3.0,64354.0,11.072154371154577
23112.0,-122.287897972462,47.5911486906007,3.0,64354.0,11.072154371154577
23113.0,-122.28798668534034,47.591483017507166,1.0,0.0,
6732.0,-122.295017019177,47.6099774957878,4.0,12749142.000000006,16.360974533186713
31313.0,-122.324431783987,47.6100711624678,1.0,0.0,
14929.0,-122.306145649413,47.58093336117387,1.0,0.0,
23123.0,-122.326670233012,47.6068271582098,1.0,0.0,
23124.0,-122.32665750532747,47.60684297219781,1.0,0.0,
23125.0,-122.3266830456642,47.6068294853943,4.0,240936.99999999997,12.392290767510655
6742.0,-122.325643894132,47.63337820953749,3.0,482278.0,13.086275990254082
19250.0,-122.32576291216134,47.5957513095892,1.0,0.0,
6748.0,-122.33106166421,47.6218877467822,1.0,0.0,
31325.0,-122.337316923944,47.6219664320125,6.0,160870.0,11.988351864384354
23134.0,-122.34174653175472,47.6209209817078,1.0,0.0,
23135.0,-122.34176539818378,47.62087341925479,6.0,546598.0,13.211468893486607
23136.0,-122.340291118967,47.6209391257423,1.0,0.0,
31327.0,-122.326690930683,47.6138011072769,1.0,0.0,
31333.0,-122.324009102535,47.6437062031939,1.0,0.0,
14949.0,-122.29605311839198,47.5785185053627,3.0,128694.0,11.76519277245085
14954.0,-122.32346520015136,47.614602364402735,1.0,0.0,
14957.0,-122.319009647386,47.618736671574105,3.0,6020378.666666665,15.610660716746436
31342.0,-122.328984872293,47.6425871694373,1.0,0.0,
14958.0,-122.340983332956,47.6221039488928,3.0,64354.0,11.072154371154577
6766.0,-122.278621550803,47.6322204441322,3.0,128694.0,11.76519277245085
6767.0,-122.319543280058,47.6039056031422,1.0,0.0,
31343.0,-122.319554479205,47.6001106496836,1.0,0.0,
6772.0,-122.32200967096,47.602682059976,3.0,4940762.0,15.413030128280786
6775.0,-122.315466225114,47.6138792238328,3.0,3480269.333333335,15.062620243391862
6779.0,-122.32448934506266,47.61111268383584,1.0,0.0,
23164.0,-122.32296813238032,47.63268697459777,1.0,0.0,
6783.0,-122.302994242851,47.6365801031362,1.0,0.0,
6784.0,-122.326508866069,47.6407967408367,3.0,64354.0,11.072154371154577
23171.0,-122.31890319472666,47.6235334939716,1.0,0.0,
23172.0,-122.29685696087364,47.61640783024643,1.0,0.0,
23173.0,-122.30318634283266,47.5935226107212,1.0,0.0,
14981.0,-122.31010117780902,47.6034861511242,3.0,83653223.49999984,18.242190520219484
14983.0,-122.297891449815,47.59258578858769,3.0,128694.0,11.76519277245085
31377.0,-122.288703044534,47.5909877378264,1.0,0.0,
23186.0,-122.338101587333,47.624451958913,6.0,482398.0,13.086524778449537
23187.0,-122.334536882677,47.6220886417722,1.0,0.0,
23188.0,-122.334544858971,47.6219359909699,1.0,0.0,
6803.0,-122.314097107135,47.572834680556,1.0,0.0,
6802.0,-122.32063499853102,47.613011784616,3.0,675106.0,13.422624994562678
31384.0,-122.303384641491,47.63919218951607,1.0,0.0,
31387.0,-122.29445918007669,47.59760440369583,1.0,0.0,
6814.0,-122.318944471479,47.62195296598859,3.0,7188707.133333324,15.788021898971397
23199.0,-122.328888216994,47.5748773581355,1.0,0.0,
6819.0,-122.306250006239,47.6103479807601,3.0,3236673.333333334,14.990056611329512
15014.0,-122.283015643675,47.61179275609154,1.0,0.0,
6823.0,-122.296256525239,47.615237991981004,3.0,2148108.666666666,14.580098323027118
23208.0,-122.301970668406,47.6255693273191,1.0,0.0,
23211.0,-122.32568793653012,47.63646876779876,3.0,64354.0,11.072154371154577
31405.0,-122.326179057611,47.5800964215039,1.0,0.0,
15022.0,-122.323761710681,47.61274304124921,1.0,0.0,
6836.0,-122.307173092304,47.5878215289041,1.0,0.0,
23221.0,-122.31373907523898,47.6396406623032,3.0,64354.0,11.072154371154577
31414.0,-122.326242370038,47.6090291020421,1.0,0.0,
6839.0,-122.300049868938,47.6008230106962,4.0,353800.0,12.776487060707822
15032.0,-122.291120204342,47.6254156260682,1.0,0.0,
31417.0,-122.317376346431,47.602645518136,1.0,0.0,
31412.0,-122.311359774811,47.5790580506221,1.0,0.0,
6838.0,-122.295061844044,47.5784115056292,3.0,487248.8666667716,13.096530291388182
6846.0,-122.310277241572,47.5770620835385,3.0,2549092.080952498,14.751247807049644
31426.0,-122.327189228555,47.6211642296575,1.0,0.0,
15045.0,-122.29468840784402,47.5784064313872,3.0,798290.1999998551,13.590227469471673
6854.0,-122.325790040134,47.6420803982647,4.0,1359664.9999999988,14.122748903840199
6855.0,-122.325800854176,47.6417917654636,3.0,1324584.999999999,14.09660976079556
15046.0,-122.31368513533069,47.62108710361127,1.0,0.0,
15049.0,-122.31354043360402,47.62423955408,3.0,64354.0,11.072154371154577
6858.0,-122.302127310314,47.6402937614072,3.0,64354.0,11.072154371154577
15048.0,-122.32546154478432,47.61570892266044,1.0,0.0,
6859.0,-122.290572288457,47.60790090064901,3.0,1092098.0,13.903611174850015
31430.0,-122.291413759926,47.60220357918087,1.0,0.0,
6862.0,-122.317299088425,47.6393979725789,1.0,0.0,
31434.0,-122.301296886989,47.6124999925254,1.0,0.0,
6864.0,-122.27720616346916,47.6399078687567,3.0,771214.0,13.55572117564067
23249.0,-122.332380470818,47.6245337215967,3.0,64354.0,11.072154371154577
6865.0,-122.316698493334,47.615316295062506,3.0,353758.0,12.776368342524862
6867.0,-122.28261640654098,47.6346217083607,3.0,128694.0,11.76519277245085
6868.0,-122.283379319075,47.6346307264734,4.0,225184.0,12.324673124766276
23248.0,-122.30884761005,47.6009764389508,1.0,0.0,
6861.0,-122.31034197093766,47.5795600582861,1.0,0.0,
31440.0,-122.325928168777,47.5743486886039,1.0,0.0,
23257.0,-122.309540273029,47.6142006357777,1.0,0.0,
6874.0,-122.322092117329,47.624245192377,3.0,107476850.8666668,18.492786041567644
6873.0,-122.298029268246,47.5859509657361,1.0,0.0,
31454.0,-122.330050431823,47.580377170716,1.0,0.0,
31458.0,-122.288978525223,47.6232222844057,1.0,0.0,
31459.0,-122.28677083866002,47.58761875907295,4.0,96528.0,11.477588400680544
31461.0,-122.31786222140369,47.62248829563603,1.0,0.0,
31467.0,-122.31806907241644,47.61470873899177,3.0,289494.0,12.575889850391812
6892.0,-122.310403362152,47.5777470045018,1.0,0.0,
6893.0,-122.327209369666,47.6452879407072,1.0,0.0,
31469.0,-122.291571342963,47.60817875472696,1.0,0.0,
15092.0,-122.290220355645,47.595802712389,3.0,160858.0,11.988277267209066
6902.0,-122.308867655448,47.6062259536546,4.0,11742476.99999996,16.278723338184324
6908.0,-122.30510670751868,47.6030233162129,1.0,0.0,
23292.0,-122.335066566757,47.574353245849,4.0,480363.0,13.082297347071131
15103.0,-122.314188763272,47.616449021563,3.0,193018.0,12.170538727786887
23300.0,-122.313376830233,47.5974400186409,3.0,76582731.13333143,18.153882167171314
15115.0,-122.327064334348,47.62316125110487,1.0,0.0,
31505.0,-122.314613812228,47.64123292559589,1.0,0.0,
15122.0,-122.31413136243002,47.59669293102869,3.0,128694.0,11.76519277245085
23316.0,-122.316704739041,47.6264526891257,3.0,128694.0,11.76519277245085
23317.0,-122.31626657935232,47.62657986103796,1.0,0.0,
15126.0,-122.316677044961,47.6064571716259,3.0,5074136.166666613,15.439666854939462
6933.0,-122.323218916428,47.608744227234666,1.0,0.0,
15128.0,-122.315652674497,47.6219339557016,3.0,1531724.4666666642,14.241904761062097
31513.0,-122.32618272821,47.5743475760718,1.0,0.0,
23322.0,-122.31666662279468,47.57728678019,1.0,0.0,
31515.0,-122.321787551081,47.6232128477397,1.0,0.0,
15133.0,-122.312801068542,47.60402977756123,1.0,0.0,
6943.0,-122.30247450966678,47.63560463425338,3.0,3918558.0,15.181234286947753
31521.0,-122.332387411067,47.6219765126511,1.0,0.0,
23329.0,-122.306263390329,47.60575835504,1.0,0.0,
15139.0,-122.310164333398,47.608529540543294,3.0,64354.0,11.072154371154577
23333.0,-122.326815612143,47.60959328664139,1.0,0.0,
23334.0,-122.327442426278,47.6092801531135,1.0,0.0,
31527.0,-122.316725226262,47.6139205078731,1.0,0.0,
31526.0,-122.325387254181,47.6136890707595,1.0,0.0,
15142.0,-122.327519681625,47.5870286716234,1.0,0.0,
15145.0,-122.286690631946,47.5752375168015,3.0,64354.0,11.072154371154577
6956.0,-122.33888358895,47.6219937694649,3.0,1635820.0,14.307654765641818
15158.0,-122.319729207221,47.6081076664689,3.0,128694.0,11.76519277245085
15164.0,-122.314161008483,47.6147124302452,3.0,64354.0,11.072154371154577
6972.0,-122.32875532242404,47.6107099350466,4.0,131856.80634920648,11.789471812361896
6973.0,-122.328713852246,47.6109089493914,1.0,0.0,
6974.0,-122.32872940250552,47.61069555881975,1.0,0.0,
15170.0,-122.296095888953,47.577575037714,1.0,0.0,
15182.0,-122.31608513975732,47.61044170900007,1.0,0.0,
15187.0,-122.319327262849,47.6125902177908,3.0,64354.0,11.072154371154577
7003.0,-122.306615507035,47.6395829039592,3.0,1305498.0,14.082095135140063
23389.0,-122.324667057342,47.5922558852308,1.0,0.0,
31582.0,-122.3316807447175,47.62183438573495,1.0,0.0,
23394.0,-122.325864132947,47.574729734253104,3.0,482322.0,13.086367219779337
15203.0,-122.3140541077378,47.59838421824516,3.0,7011809.166665567,15.763106309402716
23399.0,-122.287815465655,47.5716279121786,3.0,64354.0,11.072154371154577
23406.0,-122.33368319237802,47.62369749532311,1.0,0.0,
7028.0,-122.303239346081,47.5883475329774,3.0,193018.0,12.170538727786887
31604.0,-122.326676440572,47.61677018311966,1.0,0.0,
31606.0,-122.29029686424728,47.58508669402196,3.0,64354.0,11.072154371154577
7034.0,-122.30797766592,47.6246193340024,1.0,0.0,
31612.0,-122.310694816423,47.5864413883464,1.0,0.0,
7038.0,-122.319604038082,47.60203836920849,3.0,64354.0,11.072154371154577
23426.0,-122.312580692596,47.6142026257099,1.0,0.0,
31621.0,-122.30933659020866,47.62400347738876,1.0,0.0,
15241.0,-122.325780993769,47.5701671442066,1.0,0.0,
15244.0,-122.288684189254,47.5966635009994,3.0,64354.0,11.072154371154577
31629.0,-122.307630315178,47.6394595181594,1.0,0.0,
15246.0,-122.327261571872,47.6358192340897,3.0,1380126.0,14.137685357313226
15245.0,-122.301778631698,47.6026365046901,1.0,0.0,
15248.0,-122.32017811762,47.6432886951878,1.0,0.0,
7056.0,-122.304334883342,47.58359797995811,3.0,193018.0,12.170538727786887
7058.0,-122.326928561378,47.5693759175972,1.0,0.0,
23436.0,-122.2937769868618,47.5716208742194,3.0,64354.0,11.072154371154577
15257.0,-122.32343958674,47.6136001771101,3.0,128694.0,11.76519277245085
7066.0,-122.330553621564,47.6225687501467,1.0,0.0,
23451.0,-122.30598945668233,47.58022561424463,1.0,0.0,
7069.0,-122.308981339732,47.6160137585562,3.0,128694.0,11.76519277245085
7071.0,-122.296011568776,47.5882544064521,3.0,546514.0,13.211315203836937
7072.0,-122.329632459985,47.6396786947222,1.0,0.0,
23457.0,-122.299129141557,47.5945828518796,3.0,128694.0,11.76519277245085
23458.0,-122.288821109811,47.6103645581864,1.0,0.0,
15267.0,-122.301161617598,47.6042914588635,4.0,257338.0,12.458145674889398
15268.0,-122.301159412386,47.6044066392928,1.0,0.0,
7078.0,-122.312240925338,47.5802399192685,1.0,0.0,
7079.0,-122.312183226785,47.5802092500997,3.0,2762617.3238092302,14.831689094063501
7080.0,-122.304974869106,47.5783837824746,1.0,0.0,
23467.0,-122.285650108664,47.60570679568247,1.0,0.0,
7085.0,-122.279806789412,47.6286449105294,1.0,0.0,
23472.0,-122.307484642738,47.5754672528107,1.0,0.0,
7090.0,-122.30723595421966,47.623534137636966,1.0,0.0,
31667.0,-122.302134727965,47.6431308876704,1.0,0.0,
31668.0,-122.32475621434234,47.63232114410639,1.0,0.0,
15284.0,-122.303739248314,47.6152106628465,1.0,0.0,
23476.0,-122.33561236583316,47.623160905191554,6.0,931792.0,13.7448648927946
23475.0,-122.33556557239608,47.62314084906941,1.0,0.0,
31671.0,-122.308107074756,47.5829627158984,3.0,64354.0,11.072154371154577
15290.0,-122.314190856506,47.636009630439,3.0,64354.0,11.072154371154577
23483.0,-122.323729157961,47.5778322943897,3.0,964354.6666666667,13.779214417409793
7120.0,-122.302312383603,47.59892193718476,3.0,193018.0,12.170538727786887
31701.0,-122.326172370762,47.611971859508,1.0,0.0,
31703.0,-122.336197620032,47.6248354087194,1.0,0.0,
23512.0,-122.30060758659,47.57312618152739,3.0,64354.0,11.072154371154577
7129.0,-122.294217336377,47.5796126700098,3.0,1582581.3666664169,14.274567848213545
15319.0,-122.296039041203,47.5784172071615,4.0,437834.0666667468,12.989595274352753
23515.0,-122.308446810207,47.5802296630879,1.0,0.0,
31708.0,-122.310577389857,47.6384660861298,1.0,0.0,
23517.0,-122.311413056049,47.6072483800737,1.0,0.0,
31709.0,-122.334945541176,47.5883657528949,1.0,0.0,
15326.0,-122.33671371249,47.5720623792753,3.0,385942.0,12.863442378089585
15328.0,-122.330057833992,47.57818354403181,3.0,128694.0,11.76519277245085
15329.0,-122.314203256915,47.617581993969,3.0,128694.0,11.76519277245085
7143.0,-122.325240796563,47.6227244439952,3.0,642838.0,13.37364802746409
7144.0,-122.309404719211,47.6199769194763,1.0,0.0,
7145.0,-122.310007229127,47.6155838634221,3.0,321642.0,12.681194404774827
23530.0,-122.306613129776,47.6394558621279,1.0,0.0,
23533.0,-122.316702166552,47.6159010031725,1.0,0.0,
23534.0,-122.32348323426946,47.61939908807924,3.0,64354.0,11.072154371154577
31727.0,-122.310763370153,47.6199744478594,1.0,0.0,
23536.0,-122.320709684041,47.6185565935398,3.0,418026.0,12.943298910529432
7153.0,-122.305081139187,47.6331653642938,3.0,128694.0,11.76519277245085
23535.0,-122.298408814189,47.6042486084018,1.0,0.0,
23537.0,-122.325852521926,47.5838687950886,3.0,92950.66666666669,11.439824165438734
31733.0,-122.278402124766,47.6408095491172,1.0,0.0,
23545.0,-122.325146894659,47.5946800093425,3.0,319280.0,12.673823739722616
23552.0,-122.302956792671,47.62861587735491,3.0,64354.0,11.072154371154577
23553.0,-122.32649294299831,47.62588603375468,4.0,96528.0,11.477588400680544
15367.0,-122.30225614563568,47.63185846926637,1.0,0.0,
7183.0,-122.286098948984,47.6230117300816,1.0,0.0,
15376.0,-122.308962803501,47.5966895856075,3.0,64354.0,11.072154371154577
15377.0,-122.323457958236,47.621079845322974,1.0,0.0,
31765.0,-122.311802709148,47.5790550601468,1.0,0.0,
15383.0,-122.318977582292,47.64687590789631,3.0,418026.0,12.943298910529432
15386.0,-122.302251720432,47.6329589690901,1.0,0.0,
7195.0,-122.309057015437,47.6403387893815,3.0,321650.0,12.681219276839146
7196.0,-122.329054877884,47.636832458523294,3.0,1572294.0,14.26804625738545
31772.0,-122.33680023133998,47.62206206949917,3.0,64354.0,11.072154371154577
31771.0,-122.336748767635,47.6220975094807,1.0,0.0,
31773.0,-122.33789061854,47.6220727976277,1.0,0.0,
15392.0,-122.304326178949,47.60806918425144,1.0,0.0,
15389.0,-122.322143409766,47.6115249124168,3.0,128694.0,11.76519277245085
15390.0,-122.321885533034,47.611627922382,1.0,0.0,
23587.0,-122.319837688537,47.62325972075866,1.0,0.0,
23582.0,-122.326118964586,47.574117803259,1.0,0.0,
31783.0,-122.289501975312,47.60598170011213,1.0,0.0,
7209.0,-122.3215387631,47.5797099335308,4.0,10862356.666666668,16.200813853225153
15404.0,-122.293544950431,47.62058092069893,1.0,0.0,
23596.0,-122.30110556102,47.5945503476282,3.0,160858.0,11.988277267209066
7212.0,-122.294923109348,47.57307100675,1.0,0.0,
7215.0,-122.30205311297068,47.61901661002943,1.0,0.0,
7216.0,-122.331174041222,47.6241912542952,1.0,0.0,
15409.0,-122.321963181255,47.6015601251107,1.0,0.0,
23602.0,-122.33519836322728,47.624154731705545,3.0,64354.0,11.072154371154577
31797.0,-122.33031170626168,47.62223781776303,1.0,0.0,
15416.0,-122.313343701166,47.6008968859045,3.0,128694.0,11.76519277245085
7234.0,-122.325891763967,47.61167624696586,1.0,0.0,
15429.0,-122.29770031139,47.5915867841652,1.0,0.0,
15430.0,-122.301227133684,47.6006165101635,3.0,128694.0,11.76519277245085
23623.0,-122.30179662157,47.6282339832542,1.0,0.0,
31817.0,-122.326181165826,47.5767865391251,1.0,0.0,
31819.0,-122.340971999217,47.6224238015147,1.0,0.0,
23627.0,-122.29819709220436,47.61767477633987,1.0,0.0,
7246.0,-122.303837859673,47.60621125442359,3.0,128694.0,11.76519277245085
7247.0,-122.303445733153,47.60621605022751,3.0,64354.0,11.072154371154577
23634.0,-122.334397988989,47.5905086077595,1.0,0.0,
31829.0,-122.29313562249366,47.6084490854848,1.0,0.0,
15448.0,-122.32392657008624,47.62054712082743,4.0,96528.0,11.477588400680544
15451.0,-122.30262269791233,47.61353948261053,1.0,0.0,
7260.0,-122.322242597747,47.6191245580737,3.0,610734.0,13.322416791478428
15452.0,-122.322283306699,47.6186251899212,4.0,385954.0,12.863473470361086
31838.0,-122.328910965981,47.5683485194435,1.0,0.0,
7268.0,-122.322288512624,47.6482613364067,1.0,0.0,
7269.0,-122.299093560568,47.5862762738947,3.0,6151417.000000505,15.632193019747346
23658.0,-122.30184798243,47.6115533574319,1.0,0.0,
23659.0,-122.33892932242114,47.62088492939814,6.0,385948.0,12.863457924346177
31853.0,-122.314762637677,47.6237851849482,1.0,0.0,
23664.0,-122.296160666262,47.6201688307992,3.0,321648.0,12.681213058881061
15474.0,-122.316050437612,47.5785851522222,4.0,257350.0,12.458192305080901
7283.0,-122.31027888373768,47.6100329611023,1.0,0.0,
31860.0,-122.31614299169767,47.59908879333954,1.0,0.0,
31861.0,-122.297602135063,47.6100174394025,3.0,225174.0,12.324628715651741
31864.0,-122.3372917829,47.6237869503915,1.0,0.0,
15481.0,-122.335185708087,47.5862737027447,3.0,164055.00000000003,12.007957016437436
15482.0,-122.33504617513,47.5862719186686,4.0,257969.00000000003,12.4605947016458
15486.0,-122.288936846762,47.6232755523437,3.0,64354.0,11.072154371154577
31871.0,-122.32793820656802,47.6105646249122,1.0,0.0,
23681.0,-122.32369969035432,47.578332599904506,1.0,0.0,
31877.0,-122.324066661337,47.6046364659778,1.0,0.0,
7302.0,-122.301374920409,47.6120139142978,3.0,257326.0,12.458099042523418
7303.0,-122.30137851761,47.6116168361948,3.0,321618.0,12.681119784869932
7306.0,-122.305881357068,47.6339728368442,1.0,0.0,
23691.0,-122.326182814536,47.5736823081659,1.0,0.0,
31891.0,-122.316941351917,47.6104480337673,1.0,0.0,
15509.0,-122.294210508044,47.5810339642239,3.0,1614615.3666663887,14.294607323218703
15510.0,-122.327539450489,47.58832770078229,3.0,8549797.333333336,15.961418136928302
31897.0,-122.327676202498,47.6063421341499,1.0,0.0,
31898.0,-122.327711671535,47.60636851299109,4.0,193026.0,12.170580173839674
31899.0,-122.32741481677964,47.60595726023362,4.0,96528.0,11.477588400680544
31900.0,-122.327098896176,47.6056594733457,1.0,0.0,
23711.0,-122.29990924031,47.633415561203,1.0,0.0,
7328.0,-122.298574710059,47.58360815905561,3.0,963658.0,13.778491738862053
31905.0,-122.29777338135,47.607940797029,3.0,64354.0,11.072154371154577
23717.0,-122.288027103885,47.6171683128012,1.0,0.0,
23723.0,-122.28537273179434,47.6277370986738,1.0,0.0,
31928.0,-122.323498343986,47.64848209801661,3.0,64354.0,11.072154371154577
31929.0,-122.326061666999,47.5881430129373,1.0,0.0,
31930.0,-122.321279262476,47.6059134734079,1.0,0.0,
15547.0,-122.296805915914,47.6213920813497,1.0,0.0,
31946.0,-122.290495936715,47.6008182763209,1.0,0.0,
15562.0,-122.316653897362,47.5785994635829,3.0,64354.0,11.072154371154577
7372.0,-122.31788904682432,47.6214678171439,1.0,0.0,
31953.0,-122.299681780954,47.5837285908429,1.0,0.0,
7378.0,-122.3266508336595,47.6195840432102,4.0,160864.0,11.988314566492301
31955.0,-122.337355932954,47.6219467405064,1.0,0.0,
31956.0,-122.334036759495,47.592985747766,3.0,64354.0,11.072154371154577
15576.0,-122.296276024217,47.6141694100385,3.0,257342.0,12.458161218528163
7386.0,-122.298956347486,47.577444854295,1.0,0.0,
15580.0,-122.319446483642,47.6034861880771,1.0,0.0,
7396.0,-122.318960745367,47.6396041456085,4.0,546610.0,13.211490847222768
7397.0,-122.30538897995432,47.62312659056047,1.0,0.0,
31974.0,-122.316190497845,47.6283475967383,1.0,0.0,
15591.0,-122.30935951027,47.6221151365033,4.0,91609282.00000004,18.33304315638836
7398.0,-122.304404965471,47.6099840018449,3.0,9604663.333333336,16.07775930238187
23785.0,-122.31746451417769,47.60577782494753,1.0,0.0,
15595.0,-122.299949261505,47.63425158260707,1.0,0.0,
23787.0,-122.322981091683,47.605388104675306,3.0,2895391.666666676,14.878630950569416
31979.0,-122.322927611961,47.6054367393788,1.0,0.0,
23790.0,-122.335788031057,47.6207798084289,1.0,0.0,
23791.0,-122.333899851628,47.6244272574906,1.0,0.0,
7408.0,-122.306777825105,47.5783976872894,1.0,0.0,
15600.0,-122.315574132061,47.6153219841975,3.0,482278.0,13.086275990254082
15601.0,-122.28758750963702,47.6293768452529,3.0,863184.0,13.668383157073087
31982.0,-122.302527093147,47.6023457302992,1.0,0.0,
7411.0,-122.305126182082,47.6020136451627,1.0,0.0,
23796.0,-122.301989493595,47.60906424093853,1.0,0.0,
7413.0,-122.32711823769876,47.60661170782432,6.0,321681.0,12.681315650245757
7414.0,-122.32775342843496,47.607334485305714,6.0,465738.6,13.051379811513714
7415.0,-122.32772367444824,47.60732622854105,1.0,0.0,
7416.0,-122.327087934702,47.60660534186594,1.0,0.0,
7409.0,-122.30730437702398,47.5944750589097,3.0,418026.0,12.943298910529432
15607.0,-122.316011547945,47.5809723262584,1.0,0.0,
23813.0,-122.317306418809,47.5863350142342,3.0,64354.0,11.072154371154577
15623.0,-122.32931563746668,47.6132026921062,1.0,0.0,
15624.0,-122.32932976553,47.6131753587562,3.0,64354.0,11.072154371154577
7433.0,-122.310825898944,47.6164167482657,3.0,2121931.0,14.567837081133518
32010.0,-122.323040631179,47.6054803755149,1.0,0.0,
15625.0,-122.329315534518,47.6131591836708,1.0,0.0,
23819.0,-122.314995439484,47.5877239417747,1.0,0.0,
15635.0,-122.298534752779,47.5882729683527,3.0,385894.0,12.86331799933539
15636.0,-122.322244135506,47.6187037918959,4.0,546592.0,13.211457916437787
7448.0,-122.29496645260102,47.6079085623317,5.0,257348.0,12.458184533533313
7449.0,-122.294962521717,47.6078954535952,1.0,0.0,
15642.0,-122.28751838731232,47.61800701343126,1.0,0.0,
32026.0,-122.28610144826298,47.607835261221,3.0,450154.0,13.017345025424056
23836.0,-122.308711081865,47.6157536179484,1.0,0.0,
32025.0,-122.28971567606928,47.58365183678837,3.0,128694.0,11.76519277245085
7454.0,-122.3168452928908,47.61934909850482,3.0,5875284.999999998,15.58626512745619
23839.0,-122.321281602859,47.5881410046865,3.0,128694.0,11.76519277245085
7457.0,-122.330413175071,47.6219370611304,4.0,784037.8666666236,13.572212597485843
7458.0,-122.326759227421,47.6356841626784,1.0,0.0,
7460.0,-122.30156035451364,47.58511914820874,1.0,0.0,
7462.0,-122.3036949318894,47.61337401547674,3.0,92785179.00000004,18.34579747594986
32039.0,-122.31447645557,47.593979045173,1.0,0.0,
7465.0,-122.305364624145,47.6197434189887,1.0,0.0,
32041.0,-122.300339384784,47.6432438741196,1.0,0.0,
15661.0,-122.320030635985,47.6061194236884,1.0,0.0,
23853.0,-122.327635581286,47.6138808626098,5.0,257582.0,12.459093394994513
7477.0,-122.31785021423566,47.64196036194753,1.0,0.0,
15670.0,-122.297558837833,47.6141301966243,3.0,64354.0,11.072154371154577
7482.0,-122.305378100099,47.6369734768812,4.0,4077182.0,15.220916621472183
23870.0,-122.32282450053934,47.60446288339224,1.0,0.0,
32064.0,-122.289277890082,47.6017361251604,1.0,0.0,
23872.0,-122.31665220167132,47.58420169788197,1.0,0.0,
23873.0,-122.318236030771,47.6130411158479,6.0,979575.0,13.794874083113832
7491.0,-122.326618602867,47.6195101012759,3.0,385944.0,12.86344756020197
23874.0,-122.318258041523,47.6130480258731,1.0,0.0,
23877.0,-122.31033122384434,47.6004513487235,1.0,0.0,
23881.0,-122.316861115275,47.6141677652604,4.0,96528.0,11.477588400680544
32081.0,-122.328858909062,47.5964533178533,1.0,0.0,
15699.0,-122.308810907347,47.6104018931735,3.0,3281753.3333333344,15.003888390383379
15700.0,-122.308234132774,47.61039563060191,3.0,3259161.3333333344,14.996980460532233
32083.0,-122.30001861194968,47.602214702632295,1.0,0.0,
23893.0,-122.322843148977,47.6084334450942,1.0,0.0,
32096.0,-122.3259875911,47.6237178152045,1.0,0.0,
32097.0,-122.320140676037,47.616694464425,1.0,0.0,
7524.0,-122.334999388748,47.587020133059,1.0,0.0,
7527.0,-122.289353784668,47.5911515288717,3.0,321642.0,12.681194404774827
23912.0,-122.330387318184,47.6293208755387,3.0,803298.0,13.59648103242894
7529.0,-122.308901165607,47.596701706742,3.0,859458.3333333335,13.664057624832786
32110.0,-122.320107968476,47.6058192717578,1.0,0.0,
7535.0,-122.31148037456,47.60161884409499,3.0,83476781.49999985,18.240079085285338
23921.0,-122.327124839613,47.6113560024669,3.0,32178.0,10.37903826821098
15731.0,-122.330912331422,47.62588799360714,1.0,0.0,
15733.0,-122.340158759388,47.5750641952964,3.0,64354.0,11.072154371154577
32118.0,-122.31665422932066,47.58504093840137,1.0,0.0,
32119.0,-122.322438985807,47.6093880017709,1.0,0.0,
15734.0,-122.340152452787,47.574630402398,1.0,0.0,
23932.0,-122.319292869619,47.60810592512061,3.0,64354.0,11.072154371154577
15740.0,-122.328853667268,47.5802930168909,1.0,0.0,
23934.0,-122.329770090508,47.5905651118439,4.0,482376.0,13.086479171913698
7551.0,-122.30134331109498,47.61527741990411,3.0,225174.0,12.324628715651741
7552.0,-122.304782564415,47.6170654817744,4.0,96528.0,11.477588400680544
32128.0,-122.290231544832,47.5953876388269,1.0,0.0,
15744.0,-122.31011267842132,47.60371534267324,1.0,0.0,
15747.0,-122.297941674935,47.6008248784698,4.0,160864.0,11.988314566492301
7553.0,-122.322118027757,47.602779182494,3.0,5003274.0,15.425603056110393
32131.0,-122.328646190123,47.6099458156623,1.0,0.0,
32126.0,-122.325767227656,47.5900575474843,1.0,0.0,
32135.0,-122.29199123543066,47.585651853165565,1.0,0.0,
15755.0,-122.293696468554,47.61411625839779,3.0,64354.0,11.072154371154577
15756.0,-122.296604455046,47.6277505283733,3.0,321618.0,12.681119784869932
15757.0,-122.29684887664,47.6281901808107,3.0,257326.0,12.458099042523418
15758.0,-122.309445310911,47.5999546376417,1.0,0.0,
15765.0,-122.324326088761,47.6339144834609,1.0,0.0,
15768.0,-122.32491879744002,47.6065307437891,3.0,128694.0,11.76519277245085
15769.0,-122.325299126513,47.6063753501204,1.0,0.0,
15770.0,-122.289490965713,47.6078817663147,3.0,899702.0,13.709818876365949
7579.0,-122.31017875312,47.57504713732019,3.0,406274.6999999343,12.914784810777677
7580.0,-122.309644932443,47.5750444447665,3.0,344496.6999999665,12.749839790289728
32157.0,-122.31796959372468,47.62811632359783,1.0,0.0,
32158.0,-122.3391209030315,47.62311024542744,3.0,64354.0,11.072154371154577
23967.0,-122.327144809703,47.6056055512036,3.0,64354.0,11.072154371154577
23973.0,-122.319211292865,47.6287150957753,3.0,64354.0,11.072154371154577
23974.0,-122.319196228009,47.629033156619805,1.0,0.0,
7591.0,-122.30472396659566,47.61834621482467,1.0,0.0,
23978.0,-122.293750761572,47.6104614055307,1.0,0.0,
23979.0,-122.284896996115,47.612479469456,1.0,0.0,
7596.0,-122.3252606624962,47.62514328306743,3.0,128694.0,11.76519277245085
7597.0,-122.325254110767,47.62484962584861,3.0,64354.0,11.072154371154577
15788.0,-122.3136311078754,47.61757720521421,3.0,64354.0,11.072154371154577
7594.0,-122.29766147879,47.5739891938924,3.0,626856.6857142705,13.348473222060031
1511.0,-122.314041416773,47.6127847174,1.0,0.0,
23995.0,-122.339036134815,47.5878782741752,1.0,0.0,
15807.0,-122.311542623292,47.610795047965,1.0,0.0,
15816.0,-122.307881080186,47.6252020521511,1.0,0.0,
7625.0,-122.328893383108,47.5860667866118,4.0,5152521.0,15.454996667429857
7627.0,-122.298679451203,47.6402861296862,3.0,257326.0,12.458099042523418
15821.0,-122.315428451272,47.6145911551525,3.0,64354.0,11.072154371154577
15822.0,-122.31540675272066,47.6145915245561,1.0,0.0,
32207.0,-122.30720178678298,47.641046637624605,3.0,64354.0,11.072154371154577
32208.0,-122.296288415862,47.599617789861,1.0,0.0,
7634.0,-122.319583364704,47.6187167384602,3.0,482278.0,13.086275990254082
15831.0,-122.316623373305,47.6242310886613,3.0,107073354.8666668,18.48902471703917
32215.0,-122.316056087614,47.5893443663541,1.0,0.0,
7643.0,-122.312022042402,47.6205599110857,3.0,1105738.1333333326,13.916023663892144
7644.0,-122.313975605382,47.5982053391756,3.0,64354.0,11.072154371154577
15835.0,-122.321980972446,47.6117517639924,1.0,0.0,
32223.0,-122.311636242231,47.5845090555311,1.0,0.0,
24033.0,-122.341970640434,47.622109972421605,3.0,193018.0,12.170538727786887
7655.0,-122.316241916114,47.6173489564463,1.0,0.0,
7656.0,-122.30298173413566,47.60263142832873,1.0,0.0,
24041.0,-122.316660228316,47.5902070884876,1.0,0.0,
32234.0,-122.302825415398,47.6142243421678,1.0,0.0,
32235.0,-122.309122811289,47.6398889765748,1.0,0.0,
24044.0,-122.300571883404,47.6350572376838,3.0,64354.0,11.072154371154577
32239.0,-122.30250484536032,47.61836270022593,1.0,0.0,
32241.0,-122.337441812007,47.6196500969055,1.0,0.0,
7667.0,-122.313535905234,47.6359561657772,3.0,64354.0,11.072154371154577
15867.0,-122.304523478876,47.633165111638,3.0,193018.0,12.170538727786887
24060.0,-122.325375184527,47.6063393548691,3.0,257342.0,12.458161218528163
32255.0,-122.294510097853,47.5991002155492,1.0,0.0,
24063.0,-122.297081161081,47.591993349017066,1.0,0.0,
7684.0,-122.307949067091,47.5750449852922,3.0,163852.30000001637,12.006720691257712
7685.0,-122.30736274115002,47.575040739225,3.0,58738.56666666649,10.980851803138355
7688.0,-122.289229266512,47.612848986870894,3.0,64354.0,11.072154371154577
7690.0,-122.326414321142,47.6445966222049,1.0,0.0,
32269.0,-122.340335880643,47.6219579262032,1.0,0.0,
32270.0,-122.320920966701,47.6140039388147,1.0,0.0,
15892.0,-122.31213455969632,47.57540385919043,1.0,0.0,
7704.0,-122.330358043948,47.62222401080421,3.0,368546.0666666736,12.817320994105385
15897.0,-122.32456116954,47.6420613473804,3.0,2916656.666666665,14.88594854108838
32281.0,-122.30116529909,47.602035610611,1.0,0.0,
24089.0,-122.330978638658,47.6196168699768,3.0,128694.0,11.76519277245085
24090.0,-122.33098409242253,47.6196296275233,3.0,64354.0,11.072154371154577
24093.0,-122.325777375937,47.5747447947194,1.0,0.0,
32286.0,-122.329351193617,47.609656013445,1.0,0.0,
15903.0,-122.31690209291166,47.611820513300735,1.0,0.0,
7715.0,-122.324117649374,47.625182019698094,3.0,121118208.0,18.612277552299577
32296.0,-122.319079173324,47.6198302492297,1.0,0.0,
15912.0,-122.334340625418,47.5921861781895,3.0,321618.0,12.681119784869932
7722.0,-122.310077647642,47.615322308736005,3.0,2473277.0,14.721054549935747
32298.0,-122.296833196633,47.6076178849163,1.0,0.0,
24109.0,-122.325845391307,47.5881460749281,4.0,552439.3333333335,13.222098902423586
7726.0,-122.32669729035034,47.62496121167064,1.0,0.0,
32302.0,-122.3023853424342,47.60150911888906,1.0,0.0,
32305.0,-122.326540073523,47.6399909272304,1.0,0.0,
7730.0,-122.331881743897,47.5711345167306,3.0,64354.0,11.072154371154577
7734.0,-122.311885787161,47.6379856909336,1.0,0.0,
15929.0,-122.309299750824,47.6245247485883,1.0,0.0,
32314.0,-122.338030114977,47.62451682347304,3.0,128694.0,11.76519277245085
7738.0,-122.317955462048,47.5892322797439,3.0,64354.0,11.072154371154577
7739.0,-122.301855765367,47.5682101150339,1.0,0.0,
32317.0,-122.30828581736934,47.61901714677921,1.0,0.0,
32318.0,-122.325849230385,47.619570799641,1.0,0.0,
15934.0,-122.33010357377066,47.588323987171805,1.0,0.0,
15935.0,-122.330104890304,47.5882665047451,1.0,0.0,
15939.0,-122.29766827563236,47.595585729685695,1.0,0.0,
7758.0,-122.322046254268,47.62340086280267,1.0,0.0,
24147.0,-122.317982095255,47.6151845182616,4.0,160864.0,11.988314566492301
24148.0,-122.31796505367552,47.61517784885609,3.0,64354.0,11.072154371154577
24149.0,-122.289211021119,47.5876335898508,4.0,257338.0,12.458145674889398
7767.0,-122.288401135466,47.6189686824768,3.0,160858.0,11.988277267209066
32343.0,-122.287858657172,47.5945161428478,1.0,0.0,
15962.0,-122.292479621548,47.6152278030341,4.0,3926850.0,15.183348135733599
32348.0,-122.30466354918734,47.57242359557674,1.0,0.0,
24166.0,-122.30622589681,47.5983304190615,1.0,0.0,
24169.0,-122.3357685243,47.6219829683436,4.0,4107885.4666670114,15.228418969083739
32362.0,-122.3182210057054,47.615123611320136,1.0,0.0,
24171.0,-122.3241062625726,47.62017182024726,1.0,0.0,
32363.0,-122.3156535291924,47.61459374562894,1.0,0.0,
24174.0,-122.290557050872,47.6079428698446,3.0,128694.0,11.76519277245085
24176.0,-122.323061709693,47.6130202915631,1.0,0.0,
24177.0,-122.296235620544,47.616405384738,3.0,64354.0,11.072154371154577
15986.0,-122.307523691439,47.6173011389798,1.0,0.0,
15988.0,-122.336163415427,47.62198904962551,3.0,1918244.0,14.466920742184113
15989.0,-122.326533722033,47.6444394176263,4.0,160864.0,11.988314566492301
15990.0,-122.32652140325968,47.643981995437706,1.0,0.0,
32375.0,-122.330925509351,47.6269520741479,1.0,0.0,
7801.0,-122.3331502833568,47.57549471709213,3.0,1326948.0,14.098392126412412
24188.0,-122.330106251934,47.5802156554879,1.0,0.0,
7807.0,-122.304961019794,47.604288299264304,3.0,1028024.0,13.843149071028229
32384.0,-122.33554562413302,47.62090038067453,1.0,0.0,
7813.0,-122.31188266226802,47.6307228008264,3.0,64354.0,11.072154371154577
16005.0,-122.31082884425666,47.6146856321452,1.0,0.0,
7819.0,-122.322352102834,47.6206597050534,1.0,0.0,
32396.0,-122.329253889527,47.5884265823056,1.0,0.0,
16013.0,-122.32356236695034,47.65627896936451,1.0,0.0,
16014.0,-122.3236171553264,47.65587943447515,3.0,64354.0,11.072154371154577
32398.0,-122.325032859086,47.610475360965,1.0,0.0,
32395.0,-122.329267361391,47.5888546975549,1.0,0.0,
7825.0,-122.320649591539,47.6129697564337,3.0,385942.0,12.863442378089585
16016.0,-122.295054869142,47.5829503274767,4.0,96528.0,11.477588400680544
16020.0,-122.31861615930666,47.61401261866257,1.0,0.0,
32406.0,-122.327512844024,47.6127612229771,1.0,0.0,
32409.0,-122.316942266836,47.6091752565612,1.0,0.0,
7834.0,-122.311651970449,47.5899590472046,4.0,225192.0,12.324708650637996
16027.0,-122.341325563243,47.6221071255234,3.0,128694.0,11.76519277245085
16028.0,-122.295748750475,47.6164130600367,1.0,0.0,
16031.0,-122.316106325838,47.5806831289968,1.0,0.0,
16039.0,-122.316123561299,47.5829589557215,3.0,193018.0,12.170538727786887
24236.0,-122.333697710354,47.6267179731471,3.0,482278.0,13.086275990254082
7855.0,-122.28471007699034,47.6334273161684,1.0,0.0,
16054.0,-122.32016227876,47.6364099689041,1.0,0.0,
7862.0,-122.294619480835,47.6246688234934,1.0,0.0,
24250.0,-122.324282443736,47.6368024681117,1.0,0.0,
16062.0,-122.301293987159,47.62020011379601,3.0,418026.0,12.943298910529432
16063.0,-122.314985289333,47.6199995049174,3.0,193018.0,12.170538727786887
32447.0,-122.302655734336,47.6062293921761,1.0,0.0,
7870.0,-122.327510850539,47.5860533957345,4.0,96528.0,11.477588400680544
32450.0,-122.33366121869,47.6231053381323,1.0,0.0,
7871.0,-122.327366146038,47.5860601917679,1.0,0.0,
16068.0,-122.312799883238,47.6027147102066,4.0,96528.0,11.477588400680544
16070.0,-122.316982490095,47.615388405295,1.0,0.0,
7879.0,-122.320167586749,47.6183734173783,1.0,0.0,
7880.0,-122.30367203905,47.6140085138274,3.0,92808853.00000004,18.34605259191316
32454.0,-122.296701844362,47.6064168671758,1.0,0.0,
24263.0,-122.33316160027071,47.59462658935332,1.0,0.0,
16078.0,-122.32811946833408,47.61248262152549,6.0,513183.3333333334,13.14838843522848
16079.0,-122.32715945130802,47.6113720987027,5.0,1092289.973015765,13.9037869430914
24272.0,-122.306321589652,47.59299958884797,1.0,0.0,
16081.0,-122.312804750784,47.5966894564179,3.0,69787001.13334343,18.060958320208282
7891.0,-122.324537189468,47.6339121269247,4.0,121320820.66666682,18.61394900524139
16086.0,-122.321270862139,47.5819535500794,3.0,326979.99999999994,12.697654285929403
16090.0,-122.332229232381,47.6278705586112,3.0,674938.0,13.422376113784175
16091.0,-122.332785787239,47.6274430265189,3.0,610794.0,13.322515029095655
24286.0,-122.309418675532,47.5833339436167,1.0,0.0,
24288.0,-122.297230028592,47.5750327027526,1.0,0.0,
16098.0,-122.29047634897768,47.60998959342254,1.0,0.0,
24292.0,-122.32647987021498,47.62637141934518,1.0,0.0,
16100.0,-122.340034676186,47.6219902873325,3.0,64354.0,11.072154371154577
24296.0,-122.281400152907,47.6369379078959,1.0,0.0,
7912.0,-122.316048441524,47.5855013751792,3.0,14658025.199997626,16.500498538664
7915.0,-122.316791913797,47.6173750806344,3.0,450154.0,13.017345025424056
32498.0,-122.330111774821,47.5925908590342,1.0,0.0,
24309.0,-122.312801424826,47.6024119738155,1.0,0.0,
16118.0,-122.296928986284,47.5887595920338,1.0,0.0,
7927.0,-122.295877194203,47.6072089356099,3.0,128694.0,11.76519277245085
25999.0,-122.29102155403102,47.57384009268913,1.0,0.0,
7929.0,-122.297975649245,47.5862852051876,3.0,5964142.333333751,15.601275819996772
24318.0,-122.323531269205,47.6091743521242,1.0,0.0,
16129.0,-122.295694691164,47.6238959018963,1.0,0.0,
32518.0,-122.321487893332,47.6107584652018,1.0,0.0,
32519.0,-122.303849958747,47.601568914497,4.0,418090.0,12.94345199933559
24331.0,-122.34172468619612,47.62058845528577,5.0,675012.0,13.422485747474422
16140.0,-122.316774962085,47.6161807986858,3.0,64354.0,11.072154371154577
24332.0,-122.34174399663634,47.620608517446,1.0,0.0,
16142.0,-122.317875421318,47.6485738364451,1.0,0.0,
16143.0,-122.316668116458,47.6239373684858,1.0,0.0,
7949.0,-122.296934479185,47.62225423757217,1.0,0.0,
16145.0,-122.325525784406,47.632223607319,1.0,0.0,
32529.0,-122.33454703827098,47.62441711723375,3.0,128694.0,11.76519277245085
32530.0,-122.33444189168831,47.6240258359448,1.0,0.0,
16144.0,-122.289231472013,47.612669239960574,1.0,0.0,
16141.0,-122.324942103004,47.6055225452596,4.0,418080.0,12.943428080754439
16147.0,-122.307946025715,47.5750879649647,3.0,64354.0,11.072154371154577
32540.0,-122.288890251022,47.62775058177647,1.0,0.0,
32541.0,-122.303509605577,47.6125482194794,1.0,0.0,
16160.0,-122.30806589725069,47.57917743693334,1.0,0.0,
32551.0,-122.336911302796,47.620880491755,1.0,0.0,
7979.0,-122.32393168773557,47.61051307213445,3.0,64354.0,11.072154371154577
32556.0,-122.327323966143,47.6191376861372,1.0,0.0,
32557.0,-122.289337163004,47.5911096824147,3.0,64354.0,11.072154371154577
7982.0,-122.306135263666,47.6373232084949,3.0,4139274.0,15.236030968104886
32559.0,-122.319145526442,47.6081443173471,1.0,0.0,
16173.0,-122.3144304451444,47.61386922020722,3.0,289494.0,12.575889850391812
7986.0,-122.31564296486368,47.64146530657194,1.0,0.0,
7988.0,-122.33467611601002,47.5736679962527,3.0,128694.0,11.76519277245085
24373.0,-122.317988453087,47.6153735335418,1.0,0.0,
7990.0,-122.318006780823,47.5900779009426,1.0,0.0,
32567.0,-122.327562430472,47.611848860762,1.0,0.0,
16184.0,-122.312121605655,47.6164229403578,3.0,2392215.0,14.687730272956573
32568.0,-122.327540585315,47.6118295077282,3.0,32178.0,10.37903826821098
32570.0,-122.302154710092,47.642409577264495,3.0,160858.0,11.988277267209066
8000.0,-122.298952050273,47.6062194933773,3.0,1453852.6666666667,14.189727602276113
24384.0,-122.293838506434,47.6017743983594,3.0,546602.0,13.211476211452213
32578.0,-122.277677674985,47.6368601960828,1.0,0.0,
16196.0,-122.3277736960762,47.616314439306215,3.0,482338.0,13.086400392088755
24391.0,-122.32666975114034,47.5812312125121,1.0,0.0,
16200.0,-122.308121168575,47.5817928045446,1.0,0.0,
32586.0,-122.337359160438,47.6259552172578,1.0,0.0,
24395.0,-122.299339671383,47.572527521122105,1.0,0.0,
16208.0,-122.301541112762,47.6417555737087,1.0,0.0,
8020.0,-122.298884220961,47.61161509752011,3.0,1929969.6666666665,14.473014844004537
8021.0,-122.31299239407,47.6022271491723,1.0,0.0,
8023.0,-122.317925894015,47.5984310477081,1.0,0.0,
32600.0,-122.306432076841,47.6017571951995,1.0,0.0,
24410.0,-122.329380872242,47.6124250789866,1.0,0.0,
32603.0,-122.310826701061,47.6186056123148,1.0,0.0,
24418.0,-122.324090842838,47.64003047948927,1.0,0.0,
8035.0,-122.322547606469,47.60211450493491,3.0,64354.0,11.072154371154577
8036.0,-122.312108051006,47.5785666464567,4.0,2675851.9904759075,14.79977838871402
16229.0,-122.30230080615868,47.62864204231187,1.0,0.0,
8038.0,-122.330370047892,47.6219394541298,1.0,0.0,
24428.0,-122.327214493443,47.620771895946405,4.0,193026.0,12.170580173839674
8046.0,-122.324170176093,47.6349327153024,3.0,121824498.33333343,18.618092028756642
24431.0,-122.34089875746,47.6221037996228,1.0,0.0,
24432.0,-122.30374404656466,47.61844385734943,1.0,0.0,
24439.0,-122.301900756941,47.62105874428736,1.0,0.0,
32634.0,-122.320718820563,47.648679824897805,3.0,64354.0,11.072154371154577
32635.0,-122.28795900135832,47.5890484215058,1.0,0.0,
8060.0,-122.305327309791,47.6323274731673,3.0,2021346.0,14.519274184107365
24444.0,-122.307927162903,47.5944819762934,3.0,482278.0,13.086275990254082
24445.0,-122.308222508977,47.5944717369925,1.0,0.0,
24450.0,-122.31985948110032,47.63270887898717,1.0,0.0,
32643.0,-122.319540828151,47.6133269436586,4.0,96528.0,11.477588400680544
32644.0,-122.32987550125466,47.5881097895056,1.0,0.0,
8067.0,-122.297880632155,47.5713846335049,1.0,0.0,
24461.0,-122.316865784922,47.59911717928609,3.0,64354.0,11.072154371154577
16278.0,-122.284703400485,47.6085772370186,3.0,193018.0,12.170538727786887
16279.0,-122.284654847564,47.608212039322005,3.0,128694.0,11.76519277245085
8088.0,-122.316254553755,47.6175577227004,4.0,321634.0,12.68116953209187
32666.0,-122.2986219337,47.5691339520779,3.0,64354.0,11.072154371154577
16289.0,-122.323359531988,47.579932874065,3.0,295956.0,12.597966073608243
24482.0,-122.313536636533,47.6242258385878,3.0,106937681.53333348,18.487756807180023
24484.0,-122.324351867267,47.6254301193363,3.0,120982666.0,18.611157837100517
24485.0,-122.291377536604,47.60228285621199,1.0,0.0,
32678.0,-122.334435312881,47.6232136134523,1.0,0.0,
8100.0,-122.290301055877,47.5934909258096,3.0,546586.0,13.21144693926847
24488.0,-122.29065097799965,47.5945721384588,1.0,0.0,
24489.0,-122.321329972238,47.606049052642994,3.0,1817218.6666666768,14.412817685028294
8110.0,-122.326521934018,47.64135791222984,1.0,0.0,
8111.0,-122.3266353487865,47.64611274660275,3.0,321618.0,12.681119784869932
8112.0,-122.326254623218,47.6465953912748,1.0,0.0,
32686.0,-122.298019215443,47.5946147945091,1.0,0.0,
8114.0,-122.323477018902,47.6488743936597,3.0,7241624.666666674,15.795356140660951
8113.0,-122.308569905846,47.5988522869272,1.0,0.0,
24500.0,-122.316678652676,47.6088180388892,3.0,5170884.166666621,15.458554250560187
16309.0,-122.285213665524,47.6164667367273,3.0,64354.0,11.072154371154577
24501.0,-122.317120395775,47.5966914388163,4.0,15410129.333330696,16.550535600079424
32687.0,-122.3126264918,47.5903665783907,1.0,0.0,
8115.0,-122.312766625906,47.610812617346205,1.0,0.0,
16314.0,-122.32697094445102,47.612946871354005,3.0,2148314.0,14.580193906422616
8130.0,-122.31731012972098,47.63766651502001,3.0,64354.0,11.072154371154577
8131.0,-122.305470342494,47.5829104113077,4.0,65132106.21428458,17.99192816861915
24524.0,-122.31414089690134,47.5962697666976,1.0,0.0,
32717.0,-122.302961164112,47.6153986597124,1.0,0.0,
24526.0,-122.325351264209,47.6063607813508,3.0,32178.0,10.37903826821098
24527.0,-122.32414650153802,47.60492557760755,8.0,663292.1666666523,13.404970845805217
24525.0,-122.325278335443,47.6063727056865,1.0,0.0,
32721.0,-122.293661376344,47.6002262963131,1.0,0.0,
24528.0,-122.324164560178,47.6049461649194,1.0,0.0,
32722.0,-122.309528474836,47.57374631614917,1.0,0.0,
16340.0,-122.300214125287,47.63222454490799,3.0,321642.0,12.681194404774827
16341.0,-122.299595678612,47.632219603193,3.0,193026.0,12.170580173839674
16337.0,-122.28854187666768,47.57830941488947,4.0,482304.0,13.08632989961587
16336.0,-122.2870996435618,47.57706752310855,1.0,0.0,
8157.0,-122.30138354568,47.5844193698909,1.0,0.0,
16351.0,-122.306639211944,47.6268109207066,4.0,160864.0,11.988314566492301
16353.0,-122.306777098441,47.57916161485533,1.0,0.0,
24555.0,-122.330067235726,47.57379405654441,3.0,64354.0,11.072154371154577
32750.0,-122.326952964859,47.6444340592744,3.0,64354.0,11.072154371154577
16366.0,-122.301109789367,47.6243293048455,3.0,15654979.666666662,16.56629961390224
8180.0,-122.31879277580832,47.60348153097967,1.0,0.0,
8181.0,-122.318178631067,47.6034814865131,4.0,160864.0,11.988314566492301
16374.0,-122.32781842691266,47.6159893134816,1.0,0.0,
24567.0,-122.31699082361864,47.64405990434913,1.0,0.0,
8185.0,-122.333021568848,47.6198328023647,3.0,64354.0,11.072154371154577
8187.0,-122.30625379986002,47.5731325382765,3.0,639311.1333333526,13.36814652148407
8189.0,-122.2875108601544,47.61831287166386,3.0,64354.0,11.072154371154577
8190.0,-122.3370080742,47.591995467455,1.0,0.0,
