Node ID,Longitude,Latitude,Degree Centrality,Betweenness Centrality,Log Betweenness Centrality
16384.0,1260378.84202342,256648.260090858,3.0,17822.128971238075,9.788196164777503
8194.0,1261612.57348068,237969.961511731,4.0,41221.31595435021,10.62671077907678
7.0,1258877.97200587,249895.359603941,4.0,1098858.2180182778,13.909782215070786
8.0,1258234.31478922,249910.516403958,4.0,1355868.2318122473,14.119952568581002
16392.0,1260303.68439133,250381.11256443,4.0,1021971.4948294898,13.837244157800537
16396.0,1270073.45585734,244869.653102785,4.0,139295.16456755335,11.844350446800394
16397.0,1268263.02999948,256213.54380241,3.0,304267.5323387887,12.6256626339678
16398.0,1260050.03459908,234728.267556399,4.0,48629.44596551944,10.791984510479127
22.0,1262965.77060206,243687.401837572,3.0,71791.25040113757,11.181517886902306
23.0,1262421.63684151,243696.967469588,3.0,45371.11950247885,10.72263104730353
24.0,1267581.43787079,255034.246649206,4.0,356581.0613360891,12.784316874016238
25.0,1267586.72785479,255298.186041474,4.0,1505759.3303519357,14.224807867368215
8217.0,1272063.74616338,245276.967279211,4.0,174523.44322430916,12.069814356726102
8219.0,1253016.03491187,245982.697455928,4.0,2096606.668667672,14.5558307237013
8220.0,1253057.31433591,245984.768623933,1.0,0.0,
16413.0,1271784.80081908,241586.946731433,3.0,99691.34550729246,11.509834146839022
30.0,1263108.5517862,234405.380708069,3.0,70016.95306020378,11.156492678283401
16415.0,1260038.84496707,234894.186148569,4.0,552242.7842274861,13.221743055062978
16416.0,1266667.91313384,242293.089004144,5.0,342004.381983362,12.742578828779507
31.0,1262935.07281002,234409.333796084,3.0,72593.25941355308,11.192627350959127
34.0,1258800.58698179,246142.062000096,4.0,975447.6365021789,13.790651758980442
8227.0,1260369.9732874,251053.125941128,3.0,149657.23727701718,11.916102873468086
8228.0,1260222.59824724,251041.416373104,4.0,816505.1835021712,13.612788539813621
35.0,1258809.9760378,246596.084016562,4.0,627119.5844431502,13.34889252621911
8229.0,1263570.93898667,252981.8330791,4.0,1266549.085776785,14.051806504701483
16418.0,1263284.42545038,230685.278240263,3.0,208660.0879606289,12.2484618335719
44.0,1256988.76483594,256314.264378503,3.0,149709.04664762266,11.916449000429635
45.0,1256994.74377994,256567.370490775,3.0,92583.89376053616,11.435870472034559
48.0,1259622.40195863,247186.093681157,3.0,28605.312758124244,10.261347740330123
49.0,1259624.42359065,247281.280817255,3.0,5087.42583085861,8.53452725094357
16432.0,1256032.91766696,240501.21597831,4.0,311160.11913471494,12.648062911193483
16435.0,1266046.25815721,241439.278379276,3.0,84491.67102589764,11.34440824074629
52.0,1263328.80791444,257652.461179882,4.0,91822.98614910296,11.42761793904637
8245.0,1261617.97341669,246875.62872085,4.0,436263.8569006601,12.986002515663454
16438.0,1258734.04938173,241061.67709888503,3.0,178628.6116766143,12.093064134351003
53.0,1263339.08772244,258310.205628559,4.0,168529.1500290518,12.034864011017318
16440.0,1265575.31850873,254281.91576843,4.0,3360002.819949813,15.027452371209813
16437.0,1258722.30006972,240378.194538191,4.0,1237238.9948782723,14.02839283794998
50.0,1270588.07550587,248855.032242864,4.0,116616.22944162498,11.666643732248868
16443.0,1260372.4463754,258779.33753302705,3.0,887427.5279345923,13.69608213833221
51.0,1270458.83204973,249104.497331128,4.0,176411.9313772546,12.080577058460522
16448.0,1261611.42026468,233862.765347525,3.0,153776.19702330677,11.943253558297982
16449.0,1265180.58730833,245326.603631258,3.0,67892.62521664715,11.125682695227518
8261.0,1268251.04311948,255285.046009451,4.0,1582235.100747255,14.274349026095985
16454.0,1263295.52023439,247653.858481646,3.0,63353.83118718053,11.056490660434948
8264.0,1258228.80074121,249644.683891684,4.0,323786.584108949,12.687839886720463
8266.0,1256587.60976353,245113.687407047,3.0,435292.2299058262,12.983772877405947
16458.0,1268747.13566399,245955.674543902,4.0,1223006.951887146,14.016823098943544
16460.0,1266722.24503791,246268.914096221,4.0,3565669.219407582,15.08686231354238
16461.0,1267360.41694257,231800.5742414,4.0,784633.8011656924,13.572972392591419
16462.0,1255885.80835481,235245.87344493004,3.0,257456.53358100896,12.45860618321018
8273.0,1263604.29815471,254583.552312732,4.0,70625.24752458345,11.165142973215463
16465.0,1257728.2262767,259237.940285504,3.0,32966.26838730987,10.403240147594989
16467.0,1265729.65905289,250295.080244347,4.0,127981.6552769733,11.759642214482081
16468.0,1272829.27909216,244800.855342716,4.0,339616.18931715644,12.735571404006144
16472.0,1260282.02691931,254364.084216505,4.0,563228.8056115604,13.241441228845385
8286.0,1256567.26633951,235974.739493683,4.0,191692.4543542108,12.163647566517836
8287.0,1255905.92803483,235986.4169337,3.0,76763.08414263545,11.248479128348293
16481.0,1262763.60855386,247665.382449657,4.0,314744.2092172863,12.659515553698544
8291.0,1264905.85591605,253759.535927892,4.0,200153.98885540443,12.206842293552159
8292.0,1265565.04260473,253750.788215891,4.0,238171.34804078544,12.380745643365312
16486.0,1264257.74634738,254307.016120449,4.0,3250060.7999131056,14.994184261796505
103.0,1263215.73661831,233093.017890736,4.0,304461.7859259279,12.62630086047638
8296.0,1258818.76938182,247022.716720998,4.0,467049.6721930884,13.0541908954339
104.0,1263233.93437834,233406.478499055,4.0,296235.9325824427,12.598911485350252
16488.0,1264777.95690791,231546.840481147,4.0,3643062.8297426975,15.108335322545985
16491.0,1257492.46429245,247780.354609773,4.0,638758.5688291958,13.367281835406855
16489.0,1264785.85386792,231864.524577469,3.0,2070733.3121055565,14.54341335956316
109.0,1253666.65104054,238556.65130432,4.0,100936.54395748462,11.52224732072562
110.0,1253514.05622438,238559.390120327,3.0,7078.228685625318,8.864778969739975
16493.0,1256314.20054725,235552.055589244,3.0,55667.36800754455,10.927149401589343
16494.0,1268540.80830377,243169.515757054,3.0,22118.51986455775,10.0041705394986
115.0,1257852.12694882,251724.168245807,4.0,45171.76981279309,10.71822760903657
116.0,1257580.66192454,251728.783733815,4.0,108979.80213470652,11.59891784252438
16500.0,1256842.65385979,255781.592569962,3.0,173902.42678535683,12.066249655307434
16507.0,1254101.85884899,242514.358956382,4.0,246843.174183359,12.416508491626992
8316.0,1268183.5711834,237435.133223176,3.0,44803.588050672384,10.710043505612804
8317.0,1268086.7485273,237673.737063423,1.0,0.0,
8319.0,1263313.61041042,243275.850157157,4.0,99037.80725608276,11.503256947690321
8320.0,1261870.00304894,255012.932025179,4.0,402036.2470215383,12.904297530256628
16513.0,1257790.17757276,247774.80868975804,3.0,46559.09547256563,10.748477655080992
130.0,1263899.44983502,239306.09303309,4.0,1099958.719410019,13.910783209255339
131.0,1263578.79197869,239310.656041101,4.0,515456.0374723163,13.15280729746848
134.0,1252895.25660774,241888.374955744,3.0,74984.99987793433,11.225043370887912
135.0,1252630.71811147,241894.735147744,4.0,430650.2125405679,12.973051467751548
16519.0,1263789.36900291,230668.80092825,4.0,740093.0337628527,13.514531178579244
8329.0,1254116.075361,243174.250669047,4.0,335272.1268962532,12.722697800147905
8330.0,1253776.75580865,243179.951405063,4.0,97463.58528981794,11.487234103016347
8333.0,1266249.95102142,254796.327800959,4.0,187672.6831096097,12.142454677138463
16526.0,1268631.87473586,244897.729838818,4.0,344892.8766344051,12.75098914528864
16527.0,1258449.60374944,255753.577529937,3.0,107209.83516437396,11.582543269346761
8336.0,1256630.48662758,238178.549031943,4.0,445082.9090974026,13.006015856372777
8337.0,1254676.56796958,239054.671592832,3.0,66968.92058891022,11.111983918943983
8335.0,1256617.62083556,237758.516071513,4.0,175120.78571641343,12.07323121891814
146.0,1253012.02505587,238977.303016752,3.0,435137.33126109815,12.983416964295285
145.0,1253250.87664011,238026.825575784,4.0,385714.61951108015,12.862853047317966
149.0,1266148.59358132,250294.497588351,3.0,225549.5614359305,12.326295198414037
150.0,1266156.64676532,250609.36146067097,3.0,313110.87992124807,12.65431265574062
16534.0,1262702.4361378,259656.643837929,4.0,334038.4986819141,12.719011530830992
16536.0,1253917.7657288,254869.834553033,3.0,431328.6973232316,12.974625717225686
8344.0,1266934.39121412,256110.66738629303,3.0,37387.88431696715,10.5291019821757
8346.0,1265370.79396452,245508.135407448,3.0,42963.16185084564,10.668098326354427
8347.0,1265728.37265289,245500.295215443,4.0,377850.4689960077,12.842253811670824
16540.0,1257621.96432459,254390.132408544,4.0,1431308.026226197,14.174099287804315
16535.0,1251608.18108644,242579.125548437,3.0,70377.01702356599,11.161622026112138
8345.0,1271400.6739707,246169.72664012,3.0,159726.0379038939,11.981215363517324
16544.0,1268860.97758409,235142.314916834,3.0,3509198.9241185025,15.070898342647496
16545.0,1259327.02749434,246356.950320318,4.0,36293.81904055977,10.499402731389871
8354.0,1266190.17028536,244950.059118867,3.0,59914.33224734024,11.000671025054766
163.0,1264958.1405881,256952.308411166,4.0,210458.01637031545,12.257041465040443
164.0,1265288.06122844,256943.776891157,4.0,102201.26749299724,11.534699358758958
16549.0,1266650.96036583,239377.199529171,4.0,7636353.213162309,15.848430719065254
8358.0,1254437.84764932,253112.47915923604,3.0,74052.846330276,11.212534256908286
16552.0,1263924.03306705,242729.778796598,3.0,647763.0261111611,13.381280208003957
8363.0,1263614.24010673,250325.980468377,3.0,34083.93120799554,10.436581326637969
172.0,1256273.2337632,237345.089063078,3.0,44127.697774288376,10.694842931727306
8365.0,1260136.17520717,261679.26944001,3.0,130189.75198715832,11.77674829588278
171.0,1256268.74326721,237184.078246921,1.0,0.0,
16560.0,1254887.59088179,250440.289588496,4.0,854414.266188557,13.658171444366737
177.0,1268898.14552014,254213.515320361,4.0,3705480.947411525,15.125323618655171
178.0,1268902.42276815,254477.183736622,5.0,646623.842571007,13.379520017350233
179.0,1255407.24893032,258198.797372445,4.0,176218.55379537205,12.079480286573812
180.0,1255079.59574598,258214.809788451,1.0,0.0,
16563.0,1250747.35868555,238494.667176262,3.0,441970.7706507062,12.998999029123633
8370.0,1264475.19044361,232332.845153958,4.0,2490543.3983262246,14.728011476891222
183.0,1257392.51267636,241084.258090913,4.0,201939.17834014524,12.215721833718428
184.0,1257396.05405235,241201.171243027,3.0,2071.96548324623,7.63625294457567
187.0,1264704.14833184,249662.072947696,4.0,187530.6840556264,12.141697759300355
188.0,1264455.25706759,249709.06501174,4.0,166613.56240000503,12.023432412364327
16572.0,1263657.71210676,230204.76150377103,3.0,13555.96081219122,9.514581641913617
8383.0,1259538.57629456,246518.294832483,4.0,48650.18742925684,10.792410940212214
8384.0,1270641.62923393,242752.782316625,4.0,262854.1941585431,12.479354762591827
193.0,1267566.30366278,254242.185528383,4.0,3563712.579923626,15.086313418957083
194.0,1267571.34635077,254506.137080655,4.0,443660.4607275118,13.002814820769487
16579.0,1264455.87421958,231554.904161155,4.0,3181236.825279276,14.972780617906352
200.0,1252643.02019149,237537.500135288,3.0,35426.42801922735,10.475213374804348
201.0,1252334.24195117,237864.672039613,4.0,19698.17822139305,9.888281434378486
8395.0,1261664.10877673,249037.880307063,3.0,217577.65544105132,12.29031110229909
8397.0,1264298.73706743,229380.006942928,3.0,44359.49941121173,10.700082156711986
206.0,1257046.966116,252397.156406492,4.0,101780.27409516343,11.530571593155148
207.0,1257058.92675601,253057.077687174,4.0,217757.5882921647,12.291137742751244
16592.0,1270041.75377731,242777.229164645,4.0,275680.86814360664,12.526999200855778
208.0,1272767.9543561,247459.440881446,4.0,92479.25226839732,11.434739598540444
209.0,1273438.45598878,247439.566897422,3.0,85412.4006035915,11.35524657536632
8403.0,1267607.74391882,256623.219514832,4.0,27183.52896946844,10.210366516269994
16596.0,1254981.30787389,254421.124152571,4.0,1548973.794710477,14.25310320170295
212.0,1262725.32292181,260986.9804793,3.0,253764.5198951487,12.44416202896273
213.0,1262584.74640967,260990.464383304,3.0,199830.80235586743,12.205226299259525
8404.0,1268267.60446349,256607.30482681104,3.0,29168.49722569985,10.280844543732137
8408.0,1263447.49994655,246325.403824285,3.0,124563.85610694913,11.732573763855841
16613.0,1264285.03069942,255651.352697834,4.0,574435.4001713851,13.261142924641947
8423.0,1265248.7787964,251596.606837675,4.0,352699.1276879969,12.773370642980362
8424.0,1259790.00560682,256397.194362596,4.0,68277.13913352259,11.131330276990203
8425.0,1259527.13898253,256401.437114596,4.0,66138.01529841872,11.099498978501916
231.0,1271726.48536304,250747.195124805,3.0,43864.46883439737,10.68885990539074
16619.0,1260938.17194398,247706.206513688,4.0,124605.322290145,11.73290659943242
232.0,1271871.00305918,250735.363508791,4.0,144035.0442348151,11.877811911692001
237.0,1269589.64907284,256172.180026367,4.0,749772.9664973312,13.527525728349277
8430.0,1252612.10723145,241059.070506886,1.0,0.0,
238.0,1269597.61067285,256834.457595035,4.0,520447.5158937224,13.162444327935244
16624.0,1264755.1410359,230644.460768223,4.0,207914.1517125212,12.244880541334757
241.0,1260984.10000803,249850.284211889,4.0,584161.6955419651,13.27793309941532
242.0,1260335.19971937,249864.353715912,4.0,800661.0228851117,13.593192944076213
16625.0,1265076.89790022,230636.209120214,3.0,149012.99724951762,11.911788810985827
246.0,1261276.56496833,237093.940646827,3.0,21411.929114927472,9.971703480977597
247.0,1261226.90858428,237094.913702831,3.0,28684.102253893238,10.264098319836902
16633.0,1259596.91741461,246015.238767967,4.0,16284.959164746504,9.697997210169364
8443.0,1253624.0510405,250460.428660512,4.0,935898.1841283686,13.749261971902381
8444.0,1253624.04777649,250684.165428743,1.0,0.0,
8459.0,1258093.57098107,250426.075700477,3.0,81612.9335285023,11.309743027516342
16655.0,1254116.41916899,237060.675942793,3.0,155268.12834072034,11.952908761679083
8471.0,1260319.12951136,249066.432755083,4.0,381788.1763675048,12.852621221663053
8472.0,1259661.38218267,249080.895347103,4.0,462161.61815997947,13.043669931747225
8474.0,1261013.91191207,251671.772021756,3.0,34332.250334895936,10.443840434402345
284.0,1266093.37226926,250037.735284075,3.0,17902.757913084413,9.792710053317437
285.0,1266208.31396538,250034.761524081,3.0,6732.233406499136,8.814662225906803
16668.0,1272527.24190785,242688.812332556,3.0,1335.932432837311,7.1973847785941025
16671.0,1260936.12963998,245348.212847278,4.0,42531.55728353323,10.65800160369614
16673.0,1251338.16719815,242585.538924456,3.0,143756.43164298756,11.87587569952297
290.0,1266928.21111812,255582.142521754,4.0,139600.98515032203,11.846543526236239
291.0,1266931.30103812,255846.406394035,3.0,21643.33051380392,9.982452626561994
8481.0,1268648.11812788,231768.052641377,3.0,1436013.1495915412,14.177381185645554
16677.0,1261535.8449686,237088.833062828,4.0,117253.9588462584,11.672097449885722
8482.0,1268968.7375842,231759.927713364,4.0,469479.47137442086,13.059379852232386
8487.0,1266824.78289402,242005.89732386204,3.0,124911.45875955308,11.735360435376696
16680.0,1258882.27805388,246034.507759988,3.0,159148.34033130348,11.977592004326008
16681.0,1267238.25579044,236175.899493888,4.0,226150.24215859093,12.328954845692905
8492.0,1264801.64548394,232498.381282121,4.0,581425.6049836876,13.273238306356792
8493.0,1264479.5700276,232506.171938136,3.0,160173.99510335492,11.984015972745416
8497.0,1257346.45110831,254393.006776541,4.0,1734357.1530400857,14.366147385724943
16689.0,1264844.86717999,233681.863139331,4.0,909803.9096203244,13.720984371339325
8499.0,1265957.66647713,257587.825531811,4.0,220098.93185215467,12.301832414491212
16692.0,1263922.21220304,229863.425887421,3.0,2345.4152710067137,7.760217753051522
16693.0,1263924.40183504,229960.52508752,3.0,16508.752555704512,9.71164597716709
16694.0,1272668.561204,251210.898613289,3.0,306576.5585065878,12.63322278622356
8504.0,1262981.59569007,256475.298874676,4.0,53424.34570852593,10.886021833196603
16697.0,1264031.20874715,244659.958638579,3.0,9146.410059501028,9.121116738058895
8507.0,1269046.10718429,241717.358251557,4.0,116427.47023373692,11.665023785007815
8508.0,1255925.79645085,253068.48088719,3.0,10863.203635899952,9.293136544083325
16702.0,1268233.99563146,254229.621944368,4.0,3678867.3910297146,15.118115488596214
8510.0,1266831.87537402,242289.050348148,3.0,53427.71850484993,10.886084963400963
16704.0,1272357.63205168,251021.559093088,3.0,218884.85396032943,12.296301089524276
322.0,1256233.67869116,251223.321525291,3.0,22170.95280743917,10.00653827901835
323.0,1255563.68105848,251229.0350613,4.0,124244.1484206186,11.730003847643571
8516.0,1264585.00356372,246900.536496863,3.0,45872.80866021108,10.733627816591136
8515.0,1264797.01655594,246708.699632674,1.0,0.0,
329.0,1259633.64829464,247734.430513725,4.0,70082.29878158883,11.15742552732099
330.0,1259639.46717465,248017.00805001,4.0,1014765.106884082,13.830167721886788
16715.0,1268103.00011133,242129.065387979,4.0,311065.4027346321,12.647758467233905
8524.0,1264515.77041164,233374.044515014,4.0,216583.56203390512,12.285731719782303
16717.0,1268255.32331148,255550.050361723,4.0,193138.1992814821,12.171161270092762
8525.0,1269929.3455852,256825.176123038,3.0,608871.373712059,13.319362315372873
16719.0,1267581.17143878,250244.810676292,3.0,1311168.079994659,14.086428961999097
8528.0,1267140.76356633,248700.376754716,3.0,3231962.1159050013,14.988599976990379
16721.0,1254625.69769752,237213.85309495,4.0,234791.84152547023,12.366454619848037
16722.0,1262854.94301794,250338.543092385,4.0,769488.4393827831,13.553481208604074
8531.0,1257273.87613223,237746.61648750296,3.0,124150.91743846996,11.729253180667124
8526.0,1269988.67288125,240900.405162722,4.0,407879.763302443,12.918727712166243
16725.0,1253969.32598485,237226.675302967,4.0,273416.72643245547,12.518752380743896
335.0,1267070.45694226,233080.91587472,4.0,486131.2662648302,13.094233961608614
334.0,1266748.57534194,233089.124514729,4.0,519364.461152731,13.160361152983292
16731.0,1272917.80875625,242528.208940387,4.0,40432.86256085238,10.60739816301865
16734.0,1261530.07760859,233994.621027648,4.0,190141.02719329484,12.155521324198286
8544.0,1256543.26441948,240501.985002324,4.0,471248.973207168,13.063141838871253
8545.0,1256557.5743715,241099.605866924,3.0,77403.70971083756,11.256789987509846
352.0,1271075.48568237,248046.229746044,4.0,230760.6313014122,12.349136224115966
16739.0,1265747.21905291,246280.36126422897,3.0,1013037.8501038124,13.828464146899831
353.0,1271438.86974673,248035.366578028,4.0,33292.28703495671,10.413081028568477
16742.0,1264872.43870001,242332.556780189,3.0,68917.22914236573,11.140661485863347
16743.0,1270733.97387402,246188.430320144,4.0,286466.1931891832,12.565375808834787
8553.0,1261647.5373207,256226.497210413,3.0,70358.92788857096,11.161364961222198
364.0,1263313.31057042,248469.24856247,4.0,389619.0152662142,12.87292465671096
365.0,1263325.08906643,249002.108083025,4.0,373563.14815993846,12.830842340642738
367.0,1255252.56944217,236153.93891786,3.0,9836.415928472576,9.193846688785328
368.0,1255269.04157017,236553.273766279,4.0,52961.56862775704,10.877321809276427
16751.0,1272868.2156682,246128.233584076,3.0,16396.030165478496,9.704794521429713
375.0,1270694.24363397,244460.160814375,4.0,162682.24312696702,11.999554148510848
376.0,1270708.24920198,244857.596718773,4.0,225557.19170326376,12.326329027512276
16762.0,1270820.6751221,248661.610418677,3.0,71679.62302455623,11.179961788490957
16763.0,1270825.33688211,248843.846258864,3.0,12926.728724924347,9.467052440910537
380.0,1253983.31184086,251334.928885415,4.0,544665.8357105849,13.20792774010965
16764.0,1264167.44074729,250316.497204363,4.0,496931.28542068624,13.116207036809257
381.0,1253990.96144088,251776.016885862,4.0,85202.44563804832,11.352785417077364
8572.0,1254713.77296162,240523.420970336,4.0,31615.061927969764,10.361388929306855
8577.0,1264443.86141957,231078.586528674,4.0,408705.90082673344,12.920751107487616
8579.0,1265373.81630053,245633.731631577,3.0,36166.972969076494,10.495901632449733
16772.0,1263885.50135501,238685.757672459,3.0,361148.495030925,12.797044496312411
16773.0,1260306.06883934,255724.809849903,4.0,267822.8457563527,12.498081017623576
8582.0,1264432.18397956,243140.908845022,5.0,1472676.3254599369,14.202591932982362
8583.0,1266022.09943719,251407.317493483,1.0,0.0,
388.0,1265701.59518087,234658.856292337,4.0,283561.62723237195,12.5551847585347
387.0,1265401.62366055,234665.511780336,4.0,162691.95607916202,11.99961385178309
16778.0,1254713.57513762,236547.419110268,3.0,897388.6768569275,13.70724435472314
8587.0,1261068.91543213,260361.850494653,4.0,174785.24611856506,12.07131333428529
8588.0,1260851.0444559,260367.114878654,1.0,0.0,
398.0,1270897.60376218,241414.757099256,4.0,935362.4365873314,13.748689365874396
8591.0,1255357.92393827,239852.50007365603,5.0,1021885.0923342498,13.837159609309383
400.0,1251557.23075038,239256.623977035,4.0,180867.77191903788,12.10552150138844
401.0,1251618.65615845,239918.536361724,4.0,67386.31857527913,11.118197287798102
402.0,1265401.32804455,246789.716208756,3.0,59111.53638969536,10.987181385524197
403.0,1265406.24369256,246954.268656924,3.0,15986.336922384142,9.679489694054455
8592.0,1266626.83217381,235568.768165261,4.0,467719.8414392807,13.055624766246416
399.0,1271191.19608249,241406.438891247,4.0,1291705.107093576,14.071473691989155
16786.0,1271066.48696235,250176.207476228,3.0,79532.67454659003,11.283923216790855
8602.0,1259500.55703051,255054.109113216,4.0,176433.97179345033,12.080701987876033
8603.0,1259512.44778253,255737.107385918,4.0,104629.14086988868,11.558177385215402
16796.0,1261394.33770445,250359.22085240495,3.0,405029.52278653154,12.911715239201122
8605.0,1262911.025258,252992.585015103,4.0,1154154.1277635884,13.958878276719059
16798.0,1264241.25655536,253504.867127627,4.0,137922.0634240573,11.834444046806903
413.0,1266440.14225362,249498.323635533,4.0,99679.17807503184,11.509712088351568
414.0,1266446.57591763,249758.489139795,4.0,283858.275797367,12.55623036370448
417.0,1265791.09073295,233415.684899062,3.0,527381.5862822152,13.175679638151149
8614.0,1265725.26078089,250029.784180075,4.0,31574.688924005128,10.360111095198826
8615.0,1265958.37745312,250040.74117209003,3.0,4886.739006019337,8.494280490077562
16806.0,1272644.90571597,242720.396588594,4.0,170634.37390129475,12.047278382027937
16807.0,1272666.86667599,243472.041389361,3.0,100398.6656853498,11.516904196164898
16815.0,1264433.21482757,230652.670368224,4.0,257197.36702959373,12.457599034238745
16819.0,1262968.99364206,255688.473017871,4.0,469321.53064344806,13.05904337893906
8628.0,1265279.05988443,241713.000939563,3.0,65266.5020777569,11.086234198615994
8629.0,1265292.60452445,242325.029612184,4.0,93582.82366102522,11.44660213773102
438.0,1253499.28067237,251003.048949078,1.0,0.0,
439.0,1253507.26819238,251316.269493386,3.0,254290.0,12.446230627003512
440.0,1256231.22889917,251077.274869144,3.0,10111.449847949982,9.22142370904721
16822.0,1258133.45578112,244542.191150457,3.0,174108.9048959776,12.067436272615849
16824.0,1266693.70897388,245209.564847142,4.0,184808.34713384183,12.127074605642827
8635.0,1264937.02910008,234807.815972492,3.0,49349.24941314832,10.80667783528595
8636.0,1261313.02980037,241041.519338876,4.0,141263.264813047,11.858380554780267
8637.0,1261324.75184838,241697.113835543,4.0,110209.20215012127,11.610135676299263
8634.0,1264933.97860408,234592.82262826,1.0,0.0,
16831.0,1260125.81168716,239004.380712777,3.0,728159.3430512168,13.498275181046173
16832.0,1260096.30154312,239657.624489456,5.0,1030564.3372992188,13.84561711045376
8641.0,1250295.41993308,242045.954987898,3.0,575.1613267511301,6.354650569708271
8644.0,1261525.54282458,249572.589875609,4.0,160039.63638206813,11.983176790924528
16837.0,1268022.18667124,232097.515617713,4.0,6842615.678238685,15.738680625598231
16853.0,1261596.86845666,245866.101551816,4.0,234023.05133026687,12.363174899446456
16854.0,1260900.32323995,245881.449007824,4.0,122798.611111035,11.718300984460495
16855.0,1272375.81406769,250129.43589218,3.0,19270.4758854518,9.866329456767817
8664.0,1268422.92503965,240942.712106764,4.0,727155.1786751653,13.496895184460666
8665.0,1268744.48375998,240932.444778755,4.0,125176.98123563998,11.737483864799191
8667.0,1254487.82198538,251489.628725573,1.0,0.0,
475.0,1255685.74710661,243146.895085022,4.0,107697.329308061,11.587080065325976
8668.0,1264804.49885994,245333.131823272,4.0,374685.3155554168,12.833841794143051
8682.0,1264636.63537177,257620.179771841,4.0,47340.810493975245,10.765128003622204
8683.0,1261471.49962454,233230.135074869,3.0,84778.0,11.347791354158918
8684.0,1261283.02692033,233077.877154708,4.0,297326.00057115586,12.602584460833729
492.0,1267688.7841109,234614.773348287,1.0,0.0,
16878.0,1252382.77334322,242561.049132422,3.0,317292.1579156124,12.667578262218946
8687.0,1263349.46007445,258974.96902123105,3.0,100657.8566507241,11.519482487144424
8688.0,1266212.94186938,252669.653238773,4.0,903484.362563496,13.714014081242611
8696.0,1272289.41566761,244402.860078305,4.0,110109.26402265954,11.609228461066223
8699.0,1256783.02377973,252401.5586465,4.0,132366.3368449269,11.793328636720052
8700.0,1256519.08035547,252405.961526513,4.0,156621.02889565253,11.961584337659245
509.0,1264679.54801181,247127.6282731,3.0,42784.974921257,10.663942266694615
508.0,1264923.37527606,247206.99652917695,3.0,3712.991225959227,8.21959309111456
511.0,1267726.01534294,233978.92125164,4.0,93307.2284412158,11.443652859088571
8704.0,1254143.53168103,244429.179566339,4.0,470460.2754577209,13.061466803960059
8705.0,1258150.47773314,253717.730871856,4.0,249280.07231987573,12.426332331779513
8706.0,1258161.99242114,254385.047160536,4.0,776862.8314358547,13.563019077646858
510.0,1267401.3787986,233985.91472365,4.0,200605.37297248916,12.209094938660193
515.0,1263464.65143457,235279.347812966,4.0,173963.3070338129,12.066599676842522
514.0,1263795.43626691,235272.85539695603,5.0,330747.6035950054,12.70911083658438
8710.0,1260646.82608768,236756.538406476,4.0,103573.00691532213,11.548032023847805
8711.0,1260370.87191141,236761.385510489,4.0,72395.98717788424,11.189906151117915
8713.0,1253369.41609624,239570.968489364,3.0,184004.86497593884,12.122717476328214
16908.0,1263062.83895417,241451.387627289,4.0,720153.8862109225,13.487220199003557
8718.0,1261445.9468565,237504.296743244,4.0,26359.080285889184,10.179568097487618
8719.0,1261439.7135765,237974.570407733,3.0,46047.960958867465,10.73743876185116
16911.0,1264738.04753187,228885.549918428,3.0,105505.84805248842,11.566521662139115
16913.0,1260894.79901594,245615.143727556,4.0,148415.61230615532,11.907771808401217
8726.0,1255592.58486651,253071.037943184,4.0,28132.48615297239,10.244680278416526
8728.0,1254250.05865714,252042.788662136,4.0,20260.14332490463,9.916410852057249
8729.0,1262154.20234522,247130.708273098,3.0,146641.17961538248,11.895743926775983
540.0,1256534.31721948,257119.79525932705,3.0,79587.84157683708,11.284616616156336
541.0,1256364.34909131,257123.15417133304,3.0,465768.4446787273,13.051443889781092
16925.0,1265541.8159167,250982.085429043,3.0,29574.071326497404,10.29465328772796
16924.0,1265661.63294081,250896.834612966,3.0,79848.82014143384,11.287890377597034
16926.0,1255405.24534632,242492.648684353,4.0,29681.75995511448,10.298287993202338
16929.0,1266675.92292586,244049.210541949,3.0,9141.751472011065,9.120607273224751
16930.0,1264833.68874797,245648.512431592,3.0,373785.0713231829,12.83143623560089
547.0,1260266.3645833002,245117.468207046,5.0,3220643.2551081413,14.985091666236613
548.0,1260213.23050325,245141.546607062,3.0,103914.19844477825,11.551320822657319
8740.0,1253438.1203523,242525.433708385,4.0,1484174.916521368,14.210369564039398
8739.0,1253422.93136029,241865.917995721,3.0,589246.1649052822,13.286599312343226
550.0,1267245.47755045,240493.965354308,4.0,4444159.653496968,15.307101354725729
551.0,1267896.38308711,240335.843946144,3.0,2316752.3809196968,14.655676927146564
16939.0,1263811.83517893,231571.688545167,4.0,1697496.2594249642,14.344664934833746
8751.0,1263987.23082711,242867.899884745,3.0,917536.4221323852,13.729447555269966
8752.0,1252654.48835151,237135.345766872,3.0,21473.968497179085,9.974596712971447
8753.0,1261590.80151266,238561.03613632903,3.0,53175.85645754146,10.881359746333493
8757.0,1258592.30493358,247757.471473753,3.0,5021.786945287317,8.521541114541872
8760.0,1253506.28163238,245586.649391517,3.0,204775.2833711752,12.229668478200084
571.0,1265938.5218371,255606.07551378,3.0,94385.21468925566,11.455139715812269
8764.0,1265537.28017269,252408.588790506,4.0,901047.674507178,13.711313448073188
16956.0,1264072.0662832,246824.941168785,3.0,468947.6871717543,13.058246499995622
16958.0,1257648.44227661,255766.02732195,4.0,1532218.3661646245,14.24222715578627
8765.0,1263250.54922636,243379.130797267,4.0,116087.23135881312,11.662097181954856
572.0,1265947.02020511,256271.109626472,4.0,111739.32947687994,11.623924022251265
16957.0,1270740.71697803,246456.91275242,4.0,11055289.710851282,16.218419578248827
583.0,1266641.30257383,237122.795878857,4.0,501800.9388727742,13.125958783922622
16968.0,1264748.16401188,241902.385387748,4.0,254361.51361943493,12.446511816061212
584.0,1266649.06436583,237420.578791156,4.0,772331.4171667271,13.557169033733478
16972.0,1257543.98678851,250431.632116482,4.0,435932.57197704446,12.985242858942609
16973.0,1258428.78192541,243001.061356872,4.0,4244728.249254239,15.261188359012763
16976.0,1262939.83031404,254332.201464474,4.0,3207479.202963633,14.980995891573631
16979.0,1272731.78616406,246131.999984086,3.0,98565.9683518152,11.49848133245154
16980.0,1266065.30474924,231516.650913119,3.0,7773590.815110305,15.866242753957618
8791.0,1260297.14371933,248002.567409992,4.0,911794.253762235,13.723169644660281
8798.0,1262680.34263377,258325.68326057505,3.0,58675.3871150777,10.97977561831276
8799.0,1263593.18596271,254050.488440186,4.0,45619.84046181052,10.728097998721578
8800.0,1263598.78897071,254319.60991247,4.0,3210123.061466261,14.981819831276736
16991.0,1266653.09585384,239644.483113438,3.0,8619425.123156711,15.969528949366824
8801.0,1266668.93866985,238218.81373597705,7.0,3260962.031189745,14.997532811400927
17003.0,1272168.67339548,251003.737269074,3.0,181210.6540173276,12.107415467867659
17006.0,1267368.33329457,232113.583457723,4.0,803354.5548644941,13.596551433293579
8816.0,1268887.02219212,245692.894255638,4.0,555899.5920935152,13.228342967164561
17012.0,1251863.53884669,242573.01630044,3.0,20416.476821335888,9.924097541148818
17013.0,1269484.83396873,253406.72952753297,3.0,2164581.875572446,14.587737771701063
17014.0,1259247.72419825,246022.250543967,3.0,9026.273321731454,9.10789486152956
17015.0,1267403.7663186,234092.85737974904,3.0,89317.05911490397,11.399947780142274
632.0,1269706.14161696,247540.63825751803,3.0,69322.81112530794,11.146529295882484
633.0,1270104.52600136,247532.551345512,4.0,133217.64787236662,11.799739519846481
17019.0,1260401.80554344,234147.700771809,3.0,330137.18228945654,12.707263550969175
8831.0,1271215.33381051,240658.945962474,3.0,47953.07466904113,10.77797820065502
640.0,1263453.81521057,246582.64606455,4.0,312667.7101095041,12.652896276551903
641.0,1263458.97233057,246848.643568814,4.0,449674.0752762664,13.01627832216723
17023.0,1264404.92356354,229525.677215084,3.0,4247.688644322242,8.354130265584518
8834.0,1272799.82014813,248524.762930527,4.0,384110.8894398696,12.858686564465502
17030.0,1259186.59901419,234909.775396585,4.0,7728860.597214401,15.860472009597512
8841.0,1267465.90558267,249473.701939508,3.0,71194.3554362676,11.173168816676922
17036.0,1252532.78780738,237248.151270986,3.0,2143.005263307598,7.669964451517037
17042.0,1259104.7750141,246209.385008156,4.0,89097.39751049677,11.39748540439592
661.0,1257131.62083608,243765.062445655,4.0,713566.7127096927,13.478031212172393
662.0,1256840.37827578,243767.813741654,5.0,489543.76339562127,13.101229141237525
8856.0,1262104.51933718,253674.820855811,4.0,693637.3568268111,13.449704562321653
8858.0,1265513.29630066,240976.52343480295,6.0,10252188.724858165,16.143001774886027
17054.0,1265271.19409242,255623.54008980104,3.0,41555.10079654005,10.6347755556018
8865.0,1256593.70390753,245451.04171139,4.0,541762.0755885757,13.202582209115256
8866.0,1256625.27504356,245794.25854373,1.0,0.0,
17061.0,1261718.79504879,242267.874860123,3.0,271863.0449389492,12.513053707219914
17062.0,1263946.89425106,239704.344873503,3.0,1110718.4244823414,13.92051759318936
8878.0,1256286.06147522,237764.559719518,3.0,120270.6557410074,11.697499946530652
687.0,1262189.41943327,248760.33822678,4.0,88772.2458238151,11.39382933309815
688.0,1261658.51172072,248771.853938788,4.0,126227.56761974467,11.745841649130407
8881.0,1265516.70474868,251606.838133693,4.0,80702.52375178649,11.29852512702538
8882.0,1261564.73040862,244497.202734411,1.0,0.0,
8880.0,1256958.43216391,238172.471271932,4.0,631534.9792508153,13.355908609976305
8884.0,1263465.34698658,247114.689969093,4.0,90809.3418185294,11.416517442761224
693.0,1262383.60080947,260330.550974622,3.0,98668.96452771324,11.499525733499128
694.0,1262396.96036148,260995.117567301,3.0,79106.30000354451,11.278547796646675
8879.0,1255958.18153888,237770.839527518,4.0,113040.60347651796,11.635502355954545
690.0,1262590.22244167,233422.622819066,4.0,45816.16055467004,10.732392158403812
689.0,1262582.51216967,233109.848546743,3.0,27710.66760521834,10.229572730140543
698.0,1267610.81278282,256887.418747097,4.0,177789.11070494817,12.088353355557324
699.0,1267610.24683082,257151.780411363,4.0,92595.80767344208,11.43599914610445
700.0,1261883.11658496,255703.289913878,4.0,291476.9797676701,12.582716310016766
701.0,1261893.34391296,256223.160890415,3.0,16167.985674465835,9.690788373040625
703.0,1261653.28733672,241059.15908289,5.0,225089.855189486,12.324254957862731
704.0,1261668.08976874,241704.132523552,3.0,57994.1167170343,10.968096848470385
17088.0,1259878.7265669,234898.822948575,3.0,615611.114621058,13.330370735723863
17087.0,1272783.69022812,250114.862132162,3.0,16936.35015418689,9.737217487741908
8900.0,1265476.29770863,249761.107251793,3.0,29923.5332008388,10.306400513379872
8901.0,1265482.46698864,250008.48075605897,3.0,14037.656803844568,9.549498769338332
17092.0,1272790.30341212,243468.540717348,3.0,59467.708701174335,10.993188733308221
8903.0,1268391.56484762,236316.78307803,4.0,214839.5008310208,12.27764652057144
8904.0,1268518.33559975,236367.180262089,4.0,312411.693938568,12.65207712882893
17098.0,1262837.29149793,231259.128480852,3.0,167954.1630059752,12.031446381907848
17102.0,1254621.31548952,237066.489574805,3.0,355257.78147132846,12.780598949931496
8911.0,1273561.7109649,242294.385644153,3.0,265.54071810542405,5.581768192785196
8915.0,1272351.49918768,242207.376940057,1.0,0.0,
8918.0,1256815.09949176,242746.034348622,1.0,0.0,
17110.0,1268401.59531163,240536.828778356,4.0,1035150.1413977208,13.850057038313206
17113.0,1268799.68248004,234349.022564024,3.0,11074671.112909537,16.220171177103246
8927.0,1252967.46409582,239660.080489457,1.0,0.0,
8928.0,1252561.0649914,239715.642409518,3.0,60444.628293418886,11.009482990116297
739.0,1268997.22865623,244890.673710808,4.0,125512.32584196524,11.74015924661151
17124.0,1260070.95581509,235788.855973497,3.0,448048.37061429553,13.012656475689964
740.0,1269004.50059225,245160.535087094,4.0,159491.85330299343,11.979748123432328
17123.0,1271666.99102697,247492.498929471,3.0,24566.349759836183,10.10913288955513
17128.0,1265327.90430048,233749.623843402,1.0,0.0,
8939.0,1258185.63939716,255757.667769939,4.0,1851572.7125707732,14.431545950814614
8940.0,1258188.69315717,255938.406586125,4.0,1757495.1365777948,14.37940013542432
749.0,1252819.08873567,239216.368168995,4.0,346340.2044744668,12.755176820892485
17134.0,1253682.29468855,256835.440187037,1.0,0.0,
751.0,1264870.80286001,248798.705970809,3.0,568454.0980747887,13.250675846740148
752.0,1265451.7127486,248771.317874789,4.0,640181.1915795067,13.36950652711024
748.0,1252739.92028759,238240.25264799604,3.0,50335.74051701454,10.826470650826728
8945.0,1273165.9358605,242106.007083952,3.0,143479.89050842394,11.873950168532073
8952.0,1264138.68650725,235708.689445406,4.0,157148.27557758824,11.96494506906712
8954.0,1257437.2534124,257767.920315996,3.0,64851.446901884425,11.079854501012798
8955.0,1257178.31133214,257773.123004004,3.0,125658.91748625856,11.741326511295119
8956.0,1264006.87415513,243669.392045557,4.0,184147.67534300857,12.123493298079214
8957.0,1263745.58167486,243674.249645561,3.0,64506.18456238922,11.074516382875427
8968.0,1253951.39817683,243839.568877742,1.0,0.0,
8969.0,1264252.22237937,254038.29388018,4.0,93064.198804405,11.441044843706013
8972.0,1262245.94327332,241584.219371423,1.0,0.0,
8979.0,1270937.68177822,249620.36241965,4.0,325575.25094221253,12.693348899601828
8980.0,1263642.99626675,256722.248506933,4.0,66659.81690243357,11.107357605119788
790.0,1271510.85944282,249880.248371914,4.0,138195.22844648996,11.836422663283258
791.0,1271519.25086682,250160.051956207,3.0,18652.40322375642,9.83373027595298
8985.0,1258511.9986295,258951.53964521,1.0,0.0,
17177.0,1253668.41840054,244978.320238903,1.0,0.0,
8990.0,1257689.28176466,257444.911099672,3.0,164900.85258582,12.013099678854639
8991.0,1257170.86877212,257455.20076367297,3.0,84777.99999999997,11.347791354158918
798.0,1265067.05015621,243130.16874900495,3.0,38840.31866885872,10.56721412702811
799.0,1265312.59722847,243125.89738901,3.0,8562.785204937269,9.055180790621574
8992.0,1262111.41072918,234862.996580541,4.0,213734.6997447726,12.27249080409561
8995.0,1256893.81155585,249408.039027438,3.0,63335.747351709535,11.056205177827739
17188.0,1258374.13802136,238027.944679782,1.0,0.0,
8998.0,1262786.70468187,248747.01803475604,3.0,34867.200853927934,10.459301862685841
9000.0,1267340.31761454,244264.046382174,3.0,51904.19208563599,10.857154838254997
17197.0,1263709.34289083,230138.13302370897,3.0,22532.6800398384,10.022721980627797
9015.0,1253487.55920036,244714.011694625,3.0,53973.89205851633,10.896255728234232
827.0,1261011.59632806,257702.106427923,4.0,1941018.793570562,14.478723544520843
828.0,1261023.60612006,258364.868924603,4.0,1252039.609555781,14.040284467167124
829.0,1254647.97910555,257051.33381927,3.0,65456.6963452064,11.089144078483505
830.0,1254483.27638537,256905.865275115,1.0,0.0,
9022.0,1267254.81809445,236795.856934518,3.0,62167.16250680101,11.037582205346803
17216.0,1268928.64024016,235138.171940818,3.0,10948313.783117522,16.208696009959375
17217.0,1260111.15127113,238157.91261591003,3.0,284525.3822892037,12.558577745754157
17214.0,1267378.67121458,232522.352674142,3.0,22633.00392021937,10.02716447043783
9023.0,1267259.75671846,236969.747622699,1.0,0.0,
839.0,1269240.31217648,254862.442169026,4.0,3966870.324304478,15.193488010357312
840.0,1269572.38200082,254853.197113007,4.0,6522006.453704679,15.690692624859382
9033.0,1266428.7032776,244054.75281395,4.0,259849.24976412047,12.467856933244121
9034.0,1259752.66711077,254369.01042451,4.0,244698.93387672323,12.407783892562765
17226.0,1254155.43747304,248001.962098002,3.0,42457.093589928816,10.65624928237104
17228.0,1254140.91811302,248002.860722005,1.0,0.0,
845.0,1263578.99997869,234394.894180059,3.0,121817.93407803807,11.71028286543891
846.0,1263439.52913055,234398.00310806895,3.0,86889.14122146876,11.372388346270412
849.0,1254464.93027335,250704.200500771,1.0,0.0,
850.0,1254231.45308912,250710.786740765,4.0,1241783.409095575,14.032059137456129
851.0,1272803.71051614,243927.62218982,4.0,121315.81571917146,11.706152471586664
9044.0,1265213.78250836,238975.952936754,3.0,21836.89686329385,9.991356334749792
9045.0,1265219.76542036,239212.810088992,3.0,60212.2170794891,11.00563055222682
852.0,1273067.6309644,243919.856109813,4.0,96528.47650039676,11.477593337063983
9048.0,1253143.568416,241217.367083043,4.0,210256.47371744752,12.256083367931675
857.0,1255588.8971865,235084.005668774,4.0,25057.985597416693,10.128947842035467
858.0,1255594.94441852,235343.924133033,4.0,111935.16478115263,11.625675096775542
859.0,1271791.2407551,241815.48727566,4.0,70847.6984571155,11.168287759864517
9052.0,1263020.24682611,252449.455542549,3.0,61414.62873403516,11.025403338754812
9053.0,1262899.58532199,252451.389238551,3.0,456133.7900417564,13.03054144467777
860.0,1271803.53963511,242245.374252096,4.0,44739.72642790628,10.708617120316134
9055.0,1264431.57277957,234376.262692049,3.0,32739.82053662892,10.39634736943878
9056.0,1264221.75594735,234380.578916043,3.0,84282.97453852928,11.341935160823198
9057.0,1260087.91018312,236766.214566499,3.0,67561.46263741478,11.120793020145868
872.0,1260506.50122355,252369.943862468,4.0,131047.06813991614,11.783311836428926
873.0,1260518.55728756,253032.286071151,3.0,25451.376972653823,10.144525125530912
875.0,1266640.67729382,241275.201323107,4.0,200380.49133646497,12.207973294833728
9068.0,1267150.30718234,249087.175859109,4.0,25257.44455185617,10.136876224985459
9069.0,1267153.55684635,249220.985587239,4.0,6491.528717646959,8.778253331675135
876.0,1266805.473518,241235.02685907495,3.0,48289.13731327858,10.78496191400059
9071.0,1265651.67959681,259577.545277849,4.0,145697.0443071435,11.889284705822028
9072.0,1265824.53521299,259573.39340584,3.0,52983.24481155512,10.87773100692182
17264.0,1264946.27415609,233678.371363327,3.0,137834.4139283533,11.833808344614175
9076.0,1263386.90820248,245029.137006953,3.0,26926.94047316607,10.200882568997473
9077.0,1263246.51409034,245032.213166952,4.0,69181.66749236237,11.14449118587749
886.0,1266028.8323652,245223.755439147,4.0,186670.32142947763,12.137099352938042
885.0,1266021.87140518,244953.755950883,3.0,52588.87438842887,10.870259862825693
888.0,1271486.83749078,250623.743924677,3.0,11297.499051918436,9.332336657365842
889.0,1268844.42846408,240101.564201906,3.0,145213.2865474249,11.885958882334046
890.0,1269369.78763261,239738.56496954,3.0,5060.170072762208,8.529155372934495
891.0,1272118.23653144,248015.108082011,4.0,31806.305285716404,10.367419828538544
892.0,1272126.28472345,248284.857202291,4.0,71079.2088265804,11.171550151460726
897.0,1254644.40464154,245149.72830307495,3.0,169536.0,12.040820572631741
898.0,1254740.88937764,245651.01963159404,3.0,2338712.0577181885,14.665110933122188
9098.0,1262916.77623402,253260.102199376,3.0,88649.39456514595,11.392444481982654
9099.0,1269376.37124862,240020.827817827,4.0,164977.8365771373,12.013566420085546
9100.0,1256193.84381112,249375.069939405,3.0,14823.158526314244,9.603946002074109
9101.0,1255531.05744244,249386.947571412,4.0,49061.81908204476,10.800836395845929
17297.0,1273636.61144499,246714.367920682,3.0,153005571.59932116,18.845984894375512
17304.0,1263662.80298677,241508.766443342,3.0,45136.4608717412,10.717445643924787
17305.0,1263653.36106676,241525.18897137,1.0,0.0,
923.0,1260258.56995928,253036.461879149,4.0,578273.2808683614,13.267801840188316
9117.0,1260910.79696795,246386.385968342,4.0,1352016.7960203364,14.117107958599846
926.0,1267638.48331085,242269.915820122,4.0,358893.2938888147,12.790780391780896
9119.0,1261142.77386419,234882.207204565,4.0,126172.85210569092,11.745408087926583
927.0,1267960.12772718,242262.349932119,4.0,318324.98553736106,12.670828107008072
9125.0,1261397.96336846,260353.900670648,4.0,197238.6414436974,12.192169652480723
934.0,1254160.14480105,248164.371890157,4.0,70897.184547288,11.168986001538348
935.0,1254169.42102505,248484.428338498,4.0,399404.8116373447,12.897730747055393
936.0,1256220.58787516,250442.887348503,4.0,337888.228824656,12.73047043582644
937.0,1256224.95856316,250703.43870876695,3.0,60580.68366662314,11.011731369869532
941.0,1267064.25745426,245731.366255671,4.0,84301.81387019216,11.342158660605344
942.0,1267371.65252657,245724.52145566,4.0,425341.996452733,12.96064882184692
9135.0,1262887.56861798,238197.950247958,3.0,59360.1092172128,10.991377717752185
9136.0,1262891.52432999,238345.896808103,3.0,340886.09295060777,12.739303662194432
943.0,1272148.23352346,249016.966963038,4.0,48391.92989881289,10.787088341174627
9138.0,1265409.54487656,231054.133472636,3.0,391085.46681066166,12.876681400274748
944.0,1272817.71806815,248993.044787019,3.0,33887.68039251883,10.430806817068852
9141.0,1268906.29086414,254741.39090490303,3.0,43910.80145230648,10.689915615548303
9142.0,1272052.55224337,244821.656174734,4.0,171799.83430784708,12.054085324083905
953.0,1269388.25182463,245683.26763162,4.0,89630.06916638663,11.403446136039012
9147.0,1259488.44848651,240365.142442182,4.0,959838.6121065876,13.774520436922575
9148.0,1259499.70499851,241048.218154877,3.0,276565.0130185589,12.53020120076388
17342.0,1263147.60810624,241691.831403539,4.0,504615.0924499944,13.131551224472275
9150.0,1253378.11292824,239887.709353685,4.0,440375.1552287813,12.995382268135742
960.0,1260933.56695198,253690.89631182,4.0,543949.8168648289,13.206612273172693
961.0,1260600.00528763,253695.732215822,4.0,620921.1057697046,13.338959308995756
969.0,1267698.1971029,232425.861090049,4.0,647675.2783870976,13.381144736134873
970.0,1267705.33227092,232744.65405038,4.0,370549.0322977534,12.82274105584662
9164.0,1256298.65565123,238184.699943945,4.0,319900.77664160857,12.675766153698365
9167.0,1264628.21866776,256960.839547172,4.0,85911.09736607279,11.361068288988688
9172.0,1255523.36912245,248906.311666921,4.0,178984.3691165094,12.095053757638528
983.0,1259830.98122285,260338.592638627,3.0,965943.098059488,13.780860206759382
984.0,1272348.71569967,241839.521067694,1.0,0.0,
985.0,1272345.75512366,242010.374699861,4.0,121228.87833573663,11.705435594332377
9183.0,1269387.63896063,240439.98250626,4.0,131072.99087502915,11.783509629267025
995.0,1254214.3628491,250098.302452147,4.0,2207634.726711442,14.607432240950777
996.0,1253614.42966448,250115.426740155,4.0,2240508.6199885425,14.62221346055132
997.0,1266291.24951747,241331.728427172,5.0,415499.88743091474,12.93723762235321
9190.0,1264008.66877913,252045.742070138,4.0,93372.11926221986,11.444348070684454
1000.0,1253689.31830457,236630.16368635,3.0,45349.12264631003,10.722146109078523
1001.0,1253956.40342483,236833.678374559,3.0,591.5235106691293,6.382701430167209
1007.0,1264862.34519601,248350.868274361,3.0,185854.74627280683,12.132720713590356
1008.0,1265150.6572603,248216.651634216,4.0,1457640.9875456542,14.19232992497835
9200.0,1254041.61027293,239876.404201671,4.0,789820.1050296382,13.579560483359815
9204.0,1257116.26358807,243122.39607700697,3.0,43882.93296151115,10.689280752663898
1016.0,1266698.31332588,231082.127520666,4.0,87681.08863328995,11.38146151808663
1017.0,1267018.52561422,231013.647008598,3.0,378420.6186881908,12.843761603809078
9211.0,1266708.9199179,231501.908513099,4.0,7885657.622135201,15.880556176567397
1022.0,1260163.62359118,234436.858660102,4.0,254418.5107751814,12.446735870282103
1023.0,1259987.73911101,234287.586019948,3.0,84777.99999999997,11.347791354158918
17410.0,1264205.50135534,241452.996203288,1.0,0.0,
17411.0,1263951.22858708,241543.234859377,4.0,120947.00095725062,11.70310772000732
1028.0,1264936.86929208,255350.298809528,4.0,1183316.604961508,13.983831736031318
1029.0,1264279.18263541,255363.197433531,4.0,585877.8921408798,13.280866671659812
9222.0,1268225.48119944,253702.473719835,4.0,336291.4524405055,12.725733480933473
1031.0,1267759.40369497,244255.778990164,4.0,94545.30835801177,11.456834452104653
1030.0,1267750.25444695,243925.594925821,4.0,95977.6151222568,11.471870267450443
1034.0,1255651.81539457,257794.103932023,1.0,0.0,
1035.0,1255395.31817831,257796.114812031,4.0,159045.15653958285,11.976943444274642
1040.0,1255601.27120252,235603.713317305,4.0,16274.855008137847,9.697376558166907
1041.0,1255607.6606425198,235869.614693567,6.0,157139.78676611412,11.96489104976131
1042.0,1255917.65865885,236406.366886124,3.0,35771.83423690571,10.484916109577043
1043.0,1255619.98211454,236409.460390121,4.0,19149.253326542403,9.860019003067556
9233.0,1268566.07070379,243669.782125562,4.0,109300.48612850062,11.601856121807993
1053.0,1252057.6644149,239911.164969712,3.0,45260.82073026666,10.720197052701124
9249.0,1263853.98333897,248990.668147013,4.0,344813.37159973255,12.750758597761406
9250.0,1258073.27805305,241072.827690899,4.0,69017.81353404387,11.142119917420047
17443.0,1257710.60886867,258425.295932665,3.0,117685.48527544938,11.675770965979043
9251.0,1258085.03856507,241739.191851586,4.0,33567.18880292786,10.421304345118989
17447.0,1258971.05450197,247749.225777745,3.0,48989.42460278352,10.79935972936633
9258.0,1257293.91875625,251068.219765142,4.0,46238.90058600779,10.741576726809443
1067.0,1255043.07510595,240517.877354339,3.0,24837.5593670264,10.120112277074686
1066.0,1255029.94787394,239858.842921659,4.0,907849.045623169,13.71883339444879
9262.0,1268989.84350424,244630.728686541,3.0,77005.80675980588,11.251636110457456
9264.0,1263238.62929034,244505.042286411,4.0,243810.7040507256,12.404147400113605
1073.0,1265735.8224449,235898.597221598,4.0,121547.88061016102,11.708063543229942
1072.0,1265727.26340489,235588.590949282,4.0,142315.15400539368,11.865799271769795
17463.0,1263652.98609076,242731.971372604,4.0,3830146.966734861,15.158413732936252
9274.0,1268265.88593549,246224.553584173,3.0,6686062.327239779,15.715535667970746
1082.0,1262911.98493801,233414.531299055,4.0,146510.7391026244,11.894854009207393
1091.0,1267576.39358278,254770.295352921,4.0,151847.72639303052,11.930633497645507
1092.0,1268242.51921546,254757.32524091,4.0,129327.23202955438,11.770101153795306
9286.0,1265693.03678085,234348.875236019,3.0,231350.87605030276,12.351690781016123
9287.0,1259166.15773417,251041.820533112,3.0,63592.63527767629,11.06025294510235
9288.0,1264623.67735575,244549.994606465,4.0,645812.3915798301,13.37826432507489
1099.0,1271828.62917113,243120.059820995,4.0,108167.3844898674,11.591435162706112
1100.0,1271841.92209914,243578.124525473,4.0,52323.520119826055,10.86520126444556
17489.0,1263855.87210697,242409.454636276,4.0,3899526.920562394,15.176365801322243
17490.0,1263578.14109869,242414.087468281,1.0,0.0,
1106.0,1265127.32663627,235601.823205292,3.0,28349.997502160077,10.252382221048666
1105.0,1265118.42372426,235270.268452957,4.0,91928.26820247856,11.428763858460828
9305.0,1252735.49769558,238109.042599872,4.0,84070.18013940784,11.339407206858198
9314.0,1254410.5869133,241190.666347027,4.0,155607.5838759699,11.955092629101483
9315.0,1260247.49712728,261048.14470335803,3.0,151078.55332941742,11.92555520125379
1123.0,1273390.51845273,245449.53220738503,3.0,65403.98692054556,11.08833849767503
1125.0,1266044.35761321,236201.929957911,4.0,86966.66189951914,11.373280127640907
1126.0,1266052.91102122,236511.745254233,4.0,74542.03936370116,11.219118531978834
9319.0,1262266.88484134,239359.78384915003,3.0,324026.52327947546,12.688580653397647
9320.0,1262275.27952935,239720.49181751895,3.0,581275.2797848884,13.272979727040983
9321.0,1270564.92830583,239988.139561787,4.0,120554.60500397476,11.699858082829737
9322.0,1270576.45777786,240407.906090215,4.0,66710.74981546198,11.108121385566372
17512.0,1269823.79588908,248814.179634824,4.0,449314.03045429295,13.015477321933904
17513.0,1269995.48190525,248565.947250575,4.0,217692.42660994385,12.290838458422494
9326.0,1262967.68561006,243800.039085701,4.0,2521612.8021238944,14.740409255617221
9327.0,1262968.08260207,243832.001325727,4.0,126181.61648993664,11.745477548826546
17520.0,1270319.04260959,249360.717299387,3.0,269316.831640564,12.50364377829685
17525.0,1270588.06571387,249681.031283721,3.0,203607.53980364665,12.223949595407236
1143.0,1266940.57367814,256639.310330838,3.0,3888.7910676306014,8.265853608781118
1144.0,1266943.66123013,256903.430523112,4.0,156602.0155880782,11.961462933388821
17535.0,1269247.08446449,248102.935986102,3.0,460304.6545222158,13.039643841686026
1154.0,1253587.65251246,249140.909683168,5.0,1568714.049882213,14.265766765189902
1155.0,1253358.55555223,249146.480179176,1.0,0.0,
9349.0,1267263.26526245,241123.42538695,3.0,204792.3525741285,12.22975183050366
9350.0,1260381.44765541,251682.413109764,3.0,30778.26122206452,10.334563915285997
1159.0,1262816.58487391,235734.576229438,4.0,130179.07487258669,11.776666280576213
1160.0,1258371.79747735,239701.1742495,4.0,576298.0816705714,13.264380308719879
1161.0,1258049.43888503,239707.084009498,4.0,487797.77573588863,13.097656204966535
1158.0,1262803.79946589,235292.416036978,4.0,96964.78467636634,11.48210314699534
9356.0,1252698.84361555,236980.83293470705,3.0,341633.063519763,12.741492526375927
1164.0,1271703.57432301,246551.706800506,3.0,587591.729048708,13.283787647363713
1165.0,1272007.12849931,246683.24792064697,5.0,598073.7358570349,13.301469329440197
1174.0,1256771.70915572,251732.598069817,4.0,93874.03970790777,11.449709159537766
1175.0,1256507.73987545,251734.890677825,4.0,143479.17064701105,11.873945151360562
9366.0,1262723.96957782,245841.258799791,4.0,288579.3010150602,12.572725200695219
9369.0,1266710.23454189,239216.504617006,4.0,1277796.581117831,14.060647731546418
1178.0,1265461.55626862,236834.903398558,4.0,257180.6446078704,12.457534014267631
1179.0,1265761.49265292,236828.365734562,4.0,40686.714374594834,10.61365688999879
1182.0,1266427.4920136,248978.48510699,4.0,228477.32671047564,12.33919225774311
1183.0,1266433.83287761,249238.650291264,4.0,74042.78699210254,11.212398407687573
9376.0,1256254.48841919,252810.000438914,3.0,46481.500328580245,10.746809670019042
1186.0,1263667.05425078,258302.658748552,4.0,201167.2779832239,12.211892069703122
1187.0,1263677.14909878,258966.675133228,4.0,235246.25909508552,12.368388155493712
1190.0,1251856.67695868,237671.144231424,4.0,416632.2784380929,12.939959285455865
1191.0,1251463.86774229,238146.794151902,4.0,125840.6509581766,11.74277171062228
9385.0,1257569.19837253,251069.493365139,4.0,221005.15075017384,12.30594128679017
9386.0,1264881.18833202,243636.492525533,3.0,11299.162099098006,9.332483851428846
17579.0,1254124.42569701,244666.186286584,4.0,127164.0,11.753232870962837
9388.0,1257875.26301284,253066.121975183,4.0,157637.99122350826,11.968056488418236
17581.0,1252075.49148691,248251.248690248,1.0,0.0,
17580.0,1254139.81776102,244678.122990593,1.0,0.0,
17583.0,1256895.12291585,235793.003301501,1.0,0.0,
17584.0,1256321.85475525,235843.73674154296,3.0,225056.17521666625,12.324105317654409
17585.0,1256725.76432367,235904.951845616,4.0,921565.6118272915,13.73382925467214
17586.0,1256765.79805171,235972.466853678,4.0,406413.3301955729,12.915125975386562
17587.0,1250556.32790135,238907.844136685,3.0,209145.35254398777,12.250784755939684
1204.0,1266197.94583736,252121.445686221,4.0,309164.976372067,12.641630317520512
1205.0,1266864.60625406,252107.697014198,4.0,395774.14506779663,12.888598986792584
17589.0,1256565.72201951,235853.097317562,3.0,377678.3339505506,12.841798143937803
17591.0,1269407.64350466,239598.402153388,3.0,56889.65481446023,10.948868790130227
17592.0,1269789.33598505,239214.495144993,1.0,0.0,
17593.0,1258671.27523766,238079.495399833,4.0,802773.8393303974,13.595828308590098
17594.0,1258656.00784564,238079.834663838,1.0,0.0,
9402.0,1268273.74353549,257135.877563357,4.0,183940.94894091343,12.122370055413226
9395.0,1266716.8519499,231816.807457417,4.0,195631.1078701505,12.183986062128575
9407.0,1263274.80541837,246330.530736282,3.0,238153.8170427277,12.380672033993601
9409.0,1259452.91799046,252356.871734455,4.0,143984.54191205505,11.877461224962996
9410.0,1259201.0832382,253045.045559168,4.0,98060.56471486764,11.493340574059411
17607.0,1255107.54448201,258849.732733101,3.0,84777.99999999997,11.347791354158918
17608.0,1254537.49705742,258494.788284749,1.0,0.0,
1224.0,1261159.14359221,235324.746021017,4.0,166956.66250417428,12.025489551758366
1223.0,1261484.55696854,235318.263077006,4.0,200543.9272833852,12.208788590427526
17613.0,1253450.97398432,248485.384050488,1.0,0.0,
17614.0,1253438.3532483,248503.526386514,6.0,586655.0172442023,13.282192221178963
17615.0,1253443.61180831,248479.07371448,1.0,0.0,
1230.0,1267613.32721482,257416.060731634,4.0,66694.26086478228,11.107874184195454
17618.0,1259972.56464699,239674.393129468,1.0,0.0,
9429.0,1257090.15075605,240423.02289024,4.0,703618.6785784947,13.463991838648507
9430.0,1257103.36925206,241088.995626912,4.0,169685.0793923441,12.041699523917487
16528.0,1255941.69245087,237189.877094924,4.0,268719.4605974356,12.501423216980779
9432.0,1262460.94416954,250344.915764391,3.0,140469.23714306895,11.85274379106392
9433.0,1262467.87325755,250988.633973062,4.0,289007.58239840314,12.574208203423069
17627.0,1267720.40670294,230984.998816565,3.0,30183161.45373488,17.22279475908927
9440.0,1264941.29054008,255632.844857812,4.0,680031.0291494927,13.429893707213418
9442.0,1252433.90351927,238182.912551939,4.0,7015.585261978279,8.855889419131774
1251.0,1269490.62200074,244070.817069978,4.0,116516.60739541982,11.6657890945786
1252.0,1269503.01963276,244493.533806399,3.0,64320.463962008565,11.071633117166517
1253.0,1262133.3644572,246120.344816074,4.0,424129.1678768665,12.957793329039406
1254.0,1261602.42781666,246132.02948808705,3.0,311549.1750331547,12.649312470025208
17645.0,1262061.36426513,260671.645118967,1.0,0.0,
9454.0,1266257.74334143,239190.889512971,4.0,883326.6633954303,13.69145035839269
9455.0,1266258.96644543,239654.013929442,5.0,3899937.020909791,15.176470962484817
17648.0,1265454.23409261,233731.789859384,3.0,296677.1334345568,12.600399733657923
1265.0,1254010.76976089,235374.54608506,1.0,0.0,
1266.0,1253928.70236881,235339.01142902704,3.0,84778.0,11.347791354158918
1267.0,1265452.99198061,236524.867302239,4.0,139469.75335201266,11.845603034884931
17652.0,1262905.30513,252721.978934824,3.0,599633.0103752738,13.304073097689951
9461.0,1256118.21539505,259266.011453524,3.0,24230.79028027988,10.09537942905582
9462.0,1255633.99293055,259047.940669313,3.0,144366.78966232258,11.880112490501384
17653.0,1260994.91293605,237496.344999239,4.0,89651.0720746792,11.403680437407726
9465.0,1265740.12490889,250951.57662901297,3.0,134415.84705020627,11.808693609720144
9466.0,1265741.7991489,251283.965045363,4.0,79445.30559777602,11.282824083973463
17660.0,1266126.9505733,237905.502311662,1.0,0.0,
9469.0,1268366.41099159,233350.211234987,3.0,7241134.607875673,15.795288465878558
9470.0,1268374.51633559,233666.19619531895,3.0,3248382.400297774,14.993667707415419
1280.0,1269559.41028881,253937.79935208,5.0,503649.43327923806,13.12963573614283
17665.0,1256881.84176382,256779.777594984,1.0,0.0,
9472.0,1266042.07838121,245753.62903969,4.0,362091.80229817535,12.799653056166267
1283.0,1256362.8723553,240495.661226317,4.0,339351.1108562223,12.734790575608857
1284.0,1259383.74429439,258528.731452778,3.0,71459.0342628327,11.176879617112064
1285.0,1259390.4250624,258798.254845053,4.0,696460.9422786004,13.453766993499107
9478.0,1254187.35049707,249125.391667143,4.0,1168571.5911666462,13.971292698663769
17670.0,1257124.78550808,257456.114811674,1.0,0.0,
1282.0,1256347.75459528,239833.937769637,4.0,17043.579909111573,9.74352886688068
17674.0,1253676.41219255,251117.031349182,1.0,0.0,
9483.0,1259993.28963901,253038.030135155,4.0,195274.97960026815,12.182163996011807
17675.0,1262688.81181778,258825.26431708,1.0,0.0,
9482.0,1253629.77609649,237231.069286972,4.0,231853.39187135195,12.353860519306522
9487.0,1269561.85054481,246480.726000443,4.0,9134831.245437158,16.027605274217716
1303.0,1253328.64419219,250123.583860174,4.0,127164.0,11.753232870962837
17687.0,1265000.96631615,248075.420658067,3.0,1088222.6294272472,13.900056308101007
17691.0,1271371.61304267,240768.850602597,1.0,0.0,
17692.0,1271333.61278664,240869.31991469895,3.0,42395.0,10.654785709738103
17693.0,1264045.32945116,245346.17246328303,3.0,75014.7357691858,11.225439850141862
1314.0,1261878.05328895,237504.933223248,4.0,77061.18853513333,11.252355041564106
1315.0,1261599.12471266,237513.100583255,4.0,54403.793404004486,10.904189162104151
17700.0,1270849.90078613,248582.927474588,3.0,99756.92987680422,11.510491804788176
17701.0,1263058.28349815,261682.54208,3.0,84778.0,11.347791354158918
9510.0,1259958.02922298,251027.921973094,4.0,64006.27446771047,11.066736396094319
17702.0,1262923.35396202,261685.882944003,1.0,0.0,
1319.0,1268100.04574332,234704.680676386,3.0,4884045.155857751,15.401484359841112
17707.0,1267514.73815872,235422.983653113,1.0,0.0,
9517.0,1262037.40106511,259384.744509652,1.0,0.0,
1330.0,1265524.95313267,251864.592181951,3.0,81269.54493693574,11.305526624333712
1331.0,1266191.66078137,251851.519413933,4.0,301637.5270188279,12.616981333830608
1332.0,1254637.09756953,237568.476135314,3.0,15650.055684336266,9.658229754066523
9525.0,1262259.88580133,239059.05642484096,3.0,146983.1587132299,11.898073292620955
1333.0,1254319.1589452,237574.144743323,3.0,4316.856215694123,8.370282688467126
17720.0,1259897.43683892,234213.340771884,3.0,189396.5049573817,12.151598006329332
9529.0,1267594.18027081,255566.038521737,4.0,160967.29475726697,11.98895648517763
1338.0,1266439.69962962,244514.620974422,4.0,194809.59299575,12.179777914336118
1339.0,1266449.97751763,244944.397678867,3.0,139801.75259374786,11.84798064513923
9532.0,1256124.34301105,244434.88561435,3.0,85962.09654083072,11.361661740184834
1340.0,1265383.41502054,246027.98999998,4.0,2515125.256935783,14.73783316422641
9533.0,1267874.48190309,249571.778227597,3.0,2399147.3976825224,14.690623981235985
17727.0,1259349.81584635,257539.286203757,1.0,0.0,
1341.0,1265740.9579329,246020.177071974,4.0,2547655.9597275974,14.750684262902888
17721.0,1266419.8729416,232812.112226442,3.0,343280.8815880753,12.7463042877933
9539.0,1263615.31588273,255111.436729282,4.0,335056.6702305209,12.722054961367668
9540.0,1263620.82506673,255375.379129544,4.0,299320.8008060267,12.609271189608418
17735.0,1264015.91089113,259707.166717976,3.0,6450785.343628588,15.679712440062072
9546.0,1261545.50538461,239372.079785153,4.0,67921.71999131178,11.126111144447151
9547.0,1261554.79767261,239732.255593523,4.0,147797.80366707296,11.903600427217171
17738.0,1257606.43811657,236222.473189935,3.0,49272.99274001837,10.80513139532145
9548.0,1253788.94966467,235331.361125022,1.0,0.0,
17748.0,1257611.03523658,236482.185638204,3.0,160088.694424608,11.98348328078002
9558.0,1266292.37745346,240725.50257054003,3.0,3825897.932839272,15.157303751375908
9559.0,1266674.11684586,240632.765930444,4.0,8647780.96830113,15.972813310540696
9561.0,1272145.12849946,250712.935028777,4.0,221310.3980941259,12.307321511352512
9562.0,1272421.97477174,250726.889396787,4.0,333924.4604459914,12.718670080050009
9566.0,1273054.24088439,243461.137197345,3.0,52493.729298652455,10.86844899951553
17760.0,1252100.63222294,241062.89693889,1.0,0.0,
1381.0,1253307.60156818,237237.040102974,4.0,484693.76023364335,13.091272548289997
17766.0,1261365.44567242,257795.944508031,3.0,887351.1210395242,13.695996035318563
17767.0,1264697.25725983,239687.99876149,3.0,226643.3311857938,12.331132832533488
1382.0,1253334.9906242,237492.93034324,3.0,403628.6548958676,12.908250563196704
9577.0,1266209.25687738,237433.354663178,1.0,0.0,
9578.0,1266379.04919755,237429.465895176,4.0,78891.82716409334,11.275832916729701
17770.0,1273197.48958854,242668.356332541,3.0,78362.60574266085,11.269102124985185
1388.0,1267568.61207877,252092.747254193,4.0,502203.6194015138,13.126760932771473
1389.0,1268157.60990338,252079.12325416497,3.0,623788.2770736647,13.34356629021501
9584.0,1258173.85789315,255071.115641236,4.0,624773.435288956,13.345144359460578
9585.0,1264758.51569189,252033.245750129,4.0,112724.6811532637,11.632703674749145
1394.0,1269568.75307283,246744.670000717,4.0,643481.3019578832,13.374648248809656
1395.0,1270084.47256134,246733.874416694,4.0,1124823.4475473196,13.933136645791498
9591.0,1269254.34136049,241459.658923298,3.0,18812.37068905909,9.84226994779633
1400.0,1256242.29846717,251737.194165826,4.0,65261.29906538614,11.086154475946525
1401.0,1256242.72067517,252030.096438125,3.0,20412.32503449815,9.923894165753836
9594.0,1258276.40362126,258819.714109078,4.0,743474.2727174143,13.519089441348095
9595.0,1258282.54403727,259090.054461345,4.0,67074.16560105367,11.11355423542597
9592.0,1269414.66417666,241455.340075299,4.0,111743.79548221592,11.623963989522506
1402.0,1269747.729137,242785.218924657,4.0,341041.3796299437,12.739759096791992
1403.0,1269759.91185702,243211.079021096,4.0,277295.9227169706,12.532840527986831
1407.0,1266292.95191747,234335.555107996,3.0,23170.029465378346,10.05061488912947
1408.0,1266301.45482947,234645.546276316,4.0,300015.4299124878,12.61158918535733
1410.0,1258919.73110992,257546.471611768,3.0,246839.56061986007,12.416493852413407
1411.0,1258926.37546192,257944.110524178,3.0,12235.659291387548,9.41210986011257
17794.0,1263946.76369107,241407.866091251,3.0,222257.95081937884,12.311593926951696
9602.0,1256006.31568293,239449.845353246,3.0,2448.7774612565013,7.803344183593624
17799.0,1272013.74955532,243517.780141398,3.0,78346.91802124897,11.268901910970268
9610.0,1257500.90813246,248330.546098337,4.0,235077.32657108823,12.367669788240141
9611.0,1271534.54968284,243128.723501012,4.0,46465.10013199445,10.746456774987385
9612.0,1271548.05560285,243585.718317479,4.0,49681.81430743787,10.813394235816489
9613.0,1266452.92042963,239186.747496977,3.0,34225.2171936956,10.44071799619044
1426.0,1265258.52254041,252024.858294114,4.0,473282.4358810302,13.067447605298778
1427.0,1265267.35191642,252413.044214517,3.0,669969.0757384024,13.414986834687621
9627.0,1260636.84087168,239662.125161454,3.0,28308.52295608979,10.250918202816537
9628.0,1260459.38218349,239665.31965746,4.0,222480.53104922464,12.312594875857643
1448.0,1254469.19043335,243830.336301729,4.0,643481.3327819898,13.374648296711756
1449.0,1254130.27772902,243836.409133732,4.0,293424.8487127313,12.589376833377262
9642.0,1253773.23612864,244162.324142069,4.0,101039.25641180055,11.523264397652484
9643.0,1252327.65833516,248197.857074201,3.0,42393.99999999999,10.654762121772682
9644.0,1252198.50076704,248200.791794196,3.0,84771.99999999997,11.347720578576464
9641.0,1253778.29782465,243990.446829885,1.0,0.0,
1452.0,1268908.38532814,254871.683641031,3.0,1700023.1925264976,14.34615245159603
1450.0,1267981.07415919,236954.160422683,3.0,53412.66934845984,10.88580325052455
1451.0,1267926.48209514,237228.047654971,3.0,42349.48508592766,10.653711541468567
9650.0,1261315.92509638,237507.862055257,3.0,1535.3289319237767,7.336499924963151
17843.0,1260799.51607184,243159.773997039,1.0,0.0,
17844.0,1252199.97711904,239576.925801367,1.0,0.0,
17845.0,1267459.03819066,249213.12837123903,3.0,58623.73895596955,10.978894995171295
9652.0,1262428.1062815,234413.952548087,4.0,28863.429600750464,10.270330661052288
17847.0,1259198.77546221,259750.675838023,3.0,75225.38481774309,11.228244017041733
9651.0,1262420.6660255,234057.941155717,3.0,3675.2924898765946,8.209387997561961
17849.0,1261792.49962486,235312.021284997,3.0,220390.72967438804,12.303157294007818
17850.0,1265366.12567651,245323.441583261,3.0,8334.289931881038,9.028133600419876
17854.0,1251671.0818865,237408.618791148,4.0,219731.20366722703,12.3001602768139
17855.0,1272388.59000371,243479.945261359,3.0,122503.8118571132,11.715897425683712
9665.0,1254581.59638548,252033.962934121,4.0,22125.5814910886,10.004489751613862
9666.0,1264484.42993161,232698.46025832,3.0,94773.1059840153,11.459240955843145
9668.0,1260804.85296784,241025.292010859,4.0,524512.872246547,13.170225248455466
17861.0,1266418.6580296,237967.808615729,3.0,283882.00692212384,12.556313962228288
1478.0,1254743.59376164,241842.993451685,4.0,254338.97434291663,12.446423200944592
1479.0,1254425.89328131,241848.687659696,4.0,338351.21569057106,12.731839734651023
9670.0,1263168.03031427,231587.676065192,4.0,660509.5815657887,13.400766909373422
9673.0,1269670.40248093,240012.747817814,4.0,170356.43898599054,12.045648220942365
17866.0,1255228.43305814,257219.551291436,1.0,0.0,
17867.0,1254662.85379356,246029.77476798,1.0,0.0,
1484.0,1255407.20496231,243202.179373085,4.0,54064.43311920077,10.89793182015313
1485.0,1255089.51337799,243157.069229037,4.0,48001.99058082693,10.778997759464048
9672.0,1269659.24305691,239587.202409387,3.0,14152843.277327666,16.465426100195163
9680.0,1264144.22161126,231975.700897589,4.0,1618314.276950252,14.296895595656169
9681.0,1263822.14487493,232008.721505627,4.0,1536506.6354628282,14.24502197910035
9682.0,1258866.49725387,249364.816371396,4.0,227612.31862143372,12.335399103765416
17875.0,1259133.68899813,256408.524410605,3.0,42676.95497269022,10.661414357338382
1495.0,1266913.42935811,254783.045048937,4.0,166705.63784897633,12.023984888496782
1496.0,1266918.31185411,255046.999545217,4.0,353224.4012401896,12.774858831509604
1503.0,1256017.81430694,239840.288809642,4.0,11381.858797361125,9.339776033301643
1504.0,1263011.10973811,258317.911612555,4.0,125880.5945369278,11.743089074212374
1507.0,1268932.25176017,243233.533357114,4.0,88507.70357192443,11.390844873218182
1508.0,1269191.90673643,243226.485101104,4.0,251950.2226151573,12.436986817677147
1509.0,1258037.99139701,239040.354408816,4.0,1340387.36137928,14.108469205808957
9702.0,1257106.61136407,255776.496121958,3.0,791914.7448023837,13.58220901955084
1511.0,1261842.94634491,261883.273280218,3.0,108305.15417423545,11.59270802349316
1510.0,1261938.89860101,261809.67008014,1.0,0.0,
9701.0,1266871.54359806,234322.708003983,4.0,62874.622635998334,11.048897905570882
1514.0,1263477.29809058,235721.662565425,4.0,131041.3199261593,11.783267971732743
1515.0,1261665.92279273,250355.578484401,3.0,59220.026056093375,10.989015041643553
1516.0,1261673.15306474,251015.003701076,4.0,120022.5631555174,11.695435030385433
17905.0,1261439.0817045,233636.93603529,1.0,0.0,
17906.0,1259667.62103069,260206.60403049,3.0,102655.24360180384,11.539131503478552
9716.0,1257299.64803626,251728.015349805,4.0,43185.32028382104,10.673255908239414
1527.0,1269112.17726435,242594.631724462,3.0,44119.17075824763,10.694649678046828
1528.0,1269147.6279524,242801.708076671,4.0,403068.8513892572,12.906862673455858
9727.0,1267730.15735894,234303.689315975,4.0,2773115.907526961,14.835482122327681
9736.0,1254258.58979315,252577.786294684,3.0,50625.99519604931,10.832220462409188
9738.0,1260230.76554327,260601.744318902,4.0,339433.59186826024,12.735033601157644
9739.0,1259802.44189481,256967.040635183,3.0,53255.35541364214,10.882853649662941
9740.0,1259539.71440655,256971.236155182,3.0,27585.76958752086,10.22505532408557
1547.0,1263929.73418705,240670.835690483,3.0,164261.28311947966,12.00921362877883
1546.0,1264719.34711586,240653.807530478,4.0,370959.112968726,12.823847127884799
1552.0,1267744.12126295,252911.809911028,4.0,1036697.5553463228,13.85155079119742
9745.0,1263561.45572267,247647.99697764203,3.0,40648.18203564957,10.612709391605637
9746.0,1255885.1968348,244461.842926368,3.0,77452.67242474995,11.257422350411119
9747.0,1255878.26211481,245067.427630991,3.0,203440.0980530774,12.223126882071295
1553.0,1268212.54980743,252901.768247008,3.0,522117.67464880086,13.165648271820857
9748.0,1257739.40010071,240395.165034205,4.0,844679.9749414496,13.646713106723853
1555.0,1263981.4198191,242637.306860507,5.0,2196780.208368985,14.602503304654906
1554.0,1264419.11805955,242600.645484462,4.0,884782.0433197524,13.693096614923736
1559.0,1255270.23184218,236669.39984639,3.0,24673.50901325584,10.113485437481321
1558.0,1255627.74851455,236669.344038397,4.0,78601.07420692951,11.272140645078737
9750.0,1264133.97393125,231562.963809162,4.0,2057879.6851234897,14.53718673162804
9749.0,1270887.20715417,240876.133546695,4.0,1423894.792679601,14.16890648667946
17949.0,1266721.39530991,239582.447145373,3.0,14431730.262676343,16.48493983088512
1568.0,1269742.628401,245416.677615345,4.0,166555.60015258664,12.023084467509173
17953.0,1259698.27907871,242396.463852257,3.0,5271986.394211642,15.477917774397046
1569.0,1269748.66155301,245676.593775615,4.0,208648.50888315943,12.248406339496006
17955.0,1260523.98839156,234367.746916041,3.0,7928965.898723981,15.886033181415925
17956.0,1259662.87888668,234497.72074016897,3.0,7959573.406487291,15.889885964234617
17959.0,1260329.02122337,242480.237932339,4.0,832555.6337574811,13.632255325940204
9767.0,1265495.34526065,240189.226410002,3.0,225729.04792090144,12.327090655990416
17960.0,1266066.16170923,242305.145132169,3.0,60589.274049453634,11.011873160508182
9770.0,1256774.96502772,258717.280252963,1.0,0.0,
9771.0,1255403.49206632,241832.306475684,4.0,739766.226649963,13.514089505337816
9768.0,1270713.972914,245397.159279332,3.0,20536.957218683176,9.929981333204221
17961.0,1271963.57112327,242240.692140102,1.0,0.0,
9774.0,1269010.67512025,240450.780714259,3.0,15483.28506848782,9.647516338356173
9775.0,1261496.41360855,235760.859301463,4.0,326041.0504091432,12.694778573921838
17968.0,1256710.42710766,257651.112123877,1.0,0.0,
9779.0,1265744.3762369,236208.460453928,4.0,62177.78390661485,11.037753043006813
1589.0,1262102.67024918,258612.349052861,1.0,0.0,
9782.0,1264868.70346801,238351.880360112,4.0,1280500.8210142618,14.062761825788447
9781.0,1264852.6195,237693.114663437,4.0,1094823.2622116362,13.906103503832716
1597.0,1262133.68234521,239854.097193658,3.0,49585.62408841136,10.811456233774988
1598.0,1262135.47760922,239963.499177769,4.0,87657.2214378469,11.381189276434696
1605.0,1252570.25724742,236998.487398729,3.0,132929.77319207034,11.797576246639398
1606.0,1252046.78652687,237593.84317533704,3.0,109314.684276303,11.601986013505774
1607.0,1260482.81392752,241030.853674859,4.0,89475.479240263,11.40171989175582
1608.0,1260494.60458353,241696.656171545,4.0,97119.52078822076,11.483697672057724
9801.0,1265678.28350084,237135.823782876,3.0,839.2647907663768,6.732526259495585
9802.0,1255411.01334633,242162.25860402,4.0,77699.66384332361,11.260606210005628
9803.0,1271889.38821121,245281.451823205,4.0,44067.65246411685,10.693481288074063
9804.0,1271880.9837312,246156.18302410803,3.0,36936.73411879019,10.516961839416812
1615.0,1265559.42942071,233871.59600353203,3.0,49573.66231381179,10.811214969944004
18000.0,1262945.50647403,254596.167800754,3.0,22708.44115888246,10.030491991567224
1616.0,1265559.18238072,234351.846692026,3.0,37582.78415858081,10.534301356401519
1621.0,1255006.49187391,255818.656826004,5.0,8144458.801108326,15.912848352274564
1622.0,1254673.75664157,255820.322490007,3.0,12198146.951044194,16.31679460890847
18007.0,1257468.07094844,259233.252669498,3.0,545.9561412233943,6.302538645088804
9814.0,1260892.99319194,261032.246783346,1.0,0.0,
18005.0,1250405.5526052,244780.341934696,3.0,31955.038293921527,10.37208514045392
1626.0,1255058.19318597,241178.152939007,3.0,24573.2423849764,10.109413422009089
1627.0,1254728.58230563,241183.893739015,4.0,33742.83226632212,10.426523296451265
1628.0,1266343.19690952,245486.935983419,4.0,231875.22626652164,12.353954688155852
1629.0,1266349.62110153,245746.938095689,4.0,356324.2091384274,12.783596295225722
9815.0,1265303.93322845,242787.873132661,3.0,54983.1351761679,10.914781784032463
9823.0,1255399.60265832,257941.552828178,4.0,108546.76253460528,11.594936350215017
18016.0,1260447.92752749,238999.04048878,4.0,316783.24751732213,12.665973057212712
18013.0,1265815.88689297,258912.773949176,1.0,0.0,
9827.0,1260983.92023203,238323.399464086,3.0,329134.64848384424,12.704222211929402
9828.0,1260725.75242376,238327.968360096,3.0,527021.9260087739,13.174997431987764
1639.0,1272817.16658016,244387.570094302,4.0,150642.05868827843,11.922661829516716
1640.0,1273081.11352442,244379.698670283,4.0,149070.87565867038,11.912177147391386
1642.0,1264933.49009207,247639.522545621,3.0,69564.04090320492,11.15000305912142
1643.0,1264523.45476365,247646.368689626,3.0,146786.7296607797,11.896735993670328
9836.0,1263587.6259627,253783.387255922,4.0,93684.88912971818,11.447692186595058
9837.0,1262928.28145002,253795.100791931,3.0,55371.11374612883,10.921813324227843
1649.0,1271677.80069098,250154.408308208,3.0,3154.372176009085,8.056544761832493
18041.0,1251086.7073579,242591.92305246,4.0,1449603.7922338685,14.186800830322802
1660.0,1265439.46282859,248276.327410281,4.0,2337248.962980672,14.664485138861378
18045.0,1250757.40130956,245042.635694966,4.0,1960495.1383829212,14.488707620927169
18046.0,1250769.75593357,245192.687919125,3.0,42389.99999999999,10.654667764346682
9853.0,1273735.02891709,249525.270131558,1.0,0.0,
9856.0,1265788.68586895,241531.373355374,3.0,51646.04097312761,10.852168820557234
9857.0,1265806.76292497,242313.22839617697,3.0,24043.90897750436,10.087636978488286
9861.0,1267070.72657426,245991.285679936,4.0,105116.21382817748,11.562821815453516
1671.0,1269065.37617631,256849.347643062,3.0,411936.0555727388,12.928623411365596
1672.0,1269330.27755257,256841.936251044,3.0,429122.9734752005,12.969498808290819
9863.0,1256537.24304348,243332.294637218,1.0,0.0,
18056.0,1250660.46249346,245010.723374933,4.0,43723.01267115315,10.685629848222746
18057.0,1250432.04271723,245010.93431893,3.0,48788.18434126303,10.795243438370008
9866.0,1256367.83657931,257256.33273147,3.0,307069.3621429488,12.634828936368844
1675.0,1263590.7588267,248996.239667013,4.0,325668.98289643973,12.693636754603084
1676.0,1263601.12164271,249662.176307693,4.0,263051.98706782085,12.480106961085262
9867.0,1256071.042211,257262.211323485,1.0,0.0,
1678.0,1266186.06302136,251611.141941696,4.0,201482.6334487229,12.213458470295922
1677.0,1266178.93143734,251273.617973343,4.0,175481.42119428227,12.075288454143424
18060.0,1250776.94818959,245302.682415232,1.0,0.0,
9872.0,1261574.27005664,240328.925290138,4.0,175072.2377395445,12.072953954815613
9868.0,1270180.87755345,248345.163890347,3.0,136272.95409185495,11.822415168734882
18067.0,1267616.98238282,241677.540715516,1.0,0.0,
1685.0,1255111.08681802,245853.584175795,1.0,0.0,
1686.0,1255188.6273621,245964.24145591297,3.0,593148.7402724351,13.293200473294421
1689.0,1266172.00990134,250939.070773005,4.0,250082.1296694291,12.429544661571654
18074.0,1250746.65884554,243244.129773125,4.0,1645876.2083020818,14.313783449798017
1692.0,1263228.07453834,243838.857581735,4.0,420433.77264682745,12.949042249313061
1693.0,1263232.24445833,244114.135598019,4.0,258060.82798443272,12.460950603496515
18078.0,1256841.00560379,287665.712218612,1.0,0.0,
9887.0,1261937.06692101,251010.813045084,4.0,77333.94910558534,11.25588832452086
1696.0,1265153.85380431,236551.006694272,4.0,52419.98758951521,10.867043240126419
1695.0,1265144.39646029,236221.52144593,3.0,4482.342073916695,8.407900973161302
18084.0,1259132.47773413,256430.809786633,1.0,0.0,
9894.0,1259585.19171859,245443.710383371,3.0,26664.21607278437,10.19107772349451
9895.0,1259589.4705666,245644.084655583,4.0,58034.94951471064,10.968800685891267
18089.0,1263189.23505029,241808.972203657,3.0,50817.57671918531,10.835997572132086
9898.0,1268893.89752012,253950.07820008704,3.0,195603.97262402883,12.183847346315408
9901.0,1257592.14518856,252388.217142493,4.0,98669.989247681,11.499536118878682
1713.0,1251337.42179015,238053.42787981,4.0,48880.2698254394,10.797129113990621
18102.0,1259550.72554256,234862.79677254,1.0,0.0,
1720.0,1269796.78219305,244485.556398392,4.0,58727.72381915685,10.980667191068022
9912.0,1275561.33887096,241186.46231502303,3.0,312382.386729464,12.65198331485075
18109.0,1262701.3580578,243220.110445097,1.0,0.0,
18111.0,1264123.85943525,248474.999538481,1.0,0.0,
9920.0,1259600.83011861,246176.06123213505,3.0,752.179164528246,6.6229745462751035
9919.0,1260234.07063127,246161.67051211,3.0,22849.38983112432,10.036679692732742
18113.0,1267293.87607849,241780.191083625,4.0,1857229.993852708,14.434596685036642
18112.0,1267286.41188648,241263.416235104,4.0,3141297.567129835,14.960146510464591
9926.0,1254892.1705938,250714.81528477403,3.0,273261.59328186075,12.518184832519779
9927.0,1263064.50333816,243684.021293581,4.0,139155.08047915544,11.843344277097131
9928.0,1263036.86129013,243684.226349577,4.0,2683519.843932295,14.802639865366647
18120.0,1264393.61943552,248505.213746518,1.0,0.0,
1739.0,1254709.2952656,253766.092343897,4.0,180817.65617720693,12.105244378019576
1740.0,1254449.02480134,253772.324599907,3.0,80156.14399881911,11.29173181135452
9933.0,1256840.64566779,244122.478446022,3.0,136465.7206175752,11.823828731061704
1745.0,1260263.42954329,246400.609328359,6.0,2331613.722072922,14.662071170396517
1746.0,1259605.93245462,246414.937072366,4.0,132726.01635534002,11.796042255025416
18131.0,1266406.90084559,238528.797352299,1.0,0.0,
9942.0,1264100.83063522,230235.021279797,4.0,5590321.44441889,15.536547346951883
18135.0,1261510.20100057,242038.004907891,4.0,226559.90006539857,12.330764648391872
18136.0,1259276.19459829,256975.364795193,3.0,45469.73506695589,10.724802220256137
18137.0,1259226.09040622,256976.149883181,1.0,0.0,
1753.0,1264481.26884361,245338.77943927,4.0,138619.67209447932,11.839489289969823
1754.0,1264489.34199563,245649.393967584,3.0,59276.46966352209,10.989967704612273
1756.0,1266643.83569382,236188.90474189803,3.0,118511.29954656334,11.68276358983466
1755.0,1266343.97015752,236195.40733391,4.0,123224.87897646904,11.721766249438538
18142.0,1261327.03760839,241837.70314768,3.0,39912.530127444144,10.594445591860064
9952.0,1255882.63056281,235081.95485276,3.0,33062.420454466344,10.4061525826837
9953.0,1253984.91024086,237815.162919566,3.0,84403.16652388906,11.343360197935821
18146.0,1251147.76860596,244080.320045978,1.0,0.0,
18147.0,1251397.54275021,244781.456750706,5.0,262140.24379309668,12.476634921184154
9956.0,1261680.23671274,251660.444981739,3.0,75879.26648281864,11.23689875719699
9954.0,1262445.53770553,233113.333410755,3.0,290588.5165686085,12.579663513056074
18150.0,1251377.21372619,244724.766894639,1.0,0.0,
18162.0,1258450.90358944,244294.903918207,3.0,74573.04553470219,11.219534400989927
18165.0,1255121.47395402,258996.978877261,1.0,0.0,
1781.0,1272739.72018006,246397.377392352,4.0,14441799.85681859,16.48563732748556
1782.0,1273412.84677276,246377.26494433,4.0,15317284.251819884,16.54449243840489
9976.0,1255548.67715447,250448.596020505,4.0,503456.4141223456,13.129252421598974
1788.0,1270360.59435363,243620.905581504,4.0,141644.0543968094,11.86107253047593
1789.0,1270666.18923394,243608.576877505,4.0,113134.77326682524,11.63633507078942
18172.0,1256189.15024312,247522.718641505,4.0,3546782.717069355,15.081551473652544
18173.0,1256189.22870712,247533.442417517,4.0,1441832.3468465318,14.181425325745018
18174.0,1257471.97450043,247468.997617453,3.0,84777.99999999999,11.347791354158918
18175.0,1257472.24451643,247484.719729468,4.0,3331828.5080111814,15.019031812760419
1792.0,1254323.25014521,236554.51517427,4.0,4480.619293676716,8.407516551051122
1793.0,1254118.688225,236558.173990279,3.0,209491.2218090389,12.252437116793626
18178.0,1257220.27158818,247530.772785515,1.0,0.0,
1795.0,1251254.20739007,241580.851947427,4.0,653425.9474206957,13.389984488748288
1794.0,1251354.62057418,241254.279787093,5.0,311809.4121093645,12.650147421517644
18181.0,1251748.82479857,247850.175985843,1.0,0.0,
18182.0,1251263.80841407,247863.805937856,3.0,550782.0,13.21909436556408
1799.0,1266067.59313324,248987.491955012,4.0,169306.24565182434,12.0394644584734
1798.0,1266060.96580523,248727.567602739,3.0,458223.4695636939,13.035112268911275
18185.0,1255379.3418583,247428.883569404,4.0,5545466.725725368,15.528491345779083
1800.0,1266859.49406205,251837.747765929,4.0,369699.7483291973,12.82044646418118
18187.0,1254239.40713713,247385.767153367,4.0,6860547.0787040135,15.741297745604497
18188.0,1254263.84508915,247451.06692943,4.0,4270007.512642117,15.267126144604223
9994.0,1265095.24830024,245397.756079331,4.0,110078.11778258852,11.60894555438898
1806.0,1262013.51952909,261006.523071319,4.0,72901.76895307329,11.196868183176605
18191.0,1256188.22966713,247341.358769327,1.0,0.0,
18192.0,1254226.47312111,247348.093361333,1.0,0.0,
1807.0,1261745.13783281,261011.243839324,4.0,234201.4111214583,12.36393675541137
9997.0,1252572.57513542,240067.94948187505,3.0,51973.92159572409,10.858497363991944
18194.0,1266167.76151735,236819.510438547,3.0,47768.97776408593,10.774131707036055
10010.0,1255925.63043486,236666.244326383,3.0,110605.54252467371,11.613725480057726
1819.0,1252697.92003155,237387.396071121,4.0,209270.6433171653,12.251383637331225
1820.0,1252239.38326308,237740.619815484,4.0,70044.54606851428,11.156886691039785
10013.0,1266681.75396587,244509.142318428,3.0,36468.26861416478,10.504197808427495
18207.0,1261466.20989652,233246.037538886,1.0,0.0,
10016.0,1258414.46634141,253715.553399846,4.0,196328.787485407,12.18754601997298
10017.0,1263991.70353112,243048.919852927,3.0,95615.07442224809,11.468085768850043
1826.0,1261533.69898459,251662.087989748,3.0,164886.17531253202,12.013010668238357
10019.0,1258357.54717334,250423.397556484,3.0,293739.87080103724,12.590449861466528
1827.0,1261418.04727247,251664.973493755,3.0,259091.8932510877,12.464938077952219
10018.0,1263721.43997884,243052.64823693,4.0,937027.7748468916,13.750468203093819
18211.0,1250644.68399744,245035.302702963,1.0,0.0,
18216.0,1266168.71198134,236838.26167056,1.0,0.0,
10027.0,1264126.12388325,235266.286180958,3.0,185838.4876254912,12.132633229364961
1836.0,1255875.3099868,243411.15537329,1.0,0.0,
18223.0,1265088.81194824,233776.268771425,3.0,59021.268389248406,10.98565313910383
10032.0,1255241.39069015,235606.267429307,4.0,3929.71164616381,8.276321329694014
1842.0,1251339.08911815,240588.8814504,4.0,137004.9687767089,11.827772472595708
10035.0,1267166.36881436,249740.471091777,4.0,478892.6988306205,13.079231840506862
18228.0,1252978.04220784,245991.140015945,1.0,0.0,
10036.0,1267190.92023839,250009.78488405,4.0,63323.05576946523,11.056004771981891
1843.0,1267062.56555025,232761.27869039803,5.0,1035459.8418115372,13.850356177618664
1847.0,1265144.13201229,233307.692002952,4.0,6865.991148901928,8.834335684896784
1846.0,1265139.81054029,233130.044706762,3.0,8904.314688511102,9.094291234706315
18235.0,1251254.94031806,243371.148525253,5.0,88198.05126748508,11.387340147277838
18236.0,1251150.97167796,243774.703533664,1.0,0.0,
10045.0,1263936.75025105,240988.851818815,4.0,1241746.8490155055,14.03202969543105
10046.0,1263940.34506705,241139.046698973,4.0,334300.159020879,12.719794548091233
10044.0,1273398.73758875,242298.08375616404,3.0,209422.54061183773,12.252109215425957
10048.0,1257528.17219649,249659.572019696,4.0,323796.5983736639,12.687870814839002
10049.0,1264885.20503603,242852.690284729,4.0,165923.9563475549,12.019284868089597
18242.0,1251205.33871801,243420.079213306,1.0,0.0,
10051.0,1265423.44151658,247630.347057611,3.0,86318.39914420532,11.365798054164648
10052.0,1255680.2638426,238520.094248295,4.0,151151.11286183723,11.92603536281257
10053.0,1254782.23478568,254424.843320578,3.0,125601.64094916804,11.740870597812801
10054.0,1254783.83516969,254590.388280749,1.0,0.0,
10055.0,1260921.27171996,246891.383280858,4.0,369852.107761236,12.820858495962154
1863.0,1266840.66571003,250920.823732987,4.0,327219.83113193227,12.698387490468027
18243.0,1266162.96465333,242475.961388335,3.0,49185.56996355474,10.803355566037787
1867.0,1272526.39320385,243476.00401336,3.0,59536.159134661146,10.994339123497726
10060.0,1269681.74436894,240432.098986238,4.0,127376.4265072904,11.754901969734467
1868.0,1272539.81310786,243935.345901832,4.0,121199.46487441265,11.705192937379985
18256.0,1261296.84938435,257746.924283981,3.0,169863.40960926743,12.042749920188394
1873.0,1257843.42909281,256224.224570423,3.0,47049.59676529099,10.758957574632294
1874.0,1258139.43901312,256769.210682973,3.0,10555.35511457847,9.264388603920965
18259.0,1272643.88145997,242685.387436554,4.0,126375.05561017824,11.747009396363651
18263.0,1263598.66461872,240390.156138197,1.0,0.0,
18265.0,1251885.49910271,248864.245170876,1.0,0.0,
18266.0,1271013.71480229,245543.282031476,1.0,0.0,
18268.0,1262315.1724574,241034.466858864,4.0,15448.843428252503,9.645289420511032
18269.0,1261979.55076104,241179.286123008,4.0,244622.36012728364,12.407470913131855
18270.0,1262615.6941857,241028.986218855,3.0,22719.57493331275,10.03098216373898
10079.0,1265427.09732458,247779.026225775,4.0,221182.63543196357,12.306744043885082
18272.0,1261970.31786504,241045.910122871,4.0,172832.33957178183,12.060077268141322
18273.0,1256599.21046755,237162.446054891,3.0,21253.549721636795,9.964279206126063
18274.0,1263267.18532237,241016.062698841,4.0,1362924.237443338,14.125143123985804
10083.0,1254562.19651346,250876.656500936,3.0,74083.18897408471,11.212943916099862
10084.0,1254557.75689745,251318.313781396,3.0,108534.84809760156,11.594826581018252
18275.0,1262936.57802603,241024.507882848,4.0,212509.74137413292,12.266743108056533
1890.0,1265123.91914827,232490.584354118,4.0,663466.9932046491,13.405234385028153
1891.0,1265132.06775628,232810.229730442,5.0,920031.6053656614,13.732163302093477
18280.0,1261289.98288834,240326.588714138,5.0,169453.61332573614,12.040334500654033
18281.0,1261305.57540037,240867.297898695,3.0,42459.36911699412,10.656302876856568
18282.0,1261329.98871239,240661.618218482,1.0,0.0,
10091.0,1260383.25770341,237507.513319254,4.0,32490.63514656689,10.388707177458429
10092.0,1263965.18263508,247103.979313076,1.0,0.0,
18283.0,1262787.36080988,241026.609962851,3.0,94580.10553182212,11.457202431991515
10094.0,1269421.28196867,241706.752299547,3.0,31088.059492771023,10.344579085304629
10093.0,1263257.03114636,234402.112996072,3.0,103267.0720868012,11.54507384424262
10096.0,1251028.73865384,239928.590505734,4.0,8790.440953606543,9.081420154791465
10097.0,1250756.62505355,239932.847017735,3.0,64394.44751140559,11.072782689608399
10099.0,1270052.54808132,245410.497839347,4.0,163627.84810812908,12.005349909374718
1911.0,1261870.14743294,262145.546048477,3.0,75914.85478769078,11.237367659486832
10109.0,1259124.03517413,247061.417073041,3.0,51955.45992466725,10.858142090613406
10110.0,1272755.49637209,246925.110256895,4.0,183360.42143726992,12.1192090109203
1918.0,1268258.42174348,245965.252271906,4.0,187959.25089160696,12.143980467741727
1920.0,1271485.71416278,249040.533875063,4.0,51270.6687717203,10.844874108806586
18302.0,1261139.92151219,234439.246116102,3.0,52922.8276873275,10.876590050046426
1919.0,1268666.05278389,245957.2299999,4.0,146851.20589866315,11.897175148364674
18301.0,1261139.40285619,234360.973028034,1.0,0.0,
18305.0,1261290.77885635,234436.309476107,3.0,77671.30974263836,11.260241224186906
8523.0,1264835.46929197,233366.090787008,4.0,1011361.3612474644,13.826807863662609
18303.0,1264956.61860409,233670.725667328,1.0,0.0,
1925.0,1268019.22372724,244249.361710161,3.0,8920.687351591298,9.096128279958574
10118.0,1255288.3600982,253073.248567194,3.0,27492.31192176252,10.221661678087306
10119.0,1266575.58782175,255590.670393765,3.0,62857.701538563306,11.048628744913138
18310.0,1264778.76695591,245010.892334938,4.0,457141.3513882425,13.032747924870998
10120.0,1266598.45886178,255989.25714618,3.0,39893.38040849571,10.593965684565292
10122.0,1261627.5383447,255706.773817882,4.0,388370.289859505,12.86971451880592
1926.0,1268023.04164724,244389.309230298,3.0,34231.82777580312,10.440911126996216
18316.0,1253460.43952033,248488.013298497,1.0,0.0,
18317.0,1257696.12067667,257759.268411994,3.0,45754.42782087689,10.731043848990485
1930.0,1266361.83070154,236815.279782549,4.0,149163.92239453355,11.912801130504622
18319.0,1253457.24956833,248485.504498497,1.0,0.0,
1929.0,1266352.90026952,236505.349286228,4.0,114350.99125510707,11.647027868019451
10124.0,1271301.58328259,245296.675183222,4.0,476102.9274309304,13.073389343936928
10123.0,1271290.15813059,244842.039342761,4.0,372427.0919995039,12.827796571469054
10131.0,1264897.88222004,244313.408814222,5.0,214258.93039886773,12.27494051773309
1941.0,1267358.50916655,245194.847023129,4.0,515996.6652407683,13.153855581731127
1942.0,1267665.62078287,245187.42641511603,7.0,1057135.9107664009,13.871073838200848
10141.0,1265974.76881315,250298.546100348,4.0,177171.58884141062,12.084873970446187
1950.0,1264481.29380362,236144.96253386105,3.0,49316.409497014174,10.806012154486579
1949.0,1264468.9841076,235702.186533406,3.0,62982.18812894703,11.05060723728659
10145.0,1269322.58596857,256180.798458368,4.0,980127.1623860784,13.795437599765789
1953.0,1273089.34418042,249545.254963577,4.0,942392.825083788,13.756177478399488
1954.0,1273339.01099668,249537.546355575,4.0,1034295.3021750408,13.84923088532236
1956.0,1265465.42007662,238867.757608637,4.0,119710.20242004732,11.692829121164104
1957.0,1265472.68055663,239207.628648996,4.0,207331.7701677284,12.242075543640839
10155.0,1266329.47806151,244946.991534874,3.0,90742.83314941556,11.415784775448362
10159.0,1254577.08067347,251759.090741843,3.0,14111.56866340099,9.554750212544256
10162.0,1267971.03153518,242722.219756588,4.0,462385.9461979193,13.044155202707833
10163.0,1260634.62659967,236058.593317762,3.0,295270.8609093111,12.595648386633297
10164.0,1271880.33541119,241812.947627664,1.0,0.0,
10168.0,1262262.49111333,239170.958120957,3.0,180838.6000335814,12.105360199914195
10173.0,1264544.87895568,246314.298864275,4.0,171944.39057402834,12.054926392903331
10175.0,1260395.11498342,259711.944957986,4.0,896944.2399088254,13.706748976242327
1984.0,1257727.5631727,239712.473769516,3.0,276389.34866659495,12.52956583419461
10180.0,1267365.18731056,245464.635183394,4.0,376341.6582406993,12.838252675319197
1992.0,1257402.91261236,256421.680826619,3.0,221315.3408908267,12.307343845330253
1993.0,1257407.73546037,256636.626298845,1.0,0.0,
1998.0,1253995.40336087,252050.839862138,4.0,49314.71131923838,10.805977719558497
10191.0,1260493.93335153,251680.522997767,3.0,16350.773673760536,9.702030494701924
10192.0,1257739.69014871,259766.970110044,4.0,676144.9681219005,13.42416278191848
10193.0,1263551.13655466,252053.27851814,3.0,165920.1062354409,12.019261663744254
10194.0,1262643.16784973,255131.090233296,4.0,1152878.3809215438,13.957772313133997
10198.0,1260512.50807154,242789.317036659,3.0,908593.2100919056,13.719652759345228
10203.0,1263820.64157894,236157.768933862,3.0,22653.45450865037,10.02806763621986
2018.0,1253964.49820884,245947.981295899,3.0,42389.99999999999,10.654667764346682
2019.0,1253763.99107264,245952.1732319,3.0,130992.07008368048,11.782892066638686
2020.0,1267604.67793481,256359.218682557,4.0,78400.49852919423,11.269585565109026
2021.0,1268264.53751948,256343.313530535,3.0,120410.72019414789,11.69866384605057
2026.0,1264704.57745184,240010.015209809,4.0,1665385.746797523,14.325567334321343
2027.0,1265490.64772464,239992.742889792,4.0,1779222.617495108,14.391687095128862
2028.0,1254440.81155333,242508.517420366,4.0,292266.1381742404,12.585420098251948
10221.0,1262686.80784978,244513.599022418,4.0,129821.50107234209,11.773915717240856
10222.0,1262582.00004166,244516.782446429,1.0,0.0,
10225.0,1264727.46717986,246971.527536944,4.0,94735.42299546774,11.458843264095474
10226.0,1264587.46250772,246974.743024945,3.0,69451.67625457645,11.148386484026227
2040.0,1263047.38295415,248475.790898487,4.0,1125745.9066578466,13.933956402054918
2041.0,1263065.64932217,249007.405683026,4.0,1348294.5284693146,14.114351039518045
2045.0,1263121.29911421,234843.545828521,4.0,101762.28699140782,11.530394852686655
2046.0,1263134.06679423,235285.90160498,4.0,134406.44880014483,11.808623688064015
10239.0,1256388.76368332,258055.492860287,3.0,85541.34465909857,11.356755101310124
10240.0,1256052.88937898,258062.287164301,1.0,0.0,
10241.0,1270844.97886613,249623.77483566097,3.0,79709.95236359516,11.286149729800352
2051.0,1256337.00361927,239443.844713241,4.0,24246.72784063252,10.096036952854258
10246.0,1263570.19223468,239000.311464787,4.0,490910.84474506654,13.10401781135859
2058.0,1264972.89975612,246572.673968539,4.0,219476.9444658032,12.299002469378369
2059.0,1265147.84394829,246568.212016523,3.0,162565.0170705565,11.998833305780826
18442.0,1257631.6148846,237600.74570334,3.0,1504044.0473968897,14.22366806989611
2060.0,1263840.31671496,232714.748962343,4.0,1041714.9426103856,13.856378896316608
2061.0,1263500.55818661,232723.950370356,3.0,140856.17811750472,11.855494635441636
2063.0,1260189.77872722,235374.611749068,1.0,0.0,
2064.0,1260063.70551109,235376.420773074,3.0,518329.8862097602,13.158367164506071
18450.0,1258960.19459796,242479.265516341,3.0,37816.687129017,10.540505742633174
10260.0,1263862.11556298,237706.123815447,4.0,366292.04960871296,12.811186243941439
10261.0,1263533.02141865,237712.071591467,4.0,315461.36942243046,12.661791511065552
2070.0,1264926.93758006,247359.369905338,3.0,18510.66650087162,9.826102412529853
2071.0,1265166.64906831,247353.14385733,3.0,65875.96886602443,11.095528993379142
18455.0,1256077.34928301,242852.773932725,1.0,0.0,
10265.0,1253029.87081589,239438.605865225,3.0,186349.34243903405,12.135378376267072
10266.0,1252815.14979167,239446.199081242,1.0,0.0,
2075.0,1263243.09713034,244788.092590705,3.0,48339.8972287518,10.78601252824677
10267.0,1256300.48765123,239024.171048805,4.0,370507.67304605385,12.822629433479683
10268.0,1255994.25238693,239030.109672815,4.0,283976.1771795,12.55664563045418
10269.0,1260932.30583198,247423.319281399,4.0,189965.5844006285,12.154598200002212
18463.0,1259994.29322302,234280.147043943,1.0,0.0,
18460.0,1261124.44816817,232947.640226588,1.0,0.0,
18461.0,1261075.04733613,232999.580066636,1.0,0.0,
10274.0,1271878.00113919,244826.348078743,4.0,89408.56620484988,11.400971775417469
18467.0,1264788.20855592,245010.926126927,1.0,0.0,
2076.0,1262711.84656981,244799.726382717,3.0,15698.36699490631,9.661311972863373
10284.0,1261278.20311233,239376.62602517,3.0,7235.296695584051,8.88672664659851
10285.0,1263166.23146626,236386.2658941,4.0,178016.39908902728,12.089630954744177
18478.0,1259979.47139901,234296.29795596,1.0,0.0,
2102.0,1261268.80285633,239076.187624857,4.0,392287.8208258905,12.879751086153371
2103.0,1261148.64068019,239142.642600924,4.0,984085.8442702946,13.799468412341282
2108.0,1253756.24374463,245582.225199521,4.0,57631.37686793156,10.961822435658963
2111.0,1264653.57329179,258941.959613204,4.0,41226.19599873244,10.626829158498362
2112.0,1264662.0929718,259604.335933879,3.0,35231.641280619835,10.469699857835124
2115.0,1264151.19044328,236151.361125857,3.0,158399.82442909328,11.97287764995966
2116.0,1264163.84004329,236593.919974312,4.0,245577.57128952965,12.41136814897397
10311.0,1254680.41212958,239201.790440992,3.0,56593.45828011166,10.943648679421711
10312.0,1254491.76163338,239205.085032985,1.0,0.0,
18507.0,1265775.00676493,232765.581858397,4.0,285175.49294996465,12.56086003448219
10316.0,1256256.82531519,243798.922285691,4.0,338040.5482006643,12.730921132360642
18508.0,1266096.42340526,232755.16419439,4.0,107006.31667314726,11.580643146030065
18510.0,1260965.93597601,237062.139174789,3.0,36525.98262475014,10.505779139056482
18511.0,1260969.34672801,237497.237415239,4.0,148872.77488815627,11.910847360370633
18512.0,1260425.92656747,237744.092199489,3.0,396603.1350812059,12.890691399931208
2127.0,1268777.81144001,245434.910831362,4.0,488319.9915825859,13.098726190400678
10322.0,1263559.42487466,238690.701864466,4.0,460455.3147594495,13.039971093616181
18515.0,1253562.58038443,249365.909171388,3.0,8491221.752446506,15.954543452816019
2128.0,1269011.62955225,245430.441007361,4.0,151676.38052538544,11.929504454634152
18517.0,1260721.19338377,237501.588455245,4.0,161213.35465818085,11.990483950897259
18518.0,1256347.17392328,239234.735209018,1.0,0.0,
2132.0,1266335.46820551,235885.445029587,4.0,244181.04139245892,12.405665202069427
18514.0,1266739.78596592,232747.699298382,4.0,104678.79416956867,11.55865183737224
18521.0,1260542.68125558,237506.376487255,4.0,357385.2668974195,12.786569657851112
2131.0,1266035.80247721,235892.017509595,4.0,168826.54568140992,12.036627109925549
10331.0,1266806.42167799,249749.173875779,4.0,364046.5977858731,12.805037154320798
18523.0,1268087.74161531,234296.894371957,4.0,7618222.438175168,15.84605362461976
18525.0,1267912.34270312,236169.433637887,3.0,4806426.39469877,15.385464412670299
18527.0,1262922.52823402,253527.616439655,3.0,22900.153035242565,10.038898872281685
10336.0,1255514.58864243,248374.550962374,4.0,35368.12675353417,10.473566319347604
10337.0,1254856.19817775,248388.475442395,4.0,55119.298248807616,10.917255174271366
18530.0,1267385.14135858,246244.3144162,4.0,3895504.455731621,15.175333742567469
18529.0,1267264.91454247,238216.010919973,3.0,4948549.885453854,15.414605139192362
2148.0,1261026.42666407,252361.49080646,4.0,168703.70762396808,12.035899245909437
2149.0,1260766.45904781,252365.710646465,4.0,147551.89239841458,11.901935205760982
10341.0,1262117.1498652,254342.018360496,4.0,1710511.245552007,14.352302857802043
18533.0,1260183.89949521,242368.396268234,3.0,1895100.679527848,14.45478252412581
18532.0,1264757.6206519,242334.585004196,3.0,113810.6127113534,11.642291053895162
18528.0,1267312.54436651,237944.266343698,3.0,4448621.105838352,15.30810474226815
10347.0,1268421.61892764,244901.790510818,3.0,28162.157659527868,10.245734428768804
10352.0,1258239.82659721,250176.259636223,4.0,2555757.429498034,14.753859187588736
10353.0,1258245.05757323,250424.53899647304,3.0,417722.67992001865,12.94257304616234
10355.0,1266592.95921378,234328.893347993,3.0,3656.21043583231,8.204182489952679
10360.0,1255073.29161797,241837.563371688,4.0,414880.36068284576,12.935745470138787
10361.0,1255081.66563399,242497.501996353,4.0,53706.72904049536,10.891293580663236
10363.0,1256899.44310784,249673.926323712,4.0,296573.4797196214,12.600050290391648
10369.0,1266948.23339014,236492.394278213,4.0,101463.60124581865,11.527455404733026
2179.0,1264444.16260357,234817.667620495,4.0,305758.0339146207,12.630549329294546
2180.0,1264113.57405923,234823.892324507,4.0,188958.4039956091,12.149282185140276
10376.0,1264193.81207532,233382.028451025,4.0,524708.1552010974,13.17059749215188
2185.0,1264517.56669965,252425.28331852,3.0,8527.861882009312,9.051093950450047
2186.0,1264260.12721139,252429.462134525,4.0,766427.6872798711,13.549495631395262
10380.0,1270070.94110534,246201.116656154,4.0,604264.7748228179,13.311767749773322
10381.0,1270077.56542534,246470.14500843,4.0,10158307.096172355,16.13380236183874
10383.0,1262734.98231383,246346.732848302,4.0,524343.0679263878,13.169901458857412
10384.0,1265654.68318081,247279.21355325,3.0,22384.225323008013,10.016111763107636
10386.0,1253632.5989445,244711.692782626,1.0,0.0,
18578.0,1258651.33232564,259748.079742029,1.0,0.0,
2195.0,1252467.33321531,236868.686502591,4.0,738054.9054520914,13.511773498446804
10391.0,1269180.10360043,246966.692208931,3.0,524564.9045097796,13.17032444465317
2200.0,1257079.68323603,241532.17617137695,3.0,43980.82871185649,10.691509106856568
2201.0,1257070.79843603,241757.0116916,3.0,42115.41619050069,10.648169132939758
18586.0,1259818.41994284,237501.905063242,1.0,0.0,
10397.0,1256976.11459592,255779.010553956,3.0,382535.091571224,12.854575670710492
10398.0,1256982.44163594,256046.636986241,3.0,232658.0095820889,12.357324884284257
2068.0,1266890.20561408,234632.424228311,4.0,1031870.3014464868,13.846883540232703
10407.0,1264774.79121192,234810.988836497,4.0,646666.5688895461,13.379586091169656
2069.0,1266876.88542207,235252.983716935,3.0,289240.00297604786,12.575012082578088
10412.0,1255510.07190643,248109.249650106,4.0,41832.25010357859,10.641422854612252
10413.0,1263565.21489067,252711.263734818,4.0,1629650.998410094,14.303876438452976
2228.0,1266027.24215719,235581.973541275,4.0,207444.56387916117,12.24261942093062
10421.0,1258697.75939769,259622.0920939,3.0,55089.491976637895,10.916714268725892
10422.0,1258294.57226127,259619.667261899,4.0,58908.07471031099,10.983733452099322
10427.0,1264720.98948386,240738.68529056,4.0,1900809.855090168,14.45779059284355
2239.0,1264493.90858762,236587.30711031,4.0,167100.5371738425,12.026350929263192
2244.0,1267935.01982315,241749.868331596,4.0,431763.0915717351,12.975632317660938
2245.0,1267941.85771115,242000.12471585,4.0,269797.715646398,12.50542775587932
10442.0,1254254.44419314,252317.770102412,4.0,45107.39104098128,10.716801393238468
10444.0,1255703.02493063,240506.769770324,4.0,259870.36021211164,12.467938171079282
2255.0,1265457.71306862,233873.845347524,3.0,214666.70224581036,12.27684188215972
10450.0,1262138.29520921,246359.414896309,4.0,757341.93398698,13.537570126587477
10453.0,1258189.83587717,247766.170609757,5.0,84234.77065192274,11.34136306809947
2263.0,1256585.47721952,237015.207846746,4.0,469032.5413400312,13.058427429541744
10461.0,1256936.67139588,259255.24178952,1.0,0.0,
10462.0,1256556.8398435,259265.827709526,5.0,1333465.937536426,14.103292078623237
10466.0,1272027.28030734,243975.878957868,4.0,97896.5264853158,11.491666347657455
2287.0,1265415.25290857,247308.578673288,4.0,14696.16666349358,9.595341967569196
2288.0,1265420.87722857,247531.565105513,3.0,20316.70216591017,9.919198593536427
10479.0,1263706.98660281,245022.124590948,3.0,43072.488650977866,10.67063975792003
10485.0,1262089.71882516,233983.848739639,3.0,313553.5809615957,12.655725536609493
2294.0,1262709.2842018,244122.287150025,4.0,2490582.64027739,14.728027233148287
10486.0,1261777.41764085,233989.799843654,4.0,981109.0706517496,13.796438915498356
2297.0,1253687.74646457,239219.200809002,4.0,197373.91640542063,12.192855261513339
2298.0,1253702.93276857,239881.794985682,4.0,528033.8569677596,13.176915683677603
2302.0,1266318.4567495,235265.320932955,4.0,46118.30311109786,10.738965180798441
2303.0,1266326.9617095,235575.362661272,4.0,314067.0595669992,12.657361807588522
2304.0,1263053.73495415,260978.846591279,3.0,431673.6203451282,12.975425073225551
10497.0,1256888.18070784,249142.16689916,4.0,733974.2980718149,13.506229290732636
2312.0,1264534.69559567,245782.968175724,3.0,235868.36177610536,12.371029139301244
2313.0,1264052.36881118,245801.614831746,4.0,359394.2159529986,12.792175159582166
2314.0,1260308.13872734,248534.578162536,4.0,215081.5247808732,12.278772420264643
2315.0,1259650.41827866,248548.645426556,4.0,243275.34681490925,12.401949195297679
10509.0,1257177.47702813,236747.342246473,4.0,408152.2442827123,12.919395531535736
2320.0,1265313.37284446,258925.254909188,4.0,20241.71724398697,9.91550096387285
2321.0,1265643.27377281,258916.903229177,3.0,12896.980610732771,9.464748501769664
10515.0,1261447.48292051,233996.231907651,4.0,114760.08689735938,11.650599027304489
10516.0,1261450.13648851,234122.783523783,3.0,4849.273016527832,8.486584079196959
2329.0,1253001.55919985,237241.914726973,4.0,57243.204566356726,10.95506421684049
10522.0,1253452.33027232,243185.401901066,3.0,1510504.5435547174,14.227954287784954
2331.0,1256940.50934789,259611.92710188,3.0,1605642.2345497853,14.289034380646076
2332.0,1256562.58685151,259534.16838181004,3.0,1085878.591482853,13.897899979011894
2330.0,1253106.76303996,237753.424551502,3.0,44719.4061709634,10.708162828916205
10526.0,1262141.97463322,234419.470564082,4.0,187433.9820854129,12.141181966847949
10527.0,1262096.19850516,234420.374820083,4.0,300059.8984985326,12.611737395370376
10531.0,1253898.11484878,235894.923365593,3.0,1399518.219452472,14.151638606397007
2340.0,1268037.22366326,244909.214062825,4.0,105083.43352607352,11.562509918618462
2341.0,1268229.68753545,244905.496878833,4.0,59962.55797107324,11.001475612598648
2346.0,1263833.54410695,247924.837937921,4.0,547914.5851136395,13.213874687200745
2347.0,1263845.10410696,248456.027506456,4.0,569907.5108960582,13.253229365059035
10540.0,1262203.59722528,251006.566709071,4.0,643585.3646355228,13.374809953996445
10541.0,1262210.55127329,251651.098229736,3.0,498115.45566640166,13.118587167823907
10543.0,1255065.74044997,241507.748075351,3.0,84046.7790997864,11.339128816862583
2351.0,1266182.58961335,233405.856803045,5.0,1147214.4228274687,13.95284732094814
2352.0,1266154.64900532,234013.672547668,3.0,503986.48455032246,13.130304730325532
10547.0,1273827.77643718,242289.019180149,3.0,78117.06791852518,11.26596385124124
10548.0,1274087.65285344,242293.41022014603,3.0,112192.17477881044,11.627968526134179
10550.0,1254787.14096169,243824.63844572,4.0,269743.6164065637,12.505227217989813
10551.0,1251590.45769441,238240.267112002,3.0,203105.4498973016,12.221480580774694
2360.0,1268003.81854323,243684.522285581,3.0,33784.650672643715,10.427761856215303
2361.0,1268261.50110349,243677.766701564,4.0,425286.1244717432,12.960517455437332
10556.0,1268016.98948723,251812.296373904,3.0,400698.3576175101,12.900964197832481
2368.0,1266432.89028561,234007.43792367,5.0,104087.23271437285,11.552984602647157
2369.0,1271509.46315481,242253.979500115,4.0,25901.56609407165,10.16205871281215
2370.0,1271522.92408282,242718.401516587,4.0,52140.04191701972,10.86168849141927
10563.0,1268334.09611155,232089.149793699,4.0,7591193.339634402,15.842499362261494
10564.0,1268656.10436788,232081.019553691,3.0,2906391.09751104,14.882422696820523
2375.0,1267042.23550223,244931.246510848,4.0,95252.7467909214,11.46428913027311
2376.0,1267277.00113447,244927.220590845,3.0,5552.6745314312975,8.622034988220332
2378.0,1253896.59843278,235473.072805166,3.0,166580.08479245406,12.023231462508617
2379.0,1253344.18972822,235675.917221382,3.0,38411.765393252106,10.556119082097123
10573.0,1266655.62046184,237682.846311435,3.0,854354.4800280946,13.658101468648116
10574.0,1266662.57482985,237961.057319716,4.0,895594.4694361018,13.705242988426507
10575.0,1268203.63051142,252482.685750589,3.0,17016.444345435102,9.741935469928588
10576.0,1254233.07120112,251327.704501405,4.0,596668.2391188884,13.29911652454014
10577.0,1264469.5169076,250310.615988359,4.0,92514.45733804617,11.435120206834085
2390.0,1264949.78398009,256297.929466486,4.0,406804.40303415374,12.916087766682416
10589.0,1257442.69104441,258007.470652238,1.0,0.0,
10593.0,1265718.70468488,235278.585700974,4.0,68995.52551208065,11.141796933825692
10596.0,1270727.11627401,245917.13591986903,3.0,163801.88363509148,12.006412949938719
10598.0,1268279.88689551,257664.711163893,4.0,131335.6593900893,11.785511610547172
10599.0,1268044.51761526,245178.839471102,4.0,177649.23542879295,12.087566297633511
2407.0,1264817.05425195,234367.548452035,4.0,709833.5600097788,13.472785799014806
2408.0,1264543.66967568,234373.429028034,3.0,65839.61429440163,11.094976977107814
10610.0,1264563.28215569,239295.74660107505,3.0,80441.56771799785,11.295286332980586
10611.0,1264574.38282771,239690.584361494,3.0,121440.78236650502,11.707182035020637
2420.0,1265141.67338829,236122.655525833,3.0,5583.127045963506,8.627504300910935
2421.0,1266260.39652543,255324.224377498,4.0,1527783.4399683285,14.239328510894856
2422.0,1266265.93854144,255598.158905774,4.0,212574.642775336,12.267048465788443
2423.0,1257427.11434039,243101.176300973,4.0,2308118.9833331387,14.651943457852024
2424.0,1257253.52016421,243120.027309,3.0,100762.65105895288,11.520523040749179
10617.0,1253273.42512013,236055.15498176205,3.0,2948.430759757736,7.989028361955645
2419.0,1265135.86398028,235911.75536561,3.0,22255.987280938378,10.01036634267395
2427.0,1253646.18256052,237820.849959567,4.0,145492.78635970748,11.887881786080843
2428.0,1253495.08675236,237890.987623647,4.0,36540.950481835454,10.50618884168552
10628.0,1266168.73662134,244060.580909967,4.0,120630.38273061856,11.700486461319203
2439.0,1255733.94384265,241826.995499671,4.0,1066292.8520092242,13.879698566438107
2440.0,1255741.66985866,242156.923948005,4.0,112088.78206168808,11.627046533238275
10638.0,1266473.65822165,241782.644523636,1.0,0.0,
10639.0,1269298.08798455,242591.631724462,1.0,0.0,
10645.0,1258908.0241019,251546.218805626,3.0,44140.81240839694,10.695140084906349
10646.0,1258641.22870964,251550.793269634,3.0,6318.224312152297,8.751193484396287
10655.0,1265572.76996472,243631.016493514,4.0,763195.8802907284,13.545270001159727
10663.0,1266601.86302179,256255.264186442,4.0,90322.81022511989,11.411145312435169
10664.0,1264974.99063613,258271.768380508,4.0,144867.69253426496,11.883576139571925
2480.0,1264770.90577191,245333.813615263,4.0,64103.296218083975,11.068251064645674
10674.0,1257668.48099664,243104.190764979,4.0,3461930.230191916,15.057336861479952
2483.0,1257311.84880427,239006.344296783,4.0,763775.6598677768,13.546029386111787
2484.0,1264327.65597945,244554.932270467,4.0,367308.6487160224,12.813957778266237
2485.0,1264028.72151515,244560.124846473,3.0,39718.529584283126,10.589573097944239
2482.0,1257299.17789225,238584.415016353,3.0,47244.01253687684,10.763081206096127
10679.0,1253871.39932875,252054.357558146,1.0,0.0,
10681.0,1270091.11262536,246997.91064097,4.0,1217975.3360099427,14.012700477465627
10682.0,1270754.10110603,246984.698096961,4.0,981000.1771783406,13.796327919157413
10690.0,1258710.4401657,239695.716265485,4.0,1272398.314082218,14.05641411386585
2500.0,1255643.46006656,237195.117606938,4.0,157496.863283611,11.967160821389893
2501.0,1255659.67920259,237776.55607152,4.0,106078.4835350316,11.571934509833266
10698.0,1260625.00887166,251047.756917119,3.0,105851.750028791,11.569794809527815
2510.0,1265435.87159659,235905.175653607,4.0,107282.24069991636,11.583218404201986
2516.0,1254594.64227349,252828.935734943,3.0,98314.085918208,11.49592259106997
2517.0,1254344.98403323,252835.484278947,3.0,60541.68245383791,11.011087372969829
10711.0,1259155.36119016,250413.873972461,3.0,92020.21001359726,11.429763505967204
2520.0,1268215.47467144,244385.4582223,4.0,220580.82251785384,12.304019448740002
2521.0,1268222.57732745,244645.338926554,4.0,178189.49549556462,12.090602844445016
2522.0,1262326.1891614,257015.04940322,4.0,514484.0329477455,13.150919799659505
2523.0,1261994.33418506,257021.080251232,3.0,285898.2049781777,12.563391099795338
10716.0,1257666.90909263,256416.52633062,3.0,449773.92497740913,13.016500346567806
10724.0,1262736.86717783,251641.821941718,3.0,57124.26485342929,10.952984259027122
10726.0,1255575.61341049,234544.176676214,4.0,5451337.220575908,15.51137149811676
10727.0,1255582.6186585,234814.090212494,4.0,128948.35361614962,11.76716724361379
10728.0,1269720.33022498,241872.672555715,4.0,285539.6042610534,12.56213601741052
10735.0,1263270.21649037,252445.450294554,3.0,699200.237649201,13.457692443210707
10739.0,1273402.00856474,245884.666159824,3.0,319636.92979733285,12.674941036253097
10741.0,1263587.3903787,239620.868009418,4.0,382015.9442238085,12.853217625523454
10743.0,1262904.82973799,233101.648738742,3.0,101395.71124585254,11.52678607383895
2557.0,1263634.89028275,256189.897530377,4.0,104883.80350928272,11.560608383124048
2558.0,1263638.97725876,256458.298554659,4.0,58617.061339471096,10.978781082327151
2559.0,1266241.91921341,237902.808743656,3.0,42390.0,10.654667764346684
2560.0,1266416.79223759,237898.710695654,3.0,241876.96995304825,12.396184487241744
10755.0,1256248.45955518,252410.475638509,3.0,38830.61764908368,10.566964329091189
10756.0,1267334.27499053,243934.424301833,4.0,406971.099435435,12.916497453145347
10757.0,1267490.3189587,243931.112301826,4.0,502590.6829046205,13.127531366125572
2566.0,1264951.8600761,249578.911731616,4.0,109265.15744344491,11.601532844235306
2567.0,1265206.74474835,249580.480307609,4.0,174001.77590652462,12.066820784503918
10758.0,1250853.07234965,239283.242665067,3.0,204211.94537109515,12.22691368139104
10759.0,1250568.52303736,239317.27837710097,3.0,43235.68306538991,10.674421430168536
10762.0,1255809.51849873,235603.019045293,3.0,1318.204998240794,7.18402624032801
2576.0,1256794.99581175,253062.113079175,4.0,241646.11757781947,12.395229610840914
10769.0,1266787.32983798,248969.477938995,4.0,189959.5677437373,12.154566527148452
10771.0,1260385.80752742,237682.664551437,3.0,40509.67291480877,10.609296061980205
18964.0,1253880.08924876,248171.777394176,1.0,0.0,
10772.0,1265759.58058892,232154.150945768,5.0,1256991.8990411316,14.044232042874713
2584.0,1258765.60016575,247092.360945061,3.0,31963.00678665365,10.372334475137524
2585.0,1258554.12355754,246930.963312894,4.0,72128.85991816138,11.18620951944131
18970.0,1272128.63608344,243487.26116538,3.0,110022.61946413088,11.608441255127396
2588.0,1266601.34628579,234638.889764309,4.0,628685.7758037846,13.351386849339933
2589.0,1266609.83479778,234948.752996624,4.0,226417.6739900148,12.330136687591146
2592.0,1264884.11710003,252695.322486803,4.0,1644530.3190572315,14.31296538108297
2593.0,1264889.91076402,252960.342967078,4.0,1522162.7892404762,14.235642769135264
10786.0,1252351.49551919,241233.80765906,3.0,132256.5072035544,11.792498552317673
18983.0,1246804.08207351,245042.22526297,3.0,84777.99999999997,11.347791354158918
18984.0,1246793.0919295,245303.568879232,1.0,0.0,
18986.0,1257104.68061206,242473.714988336,3.0,5523.379551402184,8.616745189503039
18989.0,1265274.88081242,255912.089658096,3.0,6193.455442969157,8.731248439808233
18990.0,1265606.22526076,255906.787514091,3.0,34324.15367058382,10.443604573976302
18991.0,1276843.87077627,240132.301033944,1.0,0.0,
18992.0,1276897.46220033,240214.282474026,3.0,84778.0,11.347791354158918
10801.0,1262977.32170607,256208.449658394,4.0,80277.3724981147,11.29324307315337
10804.0,1268731.10647996,240459.635050267,3.0,79988.33599400957,11.289636102951274
2613.0,1266903.65374209,254254.656312406,4.0,3483472.888508946,15.063540310591236
2614.0,1266908.53694209,254518.608888671,4.0,378186.9040853963,12.843143807651378
19008.0,1267064.20267026,234020.694179684,1.0,0.0,
2625.0,1267499.4671827,244260.90763016,4.0,487102.9678456063,13.096230812663789
10818.0,1254871.16995378,249733.91237177,3.0,3216526.4928648663,14.98381260634983
10819.0,1254204.90947309,249753.104947791,4.0,4420465.431698752,15.301755549799399
2626.0,1265559.83658871,253481.723831609,4.0,219879.75219779348,12.300836094985575
2627.0,1266270.62750144,253469.667063594,4.0,254534.42206922697,12.447191359536882
19009.0,1267100.6612303,234302.985891968,1.0,0.0,
10820.0,1270091.17361736,244477.562670395,4.0,153340.61400761106,11.940416961328236
2632.0,1268792.80811203,256197.168186396,4.0,807593.8035849896,13.601814492762596
2633.0,1268800.47544004,256856.759355068,3.0,157501.42892075834,11.967189809719422
19015.0,1265080.33098823,233774.166435421,1.0,0.0,
10832.0,1258190.35786118,257819.10290804497,3.0,18224.84922197708,9.81054128370009
19024.0,1276150.82034357,240841.774378672,3.0,169542.0,12.040855962718982
19026.0,1277280.46143273,240037.090921834,1.0,0.0,
10836.0,1267721.70724693,233679.092835337,3.0,104846.8718553991,11.56025620141099
10837.0,1268072.56971128,233672.154147327,4.0,6990023.476959093,15.759994472853721
19034.0,1276490.5903279,240081.766697884,1.0,0.0,
10849.0,1261531.0634646,250357.387188405,3.0,110099.36254212934,11.60913853288592
10850.0,1255104.15472201,243819.105645716,3.0,46124.99306548985,10.739110231001133
2660.0,1260828.07965587,242357.281836212,4.0,889368.3629826066,13.69826678523493
10853.0,1264234.21687536,250965.089397028,4.0,463291.5467058648,13.046111825405916
2661.0,1260505.77418354,242363.021612227,3.0,85561.90249945599,11.356995398800649
2663.0,1268065.94801529,245969.038063914,4.0,177048.8361738877,12.084180884086576
2664.0,1268073.00676729,246228.95153617897,3.0,6607422.738811788,15.703704232439026
10860.0,1254697.90851359,239861.862889662,4.0,810274.7134459069,13.6051286215518
19053.0,1256958.56771591,235630.844837323,1.0,0.0,
19054.0,1257106.40566806,235837.140645534,3.0,84778.0,11.347791354158918
19055.0,1257209.30666016,235835.832613543,1.0,0.0,
10863.0,1266732.66033392,232449.88726607,4.0,182678.54901761696,12.11548332451294
10862.0,1266411.02814159,232457.863970086,4.0,98683.21488482418,11.499670149002197
10874.0,1258913.58250192,251865.885813951,3.0,10163.396778591688,9.226547993858663
10875.0,1258646.78186163,251870.24734996297,3.0,35493.54798155264,10.477106211947003
10876.0,1256289.55197123,244753.670062676,3.0,34809.61808826855,10.457649009422937
19067.0,1269951.76478522,239579.433705375,3.0,14190905.103183145,16.46811183168158
19073.0,1269599.84587285,256859.829243064,1.0,0.0,
10883.0,1266221.47236539,237123.174822852,3.0,8414.181849188328,9.03767387660866
2697.0,1266927.70686212,235872.501797572,4.0,279737.17908420326,12.541605795219404
2698.0,1266940.46699013,236182.471973896,3.0,84500.71009871183,11.344515216845007
19085.0,1250149.57903694,238657.884712428,3.0,103079.33352397894,11.543254199126258
19086.0,1250139.21487692,238652.040872425,1.0,0.0,
10895.0,1265629.69534078,246283.27691224203,3.0,83693.45480499903,11.334916055152288
10896.0,1265632.71569279,246402.388912365,3.0,229810.7649895509,12.345011488336809
10900.0,1266813.15691,250019.114292055,4.0,65773.53843417685,11.093972884972548
10901.0,1268644.53086388,245167.467119098,5.0,493972.13956245215,13.110234396932794
2711.0,1263241.26250634,233722.64649938,4.0,276294.1721910606,12.52922141836572
2712.0,1263248.60202634,234039.033059701,4.0,239676.60798490312,12.387045826944922
2713.0,1269465.93246472,243219.0461891,4.0,334790.86671808374,12.721261337410791
10906.0,1255171.49910608,242166.123756021,1.0,0.0,
2716.0,1260680.21245572,257709.199931934,4.0,1804047.9958206727,14.405543584472897
2717.0,1260348.57437538,257716.301947951,3.0,1739192.3695691838,14.36893140801723
10910.0,1268390.34897561,234291.143715963,4.0,743372.3967443871,13.518952405061464
10911.0,1251841.87254266,237925.253927678,4.0,243194.3663975594,12.40161626432213
2722.0,1263471.20721057,247380.574257359,4.0,382034.0486886749,12.853265016309496
2723.0,1262757.74538584,247395.194993377,4.0,425526.0845789516,12.96108152847488
2724.0,1268673.5901919,246229.345584184,3.0,6796193.580239699,15.731873245806145
10919.0,1270475.69784175,247526.047089517,3.0,27758.028457788987,10.231280391125614
19116.0,1253284.73385614,250288.765940338,1.0,0.0,
10929.0,1259731.64611875,261707.958336025,1.0,0.0,
19122.0,1257604.57686856,236188.117285907,1.0,0.0,
2744.0,1261646.87261671,248239.90520224,4.0,95485.7257205558,11.46673204640253
2745.0,1260950.00292,248255.043314263,4.0,110857.06053832796,11.615996907543138
10936.0,1264645.05297178,258279.521276519,4.0,36675.80290619248,10.509872495237598
10939.0,1265191.41834834,248966.415922984,3.0,132354.1758565522,11.793236758774825
2748.0,1255671.4085466,239036.163112819,4.0,250856.4611384926,12.43263618656093
2749.0,1255687.86781061,239846.312745646,4.0,44932.65424702952,10.712920075481357
19133.0,1251506.11203033,237316.200679049,3.0,672742.2401138792,13.419117533946455
19132.0,1251533.24457435,237285.193511024,3.0,840768.8946058443,13.64207210286274
10944.0,1262186.27805726,250348.599796399,4.0,786254.6484189903,13.575035999117931
10947.0,1266048.26538922,246013.594415963,4.0,2010862.3803979475,14.514074232995885
2757.0,1266957.06641415,236802.317542523,4.0,81831.14305888303,11.312413172125845
2758.0,1266966.22187015,237121.268646851,4.0,108001.49069310432,11.58990030872503
10952.0,1265549.54065271,252949.59627907,4.0,1545206.0730456966,14.250667840031682
10953.0,1257293.01488425,238387.734952152,3.0,44230.21223063699,10.69716336919219
10954.0,1265161.4719163,236841.44407056304,3.0,29578.70010389846,10.294809790197705
2765.0,1266968.15889415,241195.366827026,3.0,180392.1748304866,12.102888508898722
10959.0,1259980.84087101,252347.716918454,4.0,133818.54353100513,11.804240008485957
10960.0,1259716.87946273,252352.294326454,4.0,217769.21251725263,12.291191122819104
19156.0,1264157.69764328,235709.129445404,1.0,0.0,
19159.0,1266697.51902188,231059.372640654,1.0,0.0,
10968.0,1261423.79172048,261763.853888094,3.0,40635.537161036285,10.61239826227149
19162.0,1259381.85251839,234818.2866925,4.0,13216104.132425832,16.396946653981363
2781.0,1267685.57508689,245977.554735929,4.0,239580.66469425216,12.386645443696082
2782.0,1267692.7151829,246251.21598421,4.0,6722352.332256948,15.720948700689318
2783.0,1268045.34571126,245454.32350339,6.0,1132200.5939132478,13.939673725150225
2784.0,1268058.88766328,245709.074991643,4.0,122363.0421630096,11.714747660353696
10980.0,1268083.0847833,240626.051370442,4.0,550075.2205386478,13.217810312472949
10984.0,1268216.88734344,253170.42162329,4.0,2971594.169273172,14.904609124107228
19178.0,1265340.27530849,244286.47281418703,3.0,24344.16314097944,10.100047393040526
10987.0,1254178.36918506,248804.336498812,4.0,306312.3992432388,12.632360772717309
10988.0,1262403.96759349,256216.232122406,4.0,263645.18895212456,12.48235949693369
2797.0,1257893.08515687,257063.552251279,3.0,306220.76249937154,12.632061566893775
2798.0,1257681.06230865,257067.12773928,4.0,499909.7082136841,13.12218277752452
2799.0,1263833.24817094,236600.54397432497,3.0,45288.27294062772,10.720803402474251
10990.0,1265418.74404457,235285.220196977,4.0,93118.7940784863,11.441631312693334
10994.0,1258644.01738164,251710.708981797,3.0,62660.37676814415,11.045484577385395
2803.0,1263975.47325909,256977.717115194,3.0,43913.0598116298,10.689967044836228
2804.0,1263985.2495151,257636.257467866,4.0,104488.2812893236,11.556830203326733
10997.0,1258655.42160565,252369.712246463,4.0,63397.98546460447,11.057187364914242
2810.0,1270870.07761815,240248.509098053,3.0,1235.9144802125732,7.119566444857318
2811.0,1270874.29643416,240399.872682214,4.0,47617.36301250988,10.770952742877787
11006.0,1271203.5769465,250693.16869275304,3.0,120648.74956903375,11.700638706880396
11007.0,1264472.9043636,245016.94545494,3.0,142776.78835808948,11.869037769163526
2816.0,1264601.81943573,243655.916333541,4.0,834191.0020979755,13.634217674422096
2817.0,1264305.78756343,243664.356653556,4.0,496649.62261652655,13.115640071785219
11008.0,1265528.30711669,241624.473899469,4.0,1474302.891860752,14.203695820350436
11009.0,1265544.2595007,242319.539116174,4.0,1275911.6193615976,14.059171476664824
11023.0,1260302.63741533,248268.409778267,4.0,137187.39353391668,11.82910310618876
19216.0,1253627.6856005,243844.60004574095,3.0,84777.99999999997,11.347791354158918
11027.0,1269062.5854563,242236.4021561,3.0,37870.01213831258,10.541914841421603
11028.0,1269064.57169631,242316.576812178,3.0,38932.90451229838,10.569595046408585
2846.0,1261713.39351279,259680.452541962,4.0,702108.5176106779,13.461843254552146
2847.0,1261726.87511279,260345.953854635,4.0,318022.0210859836,12.669875908062796
2848.0,1258922.20842192,252365.443894461,4.0,51319.211503436665,10.845820454298147
2849.0,1258932.43088593,253049.557047173,4.0,98799.61774745448,11.500849014775586
11044.0,1254721.35171361,254425.980792582,3.0,42523.81904761904,10.657819646099354
11045.0,1265752.93201292,236518.306598231,4.0,41293.82587276446,10.628468273167504
19240.0,1253784.50940865,243505.005229399,1.0,0.0,
19246.0,1260848.19146389,242927.780972809,1.0,0.0,
11055.0,1269514.37720077,244880.823022798,3.0,49935.08136489824,10.818479068092113
11058.0,1271816.72139512,242709.637740582,4.0,253330.5145766124,12.442450296861235
11059.0,1263918.21815504,240175.373097986,3.0,352008.4598457474,12.771410487944122
11063.0,1255068.16035397,244678.59179058703,3.0,22556.059253259868,10.023759011863676
11064.0,1254960.07004987,244680.67447859,3.0,111019.551678086,11.617461606027442
11067.0,1266888.79063807,237400.344551146,3.0,115652.25770003974,11.658343189302498
11070.0,1259380.50480638,258397.983996645,1.0,0.0,
19262.0,1274676.24747805,241969.915819824,3.0,57005.79609294079,10.9509082274881
19264.0,1257001.93437195,256577.793402776,1.0,0.0,
11072.0,1261983.09175305,260682.545342982,1.0,0.0,
2883.0,1263446.65316255,230474.955872044,4.0,1266041.547639246,14.051405699188237
19269.0,1253626.96969649,243823.160109714,1.0,0.0,
11080.0,1266089.18065326,232466.141474083,4.0,338607.3791673544,12.732596541613681
2889.0,1265779.92996494,239986.427305788,3.0,1935572.607024419,14.475913761612905
11082.0,1262159.88240923,247397.246449381,4.0,300995.9700567893,12.614852155125735
11083.0,1262165.91031325,247680.161585674,4.0,202494.5749551016,12.218468374824687
11084.0,1263905.80836302,239615.93917740896,3.0,243778.7126449872,12.404016177389366
2893.0,1258839.97008583,259078.912445337,4.0,205861.9488182751,12.234961071752322
2894.0,1258846.32214984,259348.84070161,4.0,220843.37331426208,12.305209011205529
2895.0,1266001.57258917,234652.19978033,3.0,159171.5457947891,11.977737803973081
19276.0,1265624.05956478,233726.970979378,1.0,0.0,
19282.0,1253704.02697657,243843.919277743,1.0,0.0,
11092.0,1262751.96848984,247128.984881103,4.0,183102.37514334984,12.117800702415442
11095.0,1264090.14199521,229810.048031375,4.0,63987.15604461108,11.066437655398566
11097.0,1269872.46801713,255500.083257675,4.0,6028823.541287152,15.612062448721298
11098.0,1254533.66044943,236358.548070073,3.0,183117.15355434528,12.117881410350686
11099.0,1254611.9244495,236720.448294446,4.0,782910.9859417229,13.570774285166594
19292.0,1258688.24432568,238065.86160782,1.0,0.0,
2909.0,1260915.75203995,246625.281136587,4.0,650652.7362689701,13.385731347635192
2910.0,1260268.4747913,246639.387760594,4.0,830197.3534723561,13.62941872677662
11103.0,1265974.16183715,258908.988861173,4.0,190376.32956917043,12.156758074121443
19296.0,1274312.89483768,242222.526188076,4.0,89441.60595047034,11.401341243845685
11105.0,1270935.40984222,240398.22634621,3.0,78534.79677842694,11.27129707661767
19298.0,1252280.20630312,236574.010214299,3.0,1842920.0056093652,14.426861831265775
11108.0,1269808.11780907,244875.356526792,3.0,20400.970352457047,9.923337744997982
11109.0,1269315.70961656,252952.16645506,3.0,2134675.4458823,14.573825177109075
19302.0,1255553.02621047,234526.142308205,1.0,0.0,
2919.0,1258196.26269318,248049.066994041,4.0,1117180.8267558387,13.92631895103321
2920.0,1257495.54493245,248064.528946057,4.0,1263590.412779804,14.049467760654158
11111.0,1262364.29930544,259166.429949433,4.0,496921.0534312917,13.116186446246665
19306.0,1256179.37827511,257111.346107319,1.0,0.0,
11112.0,1262372.15920946,259664.706173941,4.0,296217.64720249764,12.598849757712594
2924.0,1257393.63638836,241923.349291772,4.0,110450.52293291822,11.612322943403992
2925.0,1257105.41712406,242257.747564122,4.0,1928213.6791831397,14.472104577463334
2926.0,1256765.99881971,251072.717813149,4.0,121855.10584118526,11.7105879608524
2927.0,1256502.03971544,251074.96715714,4.0,146003.78259571837,11.891387808544714
19313.0,1257140.1421161,244452.767790362,1.0,0.0,
11122.0,1267967.21758318,251552.218165636,3.0,302806.4044818313,12.620848951186455
2931.0,1262751.29399385,232565.857826188,3.0,2254216.4330667024,14.628312990740787
2932.0,1262911.67556201,232837.737506464,3.0,248262.86788793543,12.422243414956553
2929.0,1273475.97163682,249533.265523568,4.0,1580722.732386591,14.273392725977104
11126.0,1269982.52459325,248192.996210188,3.0,23361.08281488988,10.058826789245014
2930.0,1273491.10418084,250089.55934813604,3.0,1280002.5337564987,14.062372615391105
19323.0,1261456.89956051,233241.179938883,1.0,0.0,
19324.0,1257068.99696402,241538.430763379,1.0,0.0,
2943.0,1255235.21552214,235346.43395704,4.0,15516.909330975026,9.649685632860574
19328.0,1274405.12990977,242375.521260232,1.0,0.0,
11137.0,1256984.01609993,239011.905320793,4.0,710167.3954744461,13.473255989502395
2947.0,1260279.7057033,247170.951345146,4.0,235496.9339361111,12.369453172974286
19332.0,1253214.66505608,250914.798132986,1.0,0.0,
19331.0,1274234.3740056,242080.986411929,1.0,0.0,
2950.0,1261806.09770487,252348.484598443,4.0,260479.2312595296,12.470278410546294
2951.0,1261546.08445661,252352.933110446,4.0,317244.17778076685,12.667427033259349
11145.0,1270014.71384127,241864.921899706,4.0,390156.5705507337,12.87430340049174
2954.0,1262177.44240925,249824.631411865,4.0,513097.3728686517,13.148220916801282
2955.0,1261521.49002458,249838.732083872,4.0,523105.69285538245,13.167538812219352
2957.0,1256207.40483513,250187.699252233,4.0,1632509.7742307028,14.305629127392413
2958.0,1255545.05213046,250191.897716239,4.0,1188079.9956787832,13.987849113067684
11155.0,1262792.99959388,249013.130035028,4.0,314411.34499051207,12.658457423461575
2968.0,1262473.04285756,235298.481316984,5.0,140545.44334951136,11.853286155670474
11161.0,1265469.64778863,249500.154355526,4.0,79470.5729682974,11.283142080777335
2969.0,1262486.12260157,235741.034853444,4.0,155556.83161864875,11.954766420478363
2972.0,1268940.38430418,257381.067067608,3.0,64055.87957344677,11.067511099730826
2973.0,1268943.52862418,257647.03865186905,3.0,140912.95128846954,11.85589761196254
11166.0,1268527.01534376,242908.458540782,3.0,16938.227175595315,9.737328309576943
11167.0,1268913.16548815,242962.531884834,3.0,22633.63186470675,10.02719221469037
11178.0,1255504.93769842,247807.647217795,3.0,29986.039644214456,10.308487207144765
11179.0,1261662.38634473,257027.03826724,4.0,503229.5324075817,13.12880167185048
2988.0,1266677.69886187,244189.30929409,3.0,42577.0275684081,10.659070127847501
2989.0,1267015.2673742,244181.594414085,4.0,375007.8958648623,12.834702360370514
11182.0,1264431.25386757,242014.36682786,4.0,27793.4793324069,10.232556715777836
11183.0,1264425.78538756,242339.887148201,4.0,8330.576827380164,9.02768797974784
11184.0,1267400.32631861,233374.684963018,4.0,974845.7238893432,13.79003450555163
11185.0,1258621.52464561,250420.718132481,3.0,52588.82830502444,10.87025898652961
2994.0,1251449.28867027,248423.572850436,3.0,84777.99999999999,11.347791354158918
2993.0,1251449.73161426,248401.062066406,1.0,0.0,
11186.0,1255635.51421055,236929.227046654,4.0,50234.41410264607,10.824455610698035
11189.0,1261910.89668098,238403.372712165,3.0,28449.05619064756,10.25587026468601
11188.0,1272105.70206742,242701.012396574,4.0,432935.43983256223,12.97834389617431
11187.0,1272086.0889474,242023.71818786897,3.0,364782.6576490002,12.80705699671292
3002.0,1254991.2127059,238532.743208304,4.0,127659.5587603416,11.757122302438272
3003.0,1255005.11324991,239048.585000828,4.0,172798.9829786966,12.059884249794822
11199.0,1266891.50878207,253457.35736759,4.0,276792.0783153936,12.531021883513358
11200.0,1267549.99006276,253448.193719581,4.0,298263.4713534045,12.605732506931417
3009.0,1254785.93289769,256976.940539181,4.0,52238.53919605072,10.863575800237179
3010.0,1254298.22230518,257593.81663581697,3.0,3858491.5990405055,15.165786887616962
11203.0,1259825.62755884,257221.011259437,3.0,1983121.687077712,14.500182770761738
19396.0,1260243.47383127,245417.092655346,4.0,2617631.02402627,14.777780277408604
11205.0,1264093.70762722,247921.489521921,5.0,1352121.7291459248,14.117185567882554
11204.0,1264531.63127567,247986.052081987,4.0,1051572.1610183616,13.865796898511375
3011.0,1268519.42283174,255541.890297711,3.0,151573.4743640829,11.928825765667986
3016.0,1266453.25310163,250028.425268069,4.0,48791.90041529482,10.79531960296943
3017.0,1266464.80132565,250298.124852344,3.0,33281.50021535558,10.41275697250554
3012.0,1268527.91857575,256205.352186397,4.0,539930.2396023124,13.199195224273593
19401.0,1268664.3960159,245897.393199846,4.0,1104493.149537105,13.914897099502662
18509.0,1265452.95786861,232776.019810408,4.0,489475.59072196565,13.101089873972828
11214.0,1263647.01527476,256986.208891198,4.0,57003.79485089746,10.950873120932116
19414.0,1261236.15952829,245825.052079767,1.0,0.0,
3033.0,1252209.55945505,239906.912041709,1.0,0.0,
19418.0,1260936.14275998,245387.174703315,1.0,0.0,
11225.0,1264536.90653966,238357.678952128,4.0,760980.6385045781,13.54236319434484
19419.0,1270815.25784209,249858.003379896,3.0,177780.3252810038,12.088303939476768
3037.0,1255936.66717087,237026.014246762,3.0,366882.32613252266,12.812796438380515
19420.0,1270886.59198616,249920.519987956,3.0,121564.47001457088,11.70820001843898
19423.0,1263457.00087456,243040.321132913,1.0,0.0,
19425.0,1252169.21507101,244849.423470765,3.0,315166.93990930304,12.660857745390386
11236.0,1253573.00752044,250904.556724966,1.0,0.0,
19429.0,1260149.56131917,262366.318208709,1.0,0.0,
3046.0,1270252.96600153,256152.235834345,4.0,530797.436653151,13.18213575221442
18516.0,1264793.53463593,232179.008545801,4.0,366908.4098468734,12.812867531440382
3050.0,1254236.45436913,250885.845492944,4.0,1115810.0828524204,13.925091230786165
19435.0,1257568.26461254,259241.209661514,3.0,26681.695710785905,10.19173305538566
19436.0,1257469.74019644,259309.798461571,3.0,48172.75603735098,10.782548912796592
19438.0,1259386.3777664,259743.861566022,4.0,151016.0130760499,11.925141157035748
19442.0,1259970.898279,259734.495422006,3.0,176662.96094976965,12.08199902088418
19444.0,1259488.01834249,259745.249342024,3.0,70651.30444562848,11.165511851433074
19445.0,1254514.70121741,254429.828856573,1.0,0.0,
3061.0,1268934.14219217,256853.019579068,3.0,350779.0826551251,12.767911910151417
3063.0,1254511.9502414,245153.289007083,4.0,127164.0,11.753232870962837
3062.0,1268937.26353617,257117.043963328,3.0,263029.27630683745,12.480020621720687
11257.0,1262116.61642519,245322.540655255,4.0,377260.948282316,12.840692397500744
3066.0,1262177.76855326,248228.28158623,4.0,67506.99059688573,11.119986435896505
19448.0,1267161.49316636,237948.823143706,1.0,0.0,
3067.0,1262926.50327402,234046.497571707,4.0,169600.6776753203,12.041201998059082
11263.0,1255889.23881881,235341.87030904004,3.0,179471.7377797192,12.097773024818808
11264.0,1260246.50531928,252359.460982457,4.0,629847.8513823779,13.35323356345825
11265.0,1261697.79543276,258848.37580511,3.0,401317.15405668976,12.902507301557936
11266.0,1261704.08343276,259181.247869447,3.0,639217.976467638,13.368000796423663
11270.0,1256924.95491588,258444.14495669297,3.0,1103110.6379161614,13.913644599566274
19463.0,1265208.27070035,244986.302126914,3.0,43944.283438211314,10.690677824988258
16894.0,1272851.17566818,250112.440500155,3.0,106952.59656722016,11.580140992544218
3081.0,1262957.58519405,241159.768810987,4.0,652292.6993818249,13.388248665604163
3082.0,1262164.44215325,241447.729515284,4.0,364291.77732099046,12.80571041156704
3083.0,1266203.81726138,252395.1105185,4.0,1053971.8147455913,13.8680762664978
3084.0,1266870.36414206,252381.631158486,4.0,1184995.692665537,13.98524969766336
11277.0,1254902.21680181,251308.350517377,3.0,72250.5922138956,11.187895802673205
11278.0,1262584.72439367,239843.172969639,1.0,0.0,
11276.0,1268276.8078555,257399.649019614,4.0,76973.2738280721,11.251213547443133
11273.0,1268492.22244772,242249.8620601,4.0,427999.707523669,12.966877791207787
11274.0,1268782.66411202,242243.046508104,4.0,238531.60687301285,12.382257104106634
11284.0,1264057.83697118,246064.575280011,4.0,1166796.1829339657,13.96977224557334
3102.0,1265166.28554831,237016.18256674695,3.0,10127.766386326646,9.223036077996944
3103.0,1265169.44887632,237146.13047088697,3.0,37612.73904203416,10.535098076306186
3107.0,1270270.63851354,240416.313898236,4.0,86984.93095466842,11.373490175216979
3108.0,1270283.70641756,240892.457642719,4.0,574419.3075220506,13.261114909525277
11303.0,1256343.51120327,256327.391994521,4.0,658750.1613004146,13.398099623695993
11304.0,1256143.82000308,256331.309306532,3.0,708331.8424531124,13.470667966898253
11305.0,1264619.87620376,256307.2542665,3.0,128733.76168264708,11.7655016877186
11306.0,1264294.60945143,256316.447802514,3.0,56694.57984179672,10.945433891527378
11307.0,1263609.80701873,254847.494713008,4.0,43085.28750528549,10.670936860630261
11308.0,1252169.090719,238602.128232375,3.0,1316.2376159043642,7.182532654784258
11309.0,1252189.47587103,239245.492777035,4.0,61386.35916785454,11.024942926063302
3118.0,1261527.05591258,250104.573428154,4.0,1409367.4011497789,14.158651510013256
3119.0,1262588.94717768,261255.361791566,3.0,114648.50739840836,11.649626269434698
3120.0,1262550.94493763,261576.890367895,3.0,52826.07095416404,10.874760115902301
3121.0,1262172.10154524,247962.272881955,4.0,866775.56416641,13.672535357391423
3124.0,1256824.30486777,243127.43575701103,3.0,44587.1681777644,10.70520138759324
11318.0,1258391.46934937,252374.15154247,4.0,117817.98436644004,11.676896207192453
11319.0,1258403.31056538,253057.847031176,4.0,133718.0081806671,11.8034884449749
11320.0,1256818.36227576,254398.531000555,4.0,2775390.668641843,14.836302076746444
19512.0,1268305.22481553,254973.06431312897,3.0,390923.12356088223,12.876266204702448
11322.0,1267682.23063889,231792.453537405,4.0,855688.0320341752,13.659661140138157
11321.0,1267675.90059088,231540.250657141,1.0,0.0,
3136.0,1264017.62705114,252433.370934531,3.0,89334.51968214451,11.400143250760712
3137.0,1263767.65777089,252437.435510546,3.0,34355.816300241655,10.444526607923446
19522.0,1253932.82243282,247825.590769812,1.0,0.0,
19523.0,1256236.10947517,242885.027500764,1.0,0.0,
19524.0,1272922.14795625,242677.375020549,4.0,60136.487104336746,11.004372042870008
11333.0,1255604.75248252,244468.313710377,3.0,11319.954549945363,9.33432233672662
11334.0,1255609.53891453,244668.162990585,3.0,787.2128272354862,6.6684986403658115
11337.0,1257356.18038832,255771.65164195,4.0,1324904.132408026,14.09685066188526
11341.0,1254661.82588956,238538.789800301,4.0,59379.85626315783,10.991710327687638
3151.0,1255375.62563428,257127.692859337,3.0,302495.52981017204,12.61982177885681
3152.0,1255225.86377813,257130.649275348,3.0,376661.316199844,12.83910169714035
11343.0,1275367.19986276,241273.087147102,3.0,49581.045055465096,10.811363883532936
11348.0,1259271.90429428,247742.49150572703,3.0,16971.172941805013,9.739271474390373
11349.0,1266440.18654162,234332.286052004,3.0,1941.1619244532997,7.571042002900874
11350.0,1262183.04836126,250090.501940131,4.0,1417763.6377160563,14.164591285097197
11351.0,1265636.13662079,246535.720624492,3.0,205311.02689185904,12.232281312679389
11352.0,1263209.4794023,237940.86019969,3.0,77727.3412725505,11.260962356989209
11353.0,1255626.74358654,254985.891385153,4.0,4079353.199235714,15.22144900421411
3162.0,1255684.31005061,257269.871739492,3.0,84778.0,11.347791354158918
3161.0,1255856.97641878,257266.45145148,1.0,0.0,
3164.0,1265680.70903684,238863.180520639,4.0,1311663.6552075949,14.086806855260173
11357.0,1258923.14480592,246447.63550441,3.0,57368.17316573176,10.957244954065242
11358.0,1251926.37206276,240578.2102184,4.0,144025.52290769952,11.877745805267137
19551.0,1251364.13955018,243425.06609331103,3.0,129708.40479913513,11.773044170048742
19552.0,1251290.6009901,243687.51044558,1.0,0.0,
3165.0,1265940.60126111,238857.655272633,4.0,721155.429443111,13.488609967851248
19558.0,1273582.99768493,247284.518705264,3.0,18747111.55082803,16.74655024789117
11368.0,1264297.77220343,248276.597106278,1.0,0.0,
3181.0,1266923.83710212,255310.941625476,4.0,1489164.15950787,14.213725553747674
11374.0,1267522.03767873,237585.224743336,1.0,0.0,
11375.0,1267435.36139064,237941.908071697,3.0,64557.07862597538,11.075305051392972
19568.0,1250800.9339816,241274.727851108,4.0,250597.07456082728,12.431601647636251
11377.0,1269870.00843313,256161.99961035,4.0,449450.9908288995,13.015782096535547
11387.0,1252476.78627132,248196.131378189,1.0,0.0,
3196.0,1264869.301548,248715.700530723,3.0,751746.3802801694,13.530154285781212
3197.0,1264106.28567523,248450.877234459,5.0,1338539.8454902605,14.1070899102632
3198.0,1267321.14507052,243198.469421074,4.0,991265.3977462698,13.806737585476395
3199.0,1267660.09777486,243190.684333071,4.0,271677.2206017422,12.512369951641062
11392.0,1268377.5054556,240079.18890588,3.0,23139.451559396715,10.04929429948999
3205.0,1263521.40823463,237279.38282302,4.0,76981.85508432782,11.251325024810924
3206.0,1263204.36061831,237718.98659946,5.0,403347.98190616793,12.907554947020927
3209.0,1264928.99594808,247447.375985429,3.0,26904.451820005062,10.20004704706459
19597.0,1259731.26263075,242784.432556659,4.0,381005.0000745804,12.850567777578053
19598.0,1259733.80823076,243042.63511692,3.0,72993.29130488019,11.198122815974322
19599.0,1259275.26384628,243047.575404927,3.0,21548.377956633427,9.978055823865338
11406.0,1254875.22275378,235348.94480504104,3.0,14107.314768623904,9.554448719764107
11409.0,1254910.18627381,251767.880757853,4.0,49416.50336840134,10.808039723668385
3213.0,1269280.52497652,242311.707436174,3.0,50713.66330603436,10.83395064648817
3219.0,1266255.61207743,252937.436151057,4.0,1468635.1358351617,14.199844048427579
3220.0,1266265.19934145,253203.366391316,4.0,1462341.853252189,14.19554971771277
3214.0,1269439.81636868,242307.355756164,4.0,185317.27184877143,12.129824618122697
11412.0,1269215.50974447,244078.248493984,3.0,54352.21698301803,10.903240682573328
11415.0,1265734.64689289,245760.204463705,4.0,524632.4054016161,13.170453116145733
3227.0,1254968.35548986,253752.869943887,4.0,1238114.973917412,14.029100598607041
19614.0,1258621.62602161,243062.080620944,3.0,4323.849992956225,8.371901486426575
11424.0,1257459.16150843,244940.372142866,3.0,123693.55631047396,11.725562465758413
19617.0,1258980.49539798,242776.97719664904,3.0,25792.337277155555,10.157832722033646
11425.0,1264635.03133976,245014.118702933,3.0,567326.3291878032,13.248689953638712
3239.0,1263576.50391468,253249.174391374,4.0,256864.33603663303,12.456303349158276
19624.0,1259212.03824621,242385.43364425,4.0,4972670.227876872,15.419467522985912
3240.0,1263582.0652587,253516.27589564,4.0,67581.00442036586,11.121082222844512
11436.0,1265000.32094014,259859.977470145,3.0,5680693.242279852,15.552583832947033
11437.0,1264345.86692347,259878.148030162,3.0,5403375.464062728,15.502534402187205
3247.0,1263501.49290662,244669.50059057804,3.0,24857.923497599688,10.120931833724073
3248.0,1263381.27069849,244671.861166582,3.0,10651.359911553447,9.273442854211416
3249.0,1262156.14391322,235747.644773453,4.0,224699.2847327578,12.322518274958554
3250.0,1261826.26628089,235754.25238946095,5.0,408806.5214861638,12.920997270499191
11439.0,1263831.23012295,232349.055777967,4.0,3430220.4483675966,15.04813508773796
19637.0,1267876.91428709,231434.209185034,3.0,9731400.17293768,16.090868346474934
19638.0,1256737.81878768,235845.079973549,3.0,1003656.7510996416,13.819160639404192
11449.0,1268918.49880016,255529.55960971105,3.0,500451.66179108754,13.123266293235293
11455.0,1255338.62934625,245136.731311068,4.0,65183.83970158792,11.08496685985543
19655.0,1259949.77629498,242796.711084664,1.0,0.0,
19657.0,1259861.09373488,242783.498796657,3.0,84293.43900348019,11.342059311820892
19658.0,1260052.08874308,243036.325420916,1.0,0.0,
19659.0,1259865.47523889,243038.711852908,3.0,42421.67311869417,10.655414669082834
3275.0,1266165.97412534,238750.444200531,4.0,297552.44887571386,12.60334578717092
19661.0,1259254.77802226,242797.205804661,4.0,102358.08789727966,11.536232609924177
19662.0,1259231.48208624,242439.705836296,1.0,0.0,
3281.0,1265408.50910056,247036.75934501,3.0,14433.483593727631,9.577306035919156
3282.0,1258207.00682119,248580.807730585,4.0,285089.1684003791,12.560557281896958
3283.0,1258212.56682119,248846.150066867,4.0,240271.6377674462,12.389525386325225
11481.0,1262782.95594588,240806.692394629,3.0,23163.012826289083,10.05031201071718
11491.0,1265305.45092446,242845.44030071804,3.0,52494.06504875768,10.868455395499126
11493.0,1268885.75313613,253420.963127553,3.0,323704.86717519053,12.68758747586923
11494.0,1268889.70526412,253690.054455817,4.0,364597.5432617789,12.80654940303005
3308.0,1263880.903595,233707.778147355,4.0,455874.365149612,13.029972535512506
3309.0,1263563.93207467,233715.145891368,4.0,349758.4392517959,12.764998021619881
11502.0,1255519.11485043,248640.411314651,4.0,285850.11394674133,12.563222875316287
11503.0,1263492.2658986,244109.689070016,4.0,160087.35747355246,11.983474929430518
11501.0,1273425.58987677,246905.04043287,3.0,289092.1306316983,12.574500707404622
11505.0,1254923.75318582,252560.803702667,4.0,451407.4262603741,13.020125594848265
11510.0,1263230.42487434,243379.308333263,4.0,2790134.479336062,14.841600353114817
3319.0,1268207.82340743,244105.487982005,4.0,308030.1172963864,12.637952840605049
3322.0,1254509.6040654,246298.53835225097,3.0,2587719.020167463,14.766287358448883
3333.0,1273463.6783888,248505.108402506,3.0,580662.9984820801,13.271925830511481
3334.0,1273469.76958881,248765.363506779,4.0,726669.765922495,13.496227411119023
11527.0,1262066.00004114,239363.015849158,3.0,70568.72374524335,11.164342318883678
11530.0,1263310.90897042,243058.515308931,4.0,2981357.7933807936,14.907889390073997
11531.0,1262809.1524259,243065.406060949,1.0,0.0,
11533.0,1272842.78034018,249832.551283866,3.0,105473.89478112248,11.566218758446267
3346.0,1254860.40880176,248654.756722659,4.0,305367.05878759705,12.629269803433035
3347.0,1254671.40560156,248471.340466484,3.0,254986.7647378485,12.448966919804727
11538.0,1262597.73847368,252998.888503119,4.0,2119683.4289061083,14.566777309510275
11542.0,1270335.9428336,242769.23831664,4.0,271260.43549826887,12.510834654979801
3357.0,1270832.98315412,249145.917171165,3.0,44164.8949937626,10.695685521586972
11552.0,1263102.4484262,237952.846055701,1.0,0.0,
11553.0,1262881.10244197,237956.112487704,4.0,73213.28864153143,11.20113222229196
3365.0,1265377.11121254,245768.318639711,4.0,374410.615383682,12.83310837623834
3374.0,1262150.22301723,234862.35190855,4.0,120906.29416940958,11.702771096202346
3381.0,1271823.35454713,250149.188148201,3.0,19507.303193708216,9.878544197189965
3384.0,1257539.2669805,250190.91544424,4.0,2499900.6225721138,14.731761538077183
3385.0,1256910.70493186,250195.968564242,4.0,2104763.520122956,14.559713676803442
3388.0,1266832.72049402,250591.734836653,4.0,482527.12934100913,13.08679242479401
11581.0,1264296.40900342,256441.293690637,3.0,22300.974433204785,10.012385653049812
11583.0,1260652.70531969,256383.251450583,3.0,127225.20358093946,11.753714051620339
11591.0,1264836.60049197,240973.661226794,3.0,14573256.02323778,16.49469862768909
11592.0,1264410.82084355,246317.003888279,1.0,0.0,
11594.0,1259642.17847066,234195.526499853,3.0,262408.8741171876,12.47765915452438
11595.0,1259620.10109463,234193.646563858,3.0,13532000.396737088,16.420567838201173
3407.0,1266370.43831755,242471.499116331,3.0,61597.89623532166,11.028382996914418
11601.0,1272354.30622767,242303.644780159,3.0,830953.754044916,13.6303294213202
3410.0,1255299.72355421,237783.450087532,4.0,88695.2484271668,11.39296159783424
11603.0,1268906.45688014,252472.022070572,3.0,2077381.5918279896,14.546618808577442
3411.0,1255320.33309023,238526.701224297,4.0,152255.19357696435,11.933313297154307
11602.0,1272365.71537969,242693.377900556,4.0,392260.0878566677,12.879680388191074
11613.0,1267883.5455191,233976.233635634,1.0,0.0,
11618.0,1256910.08547586,257887.959420115,1.0,0.0,
19822.0,1253013.39215986,245331.323759258,3.0,1974443.2924879375,14.49579703936121
11635.0,1262663.17277776,256212.713402405,4.0,460675.01297542127,13.040448112369168
11639.0,1270380.93720165,246195.24395214,3.0,47267.16451651965,10.76357113714614
11646.0,1265767.65604493,232474.23824209,4.0,695299.9532036367,13.452098618783262
3455.0,1253747.08361661,245167.688239098,3.0,44191.23470020166,10.696281738449583
3456.0,1253497.83606437,245171.672495097,3.0,120327.33620673972,11.69797110978785
11651.0,1250071.55682886,245015.538990945,3.0,56718.277337932486,10.945851789410737
11652.0,1250132.64367692,244884.276782811,3.0,44675.67629029173,10.707184477916224
3460.0,1265421.58391657,231531.389729127,4.0,4925476.6754206605,15.409931614792221
3462.0,1268029.66366325,244629.673582539,4.0,80601.2556579623,11.297269507256278
3463.0,1264892.08759603,243133.15166100895,3.0,76187.30906729575,11.24095018013085
3461.0,1265429.61898859,231849.317281455,4.0,1490982.1069039162,14.214945592939733
3465.0,1263749.05969086,251623.746549711,4.0,45100.8028429862,10.716655326728917
3466.0,1263758.84938687,252049.849398136,4.0,40307.858785409895,10.604301736005496
3467.0,1267024.07415822,243932.198637828,4.0,360077.7205685955,12.79407517759962
11661.0,1272924.73131625,242763.789868638,4.0,263338.85389700206,12.48119689972118
3470.0,1251634.22761446,240583.518954396,4.0,40609.02456059619,10.611745600706966
11663.0,1263517.78289063,251626.810165703,4.0,136168.79265927192,11.82165051765699
3471.0,1251649.56323047,241248.360491082,3.0,40342.72875561327,10.605166453137493
11662.0,1272945.14040428,243464.22974135,3.0,71413.50320920482,11.176242251023732
3478.0,1266916.4966221,235251.971876934,1.0,0.0,
11671.0,1265667.07620482,247774.010161757,3.0,53866.11732595655,10.894256938192273
11672.0,1270796.10040207,249506.89451554403,3.0,145855.43185051763,11.890371217321041
11673.0,1270842.41822612,249535.047987565,4.0,172789.45467170168,12.059829107284488
11674.0,1263313.21738641,243250.437165126,4.0,2880337.376122414,14.873417989738199
11676.0,1251863.62153469,238609.324392378,3.0,65254.79710787105,11.086054841377134
3487.0,1263078.30378617,249672.608051702,4.0,1477352.4998089897,14.20576219235441
3488.0,1262823.90340191,249677.684467718,3.0,425829.1118654506,12.961793398915235
11680.0,1264316.20522745,244095.426605999,4.0,419440.53220744064,12.946677036097986
11679.0,1263102.0337702,238194.029991955,1.0,0.0,
3492.0,1265395.47210854,246552.64676851,4.0,282380.7555357948,12.551011636159465
3495.0,1264996.87377214,259595.272253871,4.0,249583.6222376151,12.427549297289387
11690.0,1268048.42212726,232736.149474367,3.0,998300.265916442,13.813809377693751
3501.0,1264348.22289148,246318.266992271,4.0,991730.5952030652,13.80720677196692
3502.0,1264062.04330719,246311.148592263,4.0,297497.4962225693,12.603161087873815
3506.0,1266010.12606117,234962.005924642,4.0,100050.5653999263,11.513430991169589
11701.0,1264873.94161202,248972.297778994,3.0,196253.79721986817,12.187163984348516
11702.0,1264686.66577183,248975.37752299,3.0,163560.6007615667,12.004938847506601
19894.0,1253040.2946879,245336.451695263,1.0,0.0,
11704.0,1267392.1082066,233072.712098703,4.0,274638.35436457675,12.523210436140772
3510.0,1265105.09764425,234804.705060482,3.0,29879.05583690975,10.304913040250515
3509.0,1265101.71940425,234672.166628346,3.0,84289.23122217906,11.342009392320906
3519.0,1259419.31671043,250409.58757245503,3.0,78416.08362859917,11.269784333622429
3520.0,1259430.11690244,251037.119797111,3.0,80768.53606476261,11.299342763532241
11711.0,1268295.02174352,235882.795429587,3.0,31828.948347164096,10.368131480055924
3523.0,1266004.89111717,242307.13950017103,3.0,45504.523735815936,10.725567022762112
11716.0,1261264.32484032,253686.161719814,4.0,584029.5603176468,13.27770687751164
11717.0,1259122.11651812,259343.125821605,1.0,0.0,
3524.0,1266007.75070117,242480.597164348,4.0,177233.54479562445,12.085223603952954
11722.0,1262252.65258533,238794.486120567,3.0,91116.81090845268,11.419897598698808
11723.0,1267672.63979088,245457.675567389,4.0,294195.60940111405,12.59200016318058
3532.0,1271485.67448278,241398.093099236,4.0,66159.82112010395,11.099828625947001
3533.0,1271614.78315492,241394.434347227,3.0,8821.915131675116,9.084994260540977
3563.0,1264150.06609127,247210.736369193,1.0,0.0,
3564.0,1264246.39530738,247413.689009398,3.0,55207.15233747962,10.9188477952027
3565.0,1266073.89790124,249247.424499273,4.0,46308.82958905176,10.743087925759863
11760.0,1265685.54206085,248518.779314533,3.0,10186.937903291822,9.228861580889916
3568.0,1265454.00081261,238340.653032109,4.0,1479816.672800474,14.2074287683384
11770.0,1257762.80099674,241744.89297159,4.0,159143.5054250864,11.977561623992475
11771.0,1257774.34819674,242410.94506827,4.0,204368.46081696145,12.227679824119138
3580.0,1262245.42263332,238530.035560295,3.0,62282.24964063551,11.03943174669306
3581.0,1261915.04528898,238535.540776297,3.0,58764.67441734623,10.981296178133777
11776.0,1262573.45936966,251644.702197731,3.0,397825.301535302,12.893768247037759
11777.0,1263626.97329074,255669.916281849,4.0,500908.2226604176,13.124178174983415
11778.0,1263630.99204274,255933.905914113,4.0,122006.89053810168,11.711832801940973
3587.0,1266819.00075001,241775.055915624,4.0,71009.93034521429,11.170575010260496
3588.0,1266982.13521418,241771.47261962295,7.0,719021.6276251135,13.48564671639698
3584.0,1270058.59102532,245670.446127608,4.0,268873.95315425005,12.50199797313335
3589.0,1269478.13323273,243644.99050954,3.0,108917.92754169067,11.598349919262667
11784.0,1261865.65597694,237082.336358815,4.0,150553.6734705001,11.922074933947634
11793.0,1268015.36350323,244111.198254019,3.0,18200.20297548693,9.80918802550198
11798.0,1263029.58378613,247659.720049649,3.0,144454.92304995414,11.880722786656333
3609.0,1267601.60382281,256094.570938289,4.0,84557.24595239434,11.345184050860402
3610.0,1268261.46372749,256078.652346268,3.0,115715.32468152228,11.658888356282205
11805.0,1272181.8941955,250136.522164181,3.0,8042.580367318932,8.992505251891222
3615.0,1263770.30865088,234391.032356054,3.0,113291.834873752,11.63772237799158
11810.0,1261200.98967226,236425.376358137,3.0,87527.54233501448,11.379708792359189
11813.0,1256120.85053106,244277.56503818897,3.0,50368.52080015405,10.827121671625026
11820.0,1270109.47313738,256156.45957835004,3.0,43272.87998599294,10.675281389497032
3632.0,1260427.48035946,261043.751679346,4.0,46967.96260498118,10.757221001562925
11826.0,1258270.26390925,258549.371836796,4.0,180323.07672824716,12.102505391729231
11827.0,1257713.52387668,258559.691964805,3.0,136435.88332553385,11.82361006402766
11828.0,1268544.74564777,243244.051373124,3.0,21965.998637934037,9.99725102034037
11833.0,1263301.7072424,247937.43204993,4.0,506275.0853235643,13.134835447431687
20026.0,1258663.86282165,234920.253412604,1.0,0.0,
11842.0,1266756.40734194,233391.28758703204,3.0,936899.7298223226,13.750331543565157
11844.0,1256110.08445103,243801.378349692,3.0,272423.7573657904,12.515114064453718
11846.0,1255078.22172998,245140.874031067,4.0,207138.98588072247,12.24114527631512
11847.0,1255084.18428999,245486.691887423,1.0,0.0,
11848.0,1254869.04694577,235089.029284775,3.0,63228.28610833184,11.054507045012857
11849.0,1267077.71575826,246251.151024207,3.0,148986.57712536448,11.911611494462623
11850.0,1264767.28695591,252421.255094528,3.0,23759.48378192486,10.075737046890596
20045.0,1255651.81603457,257940.312316179,1.0,0.0,
20046.0,1266670.46660586,231080.068128675,1.0,0.0,
3662.0,1262780.85360987,248481.005490482,4.0,227974.37399315147,12.336988506852933
3663.0,1262183.75242525,248494.289202496,4.0,197796.6025055901,12.194994521610644
20047.0,1252931.50851178,235912.204453617,3.0,1902267.0214433747,14.458556902056758
20048.0,1254095.01865698,235121.14045280204,3.0,2061584.99601886,14.538985660460504
11858.0,1256496.55907543,250440.53995649505,3.0,224711.51682898492,12.322572711105561
20051.0,1250873.53391768,238092.980007857,3.0,495808.32398899033,13.11394468744792
20050.0,1251069.15036587,237853.74391160897,3.0,564693.6034147607,13.244038568192417
20053.0,1263037.83901814,261816.846912146,1.0,0.0,
20049.0,1253237.79593609,235500.392613202,3.0,1979031.247290762,14.498118013894494
20052.0,1254246.46153714,234957.418980643,1.0,0.0,
11864.0,1251847.78134267,241898.062891752,3.0,4472.563196004093,8.405716945188939
11866.0,1256250.56649919,252550.029174656,3.0,53400.26771683474,10.88557103835959
3675.0,1259764.61751078,255050.756729215,4.0,152350.2075370211,11.933937146651333
3676.0,1259776.5121668,255733.015865907,4.0,101630.01519505844,11.529094195645316
11869.0,1264955.7741241,245775.568943724,4.0,252817.32777171352,12.440422482306614
3681.0,1266994.59319818,242285.041772142,4.0,564420.5284446868,13.243554870455062
3686.0,1272553.31307589,244395.259694308,4.0,129781.09293744472,11.773604409602518
3687.0,1272565.3888519,244807.912750721,4.0,230580.9228097818,12.348357154903066
20079.0,1267242.38897444,240197.628010005,3.0,2124427.429046226,14.56901287887907
3696.0,1256369.4264673,258323.482172564,3.0,168179.68596879617,12.032788246152396
3697.0,1255739.53206666,258336.126524583,1.0,0.0,
3700.0,1262380.40688947,255005.207609162,3.0,195523.85753960087,12.183437684412725
3701.0,1262129.9746972,255008.998329177,4.0,378195.9098921611,12.843167620478955
11897.0,1265955.40369312,256927.149307132,4.0,173532.52048605029,12.064120298764696
3705.0,1267249.32369445,240829.056554645,4.0,448711.8545832103,13.014136211457311
3711.0,1252102.43958293,241907.717419758,4.0,164793.4896558595,12.012448391161769
3712.0,1252118.48092695,242567.521580428,3.0,130145.50835728992,11.776408398550117
3713.0,1270589.45476986,240884.222122714,4.0,863425.3400603948,13.6686627108278
3714.0,1270604.25297788,241423.07076326,4.0,698856.5721370061,13.45720081008577
20104.0,1253150.66812801,249082.625651106,3.0,758027.8943544924,13.538475463887371
20106.0,1253090.62396795,249163.96504318697,6.0,20389189.830300286,16.830515408082974
11914.0,1262458.76996154,243599.718637496,1.0,0.0,
3724.0,1262769.16567385,247948.780785948,4.0,991038.8893921582,13.806509055117491
11922.0,1252646.77545549,242554.58391642605,3.0,828521.2602591026,13.627397776665081
3731.0,1262604.73092169,234053.778403714,4.0,75194.51870947746,11.227833617779734
11924.0,1259249.44432625,255741.182841927,4.0,156043.46229238182,11.957889851867009
11925.0,1259264.27338228,256405.6782666,4.0,101099.44624031642,11.523859927647532
3732.0,1262613.12528969,234416.47158809,3.0,4768.860879165851,8.469862745963688
11927.0,1271213.27966651,248572.108594581,4.0,62422.60422951452,11.04168273602968
11928.0,1271102.56337839,248835.565426856,3.0,36776.8020169848,10.512622545410789
3737.0,1265660.86622082,247526.58904151604,3.0,14582.535173603052,9.587579870666923
3740.0,1268974.33105621,244084.76394999,4.0,77069.78665833235,11.252466610613704
3741.0,1268982.46161622,244370.927406281,3.0,55979.8752316684,10.932747534265038
11934.0,1262127.8804892,245854.396207795,4.0,195144.5706189309,12.181495950643107
11951.0,1258985.94486998,259615.911997885,1.0,0.0,
20144.0,1266724.81194991,239598.672169387,1.0,0.0,
11955.0,1266385.59217356,237669.375527412,3.0,118471.3209071364,11.682426192605027
11957.0,1254795.9965777,244693.286958605,4.0,1736634.428010335,14.367459561363416
11965.0,1262586.22967367,252335.394742429,4.0,1299359.910753881,14.07738232483156
11971.0,1256710.30505966,257782.435644016,3.0,84777.99999999999,11.347791354158918
11972.0,1256381.78371532,257788.959292024,4.0,186136.7984376397,12.134237157836974
11973.0,1260134.84611917,241036.83626686,6.0,2159520.812800262,14.585396909123096
3783.0,1262053.61360912,251653.86098173296,3.0,135752.5825791652,11.818589262139454
3784.0,1262066.23332115,252344.04331845,4.0,308431.9661606522,12.639256566923239
11979.0,1263224.86391433,250332.98078838,3.0,572059.4590847093,13.256998214408357
11981.0,1266073.31518124,231833.070881441,4.0,1682294.793086248,14.3356693675864
11982.0,1263515.22353062,237049.556518778,4.0,423242.03949812776,12.955699491781008
11983.0,1256930.80886789,258984.274493247,1.0,0.0,
11986.0,1266741.41790193,232795.785506427,4.0,589713.7194248297,13.287392476810098
3798.0,1266852.98916604,251579.056373656,4.0,267811.46855538205,12.49803853639835
3804.0,1269575.38692883,247008.427376986,4.0,1088306.0608616555,13.90013297277795
12000.0,1258139.28675711,253061.985463172,4.0,148560.12819059944,11.908745058913933
12001.0,1264457.26333959,247134.517361104,3.0,14084.239975524,9.552811719005387
20193.0,1259821.22570284,239997.443049803,3.0,42389.99999999999,10.654667764346682
20195.0,1266861.32574205,233740.416483387,1.0,0.0,
12005.0,1255952.63075487,257797.481596023,1.0,0.0,
12006.0,1271280.13355458,246704.969648674,3.0,1310833.1370766168,14.086173475527403
12007.0,1268574.1989598,243822.158125713,3.0,46021.25282091726,10.736858586619878
3816.0,1259095.86167009,260025.760574311,3.0,67385.46222203542,11.118184579600012
3817.0,1259283.41866229,260200.55123049,3.0,76944.74407095957,11.250842833762842
12010.0,1262781.81392987,244122.425582021,4.0,139148.30365999864,11.843295576150291
12008.0,1268837.16337608,243811.964269713,1.0,0.0,
20205.0,1252839.53558369,239230.192297012,1.0,0.0,
3821.0,1266370.60791755,237119.932710856,4.0,108950.61750197524,11.598650008112328
3826.0,1263258.35428236,245564.047727495,4.0,229623.57288210536,12.34419660750456
3827.0,1263264.13841036,245831.301103771,4.0,391712.2457680576,12.878282782295335
3831.0,1256198.62627514,248358.584114358,4.0,117771.66345309342,11.67650297332694
3832.0,1256204.80509114,248624.551730633,4.0,285216.5074222206,12.56100384600935
12025.0,1264799.38372394,235695.681637391,4.0,200173.6074662425,12.20694030633486
3837.0,1266111.81412528,233350.091170996,3.0,26808.259044848,10.19646529233853
3847.0,1270747.42597003,246720.610672683,4.0,1434261.5660168328,14.176160686588362
3848.0,1258857.24957386,248832.496562853,4.0,258714.22733183648,12.46347936214641
12044.0,1265100.28599624,245629.161455572,3.0,54954.40436564628,10.91425910886081
12048.0,1253116.81948797,239891.581993699,3.0,169390.9549535161,12.039964665167206
3857.0,1267981.9465432,243182.565613061,4.0,320609.4274396317,12.677978924338577
3858.0,1268250.38891147,243175.971117049,4.0,505410.1171650074,13.133125491870036
3859.0,1267376.43467058,232433.920738056,4.0,692489.4516196625,13.44804828460944
12053.0,1253525.8436164,246541.546096504,3.0,580023.9994180086,13.270824759973454
12054.0,1263225.40388232,243682.828397572,3.0,24441.0953726888,10.104021231130984
12055.0,1270778.86616206,247518.338097498,4.0,139612.87873352808,11.846628719593388
12058.0,1265703.80119686,249256.181427285,4.0,40810.71298349,10.616699899050719
3867.0,1266811.38097399,241470.872491315,1.0,0.0,
3868.0,1257537.5110765,239029.020072803,3.0,839928.3025556114,13.641071813076165
3869.0,1257543.92643651,239452.585513249,1.0,0.0,
12071.0,1265099.74532424,231538.747681141,4.0,4264677.135973024,15.265877035215507
12073.0,1262934.03345002,254062.616312206,3.0,8471.266830106908,9.044435343180757
3891.0,1266883.67876607,252926.621239036,4.0,1303840.0593932504,14.080824360106606
3892.0,1266887.46481408,253191.841207311,4.0,1902497.7959883504,14.458678210235494
12083.0,1267740.79710294,243584.363053471,3.0,73819.91899356506,11.209383879232602
12087.0,1271306.8700026,245507.041583449,1.0,0.0,
12095.0,1258840.60918984,248033.35313803,4.0,1181913.8829910916,13.982645617264446
3906.0,1263863.25732298,233077.160930708,4.0,1012184.0662417084,13.827620995928775
12100.0,1260329.84080736,249598.285363629,4.0,314435.1436645412,12.65853311339376
12101.0,1259671.96419869,249612.812915653,4.0,339832.5660964886,12.736208322640325
12102.0,1260836.6596878802,242909.98609277603,6.0,4463681.488387521,15.31148442933
12104.0,1270374.48868965,244863.841134787,4.0,157722.13626953406,11.968590132596349
12111.0,1262985.82365808,256739.239290938,3.0,29529.163271221987,10.293133639464262
20303.0,1265645.9147968,259110.71257337896,3.0,32745.134664629844,10.396509670168658
20308.0,1267741.93918295,234316.228643984,1.0,0.0,
12118.0,1261629.09968869,247407.806513384,4.0,296256.180933762,12.598979835125263
3927.0,1257360.57475632,255198.714809373,4.0,1037361.9856922335,13.852191496399458
3928.0,1257096.56938004,255203.801401377,4.0,1221368.597024992,14.015482588801211
12121.0,1256760.50966771,250438.294516489,3.0,142150.3764593912,11.864640765400585
12123.0,1267173.89502236,237669.696999416,1.0,0.0,
12126.0,1269049.56254429,255525.509433702,3.0,562116.7801063429,13.239464901073218
12127.0,1269057.6973923,256188.983482376,4.0,964877.896953148,13.779756840660548
20319.0,1267748.75249496,230652.159904227,3.0,35618374.81709853,17.388372209212157
20322.0,1256220.23485115,235217.347300902,3.0,368522.5853479927,12.817257278687222
20326.0,1256479.09488341,235532.579941228,3.0,97492.400327792,11.487529708592062
20327.0,1267031.08100623,231470.320353076,4.0,8393558.201999014,15.942975088895702
20328.0,1267351.21982256,231452.264609054,3.0,8764615.635134926,15.986233223138049
20329.0,1268872.37099211,253118.651063234,4.0,3216482.1643656106,14.983798824773706
12142.0,1257466.56438842,243759.593005657,3.0,215364.8028378276,12.280088626628476
12143.0,1257135.65328409,244182.37655808,3.0,112801.34252726268,11.633383519812705
12146.0,1266826.77137402,250288.79352434,4.0,90158.06260356608,11.40931966005738
20339.0,1266374.56068555,237264.888103008,4.0,32570.217423155125,10.391153573813092
20342.0,1253357.94825622,250286.533044338,1.0,0.0,
12152.0,1266056.11710122,236627.876966357,1.0,0.0,
20345.0,1250541.34562933,241401.899243236,1.0,0.0,
3963.0,1255961.6943709,255109.066361278,4.0,63953.24339683847,11.065907523419693
3964.0,1256001.61424293,255797.858297974,4.0,1268596.1794010038,14.053421476511787
20348.0,1257136.39574809,244264.965358168,1.0,0.0,
20350.0,1266411.63505359,232492.152930111,1.0,0.0,
3967.0,1266935.98769413,256247.178554446,3.0,22945.445819750385,10.04087475657046
3968.0,1266937.48542213,256375.299066573,3.0,26802.52831164857,10.196251502036098
12161.0,1254395.75260928,240530.191658348,3.0,35400.98000173166,10.474494782403417
12162.0,1256853.13091581,239434.478953227,1.0,0.0,
3975.0,1268056.75614327,233055.761698693,3.0,876094.5013155033,13.683229242314138
20362.0,1266141.96727732,238315.904040083,1.0,0.0,
12171.0,1258380.05405337,251715.195189804,4.0,212200.19156343705,12.26528540791108
12172.0,1265714.17585288,237669.417191416,1.0,0.0,
12173.0,1265682.91146885,237889.314343646,3.0,1532422.2176467543,14.242360190298381
12174.0,1265335.01028448,244079.272813976,3.0,48980.96634420898,10.799187059674725
12175.0,1266054.97566122,246273.636848226,3.0,1685077.9071313343,14.337322356386014
3984.0,1260893.95056795,251673.789429754,3.0,19155.64823301538,9.860352898014261
3985.0,1260757.0502798,251674.54366976,3.0,24261.370422570097,10.096640669879108
3983.0,1251884.49155071,239250.862505034,4.0,67394.89253188521,11.11832451557039
12182.0,1258688.72726968,260468.464766756,3.0,1111011.583382659,13.920781494654417
3991.0,1259827.16138284,240359.33469817,4.0,673730.6168665077,13.420585631762206
3992.0,1259838.65674286,241042.380266875,4.0,687784.1953463923,13.441230398156234
12183.0,1269174.00260842,246719.26750467703,3.0,217003.063203188,12.287666748566688
20380.0,1267448.42436665,250244.86514028895,3.0,64930.91709529949,11.081079169772098
3997.0,1258967.48227796,255060.877113223,4.0,308192.9341452431,12.638481275405614
3998.0,1258979.30282198,255745.372473925,3.0,91574.9975986663,11.424913561424425
3999.0,1265219.35530837,250297.12357235,4.0,223951.07547738665,12.319182893934192
4000.0,1265234.06526038,250946.718709007,4.0,238297.6787475646,12.381275922156322
4003.0,1260028.77482305,255047.563193217,4.0,179852.07600350762,12.099889992029114
4004.0,1260040.75479107,255728.920441911,4.0,190676.0292952588,12.158331085183642
12199.0,1266018.68311718,235271.951140955,4.0,46439.25756638287,10.745900448741375
12208.0,1253341.72355221,238562.482984334,3.0,31880.52285471125,10.369750533482058
20401.0,1255784.4808027,247803.711217791,3.0,803626.2803069678,13.5968896146074
12209.0,1270760.76907404,247248.483313233,4.0,445902.3027966172,13.00785515498128
12213.0,1264153.13764328,232340.952097967,4.0,3351237.5751610016,15.024840261001675
4024.0,1266636.49713382,257571.596859798,4.0,262896.2946416621,12.479514916444675
12222.0,1261641.1767447,247973.949745968,4.0,853509.9316934429,13.657112457579442
4031.0,1252366.6808632,241901.223979756,4.0,251660.0376926901,12.435834398922195
12223.0,1267348.20702255,244694.39723061,4.0,357086.75514303066,12.785734042844366
4034.0,1265690.95870085,248753.019378766,4.0,379588.1238958971,12.846842059390504
4039.0,1259609.24675862,246570.123440534,3.0,947.0746029622186,6.853377868290439
4040.0,1259611.04631062,246654.399536625,3.0,51394.800389084085,10.847292286580819
12232.0,1263188.99127428,232365.496353984,3.0,2569397.580191073,14.759182024799438
12237.0,1265439.0251326,232185.229665801,4.0,593729.5818091531,13.294179245207737
12238.0,1260993.17642404,233887.943459541,1.0,0.0,
12239.0,1260761.4363918,233708.770915359,4.0,123591.54725052913,11.724737433726462
4048.0,1263973.96375509,242347.973420203,4.0,2261088.4297950766,14.631356861417487
20433.0,1256146.49552308,237168.462438896,1.0,0.0,
12242.0,1251023.03791784,239524.443945318,3.0,11303.860183037148,9.332899555483653
4053.0,1268401.70327963,234899.736356586,3.0,75908.33794896473,11.23728181175023
4054.0,1268693.44254392,234894.070692569,3.0,77056.62140747995,11.252295773557943
12247.0,1264304.01297143,256969.221435174,4.0,153121.26768055875,11.938985485653024
4061.0,1265346.6821565,244538.594734445,3.0,46971.94579443296,10.757305804486881
4062.0,1265609.03562877,244532.691502452,4.0,400456.4963575986,12.900360416263766
4066.0,1266025.6151492,251614.702901691,3.0,52298.98479493335,10.864732238677872
20450.0,1250178.25545296,241287.133035123,3.0,84777.99999999997,11.347791354158918
20451.0,1249928.91868471,241495.435115337,1.0,0.0,
4069.0,1266793.63268597,249229.398323253,4.0,45771.45771563674,10.731415981854461
4072.0,1252088.10102293,241239.956971079,3.0,221034.48532466264,12.306074010519616
20458.0,1250245.23862104,238426.531176195,3.0,124747.85104552968,11.734049787377456
12268.0,1261831.95920891,253011.188983127,4.0,345365.36083221406,12.75235815255565
20462.0,1250254.49647704,241285.113387123,3.0,228435.9926586008,12.339011330419543
20464.0,1256884.42774783,234063.527715728,1.0,0.0,
12273.0,1264436.72823557,248979.487091005,3.0,90964.16156895131,11.41822087901539
20465.0,1272916.31730025,242476.555500343,3.0,18146221.973073047,16.713972941254166
4083.0,1263778.8962349,230243.290591806,4.0,5545277.248645908,15.528457177272458
4084.0,1263624.37949874,230248.396575823,3.0,108029.795561827,11.590162352888866
20466.0,1273836.12971719,242682.335276544,4.0,47933493.80695556,17.68532506242776
12272.0,1272883.44466022,250994.335093066,3.0,419921.33171432937,12.947822667273623
12284.0,1261515.97527258,236419.006630138,4.0,211124.13914286703,12.260201576625729
12285.0,1265996.25694117,250627.90994069,1.0,0.0,
12286.0,1266297.00471747,258240.487932488,4.0,456967.24144175526,13.032366985560376
4094.0,1265619.69700478,244962.885230884,4.0,340352.6497648057,12.737737564257296
4095.0,1265879.90878105,244957.038766876,3.0,22341.172106796967,10.014186537979043
12289.0,1261820.05405688,239728.03344953095,3.0,121681.68129494449,11.709163744186043
12290.0,1262501.32298559,258329.889660567,1.0,0.0,
12288.0,1262131.52944921,239722.895977512,3.0,183466.27587167968,12.119786146871007
12293.0,1265464.00407661,249266.121651292,3.0,28904.96257352894,10.271768574706153
12294.0,1264522.64509965,237699.277351454,4.0,380848.6895609308,12.850157434967736
12297.0,1263157.99063426,231196.291360795,1.0,0.0,
12299.0,1267929.63070314,251222.15122129,3.0,320011.31848252274,12.67611164440828
4108.0,1253808.77347268,236480.177446201,3.0,123843.96967893072,11.726777743210732
4124.0,1263024.43479413,259149.532349408,3.0,57192.474503934,10.954177604095968
4125.0,1262693.88100179,259158.010365427,3.0,17007.999410311517,9.741439065910487
4126.0,1256576.42544352,236494.65802221,4.0,103117.9656081604,11.543628909025914
4127.0,1255920.72496285,236506.309606224,3.0,49310.03590141224,10.805882907293595
12316.0,1265445.5716926,232482.74384211,4.0,726648.1909134488,13.496197720425467
4129.0,1269754.68644901,245936.570927888,4.0,235094.7002492943,12.367743691735981
4130.0,1270064.73438533,245930.472495869,4.0,423817.9381002375,12.957059250726239
12324.0,1257261.31574821,237326.879463062,3.0,72139.89625514741,11.18636251635208
4133.0,1272097.78315541,247208.61400118505,3.0,33091.09364969435,10.407019451130882
4134.0,1272763.43832409,247188.971313164,4.0,174830.09170663435,12.071569876739028
4136.0,1264998.80753215,251601.234485686,4.0,223435.0164442477,12.316875896594134
4137.0,1265008.56900415,252029.051190123,4.0,302133.9077902056,12.618625601361648
4138.0,1255559.32899448,250969.098933041,4.0,194513.2681599601,12.1782556564747
12331.0,1261884.20189695,241700.808363542,3.0,82068.86299487224,11.315313966438259
12330.0,1255275.22230619,236932.922918662,3.0,2846.504301411087,7.953846959512807
12333.0,1257288.40925224,250433.802420482,3.0,47069.10837849438,10.759372191757617
20526.0,1263171.44074628,241815.810475662,1.0,0.0,
12336.0,1258690.12522168,254380.081272528,4.0,406565.6356848256,12.915500660335193
4147.0,1261652.91594471,248505.843634516,4.0,187237.3428991778,12.140132304430907
4148.0,1264332.52471545,258950.084285215,4.0,455060.3800860541,13.028185392614592
4149.0,1264004.83773912,258958.37919721,4.0,301908.7865671875,12.61788021950191
20534.0,1260131.45373516,233791.756963447,3.0,145722.19455875663,11.889457311115855
12339.0,1264465.72330759,231967.151329577,4.0,1271175.3572982822,14.055452508631504
12346.0,1262805.3148579,249278.8683393,3.0,29608.3459727774,10.29581155910909
20538.0,1260164.33687119,233762.301283419,1.0,0.0,
4154.0,1265147.52279629,233432.046371073,3.0,109685.3972471692,11.60537152206239
4159.0,1257825.9908208,244408.47851032004,3.0,71432.9513638652,11.17651454556319
4160.0,1257450.03094842,244415.207470328,4.0,94528.51608036678,11.456656825426407
4164.0,1256594.33283554,244423.967662334,4.0,108937.69717953225,11.598531412285132
4165.0,1256284.11497922,244435.637550339,4.0,32461.301508676755,10.387803936034231
12356.0,1265749.43754891,251620.832501709,3.0,18566.811134105566,9.829130918228065
12357.0,1262414.0767775,233742.6881634,3.0,21154.54678719684,9.959610139487994
4170.0,1255197.7349461,244076.274797976,4.0,78710.81793412924,11.273535882825982
4171.0,1255328.69264224,244673.573422596,4.0,4797.469200308517,8.475843807915133
20559.0,1249886.57103667,241294.709483132,1.0,0.0,
4175.0,1265107.77975625,231857.469153464,4.0,1814334.7308819792,14.411229419030116
12369.0,1267883.8368471,237441.997991189,3.0,66516.69132200965,11.10520819247284
20562.0,1253016.91811188,235496.062629193,1.0,0.0,
4176.0,1265116.29514827,232148.584737763,4.0,244057.6693579571,12.405159826176812
4182.0,1252706.63164756,237247.227430984,6.0,285254.01015050214,12.561135325997116
4185.0,1264926.90513207,254822.374008983,4.0,143064.78925464675,11.871052878346864
4186.0,1264931.85815607,255086.335417256,4.0,371794.5096910864,12.826096587326363
12379.0,1253604.47728047,249769.92318780703,5.0,6880138.309730228,15.744149312865924
12377.0,1266813.786158,241566.890987411,1.0,0.0,
12382.0,1261730.72548079,245863.148463801,3.0,4411.960911112751,8.392074520658886
4192.0,1266035.6604612,245493.708591431,4.0,233751.88395646669,12.362015506825264
4193.0,1267246.01367845,236485.912678212,4.0,149606.12893042612,11.915761312469588
4194.0,1267390.80107059,236482.761382207,1.0,0.0,
12385.0,1273383.39704473,242664.32350052905,3.0,354799.4568756524,12.779307998626233
4207.0,1255247.74563415,235873.693733573,4.0,41352.15161562391,10.629879733333265
4209.0,1272584.87569991,245471.249967411,4.0,46863.85518460006,10.755001978942394
4210.0,1272604.24440393,246135.64990408704,3.0,43241.40807202902,10.674553835330924
4213.0,1273431.94782878,247169.187889144,3.0,177725.74190076417,12.087996865220054
4214.0,1267739.48510295,252643.89675875,4.0,317558.0534527473,12.668415926121142
4215.0,1268090.54411131,252635.823926747,3.0,78354.31186916275,11.268996279698891
12408.0,1260603.86423165,261039.393407345,1.0,0.0,
12409.0,1258872.60880587,249630.941491663,4.0,329550.86238321423,12.705485983328343
4218.0,1253371.64899224,251303.642229378,3.0,84778.0,11.347791354158918
4217.0,1253361.61788823,251070.049525142,1.0,0.0,
20599.0,1261739.74314481,233586.552291229,1.0,0.0,
12410.0,1267102.37515029,235247.956452936,3.0,1222169.2364103564,14.016137900458808
12418.0,1254454.57660934,254067.757112205,1.0,0.0,
4229.0,1265211.48887636,238872.848168656,3.0,20641.34898748703,9.935051575380646
12428.0,1273424.56005277,250091.975028142,3.0,432572.4984029791,12.977505217671611
12429.0,1262962.53335406,255388.06380155697,3.0,113841.639601883,11.642563635346972
4239.0,1270627.98065791,242279.767852142,4.0,404745.35551761865,12.911013396533015
4240.0,1270921.75697821,242271.190764129,4.0,406705.3270388334,12.915844190011732
4246.0,1263538.19985065,237935.115111694,4.0,208384.9506762803,12.24714237260833
4247.0,1263548.44068266,238374.876072139,4.0,418349.8080974638,12.944073223010752
4248.0,1259729.65207075,245374.206575304,3.0,24104.73295284565,10.090163488282013
4249.0,1262659.25904974,256480.566586673,4.0,296489.8381061029,12.599768224003258
4250.0,1262668.23312975,257008.936571226,4.0,232272.62838552837,12.355667083084029
12442.0,1267159.83467035,249480.255731508,4.0,94526.63820915416,11.456636959570648
4253.0,1258833.61808583,258808.97990106,4.0,695004.0110827317,13.451672895872335
4254.0,1254455.02281734,243168.188653052,4.0,445358.6040630025,13.0066350884511
4256.0,1252602.14038345,240564.599402383,4.0,224738.3503278352,12.322692117076473
4257.0,1252608.56751946,240883.463210702,4.0,203723.28137802336,12.22451788816326
4261.0,1257310.91050027,252392.752886489,4.0,89910.69259899922,11.406572152196832
4262.0,1257322.74902828,253058.263351172,4.0,203422.61136233617,12.223040923391144
12455.0,1269261.28452851,241711.012139559,4.0,42289.42935485359,10.65229243675652
12454.0,1267133.05259033,235557.634341255,4.0,1187247.86467335,13.9871484678613
12457.0,1257137.77827609,244418.897134334,3.0,42445.80829512599,10.655983442343933
12459.0,1267005.51281419,242745.350892618,3.0,626332.605823077,13.347636828188357
12460.0,1267313.12964651,242738.213164613,4.0,1317018.5072669475,14.090881033221175
12461.0,1261371.84004043,258366.247484609,4.0,1387224.3026386967,14.142815404058167
12462.0,1255970.1001949,238190.789159954,3.0,229961.1634328849,12.345665719008151
12463.0,1262118.33098519,232940.699298576,4.0,1904806.569206628,14.459891022913348
4282.0,1267769.37022299,244615.477422535,4.0,75184.73115293354,11.2277034461428
4283.0,1257505.59581247,239714.55908151,1.0,0.0,
4284.0,1257334.95050029,239718.780841514,3.0,47743.51283494077,10.773598479819618
20668.0,1268833.90584007,232911.839778543,3.0,8902472.204014402,16.001839571861787
20667.0,1268778.87115201,232886.319138512,3.0,6913.244973725234,8.841194411991093
4287.0,1258827.75197382,247449.261809438,4.0,371264.7085994703,12.824670587437382
4288.0,1258834.13187782,247752.246065736,4.0,264666.7217652371,12.486226659742139
4289.0,1263867.08177099,249656.183859691,4.0,249773.1512968937,12.428308390100076
4290.0,1263880.17066699,250321.199924365,3.0,38717.84347913627,10.564055844569234
20673.0,1268752.55063999,232945.16745857903,3.0,6086790.617169323,15.62163150852223
20671.0,1268970.14699221,232497.751330122,3.0,8938662.209572231,16.005896494964922
12485.0,1261981.55895305,241612.88695545503,3.0,2263.6920461405903,7.7247524080485315
20670.0,1268997.75128023,232398.96643401697,3.0,11671494.604841724,16.272660068456492
20675.0,1254450.04713733,234740.825252414,4.0,127163.99999999996,11.753232870962837
12488.0,1263684.7740588,259468.386685744,3.0,6428097.038381512,15.676189101926825
12489.0,1263922.14397904,240348.925610155,4.0,450023.7314071442,13.017055596816304
20674.0,1255081.60099399,234547.625508219,1.0,0.0,
20680.0,1254461.85251336,234686.311268359,1.0,0.0,
20684.0,1253979.90832086,234823.637732506,1.0,0.0,
4301.0,1261819.36637689,233122.180514753,3.0,636455.761874028,13.363670192402433
4302.0,1261780.02948084,233589.45091523204,6.0,1241788.6052614036,14.03206332188549
4303.0,1253514.03094438,245956.713583902,3.0,415851.9675900138,12.938084628775393
4304.0,1258127.51907711,252378.591158479,4.0,46511.88533280551,10.747463157470659
4305.0,1257863.58160484,252383.337526485,4.0,50539.02022990757,10.830500994721579
12498.0,1255074.01795398,234843.659684524,1.0,0.0,
4298.0,1262919.17911401,233730.451299384,4.0,162320.99134356514,11.997331081821887
4306.0,1270909.5962102,241840.369771689,4.0,635102.0140984291,13.36154091709517
4307.0,1271203.2596985,241832.081451684,4.0,712092.6996787748,13.475963378097381
20697.0,1263783.8804909,230450.718688026,3.0,5683864.304617151,15.553141894694093
12506.0,1261742.57648881,239368.397033155,3.0,16411.74962461205,9.705752797816416
12510.0,1258831.97174983,259895.206398174,1.0,0.0,
4319.0,1262352.00669743,253671.373367801,4.0,827567.1661354232,13.626245550474703
4320.0,1262366.05623345,254339.242744491,4.0,2250055.18984908,14.62646530270159
12511.0,1256578.68784352,255786.69720996905,3.0,208138.28476164225,12.245957968366323
12512.0,1266706.84279789,245739.208431676,4.0,289785.09676519746,12.576894881615365
4323.0,1258943.96106194,253711.185591847,4.0,147782.12912996297,11.903494367668566
4324.0,1258678.56886967,253713.374903843,3.0,140281.669506474,11.85140760542705
4325.0,1258573.47261356,257169.544187382,4.0,313161.04619095195,12.65447286177164
4326.0,1258312.00688529,257089.741819307,4.0,291258.5077294485,12.581966494523646
4327.0,1263969.61898708,250319.59134836504,3.0,18837.183513471653,9.843588041916197
4328.0,1263984.3433391,250969.441781029,4.0,49395.0920501446,10.807606347028708
4329.0,1268910.38891214,255001.978297159,3.0,1584501.9587573423,14.275780694311365
4330.0,1268914.44369616,255265.76652143904,3.0,1597486.2291567368,14.283941844950498
4331.0,1253110.59113596,236861.272166595,3.0,986616.570337974,13.802036763037018
4336.0,1270309.37726559,241857.162091702,4.0,492145.66662176006,13.106530022023694
12529.0,1253681.20054455,251332.488629401,3.0,339022.0,12.733820281012047
4337.0,1270616.0187379,241848.987563699,4.0,573100.0753058636,13.258815631940735
4339.0,1266329.03550151,242300.672684163,3.0,246240.8438522808,12.414065376017293
4344.0,1263845.83050697,237043.142182782,5.0,583445.0702055723,13.276705587812273
12539.0,1256537.85168348,242018.598763868,3.0,84690.77878989013,11.346762005644885
12540.0,1256488.05974743,242113.849899963,3.0,1820935.028202384,14.414860678887278
20736.0,1254142.08380902,244939.322222859,1.0,0.0,
20739.0,1266166.95678134,242468.232684329,1.0,0.0,
20740.0,1254136.10384102,244680.83883059,1.0,0.0,
12549.0,1257167.67587613,257318.317819536,1.0,0.0,
12548.0,1252808.68783966,236344.696102053,3.0,36019.91936253304,10.491827380041517
12551.0,1270046.28593731,245140.602671072,4.0,119102.25811195766,11.68773771496179
4367.0,1267717.21975893,233366.760099009,4.0,981306.6026699072,13.79664023066467
12560.0,1255902.57245083,235866.274149567,4.0,190496.9182395012,12.157391296197574
4368.0,1268064.50673528,233357.848035008,4.0,4748852.361357081,15.373413538683526
12562.0,1253980.21212886,237580.275623322,3.0,101632.68713700278,11.529120486173914
12563.0,1264258.63607538,252041.631542131,4.0,587389.0257418663,13.283442614803773
4373.0,1271494.1232508,249320.449011341,4.0,94352.33449593488,11.454791293425782
4374.0,1272156.63672347,249296.823411331,4.0,96198.0608350095,11.474164478810396
4375.0,1269581.76683283,247272.126001254,4.0,1407726.298699968,14.157486406676052
20760.0,1268133.93707135,236308.626278028,3.0,52400.84474251036,10.866677991219465
4376.0,1270097.50468937,247261.723761246,4.0,883543.0804224178,13.691695330642428
20762.0,1259595.45840661,245928.391471878,3.0,424.5893646009452,6.051122500912455
12570.0,1264811.61924395,236138.253541842,4.0,199890.4370730089,12.205524680789958
20759.0,1274275.17413364,242343.350444198,1.0,0.0,
4382.0,1256747.01136369,242193.483244047,3.0,1890640.4588469963,14.452426196748144
4384.0,1255539.62205045,249922.351027966,4.0,2757885.8670100598,14.829974953959184
12577.0,1265008.74385215,241808.75601165,3.0,39632.10803557096,10.587394877693606
12578.0,1265020.74385217,242329.530860186,3.0,925.1912697360513,6.83000049422981
4387.0,1264498.84164363,251610.471989691,4.0,54456.64316927807,10.905160125864528
4388.0,1264248.86673138,251615.101877704,4.0,505120.3170724919,13.132551931508782
4386.0,1266635.43742181,235878.889253587,4.0,319833.13565041195,12.675554687680544
4390.0,1270078.75697735,244054.707245961,4.0,181760.79590113432,12.11044679336281
4389.0,1269784.48235305,244062.766573966,3.0,63613.76162778356,11.060585103717253
4392.0,1265634.8692288,258256.258876503,4.0,199686.65041449288,12.20450466896963
4393.0,1265965.93418913,258248.373052493,4.0,348350.3531087885,12.760964014118692
12587.0,1251308.40771012,248804.377842814,1.0,0.0,
12590.0,1270066.34494533,243628.936109513,4.0,198803.50993860187,12.200072228675522
12591.0,1263954.89655507,240025.98826582695,3.0,1245853.1926658007,14.03533114848723
12595.0,1264246.73911537,253771.580535904,4.0,151949.17080279108,11.931301341290174
4404.0,1266162.86327733,234338.44349201,3.0,348817.9553116005,12.762305447076223
4403.0,1265839.69169301,234345.619364008,3.0,290147.973974316,12.578146326910646
12600.0,1260944.27690399,247989.089777991,4.0,858666.8218610634,13.66313625827707
4411.0,1256871.34774782,248344.100530341,4.0,167235.81172633,12.0271601416645
12603.0,1260270.2995593,253700.369015828,4.0,833195.6753734801,13.633023797973198
12604.0,1264288.83287542,255915.348218098,3.0,126779.22144105312,11.750202438795899
20803.0,1272454.72369978,250671.477428734,3.0,38914.57024462569,10.569124015894907
4424.0,1266618.32689381,235258.695972949,4.0,69948.46420601154,11.15551402425591
12617.0,1263799.84631492,231094.590752691,4.0,746577.586114823,13.523254823735282
12618.0,1265819.46270098,259170.848573431,3.0,14854.44582688843,9.606054481706963
4425.0,1266729.19313392,235256.246820942,1.0,0.0,
4427.0,1271481.78174677,241258.751211092,3.0,103122.1532718998,11.543669518619843
12621.0,1264866.29988401,248549.677874565,3.0,412554.9620795348,12.930124717285958
12622.0,1262012.20752908,258351.268860593,1.0,0.0,
20814.0,1263957.11441107,241669.137835518,1.0,0.0,
20817.0,1274378.93406975,242140.103083998,1.0,0.0,
12626.0,1268246.78263947,255021.270585179,4.0,371374.4758673196,12.824966201433908
20825.0,1266818.41643001,242085.079915941,1.0,0.0,
12638.0,1268010.22276722,243919.335469812,3.0,15076.628268324905,9.620901026928431
4457.0,1265451.92900461,237598.087911338,4.0,915724.692575112,13.727471044523574
4458.0,1265453.96804461,237835.554279581,4.0,1725727.445425403,14.36115922704697
12653.0,1257635.7953646,255193.411961362,3.0,459462.531703406,13.037812676002499
12654.0,1254428.25155331,245154.864175081,1.0,0.0,
12657.0,1264050.54461917,245647.366447583,3.0,60985.671718813785,11.018394225708994
4467.0,1259177.50122218,251701.581045792,3.0,56352.015566535774,10.939373287533398
4468.0,1259180.27779819,251861.526581943,3.0,18963.792887350985,9.850286802603533
20851.0,1254983.07657789,258176.413564414,1.0,0.0,
12660.0,1261750.82973681,261364.816319674,3.0,138863.68837245795,11.84124807176106
4471.0,1254586.11344148,252308.943350405,4.0,75419.43795385923,11.230820318568448
4472.0,1254590.38544148,252568.997622669,4.0,103257.11347000864,11.54497740404339
20856.0,1267234.64555043,241731.730219573,3.0,1020.9649393231064,6.928503478028631
20858.0,1267446.91185465,241564.36637941,4.0,909647.714416865,13.720812676525592
20859.0,1267450.48369466,241717.953387558,3.0,10437.460398355652,9.253156574982395
4476.0,1262177.58122525,249026.469619051,4.0,264529.4439065381,12.485707843202324
4477.0,1262166.23543324,249292.885043323,4.0,87927.07479104363,11.384263054346043
12670.0,1255621.15958653,255805.236537993,4.0,1624048.1033028532,14.300432419525468
12671.0,1255624.56675455,256741.660218954,3.0,175843.53293252978,12.077349861181117
20863.0,1252109.12399894,246388.691760346,3.0,4888364.758863895,15.40236840038488
20864.0,1251809.01564664,246494.809648454,3.0,2712686.82154328,14.813450148760797
20865.0,1251705.22748654,246514.372912467,3.0,2635180.133131123,14.784462099340635
20861.0,1250625.94191742,244695.416878611,4.0,1756008.5593394854,14.378553927504434
20868.0,1246041.59804073,245373.215087309,1.0,0.0,
20862.0,1250953.65775776,242990.74378886804,3.0,1567785.978548922,14.265174977304065
20870.0,1259825.55082284,257037.506747246,3.0,280848.6748876785,12.545571279728613
20869.0,1251078.61455789,242712.950700581,3.0,1528005.1669755168,14.239473630231364
12680.0,1255415.30467433,258474.560252726,4.0,3712820.660602591,15.127302431589428
20871.0,1251838.25935866,242716.495980591,1.0,0.0,
4491.0,1264712.21885985,240332.334122136,4.0,423709.733980196,12.956803910106236
4494.0,1271854.23870715,244004.049197897,4.0,60842.582660958855,11.016045195520885
20879.0,1252109.61347094,246502.951024458,3.0,5593456.123430506,15.537107923031778
20880.0,1251964.9825588,246667.67211262896,3.0,635458.0,13.362101277734471
4497.0,1256819.44067577,241094.339434922,4.0,130174.41683365214,11.776630498156669
4496.0,1256806.06832375,240428.31095424303,3.0,531424.2049188399,13.18331586060969
12692.0,1255691.85501061,257536.147771761,1.0,0.0,
20886.0,1259357.29911037,234823.206628501,1.0,0.0,
20889.0,1257367.46320432,234988.729636669,1.0,0.0,
4506.0,1263889.75786701,234024.177443683,4.0,293053.04681619094,12.588108918766382
4507.0,1263899.93309902,234387.803684056,3.0,152519.93009411008,11.935050555632227
4508.0,1266309.95447749,234955.378340632,4.0,142803.44239090933,11.869224434975983
12701.0,1264268.4683954,254835.307064995,4.0,83887.65699206399,11.337233765924305
4511.0,1260016.73053505,254366.18789652,4.0,295687.6493200958,12.597058937366302
4512.0,1261681.77706474,258024.047740266,4.0,2352688.9295422486,14.671069457330589
4513.0,1261687.17303275,258360.81113261,4.0,744239.6097768969,13.520118318118021
4514.0,1251210.81571002,237959.942823708,4.0,121795.88169097203,11.710101821625308
4515.0,1250971.93954977,238246.143400013,4.0,69564.65111601973,11.150011831040512
12705.0,1273356.0585487,250094.395956144,3.0,178973.97281856628,12.094995671002582
12709.0,1267662.43537487,232745.999522373,3.0,16246.27550230336,9.695618961629327
12711.0,1272275.9464836,243943.083117843,4.0,121656.04730070944,11.70895305762726
12714.0,1266946.75147013,257167.68293938003,3.0,26015.755293515853,10.166457606303757
12716.0,1251749.99542257,241751.278123602,3.0,4506.27486068689,8.413226117952718
4529.0,1271497.4284028,241823.803883672,4.0,59457.593175943024,10.993018617696219
12723.0,1253476.80169635,237233.903910965,3.0,40435.67928508959,10.607467824822216
20916.0,1255353.99216227,247502.815473482,4.0,9874701.513838531,16.1054866418479
20917.0,1255379.7919703,247411.666033387,4.0,7358824.013000991,15.811410697096484
4534.0,1260990.57834403,250116.136692166,4.0,1529887.923931342,14.240705038353079
4535.0,1260340.57571937,250131.267892182,4.0,2375496.83871483,14.680717168820953
20920.0,1263576.66372268,248448.329970449,1.0,0.0,
20918.0,1254835.71107374,247360.079217345,3.0,7549.21254714501,8.929198538412226
12731.0,1270147.03838542,248390.575858399,4.0,190407.3897397282,12.156921212244486
12732.0,1273132.03403647,246120.704048067,3.0,32243.24433040246,10.381063822153255
20925.0,1257508.26147647,247674.117297664,3.0,242172.0212968216,12.397403584422603
20926.0,1256845.89174779,247619.082673609,3.0,314370.91325653536,12.658328820170048
20927.0,1252131.09276697,247564.996465549,3.0,254283.99999999997,12.446207031617197
12736.0,1253347.59459221,249476.170163512,1.0,0.0,
12737.0,1263252.89597836,251632.563125715,4.0,664240.7948404743,13.40640000555159
20929.0,1252201.13923104,247564.640817553,3.0,84771.99999999997,11.347720578576464
20930.0,1252314.15996715,247561.863281548,1.0,0.0,
12733.0,1250153.56751694,247882.775665879,3.0,84777.99999999999,11.347791354158918
12734.0,1250158.67970894,248230.818610236,1.0,0.0,
20928.0,1264344.16023546,242044.868395895,3.0,43667.97796689211,10.684370342840449
20936.0,1257075.20458002,247596.252337575,1.0,0.0,
20937.0,1257080.31709203,247600.244401589,3.0,56366.40043205205,10.93962852294399
20938.0,1255386.0363863,247420.647665396,1.0,0.0,
4554.0,1262971.87229806,244118.638830021,4.0,53537.903875738746,10.888145165686696
4555.0,1262972.42410606,244246.971950158,3.0,57099.7964536364,10.952555830902833
12744.0,1254086.94550496,241854.762795702,4.0,273908.2109746933,12.520548332803639
20942.0,1257472.13949244,247508.91947349897,3.0,333754.8403709516,12.718161991575554
4558.0,1261534.9971606,239071.586600855,3.0,28050.073259721947,10.241746522702226
12752.0,1263053.25265016,244117.354414016,4.0,152070.14462713787,11.932097171190394
12753.0,1266623.77540581,256911.107387125,4.0,259833.86921088563,12.467797741199286
4557.0,1261603.53476067,239070.401896849,4.0,13340.080687364754,9.498528367979414
20947.0,1263275.14461838,239625.051049426,3.0,250171.0197897747,12.429900042127988
20948.0,1263247.57181835,238695.41610446604,3.0,255315.44399840845,12.450255094930696
20949.0,1263265.80113037,239005.094952777,3.0,157574.1959751022,11.967651711878064
12758.0,1256554.32669149,254401.272184551,4.0,3482384.7845747937,15.063227899975322
4567.0,1263056.55748215,261412.529471725,3.0,169542.0,12.040855962718982
4568.0,1262851.61034594,261417.644607738,1.0,0.0,
20950.0,1263253.21386635,240180.336041987,5.0,1048795.617629905,13.863153032961709
12762.0,1264322.99191545,258287.085884526,4.0,264479.18496692687,12.485517831406602
20952.0,1263264.03345037,239793.453929588,3.0,462257.0863847648,13.043876479331464
20956.0,1263226.13060233,240067.315241873,3.0,502069.23444558383,13.12649330638644
4569.0,1266654.14935784,241778.676971629,4.0,131557.78016589832,11.78720142699173
20953.0,1263244.93636234,239802.134377599,1.0,0.0,
20954.0,1263267.50583437,239705.259241506,3.0,620264.2021456296,13.33790079874556
20955.0,1263272.31127438,239315.85879311,3.0,120865.45046922503,11.702433226277686
20961.0,1260079.55325511,236441.783782154,3.0,63874.44379535262,11.064674619763242
20962.0,1259179.48023018,237453.418599188,1.0,0.0,
20957.0,1263216.74282631,238276.59114404,3.0,380951.6524406482,12.85042774957556
4582.0,1269203.39294446,243652.645677537,4.0,109198.48443276668,11.600922463375811
20967.0,1257467.71037243,247220.543089196,1.0,0.0,
4584.0,1262239.87306532,238357.722216114,3.0,128389.8928444318,11.762826950974857
4583.0,1262225.5896093,237957.181351706,4.0,103593.91222882012,11.548233844810873
12778.0,1266395.22468558,231824.933153436,3.0,60800.642692856665,11.015355638504586
12784.0,1261635.0196247,247691.011633679,4.0,179065.56893718947,12.095507324660568
4594.0,1254816.98403372,246076.39249602,3.0,84777.99999999997,11.347791354158918
4595.0,1254667.06864156,246184.73707214,3.0,169541.99999999994,12.04085596271898
4598.0,1264017.34852314,244100.246830001,4.0,146839.08680363695,11.897092618602308
4599.0,1263752.12925887,244104.853422001,4.0,134515.6004875399,11.809435460052798
12792.0,1262740.16048983,246585.245168552,4.0,473511.03966825496,13.067930506369752
12800.0,1265648.49911681,247031.82596901097,3.0,94780.01428541992,11.459313846243449
4611.0,1263657.03594677,257644.358203873,4.0,119090.42285413566,11.687638339466424
4613.0,1261008.15671206,257538.307899758,4.0,172958.59559781072,12.060807513030927
12806.0,1260223.17731926,245629.725743562,4.0,151146.1626010551,11.926002611867164
12805.0,1260215.42800725,245363.67051129,4.0,57344.593241148286,10.956833841585713
20998.0,1262852.93418595,231800.643489406,3.0,489992.4553726823,13.102145272769663
20999.0,1262862.88855396,231920.651745528,3.0,84778.0,11.347791354158918
21001.0,1262863.43088995,231936.899745554,1.0,0.0,
12807.0,1265182.62212433,237687.178919435,4.0,704661.222416321,13.465472430720496
21004.0,1262851.72093794,231934.562849551,1.0,0.0,
4620.0,1263195.3675303,232670.009186298,4.0,234595.1661650204,12.365616610407054
4621.0,1263196.92989829,232772.858402401,3.0,187179.34291530825,12.13982248926224
12809.0,1264814.91453995,233052.627554685,4.0,1046139.3268077822,13.860617114361753
21009.0,1261610.83952868,233836.701731488,1.0,0.0,
21018.0,1263015.34660211,231591.467041194,3.0,577666.0061847159,13.266751136667265
12827.0,1258113.6529651,242404.776492268,4.0,96255.30257894377,11.474759342361823
12831.0,1265117.47754826,232193.50684981,4.0,283439.7383744532,12.554754816502141
4640.0,1267526.49867073,235859.415845558,4.0,172531.85791294996,12.058337181954977
4641.0,1267651.34910285,235702.213413402,3.0,84778.0,11.347791354158918
12836.0,1266274.43620545,256263.187066451,4.0,127550.70128426614,11.756269221667475
4644.0,1270935.11685023,242735.971372604,4.0,257560.41152528604,12.459009579434994
12838.0,1266282.83153346,256919.290427133,4.0,238903.15355283348,12.383813533531647
4645.0,1270946.99870624,243146.004333019,4.0,156750.88325011768,11.962413093248783
4648.0,1254956.78102586,245970.483247921,1.0,0.0,
4653.0,1255870.7516508,255800.38879399,3.0,1337473.530718081,14.106292967439149
4654.0,1255850.92656277,256004.565562189,1.0,0.0,
4656.0,1262459.96944955,234856.094052538,4.0,20449.392780238624,9.925708468132239
21046.0,1251498.76956631,248161.524786159,1.0,0.0,
4662.0,1252344.00246318,240888.817898721,4.0,126050.54363411856,11.744438245451816
4663.0,1252347.81507118,241064.367082894,1.0,0.0,
12857.0,1259947.22967097,250401.013748452,3.0,43636.8340126074,10.683656889483192
21052.0,1260911.72643995,236607.191590324,5.0,206421.6113914727,12.237676013462252
21053.0,1260678.64586371,237116.18007084695,5.0,297127.6512775766,12.601917127727695
21054.0,1268731.30756797,235836.733477533,3.0,119494.51955493688,11.69102578783707
21055.0,1260840.12752788,236753.215270475,3.0,157632.41524658335,11.968021115755207
12864.0,1254223.8149451,250443.48843649,4.0,2099160.018904496,14.557047831678055
21056.0,1261170.49399222,236074.931493789,3.0,23911.845142057617,10.082129227782616
12860.0,1268588.76427183,244095.180909991,4.0,107887.08831426516,11.588840480640805
12867.0,1262951.18135405,254860.133113027,3.0,7517.898901423147,8.925041976497544
21060.0,1261203.15696825,236233.80061394,3.0,56058.748365391664,10.93415549777299
21059.0,1268734.50737597,235849.720997557,1.0,0.0,
12869.0,1268697.64036793,235119.030244812,1.0,0.0,
4679.0,1265521.25297268,241319.970539153,4.0,1654530.1302014668,14.319027617239614
4680.0,1266300.14647748,241059.323754892,4.0,566295.304147778,13.24687095990396
4677.0,1269381.74891263,245423.36657536,4.0,83296.70460980097,11.330164266865806
12874.0,1269555.01464081,246211.303664163,3.0,73735.37017890571,11.208237884068529
4686.0,1254758.46019365,242502.70442836,4.0,108175.58031319689,11.591510929656435
4687.0,1254772.77481768,243162.505901039,4.0,170241.66957905027,12.044974292295093
12878.0,1267629.17662284,241765.125547618,6.0,902147.1773858306,13.712532953567854
12885.0,1264845.00599599,240650.973866463,4.0,138009.76095715744,11.835079693211586
12887.0,1253741.31792061,244517.724654436,1.0,0.0,
12893.0,1256294.73469123,255103.671353266,3.0,38604.09322161871,10.561113591841712
4702.0,1262669.28855376,257667.392955899,4.0,182760.2389413898,12.115930403081638
4703.0,1262337.88765742,257674.228859901,4.0,1450832.1551880147,14.187647849908723
4706.0,1256971.28451592,238592.099368364,4.0,75849.88476613148,11.236511465541925
4707.0,1256643.33699559,238598.055080369,4.0,71175.72563850363,11.172907107226036
4708.0,1266420.8669896,248718.629682735,4.0,2958325.3096622974,14.900133892427137
4713.0,1265585.53566074,254809.880568966,4.0,156394.27022846867,11.960135471054409
4714.0,1266815.67262201,248968.779442981,3.0,4800.417454046182,8.476458162707301
4715.0,1267147.23268634,248960.608178973,4.0,103478.50448026675,11.547119183936802
12908.0,1259937.11095096,258387.870460629,1.0,0.0,
12909.0,1259947.43543097,258787.524861038,4.0,887194.0799341501,13.695819042243722
12905.0,1266014.84484518,242770.570028633,4.0,208699.8291365164,12.248652274361154
12913.0,1262882.37706597,251637.319349721,4.0,1042086.2796812624,13.856735299864926
12918.0,1261343.51005641,257694.998523921,4.0,2128930.4251187327,14.571130263735583
12919.0,1264913.33655606,246785.273584753,3.0,122363.82007300056,11.714754017726841
12920.0,1269313.84907256,255517.343737692,3.0,838355.4691382274,13.639197477037914
12924.0,1260905.66576795,235772.556453481,4.0,335772.3114243888,12.724188564670209
12925.0,1264824.01194796,236580.520742297,4.0,329155.6307678494,12.704285959746052
4735.0,1271324.00907461,248308.666226313,3.0,13196.32047091591,9.487693317512505
21123.0,1256929.11632387,237155.016614884,3.0,480.4040319039652,6.174627482976532
21124.0,1261333.14128838,240601.514986426,1.0,0.0,
21125.0,1272890.21624422,241945.531627789,1.0,0.0,
21132.0,1249465.86185224,245112.31991903496,3.0,175449.21516005506,12.075104907704434
21133.0,1251122.60361393,246730.058800697,3.0,390399.9490349548,12.874927002975356
21134.0,1250560.96303736,246939.092208907,3.0,305966.74748868786,12.631231706692065
21135.0,1259037.60816604,259745.764414027,1.0,0.0,
4750.0,1261810.46090488,239367.128361151,4.0,119052.96443145275,11.68732375233118
12945.0,1250698.7406375,242601.45649246903,3.0,62273.36348089992,11.039289060875408
4749.0,1261800.80733687,239066.992104843,4.0,89875.726237452,11.406183175518679
21139.0,1257354.16566831,234971.90717265,1.0,0.0,
12949.0,1254630.83254552,237388.821607128,3.0,58236.305489555714,10.972264244896124
12950.0,1254312.8869452,237394.240231141,3.0,27347.712820582077,10.216388178049124
21142.0,1264678.81898782,237696.485671446,3.0,326911.6972515913,12.697445374426339
12958.0,1259610.73597462,232962.935458601,1.0,0.0,
12959.0,1252446.81359929,238256.160424024,3.0,20627.381620618267,9.934374677051268
12960.0,1252510.08348735,239239.848745018,4.0,204739.0148670108,12.229491348832855
4769.0,1259465.12471047,253041.151223153,4.0,139673.1084173286,11.847060031492338
4770.0,1259476.87235849,253706.380151838,4.0,169490.5081996214,12.040552205412357
4773.0,1266700.37694189,245479.353967413,4.0,164252.6112886976,12.009160834477392
4774.0,1267057.78174224,245471.454063401,4.0,86869.72882545923,11.37216490563587
12965.0,1272165.10289948,249576.792627603,4.0,603755.9774665656,13.31092538446565
4776.0,1259682.8184707,250144.771508187,4.0,2525871.922109495,14.742096876770786
12968.0,1270553.53003383,239563.476393357,4.0,14458665.805579646,16.486804502497396
4783.0,1260956.09316,248521.012274534,4.0,191925.2111426256,12.164861049826408
4784.0,1266895.59998208,253725.957879856,4.0,297372.8979610874,12.602742178933239
4785.0,1266899.64196609,253991.286136135,4.0,150758.65385748562,11.923435518298263
21173.0,1251114.40450993,246730.424944699,1.0,0.0,
21174.0,1259354.82506236,257741.778939977,1.0,0.0,
4790.0,1254735.56752163,241513.02199535104,3.0,43699.68593141126,10.685096194133628
4791.0,1268943.52241617,243659.88618955,4.0,106064.08607461271,11.571798776015509
12985.0,1267089.13963029,237950.649895698,3.0,42390.0,10.654667764346684
12986.0,1258307.28810129,257385.206139609,3.0,66149.87407169075,11.099678265863146
12981.0,1271595.4757629,245289.076783225,4.0,870383.5287769283,13.676689231165017
12988.0,1259677.3913347,249878.807475924,4.0,937927.4342938452,13.751427862835676
4796.0,1251757.64598258,237548.401639298,4.0,48879.51211945615,10.797113612606143
4797.0,1251642.22729446,237441.320487186,4.0,173694.82659859757,12.065055168242754
4806.0,1261613.03082468,255016.820473179,4.0,448470.6411955771,13.013598498350824
4807.0,1261289.02884035,255021.93925719,4.0,527236.6334945855,13.17540474665805
21191.0,1249838.99369262,247646.73118563,1.0,0.0,
21192.0,1251971.6511668,245075.661230996,3.0,2172101.205789096,14.59120555461759
4812.0,1262868.68445796,250989.53784506,4.0,889029.6876794324,13.697885908403512
4813.0,1262729.87767382,250986.177973047,4.0,41178.12774463648,10.625662514386395
13005.0,1258119.3737971,243736.238381624,4.0,397305.47797602863,12.89246072971677
4815.0,1263252.25719436,245298.150255233,4.0,192779.79124035136,12.16930383844678
4814.0,1264044.19031517,245280.401967213,3.0,198152.0455825029,12.196789921969296
4816.0,1261845.95882492,236412.144742131,4.0,231803.606477,12.353645768338799
13008.0,1267338.66993454,244174.201710075,3.0,96566.05169074454,11.477982526661162
13011.0,1270027.7226733,242291.294764146,4.0,356752.36558772874,12.784797166256773
4820.0,1263269.80247436,246097.25041604,4.0,894747.3953385496,13.704296717574636
4817.0,1271240.76715453,243137.369197011,4.0,159479.84985788434,11.97967286004692
4818.0,1271254.01419455,243593.330541477,4.0,107017.89383014968,11.580751331519796
4827.0,1268788.45739202,252707.176822811,4.0,27729.11021255934,10.230238050556578
4828.0,1269068.9191523,253047.90744715897,3.0,30680.05495145337,10.331368046596062
13022.0,1263185.20977029,237055.950246781,4.0,323343.2843205945,12.686469837587138
13023.0,1265207.44126035,240643.567402467,1.0,0.0,
13028.0,1266658.61194985,240940.004138768,5.0,701566.1921105518,13.461070532035517
4837.0,1261330.02551238,257033.77605924,4.0,851147.2187500764,13.654340387599566
4838.0,1260997.83293605,257040.055931255,4.0,294928.146816538,12.594487035540508
4839.0,1264425.32209155,242860.54686074,4.0,1583928.9675840186,14.275419006654042
13029.0,1250688.39913349,242160.210028023,3.0,238.11373082687783,5.472748420149584
13033.0,1254893.03996979,236745.659494475,1.0,0.0,
4842.0,1254766.24464166,257782.806396008,3.0,22830.41072325391,10.035848729868098
4843.0,1254778.18691367,258172.494588405,3.0,3775089.519799694,15.143934654238317
4844.0,1268251.41188747,245705.288879648,4.0,47147.33582338698,10.761032782189185
4845.0,1255612.86237054,236149.557989866,4.0,19439.73300524524,9.87507434362203
4841.0,1272314.83128363,245270.449903205,3.0,12413.07279285885,9.426505453742598
4840.0,1272301.48945962,244814.983918726,4.0,153333.4280145808,11.940370097283374
13040.0,1274091.28210145,242422.475564286,4.0,159667.49738845066,11.98084879056183
13042.0,1272262.50987558,243483.470509365,3.0,70375.66901318502,11.161602871800856
13046.0,1262805.39588189,244512.813614428,4.0,140304.96212880712,11.851573633453766
13048.0,1255066.97142597,257802.807676032,1.0,0.0,
4857.0,1265598.09764476,244073.375469968,4.0,481769.0700735948,13.085220170492825
4858.0,1265858.10404502,244067.545133963,4.0,80272.91689087925,11.29318756895897
4860.0,1265997.74122916,239196.406888977,4.0,1030387.6102488986,13.845445610044969
13056.0,1265682.25630084,237259.630951002,4.0,141174.32370192706,11.857750744034979
4865.0,1264087.14461921,247653.654065639,4.0,621052.3502145204,13.339170657224933
4866.0,1263907.35729103,247645.680689633,3.0,17127.237947669717,9.74842533766774
13057.0,1265769.90404493,237132.989094868,4.0,43947.24975310976,10.690745324434266
13058.0,1271555.45841886,247757.955697745,4.0,33159.87928796597,10.409095968952073
13062.0,1260470.95043951,240348.068970159,4.0,49427.05919771357,10.808253310250624
4871.0,1267447.93649465,241079.183978915,3.0,96961.86423524392,11.482073027966946
4872.0,1267608.18321481,241039.34052287004,3.0,82558.4829751185,11.321262205729692
4875.0,1272074.08273938,246417.24414438,4.0,14049080.423766805,16.45806750133636
13068.0,1262153.14000922,256219.635322407,3.0,44589.99445529244,10.705264773272836
4885.0,1255576.76400249,252035.129270121,4.0,73554.26359736314,11.205778693042369
4886.0,1257909.83811688,255074.522425234,4.0,605609.9341335082,13.313991384758003
4887.0,1257633.7739886,255076.003065243,3.0,309916.8990817969,12.644059473046745
13079.0,1265869.36087704,244526.764014438,4.0,67103.7431220378,11.113995105636944
4888.0,1262597.45668168,233738.245923385,4.0,53670.98862350024,10.890627885413002
13084.0,1262358.36695343,258833.602877095,4.0,990990.8350021824,13.806460565037455
4893.0,1258333.98979732,246752.895088717,3.0,83524.7335787106,11.33289807750075
13085.0,1265138.10910028,233047.753186688,3.0,390875.88257153775,12.87614535269565
13088.0,1260905.84029596,246147.4284641,3.0,20505.18457819089,9.928433039404318
13089.0,1260281.82775131,246161.308976114,3.0,14211.8664336718,9.561832558959392
4900.0,1268385.67902361,235639.493413344,3.0,51771.27311751202,10.854590701394077
4902.0,1265129.91652428,235688.98973338297,3.0,8643.742530322594,9.064590931241773
4905.0,1267187.00587039,234315.704035982,3.0,129283.042522975,11.769759407845065
13098.0,1266528.12305371,237423.21527116,3.0,34675.78501818676,10.453796884240012
4906.0,1267194.59447838,234625.610276297,4.0,1682401.9327922214,14.335733052200341
4908.0,1256210.39299515,248890.531890914,4.0,150766.13873132432,11.923485165120177
13100.0,1265221.40945236,239285.899817079,3.0,23314.88793002742,10.056847402455292
13105.0,1266949.84132615,257431.934395656,3.0,30154.33453470082,10.314083957483758
4922.0,1263484.51101859,250978.52472505,4.0,123682.9110191303,11.725476400244865
4923.0,1263238.54858634,250982.921077043,4.0,654785.2389784805,13.392062581431011
4927.0,1262400.56733748,233114.476450756,3.0,315315.1734706728,12.6613279682911
4928.0,1262407.48560949,233427.339683071,4.0,286435.0150366335,12.565266965801703
13121.0,1259101.8317821,258271.284732506,1.0,0.0,
4929.0,1266684.28874987,244709.086830631,3.0,50756.506382253145,10.834795093262946
4930.0,1267029.01246223,244701.476910621,4.0,349117.5129487594,12.763163857829584
13128.0,1261276.35236032,254351.8369205,4.0,887306.8584996153,13.695946152422334
13129.0,1260362.7400074,258380.13855662904,3.0,867132.172676164,13.672946692443691
13131.0,1254878.87760177,250195.346548244,3.0,799356.7238979952,13.591562588064665
4941.0,1268248.66059147,245604.553199545,4.0,994944.4637038736,13.810442199210003
13141.0,1265792.37809296,237756.678503513,1.0,0.0,
13142.0,1252110.97436695,246569.114928529,3.0,6242116.759147953,15.646829907044511
13143.0,1252120.04918295,247010.14814497496,3.0,6574998.525568912,15.698784911780002
13146.0,1268603.96235183,244378.098286286,4.0,167618.6915572557,12.02944698561632
13147.0,1256063.74563499,241821.694955662,4.0,1678487.0290422328,14.333403367664435
4954.0,1264111.59114723,230660.644448236,4.0,351580.05024625425,12.770192703269437
4955.0,1264121.90801124,231086.548128679,4.0,432968.4983839664,12.978420252337994
4961.0,1258667.33558966,253053.71058316497,3.0,79529.4676686187,11.283882894462398
13161.0,1273315.50578065,248769.404466778,3.0,139653.00155938824,11.846916064585868
4970.0,1273451.1961488,247975.305713966,3.0,24065.486240795908,10.088533986843533
13163.0,1264889.88484403,239291.078953072,4.0,70804.15392462305,11.16767294921246
13164.0,1264900.37431604,239683.369513482,3.0,88820.69400580188,11.394374942436395
4971.0,1273457.5153168,248245.252018243,3.0,124168.8590685502,11.729397684905681
13168.0,1263972.2370351,242176.864556029,4.0,6268519.371071491,15.651050739757817
13169.0,1271894.67595521,251026.571573094,3.0,151750.73813749943,11.92999457307795
4978.0,1250441.58530924,239321.31383310296,3.0,42443.33333333333,10.655925131899371
4979.0,1250452.51574124,239651.133353442,1.0,0.0,
13175.0,1262655.15799375,255692.707897872,4.0,958816.9467696768,13.77345545636497
13176.0,1258108.78454909,243156.136493042,3.0,3838719.6458326513,15.160649443400834
13179.0,1254697.67587359,253106.292791218,3.0,77849.15390110003,11.26252830888067
13181.0,1261339.9851284,242612.513260484,3.0,1168600.6823929187,13.971317593042846
4991.0,1258368.56259735,251055.598069131,4.0,247334.06716627808,12.418495200456567
4992.0,1258104.60906108,251060.187317133,4.0,62066.035847538486,11.03595419153185
5002.0,1264960.2669241,246035.53924799,4.0,2120116.80617541,14.56698174238295
13195.0,1260967.25162402,249052.674291074,4.0,293748.3049897248,12.590478574176112
5009.0,1256296.79113923,255219.246905386,3.0,9192.780201200614,9.126173694212167
5010.0,1256318.19465925,255791.738553971,4.0,493573.4511653419,13.109426963994986
13202.0,1256539.13974749,258451.91762869095,3.0,1177885.4738509418,13.979231417627808
13203.0,1256295.58544323,258456.825404704,3.0,1312461.1754870217,14.087414692429086
5011.0,1269250.35281649,255519.3056577,3.0,525894.1575759833,13.172855250133683
13207.0,1252585.12694342,236589.335654303,3.0,14109.86539879951,9.554629505382472
5016.0,1265721.37758088,245230.622191161,4.0,393455.6600283446,12.882723659495303
5017.0,1262988.58743408,250987.390517056,4.0,451048.4354579327,13.019330008412174
5018.0,1263002.9358501,251637.079221725,4.0,258918.13281098165,12.46426720118196
13208.0,1252367.69334321,236742.737254471,4.0,926881.6525335476,13.739581169227995
5015.0,1266661.65822184,236808.727270529,4.0,244066.2546706112,12.40519500295153
13213.0,1265279.69079643,256288.605626479,4.0,58661.94728830509,10.979546538167046
13216.0,1265454.42602861,232834.304802462,4.0,194573.2412278452,12.17856393274187
13230.0,1265503.63460466,250941.262709007,3.0,29580.19536850339,10.294860340992924
5043.0,1255102.93264201,244078.047405973,1.0,0.0,
5044.0,1254792.5897297,244083.850541979,3.0,342424.49872857064,12.743806470715175
13238.0,1265982.39114915,259569.605629846,3.0,147435.4447436642,11.901145696204896
13241.0,1271479.32209878,248824.292530835,4.0,83501.46550718826,11.332619461669221
5050.0,1262006.59076108,257681.061563909,4.0,1617285.5664214669,14.296259725577517
13243.0,1261786.59837686,234426.50275608903,5.0,857280.8806708371,13.661520892622798
13244.0,1258265.01290125,258287.82246053204,3.0,49167.07355931366,10.802979441842309
13246.0,1267378.13118258,245984.449071929,4.0,534366.5796350269,13.188837361140875
5055.0,1265545.1135167,242492.20151636,3.0,1153431.1724169585,13.9582516863432
5056.0,1265552.14762871,242781.831788659,4.0,984205.8213094856,13.79959032215926
13249.0,1255364.40713827,256746.854714945,3.0,42549.66931574367,10.658427362308423
5057.0,1262140.32042521,240232.157482043,3.0,120318.67243052994,11.697899105466961
13251.0,1262829.91453792,261148.814463466,1.0,0.0,
13254.0,1261929.903209,250352.038132399,3.0,26355.75910291191,10.179442091868701
13255.0,1260636.03376767,255720.308217898,4.0,363795.6119663405,12.804347483328602
13256.0,1250968.81948577,242075.334187925,5.0,1131105.0471815094,13.938705630698102
13262.0,1269347.9615206,244753.860014677,1.0,0.0,
13265.0,1264741.35492387,241597.922091439,4.0,334102.3213429883,12.719202576369163
5075.0,1255726.21942665,241497.197547331,4.0,528742.3054130189,13.178256456826372
13268.0,1255206.35235411,256468.32511466704,3.0,416136.6175843401,12.938768892984074
5076.0,1255395.7807703,241502.476139337,4.0,766322.0417326458,13.549357780387504
5078.0,1254445.70787333,257111.248699322,3.0,4000515.058993303,15.201933675543023
5080.0,1261260.20669632,238565.738216341,3.0,134148.7946488448,11.806704870713476
5081.0,1261264.35274431,238811.935528591,3.0,308699.3137702904,12.640122987521439
5082.0,1272747.61221208,246661.238768622,4.0,561855.8649902502,13.239000627993411
5083.0,1273419.27883677,246641.164336607,3.0,623718.1812388002,13.343453912704703
13277.0,1261587.06103265,238411.39370417604,3.0,15594.65748417151,9.654683665618377
13278.0,1262418.9809695,233977.294627637,3.0,3676.853500613327,8.209812638411641
13279.0,1262127.3378972,233983.100067645,3.0,191861.75188343195,12.164530349381183
5092.0,1267480.71857469,250573.194548637,5.0,790779.7038562957,13.580774704618303
5093.0,1267486.87211069,250903.111476973,4.0,422079.6301326809,12.952949272213983
13287.0,1263826.77047494,236373.041190088,3.0,15863.69816819179,9.671788643807826
5101.0,1250778.63548557,240598.664298415,4.0,134634.89215289924,11.81032189107509
5102.0,1250466.14300527,240652.227818474,1.0,0.0,
5107.0,1264100.95825122,234383.290532053,3.0,36714.99458350461,10.510940522357567
5108.0,1265438.64324459,243244.698669121,1.0,0.0,
5109.0,1265563.31134072,243241.538605124,3.0,817916.3425196679,13.61451533959652
13304.0,1257603.63267657,253070.199351192,4.0,200938.1553720481,12.21075245498038
13311.0,1260552.35447159,257048.031291261,3.0,67932.5935639517,11.12627122140575
13312.0,1260334.40509537,257052.471611261,3.0,47611.203055407495,10.77082337083397
13314.0,1267304.6585425,242277.749484137,4.0,1497276.270908366,14.219158196079551
13315.0,1267478.48823868,242273.668140128,3.0,8464.651503493034,9.04365412461085
5124.0,1272134.10885145,248544.630322546,4.0,210516.81352860303,12.25732080315994
5125.0,1268575.89713581,254749.799992904,4.0,97720.0887082691,11.489862433151341
13318.0,1262596.24637768,240319.73994612705,3.0,199052.74584504543,12.201325123083608
13325.0,1260172.6741512,241702.685675547,3.0,2213478.8873551805,14.610075992981526
5138.0,1264533.37405966,234006.014051661,4.0,125108.42092959298,11.73693600777542
13331.0,1259928.05648695,260115.764990404,4.0,883308.3731288179,13.691429652059762
5140.0,1264347.52439548,246980.253232956,3.0,440884.2280487535,12.996537598532802
5141.0,1264075.54724319,247007.03070497504,5.0,1072194.4123513915,13.885217958975492
5142.0,1262712.3951138,245042.381742969,4.0,84054.41218161317,11.339219632183687
5143.0,1262469.72631355,245048.721326977,4.0,162915.11237154726,12.000984561137692
5144.0,1263485.48343459,243678.420909569,3.0,184842.5644344912,12.127259738694992
5145.0,1263327.42762643,243681.141997576,5.0,725447.2552666173,13.494543647445898
13333.0,1268397.97163162,234699.65181237497,3.0,83009.1042628419,11.326705570676994
5139.0,1264211.66865134,234014.975971669,4.0,181544.8101596192,12.10925779014702
5151.0,1264195.59261931,245503.40247944,1.0,0.0,
5152.0,1264198.51517932,245648.049839586,3.0,53773.70169611687,10.892539810583052
5153.0,1259688.1318147,250405.222068459,4.0,498343.34301275946,13.119044562250316
5154.0,1255674.62864259,256928.180475131,3.0,129798.289849852,11.773736907894547
5155.0,1263782.8312749,234830.528164506,4.0,206224.62433586485,12.236721263104602
5156.0,1257908.92534888,243195.822125077,3.0,3609515.219450156,15.099084033050637
5157.0,1257814.50525278,243741.291821629,4.0,369197.3742863184,12.819086669684998
5165.0,1256903.26365185,236230.781925946,4.0,62324.74254030576,11.040113777461539
5166.0,1256571.84502751,236234.698597953,4.0,87546.57285467903,11.37992619194129
13359.0,1264133.88305126,249664.581171706,4.0,661627.3340671494,13.402457736933624
5169.0,1258217.7646452,249112.640051141,4.0,604221.44449728,13.311696039686995
5170.0,1258223.27971721,249378.52267541,4.0,197668.38587540528,12.194346086788627
5173.0,1264548.00561169,238676.060200453,3.0,19607.789402629223,9.883682184770283
5174.0,1264556.19882768,238985.878120765,3.0,40722.45336081399,10.614534898938306
5176.0,1265027.74410817,243633.91082952905,3.0,4270.460111955706,8.359476854973936
13370.0,1265343.0712765,234356.645924032,3.0,48573.75728981872,10.790838690589894
13371.0,1265673.29137284,248023.953202024,3.0,43739.98641806184,10.686017983715434
4286.0,1264507.04733963,233061.1343707,4.0,204745.5622662036,12.229523327566898
13373.0,1260281.21392731,238335.577576101,1.0,0.0,
13374.0,1260114.23037514,238338.435880095,4.0,511407.83863401366,13.14492266951607
5183.0,1268074.11076729,240292.61207410705,3.0,2472979.054574074,14.720934076825177
5185.0,1256191.16829112,247797.985521793,4.0,1299053.2666421316,14.077146300695107
5186.0,1256192.73225912,248092.609906092,4.0,538034.5224283307,13.195678005167638
5189.0,1262143.22269721,246598.311408564,4.0,556387.4701400121,13.229220219259547
5190.0,1262148.70032923,246863.953904837,4.0,468502.4892239397,13.057296693824599
5191.0,1270247.45284952,239571.492137358,3.0,14289993.6093389,16.475070102693838
5192.0,1270259.11947353,239996.572969794,4.0,159027.9353132926,11.976835159564315
13388.0,1255875.76899479,234812.04266049,3.0,121659.1810788444,11.708978816624393
13389.0,1268190.51140741,235665.717413366,1.0,0.0,
5202.0,1267493.0725587,234618.929828286,4.0,2463805.912208024,14.717217831136981
5206.0,1255493.6710104,257461.03538768,1.0,0.0,
5207.0,1255385.4514263,257468.654459685,4.0,269801.52905287524,12.505441890096572
5208.0,1266336.42884551,245217.010671139,4.0,202631.3752598236,12.21914372188576
13402.0,1266780.88170996,248709.689714715,3.0,3142256.649245932,14.960451777862794
5215.0,1263588.93137071,239700.22186549,3.0,169542.14514959848,12.040856818846292
5216.0,1263596.05111471,240180.307497993,4.0,120581.4410001391,11.700080662545377
5219.0,1261175.51428023,235767.28682147,4.0,203471.97867772044,12.223283577468317
13412.0,1254190.62966508,238547.247080311,1.0,0.0,
13414.0,1272834.44933216,249553.141107589,4.0,844756.1343914795,13.646803266333514
5223.0,1264854.49156399,233996.723427653,3.0,698919.1056489596,13.457290285833544
13416.0,1262075.46231315,233544.8164832,3.0,711.8891609592465,6.567922226483659
5225.0,1266426.99364561,233097.325282738,4.0,449335.3128188552,13.015524687159784
5224.0,1266105.25905327,233107.652706742,4.0,241723.70022039564,12.39555061823685
13421.0,1260523.92637555,260365.361278653,1.0,0.0,
5230.0,1253473.52118434,244088.477165997,4.0,1727290.0752570813,14.362064307851798
5229.0,1253467.20528033,243847.215533748,3.0,1672151.0538429937,14.329621411753614
13425.0,1264048.80516317,245546.931247488,3.0,55966.94861214765,10.93251659212422
5234.0,1271478.81617878,247086.345841065,4.0,544308.3706033117,13.207271222961605
5235.0,1271251.18545854,247628.162673607,4.0,494671.9940938901,13.111650183714945
5240.0,1261138.29162419,241685.650603533,4.0,1121654.4912683864,13.930315377595505
13433.0,1265543.4671807,252681.587958783,4.0,1334094.8528869192,14.103763607043062
13434.0,1262897.024298,252330.254006431,3.0,1050540.7144945394,13.8648155557694
13435.0,1254865.40982577,249398.502323434,4.0,61656.14254317976,11.029328139366077
13436.0,1254195.47939308,249415.98885144305,3.0,66611.20604379257,11.10662810129034
5241.0,1261150.24727221,242352.029868215,4.0,1086652.1407934278,13.898612097217425
13440.0,1255670.77661058,242488.76183635,3.0,35248.355571099215,10.470174156686978
13445.0,1267188.17681438,237392.876391128,1.0,0.0,
13446.0,1262708.4653217902,244242.808878154,5.0,2735668.044412381,14.821886221567
13447.0,1259174.75159018,251541.645365626,3.0,69434.12970725654,11.148133808134812
5256.0,1253732.7355846,241205.031147033,4.0,127074.97598172106,11.752532553306398
5257.0,1253407.59286427,241211.886827037,4.0,590947.6769266201,13.28948275934986
13449.0,1251237.04796605,238968.575656742,1.0,0.0,
13455.0,1254846.03612974,247814.105905801,4.0,113799.81749291335,11.642196196920123
13456.0,1254150.24848104,247822.930673808,4.0,210184.9926459456,12.25574333928127
5265.0,1269556.12913682,253677.633847803,3.0,241751.4195561895,12.395665285299085
5266.0,1261255.8369683,238318.586792082,4.0,141784.04853779208,11.862060394071092
5267.0,1261257.67850432,238415.621416181,3.0,51781.859597760485,10.854795166097514
5269.0,1265444.43198059,236214.989989921,4.0,86233.13329363834,11.364809759754248
13465.0,1267455.50276665,237333.70461507104,3.0,4507629.128840842,15.32128188120132
5274.0,1256378.27190731,241156.218922988,4.0,56077.58287673419,10.934491419437467
5275.0,1252125.39919896,237642.045479387,4.0,75502.9304917214,11.23192674894374
13477.0,1273171.73278852,242310.812396169,1.0,0.0,
13482.0,1262701.01648979,244685.3880786,4.0,87441.5026195349,11.378725307281163
5291.0,1263478.02775459,231103.122592688,4.0,645694.6616696505,13.37808201107171
5292.0,1263489.9329066,231579.68233718,4.0,1057767.4193682196,13.871671036769303
5294.0,1256945.6441319,244422.665134326,3.0,41133.14858132302,10.62456961023527
5295.0,1256828.50825977,244568.466350481,3.0,49123.86345437826,10.802100213115189
13487.0,1265617.97918078,256935.247099146,4.0,124493.57957648396,11.732009423890343
5298.0,1264765.9028279,231070.543904662,4.0,442900.72137746366,13.001100918669195
5299.0,1265087.67742023,231062.245984644,4.0,524064.21781182295,13.169369508870162
5300.0,1266712.11082989,234326.248356,3.0,3831.30913364393,8.250961834121737
5301.0,1269733.828209,242299.323244154,4.0,303431.5151447265,12.622911213754346
5302.0,1262974.92081007,250337.47717239,3.0,566142.9465051885,13.246601880961384
13500.0,1266671.68209386,242754.553644627,3.0,118240.11531514292,11.68047271144494
5315.0,1253678.93052855,246159.049136117,1.0,0.0,
5316.0,1253521.84227239,246341.590768293,3.0,497816.0847927403,13.117985980150827
13507.0,1250761.58044556,239468.483113259,3.0,112870.39509961908,11.633995493427456
13518.0,1261333.56976838,242201.941228062,4.0,50919.47224782317,10.838000688277946
5327.0,1256268.7396832,259341.687485605,3.0,561735.3274255351,13.238786070303762
13520.0,1255341.23920225,245355.168879285,1.0,0.0,
13519.0,1261336.5654804,242393.718124256,1.0,0.0,
5332.0,1266652.74974184,236498.826022223,4.0,130697.78893409186,11.780642982362039
5335.0,1266671.45508586,233902.203939557,3.0,109559.2894120689,11.604221137522364
5336.0,1266810.85739,234094.15299575,3.0,35952.27110481168,10.489947535140217
5339.0,1266687.00196587,244939.296686858,4.0,102160.7489386226,11.5343028217154
5342.0,1272173.50181149,249856.512883902,4.0,148259.79490927726,11.90672138489178
5343.0,1266026.0787652,243229.804333106,3.0,180704.3452080653,12.104617522821728
5344.0,1266035.6174532,243619.706157506,3.0,104034.22304596388,11.552475191742245
13538.0,1262344.24260142,261540.046271861,1.0,0.0,
13539.0,1254023.2641609,239213.315688998,4.0,217853.2730505193,12.291577055763774
5347.0,1263146.88273025,235728.120549425,4.0,143153.03653395732,11.871669522553868
13542.0,1261675.25674474,257687.896507919,4.0,2107552.9241551803,14.56103808083474
5351.0,1268238.25611146,254493.403192639,4.0,525505.1119126499,13.172115196963817
5356.0,1273444.7322128,247701.43448169497,3.0,21805.090249573164,9.98989871920768
5357.0,1266245.01630142,254532.227640688,4.0,333118.1521160847,12.7162525171914
5362.0,1263465.74071458,243055.204972938,4.0,455626.0231237485,13.02942762728163
5363.0,1263447.96151455,243055.584876925,4.0,42690.78956908309,10.661738474991678
13564.0,1261383.97450444,259688.381693959,4.0,656857.0859389112,13.39522174859757
5373.0,1267384.30507058,232753.097634375,4.0,17101.661719277963,9.746930914335378
13567.0,1270996.24568228,244849.905134767,4.0,344473.52306732105,12.749772510364187
5379.0,1267598.5339348,255830.290618017,4.0,44109.0886848335,10.69442113282738
5380.0,1268258.39351948,255814.350073993,3.0,29579.02959608473,10.294820929644331
13572.0,1255457.32265837,236151.58787787,4.0,56793.67292284932,10.947180206301313
13575.0,1257082.39914003,254395.770552546,4.0,2222207.652201456,14.614011697651208
5387.0,1262379.18020146,240349.168362156,3.0,146735.487309759,11.896386838829034
13582.0,1264224.66634735,252700.538358808,4.0,2080677.361908848,14.548204053427366
5392.0,1268208.76369543,252708.81067881,4.0,128388.61245098592,11.762816978228544
5393.0,1270372.95787364,244046.648493946,4.0,136770.70673985852,11.826061129222476
5394.0,1270385.24132966,244469.576494381,4.0,155733.1916798438,11.955899512237586
5395.0,1254378.82710527,251528.135861605,1.0,0.0,
5396.0,1254381.19030526,251764.370613843,3.0,64107.09755316987,11.068310363037561
13590.0,1263994.03396311,243148.146029025,3.0,71024.72963324867,11.170783400073097
13592.0,1261600.16900066,254347.7821365,4.0,1059176.8836029554,13.873002639533745
5400.0,1264014.64938714,259621.86572589,3.0,173302.655292082,12.062794797525624
5401.0,1254303.84924918,237056.183846787,5.0,202561.0134492239,12.218796421130527
5402.0,1266434.76004562,233399.454243049,3.0,1125703.6000210238,13.933918820366586
13600.0,1255933.60253087,236926.121766657,3.0,83684.85561819955,11.334813303645415
5408.0,1265393.05937254,234355.535652027,3.0,4809.96326502067,8.478444725860804
5414.0,1264878.72836402,242592.731116459,4.0,111114.7469728898,11.618318702848685
13607.0,1262352.66781743,258507.818748757,4.0,5565691.263707958,15.5321317512773
5415.0,1265298.87582044,242585.128812447,3.0,62312.80232142402,11.039922178390302
5418.0,1266081.15735725,232146.002337754,4.0,760577.0234050973,13.541832665507123
5419.0,1266403.03767759,232137.854753748,4.0,90594.5293628703,11.41414910789971
13615.0,1267328.03383853,243593.992237478,4.0,741141.9967621973,13.515947514478787
13619.0,1268617.91377585,244637.811694548,4.0,284078.8953338011,12.557007279035068
13632.0,1257725.2620527,259101.195837364,3.0,43285.19105042096,10.675565847419064
5442.0,1269374.99563262,245153.460271075,4.0,110364.3200122238,11.611542172293465
13644.0,1257719.39293268,258830.443069085,4.0,803839.3684657975,13.597154737734904
13645.0,1265013.90430015,233361.130211011,3.0,72869.43370883264,11.196424539381663
5454.0,1259616.72016662,246920.092592895,3.0,30447.588655307667,10.323762079700442
5455.0,1259618.86160663,247020.372528985,3.0,3707.156759872174,8.218020489786225
13647.0,1267471.30686267,241768.559915617,3.0,34597.457345118244,10.451535471210192
5458.0,1268535.57406376,256864.170811072,3.0,236559.53965849595,12.373955208542457
13651.0,1254709.17520161,235881.815461591,4.0,5158807.169572412,15.45621594204663
5463.0,1262925.42781802,253662.412087798,3.0,49805.81760472859,10.815887075561953
5464.0,1262612.0228897,253667.751991794,4.0,1798632.548795354,14.402537239038136
5465.0,1266179.81431735,244520.303406432,4.0,107386.33922836711,11.584188257700298
13659.0,1273583.35627693,242795.678892672,3.0,457408.21464159817,13.033331519835867
5469.0,1264412.03044353,229801.544479355,4.0,100386.8578866092,11.516786580128201
5470.0,1251266.80380608,248326.899826333,4.0,296668.0,12.600368947412136
13663.0,1256134.36688307,244886.368302807,4.0,392063.6010128422,12.87917935309364
5471.0,1250778.05020557,248399.838002399,1.0,0.0,
5472.0,1267679.11479889,245717.574959651,4.0,234295.73670455551,12.364339428447094
13662.0,1265294.27972445,233126.11689876,3.0,25256.227497585693,10.136828037862198
5475.0,1265296.49393244,257603.891067833,4.0,117204.71728221075,11.67167740516326
5476.0,1265626.42468478,257595.748411819,4.0,164566.67474384297,12.011071084660328
13667.0,1265823.47486098,233866.177379519,3.0,128417.50410258668,11.76304198573312
5477.0,1269185.95172843,247213.944369197,3.0,1162979.286696062,13.966495621106652
13677.0,1267480.86750269,243590.42730948297,3.0,256594.9482755976,12.455254043813206
13678.0,1269206.95032045,247586.153265566,3.0,1713585.8591346864,14.354098726502617
13679.0,1269446.9373927,247579.804849565,3.0,673043.8023040979,13.419565691656167
13684.0,1261009.20951205,238322.951976091,3.0,215254.6723753559,12.279577128792395
13685.0,1250558.64054136,239019.1057688,1.0,0.0,
13687.0,1261583.29629664,238261.348392025,3.0,15815.10878597976,9.668721014374311
5500.0,1258857.14166985,257228.675643444,4.0,2093067.4175952256,14.554141211896104
5507.0,1263318.52842642,256994.702971205,3.0,31832.22540422405,10.368234433139248
5508.0,1262990.04970609,257003.19673121,4.0,57120.60288462566,10.952920151660596
13701.0,1263351.28458646,250330.707828388,3.0,62782.650926011214,11.047434055149756
5511.0,1259481.38384649,261243.627583563,1.0,0.0,
5512.0,1259579.28688659,261394.067903712,3.0,84777.99999999999,11.347791354158918
13706.0,1251895.73366272,237533.529959276,4.0,525498.7607615936,13.172103111088168
13707.0,1251802.26307063,237507.798055246,3.0,34940.760156043725,10.461409339491563
13711.0,1262956.85751405,255124.097465292,4.0,356033.72211611905,12.782780730393313
5526.0,1271572.58699487,244437.450862348,4.0,154766.5999210452,11.94967345407368
13719.0,1263867.59453899,237929.418279678,3.0,78041.4434340068,11.264995290645018
5527.0,1271866.51160318,244429.823278338,4.0,65934.35898825245,11.096414965320763
5531.0,1264066.86813919,246558.19268852504,3.0,199820.88102897056,12.205176649390344
13726.0,1269226.30001648,240444.30730626,3.0,30631.41267740616,10.329781319475215
13727.0,1268163.15716739,236236.536485955,4.0,272399.717154043,12.515025814909096
5537.0,1270960.33265825,243600.969261497,4.0,106216.46591512456,11.573234422053318
5538.0,1270972.45931426,244026.767341927,4.0,102340.4727042206,11.536060501306991
13731.0,1258297.65520528,259755.425854027,3.0,61122.78780621496,11.020640034812885
13736.0,1268270.67364749,256871.582203075,4.0,236187.71584076676,12.3723821739449
13745.0,1254208.8340171,239210.061096996,1.0,0.0,
13747.0,1268382.13310361,233966.854691625,3.0,131527.74625755256,11.78697310649927
13752.0,1261280.08695233,239735.921577528,3.0,59012.31403512983,10.985501413570269
13755.0,1265975.46698914,259013.780989274,3.0,27911.94475437847,10.23681000358615
5567.0,1254362.26678525,257918.59154814496,3.0,3797390.298567072,15.149824625231531
5568.0,1262608.6741537,240782.122538611,4.0,12777.438875909462,9.455436306902522
13761.0,1254928.20297784,252820.913142934,4.0,831801.3817272163,13.631348967418706
5569.0,1262290.49962537,240615.254762426,4.0,3869.975200069076,8.26100337775241
13763.0,1267991.08305521,243578.36958146104,3.0,67344.77743722445,11.117580635212315
13769.0,1258855.84733385,255927.18149811,1.0,0.0,
5578.0,1263734.43210685,250973.976181045,4.0,43971.64302846578,10.69130022851029
13771.0,1262326.30500141,241718.086891562,3.0,44401.506922548426,10.701028687541415
13772.0,1262395.61424948,241834.101419687,1.0,0.0,
5584.0,1261580.18576865,245068.00606299896,6.0,3338625.487098607,15.02106974944204
5585.0,1260883.40727192,245083.111983001,5.0,2969601.524244978,14.903938334856813
5586.0,1264895.22276403,253226.704311341,4.0,767087.1937441461,13.550355755432003
5587.0,1264900.60100403,253493.095479622,4.0,181166.74846869084,12.107173148404302
13781.0,1255937.60285087,253738.983479872,4.0,37709.04981173718,10.537655392685867
5591.0,1255222.62563413,234816.604004502,3.0,54198.02946968127,10.900399830118872
5592.0,1255228.90480214,235086.517476767,4.0,2150.3669059438616,7.673393760489361
5595.0,1263827.39319494,247642.13476963303,3.0,13594.002962147028,9.517384015807622
5596.0,1255535.31235445,249652.946035683,4.0,345349.66128885554,12.752312693740196
13790.0,1253846.28387272,246451.727664411,1.0,0.0,
13794.0,1254877.10531378,250079.440564126,3.0,803960.9897640418,13.597306026789983
13795.0,1267879.55275109,250893.160052955,3.0,487140.561224178,13.096307987163733
5603.0,1270368.70161764,245664.436271608,4.0,59226.70284908936,10.989127780814398
5604.0,1270720.557234,245657.63543959,3.0,81654.83504638833,11.310256313380071
5613.0,1262712.3895458,245309.438319236,4.0,98982.367727262,11.502697009489337
13806.0,1263719.68573883,250324.084788382,3.0,15318.1689288553,9.636794914536116
5614.0,1262301.01828139,245318.484527245,4.0,79876.47612020178,11.288236671887189
5617.0,1263548.58794665,233085.213730723,3.0,348405.3914736295,12.761121998793762
5622.0,1266255.08158143,255060.277049229,4.0,379981.3551734719,12.847877465165856
5623.0,1257070.68592402,253727.712823868,4.0,386133.572929649,12.863938632446795
13817.0,1266799.93681398,249489.330547526,4.0,97853.71008163146,11.49122888811597
13821.0,1268282.95351951,257928.794620156,3.0,138571.893347817,11.83914455547504
5630.0,1262207.56471328,237480.34967123,4.0,63086.14164405767,11.052256399115867
13825.0,1273185.62578052,242780.265196651,3.0,446833.1097176033,13.009940447544418
5634.0,1259212.83191022,253708.761079848,4.0,143380.86550680676,11.873259763842869
5635.0,1263567.61284268,247931.08824192,3.0,454862.0730885504,13.027749515908942
13826.0,1273205.26059654,243456.922669336,3.0,171130.27706094115,12.050180399578784
1122.0,1273371.91512471,245054.975534976,3.0,1378375.3752271624,14.136416099285237
5649.0,1269730.14123298,244876.85783879497,3.0,46660.713020559866,10.75065782665369
5650.0,1269736.37547299,245146.77457507,4.0,144288.2224852631,11.879568123172266
5655.0,1265091.43134023,233881.946403533,3.0,20338.121996344045,9.920252334776599
13848.0,1262544.79965763,237732.283175483,3.0,79273.6769471468,11.28066140985885
5656.0,1265093.18103623,234362.194468036,4.0,62692.630602843055,11.045999185468395
5657.0,1272076.6266754,246150.237168103,4.0,301836.7087771726,12.61764145071303
13851.0,1264118.25252324,248985.057586998,4.0,777964.9342277878,13.564436730458121
5659.0,1263998.91485912,251619.421109706,4.0,76638.41993792282,11.246853795755843
5665.0,1261156.5419282,242779.18481265,3.0,982712.1262216116,13.798071503972778
5666.0,1265110.25054026,234981.896612659,3.0,23369.746686897757,10.059197588231443
5667.0,1256933.34793988,237332.855207071,4.0,54357.01790873795,10.903329008569328
5668.0,1256945.56867589,237752.569255501,4.0,207397.97546937308,12.242394813251488
5669.0,1269018.86872026,245690.361775637,4.0,195240.6189492362,12.181988020192925
5670.0,1269011.81720026,245949.975087896,5.0,854779.9817514145,13.658599383518625
13863.0,1257922.07562089,255761.75141795,3.0,1462366.804740351,14.195566780258877
13865.0,1266362.64503753,246266.913072214,3.0,2475967.3322773864,14.72214171895055
5675.0,1258701.9428217,255064.30264923,4.0,332075.10453275184,12.71311644078723
5676.0,1258713.73738171,255749.484025925,4.0,187578.6730609628,12.141953626047947
13873.0,1263732.84484285,244664.60657458,4.0,62487.50341519781,11.042721870375921
5683.0,1256568.62454751,255213.960505381,4.0,436282.014956525,12.986044136525928
5684.0,1266272.75050944,253738.154423878,4.0,275879.983214857,12.527721206703037
5685.0,1261273.79626432,251667.399669752,3.0,130752.8504965074,11.781064182810043
5686.0,1261162.04586421,251669.27992574903,3.0,30757.91454395889,10.333902623660581
20669.0,1268995.05476823,232279.508001894,3.0,11673028.772641554,16.2727915055201
5687.0,1265427.30826858,235595.20643729,4.0,104543.07064903596,11.5573544247936
5689.0,1264273.82570741,255099.252089262,4.0,334243.7848070809,12.719625900347275
13876.0,1266733.00778992,234946.031524628,1.0,0.0,
13883.0,1271783.83921909,247214.491889194,4.0,74410.36876132087,11.217350576182291
13885.0,1265489.48996465,250292.299060345,4.0,119242.00931762,11.688910398686764
5694.0,1257522.56426048,249393.801523417,4.0,161292.15000905754,11.9909725959052
5700.0,1267357.40977456,249475.296435505,4.0,89491.17370806426,11.401895281612902
5701.0,1267361.99275056,249735.741107777,4.0,738265.8011806688,13.5120592029405
5702.0,1263315.19837841,243378.527789265,4.0,23697.479023202668,10.073123951136497
5704.0,1258513.7037175,257813.817532048,4.0,66860.26622603048,11.110360141809274
5705.0,1261114.87076016,240336.866922155,4.0,1093988.684961511,13.9053409190966
13898.0,1254874.52988978,249929.453043967,3.0,2783176.0915063224,14.839103312493494
5706.0,1261126.89335218,241019.905194849,4.0,1102736.4832200955,13.913305360553679
13903.0,1265609.59863676,256279.279866472,4.0,52566.12732473689,10.869827224079533
13910.0,1269964.46424122,240004.668713808,4.0,166570.7329555307,12.023175320746821
5720.0,1266080.20202924,249507.320691541,4.0,69814.60441559825,11.153598499179598
5721.0,1265595.75089276,255337.845433503,4.0,1365779.7317636134,14.127236055571524
5723.0,1267658.50334287,244917.800942838,3.0,30555.856984131333,10.327311664199039
5724.0,1255649.74486656,258188.356476426,1.0,0.0,
5725.0,1254004.92860888,238550.580456316,4.0,102611.78057595936,11.538708025555898
13918.0,1271584.07979488,244834.173870757,4.0,374248.0147206516,12.832673997580168
5727.0,1262132.02877721,235317.242405012,4.0,184385.0038420529,12.124781262730691
5728.0,1261836.73802491,235311.395941004,3.0,160458.06417543205,11.985787905015954
13921.0,1267343.44030254,244434.410542339,3.0,69590.04426580152,11.150376793932981
5731.0,1256656.1903716,239017.695976794,4.0,571283.6619670944,13.25564114631149
5732.0,1256344.00528328,239023.248808801,4.0,464432.9470095631,13.048572471615737
13923.0,1262086.09648916,233912.75344356903,3.0,346646.3076878959,12.756060252901522
13936.0,1254970.74486588,237789.869031534,4.0,85379.73720014165,11.354864082304658
13940.0,1264422.44612356,230227.087583795,4.0,5615671.733697936,15.541071771002537
13942.0,1261691.39191276,258519.521788761,3.0,45281.42368147066,10.720652154111376
5751.0,1273065.9564044,248776.850994796,3.0,162002.106803074,11.995364619087205
13945.0,1255619.34070654,245132.22379106295,3.0,44164.56425320113,10.695678032792989
5754.0,1251297.76470211,239260.869673043,3.0,19491.615814089844,9.877739693841484
5755.0,1251323.69475015,239923.423849732,4.0,46975.44739473777,10.757380348339298
5756.0,1267714.51569492,233064.489378706,4.0,401362.7571470731,12.902620928645884
5758.0,1253772.69872065,251341.020725414,3.0,423738.0,12.956870618691747
13950.0,1255651.81769857,258470.136380717,1.0,0.0,
5760.0,1253359.91478422,239224.950505003,4.0,86278.59669560769,11.365336835832201
13953.0,1257024.45897998,250436.04811649,3.0,55498.10229968112,10.9241041063514
5762.0,1256111.39024304,258926.787389189,3.0,19970.39043851041,9.902005977471136
5763.0,1255631.73341055,258936.588221192,3.0,217821.69623440743,12.291432099921032
5761.0,1253279.13801613,239224.702761009,1.0,0.0,
13951.0,1269588.97515284,247542.993201524,3.0,702147.1858484647,13.461898327481814
13961.0,1265511.90391667,251288.717365369,3.0,23969.285161621647,10.084528504773544
13963.0,1263570.79626667,234031.838179693,4.0,268032.9204383049,12.498865089405452
5774.0,1259655.89431067,248814.484786823,4.0,227241.35183342727,12.333767955577093
13972.0,1255886.0619868,234276.190691948,1.0,0.0,
13973.0,1255885.5767388,234542.040868208,4.0,5692848.403776067,15.55472127904821
13984.0,1268245.31908746,242243.599596098,4.0,354067.93924383115,12.777244092469745
5793.0,1262166.88272925,244366.937582269,1.0,0.0,
13989.0,1255334.81469025,236412.95088613,3.0,9084.974937927298,9.114377222205366
5799.0,1255334.63625824,239042.479080826,4.0,247836.83967331084,12.420525904089855
13997.0,1254926.05763383,256472.062650666,3.0,495981.7107653376,13.11429433157024
5806.0,1261597.71754466,238806.898472577,4.0,105211.23951239209,11.563725413050225
14000.0,1260885.49520794,245177.658095106,4.0,57260.05595746929,10.955358555903974
14001.0,1254641.98896153,237796.282407552,3.0,17638.196722172317,9.777822097701062
14006.0,1264719.46391585,250306.113332361,4.0,121497.4239861894,11.707648339778222
14009.0,1260972.86807202,249318.544435352,4.0,141607.42393577233,11.860813887792354
5817.0,1263498.6694186,244500.304110408,3.0,80444.35079172472,11.29532092983969
5820.0,1259224.53923823,254374.691192523,4.0,256787.11063789445,12.456002657318235
5821.0,1263035.76881014,247943.287345931,4.0,1171706.8841254923,13.973972118970124
5823.0,1263555.83402666,233398.559587047,4.0,402856.3183901738,12.906335247307675
5824.0,1255568.03107448,251488.954485565,4.0,34104.27209299507,10.437177936744062
5825.0,1254905.5153618,251494.865269572,4.0,51268.7932477948,10.844837527301499
14021.0,1260274.09155931,246905.228080869,4.0,433783.8060398013,12.98030154620278
14024.0,1265747.81847692,239664.81412145504,3.0,393857.9557376842,12.883745604845403
5833.0,1265456.88695662,248993.72459501,4.0,195737.45325416667,12.184529516034674
5834.0,1265697.66014086,249005.751475021,4.0,156022.84919825988,11.95775774472572
5836.0,1260285.32675931,247436.891761422,4.0,136333.6382361148,11.822860382805048
5837.0,1259627.88816664,247451.450417429,3.0,21083.691779858444,9.956255119193345
14028.0,1257380.73808435,240417.788970232,4.0,751297.9547267207,13.529557596041181
14029.0,1268221.12913544,233966.855651632,1.0,0.0,
14031.0,1268075.05559929,245178.290287107,1.0,0.0,
14032.0,1262760.99997786,238205.323879972,1.0,0.0,
14038.0,1257286.37475625,238166.39351192105,3.0,668165.6519767019,13.41229140377738
5847.0,1262042.76029712,259672.573629946,4.0,144349.46636366338,11.879992488261687
5848.0,1262055.16772112,260338.904318631,4.0,50781.81813825017,10.835293658836898
14042.0,1250066.99062085,247884.516465873,1.0,0.0,
5854.0,1268239.47691146,242715.88343659,4.0,473519.5397830335,13.067948457458055
14047.0,1253337.4928962,251300.029685378,1.0,0.0,
14051.0,1262745.92458583,246850.812528819,4.0,468259.1377638148,13.056777134827756
5859.0,1265084.87556423,245006.278126925,3.0,69036.49035180415,11.142390489468124
5860.0,1265089.18494023,245175.138415098,1.0,0.0,
5863.0,1254869.97571377,249664.353843704,3.0,366603.2915178733,12.812035592846817
5866.0,1269266.09886451,241885.346091732,3.0,25240.40168147935,10.13620123100868
5867.0,1269425.87281668,241881.122027725,4.0,116405.30834807764,11.664833417604555
14062.0,1254901.0675538,251234.862133309,3.0,2532.755364014836,7.837063065793487
14067.0,1260889.28426394,245349.222383276,4.0,52410.07655513835,10.866854152492309
5880.0,1260988.67709604,239012.780328795,3.0,92941.99623619036,11.439730881170842
5881.0,1268613.42891185,235607.074533299,1.0,0.0,
5882.0,1268623.31799985,235869.597925574,4.0,68029.63851628054,11.12769874973217
14075.0,1255071.42646597,257948.239484176,1.0,0.0,
5884.0,1265198.66474834,238346.112360105,4.0,1337471.636409386,14.106291551104551
5883.0,1265186.34686033,237840.161575586,3.0,550682.3184037432,13.218913367242367
5887.0,1273334.00114068,243912.146477804,3.0,91813.36040298684,11.42751310417783
5888.0,1273347.28920469,244372.131118283,3.0,147758.02603348112,11.903331255508581
5891.0,1252873.30390373,240878.104682699,4.0,235921.7666546392,12.371255531824291
5892.0,1252879.54371174,241222.847723052,4.0,195762.8861759857,12.184659441448744
14085.0,1251941.50159878,241242.316843078,4.0,183913.34093501908,12.122219952469175
5894.0,1267228.74827042,235865.923109576,4.0,462955.45321397024,13.045386115078813
14091.0,1257356.15222831,237083.122726813,3.0,778303.0911742642,13.56487130463979
14092.0,1267669.37860687,243586.028013483,3.0,99269.95963362497,11.505598282951519
14095.0,1272141.88773146,248804.475954816,4.0,133672.88177802926,11.803150913632129
14096.0,1254495.73404938,238541.771048307,1.0,0.0,
14098.0,1254487.91644938,244652.742126569,3.0,1172073.425604283,13.974284896989682
5911.0,1262777.87792987,234412.812452078,3.0,39973.60090960743,10.595974537955398
5914.0,1264338.99089147,245019.279086947,3.0,317705.04817861976,12.668878709897246
5915.0,1264038.92292316,245018.881774947,4.0,221035.51983994764,12.306078690842973
5916.0,1256048.29686698,241160.910506994,4.0,87228.50425432752,11.376286440132795
5917.0,1255718.47926664,241166.653291002,4.0,25521.18441824263,10.147264147754896
14106.0,1266311.98372549,233739.844963387,1.0,0.0,
14114.0,1260576.01322362,233607.95747526,1.0,0.0,
5927.0,1256311.40854725,238604.084904373,5.0,54846.888004444176,10.912300727620588
14120.0,1261585.75069664,245334.216495261,4.0,619691.1541631853,13.336976494462625
14121.0,1266271.03722945,255997.169530183,3.0,95578.8521740775,11.467706863000378
5928.0,1255982.1805149,238610.064552382,3.0,9840.737834597836,9.194285970426037
5929.0,1264882.62468402,238981.071400762,4.0,53190.076835212014,10.881627132277753
14124.0,1255913.19081883,236246.41904595503,3.0,37669.41963890139,10.536603894114032
5933.0,1267517.87825473,244921.937774837,4.0,522266.7961167018,13.165933839967625
5934.0,1254071.66204895,241197.885163024,4.0,203481.40175696052,12.223329887830609
5932.0,1267509.45572671,244620.952814534,4.0,481906.2838859236,13.085504942356486
14133.0,1271986.7328513,243115.401005,1.0,0.0,
14153.0,1265007.21265215,247788.551793784,3.0,91406.29885018432,11.423069670277592
14154.0,1252337.07100718,240569.62397839097,3.0,30634.10056329544,10.329869064953831
5964.0,1258659.26013365,259082.524285346,1.0,0.0,
14160.0,1254864.88259377,249109.910707131,4.0,1083161.0985839693,13.89539426707572
5968.0,1272904.05022824,242051.627563909,4.0,97605.99765741968,11.488694221921111
5970.0,1266885.39134207,235563.081829265,4.0,678462.5840340469,13.427584611613517
5971.0,1267054.68100625,232441.900386065,4.0,1173955.9194117456,13.97588973131581
5969.0,1272914.75461225,242422.428332284,1.0,0.0,
5973.0,1265213.81329237,233879.239715531,3.0,77106.9537047097,11.252948746207046
14166.0,1263000.5812261,257660.558971882,4.0,88569.63283493761,11.39154433331618
5974.0,1265331.38327648,233876.639011532,3.0,178807.72682907764,12.09406635571554
5978.0,1271502.4782588,249600.307379633,4.0,440446.8087326785,12.995544965041557
5981.0,1265161.27306831,243631.75889352,3.0,43908.4066958067,10.689861077217774
5989.0,1264984.10577212,250951.284341022,4.0,144207.66498301364,11.879009657642305
14181.0,1255283.0411862,237201.488678932,4.0,98298.88940938385,11.495768008099756
5991.0,1262175.66551325,236405.855078116,4.0,160914.23803294616,11.988626819015415
5990.0,1262505.47197759,236398.903334111,4.0,135043.50682327256,11.813352278266835
5993.0,1263995.02506712,258294.793916538,4.0,192396.5501902838,12.167313886649062
5994.0,1258823.26211782,258257.96460449704,3.0,19837.07681030817,9.895308031793414
5995.0,1258827.26506183,258539.046716794,4.0,126627.93863155416,11.749008448638493
14192.0,1254945.00707385,253088.122871205,4.0,935681.9928119434,13.7490309464619
14199.0,1260277.15715931,245894.88363184,4.0,72459.9089426843,11.190788707791976
1194.0,1263872.01156299,233390.008099034,4.0,688170.0600529462,13.441791266680976
14204.0,1267777.41380699,244914.698286831,3.0,29663.835071293932,10.297683908455774
6024.0,1264230.28215535,252971.089655086,4.0,1475942.4899281452,14.204807319920143
6025.0,1263477.15409058,247650.385713637,3.0,69699.26709253316,11.15194508152164
14217.0,1270837.96382612,249343.863667369,3.0,54445.58303957648,10.90495700550373
6028.0,1264176.35281131,237036.400742769,5.0,692583.1511819557,13.448183583744298
6029.0,1264192.00535531,237704.927271456,4.0,536109.2014992564,13.19209315344236
6034.0,1265743.6383809,231524.013473123,4.0,6102989.364961335,15.624289268933165
6035.0,1265751.68561292,231841.191649452,4.0,1854667.1416111272,14.433215799438093
14230.0,1265364.00100452,245238.410927162,4.0,127732.36004111225,11.75769241666181
6039.0,1252728.45705558,237900.152615651,3.0,12289.04268256595,9.416463305512023
14232.0,1262088.88292116,233122.686114758,4.0,513021.6791975448,13.14807338290433
6048.0,1269965.01675323,248279.910066277,3.0,22780.654933360376,10.033666986954895
6049.0,1269926.45150518,248471.354866475,3.0,7355.595010662692,8.903216528561869
6051.0,1258955.57520595,254377.584888533,4.0,316763.18725141103,12.66590973031253
14247.0,1270830.82769811,249063.953459084,3.0,21360.44205590681,9.969295988361237
6057.0,1262775.43172187,248214.902322218,3.0,30541.51467523218,10.326842173981273
14256.0,1254056.81987293,240537.01380235,4.0,139919.65154188836,11.848823619279779
14257.0,1262729.77271383,246107.215280056,4.0,637749.9095080603,13.365701494111551
14259.0,1268883.17278412,242798.558508664,4.0,325417.9428123051,12.692865613034538
14261.0,1265634.00375679,243239.746285126,1.0,0.0,
6070.0,1265570.19057272,254016.852344155,4.0,153316.94494347964,11.940262593281615
6071.0,1266256.67441343,254004.526264146,4.0,167512.98307898742,12.02881613816277
14262.0,1265823.34622099,243234.945389122,3.0,84778.0,11.347791354158918
6081.0,1267205.8595024,237115.137446851,1.0,0.0,
6084.0,1256565.2009955,243794.612589687,4.0,413412.9258827609,12.932202192994891
6087.0,1252715.53091156,236777.533798501,3.0,430686.245906995,12.973135136255522
6088.0,1253143.56380801,237239.517414972,4.0,73140.81619422794,11.20014185098248
14284.0,1257517.06589249,249128.049139157,4.0,702414.4677773049,13.462278918723753
14285.0,1256336.49545927,256059.452602252,3.0,223357.64304405416,12.316529546226356
6093.0,1269722.43486498,248088.204082087,3.0,37628.33510456594,10.535512638775742
14288.0,1263774.04945089,230097.552415669,3.0,19078.62765278234,9.856324016460677
14293.0,1257369.23683633,241751.841067597,3.0,47696.141446586655,10.772605781499388
14295.0,1257615.69136459,236741.534822464,3.0,645422.217963531,13.377659983113652
14297.0,1257040.38346,236489.064550206,4.0,108956.83721748723,11.598707093956607
14302.0,1255979.08541091,238514.608744279,3.0,168121.49724974,12.032442194918916
14303.0,1262609.56330569,239964.028713763,1.0,0.0,
14305.0,1257783.74845275,242963.68087683604,3.0,303753.3192354794,12.623971201101403
6119.0,1256374.8106593,257522.640891746,3.0,233477.42407333595,12.360840666506036
6120.0,1256071.043235,257528.648763746,1.0,0.0,
6121.0,1267051.10359824,245201.683247134,6.0,239049.071564906,12.384424130193564
6122.0,1270054.04939333,243203.10622108,4.0,139778.83417843533,11.8478166965931
6123.0,1270348.27089763,243195.131501079,4.0,154098.03098973454,11.945344243742698
14317.0,1265003.50039615,247638.354289621,3.0,62861.17441926443,11.048683993270643
6127.0,1271833.18129914,247097.07972906495,3.0,98745.73638267204,11.500303505959588
6128.0,1272168.16555548,246942.640432909,3.0,3847.546359018115,8.25519091476796
6129.0,1258426.05558941,254382.563896537,4.0,503633.8277786661,13.129604750815908
6130.0,1258437.92298143,255067.709177226,4.0,282919.5782254733,12.552917960358037
14322.0,1261867.26032893,232399.499554023,3.0,362823.3304103844,12.801671301689126
14321.0,1261957.03440903,232468.811426088,1.0,0.0,
6143.0,1265737.89988489,239201.92132099,4.0,770592.0003709233,13.554914330080761
6150.0,1271438.78712274,241019.330410853,3.0,93351.85260219211,11.44413099453826
6156.0,1258782.50659777,246108.658480063,4.0,3532008.338909434,15.077377201662836
14353.0,1255595.86211452,244067.940141976,3.0,6677.098294941659,8.806438785172553
6162.0,1272783.99768412,247995.257393986,4.0,35627.58241295756,10.48087540372854
6169.0,1261785.48944885,234869.433572546,3.0,388465.1355223491,12.869958703507637
6170.0,1261472.53636053,234875.662564561,4.0,269597.9694029572,12.504687126103784
6171.0,1265590.64260475,255073.862649232,4.0,355630.7724189623,12.781648315489065
14364.0,1254958.32073785,237207.698598951,4.0,87068.13870170104,11.37444629456076
14369.0,1261591.30973665,245600.136879534,4.0,408567.5286497056,12.920412488432207
14371.0,1254526.49609742,245592.070959523,1.0,0.0,
6179.0,1260100.14147912,237512.47690326,4.0,165136.1020647433,12.01452527387029
6183.0,1272680.43486801,250827.553588897,4.0,390107.03131781967,12.87417641973072
6184.0,1272525.15435585,251086.389045149,3.0,267787.94905172265,12.497950711419827
14380.0,1272775.75749211,247721.526321709,4.0,33281.877111089365,10.412768296922929
6189.0,1255572.59869049,251761.896885842,4.0,48770.2858971428,10.794876510838707
14381.0,1265790.18423696,242906.969388783,1.0,0.0,
6190.0,1254306.8154572,237220.099814951,4.0,285635.492941566,12.56247177673155
6196.0,1261564.86423263,253015.147319138,4.0,318931.52386515186,12.672731699994568
6197.0,1261587.59351265,253681.547575817,4.0,595322.0039312834,13.296857721218805
6198.0,1259705.42211872,251692.31595777,4.0,252390.2977787552,12.438731969048064
6199.0,1259441.46167046,251696.948533773,4.0,117948.4450634323,11.678002901734361
6200.0,1254814.98960172,245985.551151931,1.0,0.0,
6218.0,1263999.58967511,243368.820781246,3.0,165953.69137223106,12.01946406078281
14411.0,1253321.94998418,249889.476083934,1.0,0.0,
6219.0,1263518.92861862,243375.459565267,4.0,929007.5230818726,13.741872115806107
14413.0,1264164.95876329,242344.629292205,4.0,11825.409034089624,9.378005803382578
6222.0,1259694.06551071,251032.418357104,4.0,331324.7679138497,12.710854345269798
14415.0,1250247.72514904,241775.752811626,3.0,347139.5246988916,12.757482066582519
6223.0,1254975.47516988,236543.080166265,4.0,115363.40423524308,11.655842461750877
14419.0,1257417.04413238,241751.009387597,3.0,15700.189139734874,9.661428038380704
6228.0,1262551.59978564,237962.182311714,4.0,26146.292040742406,10.17146266367399
6229.0,1262558.90064964,238209.019431964,3.0,44964.75143755251,10.713634160423908
14428.0,1269760.78584102,246207.240304157,3.0,124591.58516920645,11.732796348297343
6237.0,1260588.49776763,253031.16267915105,3.0,29937.7143563826,10.306874314257328
6238.0,1261241.3649043,237492.468711242,3.0,43495.999324605,10.680424243298006
6239.0,1261249.7681043,237972.121639729,3.0,23275.21832711804,10.05514448242858
14435.0,1257284.52637224,238105.629543871,3.0,952606.2568987856,13.766956935560357
14441.0,1258061.22064504,240389.621034205,4.0,659404.7836800695,13.399092864188646
6257.0,1270356.30763362,245134.582703054,4.0,33319.687621238365,10.413903721123939
6258.0,1270362.62161763,245404.508975342,4.0,46997.92241883705,10.757858675860646
14449.0,1267536.04523075,236169.32701388,3.0,45977.88020239561,10.735915694653189
6261.0,1256859.6745318,247789.395953774,4.0,993523.9218930145,13.80901341908676
6262.0,1256865.61181182,248078.106354073,4.0,872840.7384177182,13.679508387959068
14454.0,1259047.09175004,260562.473726854,3.0,1124833.3278557293,13.933145429627785
14464.0,1269192.92446443,247463.846705452,3.0,1136658.488453671,13.943603365656912
6273.0,1264459.84010759,247647.43102563903,3.0,109904.65590073491,11.607368504378195
14465.0,1269432.95908868,247455.955313444,1.0,0.0,
6275.0,1256238.03862718,251483.24286955604,3.0,7271.911163773412,8.89177441957992
6279.0,1264734.14858787,250955.929653019,4.0,104751.72317685516,11.559348288024784
6280.0,1264484.18122761,250960.642869025,4.0,64120.270710533725,11.068515828650536
14472.0,1258383.09827738,240384.32938619,4.0,519035.885585786,13.15972830346828
6287.0,1260270.3586313,245362.539567292,4.0,337564.41035388206,12.729511616579021
6288.0,1260272.8523913,245627.874991566,4.0,372727.7273800588,12.82860347867558
6290.0,1266158.04074933,243616.714349508,3.0,71897.60832578309,11.182998279258568
14484.0,1263892.47773901,238996.007720768,3.0,599990.9820682027,13.304669904199004
6296.0,1263808.04087493,235715.197989419,4.0,76825.86532233813,11.249296650486675
14491.0,1265178.23959632,244289.587630197,4.0,86169.11060513473,11.364067046782552
6308.0,1268395.10583963,234546.079268217,3.0,79832.84763813262,11.287690323281764
6309.0,1268686.84638391,234540.633764207,3.0,125294.06772852287,11.738418795218463
6310.0,1263579.17482668,248462.709234476,4.0,397370.76711161126,12.892625046030824
6311.0,1260358.78333539,236063.380709767,4.0,339345.52141213213,12.734774104496951
6312.0,1260075.8019591,236068.22710977503,3.0,59040.98863063602,10.985987204233005
6321.0,1269230.60548848,254205.454648346,5.0,4427542.059799383,15.303355148266366
14515.0,1264300.21111542,256705.257082909,3.0,74279.62867110198,11.215592016411362
6324.0,1275601.708855,241094.243626922,3.0,254290.0,12.446230627003512
6328.0,1263241.29591434,244674.004846588,3.0,102710.13686478882,11.53966609469512
14524.0,1270707.16452999,245127.804143056,3.0,13564.56170241233,9.51521591365413
14536.0,1264791.66813993,243134.857005015,3.0,42748.28099520077,10.663084262917858
6351.0,1259615.36490263,246856.612720817,3.0,12630.66134916487,9.44388257732793
6352.0,1259537.61795855,246958.351024926,4.0,24586.87890747196,10.109968201878901
14547.0,1259974.922535,242009.668011859,1.0,0.0,
6366.0,1261844.57303292,253678.209335804,4.0,600366.0570515036,13.305294843251778
6367.0,1273238.49643658,250710.627636775,3.0,1132371.654735194,13.939824800764946
14562.0,1261816.79127288,234868.823396549,3.0,181114.83302240723,12.106886545666038
14565.0,1256885.57539584,249019.154995039,3.0,5051.244138731122,8.527389856031926
6377.0,1266007.66609317,239659.360041454,3.0,964169.6760250664,13.779022570578439
14574.0,1257428.6585964,257387.208763614,1.0,0.0,
6391.0,1266831.84587002,251257.518965334,4.0,244670.1163331236,12.40766611828333
6392.0,1267492.2815187,251232.982581303,4.0,305911.4906787077,12.631051092946768
6394.0,1261944.08100101,251655.79570174203,3.0,53047.52311339411,10.87894345328944
6395.0,1261793.57968886,251658.444341734,3.0,81317.26200573686,11.306113597791994
6399.0,1268244.30891147,245445.245423377,4.0,85690.26967483333,11.358494558756279
6400.0,1268651.65387188,245437.323567376,4.0,63860.5562705051,11.064457177012311
6402.0,1251910.61878274,239913.781801715,4.0,101288.3624892738,11.525726801991507
6404.0,1250972.60361378,238602.771624371,1.0,0.0,
14597.0,1254862.65584177,248786.835570797,3.0,253310.7513639535,12.44237228026844
6411.0,1263559.49380267,252440.821686536,4.0,967855.457867211,13.782838034724202
6414.0,1253324.42569619,249972.830900013,1.0,0.0,
14613.0,1257849.43370081,258253.533820495,1.0,0.0,
14614.0,1254894.7680338,250866.654900923,3.0,82035.1832250858,11.314903497945432
6423.0,1259236.50179824,255057.46181722,4.0,311718.476553975,12.64985574071976
6431.0,1267732.37092695,252364.570550472,5.0,1474173.84642217,14.203608286718586
6432.0,1268200.78961542,252351.437686458,4.0,2067288.6593657855,14.54174848027582
6435.0,1261029.50410408,239685.631657481,3.0,925118.3912239432,13.737676998816847
6436.0,1260783.87863183,239675.323625475,4.0,226249.17691464856,12.32939222360925
6447.0,1267022.13943821,244441.52075035905,3.0,318482.5033025451,12.671322817799503
6450.0,1260412.77303144,234370.481828034,1.0,0.0,
6451.0,1260423.20016746,234452.935076118,3.0,47247.40628089816,10.76315303788922
14644.0,1262479.29418556,232726.54288235295,3.0,2069120.2639690295,14.542634081654647
14642.0,1264744.44055589,230218.779871792,4.0,5692917.296680162,15.554733380632927
6457.0,1264506.35639563,237029.661222756,4.0,342631.0657991524,12.744409537349586
6458.0,1264520.32945165,237604.095783353,4.0,310059.46251069143,12.644519372617887
6466.0,1257506.26608448,248596.4104186,4.0,349289.27847054176,12.763655735993874
6467.0,1261612.42026468,246609.974448577,4.0,656956.5072068401,13.395373096199146
14658.0,1256710.42806765,257970.1879002,1.0,0.0,
14666.0,1264734.41661987,245779.459375724,4.0,512772.8226340548,13.147588185200641
14671.0,1265528.48196468,252020.32971811303,3.0,9407.75085225689,9.149289187247017
6480.0,1256196.70537913,249108.50155513,4.0,824867.0833505021,13.622977541246732
6481.0,1255526.80445044,249121.084211141,4.0,946394.8931915716,13.7604151955958
6482.0,1258395.09565338,241067.396906897,4.0,51200.85186725037,10.843511448921422
6483.0,1258441.30128543,241732.953963578,4.0,128738.0621478092,11.765535093045044
14672.0,1267691.66500691,232105.636641726,4.0,777100.81194337,13.56332536603448
14677.0,1254141.15958503,247509.32139349,3.0,243961.1246685982,12.404764166453047
14678.0,1274094.67218146,242600.749804467,1.0,0.0,
6489.0,1263501.26557861,232035.763105646,3.0,215760.9662893217,12.281926436341411
14682.0,1256392.28240333,241310.419755146,1.0,0.0,
6491.0,1266355.81431752,246006.903791949,4.0,1565735.0727763197,14.263865966748932
6492.0,1266713.31492589,245999.302767947,4.0,1077013.1073621977,13.889702126317205
6497.0,1263091.34314619,250335.381044388,3.0,1054135.302468514,13.868231370308148
6499.0,1264202.73399533,233699.039587349,4.0,313478.9240121453,12.655487408763772
6501.0,1269453.73361671,242793.206444666,4.0,410628.3230394578,12.925443760826216
14694.0,1269167.91364841,246472.342832431,3.0,8878117.152758388,15.999100060139288
6504.0,1271170.82763447,246964.801776931,4.0,549386.0894621692,13.216556732814519
14697.0,1266674.54462186,243940.409901842,3.0,40334.938083310335,10.604973322308792
6505.0,1271055.46763435,247239.724785224,3.0,172975.2827916692,12.060903989235854
14699.0,1258125.92426111,257352.106811568,1.0,0.0,
14701.0,1260481.39690351,237505.397799253,4.0,2266.003567094149,7.725773015767714
14704.0,1255928.69571486,236766.167014495,3.0,209409.5818670244,12.252047335048967
6512.0,1253269.33980814,235905.141157612,4.0,37346.16201037521,10.527985427861385
14709.0,1257038.33821198,257775.933692008,1.0,0.0,
14710.0,1265229.69092438,239674.786857471,3.0,109592.70768555716,11.604526115566735
6522.0,1270653.37201793,243171.386157051,4.0,154825.77426159076,11.950055726675984
6525.0,1270321.8759536,242283.258988142,4.0,392921.52446582704,12.881365187618973
14719.0,1271779.87761909,241405.889003247,3.0,50635.80560697014,10.832414225721191
14721.0,1269975.80382524,240424.215466231,4.0,106063.45905661212,11.571792864308001
6529.0,1264524.52663566,233690.302755341,4.0,167734.3729861867,12.03013689392938
6532.0,1269400.47192065,240916.249258742,4.0,226856.50574647656,12.33207296330763
6533.0,1269694.66526495,240908.324714735,4.0,310666.1175753534,12.646474037536748
6534.0,1262537.15268162,237473.765351221,3.0,32171.63224980136,10.37884035720522
14730.0,1268229.77451146,253968.274040103,3.0,73234.40349249622,11.201420582604143
14735.0,1261054.3508241,259696.260285974,4.0,815121.7983310403,13.611092826862045
6544.0,1257029.95830798,251070.46814914,4.0,40406.22759058616,10.606739200351452
6545.0,1257035.67875598,251730.306677818,4.0,43971.374582151126,10.691294123504527
14736.0,1255312.46339422,254417.339384571,4.0,198648.49609799933,12.199292190602456
14739.0,1266669.31006186,242464.00241231904,3.0,245114.4744626164,12.40948062310754
6548.0,1255369.92784229,256934.263163149,3.0,4806.346594653497,8.47769253076924
14742.0,1256674.13091561,257116.974395335,1.0,0.0,
14748.0,1269462.09553671,248096.280498087,4.0,43899.71810396311,10.689663177720622
6558.0,1260320.23747934,256388.638266578,4.0,189684.6482205953,12.153118226030529
6559.0,1260052.86691907,256392.95289059,4.0,263645.10606363806,12.482359182539561
6568.0,1267609.50737481,249497.643507525,4.0,1460426.7735852886,14.194239261644933
6569.0,1268493.59057572,235874.484389573,3.0,18916.542792163265,9.8477920982222
4562.0,1263179.29738627,232044.099041656,3.0,46950.48242306909,10.756848759835357
4563.0,1262857.40330595,232052.431393668,1.0,0.0,
14769.0,1262973.22167407,255952.461626142,3.0,40177.29693194448,10.601057362137402
14773.0,1258441.30550943,243731.84926162695,3.0,328573.78928640246,12.702516716602958
14774.0,1253777.43004864,251781.851893872,1.0,0.0,
6583.0,1256806.67792375,253730.416567862,4.0,422871.8882898096,12.954824547592583
14785.0,1256371.24835531,241705.910059556,1.0,0.0,
6599.0,1257121.25533208,243321.7658052,3.0,736.5918289560158,6.602033911030643
6602.0,1253621.0625605,235887.123493597,3.0,1198015.997609567,13.996177411165675
6603.0,1253284.66627215,236604.91767032404,5.0,1164719.7486462817,13.967991056941052
14799.0,1253777.34147266,251550.544565633,1.0,0.0,
14800.0,1253657.99030453,246577.341616541,1.0,0.0,
14803.0,1258029.229285,238092.755239844,1.0,0.0,
14804.0,1257894.56842087,238095.139111847,4.0,2579010.8226666125,14.762916481313232
14806.0,1257610.46301258,253722.200055853,4.0,337810.11418253754,12.730239224241345
14809.0,1273633.19838898,248762.446194783,1.0,0.0,
14810.0,1261457.05968851,234432.967588097,4.0,192587.02389059175,12.168303402715061
14811.0,1260978.48324002,249584.353331611,4.0,216810.7395657346,12.286780084063043
6625.0,1257432.3062764,243395.769901276,3.0,753589.27423587,13.532602769441134
14827.0,1253965.12880084,250718.299188778,1.0,0.0,
14833.0,1264836.36887598,237022.921446756,4.0,701876.72771452,13.461513066041924
14836.0,1255910.39888284,236146.458597854,3.0,38172.71698786674,10.549876324444334
6644.0,1270374.78168164,245924.37476787,4.0,64115.76876408304,11.068445615214891
20860.0,1267082.07927828,241637.84330748,3.0,323420.2755813222,12.686707919216545
6649.0,1263467.59140258,230677.730400264,4.0,1012753.0594951753,13.828182982038083
6652.0,1256213.39267515,249033.286195055,3.0,21533.89420070063,9.977383447235546
14844.0,1275648.78456704,241235.952363074,1.0,0.0,
14851.0,1272618.03902794,241794.52765964,1.0,0.0,
14856.0,1264342.05623546,259613.000253886,4.0,670731.8870163732,13.416124763847776
14858.0,1254450.09929734,236910.065702632,3.0,130624.26504929485,11.780080275268503
14863.0,1272792.12491612,248265.011826262,4.0,108818.60828186107,11.597437630782073
6673.0,1262474.95888956,251646.43646973404,3.0,294814.42534958967,12.594101370764978
6674.0,1262313.54487339,251649.287861735,3.0,444432.22757586825,13.004552853415849
6676.0,1261083.79831213,261027.531199336,4.0,122127.89710618585,11.71282411152992
6677.0,1261097.48720814,261873.389120206,3.0,100166.2605948235,11.514586690319243
14868.0,1264377.48561151,240983.624426812,3.0,1340920.1731764723,14.108866632659355
14872.0,1263469.73841058,250328.582452387,3.0,62065.09544638711,11.035939039794465
14874.0,1274630.08875801,241798.292779639,3.0,42467.33333333333,10.656490431915996
14877.0,1258713.95594171,246057.55755201,1.0,0.0,
6686.0,1259199.7134462,257541.794107765,3.0,169541.99999999994,12.04085596271898
6687.0,1259202.90832621,257736.40031597004,3.0,84777.99999999997,11.347791354158918
6693.0,1265356.57879651,244987.270958915,4.0,104768.0257677885,11.559503906681721
14890.0,1260228.62384726,245895.70155184,4.0,53504.28563014553,10.887517034912209
6699.0,1264917.41726007,246967.165296942,4.0,42840.73209929185,10.665244613568138
6700.0,1265157.22846031,246960.838192925,4.0,131863.60514545263,11.789523372999232
14897.0,1268784.30718403,255533.70559370503,3.0,100039.40266536456,11.513319414015758
14901.0,1273106.32606845,250103.346036151,4.0,160726.7305621049,11.987460876176092
6710.0,1265717.07281289,249765.434675798,4.0,116311.88149307706,11.66403049573975
14902.0,1254512.3727694,245035.109806955,1.0,0.0,
6711.0,1266086.66916525,249767.806067809,4.0,203167.697757552,12.221787014321173
14903.0,1268221.18558344,253436.535927564,4.0,306373.721132342,12.63256094663106
14906.0,1262722.99152981,250340.61035639,3.0,12764.941353893228,9.454457735375428
14909.0,1254961.88566586,245142.758831069,3.0,246784.9399362137,12.416272547823347
14910.0,1254810.24553771,244913.827886835,3.0,1770784.4477324334,14.386933197179257
14911.0,1267368.84375857,250005.22027604296,3.0,124298.83380282484,11.730443895337531
6718.0,1273574.41406892,242381.711852238,3.0,45412.19647863584,10.723535992854732
6719.0,1273831.92696519,242482.669036344,4.0,409713.2832566481,12.92321288491968
14923.0,1269351.1026406,253409.968375534,4.0,3597764.859851093,15.095823338341754
6735.0,1260946.33629599,254355.968760505,4.0,716716.1590166022,13.4824351681442
6737.0,1271471.49112277,248564.41112257505,3.0,103298.4360169474,11.545377514789315
14934.0,1254839.03977774,247418.678833395,4.0,4056500.5468653934,15.215831225629374
14935.0,1254509.72380941,247394.87768137496,3.0,4088767.252771352,15.223754077396933
6745.0,1257751.25149272,241078.740074903,4.0,209742.61063452545,12.253636394314487
6746.0,1262143.24829721,255699.740665883,4.0,297072.17409748764,12.601730398691837
14940.0,1268792.00561602,236389.4909181,4.0,7218701.643397769,15.792185666913811
6750.0,1255610.96669053,243813.630253702,5.0,248933.51893230109,12.424941147558316
6751.0,1262326.22884141,252339.720182434,4.0,608891.4613775801,13.319395306469241
6752.0,1262337.76100142,253003.063991114,4.0,776531.6708188916,13.562592707370024
6756.0,1252867.53686371,240559.432042375,4.0,280406.60726566066,12.543995997579861
14948.0,1252598.58262344,240328.27108213297,3.0,100899.31237088412,11.521878391361929
14951.0,1268447.58801568,233348.198434994,1.0,0.0,
14952.0,1268685.90155192,233340.999330983,4.0,6039356.848893894,15.61380808227018
14953.0,1268849.60657609,236401.45648612097,3.0,14536879.291181635,16.49219937781628
14954.0,1268869.18724811,235793.742757499,4.0,3554091.811323503,15.083610120599838
14955.0,1268931.39121617,235804.954021513,3.0,10877564.952126663,16.202212964795795
6767.0,1257448.36688441,237538.920039281,1.0,0.0,
6768.0,1257267.25770022,237536.936807275,4.0,156321.5469268205,11.959670363125934
14968.0,1268530.38148776,236656.23811838,1.0,0.0,
14969.0,1268367.1685596,236990.562214717,3.0,95445.11095613144,11.466306606848145
6783.0,1265410.18103656,234975.267044663,4.0,100315.99682784158,11.516080451041868
6784.0,1265710.14730887,234968.636516646,4.0,127664.952023895,11.75716454878225
6785.0,1251244.43145406,238421.369768187,4.0,44036.73481230775,10.6927794466781
6789.0,1267550.18103875,237939.00880768904,3.0,21295.351277493835,9.966244077994626
6794.0,1257173.28413212,258439.222716689,4.0,1104686.556171295,13.915072193121516
6795.0,1257322.30416428,258706.08082896503,3.0,37758.08487262695,10.538954900557615
14987.0,1268746.35281599,233340.966818988,3.0,11059067.161020052,16.21876120701311
6799.0,1260778.32579982,253028.11384715105,3.0,28431.209121330063,10.255242733509588
6800.0,1256282.45814721,254405.763640553,5.0,3908635.613123621,15.178698923014785
6801.0,1255954.86531489,254720.208888873,4.0,3953234.054994082,15.190044549985684
6804.0,1273093.19518843,244793.776622713,4.0,491998.80544107285,13.106231567506198
6805.0,1273112.61413245,245457.017071396,4.0,71878.93318877184,11.182738499228813
14999.0,1264936.58090807,248971.137330994,3.0,43429.47184955057,10.67889356449592
6808.0,1265482.73598064,239670.633641466,4.0,298917.89030136034,12.60792420028267
15000.0,1253962.96937685,237111.501606852,4.0,122892.82918409034,11.719067947099164
6817.0,1255584.6908505,252555.124918655,4.0,179445.9737489706,12.097629459706443
6818.0,1255588.65571451,252815.123446926,4.0,184322.7255688696,12.12444344353783
15014.0,1266422.92702161,238125.94512789,3.0,1638242.4387924536,14.309134541473698
15015.0,1266427.0376136,238270.941864029,3.0,62364.01923575159,11.040743773239592
15016.0,1261936.964201,262201.451136544,1.0,0.0,
15018.0,1266428.15671761,238319.671784088,1.0,0.0,
6833.0,1261150.5317522,251037.075509101,3.0,58864.07728042294,10.982986290207634
6834.0,1260882.45616792,251042.512821108,3.0,45413.913351421535,10.723573798564766
15030.0,1267304.5135185,240244.353962049,4.0,10898755.920609271,16.204159204961474
6839.0,1266674.95313385,243605.607405499,4.0,269968.35021722224,12.506060009691849
6840.0,1267035.43825422,243600.818669483,4.0,459909.1573972844,13.038784265043814
15034.0,1267499.5026387,234857.562212542,3.0,669952.7849571928,13.414962518670862
15035.0,1267509.78020671,235239.000420928,1.0,0.0,
6846.0,1264162.41809128,232706.560290337,4.0,1235283.8959358206,14.026811376878625
6847.0,1264185.42564331,233069.141282707,4.0,848010.5177758724,13.650648317734708
6848.0,1272320.89521964,245478.312943414,3.0,4679.556931136262,8.450958711595804
6849.0,1272340.39621165,246143.120368093,3.0,15064.96255627837,9.620126966083607
6851.0,1264983.47326012,258933.606909186,4.0,156714.15212811955,11.962178737783129
15044.0,1263742.55972286,247644.908081636,3.0,49789.81879508696,10.815565800245933
15045.0,1266414.27844559,232623.466338247,1.0,0.0,
15046.0,1266418.1905096,232744.734754369,3.0,63263.25175978455,11.055059898633464
6868.0,1260921.68343197,253025.81099914,3.0,41353.18309198552,10.62990467673904
6872.0,1256876.78109182,256569.738298774,3.0,45025.73533737314,10.71498950166811
6876.0,1270680.21476996,244034.334893927,4.0,107506.27278771358,11.585304476361086
6877.0,1267269.85054247,249218.28446725,4.0,15693.812365012527,9.661021796773747
15071.0,1254491.10838538,246367.615024328,4.0,9835855.241948076,16.101544965043196
15074.0,1261920.75364099,232333.862241954,4.0,456358.7731471176,13.031034562362223
15075.0,1261755.18967283,232188.571169809,1.0,0.0,
6886.0,1265554.68862072,253215.660343334,4.0,1086169.065248142,13.89816744438368
15079.0,1257780.36720476,238378.986920148,1.0,0.0,
15080.0,1256048.72829098,244334.195502236,3.0,24834.822030625,10.120002061444705
6895.0,1259851.39261487,241777.122219622,3.0,42389.99999999999,10.654667764346682
6899.0,1268658.85303989,245697.275439635,4.0,41588.385865442055,10.635576221342834
6906.0,1260397.18154342,259797.06553407,3.0,676797.0177497794,13.425126680866363
6907.0,1260411.29469545,260377.738238677,4.0,157132.86758112215,11.964847016754318
6910.0,1258670.16368566,260150.814782441,1.0,0.0,
6911.0,1259148.77987815,260452.769214749,3.0,145545.18000542806,11.888241832894947
15105.0,1261100.36023214,232977.173282608,4.0,96131.47575840028,11.473472072636609
15107.0,1272119.63710743,250399.29528445,1.0,0.0,
15109.0,1258276.00925326,238370.365928128,1.0,0.0,
6922.0,1264313.50346744,257628.154811859,4.0,179463.92820700057,12.097729509651831
15121.0,1254814.76553771,235090.189412773,3.0,5288252.336084809,15.48099837799937
6930.0,1257829.5921648,250428.756468475,3.0,81441.44635574344,11.307639591397564
6931.0,1257840.65552481,251064.774901137,4.0,76816.98847491811,11.24918109877424
6932.0,1268233.34302345,245040.089134961,4.0,63818.79473543857,11.063803014280017
6933.0,1261301.80247235,255711.223609895,4.0,746332.9568159711,13.522927102423113
15126.0,1271777.42456308,241285.011947125,1.0,0.0,
6936.0,1269709.00446497,241447.102507278,4.0,228878.919606356,12.34094840736313
6949.0,1264921.96023606,254558.39288871,4.0,208959.68462156807,12.249896615792496
6950.0,1264263.11146739,254571.361400723,4.0,130694.12091450737,11.780614917074274
6951.0,1266388.97732556,243221.158061102,4.0,272125.7627056488,12.514019601309766
6952.0,1266675.42884585,243213.299757093,4.0,389951.8536730023,12.873778558364481
6961.0,1267408.63339061,234310.783139974,3.0,169158.96663353228,12.038594182756773
6962.0,1267484.72350268,234309.093539983,4.0,2633662.9215664803,14.783886181025807
6965.0,1267346.92292655,244624.378030539,4.0,126371.72980016704,11.746983079035768
6967.0,1262195.39088927,237075.841574803,4.0,142517.45517882315,11.867219763672221
6972.0,1265461.66814062,233121.860322759,4.0,246039.33509039387,12.413246700873497
6973.0,1265469.27242862,233423.763235062,5.0,636776.6020157639,13.36417416977157
6986.0,1251331.49001415,248379.63921839,3.0,169541.99999999997,12.040855962718982
6989.0,1271228.94430652,242727.173164591,4.0,256627.2758730084,12.455380022759293
6990.0,1270447.25924972,248687.251442701,3.0,112617.76735171412,11.631754773995816
15197.0,1265663.37476483,246324.34641628,3.0,375901.98319780827,12.837083705403764
7009.0,1261623.54455268,247142.08491312,3.0,177413.59332915716,12.08623897122733
7010.0,1260926.78186397,247157.050737128,4.0,194173.76767134693,12.176508746783078
7011.0,1259644.94352666,248282.851314291,4.0,157492.32897550604,11.96713203114428
7012.0,1272848.86494818,245464.140079394,4.0,61612.92039056938,11.02862687412802
7015.0,1272102.12760341,247479.527793467,4.0,27950.182330933298,10.238179002030064
7016.0,1272110.00920342,247741.32945773,4.0,16812.35713158311,9.729869438558385
7021.0,1265312.69105247,240319.389226124,3.0,205671.5665808058,12.23403583847762
15213.0,1267112.4548943,234316.909795985,3.0,88709.02222030995,11.39311687925019
15219.0,1262059.49053714,233123.025698766,3.0,636455.761874028,13.363670192402433
7041.0,1257704.14064467,238380.35178414,3.0,126593.6833898103,11.748737893212148
7042.0,1257716.12490068,239046.055144832,4.0,1125491.626487529,13.933730499485637
7048.0,1258172.45994115,246959.67646493003,3.0,48385.24970215189,10.786950288036497
7049.0,1258182.26966916,247389.600817367,4.0,46827.63460713296,10.754228790697612
7050.0,1265437.84273259,232141.490209758,4.0,176575.19019678776,12.08150207142103
7053.0,1257831.4577008,244720.52510263,3.0,141773.17774909345,11.861983719680907
7065.0,1266288.91415747,257579.906875804,4.0,278845.53445210506,12.538413267531698
7067.0,1259397.10711041,259067.775293335,3.0,171903.56420388428,12.054688925326348
7068.0,1268463.85732768,241734.694507584,4.0,676654.422921856,13.424915967982004
7069.0,1268766.24388801,241725.690859571,4.0,238008.06163224688,12.380059824484354
7071.0,1261923.343209,238799.917864576,4.0,107128.52620829224,11.581784572121858
7072.0,1266724.66756591,232129.767841741,4.0,196288.38438595383,12.187340205747367
7073.0,1267046.57374224,232121.674017742,4.0,727352.7195486057,13.497166810176685
7074.0,1264235.77361137,253238.153783366,4.0,510961.0369347673,13.144048617618818
7083.0,1255350.53251426,255810.155833989,4.0,1760714.2531291118,14.381230110330922
7084.0,1255356.11421026,256465.34220266304,3.0,82507.42717488723,11.320643594632912
7085.0,1265862.62142102,243624.459053516,4.0,172961.48461725234,12.060824216423455
7086.0,1267544.53009474,253182.386487305,4.0,2428551.855901039,14.702805693597835
7087.0,1267497.8858707,251563.665973648,4.0,306966.6660164938,12.634494440923293
7088.0,1267504.7595347,251823.198261917,4.0,400977.8497062809,12.901661467122855
7090.0,1255554.97897847,250709.157492772,4.0,284317.5270727696,12.55784694566062
7091.0,1257444.5148524,258087.818940327,1.0,0.0,
7092.0,1257450.83178042,258433.550844684,4.0,939772.8589066776,13.753393485585686
7105.0,1256604.72521955,237339.107111081,4.0,86016.79670407722,11.362297866677556
20951.0,1263243.82609035,238379.97642414304,3.0,418877.8684556985,12.945334673015445
7110.0,1258632.51382962,251051.011125118,4.0,46048.61795024531,10.737453029294873
7114.0,1255604.64189053,253742.088759869,4.0,85255.22509053272,11.353404684652071
7115.0,1255616.71049854,254413.707512558,4.0,118082.86174792044,11.679141875210679
7121.0,1267219.64625442,250279.434292331,4.0,60793.59189520255,11.015239665939177
7123.0,1268004.30839922,231784.232097387,4.0,11656132.626592316,16.271343005189177
7124.0,1268326.07876755,231776.213409379,4.0,6037941.201593419,15.613573651141456
15317.0,1251140.00911795,248034.60376203095,3.0,466118.0,13.052194099937413
7151.0,1264964.9837881,246306.804400265,4.0,349009.35486441525,12.762854005594422
7152.0,1265389.96126054,246292.969840243,4.0,476185.5966756049,13.073562966201166
7161.0,1255218.64566612,236659.415270388,3.0,35960.844981945425,10.490185986138892
7171.0,1271506.3798268,246166.700080112,4.0,907123.2770448684,13.718033637220628
15368.0,1273579.00165293,242601.82071647,1.0,0.0,
7180.0,1262817.6967459,249544.579763576,3.0,61275.14448018932,11.02312956629136
7181.0,1262171.83741724,249558.691315591,4.0,131985.65719640066,11.790448538061817
7194.0,1258037.27882101,256451.230010644,1.0,0.0,
7195.0,1259488.6036225,254371.850936517,4.0,229487.5538298629,12.343604075333989
7205.0,1258398.38800539,260549.000382841,3.0,585069.07011983,13.279485187825353
7206.0,1257215.32541217,259806.594366089,4.0,1587634.3864795335,14.277755659066623
7208.0,1260959.06820001,255027.152441189,4.0,443984.20734515047,13.003544271739315
7213.0,1266408.13246159,243610.806509495,4.0,352343.597840664,12.772362108704083
7217.0,1267649.29303886,242730.411308601,4.0,417456.9848515374,12.941936787669343
7223.0,1264292.51991542,256171.340474367,3.0,42734.1387429772,10.662753381962549
15416.0,1260227.98506325,242176.151596025,3.0,1716.6909758164368,7.4481538655591795
15417.0,1260309.73226334,242343.574508205,4.0,2797.9191635834245,7.936631264023028
15418.0,1258354.56586134,238033.767527789,4.0,4462869.138013686,15.311302421651988
15419.0,1258674.06096567,237992.673063755,3.0,5165720.681388391,15.457555182532799
7229.0,1267913.57169513,240964.892202795,4.0,334395.10802673106,12.720078530979011
15422.0,1260423.50762346,242213.749292076,4.0,10010.780679021422,9.211417859180441
15423.0,1259925.28880695,242284.539180145,3.0,14040.378387148005,9.549692627868207
7232.0,1257108.90794006,235964.174501672,3.0,169542.0,12.040855962718982
7231.0,1257452.91939642,235955.859237656,1.0,0.0,
15426.0,1258255.22026123,234925.396772608,4.0,7292098.5424382435,15.80230192846314
15427.0,1257482.29072444,234903.469604582,3.0,2060.015771704033,7.630468917921324
15431.0,1260009.33130303,240357.789738163,4.0,397025.792683507,12.891756526535023
15432.0,1267313.21822251,245175.328687102,3.0,141816.50544023636,11.862289285743767
15433.0,1267217.63217442,245000.75684692,3.0,13940.751232375893,9.542571573276819
15434.0,1259926.56931895,242372.790956229,3.0,653368.9443680245,13.389897247738906
7243.0,1261857.15466492,254344.916600496,4.0,1303304.60396129,14.080413600054035
7241.0,1269023.89988826,240923.525482744,4.0,119216.20296563325,11.688693955295358
7242.0,1269239.45419249,240920.587178752,4.0,138861.59745142443,11.84123301428419
7246.0,1257511.66698048,248862.274354875,4.0,264147.6489949824,12.484263502287787
7247.0,1256882.54979584,248876.295346886,4.0,152586.10870224683,11.935484362904187
7249.0,1261276.58858433,253019.20306313,4.0,236590.0838728052,12.374084318713246
7250.0,1261038.21309608,253023.939319134,3.0,51119.687177794665,10.841924969662479
7251.0,1261238.5194643,237330.044135064,3.0,22165.337145817048,10.006284957792868
7252.0,1271215.53816251,242262.589420125,4.0,416693.8609366813,12.94010708472866
7253.0,1262383.20644146,255136.678521305,3.0,143913.21848487997,11.876965747481435
7254.0,1262395.17853747,255696.303673878,4.0,412546.5278779914,12.930104273251748
7255.0,1264748.83722788,251605.856501684,4.0,122452.69074179269,11.715480036347072
7257.0,1255300.41155422,253744.917815879,4.0,112270.42340280196,11.62866573473637
15456.0,1263166.77508226,241746.615403593,4.0,12425764.773144975,16.33528267921132
15457.0,1261415.03748047,242899.77911678,4.0,12599492.108671408,16.349167062273683
7271.0,1253970.83843285,250893.335924953,3.0,330574.5232086774,12.708587399114908
7272.0,1260694.03395973,258372.354428619,4.0,1053859.718601367,13.867969904919509
7273.0,1260725.04931976,259703.692349985,4.0,929813.9787441422,13.742739822266438
7280.0,1262017.45488909,258266.1000925,3.0,3153421.568109064,14.963998633398415
15474.0,1270105.14372937,255825.018682003,1.0,0.0,
15477.0,1267536.48811074,236201.00803791,1.0,0.0,
7287.0,1260961.67517601,248786.942834795,4.0,165162.17372460937,12.01468314123946
7288.0,1260313.63447134,248800.51038681,4.0,199158.3521253896,12.201855526597514
7295.0,1256229.31753916,250963.360053033,3.0,37944.89165607904,10.543890166545468
7296.0,1262835.93156193,236392.544742107,4.0,149856.66343320196,11.917434539111534
15499.0,1252096.40809493,240893.82244272495,3.0,43269.30218132916,10.675198706010754
15500.0,1252087.95407893,240575.184682399,3.0,5513.755944422658,8.615001329527416
7316.0,1266377.73879756,242761.721324638,4.0,85200.09005555007,11.352757769806873
15513.0,1260239.47453527,244375.339438289,1.0,0.0,
15514.0,1260222.20323925,244391.081902295,3.0,2559549.9600888826,14.75534200416139
7323.0,1256580.95625952,236755.247398481,4.0,300089.71807116235,12.611836769165947
7324.0,1256832.59715578,255208.878457382,4.0,824472.4509728265,13.622499007413044
7329.0,1265324.08702047,243637.223149523,4.0,118299.46566208253,11.680974533152241
7332.0,1261514.24196057,249041.062067062,3.0,218312.52038604103,12.293682894929274
7333.0,1261519.78000858,249306.92440334,4.0,98234.8550542102,11.495116370818694
7334.0,1266214.89002939,250304.655028358,3.0,10351.694623883868,9.24490551706715
15529.0,1253534.1224644,250462.87422852204,3.0,169542.0,12.040855962718982
15530.0,1253353.48470421,250467.786292523,3.0,84778.0,11.347791354158918
15531.0,1253351.43516822,250366.292724416,1.0,0.0,
7340.0,1268650.13451189,252982.22975109503,3.0,161837.43132849468,11.994347600042998
20997.0,1267684.39038289,235692.606181398,1.0,0.0,
7342.0,1272826.08715616,249272.86769929496,3.0,77172.10061948813,11.253793279756152
7345.0,1260636.48093568,251678.123061761,3.0,27725.405772724564,10.230104447737242
15543.0,1253525.42000039,250471.300340533,1.0,0.0,
7355.0,1254914.85232182,252040.579062134,4.0,108086.37733980476,11.590685976627995
7357.0,1258844.29686984,248300.870962307,4.0,232448.46245618712,12.35642381258271
7358.0,1258201.63376518,248314.922162324,4.0,177430.7807397931,12.086335844177308
7367.0,1260233.98698327,251683.673909768,4.0,637086.9914921167,13.364661489582069
7368.0,1259969.38256699,251687.684405774,4.0,91791.89759758452,11.42727931124909
15569.0,1254060.67158495,254871.492345035,4.0,12312319.567166938,16.326110909911808
7377.0,1264577.25092371,246582.304880545,3.0,92406.68549463549,11.43395460885041
7386.0,1268237.01758346,245175.378223106,4.0,115253.30694277988,11.65488765409392
7387.0,1262790.68560988,234849.831588537,4.0,52029.032333386895,10.859557155867826
7388.0,1270984.78014627,244452.651950359,4.0,180069.0806248369,12.101095837496255
7391.0,1261406.55684046,251031.855029106,4.0,413529.7705593871,12.93248478737031
7396.0,1260793.26410383,240342.581418157,4.0,387072.5379301935,12.866367390960018
15590.0,1260177.9467272,242026.634859875,3.0,1318221.6382451777,14.091794142460097
7399.0,1254328.23926522,235887.931557596,3.0,4032958.086742312,15.21001068122583
7400.0,1254203.21654509,235889.963045597,4.0,1893798.005678757,14.45409489745186
7401.0,1264874.72017202,238671.185192436,4.0,57365.21217109801,10.957193338842249
7403.0,1255057.14825796,257482.246651709,1.0,0.0,
7404.0,1265160.28650831,248542.32913854704,3.0,292104.9060505603,12.584868284025816
7405.0,1265445.6091326,248523.875442535,4.0,485780.1827570112,13.093511501710765
7406.0,1265531.07121269,252134.569334224,3.0,91324.73695848836,11.422176971379985
15598.0,1260169.6708232,240352.921002164,4.0,41818.5716454894,10.641095817580814
7410.0,1273597.09246895,243391.016301274,3.0,272352.84402734006,12.514853725303066
7411.0,1273598.88018095,243608.010285497,1.0,0.0,
15612.0,1257482.29072444,234970.828708649,3.0,158608.1459180343,11.974191948263897
15613.0,1257379.00714034,234973.074148655,5.0,378669.5252091537,12.844419138534466
7423.0,1264810.05201195,232818.088290453,3.0,745378.9224313294,13.521647988771218
15616.0,1273601.19749296,247519.946033508,3.0,25104705.135846384,17.038565842145815
7425.0,1253446.86966431,251310.637621388,3.0,169542.0,12.040855962718982
7426.0,1253653.18486452,251547.36811763,1.0,0.0,
15620.0,1273409.77426076,243284.896749169,3.0,5421242.91577493,15.505835667379635
15621.0,1273492.32562084,244735.092014655,3.0,4237018.088582207,15.25937029879529
7434.0,1265454.6465086,237140.225318879,4.0,332299.8619497592,12.713793038904017
7440.0,1260896.64151195,235097.41674079,1.0,0.0,
7447.0,1250189.36502098,241699.663403541,3.0,306886.51738366147,12.634233308015766
7448.0,1249505.01826827,242177.05450803,1.0,0.0,
15644.0,1260230.85021526,242420.819756284,3.0,728079.6673240648,13.498165754328905
15645.0,1260186.39229521,242530.89431639,3.0,2581609.3267740016,14.763923532501558
15647.0,1259819.30378284,242374.622636229,3.0,725505.3645946225,13.494623745620354
7456.0,1266681.78974186,238739.318568513,3.0,1123130.5282655149,13.931630458725333
7455.0,1266411.51038159,238745.147944525,4.0,46233.18125142157,10.741453028186466
15650.0,1257374.51664433,234903.469604582,3.0,56534.52378515413,10.942606770970539
7461.0,1266240.08458941,254268.273080409,4.0,3428534.8736354555,15.047643577343743
7467.0,1251666.91260649,248572.444914579,1.0,0.0,
7478.0,1258861.87984586,249098.207283124,4.0,541867.0420739325,13.202775940501713
7480.0,1254851.50825775,248132.353586137,4.0,47403.33486298597,10.766447860967515
7486.0,1264456.54845959,235259.94461295,4.0,225711.11038906893,12.327011187952353
7493.0,1270003.21681726,241439.093035281,4.0,346615.424738162,12.755971158268688
7494.0,1270297.64273757,241431.381099269,4.0,505165.1697763288,13.132640723646153
7499.0,1273599.74731696,248761.392690778,3.0,296908.28637379303,12.601178570008033
7500.0,1273617.82802097,249528.944947556,4.0,1188010.0015564845,13.987790197687879
7503.0,1255042.80150595,235876.015909582,3.0,119601.48181394284,11.691920510170602
15696.0,1259750.39248677,234490.785764158,3.0,36507482.06978425,17.413027785758775
15697.0,1253327.84233619,251583.182005659,3.0,31423819.718666323,17.26307675306114
7505.0,1255294.66646621,243815.781549707,4.0,97480.6178357726,11.487408845796331
7504.0,1267905.49329512,240669.234986484,4.0,504914.7158507127,13.132144814492209
15713.0,1261035.27248809,245096.215343028,3.0,58842.051051766335,10.982612032227598
15715.0,1263354.26455446,243212.8289731,4.0,73392.01221073628,11.203570383213878
7525.0,1257415.23574838,242417.474924281,5.0,2158080.9764354937,14.584729947931013
7536.0,1255338.77699424,255336.397241503,4.0,4224598.539559165,15.256434794036021
15736.0,1260822.66986386,245092.89643101403,3.0,27133.178529651534,10.208512558010849
7549.0,1256545.01206748,258721.938364968,3.0,44893.12546430413,10.712039954308926
7550.0,1256550.88381149,258991.959485248,3.0,42735.93333333332,10.662795375383467
7551.0,1256354.87401929,258921.812989175,4.0,1892638.47993037,14.453482434631454
15749.0,1257585.01494855,237818.450023577,1.0,0.0,
15750.0,1257275.75043623,237823.64419958004,3.0,204422.1480215631,12.227942487711449
7559.0,1263452.04484256,234837.037028521,4.0,134849.73541820102,11.811916366520723
7562.0,1268040.39595126,232416.966370031,4.0,3627671.34272181,15.104101497007276
7563.0,1268342.28638357,232408.913570032,4.0,10014178.302576073,16.11951247704366
7567.0,1259189.88048619,252361.434358463,4.0,68756.99403149394,11.138333741721718
15761.0,1261234.51613629,245608.322863549,4.0,110529.28688464568,11.613035804503184
15762.0,1261226.06832828,245341.966127276,4.0,61941.80031332324,11.033950518544312
7571.0,1253747.99177662,241860.457323715,4.0,117087.4131412584,11.670676055689489
7572.0,1253762.90416063,242520.015084386,4.0,86377.74654543863,11.36648535848557
7573.0,1265776.53495693,232827.241186455,4.0,181498.90073225083,12.10900487609708
7585.0,1272040.53553936,244417.894830331,4.0,116913.82514245973,11.669192405159142
7586.0,1262339.02608941,261261.679039568,1.0,0.0,
7587.0,1258382.80765337,239035.80912882095,5.0,4560234.434927514,15.332884591337374
7588.0,1262077.78384915,253007.239543125,4.0,469089.9534880866,13.0585498275195
7589.0,1260623.77821566,255032.45004119,4.0,388040.255843004,12.868864365396217
7590.0,1260293.92451933,255037.424761206,4.0,292535.1662064554,12.586340164774295
7591.0,1251043.75964585,240594.517930418,4.0,23761.0540738534,10.075803135870224
7592.0,1251058.92105387,241260.46641109895,3.0,31879.7978134241,10.369727790770618
7599.0,1260666.38506371,257045.724859253,3.0,103757.73729770193,11.549814011675657
7600.0,1260669.96938372,257217.725499436,4.0,118971.99272448232,11.68664338913682
7603.0,1264969.40926011,250301.616628349,4.0,124151.51081013224,11.729257960094102
7605.0,1257125.61494808,259520.285245791,3.0,107380.94297783736,11.584138005627677
7606.0,1256845.19945979,259525.949565798,3.0,668702.8545859985,13.413095076891937
7607.0,1264206.01514733,238363.46269612,3.0,386560.79945702816,12.865044442418192
7608.0,1263878.383275,238369.188392133,4.0,300010.6804266263,12.61157335442671
7613.0,1256915.91555586,250436.971380487,3.0,200185.58635164943,12.207000147025896
15815.0,1268717.39588796,234274.20611594603,3.0,3970520.585320882,15.19440777387036
15816.0,1260173.79882321,241798.432555646,3.0,3034914.6803261456,14.925693870161691
7638.0,1262110.83364119,245056.502126977,3.0,351513.3335774823,12.770002922877508
7640.0,1256056.03638698,241491.928875327,3.0,394274.41893379786,12.884802440595996
7644.0,1253565.20374444,236898.096230626,4.0,126218.15976221982,11.745767115426654
7667.0,1265783.62750095,233117.97648274904,5.0,299650.5299593573,12.610372174479318
7669.0,1258884.07664588,250161.878708214,4.0,2522386.137944181,14.740715891615974
7671.0,1266875.79652606,252657.638518766,4.0,565445.4644463847,13.2453691321273
7672.0,1258043.03728501,238374.284840137,5.0,2701901.0185818914,14.809466164182101
7673.0,1257899.15306087,238376.86064814,1.0,0.0,
7676.0,1254896.61974579,250974.863669038,3.0,40902.720120859296,10.618951846441902
7681.0,1262874.90692197,237724.384615466,4.0,267791.55476507894,12.497964176137318
7690.0,1258888.40304588,250418.009460464,4.0,392812.5898928306,12.881087906610796
7691.0,1258899.33251789,251046.426165119,4.0,161992.73553993503,11.995306770862992
7700.0,1265206.45111635,238665.940776438,3.0,26259.113733450817,10.175768397609067
7701.0,1265304.92862046,258264.015420511,4.0,98610.96866092844,11.498937778429212
15896.0,1268735.36631997,234376.49629204,4.0,3601595.069904852,15.096887380271177
7727.0,1268113.04177533,241742.154411584,4.0,480874.6669212079,13.083361947402851
7736.0,1255946.26883487,237351.14154309,3.0,4237.458654835689,8.351718994670177
7737.0,1257533.6019565,249925.286387965,4.0,1672024.4454987417,14.329545693033507
7738.0,1256905.20496385,249930.516659975,4.0,1991541.460720036,14.504419500227215
15945.0,1250149.25161293,244886.126830801,1.0,0.0,
7756.0,1268387.86142361,245702.605167642,4.0,1039692.504135682,13.854435558298524
7766.0,1257731.13206869,259371.947901636,4.0,297794.4552296008,12.604158779950584
7767.0,1257736.72099671,259629.780733898,3.0,37857.46670724741,10.54158351040752
7768.0,1256199.11414713,249654.075955689,4.0,323296.2251544509,12.686324287661602
7769.0,1256202.84579514,249914.50885196,4.0,2362800.666198472,14.675358196368146
7770.0,1267078.37489428,233383.113059029,4.0,867872.4580603881,13.673800045127637
7771.0,1267078.74628627,233693.288675338,3.0,58291.82508110136,10.973217140913158
7775.0,1256258.89129919,253066.034999177,4.0,120215.5162880956,11.697041380007573
7776.0,1256270.6736992,253735.888951868,4.0,382006.3814717709,12.853192592872663
7789.0,1256860.96784382,245293.279535219,3.0,111437.95094083383,11.621223221177983
7799.0,1267555.45431876,253714.13707985,4.0,320375.3110409977,12.677248434531286
7800.0,1267560.91659077,253980.024632126,4.0,124265.91296752314,11.730179007931559
7806.0,1264787.07793193,235253.331812948,4.0,351978.4699472289,12.771325287786938
7807.0,1264508.64676364,252037.452086136,4.0,33204.536710508575,10.41044179347599
16008.0,1255949.41449888,254409.737720564,4.0,45702.003506759895,10.729897416331834
16011.0,1255628.99293055,255114.170681283,3.0,68579.73123805512,11.135752307054073
7827.0,1270939.71000223,247513.925041497,4.0,229085.4048424746,12.341850159919334
7828.0,1270661.21316995,248176.60645017,4.0,235740.99210704307,12.370488990251568
7829.0,1262525.17271361,237068.736614808,4.0,156949.34653467903,11.963678398735972
7831.0,1257334.70147629,253725.015671864,4.0,357372.1441735698,12.786532938472908
7835.0,1260971.70762402,255715.7272259,4.0,489778.7413675567,13.101709019878731
7836.0,1259408.73501442,259536.829117805,1.0,0.0,
7837.0,1259410.47024642,259606.808637887,3.0,95711.1667698942,11.46909025579472
7846.0,1255580.7279065,252295.132662401,4.0,151914.78248440413,11.931075001060202
7847.0,1254919.30211382,252300.695350394,4.0,245462.1058670432,12.410897859382372
16038.0,1264288.78961141,246446.560688406,3.0,371683.2182166297,12.825797206534954
16039.0,1264260.60394739,246448.496048406,1.0,0.0,
16041.0,1262563.17034565,231598.051681206,3.0,128641.36776359912,11.764783716846933
7851.0,1256876.91990782,248610.454706624,4.0,300153.51293019805,12.612049332526867
16040.0,1262853.54346594,231554.83100915,3.0,51092.22317283049,10.841387576211346
7854.0,1261286.39696833,252357.452406451,4.0,273688.0161064867,12.519744109293013
7856.0,1256678.34582762,239827.538217634,3.0,40118.78697243377,10.599600006634583
7861.0,1252005.27836683,238179.903015941,3.0,321.98477727278936,5.774504268876541
7862.0,1251854.31510268,238323.267240092,3.0,100383.84593914512,11.516756576273984
7864.0,1254245.67779313,251768.02315785,4.0,197221.2330945829,12.192081388247784
7865.0,1265580.42775674,254545.898168698,4.0,260986.27512532403,12.472223099195425
16058.0,1267680.39761488,235886.181925595,1.0,0.0,
7874.0,1260611.69066365,254360.158712506,4.0,650272.4701252888,13.385146738846549
7875.0,1266098.04087727,232819.68080245,4.0,199733.7028195429,12.204740272412904
7876.0,1265321.81969248,259586.474045858,3.0,48227.17639952036,10.783677966864884
7882.0,1272811.49106014,248784.5071228,4.0,191955.4064423414,12.165018365921021
7884.0,1260324.48451936,249332.33413136,4.0,207142.1057301637,12.24116033782531
7885.0,1259666.53635868,249346.78552337,4.0,233218.50636476255,12.35973108864923
7888.0,1264612.20657174,244090.214701995,4.0,794240.2730401324,13.585141305333613
7895.0,1258851.88867785,248566.644082576,4.0,301560.12499768543,12.616724694829085
7898.0,1267016.4278222,243205.469101086,4.0,748957.4361426882,13.526437433304753
16092.0,1251712.96726254,241837.666731685,4.0,26364.80803792317,10.179785370994509
16093.0,1251425.35759825,241776.11172361704,3.0,3432.5477566310565,8.141058050620666
7902.0,1261891.51485696,237963.854887724,4.0,87484.75334477889,11.379219809674607
16096.0,1264803.68586794,243637.857965529,3.0,38238.62723105649,10.551601467751517
7908.0,1262407.47805749,256477.796858683,3.0,290876.71629126073,12.580654801029851
7915.0,1258716.78595771,255929.518458113,4.0,1731981.770704321,14.364776843051624
7920.0,1264966.5651001,257612.036091834,4.0,162124.46994750865,11.996119652207131
7922.0,1269368.24036862,244883.507758811,4.0,74786.57291822074,11.22239364140846
7924.0,1270711.81707399,245311.86545524,3.0,39723.27964582243,10.589692683879933
7925.0,1271007.75973029,245304.250671238,4.0,228650.83595184097,12.33995138511206
7926.0,1254815.33475371,245145.133167073,4.0,2096454.9449239385,14.55575835474621
7931.0,1272981.58520432,251150.94040522,5.0,930547.1846475138,13.743528062696052
7937.0,1265433.30110058,248028.921714023,3.0,310065.5212215221,12.644538912907313
7938.0,1271266.31793857,244019.240749925,4.0,101401.43522916683,11.526842524172846
7939.0,1271278.70046657,244445.040430352,4.0,174229.1641818149,12.068126747193798
7941.0,1262718.17559381,245575.314735517,4.0,322473.4854596154,12.683776196208974
7942.0,1262125.3149212,245592.631343529,6.0,538850.3980462583,13.197193256720555
7944.0,1260836.46941587,261944.86764827403,3.0,143628.102840228,11.874982618679077
7945.0,1258663.82282166,260783.450367078,1.0,0.0,
7946.0,1258297.25270928,256216.572026402,3.0,57592.79007382823,10.961152666519903
7947.0,1258304.25430928,256630.883194834,3.0,6194.210450023807,8.731370336388608
7948.0,1261607.42647266,246371.078896329,4.0,1123619.1069067395,13.93206537914662
7949.0,1263496.2268586,236379.484070092,4.0,167122.51256742928,12.026482430628137
16145.0,1251283.3447981,242271.284908131,3.0,29567.23753903771,10.294422187415128
7956.0,1269401.53099266,246213.986352161,3.0,69896.61214669043,11.154772459904134
7957.0,1253318.95984018,249777.48907581,4.0,127164.0,11.753232870962837
7958.0,1253290.92937616,249779.051123813,1.0,0.0,
7962.0,1264877.89406002,252419.479862526,3.0,111663.06034487144,11.623241226198523
7963.0,1265017.41342016,252417.16786252,3.0,198728.24133337117,12.199693548955528
16158.0,1252194.27407902,240572.81130638704,3.0,7240.29069472855,8.887416635779324
7968.0,1264911.17418805,254025.970104173,4.0,134642.46864703594,11.810378163864723
7969.0,1264916.70500405,254294.424632445,4.0,3310901.106764113,15.012730947996374
7980.0,1260005.05309503,253701.617719829,4.0,316162.7862194606,12.664012506190879
16175.0,1260073.2028551,242660.637164533,4.0,15243453.678408977,16.53966070186667
7987.0,1253717.87798458,240543.377642363,4.0,89113.04216631927,11.39766097947324
7988.0,1253392.87139226,240549.48029837,4.0,315960.0244297489,12.663370979597472
16181.0,1253389.49212825,244086.62775798104,3.0,1919397.751470317,14.467522023689682
16188.0,1264081.9245232,247367.386929348,3.0,607562.6266681551,13.317210538049205
16189.0,1263892.755243,247371.676017359,4.0,421954.8969247672,12.95265370798095
7998.0,1265710.04919687,249508.403699547,4.0,68172.03735042033,11.129789750230037
7999.0,1253132.49039999,240554.412394375,4.0,160143.9206417972,11.983828193915897
8000.0,1253137.80988799,240872.751338691,3.0,72238.41958375314,11.187727310550242
8001.0,1262945.60036203,240322.403370127,4.0,241220.90189924708,12.393468398037662
8002.0,1262958.62986605,240831.456810653,3.0,37208.40253003039,10.524289889218625
7997.0,1269581.67563283,255509.068153679,4.0,3429351.182431924,15.047881641608344
8025.0,1272625.28504395,242044.327083901,4.0,239712.72161252832,12.387196492074343
8028.0,1259335.53667834,247222.789489195,3.0,8422.605740187135,9.03867452969132
8036.0,1271560.32651486,244011.605933905,4.0,80557.3064404862,11.296724091387665
8037.0,1263338.15402645,249667.422387704,4.0,351485.28643706103,12.769923130002708
8038.0,1261411.97181647,261019.420031324,4.0,115781.8353004437,11.659462969126324
8045.0,1256232.95696317,258602.49439685,3.0,3183075.7761327773,14.973358512494455
8046.0,1255629.74326655,258838.53561309,3.0,3466129.6540649747,15.058549155962831
8047.0,1267452.46334265,248953.086514965,4.0,166410.62022460977,12.022213628797818
8050.0,1271166.10392246,249892.531507939,4.0,86280.50480953477,11.365358951315077
8051.0,1271394.45912269,250164.500788212,4.0,14784.172713543405,9.60131247627693
8063.0,1268664.41892789,232400.921122015,4.0,8117354.326586827,15.909514837197477
8064.0,1267518.13841473,235549.166501239,4.0,186206.83552752156,12.134613353825406
8065.0,1267749.86859097,235544.072357237,1.0,0.0,
8066.0,1257886.45558886,253719.909367859,4.0,283073.849088049,12.553463093424789
8067.0,1257897.95293286,254387.52972053,4.0,1086468.8380370806,13.898443397215384
8068.0,1256530.99869147,253064.048439175,4.0,276386.9820434452,12.529557271515573
8069.0,1256542.67024349,253733.119927868,4.0,478804.9205616572,13.079048529475424
8081.0,1268091.8935513,240953.280362785,4.0,438705.907351853,12.991584552647993
8083.0,1263134.53764224,231150.946912736,1.0,0.0,
8084.0,1257521.95274049,237002.895526737,1.0,0.0,
8085.0,1257314.78774828,237005.620902732,4.0,544625.9515944317,13.20785451066528
8087.0,1265642.5329088,246784.232944757,3.0,140157.61671459107,11.850522901991623
16279.0,1263948.91690707,241469.901675314,4.0,12839056.425926987,16.368002366448444
8089.0,1259326.11216633,246796.890416756,4.0,73334.86574615315,11.202791432986512
8090.0,1259125.22019812,246621.321840584,4.0,92340.33179932804,11.433236289289612
8092.0,1256246.64457919,252290.068022385,3.0,40107.61370745392,10.599321463288318
8099.0,1260785.96029583,238992.853800774,3.0,11940.413762604294,9.387684039830622
8105.0,1254937.17475384,258250.771708488,3.0,3741313.0942385984,15.13494720248759
8113.0,1258288.68317327,259360.393789634,4.0,236176.63986614408,12.372335278049851
16315.0,1268516.53636774,242710.093804583,4.0,165539.23025232577,12.016963486509075
16320.0,1262830.09104992,249810.392883852,3.0,414463.13212559535,12.93473930418688
16321.0,1262842.48605794,250076.14629212,3.0,643205.2446435239,13.37421915079923
8133.0,1262563.24349765,238351.898408115,3.0,215927.8101333941,12.282699418459512
8134.0,1269554.43422481,253543.283063665,4.0,5872406.298451718,15.585775039398417
16330.0,1264787.49130793,231959.420705572,4.0,2127613.8018938582,14.57051162890101
16331.0,1259117.11063012,255742.992249921,3.0,57932.08357754483,10.96702663060328
16333.0,1256071.706595,242151.59786801,3.0,110412.56666688329,11.611979234851537
16338.0,1260337.82077537,257212.465339422,3.0,1744921.5826899775,14.372220174322363
16340.0,1254864.93443376,248920.766386941,3.0,133670.59657535364,11.803133818001522
16341.0,1256406.34864335,234539.25149221704,3.0,7224181.377744077,15.792944481424907
16342.0,1256164.0092511,234540.549412206,3.0,6140917.887092895,15.630484781962231
8153.0,1259729.20816675,253039.59051916,4.0,212311.02491482568,12.265807577171183
8154.0,1259741.06243876,253703.997943833,4.0,237427.54774195823,12.377617793776789
8155.0,1263054.80548215,261143.204223454,3.0,254290.0,12.446230627003512
8156.0,1260816.62525585,241691.268395528,4.0,682872.2877394236,13.434063133864282
16353.0,1268502.66635174,242447.536556304,3.0,87329.34827970352,11.377441862648952
16357.0,1265601.09898876,255614.235257789,4.0,199963.4407909973,12.205889832775927
8168.0,1258116.09066109,251719.682037801,4.0,41683.97561510248,10.637872056117963
16368.0,1262855.13232994,237062.344870791,4.0,241053.14888473932,12.392772722950019
8177.0,1252615.51964746,241228.327083066,3.0,132264.86110859225,11.792561714738872
8178.0,1262639.66096972,232998.561378628,3.0,330683.8563522498,12.70891808118397
16371.0,1260291.29955932,247719.728113711,4.0,106317.03223200828,11.574180779453597
16369.0,1267038.54750223,231808.671009421,4.0,510962.1718599347,13.144050838774298
16374.0,1267720.44510293,250566.812980622,3.0,1199809.1691899516,13.997673076437264
16378.0,1255895.05833882,235570.736677274,4.0,43193.17524660032,10.673437781349213
16380.0,1260995.18954404,250364.574516416,3.0,411992.881737338,12.92876135084585
